160,160,160,160,161,160,160,159,159,160,160,159,160,159,159,160,161,161,162,162,161,162,162,162,162,162,161,161,161,161,160,161,161,160,159,159,158,158,159,159,159,159,159,159,160,160,160,159,159,160,159,160,160,160,160,160,161,161,161,161,161,161,162,161,160,160,160,161,161,161,162,162,162,162,161,162,161,161,161,160,160,161,161,160,161,161,161,161,161,161,162,161,161,160,161,162,161,161,160,160,160,160,158,159,158,157,156,156,155,155,155,155,154,155,155,155,155,155,155,155,155,156,155,156,156,156,156,156,156,155,156,157,157,156,157,158,157,156,158,157,158,159,159,159,161,161,161,161,161,162,162,162,162,161,162,162,163,163,163,162,163,164,163,162,121,111,111,109,117,95,93,121,137,122,111,129,130,131,136,138,134,138,139,139,138,142,149,150,149,150,100,101,137,132,136,137,125,94,108,132
159,161,160,160,160,160,160,160,160,159,159,159,159,159,159,160,161,161,161,161,161,161,162,161,162,162,161,161,160,161,160,161,160,159,159,159,159,159,158,158,158,158,159,159,160,159,159,159,159,159,159,159,160,160,159,160,160,161,161,161,161,160,161,161,161,161,160,160,161,161,161,162,161,161,162,161,161,161,161,160,160,161,160,160,160,160,160,161,161,161,161,162,161,161,161,161,161,161,160,159,158,158,158,158,157,156,156,155,154,154,154,154,154,154,154,155,154,154,155,155,155,155,154,155,155,154,154,154,154,154,155,156,156,156,157,157,157,157,157,158,159,160,160,160,161,161,161,161,161,162,162,163,162,162,161,162,162,162,163,163,164,163,161,118,113,118,126,106,111,79,113,104,136,129,132,128,131,136,139,141,118,140,141,141,142,157,152,151,99,100,137,126,134,134,136,118,115,136,136,137
160,160,160,160,160,159,160,160,160,160,159,159,160,159,159,161,161,161,161,161,161,161,161,161,161,161,160,160,160,160,160,161,160,160,159,159,159,159,158,158,158,158,159,159,159,159,158,159,158,159,159,159,160,159,160,160,160,160,161,160,161,161,161,161,161,160,161,160,160,161,161,162,161,161,161,161,161,161,161,161,161,161,161,161,161,161,161,161,161,162,162,162,161,161,161,160,160,160,159,158,157,157,157,157,156,156,155,154,153,154,154,153,153,153,153,153,154,154,154,155,154,154,154,154,155,153,153,154,154,154,154,155,155,155,156,156,156,157,158,158,159,160,160,160,161,161,161,161,162,163,164,164,163,163,163,163,162,163,164,164,165,116,119,122,121,122,119,120,105,65,114,95,128,130,133,126,132,135,140,145,118,144,144,142,143,156,145,130,101,133,122,137,135,141,71,74,120,137,138,140
160,160,160,160,160,160,160,160,160,159,160,160,159,160,159,160,160,161,161,161,161,161,160,161,161,160,160,160,161,160,160,161,160,160,160,159,159,159,158,158,158,159,158,159,159,159,159,159,159,158,159,159,159,159,159,160,160,160,160,160,160,160,160,160,161,160,160,160,161,161,161,161,160,161,160,161,160,161,161,161,161,161,161,161,161,161,161,161,161,162,162,162,161,162,160,159,160,160,158,158,157,157,157,156,156,155,155,155,154,153,153,152,153,153,153,153,154,154,154,153,154,154,154,154,154,153,153,154,153,154,154,154,154,155,156,155,156,157,158,159,159,160,160,161,161,161,164,165,165,165,164,164,163,164,163,162,163,163,163,164,116,114,116,127,128,121,130,122,98,72,77,89,134,135,134,128,132,137,142,146,124,143,143,140,141,148,100,142,132,138,128,131,96,93,136,133,132,135,142,137
159,160,160,160,160,160,161,160,160,160,159,159,159,159,159,159,161,161,161,161,160,161,161,161,160,160,161,160,160,160,160,160,160,160,160,160,160,159,159,159,158,158,159,159,159,159,159,159,159,158,158,158,158,159,159,159,160,160,160,160,160,159,160,160,161,160,161,160,160,160,160,161,160,161,160,160,160,161,161,161,161,161,160,161,161,160,161,161,161,161,160,160,160,160,159,159,158,158,158,157,157,158,157,156,155,155,155,153,153,153,153,153,152,151,152,152,153,153,154,153,154,153,153,153,153,154,154,154,153,154,154,155,154,155,155,155,157,158,158,159,159,160,162,161,163,164,165,165,163,164,164,163,163,162,162,162,162,163,120,114,123,121,125,125,130,122,146,84,124,77,92,92,136,136,136,134,133,140,142,146,117,146,142,154,95,132,143,141,138,135,105,96,136,141,135,131,148,136,141,139
160,160,160,160,160,160,160,160,160,159,160,159,159,160,160,159,160,161,160,161,160,160,161,161,160,160,161,160,160,160,160,160,160,160,160,159,159,159,159,159,159,159,159,159,159,159,159,158,158,158,158,159,159,158,158,159,159,160,159,159,159,160,160,160,160,160,161,160,161,160,160,160,161,161,161,161,160,161,160,161,161,161,161,160,160,160,159,160,159,160,159,160,159,159,159,158,157,157,158,158,158,157,157,155,155,155,154,153,152,152,152,151,151,151,152,152,152,152,153,153,154,154,153,153,153,153,154,154,154,153,154,154,154,154,155,155,157,158,158,159,160,161,162,162,164,163,163,162,163,162,163,163,163,162,162,162,162,117,118,116,129,133,120,130,133,103,128,115,142,106,90,91,137,137,136,136,133,142,144,148,106,144,146,150,138,127,138,136,115,104,138,136,140,137,135,132,159,137,139,137
159,160,160,160,161,160,159,160,160,160,159,160,159,159,159,160,159,160,160,160,161,161,160,161,160,160,161,161,160,160,160,160,160,160,159,159,160,160,159,159,160,159,159,159,159,159,159,158,158,159,158,158,158,158,158,158,159,159,159,159,159,159,160,160,160,160,160,160,160,161,160,160,161,161,161,161,161,162,161,161,159,160,160,159,159,159,159,159,159,158,158,159,158,158,158,157,157,156,157,157,156,156,156,155,155,154,153,152,152,151,151,150,151,150,151,151,152,152,153,152,153,153,153,153,153,154,154,153,154,154,154,154,154,154,155,156,156,157,157,158,160,160,161,163,162,161,161,163,162,161,162,163,162,162,162,138,111,112,126,129,122,135,128,145,100,132,129,147,119,82,81,94,138,138,138,137,138,143,150,150,69,81,139,141,135,133,134,108,141,140,137,139,142,140,137,133,154,133,137,138
159,159,160,160,160,160,160,160,159,159,159,159,160,159,160,160,159,159,160,160,160,161,160,160,160,160,161,160,160,160,160,160,159,159,159,160,159,160,159,160,160,160,159,160,159,159,158,158,158,158,158,158,158,158,158,158,158,159,158,159,159,159,160,160,159,159,160,160,160,160,160,160,160,160,161,161,161,161,160,160,159,159,159,159,159,159,159,158,158,158,158,157,157,157,156,156,156,156,155,156,155,156,154,155,154,153,152,151,150,150,150,150,150,149,150,150,150,150,152,152,152,152,152,152,153,153,153,153,154,154,154,154,154,155,154,156,157,157,157,159,159,160,161,161,160,160,162,162,161,161,162,161,162,161,115,119,114,126,130,127,129,130,93,129,129,131,128,112,75,132,72,91,139,140,138,137,143,148,92,76,110,123,137,141,133,76,71,136,143,138,133,138,142,145,143,136,137,137,138,142
159,159,159,160,160,160,160,159,160,160,159,159,159,159,160,159,159,160,160,160,160,160,160,160,160,160,160,160,160,160,160,160,159,159,159,160,160,160,160,160,160,160,160,159,159,159,159,158,157,158,158,158,158,158,158,158,158,158,158,158,158,158,159,160,159,159,159,159,159,159,159,159,159,160,160,160,161,160,159,159,159,159,159,159,158,158,158,158,157,157,156,156,156,155,155,155,155,155,155,155,154,154,153,154,154,152,151,151,151,150,150,149,149,149,149,150,149,150,151,152,152,152,152,152,152,153,153,153,154,154,153,154,154,155,155,155,156,156,157,158,161,162,159,160,160,161,161,160,161,161,161,161,159,119,115,123,129,126,128,133,137,118,126,130,129,129,127,75,77,128,72,90,137,140,139,138,95,88,126,112,98,125,133,114,99,160,133,142,144,139,135,136,141,149,144,134,127,135,142,142
159,159,159,160,160,160,159,160,159,159,160,159,159,159,160,159,160,160,160,160,160,160,159,159,160,160,159,160,160,159,159,159,160,160,159,160,159,160,160,160,159,159,160,160,159,159,159,158,158,157,158,158,158,158,158,158,158,157,157,158,158,159,159,159,159,159,159,159,160,160,160,159,159,159,159,159,159,159,159,159,159,159,157,158,158,157,157,157,156,156,155,155,154,154,154,154,154,155,155,154,154,154,153,153,152,151,151,150,150,150,150,149,149,148,148,148,149,150,150,150,150,151,151,152,152,152,153,153,153,154,153,154,155,156,156,156,156,156,157,159,161,160,159,159,160,161,161,161,160,160,161,121,114,122,116,138,129,133,129,156,125,125,127,131,129,130,127,84,108,84,82,91,142,140,132,152,70,119,116,112,103,103,98,136,140,162,135,142,145,139,141,137,147,148,141,134,129,137,141,143
159,159,159,159,159,160,160,160,160,159,159,159,159,159,159,160,160,160,160,159,159,160,160,159,160,159,159,160,160,160,160,160,160,159,160,160,160,159,160,159,159,160,159,159,159,159,159,158,158,159,158,158,158,158,158,157,157,158,157,157,157,158,158,159,158,158,159,160,160,159,159,158,158,158,158,158,158,159,159,158,159,158,158,158,157,157,156,156,155,154,154,154,154,154,154,154,154,154,155,154,153,153,152,152,151,150,149,149,149,149,150,148,148,149,149,148,148,148,149,150,150,150,151,152,151,151,152,153,153,154,154,154,155,156,156,156,157,157,157,159,159,159,160,159,159,159,160,160,160,156,107,121,124,140,124,128,134,117,125,124,126,128,126,130,127,130,128,95,103,80,87,87,141,157,100,135,118,109,112,89,127,134,134,141,141,166,136,142,144,142,141,143,147,146,141,137,129,141,144,99
158,158,159,159,159,159,160,159,159,159,159,159,159,159,159,160,160,159,160,159,159,159,160,159,160,160,159,160,160,160,160,159,160,160,160,159,160,159,159,159,159,160,159,159,159,159,159,159,158,158,158,158,158,158,158,158,158,158,158,157,158,159,159,158,159,159,159,160,159,158,158,158,157,158,157,157,158,158,158,157,158,157,157,157,156,156,155,155,154,153,154,153,153,153,152,153,152,152,152,152,152,152,152,151,150,150,150,149,149,149,148,148,148,148,148,147,147,149,148,149,149,149,149,150,151,151,151,152,152,153,153,154,155,156,156,157,157,158,157,158,158,158,158,158,159,159,159,159,121,113,123,129,132,130,127,128,117,123,124,123,125,126,125,130,128,132,129,92,100,113,91,100,104,145,136,113,111,111,69,134,132,134,140,139,138,167,137,142,144,141,140,143,142,141,141,138,133,98,118,67
158,158,159,159,159,159,159,159,159,160,159,159,159,159,160,159,159,160,159,160,160,160,160,160,160,159,160,160,160,159,159,159,160,159,159,159,159,159,160,159,160,160,159,159,159,159,159,158,158,158,158,158,158,157,158,158,158,159,159,159,159,159,158,158,158,159,159,159,158,157,157,157,157,158,157,156,157,157,156,156,155,156,157,156,155,156,154,154,153,153,153,152,152,152,152,152,152,152,153,152,151,151,151,150,150,149,149,149,148,148,148,147,147,147,147,147,147,148,148,148,148,150,149,149,151,151,151,152,152,153,153,153,154,155,156,156,157,156,156,156,156,157,157,158,158,158,158,115,123,139,120,126,125,132,107,123,118,125,124,122,124,126,127,130,129,123,129,113,121,113,89,108,137,132,124,105,58,65,137,144,138,136,138,139,134,166,136,140,143,141,140,139,139,143,141,120,114,66,117,104
158,158,159,158,159,159,159,159,159,159,159,159,159,159,159,159,159,159,159,160,159,159,159,160,160,159,159,159,159,159,159,159,159,159,159,159,159,159,159,160,159,160,159,159,159,159,158,158,158,158,158,158,158,158,158,158,158,159,158,158,158,159,158,159,159,158,158,157,158,157,156,156,157,156,156,156,156,156,155,156,156,156,156,157,155,154,154,153,152,152,152,152,151,151,152,151,152,151,152,151,151,150,149,149,148,148,148,148,147,147,147,146,146,146,146,146,147,147,148,147,148,148,149,149,149,150,150,151,151,152,152,153,153,153,154,154,154,155,155,155,155,155,157,157,158,117,116,127,132,130,121,131,134,95,121,124,116,124,125,121,123,126,125,132,142,127,127,105,128,109,89,117,133,124,91,107,132,134,147,145,140,136,137,137,135,162,136,142,144,143,136,141,138,135,116,66,105,108,105,104
158,158,159,158,159,159,159,159,159,159,159,159,159,159,159,159,159,159,159,159,159,159,159,160,159,159,159,159,159,159,159,159,159,160,159,159,159,159,160,160,160,159,159,159,159,158,159,158,159,158,158,159,159,158,158,158,158,158,158,158,158,159,159,158,158,157,157,157,157,156,156,156,156,156,155,155,155,155,154,154,155,154,155,156,155,154,153,152,152,152,151,151,150,150,150,151,152,152,152,151,150,149,149,148,148,148,147,147,147,146,146,146,146,146,146,146,146,147,147,148,148,149,148,149,149,149,149,150,151,151,151,152,152,152,152,152,152,153,153,154,155,155,156,155,115,113,127,121,126,132,132,94,116,117,122,124,112,125,123,121,122,100,95,132,139,127,109,89,97,119,116,112,103,121,135,132,140,143,148,146,144,135,138,136,137,152,140,146,143,139,129,137,122,69,118,112,94,109,105,109
158,158,158,158,158,158,158,158,159,158,158,159,158,159,159,159,159,158,159,159,159,159,159,159,159,158,159,159,159,159,159,158,159,159,159,159,159,159,159,160,159,159,159,159,158,158,158,158,158,159,158,158,158,158,158,158,158,158,158,157,158,157,157,157,156,156,156,156,156,155,155,155,154,155,154,153,153,153,153,153,153,153,153,154,154,153,153,152,151,151,150,150,150,149,150,150,150,150,151,149,149,148,148,149,148,147,146,146,145,145,145,146,145,145,146,146,146,146,147,147,148,148,147,148,148,148,149,149,150,150,151,151,152,151,151,152,152,152,153,154,154,155,113,109,116,129,135,124,129,130,88,117,119,119,121,123,107,124,123,118,117,138,107,132,83,134,134,100,108,106,115,91,134,138,139,138,141,145,149,146,138,140,141,139,141,143,142,143,140,137,113,67,109,108,105,110,96,103,99,64
157,158,158,158,158,158,159,158,158,158,158,158,158,158,158,159,159,159,158,159,158,159,159,159,159,159,159,159,159,159,158,159,159,159,159,160,159,159,159,159,159,159,159,158,158,159,158,159,158,158,158,158,158,158,158,158,158,158,158,157,156,156,156,156,155,155,154,154,154,154,154,154,153,153,153,152,152,153,154,152,153,153,153,153,153,153,153,152,152,151,151,150,150,149,149,149,149,148,149,148,148,148,148,147,147,146,146,145,144,144,144,145,145,147,146,145,146,145,146,146,146,147,147,147,148,148,148,149,149,149,150,150,150,151,151,151,152,153,153,154,155,116,114,121,132,129,135,125,85,113,118,118,120,119,122,123,102,121,134,143,131,139,106,102,130,135,135,107,109,108,92,81,139,138,141,141,142,146,149,147,141,138,140,140,139,134,138,137,121,67,112,103,106,103,110,114,59,73,112,141
157,157,158,158,158,158,158,158,158,158,158,158,158,158,158,158,158,158,158,158,158,158,158,158,158,158,159,158,158,158,158,159,159,159,159,159,159,159,160,159,159,159,158,159,158,158,159,158,158,158,158,158,159,158,158,158,158,157,157,157,156,155,155,154,154,153,154,154,153,153,153,153,152,152,152,151,151,152,152,152,152,152,151,152,152,152,152,152,151,151,150,149,149,149,149,149,149,148,148,148,148,147,147,147,146,145,146,145,144,144,145,146,146,145,145,144,145,145,145,145,145,146,146,147,147,147,148,148,149,149,149,149,149,150,150,152,152,152,153,124,117,124,125,128,129,127,132,99,114,118,120,119,120,119,121,121,87,126,111,137,130,114,121,124,133,135,135,139,103,103,82,77,141,141,144,142,143,147,149,147,139,138,140,141,138,127,131,75,115,104,104,106,106,109,66,95,94,136,142,139
157,157,157,157,158,158,158,158,158,158,158,158,158,158,158,158,157,157,158,157,158,158,158,158,158,158,158,158,159,158,158,159,158,159,158,158,158,159,158,158,159,158,158,159,158,159,158,158,158,158,159,158,158,158,158,158,157,157,156,156,156,156,155,154,154,153,153,152,152,152,152,152,151,151,151,151,151,151,150,151,151,151,151,151,151,151,152,152,151,150,150,150,149,149,149,148,149,148,147,147,146,147,146,146,146,145,145,145,144,144,145,145,145,144,144,144,144,144,144,145,145,145,145,145,146,147,147,148,147,147,148,148,149,149,150,152,152,151,119,113,122,121,120,125,136,110,97,114,114,118,119,119,120,120,119,109,114,135,129,99,120,123,120,125,133,136,135,137,148,89,73,79,142,142,145,143,142,146,149,145,141,138,138,138,152,87,119,107,110,109,107,109,73,107,136,133,135,136,139,136
156,156,157,157,157,157,157,158,158,157,157,158,157,157,157,158,158,158,158,157,157,157,158,158,158,158,158,158,158,158,158,158,159,158,158,158,158,158,159,158,158,158,159,158,158,158,158,158,158,158,158,158,158,158,158,157,157,157,156,156,155,155,155,155,154,154,153,152,152,152,152,151,151,150,150,150,150,150,149,150,150,149,150,150,151,151,151,151,151,150,151,150,149,149,148,148,148,148,147,147,147,146,146,145,145,145,145,145,144,144,145,146,145,145,144,144,144,144,145,144,145,145,145,146,146,146,147,147,147,147,148,148,149,149,151,151,132,112,126,133,134,123,132,133,109,112,109,117,115,118,118,119,120,101,138,132,123,123,117,123,124,123,121,127,135,135,134,78,120,85,62,76,144,140,146,143,143,146,147,142,138,133,148,96,133,109,110,114,114,102,73,90,135,140,138,137,137,135,138,136
156,157,157,157,157,157,157,157,157,157,157,157,157,157,157,157,158,157,157,157,157,157,158,158,158,158,158,158,158,158,157,157,158,158,158,158,157,158,158,158,158,158,158,158,158,158,158,158,157,157,158,157,158,158,157,157,158,156,156,155,155,155,155,155,154,154,153,152,152,153,151,151,151,151,150,150,150,149,150,149,149,149,149,149,150,149,150,150,150,150,150,150,149,148,149,148,148,148,147,147,146,146,146,145,144,144,145,144,145,145,146,145,145,144,145,144,145,145,145,146,145,146,147,147,148,148,147,147,148,148,148,149,150,150,150,120,119,120,124,124,126,123,148,116,111,113,139,117,114,119,118,105,95,133,123,136,139,121,124,127,127,124,122,130,136,135,134,78,83,87,61,74,143,143,145,143,143,147,146,141,109,77,139,134,115,104,109,109,94,67,145,139,140,139,137,136,136,134,140,140
156,156,157,157,156,157,157,157,157,157,157,157,157,157,157,156,157,156,158,157,157,157,157,158,158,158,158,158,158,158,158,158,158,158,158,158,158,157,158,157,158,158,158,157,158,158,158,158,158,158,157,157,157,157,157,157,158,157,156,156,156,155,155,155,155,155,155,154,154,154,153,153,152,151,150,151,150,149,149,150,149,149,149,148,149,148,149,148,149,149,149,148,149,149,148,147,147,146,146,146,145,145,145,144,145,145,145,145,144,145,145,146,145,145,144,145,145,145,146,146,148,149,150,149,149,149,148,147,148,148,148,149,150,142,117,115,131,126,125,133,109,111,117,117,113,114,127,117,114,118,118,134,146,135,104,115,147,122,126,126,128,124,126,133,136,108,106,102,80,114,57,78,144,143,145,142,144,143,129,71,113,125,130,122,110,101,94,68,144,137,137,140,140,140,138,132,136,134,138,141
156,156,157,156,156,157,156,156,156,156,156,156,156,157,156,157,157,156,157,157,157,157,157,157,158,157,158,158,158,157,157,157,157,158,157,157,158,158,157,158,157,158,157,157,158,158,157,157,158,158,157,157,157,157,158,157,157,157,158,157,157,156,156,156,156,155,156,156,156,154,154,153,153,152,152,152,152,151,150,150,149,149,149,149,148,148,148,148,148,148,148,148,148,147,147,147,146,146,146,145,144,144,144,145,145,145,145,145,145,145,145,146,146,145,145,146,145,146,147,148,150,151,151,153,151,150,149,149,148,148,149,148,117,116,125,131,122,126,129,93,113,111,118,118,114,114,133,117,105,136,137,134,100,117,114,115,153,124,127,127,129,126,129,136,113,142,138,104,86,119,66,82,143,143,142,142,129,68,114,113,102,123,119,101,86,87,139,134,140,140,137,140,140,138,135,134,135,134,136,136
156,156,156,156,156,157,156,156,156,156,157,156,156,156,156,156,157,157,157,157,157,157,157,157,157,157,157,158,157,157,157,157,157,157,157,157,157,157,157,157,158,157,158,157,157,157,157,158,158,157,157,157,157,157,158,158,157,157,158,158,158,158,158,158,158,158,157,157,158,157,157,155,154,153,153,153,152,151,151,150,150,149,150,148,148,148,147,147,147,147,146,146,146,146,146,146,145,145,144,144,144,145,144,144,145,145,146,146,146,146,147,146,146,146,146,146,147,147,149,150,152,153,153,155,153,152,150,149,149,149,147,113,115,130,126,128,131,98,109,108,112,110,117,118,112,113,121,111,139,136,148,90,120,118,115,115,147,124,126,127,127,126,107,147,142,137,134,84,86,86,65,94,143,139,136,64,117,108,114,112,106,105,83,87,129,140,136,134,139,140,134,139,139,140,137,133,136,134,136,137
155,155,156,156,156,156,156,156,155,156,156,157,157,156,156,156,157,156,157,157,156,157,157,157,157,157,157,157,157,157,157,157,157,157,157,157,157,158,157,157,158,158,158,158,158,158,157,158,157,158,158,157,157,157,158,157,157,157,158,158,157,157,158,158,157,158,158,158,158,158,158,157,156,155,154,154,154,152,152,151,150,150,149,148,148,147,146,146,145,145,145,145,145,145,145,145,144,143,143,143,143,144,144,145,145,146,147,147,147,146,146,147,146,147,147,147,149,149,150,151,153,155,155,154,152,151,150,150,149,117,115,124,124,122,134,135,100,108,111,108,111,109,117,117,112,118,108,133,132,110,114,106,116,118,114,125,135,125,126,126,155,150,138,142,139,99,132,90,89,90,58,105,134,67,119,113,113,114,112,103,68,79,126,131,131,142,137,135,138,140,136,138,139,139,136,132,134,135,136,137
155,155,155,156,156,156,156,155,156,156,156,156,156,156,156,156,156,156,156,156,156,156,157,157,157,156,156,157,157,157,157,157,157,157,157,157,157,158,157,157,157,157,157,158,158,157,158,158,157,157,157,157,157,157,157,157,157,157,158,157,158,157,158,158,158,158,157,158,157,157,157,157,157,156,155,155,153,152,152,150,150,149,148,148,147,147,146,146,145,145,144,144,143,144,144,144,142,143,143,143,144,145,145,145,146,146,147,146,147,146,146,147,147,148,148,148,150,152,152,152,153,153,153,152,152,151,150,148,123,115,132,129,130,134,95,105,108,108,109,110,109,111,118,146,146,135,125,111,119,110,116,103,116,118,115,119,131,122,136,92,140,142,140,84,132,135,133,89,97,100,55,115,111,112,111,112,112,106,61,68,129,129,131,132,130,141,134,133,136,140,138,136,138,139,138,135,134,134,134,135
156,155,156,156,155,155,156,155,155,156,156,156,155,156,155,156,156,156,156,156,156,156,156,157,156,157,156,157,156,157,156,156,157,156,156,157,157,157,157,157,157,157,158,158,157,157,157,158,157,157,158,157,157,157,157,157,156,158,158,157,157,158,157,157,158,157,157,157,157,156,156,156,156,156,155,153,153,153,151,150,150,148,148,147,147,146,146,145,145,144,144,143,143,142,142,143,142,142,143,143,144,144,145,145,146,147,148,148,147,147,146,148,149,150,150,151,151,153,153,154,153,152,151,151,150,150,121,114,128,127,121,138,128,90,110,108,108,108,110,108,108,109,96,120,142,147,114,124,122,113,117,99,119,118,117,119,122,118,137,141,136,115,133,134,135,135,136,93,104,104,68,117,108,107,113,105,43,51,136,137,135,132,131,131,131,137,134,134,135,137,134,124,137,138,138,135,133,133,132,92
155,155,155,155,155,155,155,155,155,155,156,156,155,155,156,156,156,156,156,156,156,156,156,156,157,156,157,157,156,156,157,156,156,156,156,157,157,157,157,157,157,157,157,158,158,158,157,157,158,157,158,157,156,156,157,157,157,157,157,158,157,156,156,156,156,158,156,156,156,156,156,155,155,155,153,153,152,151,151,150,149,148,148,147,147,147,146,146,145,144,143,143,143,142,142,142,142,143,142,143,144,144,145,146,146,147,148,148,148,148,148,150,151,153,153,153,153,155,154,153,152,153,151,153,151,118,123,123,126,123,136,95,107,108,110,108,109,109,109,105,139,131,138,130,161,117,126,123,123,113,116,97,124,117,114,127,141,139,138,119,117,136,134,137,132,135,135,95,103,110,103,120,110,112,57,70,138,139,139,137,136,135,132,132,133,137,135,134,134,135,135,117,136,138,136,135,117,109,73,63
154,155,155,155,155,155,155,155,155,155,155,155,155,155,156,156,156,156,156,156,156,156,156,156,156,157,156,156,156,156,157,157,156,157,157,157,156,157,157,158,158,157,158,158,158,158,158,157,157,157,157,157,156,157,156,157,156,156,158,158,157,156,157,155,155,156,156,154,155,155,154,153,154,154,153,153,152,150,150,150,149,148,148,147,147,147,146,145,145,144,144,143,143,143,142,142,143,142,143,143,144,145,146,146,149,149,150,150,151,150,150,151,151,152,154,154,155,156,155,153,151,151,151,119,126,124,116,122,128,129,101,113,108,106,109,106,109,109,106,150,134,129,97,110,119,118,123,122,122,115,115,93,131,130,139,139,132,117,87,127,132,137,135,138,131,134,134,103,107,111,97,120,83,109,142,138,137,138,143,137,136,143,133,133,132,137,134,132,135,134,134,94,137,137,80,135,65,84,113,107
154,155,155,155,155,155,155,155,155,155,155,155,155,155,155,155,155,155,155,156,155,156,156,156,156,156,156,156,156,157,156,156,157,156,156,157,156,156,157,156,157,157,158,158,158,158,158,158,157,157,157,157,157,157,156,156,156,156,157,157,157,156,156,155,155,154,154,153,153,153,153,153,152,152,153,152,151,150,149,149,148,148,148,147,147,146,146,145,145,145,144,144,143,143,142,142,142,142,142,142,144,145,148,149,151,151,153,154,155,154,153,153,154,155,156,157,156,157,156,153,151,151,128,135,139,126,132,130,108,106,111,113,109,105,108,112,107,106,137,136,115,110,108,111,121,117,124,121,122,114,114,123,141,144,140,135,119,127,130,128,135,134,135,136,132,135,133,147,102,111,70,120,135,141,145,140,136,138,146,139,138,145,134,134,134,135,135,131,135,134,133,74,92,129,65,112,105,101,104,100
154,154,154,155,155,155,155,155,155,155,155,155,155,155,155,155,156,155,155,155,156,156,156,155,155,156,156,156,156,156,156,156,156,157,156,157,156,156,157,157,157,157,158,158,159,158,158,158,157,157,157,157,157,157,157,157,157,156,156,157,157,155,155,155,154,154,153,152,152,152,152,152,150,152,151,151,150,149,149,148,148,148,148,147,147,146,145,145,145,144,145,144,143,143,143,141,142,142,143,143,145,146,148,151,151,153,155,155,155,155,155,156,156,155,157,156,157,157,155,154,129,129,135,127,121,128,138,105,107,107,111,112,109,107,115,144,134,139,132,111,115,116,112,116,122,119,122,122,121,150,147,130,139,138,106,120,132,131,131,125,136,136,134,138,133,135,110,91,128,111,72,125,140,144,145,140,141,141,148,139,138,148,134,133,133,135,132,131,133,130,66,65,60,111,113,107,108,100,99,93
154,154,154,154,155,154,154,155,155,155,155,155,155,155,155,155,155,155,155,155,156,155,155,155,156,155,156,156,156,156,156,156,156,156,156,156,156,157,156,157,156,157,158,159,158,158,158,157,158,157,157,157,157,157,157,157,157,157,157,157,156,156,156,155,154,153,153,152,152,152,151,150,150,150,150,150,150,148,148,148,148,147,146,147,147,146,146,145,145,144,144,143,143,143,142,142,142,142,142,144,145,146,149,153,154,155,155,156,157,156,157,155,155,157,155,155,157,156,154,128,137,141,127,130,133,147,131,108,106,107,109,110,106,115,139,141,136,111,108,107,118,119,111,114,119,117,117,137,98,139,140,132,118,111,119,124,127,131,132,131,136,140,138,138,119,113,147,91,142,108,91,120,142,145,146,142,140,142,149,137,137,148,133,132,133,133,132,64,72,64,111,99,112,106,82,98,99,108,58,75
154,154,154,154,154,154,154,154,154,154,155,155,155,155,155,155,155,155,155,155,155,155,156,155,156,156,156,157,156,156,156,156,156,156,156,156,157,156,157,157,157,157,158,158,159,159,158,158,157,158,157,157,157,156,157,157,157,157,157,157,157,156,156,155,155,154,153,152,152,152,152,152,151,150,150,150,149,149,148,148,147,147,147,147,147,146,146,145,144,145,144,144,143,142,142,143,143,143,144,145,147,148,151,155,156,156,156,157,156,157,157,157,157,156,155,155,155,142,126,133,128,128,133,134,111,109,128,107,107,107,109,108,111,137,134,97,118,117,108,107,117,119,112,115,120,124,102,142,142,138,109,83,111,114,120,125,119,132,132,139,134,139,125,136,145,135,132,134,96,134,97,117,141,144,145,141,141,144,149,147,137,146,132,132,131,102,74,66,117,108,106,93,106,107,62,59,91,63,136,136
154,154,154,154,154,154,155,154,154,154,154,154,154,155,155,155,155,155,155,155,155,155,155,155,155,155,156,155,156,156,156,156,156,156,157,156,157,157,157,158,158,158,157,157,159,156,157,158,157,158,157,156,157,156,156,156,156,157,156,156,156,156,155,155,155,155,154,153,153,152,153,153,152,152,150,150,149,149,149,148,147,148,147,147,148,147,146,146,144,144,144,143,143,143,142,143,143,143,144,146,146,149,151,153,157,156,156,157,157,156,157,157,157,156,156,156,126,132,141,133,133,139,157,111,113,109,124,107,108,106,116,140,139,136,88,106,116,117,109,107,117,118,112,111,123,133,133,145,87,112,116,81,117,115,121,125,119,133,132,138,102,140,141,139,141,133,150,94,97,109,108,120,139,141,143,141,140,143,145,136,136,135,116,89,65,75,114,114,108,108,101,101,92,67,121,110,112,134,136,135
154,154,154,154,154,154,154,154,154,154,154,154,154,155,154,155,155,155,155,155,156,155,155,156,155,155,155,155,156,156,156,157,156,157,157,158,158,158,158,157,158,158,157,157,157,156,156,156,157,157,157,156,156,156,156,156,156,156,156,156,155,155,155,154,154,154,154,154,154,154,153,153,153,152,152,152,151,150,149,148,148,148,147,147,148,148,148,146,145,145,145,144,144,144,143,144,144,144,145,146,147,149,151,153,156,156,157,157,157,157,158,157,157,158,154,131,135,120,125,132,138,109,108,112,112,109,120,107,103,110,140,134,107,114,104,105,117,118,109,107,116,116,104,141,138,140,95,112,112,112,118,92,118,116,121,125,118,132,98,139,140,136,139,139,103,128,127,97,106,122,101,118,136,136,139,139,142,144,148,137,69,111,67,114,111,103,104,106,104,91,70,63,59,109,109,110,110,129,134,133
153,154,154,153,154,154,154,154,154,154,154,154,154,154,154,155,154,155,155,155,155,156,155,155,156,155,156,155,155,156,156,156,156,156,158,158,158,158,157,158,158,158,158,158,156,156,156,157,157,156,157,157,157,156,156,156,156,155,156,155,155,155,155,154,155,154,154,155,155,154,153,154,153,153,152,151,151,151,151,150,150,149,149,149,149,148,148,147,146,146,145,145,145,144,145,144,145,146,147,148,150,151,153,154,156,156,157,156,156,156,156,156,156,123,133,140,123,128,130,109,111,114,110,112,112,107,117,116,142,140,95,106,116,117,104,106,117,118,110,106,148,142,141,138,123,110,110,114,117,113,118,94,118,116,120,123,92,140,142,126,143,142,110,133,136,132,130,95,104,143,103,122,136,136,136,137,142,143,73,94,72,111,113,111,107,103,104,85,68,68,130,78,108,108,111,109,108,126,135,134
153,154,154,154,154,154,153,154,154,154,154,154,153,154,154,154,154,155,155,155,155,155,155,155,155,155,155,155,155,156,156,156,156,156,158,158,158,158,158,158,158,158,158,156,156,156,157,156,156,156,157,156,157,156,156,156,156,156,155,155,156,156,155,155,155,155,155,154,154,155,154,154,153,153,152,152,152,152,152,151,151,151,150,149,149,149,148,147,147,147,147,146,146,147,147,147,148,149,149,150,153,154,154,155,156,156,156,157,157,157,157,156,129,138,115,129,136,137,114,112,110,115,110,111,108,136,147,138,130,109,106,110,116,117,104,106,116,116,148,146,138,134,103,72,109,112,113,115,116,114,118,108,117,117,110,129,139,139,140,122,110,135,136,134,136,127,130,93,105,139,108,122,139,139,139,136,77,67,52,112,110,83,104,106,97,76,50,62,135,128,129,82,105,107,108,109,108,129,133,134
153,154,153,154,154,154,155,153,154,153,154,153,154,154,154,154,155,154,154,154,155,155,155,155,155,155,155,155,155,155,155,155,155,156,158,158,158,158,158,158,158,157,157,156,156,156,156,156,156,156,156,156,157,156,156,156,156,156,156,156,155,155,155,155,155,155,155,155,154,154,154,153,153,153,153,153,152,152,151,151,151,151,150,150,149,148,149,148,148,148,148,148,148,150,150,149,152,152,152,152,155,156,157,157,157,157,156,156,157,158,127,132,140,138,132,132,108,111,117,111,109,117,110,104,93,137,126,114,116,114,108,110,116,117,105,108,116,87,140,128,143,103,87,86,111,113,112,115,116,116,118,119,106,98,147,140,137,140,149,117,126,133,135,136,136,127,133,95,95,104,109,121,138,78,131,71,112,116,110,102,96,102,92,74,79,113,139,140,136,140,136,89,123,106,107,106,103,131,132,130
153,153,154,154,153,153,154,153,154,154,153,154,153,154,154,154,154,155,155,155,154,154,155,154,155,155,155,155,155,155,155,155,155,156,156,157,157,158,158,157,157,157,157,157,155,156,156,156,156,156,156,156,156,156,156,156,156,156,156,156,155,155,155,155,155,155,154,154,154,153,153,153,153,153,153,152,152,152,152,152,152,151,150,150,149,150,149,149,148,148,149,149,150,152,153,154,153,153,154,154,156,157,157,156,156,157,156,156,157,129,137,109,132,131,117,95,108,111,115,113,114,117,116,141,135,94,118,110,116,114,108,108,115,116,95,120,142,144,137,108,109,107,87,98,108,114,113,114,115,114,104,86,136,135,143,121,99,121,128,100,126,131,134,135,135,129,129,107,102,86,111,117,83,63,110,113,111,107,101,99,74,66,61,120,99,117,137,136,140,140,141,92,113,120,105,99,118,132,130,142
153,154,154,154,153,154,153,154,154,154,153,153,154,154,154,154,154,154,154,154,155,154,154,155,155,155,155,155,155,155,155,155,155,155,155,155,156,156,157,157,157,157,157,156,156,156,156,156,156,156,156,155,156,156,156,156,156,156,156,156,155,155,155,154,154,154,154,154,153,153,152,152,153,152,152,151,151,151,151,151,152,152,150,150,150,150,150,150,150,150,152,152,152,153,153,154,154,154,154,155,155,156,156,157,157,156,156,156,156,140,138,135,138,118,110,101,109,109,119,110,112,150,135,138,97,107,119,111,116,115,107,107,113,150,141,142,138,157,109,109,109,107,84,98,110,112,112,113,97,85,140,113,145,99,102,128,137,124,129,100,126,130,133,134,134,127,129,104,93,83,112,101,110,111,107,107,106,102,72,89,133,113,112,111,110,112,135,136,141,137,141,84,124,118,102,114,106,139,135,133
153,153,153,154,154,153,153,154,154,153,154,154,153,154,154,154,154,154,154,153,154,154,154,155,154,154,155,155,155,155,155,155,155,155,155,155,155,156,155,156,156,156,156,156,156,156,156,156,157,156,155,155,157,156,156,155,155,155,155,155,155,155,155,155,154,154,153,152,152,152,152,152,152,152,152,151,151,151,152,152,153,151,150,150,150,151,151,151,152,153,153,154,154,154,155,155,154,155,155,155,155,156,156,156,157,156,156,156,156,130,130,97,109,109,110,98,109,108,114,97,136,125,134,117,114,109,115,111,118,114,108,103,141,137,134,158,111,111,107,109,110,108,87,87,107,110,109,85,138,146,139,97,119,123,127,131,138,125,128,90,125,128,133,132,131,108,144,141,86,72,95,112,107,109,99,87,86,64,139,139,131,106,105,107,108,112,133,137,142,136,141,84,124,107,116,106,106,143,131,129
153,154,154,153,153,153,153,154,153,154,153,153,153,153,153,154,154,154,154,153,154,154,154,154,154,154,154,155,155,154,155,155,155,154,154,154,155,154,154,155,155,156,156,156,155,157,156,156,156,156,156,154,155,156,156,155,155,155,155,155,155,154,154,154,154,154,153,153,153,152,153,153,153,153,153,153,153,152,152,152,152,151,152,152,152,152,152,153,155,156,155,155,154,154,155,155,155,155,156,156,157,157,156,156,156,156,156,156,155,128,98,98,110,108,105,98,118,107,137,132,101,102,109,117,114,110,113,111,118,155,153,137,136,100,107,106,111,113,107,108,108,107,84,95,116,101,145,141,141,92,110,121,125,126,127,129,137,124,126,84,126,127,133,97,97,140,137,83,120,51,118,109,108,81,122,147,120,138,135,130,130,103,105,106,106,114,130,139,147,143,132,82,109,103,102,104,109,133,128,128
152,153,154,154,153,153,153,153,153,153,153,153,153,153,153,154,153,153,154,154,154,154,154,154,154,155,155,155,154,154,155,154,155,155,154,155,156,155,155,154,154,155,155,155,155,156,156,156,155,156,156,156,155,155,155,155,155,156,155,155,155,155,155,153,154,153,154,153,153,154,154,153,154,154,153,153,153,153,154,153,153,154,154,154,154,155,155,156,156,155,155,155,155,154,154,155,155,155,157,156,156,155,156,155,156,155,156,156,156,107,108,96,109,108,106,96,127,136,113,85,110,108,108,118,114,109,117,99,101,140,148,97,79,86,105,106,110,110,106,107,108,107,115,114,137,142,139,90,112,114,117,130,125,128,127,128,136,123,126,84,125,90,86,136,140,139,136,95,119,68,115,97,62,144,145,140,97,136,130,130,130,104,103,105,106,116,132,132,137,133,130,75,117,103,103,102,106,91,108,133
152,152,153,153,152,153,153,153,153,152,153,153,153,154,153,153,153,153,153,153,154,153,153,153,154,154,154,154,154,154,154,155,154,154,154,154,154,154,155,156,154,154,154,154,154,155,156,155,156,156,155,156,156,156,155,155,156,155,155,155,155,155,155,155,154,154,154,154,154,154,154,154,155,154,154,154,154,154,155,154,155,156,156,156,156,156,156,156,156,156,155,155,155,154,155,155,155,155,156,156,156,156,156,155,156,155,156,155,155,107,105,99,108,106,106,141,137,114,105,109,109,103,108,116,114,105,125,146,150,135,106,114,88,84,105,105,109,111,104,120,158,137,141,145,123,147,110,112,111,117,118,129,125,128,127,128,135,123,110,96,148,140,143,140,139,90,143,129,149,94,97,115,141,140,141,135,70,132,129,130,130,105,102,103,104,108,132,131,135,142,132,71,107,102,103,77,68,68,61,107
152,152,153,152,152,153,153,152,153,153,152,153,153,153,153,153,153,153,152,154,154,153,154,153,153,153,154,154,153,154,154,154,154,154,154,154,154,155,154,155,154,154,154,154,154,155,155,154,154,156,155,133,112,155,156,156,155,156,156,156,155,155,155,154,154,154,154,153,154,154,154,154,154,154,154,154,154,155,156,156,156,155,155,156,156,155,156,156,156,155,156,155,154,154,154,154,155,155,155,155,156,156,155,156,155,155,155,154,155,108,106,100,110,144,140,86,106,110,104,110,110,105,107,117,113,144,141,147,95,113,114,114,87,85,103,104,108,117,104,136,140,140,127,149,99,115,128,112,112,117,118,128,124,127,127,129,96,111,147,133,143,138,106,104,128,136,139,120,118,76,88,122,139,140,136,143,64,138,130,129,130,106,102,102,102,112,132,129,132,132,135,69,82,118,87,66,110,89,97,98
152,152,152,152,152,152,152,152,152,152,152,153,152,152,153,153,153,152,153,153,154,153,154,153,153,153,154,154,154,154,153,154,154,154,154,154,154,154,154,154,154,154,154,154,155,155,154,155,154,154,155,125,108,156,155,156,156,156,155,156,156,155,155,154,154,153,153,153,153,154,154,154,154,154,154,154,155,155,155,155,156,155,156,156,155,156,156,156,156,156,155,155,155,154,154,154,154,154,154,154,154,154,154,154,154,155,154,155,155,111,107,73,139,142,89,114,107,108,104,111,109,111,156,150,144,140,135,106,112,113,114,112,90,85,104,117,160,134,140,139,139,111,119,119,102,117,141,111,112,117,118,130,124,127,98,95,136,134,144,133,116,101,128,132,133,133,140,102,88,95,83,122,139,141,137,141,58,136,134,130,129,106,104,102,103,106,129,127,133,120,135,63,63,107,97,97,97,89,93,94
152,152,152,152,152,152,152,152,152,152,152,152,152,152,152,152,152,153,152,152,152,153,153,153,153,153,153,153,153,154,153,153,153,154,154,154,154,154,154,154,154,154,154,154,154,154,154,154,154,155,155,115,112,156,156,156,156,155,156,154,154,154,154,153,154,154,154,154,154,154,153,154,154,153,154,154,154,154,154,155,155,155,155,155,155,155,156,155,155,155,155,155,154,154,154,153,154,154,153,153,154,154,153,154,154,154,154,155,154,151,136,135,109,106,109,116,108,108,99,108,115,152,144,139,126,109,153,107,113,112,113,114,90,87,153,136,142,143,143,109,116,117,118,120,103,120,141,112,109,117,116,120,106,143,151,146,141,134,124,153,123,127,131,133,134,132,143,94,117,107,81,123,142,143,137,135,69,133,131,130,129,106,104,102,99,102,101,136,129,63,108,91,96,100,96,97,95,85,90,102
152,152,152,152,152,152,152,152,152,152,152,152,152,152,152,153,152,152,153,153,153,153,152,153,153,153,153,153,153,153,154,153,153,153,153,153,153,153,153,153,154,154,154,154,154,154,154,154,154,154,154,94,82,155,154,155,155,154,154,154,154,154,154,154,154,154,154,153,153,153,154,153,153,153,153,153,153,153,154,154,155,155,155,155,155,155,155,155,154,155,155,154,153,153,153,153,152,153,153,153,153,153,153,153,154,153,154,154,154,137,85,106,112,110,109,113,108,107,92,90,142,138,94,106,106,107,154,107,113,113,114,113,156,144,142,145,149,129,106,107,117,117,118,120,101,119,132,111,110,102,123,140,149,143,143,95,87,118,123,156,126,130,133,134,133,129,140,95,110,90,84,120,136,142,135,137,68,131,127,127,126,105,99,100,70,78,64,112,101,100,98,96,98,97,97,93,102,88,83,63
152,151,152,152,151,152,151,151,152,152,152,152,152,152,153,152,152,153,153,152,152,153,153,153,152,153,153,153,153,153,153,153,153,153,154,154,153,153,153,153,153,153,154,154,154,154,154,154,154,154,100,95,85,100,154,154,154,154,154,154,154,154,154,154,154,153,154,154,154,154,153,154,154,153,154,153,153,155,154,155,154,155,154,154,154,155,155,155,155,154,155,154,154,154,153,153,153,153,153,153,153,153,153,153,153,153,154,153,153,94,106,108,113,109,110,111,103,98,142,142,89,104,106,106,106,108,156,107,111,112,100,135,141,144,142,95,105,106,107,105,117,117,118,119,106,119,109,95,91,145,148,137,145,90,118,119,113,118,125,159,127,129,129,133,133,130,133,93,100,141,72,108,138,139,133,133,68,131,125,125,125,65,96,72,108,102,94,99,100,99,97,92,89,105,75,64,67,63,123,123
152,152,152,151,151,152,152,152,152,152,151,152,152,151,152,152,153,152,152,152,152,152,153,153,153,153,153,153,153,153,153,154,153,153,153,153,153,154,153,154,153,154,154,154,154,154,154,154,154,154,95,102,113,92,155,154,154,155,154,154,154,153,153,154,154,154,154,154,154,154,154,153,153,154,153,153,153,153,155,154,154,154,155,154,154,154,154,155,155,155,155,154,154,153,153,153,153,153,152,152,152,151,152,153,152,152,152,153,153,108,106,114,112,109,107,128,151,148,114,108,108,103,107,107,107,109,155,106,154,147,143,138,133,89,109,109,107,108,107,104,117,118,119,119,100,150,129,143,147,142,141,155,112,113,118,120,113,120,125,165,127,128,125,133,133,131,131,107,91,146,62,113,137,134,130,132,76,126,79,132,63,83,102,105,104,104,100,100,99,94,110,77,67,79,121,121,123,72,122,124
152,152,151,152,152,152,152,151,152,151,151,151,152,152,152,151,152,152,152,152,152,153,153,153,153,153,153,153,153,153,153,153,153,153,153,154,154,153,153,153,154,153,153,154,153,154,154,154,154,153,113,97,91,125,155,154,154,154,154,154,155,155,153,153,154,154,153,153,153,153,153,154,153,153,153,153,154,153,154,153,155,154,154,154,154,154,154,155,155,155,155,155,152,153,152,153,152,153,152,152,152,152,153,152,152,152,152,153,152,108,107,106,110,157,144,148,150,96,129,108,108,104,106,108,103,109,149,154,142,140,109,88,110,110,112,109,108,108,107,104,117,118,118,142,147,143,142,140,101,95,113,156,113,116,119,120,114,119,123,165,125,127,117,130,93,111,149,152,109,98,50,104,131,130,128,97,69,63,72,100,104,100,98,99,105,97,100,99,68,68,108,120,120,122,124,123,122,71,121,122
151,151,151,151,151,151,151,152,151,151,152,151,151,152,152,152,152,152,152,151,152,152,153,153,153,153,153,153,152,153,153,153,152,153,153,153,153,152,153,153,153,153,154,154,153,153,153,153,154,99,112,97,91,82,107,154,153,153,154,154,155,153,154,154,154,154,153,153,153,153,153,153,153,153,153,153,153,152,153,153,154,154,155,154,155,155,155,155,155,155,155,154,152,153,152,153,153,152,151,151,151,152,152,152,152,152,152,152,152,108,107,154,152,146,142,110,109,111,127,109,107,104,106,107,125,147,135,141,90,102,108,108,114,111,113,110,109,108,108,106,112,96,146,139,141,141,85,109,110,110,113,156,111,117,118,120,114,119,122,161,124,124,106,91,138,138,129,148,100,121,53,99,96,130,82,68,92,102,101,106,103,98,97,100,86,61,71,121,122,121,121,123,122,124,124,121,119,75,119,121
151,151,151,151,151,150,151,151,151,151,151,152,151,151,152,151,152,152,152,152,151,152,152,152,152,153,152,152,152,153,152,153,153,153,153,152,152,153,154,153,154,153,153,153,153,153,154,154,154,110,95,99,102,133,108,154,154,154,154,154,155,153,153,153,154,153,154,153,153,153,153,153,153,154,153,152,152,152,153,153,153,154,154,154,154,154,153,154,154,154,155,154,153,153,152,152,152,151,151,151,151,152,151,151,152,152,152,152,151,102,110,141,142,114,111,121,107,111,120,108,107,107,148,154,142,145,83,107,107,113,109,109,114,111,113,109,108,105,99,94,138,128,135,116,94,109,103,112,111,112,113,151,111,116,117,119,114,119,122,160,135,141,137,138,139,131,108,130,81,116,77,82,66,101,101,105,103,106,101,101,99,73,64,68,122,123,62,125,120,118,118,123,120,119,122,121,119,74,118,120
150,150,150,150,151,150,151,150,150,151,151,151,151,151,151,151,151,151,151,151,151,152,152,151,152,153,153,151,152,152,152,152,152,152,153,152,153,152,152,153,153,153,153,152,153,153,153,153,98,133,99,100,103,91,103,88,154,154,153,154,155,153,153,153,153,153,153,153,153,153,153,153,153,153,153,152,152,152,153,153,153,153,154,154,153,153,153,154,154,154,154,154,154,153,152,151,152,152,151,151,151,151,151,151,151,152,151,151,152,138,137,108,110,108,111,127,107,111,117,107,111,154,146,148,86,107,103,112,109,113,109,109,114,109,113,107,152,150,140,140,136,94,103,105,95,111,100,112,111,112,114,145,112,116,117,120,97,111,150,121,138,137,132,110,154,134,138,112,98,121,82,92,94,102,100,102,100,111,99,53,64,86,120,121,121,121,63,119,117,116,116,119,117,118,119,119,119,74,118,119
150,150,150,150,151,150,150,150,150,151,150,150,151,151,151,151,152,151,152,152,151,152,152,151,152,153,153,152,152,152,152,152,154,153,152,152,153,152,152,153,152,152,152,153,152,153,153,149,142,81,92,106,151,143,103,80,154,154,153,154,155,153,153,154,153,153,153,153,153,153,153,153,154,152,153,153,152,153,153,152,153,153,153,154,152,153,153,155,154,154,154,153,152,152,152,152,151,152,152,152,152,151,151,151,151,151,151,151,152,99,105,100,110,108,110,127,105,109,122,154,143,143,97,109,109,110,100,112,109,113,110,112,113,103,118,143,141,142,140,118,106,107,109,108,98,111,99,112,112,112,114,154,117,119,119,79,143,134,144,126,149,103,90,128,127,135,136,110,135,115,99,86,96,100,98,100,57,63,124,122,121,76,120,120,120,121,68,117,116,114,115,121,112,118,119,119,116,74,116,117
150,150,151,150,150,150,150,151,150,150,150,151,150,150,150,151,151,151,151,151,151,151,151,152,152,152,152,152,151,151,155,156,153,153,153,153,154,152,153,152,153,152,153,153,153,153,153,115,104,108,97,94,92,83,90,115,104,154,153,153,154,153,153,153,153,153,153,153,153,153,153,153,153,154,153,154,153,152,153,152,153,153,153,154,152,153,152,153,154,153,153,153,152,153,152,151,151,152,152,152,152,152,151,151,150,151,151,150,151,110,106,99,109,108,107,127,125,155,141,145,98,139,113,107,108,108,100,111,109,112,111,132,82,137,140,141,84,91,110,107,108,110,108,117,100,112,96,112,111,111,114,141,131,139,144,142,140,121,103,115,121,126,92,128,125,125,133,114,145,110,114,87,66,111,63,123,69,122,122,122,120,65,118,119,119,119,93,117,114,114,115,118,112,117,118,117,116,68,116,115
151,150,150,150,150,150,150,150,150,150,150,150,150,150,150,150,151,151,150,151,151,151,151,151,151,152,152,152,153,152,157,159,154,153,153,153,154,153,151,152,152,153,153,153,152,153,125,114,84,99,92,80,85,128,76,105,85,154,153,153,153,153,153,153,153,153,153,153,153,153,153,153,153,153,152,153,153,152,152,153,153,153,153,153,153,153,155,155,154,153,153,153,152,152,152,151,151,152,152,152,151,151,151,151,151,151,151,151,150,110,108,88,109,106,137,152,145,148,123,101,106,142,114,106,108,107,99,111,109,145,138,140,138,139,86,106,111,108,110,110,108,110,110,119,102,111,98,110,96,93,147,130,142,134,135,140,102,117,121,118,123,126,76,127,123,116,132,115,102,96,113,50,120,125,121,119,68,119,120,120,120,62,117,118,117,119,96,114,113,112,111,116,113,115,117,116,115,68,113,114
150,150,150,149,150,150,150,150,150,150,150,150,150,150,150,150,151,150,151,151,151,151,151,151,151,151,152,152,152,151,156,155,152,152,153,153,153,153,151,151,152,152,152,152,153,153,127,160,138,148,76,114,89,88,82,141,115,89,154,153,153,154,153,153,153,152,153,153,153,153,153,153,153,153,152,152,153,152,153,152,153,153,153,152,153,153,154,154,154,153,153,153,152,152,152,152,151,151,151,151,151,150,150,151,151,151,150,151,149,110,103,90,114,154,146,139,125,105,98,106,108,139,114,105,107,106,97,143,147,129,138,141,115,106,110,111,112,109,111,110,110,110,109,123,104,104,152,89,144,148,144,133,118,112,112,120,119,117,120,116,121,123,69,122,120,107,130,120,88,88,111,42,113,119,118,116,68,128,121,119,118,57,115,117,114,115,99,112,110,110,111,115,112,115,115,114,114,63,111,113
149,149,150,149,149,149,149,150,150,150,150,150,149,150,150,150,150,150,150,150,151,151,151,151,151,151,152,151,151,152,158,152,152,152,152,152,153,153,154,153,153,152,151,152,152,127,110,107,120,82,109,91,83,75,91,97,74,86,154,153,153,153,153,153,153,153,153,153,154,152,153,152,153,152,152,153,152,153,152,152,153,153,153,153,152,154,153,154,153,153,153,152,152,152,152,151,151,151,151,151,151,151,151,151,151,150,150,150,149,114,156,148,147,146,116,141,105,106,104,105,106,138,112,105,104,102,128,140,137,103,88,107,109,108,112,108,112,109,110,112,110,111,120,104,98,136,139,140,143,146,106,107,114,113,113,119,116,117,119,121,118,119,73,120,117,96,127,115,113,81,100,33,102,118,116,112,63,123,117,116,117,64,116,113,114,115,116,110,108,109,110,113,112,111,114,112,111,60,79,86
148,148,149,149,150,149,150,149,149,149,150,149,150,150,150,149,150,149,150,150,151,150,150,150,151,151,151,151,152,151,153,152,151,151,152,153,153,152,153,153,153,153,154,154,151,129,150,2,108,130,63,88,117,71,71,67,110,116,102,153,153,153,153,153,152,153,153,152,152,153,152,152,153,153,153,153,153,152,152,152,152,153,152,152,151,152,153,153,153,151,152,152,152,151,152,151,151,151,151,151,152,151,151,151,151,150,150,150,150,146,137,136,151,106,106,140,105,106,85,105,108,130,102,99,138,144,137,102,105,106,107,108,110,109,111,108,112,109,112,111,99,139,147,140,143,147,133,100,101,114,115,111,114,113,113,119,118,118,119,115,119,118,86,116,115,91,117,104,103,101,83,37,95,116,113,112,71,123,120,115,114,50,115,114,113,114,116,109,108,108,109,110,108,105,61,65,71,57,71,105
148,149,149,149,148,148,149,149,149,149,148,149,149,149,150,150,150,150,150,151,150,150,150,150,151,151,151,151,152,151,151,152,152,151,151,152,152,152,153,153,153,153,152,154,106,90,60,105,106,90,99,90,72,67,99,102,120,113,120,153,153,153,153,153,153,153,152,153,153,153,153,152,152,152,152,152,152,152,151,152,152,153,153,152,152,152,153,152,152,151,152,151,151,151,151,150,151,151,151,151,151,152,150,151,150,150,149,149,149,142,94,81,106,104,106,146,103,107,83,101,103,149,146,140,140,110,151,106,105,106,108,109,111,108,111,106,113,108,104,91,143,132,142,134,101,108,103,109,110,114,115,115,114,114,113,120,120,117,118,115,116,115,103,112,111,150,143,141,135,110,146,37,89,113,113,111,78,122,117,113,112,59,113,112,112,111,112,108,106,110,63,94,66,64,62,103,97,96,105,108
149,148,149,149,148,148,148,149,148,149,149,150,150,149,149,149,149,149,149,150,149,151,150,150,151,150,150,151,151,151,152,151,151,151,152,152,152,152,153,152,153,152,152,153,76,98,88,116,75,119,84,41,66,79,74,101,106,77,82,95,152,153,153,152,153,152,152,152,153,152,152,152,152,152,152,152,152,152,152,153,152,153,152,152,152,153,153,153,152,152,152,152,151,152,151,151,151,150,151,151,151,150,150,150,150,149,149,149,149,108,105,81,104,104,107,151,106,99,98,152,144,138,93,97,102,106,148,105,106,108,107,107,110,107,110,101,107,137,144,143,136,121,110,110,111,112,104,109,108,112,114,113,113,114,116,118,115,114,115,110,150,137,154,148,142,135,141,136,144,145,141,44,78,113,113,111,89,119,114,112,112,63,110,110,108,111,102,127,71,65,60,103,109,97,105,101,97,100,107,107
148,148,148,148,149,148,148,148,148,149,149,149,148,149,149,149,149,149,149,149,149,150,150,150,151,151,150,150,151,151,151,151,151,152,152,151,152,152,152,152,152,152,152,150,80,101,83,85,76,115,90,86,71,88,78,60,76,63,95,75,152,152,153,152,153,152,152,152,152,152,152,152,152,153,152,152,152,153,152,152,152,154,152,152,153,152,152,152,152,151,152,152,150,151,151,150,150,151,150,151,151,150,150,149,149,149,149,149,149,109,107,82,104,105,108,134,89,142,129,146,134,166,106,104,104,103,146,103,105,106,108,105,107,99,149,147,142,143,148,150,108,110,107,110,110,112,103,108,108,111,115,113,113,113,113,113,97,93,95,153,150,152,137,143,138,101,111,71,89,140,138,44,55,112,110,111,101,113,111,111,110,66,81,76,96,74,53,111,113,110,98,97,104,100,102,107,110,96,110,65
148,148,148,148,148,148,148,148,148,149,149,149,149,149,149,149,149,148,150,149,149,149,149,149,149,150,151,150,150,151,151,151,151,151,151,151,151,151,152,152,151,151,151,148,77,101,91,91,86,110,83,57,71,93,75,62,74,63,91,86,152,152,153,153,152,152,152,152,152,152,152,152,151,152,152,152,152,152,152,151,153,152,153,152,152,151,151,152,151,151,151,150,150,150,150,150,150,150,150,150,150,150,149,149,149,149,149,148,149,107,105,82,104,162,154,133,139,138,124,103,103,165,106,104,109,105,145,104,104,104,119,88,145,148,152,142,108,99,110,110,108,108,107,109,112,113,103,108,108,115,114,118,111,92,124,92,151,139,155,146,146,152,84,97,89,87,87,77,83,137,86,47,59,109,109,108,105,110,106,75,120,62,64,105,108,106,102,107,111,108,107,102,103,104,109,55,60,58,59,106
148,148,149,148,148,149,149,148,147,148,148,149,148,149,149,148,148,149,148,149,149,149,150,149,149,150,149,150,151,150,150,151,150,151,150,150,151,151,151,151,151,151,151,144,78,101,98,83,93,100,83,56,74,96,72,99,68,68,90,87,152,152,153,152,152,152,153,152,152,152,152,152,152,152,152,152,153,152,152,151,152,151,151,151,151,151,150,150,151,150,150,150,150,150,150,150,150,151,150,150,150,150,149,149,149,149,148,148,148,109,99,134,147,146,134,104,107,106,114,106,105,166,106,105,107,103,141,93,100,145,141,140,142,84,96,111,107,108,110,110,108,107,108,108,108,111,103,107,107,111,101,103,96,139,151,151,146,138,140,102,76,85,137,90,88,91,85,76,79,81,83,47,51,106,109,115,128,73,63,88,105,99,105,104,111,109,96,109,109,103,103,62,56,65,69,104,100,105,103,105
147,147,147,147,148,148,148,148,148,148,147,148,148,148,149,149,148,148,149,149,149,148,148,149,149,149,149,149,149,150,149,150,150,149,150,150,150,150,150,150,150,150,151,142,81,101,96,77,91,91,80,78,68,82,74,81,75,73,94,85,152,152,153,152,152,152,152,152,151,152,153,152,151,152,151,151,152,152,152,152,152,151,151,151,151,151,151,150,150,150,150,149,150,150,150,150,150,150,149,149,149,149,149,148,148,148,147,148,148,87,137,137,147,143,106,162,105,108,108,106,104,165,106,104,106,134,125,145,145,136,146,143,107,106,107,104,107,105,109,109,108,107,105,106,109,110,102,120,114,136,150,142,144,139,140,91,118,81,85,86,85,83,134,90,86,99,81,72,81,82,80,52,75,113,68,74,112,107,102,106,107,105,111,111,106,107,92,61,63,68,64,101,103,103,105,104,102,104,104,103
147,147,147,147,148,147,148,147,147,147,148,147,147,148,148,148,148,148,148,148,148,149,149,149,148,149,149,149,149,149,150,149,150,150,150,150,150,150,150,150,150,150,151,142,96,101,97,81,90,88,78,130,91,87,80,100,69,59,93,85,152,152,152,152,151,152,159,157,155,151,152,152,152,151,152,152,152,152,151,151,151,151,151,150,151,151,151,151,150,151,150,150,150,150,150,150,150,150,150,149,150,149,148,148,148,148,148,148,148,138,92,75,102,103,106,159,106,107,107,106,104,165,117,84,140,145,142,142,101,103,113,113,106,107,106,103,107,103,108,109,107,107,105,105,101,105,156,143,146,149,151,141,110,99,81,87,84,85,87,88,82,83,134,85,85,107,82,74,149,84,74,64,99,108,113,104,101,102,108,110,109,98,104,66,53,67,64,92,95,101,103,102,103,103,105,104,104,102,102,103
147,147,147,146,146,147,146,146,147,147,147,147,147,148,147,148,148,148,148,148,148,149,149,149,149,149,148,148,148,149,149,149,149,149,149,149,149,149,149,149,149,150,150,118,90,102,99,81,80,83,73,118,84,53,82,79,64,58,96,85,152,152,152,151,156,156,158,157,153,150,151,151,152,150,151,151,151,152,151,151,151,151,152,151,151,151,151,150,150,150,150,150,150,150,150,150,150,149,149,149,149,149,148,148,148,148,147,148,148,103,102,84,101,104,107,162,108,105,98,101,109,140,136,147,144,94,124,103,105,105,112,113,107,106,104,116,105,104,107,106,102,126,143,147,144,142,140,141,153,108,90,99,110,113,81,84,83,86,83,82,82,82,130,86,86,107,81,73,145,79,62,86,93,107,106,106,97,95,109,81,65,67,78,102,102,102,98,99,99,103,101,99,105,103,105,105,105,103,101,103
146,146,147,147,147,147,147,146,146,146,146,146,147,147,147,148,147,147,148,148,147,148,148,149,149,148,148,149,148,148,148,148,148,148,148,148,148,148,148,149,149,149,150,94,95,102,100,79,84,80,80,113,82,61,80,73,60,61,99,88,76,151,152,156,156,156,157,156,150,149,149,153,152,151,152,150,150,151,151,151,151,155,154,152,155,154,150,150,150,150,150,150,150,150,150,150,149,150,149,149,149,149,148,148,148,148,148,149,149,106,104,87,103,106,108,161,106,154,138,140,137,134,92,91,105,107,137,102,103,104,112,114,108,107,103,114,104,101,156,100,150,140,142,141,143,123,106,109,107,107,110,98,108,111,79,84,84,85,83,72,82,82,126,85,82,109,78,72,118,78,111,82,88,99,106,76,76,67,93,103,102,72,101,101,100,102,105,99,103,105,105,100,102,103,105,106,104,102,102,103
146,147,146,146,146,146,147,146,146,146,147,146,147,147,147,147,147,147,147,148,148,148,148,148,148,148,148,148,148,148,147,148,148,148,148,148,148,148,148,148,149,148,150,105,89,105,104,72,89,81,78,109,81,68,70,106,60,56,99,87,75,152,156,157,156,155,155,156,151,149,150,151,151,152,152,152,151,150,150,153,155,157,156,154,155,154,151,150,150,149,150,150,150,150,150,149,149,149,149,148,150,149,148,148,149,148,148,150,150,106,104,89,106,109,97,97,138,147,138,142,110,118,113,103,104,105,129,102,105,103,112,114,108,107,102,150,127,150,147,141,141,138,90,155,101,107,100,106,104,106,107,98,107,112,79,85,84,85,84,76,87,81,117,89,76,89,97,107,62,103,144,75,76,74,99,98,99,104,104,103,101,81,102,103,102,102,106,100,104,105,105,101,102,103,104,105,103,103,102,103
145,146,146,145,146,146,146,146,146,146,146,146,146,146,147,147,146,147,147,147,147,147,147,147,147,147,147,147,147,148,147,148,148,147,147,147,148,147,148,148,148,148,149,91,87,102,98,69,92,77,79,110,85,57,73,118,58,62,96,87,77,152,156,159,157,156,155,155,153,151,153,152,152,153,154,153,151,154,151,155,156,157,157,155,156,154,155,153,152,150,152,149,149,149,150,149,149,148,150,149,149,148,148,148,149,150,149,150,148,106,104,82,107,138,135,126,150,118,82,106,108,127,113,103,102,105,127,101,104,100,111,107,152,93,150,150,148,148,153,107,92,108,103,107,103,103,98,104,103,106,108,98,107,112,79,85,80,86,88,73,75,127,112,97,148,134,148,147,70,146,125,49,102,101,99,99,100,104,107,106,103,86,103,102,101,102,108,100,103,105,103,100,106,104,104,106,102,102,101,102
145,145,145,145,145,145,145,146,145,145,145,146,146,146,146,146,146,146,146,147,146,147,147,147,146,147,146,146,147,146,147,147,147,147,147,147,147,148,147,148,149,147,150,81,95,107,99,67,86,75,79,104,90,56,72,120,66,63,95,90,76,154,158,157,156,155,155,154,153,154,153,152,152,153,154,155,153,154,155,155,157,157,157,156,156,156,155,153,152,151,151,150,150,151,151,149,150,150,152,151,150,149,150,150,150,150,150,149,148,160,143,135,144,146,103,140,108,108,89,108,106,119,113,104,100,105,124,101,95,153,127,148,152,150,143,141,142,102,106,107,108,107,104,104,104,101,104,104,104,104,108,96,108,110,82,79,76,95,120,92,156,153,150,145,148,133,149,150,104,148,100,46,97,100,101,101,102,106,106,107,102,90,103,102,100,101,105,99,102,103,103,100,102,102,102,104,101,102,100,101
144,145,144,145,145,145,144,145,145,144,144,145,146,146,146,145,146,146,146,146,146,146,146,145,146,145,146,146,146,146,146,147,147,146,147,147,147,147,147,148,148,147,149,114,102,105,103,64,90,76,82,101,93,58,77,96,68,63,97,87,76,155,156,156,155,154,154,154,153,154,153,153,154,154,155,156,153,154,155,156,158,158,158,157,157,155,155,154,153,153,153,152,152,152,152,152,151,152,154,151,152,151,152,150,150,150,149,149,148,136,139,96,98,107,106,138,108,108,88,107,108,110,114,104,99,111,124,156,145,143,143,153,92,117,109,110,105,104,106,104,109,109,105,103,103,104,101,104,106,102,106,97,111,95,149,93,154,149,152,151,155,152,146,134,99,142,103,104,93,107,81,45,94,103,104,103,101,105,105,106,103,100,102,102,100,100,105,98,102,103,101,100,98,100,100,103,101,100,96,100
144,144,144,144,144,145,145,145,145,145,145,146,145,145,145,145,145,145,145,145,145,145,145,146,145,145,145,145,145,145,146,146,146,146,146,146,147,147,147,147,147,148,148,111,110,104,105,71,91,73,77,95,96,56,80,89,64,67,96,89,79,155,155,154,153,153,154,154,155,158,154,154,157,156,153,153,154,155,155,156,158,158,158,158,156,155,154,154,153,153,153,153,153,152,153,152,152,152,153,150,151,151,151,150,148,147,147,146,147,96,105,90,105,106,103,140,109,109,86,108,108,108,94,109,151,151,135,144,138,96,93,101,105,107,107,107,104,104,108,104,110,110,104,107,102,107,97,106,107,95,125,117,159,155,156,150,154,148,151,107,102,97,130,107,107,148,106,104,94,145,70,50,87,102,101,100,101,104,106,106,105,101,100,100,100,101,104,99,101,102,100,98,93,97,101,101,99,100,100,102
143,143,144,144,145,143,144,144,144,144,144,144,145,144,145,144,145,144,145,144,145,145,145,145,145,144,145,145,145,145,145,146,146,146,146,147,146,147,146,146,147,147,148,117,112,102,110,70,100,80,75,86,92,77,79,79,65,71,97,90,84,154,154,153,153,153,156,156,155,153,154,151,156,155,153,157,154,154,155,156,158,159,159,156,155,154,154,153,153,152,152,153,153,154,153,152,152,152,150,151,151,151,150,151,149,149,149,145,146,107,106,91,105,109,105,141,108,107,88,139,95,146,143,142,143,144,102,75,81,81,103,103,105,104,110,104,103,103,107,106,112,111,106,108,101,95,100,109,159,153,151,140,151,148,149,110,100,92,108,105,107,108,119,107,109,147,108,105,101,148,69,48,83,100,101,101,100,102,105,105,103,103,102,100,101,102,102,97,99,100,100,98,76,99,99,95,59,61,67,69
144,144,145,145,143,143,144,143,145,144,144,143,144,144,144,144,144,144,144,144,144,143,144,144,144,144,145,145,145,145,145,145,146,146,146,147,146,147,147,147,147,147,147,69,124,100,119,75,107,76,81,81,87,87,51,83,64,81,96,90,86,153,153,152,153,153,158,158,155,156,155,154,153,153,156,157,153,152,155,156,156,157,157,156,155,153,153,153,153,152,151,153,153,154,153,152,152,151,150,150,151,150,147,149,149,149,148,147,147,106,105,95,105,108,104,134,111,90,141,145,146,134,90,116,79,105,92,79,82,83,104,102,105,105,108,103,103,105,105,105,109,98,158,96,148,151,143,143,152,146,149,88,151,99,79,82,80,105,107,108,106,108,125,106,108,142,107,105,102,93,77,43,77,101,100,100,101,103,104,103,103,104,101,100,98,99,100,98,98,99,72,62,61,65,67,61,61,75,111,110
144,143,143,144,144,144,144,144,143,144,144,143,144,143,144,144,144,144,144,145,144,144,144,144,144,143,145,144,145,145,144,145,145,146,147,146,147,146,146,147,147,147,147,70,128,100,121,69,107,72,84,80,82,84,48,113,58,79,96,91,91,153,154,153,152,155,156,157,156,156,155,156,154,157,158,154,152,152,156,156,156,156,156,155,154,153,153,152,151,152,152,153,149,148,150,153,152,150,150,150,150,146,147,148,148,147,147,148,147,107,105,88,98,138,138,137,148,147,140,103,98,113,85,86,83,106,84,80,82,81,103,102,104,105,108,101,105,94,119,90,159,153,147,143,142,145,137,82,100,95,109,92,107,105,77,76,75,104,107,105,103,105,139,104,106,139,104,104,81,88,88,45,67,100,100,100,100,102,103,103,102,102,99,99,99,58,65,84,111,67,64,53,108,111,111,106,110,104,111,111
143,144,144,143,143,144,144,143,143,143,143,143,143,143,143,144,144,144,144,144,144,144,144,144,144,144,144,144,144,144,144,144,145,146,146,145,145,145,145,146,145,146,147,84,126,98,126,63,109,71,87,79,85,78,53,116,60,91,98,92,92,153,152,153,152,153,155,155,154,156,156,160,156,155,154,153,152,150,151,156,155,155,155,154,154,153,153,152,152,153,153,150,149,148,150,152,152,150,147,147,147,147,149,150,148,149,148,148,147,99,134,153,144,151,140,137,151,106,81,89,108,118,83,85,85,109,79,82,84,83,105,103,106,100,101,104,123,153,152,152,151,154,149,88,168,97,105,108,106,105,108,89,104,102,77,72,76,103,106,103,101,105,123,103,104,140,101,99,129,78,95,45,67,99,99,99,98,101,103,96,63,63,68,67,66,63,90,114,112,114,116,111,99,109,104,102,107,102,105,109
143,144,144,143,143,144,143,143,143,143,142,142,143,143,143,143,143,143,143,143,143,143,144,144,144,144,144,143,144,144,144,145,144,144,145,146,145,145,145,145,145,145,146,79,127,99,129,62,113,62,93,72,84,77,49,118,57,94,93,91,103,152,152,152,152,152,156,156,157,155,154,156,156,156,154,153,153,151,151,153,152,153,154,152,154,152,152,152,152,152,148,147,147,148,151,152,147,147,146,146,147,150,148,148,149,148,148,147,147,141,137,139,89,100,89,131,108,103,84,86,107,109,82,84,86,108,79,82,85,81,92,121,121,156,152,151,154,150,155,103,118,101,104,105,99,107,106,107,105,105,108,96,100,99,74,74,79,106,105,102,107,108,116,105,105,137,99,96,129,80,99,45,62,100,79,114,125,68,68,62,55,118,113,112,115,113,112,112,111,110,112,109,102,106,104,105,98,114,94,57
143,143,142,143,143,143,142,142,142,142,143,143,143,143,142,142,143,144,142,143,144,144,144,143,144,144,130,140,144,143,143,144,144,145,145,144,144,145,145,145,145,145,144,83,127,94,134,64,122,66,125,64,84,57,118,98,55,92,95,91,108,151,153,153,152,151,155,157,158,156,155,154,154,154,154,153,152,151,151,151,151,149,154,153,152,151,152,152,153,149,148,147,148,149,151,150,146,146,147,147,148,149,148,147,147,147,146,146,146,137,80,100,110,104,83,131,107,103,75,85,107,107,83,84,85,104,94,115,107,156,147,157,152,153,154,99,106,102,103,103,103,104,114,105,99,107,106,106,105,104,105,90,97,98,74,84,87,107,108,103,104,103,107,100,142,87,152,151,106,79,110,47,72,68,62,91,116,110,108,110,111,108,114,109,113,114,109,109,110,106,99,108,75,56,66,57,74,70,53,74
142,142,142,141,141,142,142,141,141,142,141,142,141,142,142,143,143,142,142,143,142,142,143,142,127,124,121,127,130,125,126,127,128,127,127,127,125,133,144,145,144,145,115,79,123,95,135,67,125,68,124,61,69,56,61,71,61,92,90,94,117,150,151,152,152,151,153,152,156,155,155,156,155,154,154,153,152,152,151,148,149,151,151,149,152,149,148,147,147,147,147,148,149,149,151,149,148,148,148,148,147,148,148,147,146,147,146,146,146,105,86,100,109,105,84,135,106,102,71,95,105,109,86,108,115,155,144,152,154,152,150,102,100,75,104,99,102,103,103,102,101,104,103,104,100,105,105,106,102,103,103,97,107,105,77,84,79,98,93,110,103,155,143,144,151,151,150,146,148,74,138,65,93,104,109,109,109,110,105,109,111,108,107,105,107,114,85,57,57,64,66,66,42,74,75,74,72,70,72,72
141,141,142,142,142,141,141,141,141,141,141,141,142,141,142,142,141,142,141,142,142,141,143,141,126,125,130,127,121,127,130,133,131,130,129,130,110,123,144,144,145,145,116,79,118,96,134,64,124,76,129,63,77,58,70,76,62,95,88,96,75,147,148,152,152,152,154,153,153,153,153,156,156,153,152,147,147,147,147,147,151,151,150,150,146,147,147,147,147,146,147,147,147,148,148,149,149,149,148,150,148,148,147,146,146,145,145,145,145,107,85,97,108,105,84,135,102,99,82,137,91,151,146,159,155,154,99,120,93,99,103,100,78,75,104,99,102,102,103,102,102,105,101,103,97,106,108,107,107,103,103,91,94,152,97,94,155,138,146,150,149,153,145,148,148,142,92,108,100,59,111,62,95,105,108,108,109,111,101,118,70,56,50,87,82,78,66,73,75,75,72,71,40,71,73,70,70,71,71,70
141,141,141,141,141,140,141,141,141,141,141,141,141,141,141,141,142,141,141,141,142,141,142,141,128,127,130,130,132,133,129,130,129,130,130,131,109,122,144,143,144,144,114,73,116,94,133,70,129,68,127,71,84,62,59,77,71,95,89,96,67,147,146,153,152,154,152,153,153,152,154,157,148,146,146,146,147,147,147,147,150,150,148,147,146,147,149,149,147,148,149,149,147,149,148,149,148,147,148,148,148,148,147,146,146,145,144,145,145,111,89,97,109,109,83,115,94,153,145,150,154,145,84,112,94,99,77,99,100,99,100,99,75,74,101,96,100,99,100,100,101,104,101,101,96,103,104,96,147,151,97,153,147,153,156,152,152,138,151,150,151,107,100,98,98,101,97,95,83,87,153,66,87,111,66,76,42,66,67,63,77,75,77,77,76,79,77,73,74,75,74,73,44,72,71,70,70,70,71,69
141,140,141,140,140,140,141,141,141,141,140,141,141,141,141,140,141,140,141,141,141,141,142,141,127,128,131,112,72,72,73,75,78,63,54,83,112,124,143,143,144,143,113,70,111,96,126,65,130,71,127,75,96,55,102,72,73,96,78,95,68,146,145,145,147,147,152,146,148,145,147,147,145,146,145,145,146,146,147,147,148,150,147,146,146,149,150,150,151,149,150,149,148,150,148,148,148,147,147,146,147,147,146,145,145,145,145,145,144,111,78,105,96,151,151,143,150,148,91,105,72,106,100,101,100,98,76,99,100,98,99,101,76,74,100,100,103,106,107,102,100,101,84,161,142,98,156,147,148,153,150,149,152,148,144,110,99,103,94,92,100,97,98,99,98,100,97,98,82,84,136,51,60,67,94,97,97,75,75,74,74,75,75,76,77,75,77,73,73,74,70,70,48,73,72,71,69,70,71,69
140,140,140,140,139,140,140,140,140,140,140,139,140,141,141,141,141,141,141,141,141,141,141,139,130,130,132,125,102,69,76,77,77,76,58,56,111,124,143,143,143,143,111,65,106,95,120,61,127,64,125,78,100,55,97,72,79,98,74,96,67,145,149,149,152,145,147,149,146,146,145,145,145,145,145,147,146,146,151,148,148,148,148,147,148,149,150,150,150,149,149,149,148,148,147,148,148,147,147,147,146,146,145,145,145,144,144,144,143,139,141,144,152,151,107,115,98,100,72,78,80,106,98,100,98,99,78,99,97,98,99,101,90,88,101,100,100,111,101,103,94,158,157,151,148,150,153,148,146,153,105,98,106,109,99,99,99,98,97,97,98,97,101,101,98,100,97,98,84,108,117,55,63,96,97,97,97,75,75,75,74,73,76,77,77,77,78,72,71,70,70,70,56,72,69,68,70,69,73,69
139,140,140,138,139,139,138,140,139,139,139,140,140,139,140,139,140,141,141,140,140,140,141,138,132,131,133,129,123,96,74,69,77,79,74,59,111,126,143,143,143,143,111,69,91,100,110,61,123,64,128,80,107,57,98,73,85,99,69,93,72,148,150,151,151,151,145,146,146,146,146,146,148,150,152,153,157,154,152,150,149,148,148,149,149,149,148,149,148,148,147,148,147,147,147,148,148,147,147,146,146,146,145,145,145,144,144,144,144,143,102,88,103,102,101,107,100,99,70,78,80,109,99,101,97,99,76,99,98,99,102,99,89,102,112,89,159,154,152,154,154,152,154,151,95,98,157,93,102,101,99,94,103,103,97,98,100,97,100,95,97,100,99,102,100,100,96,97,80,153,103,54,66,97,98,97,96,74,75,74,73,72,73,72,70,69,71,69,71,71,71,68,53,70,69,70,69,69,72,70
139,140,139,140,140,138,139,139,139,139,139,140,140,139,140,140,140,140,140,140,140,141,140,137,134,131,132,129,129,119,85,73,72,75,80,58,111,130,143,142,142,142,114,76,91,99,100,69,116,69,126,80,116,54,88,78,88,99,57,97,87,146,145,145,146,146,146,145,146,145,145,145,145,146,151,152,153,151,151,153,149,148,148,148,148,148,148,148,148,148,148,148,148,147,146,146,147,147,146,146,146,145,145,144,144,144,144,144,144,101,104,85,101,104,102,103,100,101,71,77,80,112,100,100,98,98,77,87,153,117,103,158,152,153,148,153,154,153,155,89,118,96,99,97,80,99,98,106,104,102,102,95,104,107,103,99,97,101,96,96,97,100,98,99,98,98,97,95,77,139,97,51,64,95,99,97,96,76,74,73,72,73,71,70,70,71,71,69,69,70,69,68,54,69,69,69,69,70,64,69
138,139,140,139,139,139,139,139,140,140,139,139,140,140,140,140,140,140,140,140,140,140,140,137,134,136,133,132,131,129,115,91,72,73,76,52,110,134,142,142,142,142,114,75,84,101,93,81,111,76,127,83,119,50,49,80,91,103,53,96,82,145,144,144,144,144,145,145,147,145,145,145,145,146,151,152,150,151,152,151,148,147,147,148,148,148,148,147,146,147,146,147,147,147,146,146,147,146,146,145,144,144,145,145,144,144,143,143,143,102,102,87,99,104,103,101,98,98,70,77,77,113,91,163,85,144,153,154,148,150,145,152,154,136,117,105,91,96,102,104,103,102,104,103,74,103,100,106,106,104,105,98,108,110,104,100,98,101,99,95,99,97,99,97,97,98,95,94,78,84,97,53,69,96,97,97,96,77,78,78,78,71,70,69,70,70,71,69,70,70,70,68,58,71,72,71,72,71,51,69
139,138,139,139,139,139,139,140,139,140,139,139,139,140,139,140,140,140,140,140,140,140,140,138,133,135,136,134,130,132,129,121,87,72,73,50,111,134,142,142,142,142,114,83,77,105,88,80,108,73,123,87,125,54,49,83,91,101,53,98,84,144,144,144,145,145,144,144,146,146,145,148,149,149,152,151,154,151,149,149,147,147,146,147,147,147,147,147,146,146,146,146,146,146,145,146,145,145,144,145,145,144,144,144,144,143,144,143,142,101,102,79,97,102,97,101,95,94,92,149,148,153,155,158,155,155,150,156,84,105,98,96,100,98,99,99,98,101,104,103,103,107,102,111,76,106,100,107,106,104,106,100,109,106,107,100,99,98,101,99,99,95,95,95,94,95,93,92,149,92,87,50,70,95,98,96,96,75,79,78,76,70,71,67,68,71,70,70,71,71,71,69,60,70,71,70,70,72,46,70
139,138,139,139,139,139,139,138,139,139,139,140,140,139,139,140,140,140,140,140,139,141,140,135,132,134,134,136,132,129,130,128,120,98,74,49,111,136,142,141,141,141,107,74,76,105,81,79,94,78,115,96,125,55,60,84,91,97,62,95,76,150,144,147,149,150,148,147,153,152,151,149,149,150,151,150,154,150,148,150,147,146,146,146,147,147,147,146,146,146,146,146,146,146,146,145,145,145,145,145,145,144,144,143,144,143,143,142,142,101,102,85,99,108,89,158,154,152,147,154,152,151,101,111,105,98,108,98,100,97,96,96,99,97,97,99,98,100,102,103,101,105,99,106,72,105,99,107,105,103,107,100,108,106,102,96,98,96,93,91,157,132,103,90,99,162,155,157,130,145,151,56,62,94,98,95,95,76,76,76,78,70,75,71,71,71,73,70,71,70,71,71,72,70,70,69,68,68,41,69
138,139,138,138,138,139,137,138,138,138,138,138,138,139,139,138,139,140,140,141,142,141,140,142,134,136,135,136,133,132,133,132,131,124,94,70,112,137,143,140,141,142,111,70,70,105,69,71,87,64,114,101,125,50,102,70,96,92,59,95,75,150,149,149,149,148,147,150,152,150,150,150,150,150,149,151,152,154,146,147,146,147,146,146,146,147,147,146,146,146,146,145,145,145,145,145,144,144,144,144,143,143,144,144,143,142,142,143,142,88,153,150,150,148,143,149,158,100,109,97,98,107,97,110,96,99,114,98,97,100,96,95,98,98,96,98,97,99,101,101,100,100,97,104,67,102,97,102,104,102,106,86,100,102,128,99,90,160,158,156,153,155,155,155,154,149,144,144,58,149,140,58,59,95,97,95,95,74,78,77,76,71,72,75,68,72,70,70,71,72,72,70,102,66,56,59,57,61,61,59
139,138,138,139,138,139,139,139,140,140,140,138,138,139,139,139,139,140,141,141,141,143,140,149,135,136,131,137,136,136,134,133,131,134,128,112,113,140,145,144,145,145,111,70,67,112,63,75,80,63,102,105,124,53,104,69,94,94,58,93,62,146,148,149,150,146,147,152,151,149,150,149,148,148,150,150,145,145,144,144,146,146,146,146,146,146,146,145,145,145,145,146,145,145,144,144,144,144,144,143,143,144,143,143,142,142,142,142,142,142,152,101,117,93,96,105,99,106,93,98,95,107,97,122,111,100,120,97,98,100,97,95,99,98,97,97,98,96,100,100,99,100,101,104,83,121,156,123,137,110,155,154,151,148,142,147,151,154,154,155,150,145,153,148,89,89,94,98,80,101,79,46,63,94,95,96,96,74,78,81,79,72,70,69,59,63,66,65,60,61,66,63,54,61,56,65,88,118,111,109
137,137,141,140,139,140,139,139,139,140,138,140,139,139,140,140,140,141,140,140,140,141,141,148,135,140,118,134,135,137,138,137,135,134,133,132,114,140,142,143,144,144,107,72,72,113,66,89,68,63,92,106,115,45,103,67,96,80,55,92,64,147,148,148,146,146,147,148,149,145,144,144,146,144,144,144,144,144,143,143,144,145,145,144,145,145,145,146,145,145,145,144,144,144,144,144,144,143,143,143,143,143,142,143,142,142,142,142,141,101,100,85,97,101,98,106,98,107,117,99,96,104,97,119,112,100,112,98,99,101,95,95,99,98,97,99,91,122,159,155,93,96,152,146,135,139,148,144,143,144,150,151,142,144,141,157,94,90,112,111,93,101,102,97,95,95,96,95,84,100,81,48,55,91,59,61,98,61,60,64,64,64,65,58,59,60,93,110,114,121,110,116,110,113,111,110,112,111,108,112
139,140,141,139,139,139,139,139,139,140,139,139,138,141,142,141,141,141,140,139,140,141,141,136,135,143,89,113,132,137,138,137,136,137,134,134,114,142,144,145,144,143,107,78,78,122,77,112,77,84,84,108,107,50,56,74,98,67,64,91,62,145,145,145,146,147,145,147,143,143,143,143,143,143,143,143,142,143,143,143,144,143,145,145,145,145,145,145,145,144,144,144,144,144,144,143,143,143,144,143,142,143,142,142,142,141,142,141,141,102,100,83,98,103,103,110,104,105,105,99,95,104,97,108,111,97,113,96,98,95,91,155,95,101,125,157,152,154,143,146,141,141,138,150,138,135,136,148,80,100,157,155,93,99,94,97,95,93,95,93,108,95,98,96,96,96,97,96,91,97,75,47,56,111,67,67,91,118,108,117,117,115,115,112,112,111,108,109,110,113,109,108,101,111,112,111,112,109,98,103
137,137,138,138,138,138,140,137,139,140,140,139,140,143,141,140,141,141,139,139,138,139,139,128,136,144,66,82,115,132,137,136,138,136,134,133,113,143,148,146,146,144,103,81,82,126,85,113,76,88,79,110,105,55,62,77,96,61,72,95,68,145,147,146,148,147,147,143,143,144,143,144,143,143,143,144,144,144,145,144,144,144,144,145,145,144,144,144,144,144,144,144,143,144,144,144,143,143,142,142,142,142,142,141,141,141,141,141,140,100,100,82,97,102,98,110,101,101,96,98,94,112,92,106,149,105,81,159,153,155,151,155,156,154,152,152,156,151,150,115,89,111,106,94,54,63,67,100,102,105,105,105,99,97,94,94,93,94,94,94,109,96,100,96,96,96,96,98,94,97,93,85,107,103,108,115,110,116,110,116,115,112,116,104,110,109,106,103,111,109,107,104,92,107,96,115,103,98,75,51
137,138,139,138,137,137,138,138,138,137,137,138,139,140,139,140,140,140,139,139,138,139,140,129,135,145,67,65,80,111,131,135,136,139,136,136,115,143,144,144,142,143,113,73,85,124,79,116,78,98,71,111,103,55,60,73,95,57,81,95,76,147,151,148,147,146,148,148,148,146,146,142,146,146,144,146,145,142,144,143,144,144,144,144,144,144,143,143,143,143,144,144,144,143,143,143,143,143,143,142,141,142,141,141,141,140,140,140,140,104,99,81,97,101,97,104,97,110,87,156,148,150,152,157,154,148,144,149,152,156,156,88,92,108,103,95,100,103,100,104,99,99,103,103,51,74,66,102,102,103,104,101,100,98,95,101,98,99,102,98,113,103,104,103,102,99,99,99,91,89,127,84,107,101,103,113,112,118,113,114,110,109,101,114,112,109,97,51,66,64,58,46,56,110,101,114,107,95,67,85
137,137,137,136,136,136,137,137,138,138,138,137,139,138,138,138,138,138,139,139,141,139,139,133,136,144,71,85,63,92,97,120,132,137,137,137,116,144,143,142,142,143,109,68,73,118,77,120,75,104,74,110,100,53,102,68,94,48,90,95,71,149,148,147,148,147,148,146,148,146,145,145,144,145,145,144,144,144,144,144,144,144,143,143,144,143,143,143,143,144,143,143,143,143,142,142,142,143,142,142,141,141,141,141,141,140,140,139,140,165,98,118,149,142,138,136,147,145,135,143,149,152,71,103,102,159,97,99,98,98,103,105,96,97,101,100,102,103,103,106,100,101,104,107,83,74,73,102,101,103,100,100,103,98,92,100,98,99,99,96,102,100,106,100,99,101,98,97,93,105,106,68,113,114,76,60,64,53,50,92,122,118,122,84,83,76,82,86,92,95,96,97,85,94,96,96,95,95,65,96
133,134,134,133,137,137,136,137,137,137,137,137,138,138,138,138,139,139,139,139,139,139,138,143,137,145,75,101,60,93,66,108,118,132,134,137,116,144,143,141,141,142,111,63,72,116,71,127,69,108,67,111,96,47,102,68,93,47,98,97,71,148,146,146,147,150,145,147,146,145,145,145,144,144,145,144,143,144,144,144,143,144,144,143,143,143,144,144,143,143,142,142,142,142,142,142,141,142,141,142,141,141,141,140,140,140,139,139,140,143,141,134,144,142,44,41,47,51,61,50,79,137,134,92,93,99,133,98,97,99,102,105,94,96,101,100,101,100,102,102,101,99,99,105,72,73,72,103,102,102,101,97,102,101,89,102,98,97,98,96,114,96,103,97,101,102,98,97,122,144,108,46,113,92,94,94,92,95,92,92,92,94,92,92,92,92,92,86,93,92,93,92,97,95,94,94,93,95,62,97
127,130,125,109,136,137,137,137,137,137,137,137,137,137,137,138,138,139,139,138,138,139,139,150,135,142,70,117,58,110,56,117,66,130,114,135,115,141,141,141,141,142,84,64,72,99,70,130,70,109,70,108,95,49,104,68,91,49,99,94,73,146,148,145,145,146,145,144,145,144,144,143,143,144,144,143,143,143,143,143,143,142,143,142,142,143,143,143,142,142,141,142,142,142,142,141,141,142,141,141,141,140,141,140,140,139,139,139,138,143,65,103,142,90,0,18,24,0,0,0,2,2,5,91,103,100,133,100,98,100,104,104,95,96,99,99,101,101,101,101,100,98,98,104,76,72,70,101,99,98,99,97,98,99,83,99,99,99,96,97,111,97,86,113,141,135,121,98,155,144,111,32,121,97,95,95,98,102,94,93,92,93,93,92,92,92,92,73,93,93,93,93,101,90,93,95,95,95,64,99
130,124,123,119,115,136,137,138,136,137,137,137,137,137,137,138,139,138,137,138,137,137,138,148,136,140,71,126,67,123,64,124,53,133,70,134,116,139,139,139,140,140,74,70,85,94,77,126,77,114,73,106,86,62,85,77,93,60,97,96,66,145,145,144,144,144,144,144,144,145,144,144,143,143,142,143,143,142,142,143,143,142,142,142,142,142,142,142,142,142,142,141,141,141,140,141,141,141,140,140,140,140,140,140,139,139,139,139,137,145,145,11,140,138,138,137,137,136,137,137,137,136,136,93,103,98,147,100,100,101,104,106,98,98,99,98,100,99,101,102,99,98,96,102,86,73,71,101,97,88,143,147,82,83,98,134,124,112,85,148,159,154,153,148,151,151,152,150,139,73,70,42,123,99,96,96,96,101,96,94,93,95,93,93,94,92,92,63,94,93,96,96,103,94,96,97,94,97,67,99
132,134,137,124,120,136,136,136,136,137,137,138,137,137,137,137,138,138,138,138,138,138,137,134,133,132,68,130,70,129,66,133,60,136,46,135,116,142,139,140,141,139,74,71,84,84,77,112,80,115,79,105,89,59,63,70,92,79,95,92,61,144,142,142,143,143,142,142,142,142,143,143,143,143,144,143,142,142,142,142,143,142,142,142,142,141,142,142,141,141,141,141,141,141,141,141,141,140,140,140,139,139,139,138,139,138,138,137,137,146,116,137,137,138,136,137,137,137,136,136,137,135,135,91,101,99,130,99,97,99,104,104,95,92,101,92,94,96,154,155,139,102,79,85,78,148,154,145,148,151,155,149,148,154,139,146,152,149,151,151,153,154,154,149,143,135,142,140,123,82,86,39,120,98,99,95,95,96,97,92,91,99,97,94,96,93,93,43,95,93,97,95,104,97,96,97,94,99,69,100
135,134,131,131,124,125,136,136,136,136,136,136,136,136,136,137,138,137,137,136,138,137,137,126,134,130,66,135,71,135,66,134,65,138,63,137,116,141,140,140,141,141,87,73,84,71,77,89,82,115,88,101,87,64,71,80,89,91,92,91,61,143,141,142,142,143,143,142,143,144,145,146,145,143,143,143,143,142,143,141,142,142,142,142,141,141,141,142,141,141,141,141,141,141,141,140,140,140,140,139,139,139,139,139,138,138,137,137,137,141,113,138,137,137,136,136,135,135,135,135,135,135,135,89,96,155,107,155,98,97,85,140,155,153,148,148,140,140,150,145,135,137,149,139,137,143,148,142,147,149,151,150,147,148,126,149,153,119,110,123,91,88,90,99,95,95,103,94,81,94,93,37,117,97,94,96,94,83,93,92,90,93,92,91,95,95,92,7,93,98,97,95,101,98,97,96,96,98,65,99
59,126,122,112,126,129,136,136,136,136,136,137,136,136,136,137,137,138,137,138,138,133,137,125,131,130,65,136,66,136,62,135,65,138,55,137,116,140,139,140,140,141,114,73,87,69,80,77,82,117,78,99,87,69,90,71,91,92,87,93,61,142,141,142,142,142,142,166,130,114,117,118,117,118,117,119,119,119,118,118,118,120,119,90,119,102,94,171,94,152,117,116,140,140,139,139,140,139,139,139,139,138,138,138,137,137,137,137,136,138,111,136,136,135,136,135,135,135,135,134,135,135,135,143,141,144,134,153,152,154,152,141,149,150,147,150,145,144,149,153,148,88,90,84,82,94,95,97,98,100,100,99,98,99,84,102,101,101,101,101,100,100,93,96,99,96,95,97,82,97,95,38,116,98,95,95,96,69,94,92,94,96,94,92,91,91,91,33,95,96,95,98,102,97,96,98,98,97,61,101
53,108,129,94,121,120,136,135,136,136,137,136,136,136,136,137,137,137,137,137,105,108,113,131,134,128,64,137,61,135,62,137,62,140,59,137,117,140,138,138,138,139,118,69,91,62,84,66,73,116,70,88,85,73,101,65,91,92,75,92,59,141,142,141,141,140,141,146,149,119,120,121,121,120,121,121,121,122,118,122,122,122,122,161,88,150,108,168,108,116,122,120,139,139,139,140,139,139,139,138,138,137,137,137,137,136,136,136,135,140,114,135,135,135,135,135,135,134,134,134,134,134,133,143,94,86,90,90,101,112,101,94,91,96,98,101,99,100,98,99,98,99,94,100,121,99,97,100,99,99,98,99,98,98,85,98,99,100,102,101,97,98,96,99,99,97,96,96,84,97,99,51,117,95,95,96,97,53,95,94,94,95,98,94,92,95,96,62,96,95,93,98,102,96,96,98,72,70,68,71
142,141,142,143,120,124,136,136,136,136,135,135,136,137,136,136,136,137,136,138,104,116,94,132,133,131,63,136,56,135,53,134,59,136,58,136,116,139,138,139,139,139,118,65,101,62,92,63,75,113,68,67,85,82,104,67,90,94,60,91,71,141,141,139,139,138,138,151,153,117,110,111,118,121,121,120,120,119,119,123,123,124,124,124,125,123,124,124,125,122,123,122,139,139,139,139,138,139,138,138,137,137,137,137,137,137,136,136,136,141,116,134,134,134,135,134,134,134,134,134,133,133,133,96,95,97,152,97,93,92,92,92,96,95,97,97,97,96,98,99,95,95,94,100,119,98,97,98,99,96,98,100,99,99,89,99,98,101,102,101,100,99,97,99,99,97,98,95,84,96,97,62,117,95,95,97,97,39,94,94,95,97,97,94,93,92,95,84,96,96,97,73,72,68,69,71,70,68,75,69
61,85,141,130,106,126,134,133,135,135,135,135,135,135,136,135,136,135,136,137,113,119,96,134,132,134,77,135,59,134,58,137,54,136,57,133,116,138,138,138,138,138,114,73,105,72,99,70,80,114,77,64,89,92,103,66,93,100,50,96,66,140,138,168,169,154,152,158,155,132,157,120,104,128,118,143,137,139,146,145,144,141,135,129,127,118,110,100,107,111,127,128,144,153,153,154,138,138,137,137,136,136,137,136,136,136,137,135,135,140,117,135,134,133,133,133,133,133,133,133,132,132,133,93,95,97,154,97,92,93,93,91,97,96,97,98,97,98,99,100,97,96,93,100,113,98,97,98,97,97,98,98,97,97,96,98,97,102,102,101,99,100,96,98,99,96,97,94,87,91,95,79,112,94,95,93,97,33,95,94,94,96,89,94,92,94,94,99,97,97,94,68,65,68,56,61,55,68,61,74
25,71,140,125,104,108,135,135,134,135,135,134,135,135,135,136,136,136,136,112,114,113,94,134,132,132,115,136,94,135,81,134,66,134,52,133,116,138,137,127,138,138,111,68,115,79,115,75,93,117,81,68,91,95,86,73,90,100,52,97,68,98,112,120,109,155,120,156,154,96,138,125,96,145,61,150,98,76,69,102,98,100,83,64,80,58,69,150,80,136,97,98,113,98,143,97,137,137,136,137,137,136,136,136,135,135,135,135,135,140,117,134,133,133,132,132,132,133,132,133,132,133,133,92,96,97,154,98,93,93,93,91,97,94,97,97,98,97,99,99,98,95,92,98,114,98,95,97,98,95,97,97,96,98,104,98,97,102,102,100,98,100,96,98,98,97,97,95,89,92,92,93,112,87,73,64,62,36,114,118,85,112,80,115,117,118,120,95,114,98,97,103,82,114,113,112,113,109,104,113
31,68,134,115,102,107,136,134,134,133,134,134,134,134,134,134,134,134,135,123,113,115,94,131,131,134,125,135,115,134,100,134,84,136,76,132,116,141,98,157,100,92,111,61,114,86,125,75,102,115,85,69,85,88,82,68,91,93,55,95,68,104,90,167,164,157,136,154,153,103,136,102,83,115,96,144,115,121,127,139,140,147,151,151,152,154,154,157,155,153,155,154,154,154,134,142,136,136,136,136,136,135,135,135,135,134,135,134,134,141,111,134,133,132,132,132,131,132,75,55,55,101,115,92,96,95,150,98,92,92,93,90,97,95,98,98,96,96,98,97,99,96,91,96,106,98,96,96,96,90,97,97,97,96,114,98,96,96,98,99,98,98,95,96,96,94,93,92,88,115,117,80,104,61,62,60,58,57,58,60,58,61,58,70,82,95,101,102,114,121,116,116,112,110,113,113,110,109,102,112
116,126,126,131,102,103,100,134,132,133,133,133,133,133,134,134,134,134,134,129,118,113,95,131,132,134,131,136,126,135,126,136,122,135,119,130,115,69,156,96,114,118,104,58,114,80,124,82,103,115,86,72,87,87,77,67,90,80,57,94,65,109,96,129,86,156,142,153,155,104,117,70,77,115,68,151,74,60,99,118,96,95,97,111,102,61,72,151,87,125,82,88,135,104,141,97,136,135,135,134,135,135,135,134,134,134,134,133,133,134,134,125,125,131,131,131,132,131,71,80,92,129,138,86,82,89,144,89,82,89,90,91,91,90,88,89,101,95,104,93,137,104,134,158,110,99,100,111,100,85,91,87,87,87,112,94,95,131,127,117,101,106,92,95,103,126,92,101,102,157,148,108,108,105,103,108,111,102,111,108,109,107,108,108,109,108,111,91,100,104,104,104,104,101,103,102,101,100,94,101
46,62,112,135,82,83,94,133,132,133,133,137,133,133,133,134,133,134,134,128,120,121,110,130,134,136,134,134,131,134,132,135,130,133,131,126,114,101,152,103,125,124,79,52,112,71,124,58,108,110,87,68,90,80,106,55,90,65,56,94,59,83,80,138,108,154,126,139,123,82,97,129,67,89,83,124,81,88,91,125,98,93,100,132,105,115,120,133,130,133,138,136,143,140,135,141,135,135,134,135,134,134,134,133,133,132,132,132,133,134,135,127,127,132,129,133,122,126,132,123,134,128,137,140,143,139,148,148,150,152,150,152,151,146,140,147,143,139,144,146,147,155,142,150,150,151,152,148,151,136,155,153,153,150,142,148,153,154,156,151,152,153,153,156,150,154,152,152,141,139,143,110,103,101,104,106,109,95,103,106,103,106,98,103,105,104,105,91,99,106,102,103,103,101,101,98,101,99,97,98
112,54,98,129,80,88,86,93,107,132,120,131,120,102,133,133,133,132,132,121,121,94,97,127,132,134,130,135,131,133,130,134,131,133,133,123,116,94,145,89,115,136,63,57,114,66,113,56,113,108,100,69,89,69,104,55,89,57,70,94,59,82,69,115,64,156,135,139,128,58,65,108,79,60,89,129,86,98,87,136,53,46,84,144,92,47,32,124,68,70,101,120,137,84,113,94,134,134,134,134,133,133,134,133,132,132,132,131,132,138,138,129,134,133,136,135,131,131,134,134,136,136,137,145,148,139,142,148,148,150,149,150,152,149,142,149,145,139,143,145,144,152,144,144,139,142,144,132,153,140,151,151,150,149,134,140,148,151,150,149,151,150,151,151,150,150,147,145,127,130,99,94,112,83,87,89,91,85,98,96,97,96,86,96,94,99,98,90,100,103,105,108,99,97,100,103,103,103,91,98
124,52,78,114,80,85,82,101,73,85,72,125,95,95,124,125,125,125,128,118,121,93,108,131,132,135,133,134,131,134,131,134,132,135,131,116,116,105,124,112,112,118,58,65,114,63,100,49,116,105,109,71,94,60,107,58,92,50,85,95,60,107,74,113,84,155,121,115,129,63,97,79,79,55,79,131,80,82,68,132,76,72,85,135,85,70,70,120,83,84,84,112,132,84,109,90,134,132,132,132,132,132,132,131,131,132,131,131,130,137,130,59,59,124,123,123,123,121,118,116,114,115,133,85,87,88,77,96,87,95,91,90,85,87,93,91,91,84,89,92,87,87,84,86,88,91,91,91,90,74,93,92,93,92,85,97,96,90,92,92,92,91,92,92,92,93,90,90,84,85,90,90,113,83,89,89,80,66,82,84,82,79,51,96,94,86,83,59,69,70,68,59,61,55,56,58,57,62,56,69
117,82,87,99,76,77,81,105,105,134,133,132,140,129,151,116,132,136,135,120,112,110,116,127,131,135,134,135,130,133,131,133,131,135,131,107,119,111,62,117,50,88,71,89,111,61,88,56,113,100,115,69,56,41,65,59,92,40,90,93,62,98,65,74,93,156,111,119,127,78,100,76,105,41,74,130,91,92,83,135,79,81,79,136,74,80,42,124,60,91,70,113,132,81,110,93,130,129,128,128,128,128,128,128,128,128,128,128,126,132,30,127,127,127,127,126,126,126,126,126,126,126,126,83,87,83,83,88,70,86,84,84,85,85,85,82,84,87,85,84,80,84,75,85,75,83,85,84,82,97,90,80,85,87,76,82,81,71,81,84,88,90,92,79,77,82,88,87,81,85,96,81,116,77,81,78,73,69,77,79,77,79,61,81,82,81,81,51,72,71,72,66,69,62,75,75,68,65,66,69
139,85,87,116,123,92,92,87,99,90,150,107,111,104,134,93,93,140,90,131,114,99,106,128,132,133,130,134,131,134,133,133,132,136,132,102,117,110,76,115,139,142,76,100,106,77,73,41,104,99,117,67,50,37,83,63,91,56,94,84,61,79,69,94,121,156,104,92,131,74,105,62,106,59,82,132,92,102,72,131,90,64,78,132,81,70,72,121,78,92,96,113,133,93,107,109,115,101,114,115,122,116,102,104,103,105,117,100,105,137,110,107,109,107,114,115,114,115,119,111,109,109,107,74,80,72,66,74,63,72,75,74,72,75,75,69,73,76,76,76,72,74,68,82,67,82,81,79,80,120,79,80,80,80,68,80,79,70,79,81,79,81,81,74,70,73,78,76,82,87,89,76,115,68,69,71,71,74,76,76,76,79,71,76,77,76,75,56,71,67,66,66,62,69,64,62,69,67,72,67
137,75,80,81,80,84,78,80,94,119,147,108,80,84,91,98,127,87,98,127,98,81,105,127,133,136,133,135,133,134,133,134,135,135,134,98,115,109,139,132,127,126,83,115,107,101,66,69,86,96,118,67,60,42,97,79,92,69,93,69,56,61,84,117,146,158,102,79,126,94,103,60,115,62,55,127,77,123,52,128,51,97,83,135,107,129,121,119,135,129,144,136,128,126,107,114,101,115,52,92,118,90,122,92,76,77,94,97,101,138,108,104,104,99,98,99,102,105,104,99,100,98,98,67,76,65,47,70,60,66,69,72,74,69,67,63,68,70,71,70,65,64,57,71,59,72,71,74,75,132,74,74,75,76,71,77,71,64,66,72,70,74,73,80,69,70,76,75,87,91,87,73,102,69,65,70,63,75,69,68,75,73,76,74,66,68,70,62,70,68,66,70,64,61,74,67,71,73,73,66
130,62,51,63,68,96,69,84,96,126,144,109,106,119,130,111,133,135,107,124,97,89,111,127,131,133,133,134,131,133,132,133,130,133,131,97,113,109,142,141,141,140,93,122,105,105,56,80,75,94,107,57,90,46,111,66,93,85,88,59,52,46,103,132,151,157,107,56,125,97,115,62,122,69,76,128,84,132,79,125,81,86,93,133,111,128,123,124,122,122,110,114,127,72,108,109,108,120,75,47,82,94,91,76,85,107,107,77,102,139,107,104,99,101,107,98,104,99,97,101,101,99,98,63,77,62,56,67,51,80,65,67,64,62,59,61,65,69,71,66,60,64,55,79,58,74,73,71,69,140,71,70,68,68,69,66,72,57,71,69,69,71,68,66,66,68,69,74,87,92,82,66,91,64,75,62,60,72,66,66,66,69,79,68,71,67,68,61,65,80,77,71,73,55,65,76,73,70,76,60
121,73,59,58,79,94,71,95,74,119,154,119,108,84,108,85,89,102,121,107,108,93,117,128,131,135,134,135,132,133,132,132,130,128,128,98,115,106,101,129,124,137,94,120,102,116,51,103,62,91,101,53,92,47,111,64,95,90,80,51,55,58,113,158,161,159,96,51,128,104,94,55,132,32,51,130,93,148,83,127,133,131,138,127,128,135,99,126,67,88,77,100,130,84,110,114,126,126,95,108,83,70,83,73,87,87,126,74,96,140,113,105,94,94,89,92,93,95,85,94,95,93,97,152,153,154,125,77,90,92,97,99,104,96,102,97,102,99,96,78,48,46,56,72,51,70,70,64,62,144,62,63,67,70,65,68,71,51,62,61,64,68,71,66,69,65,68,71,88,86,78,63,85,60,59,56,56,65,64,65,71,69,100,69,69,65,67,59,63,70,69,79,74,66,58,66,59,61,80,57
127,135,137,71,79,81,76,99,75,135,81,89,85,110,81,131,91,111,116,94,97,139,149,127,132,134,133,130,131,128,126,123,120,114,106,99,113,102,80,97,102,138,107,108,100,119,48,114,56,90,83,63,87,59,110,68,95,92,58,43,53,50,146,141,163,158,118,71,129,125,121,65,136,77,80,131,79,146,86,128,118,118,123,122,105,114,75,117,102,83,56,85,127,73,106,119,41,55,92,64,125,82,126,109,123,30,67,134,98,137,112,90,82,89,99,94,92,103,95,91,84,88,90,146,148,153,150,152,136,153,154,154,154,148,149,152,151,143,149,154,152,147,134,146,150,145,117,106,132,90,142,152,149,145,136,88,88,91,92,88,84,70,63,58,59,61,64,68,88,69,72,47,86,61,56,51,53,64,62,63,64,64,69,69,68,67,60,55,60,64,84,64,63,56,74,71,65,63,77,60
98,125,142,128,127,130,65,75,102,140,85,91,95,87,79,104,118,124,117,128,132,123,121,128,131,133,131,130,125,122,117,107,91,75,57,98,113,117,121,122,127,131,107,98,95,114,46,122,57,94,65,61,42,65,110,73,98,95,50,56,58,69,154,158,159,158,127,58,130,131,91,65,134,38,44,131,101,144,138,121,127,119,73,119,77,139,91,130,78,59,79,88,127,99,108,112,64,69,43,42,124,94,124,112,122,63,83,132,89,140,117,91,93,87,78,100,93,85,91,70,96,153,111,54,74,66,88,108,112,105,90,101,95,88,127,158,153,147,151,152,152,150,139,154,151,150,149,143,149,133,150,144,151,149,147,152,148,137,154,150,151,153,156,159,152,111,84,112,106,103,95,37,65,51,54,54,48,62,60,58,57,62,65,56,56,59,56,57,57,60,60,60,56,50,59,59,54,52,57,62
75,132,143,137,143,118,100,77,110,143,86,86,104,107,119,123,123,124,120,123,121,120,116,128,130,130,129,122,112,98,87,80,68,56,53,94,111,91,91,117,134,76,105,78,96,95,41,125,41,94,49,57,42,73,111,67,99,89,53,76,76,52,158,147,163,158,150,59,127,134,123,72,133,81,84,135,92,135,117,126,122,119,103,116,96,140,101,125,92,17,52,72,122,66,110,118,34,57,69,37,122,43,123,107,118,87,105,132,70,138,111,73,94,73,79,85,81,90,69,155,151,155,125,81,66,69,49,69,46,68,60,61,69,68,70,78,78,75,84,86,58,83,95,122,141,109,91,95,84,115,148,141,145,142,142,144,145,135,146,147,149,146,151,156,148,152,150,145,155,126,110,8,28,61,73,58,63,66,72,70,63,57,63,57,57,58,54,51,54,56,54,57,67,62,57,57,58,63,66,63
82,135,137,95,126,137,134,70,71,71,87,86,105,74,120,124,124,123,121,123,121,120,116,128,131,124,119,110,99,82,61,55,53,55,50,99,112,97,104,80,115,92,101,62,92,86,65,117,58,96,58,60,75,83,106,58,98,82,53,80,89,115,158,157,158,154,151,40,126,131,129,92,129,82,104,137,131,141,121,121,94,115,73,120,87,143,75,130,86,103,120,127,122,130,105,114,73,106,47,51,122,86,122,111,115,94,108,129,79,136,133,117,66,71,88,81,86,81,11,49,159,157,17,64,75,69,29,55,33,61,54,62,71,71,66,66,71,66,75,79,72,69,89,77,67,72,67,60,72,135,70,63,71,85,66,66,88,96,102,98,92,89,99,97,116,108,143,153,135,146,157,94,31,48,72,51,53,56,64,62,63,59,61,55,58,53,55,49,56,57,58,55,66,35,66,65,57,57,75,69
165,119,125,116,151,151,159,73,78,71,87,82,65,84,118,51,51,56,52,59,58,46,61,127,132,119,104,85,65,50,55,56,56,51,49,97,109,67,85,81,106,100,94,46,92,70,51,102,40,94,57,52,92,100,114,110,95,63,59,94,93,49,156,163,147,147,154,73,123,125,118,86,126,86,75,140,107,137,132,119,86,123,64,122,92,144,44,128,76,87,94,46,124,54,107,123,95,105,73,40,119,48,122,109,113,21,111,126,124,138,125,136,111,135,73,70,76,71,75,48,155,156,78,50,72,67,35,58,40,78,74,80,95,72,64,70,72,74,77,76,61,67,98,76,63,68,60,61,60,129,57,62,63,54,49,60,60,93,65,61,48,55,53,55,58,60,56,62,115,139,150,121,48,51,66,62,61,68,64,64,59,57,62,56,58,62,63,60,56,58,58,59,60,37,50,49,50,69,66,45
155,122,126,117,126,133,116,74,69,65,58,83,74,75,99,101,95,78,74,73,73,74,66,127,130,103,82,56,138,68,49,51,53,57,56,97,107,95,62,81,106,94,68,42,92,55,63,81,43,92,49,57,107,76,73,75,81,49,96,74,72,71,156,154,157,140,154,46,126,123,86,71,117,94,92,139,124,119,98,121,85,128,81,125,79,143,111,130,129,118,126,128,131,132,106,119,76,48,87,70,118,41,120,105,112,110,116,143,145,140,129,129,134,130,121,115,118,116,121,113,72,90,120,44,58,66,62,69,42,66,52,59,64,68,62,63,61,67,69,70,58,69,110,81,76,81,68,64,71,119,53,56,52,55,50,59,55,107,66,59,45,55,52,49,55,53,50,64,98,80,145,117,95,101,105,108,108,108,112,113,107,115,111,115,110,90,59,48,51,56,55,59,58,60,54,51,52,52,52,47
141,135,132,122,118,127,163,107,66,62,61,63,39,66,64,90,101,113,76,74,74,75,70,127,127,83,60,40,126,113,105,107,99,103,137,140,121,85,123,79,139,59,83,92,90,56,92,63,60,91,45,77,129,62,132,87,79,143,95,99,96,90,154,161,132,130,156,80,124,115,92,80,119,74,82,137,109,121,123,115,85,133,86,123,92,129,98,132,84,89,99,38,123,80,109,121,77,82,72,88,139,120,117,120,119,119,118,120,120,142,131,131,133,129,132,127,128,124,118,129,122,127,136,78,89,113,96,103,72,57,45,53,56,60,62,52,59,60,79,77,62,73,118,72,76,79,73,61,51,89,51,47,48,48,48,52,52,112,60,56,31,51,49,47,53,55,57,63,92,76,112,114,89,99,98,98,95,103,107,105,103,104,99,105,105,109,106,106,107,109,113,111,110,104,112,115,111,113,113,105
125,126,128,129,128,119,134,87,60,60,66,61,95,65,63,53,66,50,48,51,48,42,46,125,109,98,99,115,130,164,133,128,138,137,141,76,93,96,65,70,73,109,90,42,91,76,144,120,99,130,102,92,102,73,129,74,73,54,103,125,52,54,157,154,157,125,154,56,132,116,100,83,118,65,96,134,111,103,81,127,89,136,80,125,119,141,126,128,127,123,132,132,125,102,103,123,123,121,156,167,142,128,145,148,149,147,113,115,117,138,131,48,104,154,124,124,128,126,123,131,133,131,135,147,143,147,150,153,124,147,147,152,85,91,94,98,109,68,65,69,38,59,114,64,54,60,59,57,52,39,49,46,47,48,56,48,49,108,61,87,26,56,62,75,75,75,68,76,87,78,76,90,52,92,99,103,98,96,98,97,101,99,94,101,101,99,99,96,100,97,98,96,96,93,103,103,102,99,99,96
134,131,133,127,124,125,130,54,82,63,58,62,73,65,61,64,72,74,75,70,73,109,131,133,135,137,110,131,125,142,113,108,114,89,95,69,64,63,70,103,102,106,91,50,93,117,123,123,128,103,88,131,127,135,123,130,110,68,70,50,61,64,155,117,74,116,155,81,129,110,78,81,121,73,82,132,115,85,82,124,97,137,72,129,67,117,73,135,77,84,45,49,123,81,107,116,98,41,50,114,127,91,89,89,89,89,147,146,119,141,116,151,134,120,69,143,156,157,151,122,130,127,137,78,107,102,93,156,129,149,151,151,141,149,148,148,150,148,147,154,122,90,103,149,154,90,86,44,45,42,52,57,44,73,70,75,81,102,59,56,32,56,51,54,55,58,47,67,74,72,82,54,46,48,68,65,72,65,65,60,76,68,60,51,96,99,94,104,90,96,93,95,92,90,97,100,94,91,90,93
135,134,136,135,135,136,137,56,83,66,52,66,63,65,63,59,73,52,109,124,100,133,127,136,131,137,128,136,109,100,129,125,122,108,115,125,117,114,123,135,137,128,120,122,104,150,129,129,126,145,95,73,72,72,71,87,103,97,116,119,99,75,157,155,158,115,156,61,131,114,82,41,122,61,114,130,105,70,82,135,81,131,108,127,130,132,126,131,129,128,118,77,123,74,103,121,110,64,56,91,118,87,87,87,84,82,100,109,111,144,110,151,132,138,153,136,152,145,75,108,65,85,117,59,64,58,53,60,107,71,53,93,107,105,85,158,147,146,146,149,148,147,150,148,150,148,154,146,156,114,115,122,81,86,88,93,45,90,63,77,55,57,87,80,63,63,49,66,70,74,76,61,45,62,66,38,41,47,48,48,48,48,63,65,59,61,68,60,64,62,62,58,70,70,76,66,68,104,77,98
138,125,125,132,133,134,136,57,72,75,84,60,61,82,71,114,58,63,148,88,98,114,116,120,124,119,120,120,114,123,122,123,133,119,113,94,80,99,24,39,108,131,116,115,115,154,137,168,79,94,152,81,79,103,111,94,77,92,107,76,65,106,153,106,106,116,157,67,131,109,75,68,125,76,79,127,123,61,71,127,83,123,89,128,87,111,71,138,95,53,59,43,124,80,105,114,108,72,73,53,116,79,70,75,83,82,99,104,96,145,114,150,138,87,130,145,149,137,140,108,113,112,113,61,61,59,51,58,108,59,36,54,58,75,61,58,54,68,50,97,106,101,92,154,148,145,149,140,153,149,146,144,148,151,148,141,148,151,103,109,90,85,85,86,88,70,60,66,69,77,78,65,47,101,61,60,47,45,48,45,48,55,56,52,54,44,33,38,35,61,47,47,47,60,42,60,56,59,66,63
127,129,124,134,135,135,138,55,55,51,96,88,78,64,78,62,62,78,125,132,127,129,110,41,44,123,46,27,122,49,64,126,49,129,127,64,82,83,95,105,93,88,124,100,97,85,91,94,136,163,165,168,78,79,79,77,77,76,75,74,67,89,153,157,157,118,157,77,129,111,78,84,125,42,116,133,115,56,90,134,76,131,133,131,127,123,131,133,125,74,54,72,123,85,105,121,111,59,62,75,64,84,67,53,63,93,96,100,93,143,118,151,136,138,153,143,150,146,92,105,83,80,116,67,59,49,54,54,105,58,29,58,61,57,58,56,57,76,37,44,44,58,53,57,49,58,61,101,111,99,92,149,144,151,145,147,147,150,148,152,146,153,143,145,144,146,147,123,84,91,96,79,45,117,48,61,50,36,55,47,61,49,42,47,45,44,47,42,54,59,47,50,50,66,40,39,72,55,41,24
127,129,131,130,125,124,134,56,48,81,99,82,56,91,58,57,55,62,128,127,126,130,115,130,123,122,82,56,118,52,67,121,70,130,126,59,80,80,158,145,69,130,109,112,110,110,109,111,109,112,129,108,76,69,102,93,75,145,95,73,69,70,154,104,118,126,105,45,104,108,78,76,127,86,96,124,129,45,71,136,86,99,85,132,82,81,77,144,111,78,57,39,127,123,104,114,92,56,48,68,64,88,57,52,65,69,82,149,137,143,116,151,144,107,87,145,147,145,143,106,112,109,110,78,62,48,50,54,100,63,33,52,58,59,57,56,55,71,44,47,51,58,45,63,55,66,51,52,46,39,57,63,64,54,80,89,87,91,95,149,143,152,150,147,150,153,134,141,140,99,151,107,47,116,51,43,35,56,36,45,52,44,41,47,48,42,42,35,35,53,41,42,51,61,42,44,36,36,33,23
131,128,127,128,133,138,138,63,116,71,98,108,67,61,54,68,54,40,145,126,124,130,107,124,127,119,129,130,118,133,129,114,126,133,127,129,103,62,150,60,146,136,117,120,123,120,124,127,124,123,131,121,124,152,159,171,73,147,99,73,61,55,152,153,137,120,121,120,124,123,104,82,132,50,125,125,133,75,85,139,101,129,130,132,134,122,137,138,106,86,64,77,127,108,109,119,74,57,42,35,65,62,48,48,52,52,60,75,88,144,116,151,136,138,153,145,150,141,88,106,77,81,112,132,160,51,55,54,94,61,50,54,50,58,57,62,52,70,40,47,69,52,50,60,58,63,56,47,48,49,64,70,59,48,64,63,61,52,61,67,103,58,89,96,92,94,82,151,133,158,148,85,46,105,49,62,57,40,54,47,39,38,44,38,43,41,47,51,51,41,39,42,42,62,47,33,28,35,40,29
124,124,131,136,134,138,134,111,77,77,91,76,89,63,60,62,58,63,122,124,126,130,67,67,106,118,65,50,122,87,102,115,128,128,129,127,133,129,149,154,109,138,121,124,123,122,121,121,112,128,135,122,149,129,135,129,137,112,143,138,128,116,155,148,140,123,123,126,122,127,112,71,134,84,122,118,134,82,104,144,104,96,103,135,92,94,46,145,124,95,105,140,131,76,112,114,137,49,50,41,46,63,50,13,62,64,29,70,77,144,113,110,145,48,116,146,149,145,142,106,109,108,111,139,146,151,152,128,80,163,96,49,42,62,48,55,51,66,38,47,83,53,39,67,57,62,55,43,46,54,66,68,61,50,50,62,63,57,60,63,112,56,57,91,59,61,130,133,109,150,108,65,48,96,44,52,47,34,32,33,33,48,48,45,51,37,35,48,48,40,45,42,48,59,57,33,44,48,42,45
136,134,130,134,134,137,136,94,104,102,96,122,96,113,46,52,50,46,124,126,124,126,63,27,116,107,53,67,117,67,40,119,46,132,126,100,132,148,143,156,121,142,124,122,165,122,126,135,135,111,119,112,111,108,92,106,147,137,143,148,136,147,162,147,136,122,122,126,121,125,100,47,137,18,146,126,139,76,89,139,102,126,132,133,133,116,130,130,134,134,135,134,138,141,107,119,69,39,41,43,40,47,71,65,73,32,59,67,78,142,114,60,135,139,153,145,151,142,92,103,91,71,110,122,118,147,151,152,144,147,152,152,156,89,114,159,133,57,34,47,97,45,45,64,59,56,55,44,47,51,66,72,60,50,55,71,76,61,57,59,115,53,53,107,64,59,138,88,78,105,155,65,44,79,50,57,51,46,38,47,39,42,45,51,44,46,43,40,34,34,38,39,35,71,39,37,43,38,34,51
127,128,125,137,134,134,133,108,96,96,107,106,98,81,52,74,90,74,100,87,69,58,78,114,114,113,114,113,117,86,73,94,104,131,116,111,112,127,132,142,151,131,134,134,130,124,139,133,136,138,141,117,137,121,111,126,134,123,126,144,140,120,111,133,116,125,126,126,127,127,131,128,132,135,147,134,135,134,132,135,80,77,82,140,124,102,100,147,137,102,96,102,146,99,143,142,163,60,40,39,45,41,44,34,68,35,74,57,77,141,131,76,149,37,64,143,147,145,144,59,88,89,120,141,89,63,64,90,103,86,144,151,146,144,151,151,153,155,158,93,99,138,87,60,53,45,50,37,45,48,63,68,42,48,49,48,64,58,63,60,116,53,54,115,62,61,136,74,70,81,141,106,42,54,59,58,51,45,44,44,41,43,39,44,38,40,47,26,39,31,32,33,32,66,33,27,28,29,31,61
131,128,129,130,131,134,132,89,93,134,101,93,90,95,79,100,106,116,91,57,83,56,49,138,138,71,84,92,147,130,128,126,119,116,160,118,136,106,95,84,112,125,142,140,129,121,124,128,145,126,142,135,126,125,131,105,127,127,113,121,129,134,137,133,112,135,123,34,27,50,85,73,147,81,116,67,45,60,37,132,123,107,129,120,170,170,124,120,152,157,109,112,117,120,124,150,120,80,58,54,51,95,48,57,52,62,82,75,49,140,131,127,56,102,115,129,136,148,62,75,23,60,122,133,119,67,59,58,30,52,70,60,81,104,100,146,150,148,147,148,153,154,154,153,130,88,153,135,79,32,52,60,43,42,45,49,64,61,66,62,101,55,59,114,68,67,131,72,66,79,100,154,42,45,41,51,35,44,33,49,36,37,42,38,39,28,36,39,36,35,29,30,35,66,37,41,29,36,32,62
122,126,126,130,132,129,130,62,102,101,67,100,88,95,73,81,99,113,126,53,82,53,45,60,112,65,48,63,153,164,123,79,101,128,162,165,121,134,133,132,134,132,140,126,98,109,111,113,111,84,93,103,97,48,102,106,126,109,117,122,114,112,139,144,144,160,138,135,58,79,166,170,171,163,52,8,70,49,103,118,114,116,117,119,112,144,141,93,131,136,138,106,124,63,32,123,135,113,58,51,38,62,60,71,70,40,53,48,44,142,133,132,135,126,127,125,118,119,81,62,80,65,81,132,113,66,56,55,33,58,90,52,48,50,37,45,54,59,90,90,80,149,146,152,151,152,150,152,148,154,91,93,90,92,65,44,47,62,55,45,72,43,52,116,63,59,128,65,61,78,74,148,80,60,81,87,65,67,57,45,30,28,33,28,25,27,31,21,30,32,27,31,27,60,32,27,33,40,39,60
124,128,128,130,129,129,130,52,103,46,52,78,92,94,95,109,99,134,100,93,74,57,52,48,47,51,72,91,159,104,164,122,133,137,165,163,123,134,134,135,133,134,107,150,72,10,92,20,2,2,2,24,2,38,41,119,107,96,109,111,142,127,118,107,125,132,124,158,95,118,90,110,88,56,18,42,37,62,93,144,141,146,149,152,52,63,147,128,37,69,153,107,105,74,119,86,130,123,66,53,57,63,64,42,52,70,73,74,68,142,137,137,135,135,132,130,125,128,123,120,79,74,66,122,98,56,57,50,43,55,115,51,40,50,41,44,41,53,60,45,83,50,57,153,151,83,149,146,144,149,143,150,137,154,152,150,104,111,158,118,68,44,39,99,52,52,122,58,57,77,75,132,81,97,104,108,110,107,47,53,60,61,54,55,57,60,47,26,21,32,27,29,27,55,29,32,48,34,28,61
129,126,126,135,133,131,128,69,100,55,53,76,90,96,95,99,116,125,110,134,93,49,59,93,67,88,60,52,126,165,109,162,117,123,165,162,121,131,136,138,140,140,124,144,128,70,102,120,128,123,145,146,145,128,122,124,121,127,114,127,106,123,119,121,123,127,128,133,108,132,112,112,56,40,45,38,138,141,160,167,65,114,151,156,64,123,151,149,74,127,154,104,104,60,41,94,128,109,49,47,76,76,63,70,45,44,70,46,53,143,138,55,152,116,133,130,132,130,129,128,131,126,135,115,126,61,49,46,38,57,127,69,27,45,31,42,10,56,75,51,73,64,61,69,60,77,69,94,95,120,88,152,140,145,147,140,149,153,148,148,149,147,111,85,102,84,119,104,46,69,73,95,81,97,97,99,102,101,101,104,104,107,107,108,99,46,56,54,63,62,57,55,58,59,48,40,37,38,21,59
123,123,125,130,127,124,124,98,97,44,69,127,119,93,95,98,59,90,99,109,61,63,68,67,76,50,69,106,162,99,163,125,166,118,165,155,124,134,130,114,81,79,81,160,127,141,118,144,125,123,139,141,136,138,156,142,149,145,142,137,141,156,115,120,117,130,126,114,101,111,150,108,95,98,53,30,140,166,134,136,139,94,149,149,129,77,151,146,125,60,155,102,102,75,54,89,122,92,71,75,68,41,36,66,64,74,43,66,61,141,115,0,141,139,152,116,149,102,129,125,133,138,132,127,142,87,94,92,46,51,138,53,29,41,35,49,37,54,102,48,39,51,53,69,71,63,60,110,52,51,55,63,122,86,101,95,122,150,150,152,150,149,147,148,144,142,146,149,106,98,72,131,56,96,97,103,106,102,104,100,105,100,107,98,95,99,97,102,105,107,113,88,45,53,57,53,54,55,53,60
127,126,128,129,123,129,132,84,81,52,40,70,25,116,111,66,118,87,130,93,77,43,68,67,35,47,61,120,107,164,104,164,99,165,165,150,123,133,88,152,123,129,130,121,106,107,112,120,110,107,114,146,138,134,136,138,123,139,141,139,137,138,138,146,94,99,104,109,108,110,111,106,116,126,67,76,145,160,131,140,165,92,144,147,83,36,151,148,67,86,155,83,92,132,85,93,154,90,43,76,37,80,57,60,50,78,65,73,49,142,117,53,147,94,63,122,141,145,136,96,121,129,136,126,148,139,143,146,149,94,104,114,53,48,12,41,41,54,113,50,27,59,36,69,72,57,49,109,45,58,54,59,113,76,61,50,50,76,88,92,99,104,154,143,144,146,136,148,151,136,130,150,50,94,71,70,66,66,113,102,100,102,104,96,96,100,100,101,100,97,106,105,102,96,104,104,112,110,73,52
123,120,121,124,127,127,128,100,87,76,38,88,99,105,89,99,141,95,81,88,68,53,105,63,65,83,85,143,165,111,164,99,164,100,164,145,126,138,114,146,129,132,129,134,137,138,140,138,136,133,143,129,99,95,110,106,106,108,108,105,108,120,110,72,74,71,95,83,137,75,80,82,77,87,73,128,131,114,130,132,131,133,142,79,75,28,83,75,60,66,77,125,96,86,59,71,65,51,52,39,19,42,56,80,81,62,80,55,44,141,117,66,141,138,147,111,143,141,151,99,51,84,109,137,53,111,90,149,152,150,135,151,136,144,118,105,59,44,121,37,24,48,44,49,74,55,44,104,45,46,48,47,99,72,58,59,50,42,54,72,42,45,46,43,96,111,103,124,149,136,133,131,49,111,38,40,37,38,49,72,72,105,63,58,115,107,93,100,101,98,105,103,104,95,100,100,104,100,105,89
81,72,121,81,63,101,84,125,96,84,111,78,99,95,95,91,31,93,86,148,66,58,76,66,67,69,62,149,110,165,116,161,105,164,164,143,124,135,129,156,125,125,130,139,92,105,97,103,106,92,61,71,76,84,81,110,83,93,88,83,85,83,84,85,82,87,79,78,115,113,109,132,132,129,130,134,134,134,85,56,37,146,141,64,71,45,80,76,77,60,74,99,93,43,66,55,66,62,46,39,25,41,42,44,51,65,81,80,61,139,119,49,147,121,76,104,139,140,144,104,70,131,110,115,83,80,50,56,59,108,89,153,134,146,148,150,150,151,84,148,82,48,50,101,74,62,49,91,50,49,70,45,78,63,60,51,48,55,54,61,45,40,41,13,39,38,27,49,57,149,72,43,45,116,27,33,25,30,18,16,26,36,37,46,47,71,53,61,62,52,115,100,94,93,102,94,105,104,108,86
74,65,72,46,70,41,72,76,87,84,77,68,109,100,89,85,93,98,95,106,73,59,81,70,71,54,41,149,165,114,165,105,163,105,164,140,124,139,9,158,130,129,133,140,72,98,85,83,80,81,79,80,88,85,79,113,106,111,95,84,97,91,91,93,90,82,78,78,80,76,118,86,0,2,2,2,2,2,67,33,52,67,139,126,127,142,70,32,68,47,68,35,40,0,73,37,78,62,28,51,84,2,52,48,44,35,5,33,18,145,122,80,156,152,153,89,142,142,150,102,75,76,108,62,53,53,62,68,73,81,77,40,98,103,91,150,140,150,145,151,152,154,90,92,92,56,51,74,70,47,60,46,62,50,61,42,47,50,51,52,47,43,40,32,41,35,35,40,43,101,56,50,46,116,27,31,17,20,26,25,30,21,21,36,25,25,31,27,41,48,51,66,55,54,85,58,108,97,94,90
38,40,77,78,68,65,57,68,72,45,31,74,51,89,128,85,86,81,97,142,67,76,62,31,54,72,90,148,116,165,133,163,129,159,164,142,123,134,129,157,130,130,133,122,62,76,81,87,85,83,83,77,84,81,80,99,107,142,115,80,79,85,103,86,86,95,82,80,81,78,79,139,95,22,25,55,80,81,84,90,97,114,128,122,132,128,123,163,138,99,29,67,45,9,59,66,44,53,31,71,57,46,26,40,20,0,1,75,75,145,122,49,98,68,77,123,150,151,158,106,90,68,132,134,45,56,55,55,40,48,67,66,101,51,70,54,87,103,86,149,151,145,153,148,151,156,95,149,88,71,57,63,39,77,61,50,47,41,48,51,50,46,41,28,44,46,33,39,46,60,127,53,42,114,24,21,2,2,2,16,13,16,12,24,24,26,26,28,52,37,49,57,75,84,75,71,51,52,59,55
58,70,67,68,56,66,60,62,75,58,141,150,129,48,91,87,82,88,90,90,88,56,58,75,73,64,73,158,164,141,162,115,160,163,159,142,125,138,34,156,128,128,125,153,119,89,91,63,60,129,134,119,135,90,92,88,92,93,87,117,108,81,82,82,90,91,87,82,91,86,87,84,85,142,120,97,87,86,89,91,91,89,93,95,94,88,122,129,129,130,159,88,70,83,71,29,61,55,63,41,53,31,0,0,41,10,55,44,76,143,121,49,58,105,153,131,153,158,156,125,66,69,124,78,61,56,57,51,58,59,58,48,106,46,92,65,95,79,83,50,44,106,91,143,142,150,149,153,153,154,96,102,96,75,57,42,50,46,56,55,48,40,43,60,63,56,30,60,45,57,153,58,42,116,20,26,16,2,16,2,23,8,2,27,20,32,23,22,58,39,43,56,78,86,29,45,98,57,56,55
72,48,52,66,55,43,49,38,47,67,117,123,85,84,93,94,85,90,80,89,83,64,64,49,35,16,77,142,107,164,152,162,164,137,164,142,127,133,129,155,128,118,122,118,103,157,87,126,130,129,125,135,133,108,104,92,86,84,85,116,140,123,115,96,88,82,92,92,79,83,81,82,80,79,127,136,96,99,103,105,87,83,93,94,93,91,93,94,96,108,127,126,117,124,122,129,158,97,55,45,0,33,0,22,45,20,52,53,83,141,116,49,55,39,115,152,150,147,158,133,84,78,124,136,89,82,69,56,53,60,57,52,108,40,100,52,107,42,54,37,34,39,105,64,49,113,98,143,143,152,154,154,148,149,136,84,135,84,45,55,53,65,37,30,45,43,38,38,43,50,140,45,39,115,20,23,2,2,2,2,31,2,2,27,24,24,21,17,65,39,43,45,83,90,71,68,67,60,56,57
8,73,70,40,55,41,69,47,62,50,52,144,96,136,96,49,69,162,88,82,82,66,59,102,35,50,70,153,163,65,155,147,137,165,164,144,104,108,92,156,126,126,129,116,118,144,114,130,128,120,135,134,159,124,89,89,87,87,93,87,87,89,141,119,104,78,87,97,99,103,105,108,109,107,97,91,130,130,127,117,109,142,83,84,84,83,86,87,78,69,129,119,122,127,124,124,128,127,0,8,37,27,52,49,1,52,27,76,79,143,126,119,105,55,104,104,94,151,155,147,129,93,69,34,126,149,154,95,102,63,49,47,110,48,119,53,110,57,43,40,35,41,98,73,51,44,75,70,80,99,90,156,149,151,151,155,151,154,159,84,155,105,46,39,47,45,46,45,45,49,97,106,38,113,2,2,2,2,2,2,67,2,2,20,12,24,36,47,55,70,70,103,72,87,65,61,39,54,54,59
42,33,59,38,47,57,40,43,42,49,30,78,99,138,96,89,82,154,87,86,83,57,55,107,27,62,73,156,157,164,149,162,165,76,165,144,122,145,152,156,126,127,121,106,111,130,72,121,129,129,133,130,158,112,133,128,125,85,86,86,95,94,85,102,115,125,125,124,128,101,104,116,122,130,116,71,106,94,94,73,118,116,122,121,130,127,124,131,133,130,112,128,128,129,129,131,98,2,38,70,0,1,46,35,35,36,57,71,44,144,122,134,76,117,131,135,118,93,61,89,64,46,83,70,99,145,149,148,151,152,88,154,86,53,125,49,103,62,40,40,47,44,93,86,47,40,47,36,50,48,51,53,81,97,95,150,150,147,152,154,153,159,157,83,89,91,86,47,50,54,78,139,35,112,2,2,2,2,16,2,64,2,2,2,2,24,42,45,78,46,89,73,51,77,30,48,32,56,54,58
42,66,41,45,51,42,43,45,40,47,52,92,94,102,101,99,93,86,123,84,77,65,49,73,46,72,78,158,160,74,151,164,88,164,165,142,135,136,154,156,126,127,108,115,108,119,104,124,129,129,130,125,112,50,158,95,118,96,100,95,94,92,87,83,85,81,146,80,158,74,113,131,125,122,128,127,131,130,129,128,119,130,131,131,132,133,102,0,140,11,25,32,80,137,73,60,63,86,55,16,2,62,36,10,53,41,90,88,50,141,128,129,138,129,131,117,120,101,84,74,21,43,101,114,83,56,53,99,147,152,147,150,144,139,94,92,98,47,21,41,40,36,87,92,49,44,43,45,50,54,51,48,39,55,56,51,60,99,87,154,150,153,153,150,153,157,158,115,113,81,85,132,27,110,16,2,2,2,28,2,32,2,2,3,2,24,46,44,78,50,46,46,46,80,53,54,59,56,57,59
45,43,35,35,44,52,62,82,81,82,68,81,123,87,118,93,102,86,131,123,73,70,60,139,44,105,87,125,158,164,148,152,165,76,164,135,119,134,158,155,123,119,92,152,115,114,145,127,129,128,130,128,99,79,155,110,158,100,78,89,102,135,120,127,125,124,123,123,133,127,130,111,133,133,129,130,133,62,46,0,25,28,2,133,2,13,5,54,132,49,60,63,70,135,79,89,128,125,48,10,32,57,65,16,50,45,92,73,56,143,130,134,133,138,128,125,125,115,64,82,75,91,84,113,76,28,63,57,54,48,104,107,144,151,150,149,154,88,145,34,44,37,72,103,51,40,47,48,44,41,44,55,51,57,52,44,44,60,55,74,61,125,87,153,150,152,155,149,155,82,123,101,90,101,103,81,47,16,38,2,17,2,2,2,2,24,27,57,78,52,52,49,47,50,39,44,47,60,45,63
22,41,49,45,52,60,79,54,68,32,43,40,44,79,96,94,92,91,84,138,87,57,74,73,113,107,68,130,120,104,158,164,86,163,164,128,133,128,162,156,124,123,85,80,151,113,135,127,128,130,128,128,117,115,161,105,159,157,128,126,127,116,126,129,129,128,127,112,127,76,78,72,67,150,63,70,77,70,80,45,52,55,58,148,67,81,80,132,122,133,133,128,132,121,55,74,62,51,75,59,27,25,2,16,36,0,60,68,0,142,133,14,137,141,134,130,128,127,130,111,68,85,82,87,59,0,57,41,59,66,55,68,82,101,89,150,147,149,148,153,82,88,86,104,46,18,52,46,46,42,39,40,32,47,43,34,64,69,57,52,50,52,52,59,55,100,89,138,142,155,127,119,118,112,95,112,52,60,88,103,47,20,2,2,28,24,16,42,84,5,58,46,51,55,41,45,49,51,43,41
60,97,66,64,36,40,32,34,72,0,44,72,38,80,97,102,95,87,87,99,87,77,73,76,68,114,132,95,157,166,141,127,164,84,163,121,118,136,159,156,122,123,124,96,107,127,154,128,127,128,128,126,107,18,161,118,105,140,106,103,42,32,0,131,11,2,27,40,127,85,55,57,59,150,60,70,79,100,126,127,127,124,128,125,18,0,10,2,126,16,21,27,20,135,61,63,70,143,54,24,63,83,96,91,97,88,63,62,38,135,102,97,82,73,76,138,134,131,134,133,122,124,99,136,57,6,0,42,59,52,61,63,72,61,74,57,99,106,150,147,147,146,151,144,130,125,49,47,47,44,34,41,40,71,42,39,43,52,46,40,45,40,56,53,49,34,33,55,64,149,79,88,117,112,95,100,97,102,88,106,53,57,120,50,55,46,18,46,90,31,7,48,57,55,40,40,45,45,43,42
72,59,46,74,37,0,80,61,58,75,67,72,36,48,61,101,75,86,88,115,114,79,78,75,62,86,64,113,157,132,161,165,77,161,163,121,131,128,160,158,124,120,87,0,109,116,155,129,129,129,122,121,117,122,154,115,109,139,121,110,48,66,61,131,57,66,78,76,128,111,129,131,130,131,136,71,0,0,109,0,2,30,2,152,26,53,55,57,124,54,74,83,84,124,128,127,129,129,69,64,87,63,51,49,29,61,69,98,92,144,115,28,66,71,97,101,96,114,133,137,126,131,131,143,55,1,26,32,41,41,55,62,53,57,55,68,52,54,43,96,105,150,148,147,150,146,154,83,157,60,41,53,52,48,47,64,41,57,43,35,47,46,38,41,43,38,48,49,49,88,52,86,48,112,98,100,100,101,91,99,100,103,107,105,78,56,56,48,88,54,28,40,60,53,31,51,40,42,46,47
71,69,63,48,1,63,51,69,49,55,59,42,4,42,44,90,92,81,124,128,103,80,79,81,76,70,133,139,146,160,133,92,162,156,164,120,114,136,161,158,122,113,150,121,96,114,158,126,127,123,120,126,113,151,145,112,158,154,113,83,109,130,126,127,127,131,69,0,130,20,2,2,2,147,9,9,47,52,144,46,57,61,73,152,58,125,132,132,129,132,117,2,34,132,47,79,99,83,47,55,39,40,18,48,72,92,52,46,66,144,120,126,100,90,96,113,101,100,56,60,131,133,136,143,148,101,135,31,33,45,24,40,40,23,53,54,47,56,45,54,53,55,66,98,144,151,145,151,147,148,87,159,101,61,47,75,48,63,50,38,37,40,45,41,28,35,42,45,55,68,72,86,76,109,42,64,107,100,100,97,96,101,100,98,100,104,105,103,105,46,47,101,55,48,42,49,45,34,46,49
0,23,113,89,58,57,61,25,47,27,45,0,31,50,41,53,72,96,112,125,126,86,81,85,85,86,141,138,140,160,98,163,79,151,163,124,139,125,160,157,122,121,91,146,110,100,159,126,126,118,126,126,116,2,140,117,96,158,107,105,41,28,5,132,2,2,45,38,129,50,59,64,67,146,86,83,99,129,131,129,127,130,17,129,2,2,2,2,119,21,24,59,61,133,69,72,68,147,38,32,35,44,47,56,47,60,32,46,59,143,124,133,94,96,110,49,97,59,39,44,121,121,115,143,149,151,152,151,92,88,37,40,1,31,26,38,49,46,63,55,57,59,39,108,48,60,100,111,144,147,149,149,146,149,94,97,52,62,57,42,44,45,45,40,35,53,36,48,51,65,140,85,76,117,38,36,64,81,55,82,104,94,96,99,97,99,103,100,92,102,102,102,107,41,60,94,113,80,46,27
111,112,102,31,32,41,59,5,63,52,33,48,54,64,4,33,98,112,97,112,137,111,83,90,127,83,86,140,140,152,103,87,160,163,163,120,135,116,160,158,124,119,93,20,128,111,160,122,121,125,126,126,161,105,129,116,104,160,109,25,101,63,62,125,70,80,83,104,124,133,125,129,135,130,31,0,4,2,148,2,2,31,25,155,46,54,55,66,122,78,80,121,128,131,129,129,58,15,12,31,50,31,44,52,44,42,46,26,23,143,123,89,72,93,102,88,160,29,72,47,82,79,105,143,48,111,154,143,149,151,148,145,6,34,29,40,36,28,38,17,42,35,59,110,74,77,56,48,47,112,87,150,153,146,148,132,149,85,137,110,62,42,59,53,58,43,30,37,48,58,149,86,66,114,19,44,42,50,55,49,74,81,62,74,98,91,101,95,92,97,100,98,94,95,96,99,107,92,49,46
94,96,78,13,43,51,85,65,81,70,39,71,62,33,45,116,119,119,117,119,139,111,87,83,85,86,91,133,140,144,150,163,144,89,163,126,114,128,155,159,124,123,142,123,103,126,160,119,125,124,126,124,96,13,113,111,155,160,102,55,122,129,127,129,128,96,0,10,130,9,2,2,2,134,26,63,90,52,152,53,74,87,111,135,133,129,128,133,125,0,13,29,35,132,60,38,62,120,10,41,45,0,51,29,50,27,37,42,0,145,122,30,90,102,93,92,60,32,93,79,61,56,67,66,53,44,53,63,103,149,146,150,149,114,93,13,38,10,4,2,0,0,41,120,75,88,72,53,58,49,46,52,127,91,149,138,149,141,150,153,144,93,128,40,40,33,41,44,49,60,119,81,72,114,0,24,32,33,68,50,37,18,29,45,56,92,70,69,92,91,95,92,90,95,96,90,96,98,100,103
62,91,61,86,79,73,63,90,61,63,76,66,3,38,41,53,91,101,121,132,122,129,84,83,85,83,90,95,117,143,147,135,145,162,163,127,129,127,157,158,124,115,98,0,107,109,159,119,123,119,124,128,101,36,97,123,113,162,107,105,41,33,24,100,16,2,36,54,132,52,69,69,74,133,93,116,129,128,130,130,97,0,5,148,2,2,2,2,124,53,64,61,70,129,82,85,116,130,0,2,31,36,0,31,31,5,35,26,28,145,129,55,51,90,98,101,62,48,8,26,70,126,94,43,47,38,47,52,53,55,114,104,146,138,145,150,131,109,4,2,37,30,1,128,59,133,72,59,52,66,48,53,48,56,61,124,96,125,148,156,151,146,147,155,85,152,77,44,50,63,86,64,73,112,0,0,17,31,72,40,66,0,14,67,33,17,56,28,82,50,49,60,94,89,96,90,95,96,92,92
34,56,60,61,41,72,63,60,72,67,64,75,80,78,17,53,92,97,102,98,108,130,113,85,82,82,109,78,113,103,136,131,78,93,161,132,119,116,156,158,121,126,153,123,101,116,158,123,124,120,125,124,159,123,110,111,127,158,34,87,115,69,70,85,78,82,94,128,125,126,127,133,117,129,1,1,2,2,151,18,2,56,55,150,51,62,76,77,129,102,133,130,131,122,66,72,41,71,48,0,14,35,14,38,39,44,5,13,0,143,121,49,51,51,69,45,61,52,66,57,57,80,131,145,47,37,47,44,44,47,44,41,46,97,152,146,150,150,153,119,102,42,23,143,64,109,0,33,30,57,0,53,54,62,51,107,54,46,38,150,94,149,146,150,146,146,144,107,103,75,88,122,87,111,0,15,42,18,77,17,37,25,5,66,0,24,60,27,42,30,40,32,61,49,62,60,91,90,92,94
18,55,63,8,25,86,79,41,57,61,37,51,62,79,78,92,89,85,96,95,91,117,95,85,83,86,86,94,108,101,92,134,120,166,162,127,130,125,154,158,123,125,114,127,109,122,158,123,122,117,125,123,48,18,113,86,147,153,62,128,127,127,126,128,117,0,0,0,129,2,2,2,2,124,53,61,59,63,150,73,84,113,127,129,130,133,92,0,128,16,13,25,28,130,63,68,70,141,34,25,45,6,0,41,40,0,14,39,0,138,107,84,54,36,40,51,26,39,33,74,68,63,94,48,48,53,50,72,48,41,36,47,48,41,44,76,117,147,145,146,148,157,143,148,72,108,29,1,34,0,0,2,53,50,56,95,67,51,50,57,12,55,103,94,148,149,142,137,147,89,109,153,143,112,26,22,7,22,87,19,6,24,11,71,28,24,37,20,28,27,40,38,48,57,26,51,55,55,52,66
39,57,22,71,78,60,54,57,15,73,81,73,53,60,47,56,47,115,108,80,85,95,95,75,87,85,101,87,90,128,86,133,140,107,159,129,128,131,152,152,123,125,112,112,119,100,159,125,127,122,124,122,115,124,100,124,116,157,112,112,43,35,28,24,2,35,58,60,130,62,76,89,85,123,122,138,129,128,132,37,0,25,2,142,2,2,14,56,127,58,70,80,83,127,97,129,126,129,0,6,0,31,30,43,0,18,3,13,22,137,103,116,71,110,9,41,1,15,0,50,31,64,69,68,85,47,48,47,48,48,20,52,63,43,44,44,47,55,117,92,146,143,150,155,142,83,71,32,23,2,13,18,3,2,50,79,42,65,52,51,2,61,41,26,43,108,98,143,143,153,100,144,141,112,21,3,30,2,81,2,2,13,20,68,5,18,37,33,30,37,38,36,46,48,28,51,47,42,54,39
56,44,81,48,81,56,55,39,38,33,54,60,76,69,51,92,46,60,73,81,91,94,101,91,83,84,86,86,94,97,99,106,124,128,76,130,135,164,153,147,124,121,118,124,113,108,157,126,125,123,118,128,60,123,109,105,125,144,37,104,112,73,73,63,78,82,121,128,127,126,131,117,0,128,2,2,2,2,139,30,50,49,59,138,67,83,92,127,125,128,131,130,19,121,57,53,67,93,29,14,29,7,2,33,47,24,1,24,0,141,101,135,132,54,113,109,107,111,89,69,77,93,133,104,138,139,144,71,51,48,51,77,48,48,50,55,48,58,50,52,55,100,149,157,142,146,152,102,97,40,43,28,16,20,2,76,32,10,0,59,2,75,37,33,39,38,39,49,74,139,78,102,54,116,16,25,2,7,92,2,2,16,16,65,2,16,31,33,40,47,48,51,45,43,27,47,52,39,26,28
59,23,77,0,25,77,72,53,68,52,51,85,42,46,54,66,51,56,80,78,155,93,115,98,93,78,86,79,86,94,127,110,146,139,133,96,84,134,157,135,113,122,108,9,106,81,159,125,127,117,123,127,64,7,106,113,127,131,54,123,124,127,128,128,41,17,23,2,131,2,2,2,50,127,54,61,107,72,138,87,129,131,126,128,109,1,9,2,128,17,30,26,58,120,61,68,65,142,37,26,6,37,2,46,21,30,17,43,2,144,110,136,132,126,129,108,110,115,53,49,78,88,94,98,102,140,144,141,111,85,40,49,52,43,55,69,45,57,52,45,45,42,59,156,97,144,149,152,148,154,102,95,13,45,19,65,3,14,23,46,1,67,37,34,39,37,38,37,45,86,71,79,82,116,2,5,2,2,76,2,2,2,2,72,11,15,20,34,18,48,41,40,38,65,14,55,55,38,30,34
28,32,42,60,10,53,48,90,69,32,10,60,24,42,47,42,56,75,82,119,86,122,136,121,62,146,91,159,77,111,134,66,120,134,138,110,64,55,158,126,125,123,150,122,149,109,157,125,116,125,125,130,116,118,106,115,117,124,113,17,32,17,24,3,21,53,54,58,129,67,78,85,106,132,131,128,132,126,132,0,8,42,2,121,2,47,55,64,122,70,79,87,127,128,123,127,124,20,41,43,39,0,2,2,2,37,2,37,36,141,109,130,134,136,127,131,133,99,52,75,76,95,92,95,63,88,97,140,135,132,147,154,52,65,62,75,53,61,54,46,49,41,63,154,55,56,107,87,139,146,137,152,152,100,145,52,29,16,16,31,54,69,32,30,33,36,36,45,44,99,73,82,111,97,64,35,6,18,74,2,2,2,26,74,2,17,5,35,3,10,73,47,39,44,31,56,55,57,31,29
39,30,52,71,65,16,36,60,35,56,32,41,40,47,48,56,70,72,90,115,129,131,101,85,74,88,80,89,88,96,84,84,86,73,136,48,72,65,155,121,126,122,51,129,34,123,157,121,123,127,125,122,36,126,114,113,124,115,75,108,113,72,72,64,81,102,124,129,124,129,110,0,17,127,2,2,2,2,127,42,54,59,63,119,76,109,131,131,131,128,65,14,37,119,38,44,62,119,51,55,5,48,41,46,19,23,2,77,2,141,119,43,61,134,133,133,130,123,127,77,75,77,83,86,68,96,48,62,102,141,143,140,147,105,92,68,49,62,46,43,39,43,50,152,42,43,55,63,61,117,120,149,146,148,147,148,91,92,12,0,12,37,30,31,34,35,36,40,44,92,96,115,115,85,50,55,110,76,61,2,2,2,2,71,2,2,16,53,2,16,37,40,72,66,39,51,54,40,42,29
41,15,82,34,85,38,68,78,36,51,61,40,40,35,103,107,59,73,87,96,81,80,80,90,89,86,90,94,89,93,86,84,89,156,110,112,79,143,155,118,125,123,156,61,130,111,160,120,126,128,126,125,70,30,124,114,127,117,93,120,124,122,127,89,0,0,41,2,125,2,2,49,64,128,67,79,84,85,128,123,128,124,130,123,1,2,2,2,124,2,34,56,63,118,72,83,100,122,34,12,28,62,55,48,9,16,2,2,22,142,114,44,5,11,10,130,129,131,133,124,113,100,82,80,69,116,69,68,51,66,89,111,143,131,148,131,80,58,55,42,39,41,40,150,45,41,42,56,46,65,108,55,97,153,148,144,139,145,148,94,83,0,34,29,26,16,28,36,41,82,159,104,92,86,94,108,104,72,54,108,105,21,2,61,18,16,2,46,20,10,41,43,33,35,55,36,49,38,41,20
43,69,60,70,67,60,41,36,50,29,51,52,46,2,60,49,73,84,84,94,87,83,72,81,86,83,88,83,85,73,147,79,81,88,87,102,141,84,145,116,119,128,157,155,45,104,157,124,125,127,125,123,162,125,104,120,114,116,49,105,42,26,0,12,49,56,57,63,116,76,88,100,131,133,133,135,128,0,131,0,2,16,2,118,42,50,55,65,124,76,80,127,125,127,125,66,32,58,69,29,84,65,47,47,31,2,2,2,2,141,116,45,0,34,40,33,29,131,136,137,128,134,130,136,67,119,70,73,70,71,69,69,63,96,143,139,144,152,133,81,42,47,40,150,45,40,55,44,42,49,112,51,49,63,104,101,148,143,143,147,146,145,96,106,32,31,31,33,38,83,146,91,46,14,88,106,80,105,104,112,99,59,115,68,39,2,16,37,24,24,58,38,42,59,68,55,58,45,48,35
36,0,37,6,0,22,48,64,57,76,63,60,46,36,0,76,72,82,85,91,79,81,101,156,80,84,154,126,82,108,151,127,77,77,66,108,131,101,98,109,123,126,155,155,106,143,159,124,125,124,123,119,140,152,112,106,127,112,96,112,112,72,56,65,81,129,125,122,130,117,0,0,2,126,0,16,3,60,122,48,61,69,76,119,127,127,124,127,112,5,2,21,25,123,22,66,72,136,17,38,14,46,45,47,46,26,22,0,8,140,123,51,2,2,8,37,0,0,56,133,132,132,130,137,80,113,68,66,71,75,75,74,72,59,44,109,145,141,139,136,97,88,43,151,44,32,41,43,39,42,113,49,41,53,52,47,48,102,84,147,149,143,149,149,115,112,94,33,39,80,94,80,39,21,99,102,103,108,102,106,104,109,115,109,50,107,112,45,34,31,49,35,41,43,86,55,58,46,35,45
0,14,39,111,60,35,61,24,17,32,45,57,34,54,62,4,55,140,78,86,144,96,77,77,83,88,75,80,76,88,90,92,103,54,117,122,120,111,53,60,106,83,154,155,155,57,157,125,123,124,121,119,156,113,148,109,111,116,116,117,124,127,125,11,3,2,36,2,116,5,38,58,65,132,64,77,80,113,126,128,127,128,14,130,4,2,2,2,126,59,63,66,69,119,84,123,121,129,14,2,0,68,79,52,61,49,40,46,33,143,127,73,8,2,2,27,55,42,17,39,40,131,122,143,150,108,39,68,71,74,69,74,76,78,72,70,70,103,131,139,140,146,159,147,60,25,37,43,33,40,98,52,44,53,47,38,39,31,87,55,84,115,148,151,153,148,148,75,85,74,76,97,34,30,104,64,50,62,100,107,103,105,108,102,111,112,111,52,56,48,46,27,20,22,94,57,58,29,34,23
17,1,0,0,72,58,44,54,31,31,38,42,62,68,81,83,74,94,82,68,90,89,86,85,80,88,91,123,80,85,128,71,82,87,113,122,122,126,152,49,94,101,139,154,155,156,159,127,124,123,115,119,160,123,96,116,117,120,92,103,44,21,5,27,49,52,53,64,108,80,84,131,130,135,132,128,0,0,123,0,0,2,46,119,51,68,80,84,126,123,124,123,131,83,0,59,40,133,46,43,20,79,10,75,81,55,38,45,44,142,125,69,40,36,38,29,22,2,20,0,38,51,103,141,139,135,152,135,45,51,72,70,71,65,79,76,75,74,73,62,92,140,145,155,151,99,139,43,11,39,93,51,40,43,46,40,36,41,97,35,34,34,93,110,148,149,153,154,154,146,124,101,90,33,106,17,17,31,65,54,63,103,107,100,105,102,106,111,110,113,46,57,49,45,92,50,55,27,29,28
30,17,21,30,20,40,54,47,11,41,37,46,44,57,92,84,82,89,89,87,90,112,89,85,132,84,89,94,77,75,58,81,90,80,60,125,127,122,83,118,24,85,136,114,152,157,153,124,123,121,120,126,129,67,159,100,116,115,101,107,114,74,57,70,114,125,124,127,127,15,16,2,2,132,2,3,52,57,120,57,80,82,118,127,126,126,127,22,125,27,30,37,43,73,37,10,38,159,12,78,72,42,9,16,49,91,63,52,66,141,127,70,49,56,49,46,40,35,35,50,39,84,106,103,75,111,149,144,152,140,33,62,69,68,87,70,69,75,75,69,53,74,144,144,146,150,148,135,141,46,87,48,39,38,45,39,35,36,99,34,29,9,54,70,38,98,90,147,149,142,109,154,67,33,106,34,31,46,33,37,20,65,53,58,100,103,102,108,102,104,108,108,110,50,53,46,46,48,20,28
11,0,38,63,35,66,8,38,28,71,52,52,41,80,80,87,90,88,87,89,80,82,83,84,84,81,89,90,51,58,20,79,72,76,78,140,141,141,82,136,36,65,119,144,156,147,142,124,122,126,120,128,150,60,158,139,73,117,126,115,122,125,72,2,2,2,2,2,76,43,58,64,73,131,81,86,110,128,129,128,126,0,2,120,2,2,0,72,128,2,30,39,48,58,65,116,122,91,1,0,48,0,29,35,24,2,59,77,48,141,121,61,55,63,66,50,54,52,66,54,70,45,98,75,47,85,65,123,147,149,148,156,46,48,46,67,67,72,71,73,76,70,47,144,101,92,148,140,151,157,94,83,29,42,42,31,38,40,101,25,27,6,39,11,3,32,17,28,107,88,77,151,69,27,106,31,33,21,0,26,32,25,29,34,59,51,59,101,98,102,102,106,106,103,104,106,93,48,50,44
5,29,33,34,57,14,49,45,4,37,69,23,46,40,74,88,87,88,137,91,81,87,86,84,86,73,87,89,112,70,67,78,77,77,75,82,138,137,50,140,145,126,125,128,131,113,154,121,93,115,115,125,142,156,156,154,140,116,110,104,43,28,35,51,61,64,67,75,77,80,126,131,127,130,121,0,19,0,124,23,23,117,122,125,123,124,124,122,126,122,126,120,124,120,67,121,124,56,21,46,46,36,28,30,24,20,24,19,65,135,117,72,40,40,60,57,63,46,67,85,67,37,51,72,53,83,41,24,61,118,147,146,141,152,41,37,44,70,67,61,43,48,42,137,46,48,65,90,150,148,148,153,111,147,34,41,37,34,99,49,29,6,35,22,16,10,30,23,44,112,71,129,45,23,106,0,34,23,16,18,39,20,25,19,16,23,46,56,50,62,102,103,103,103,100,104,105,105,113,99
38,11,16,37,26,20,22,38,34,55,60,57,57,68,66,79,83,91,140,132,81,86,70,81,74,80,88,86,93,74,75,79,81,77,76,77,139,132,132,141,125,141,139,162,147,149,147,146,73,105,120,122,140,153,152,153,156,118,70,121,121,77,77,80,130,123,122,128,23,0,2,2,22,131,27,135,120,124,128,125,129,128,130,113,125,124,124,124,126,122,121,125,109,44,49,48,54,58,56,62,39,33,53,30,26,20,20,24,21,144,110,114,121,41,52,52,81,72,77,68,92,47,60,58,62,89,63,63,65,47,64,88,140,152,146,116,61,52,45,29,28,50,37,130,42,45,36,52,35,130,152,150,150,154,157,88,84,35,101,47,29,8,42,27,3,28,20,24,41,108,76,68,49,30,107,10,27,33,16,25,28,2,21,24,20,2,35,54,48,44,54,50,56,106,91,102,105,102,104,106
37,44,47,43,51,49,60,62,82,57,65,38,67,78,70,130,63,90,120,73,171,166,82,82,78,77,80,85,86,106,76,76,76,77,76,81,76,122,99,107,107,146,121,129,123,129,122,140,67,83,96,118,104,152,153,150,158,112,122,121,121,125,12,20,2,2,2,31,54,136,117,123,125,129,131,130,129,127,128,125,129,127,0,121,124,128,113,3,125,29,30,37,28,54,50,56,32,82,11,7,3,0,60,32,42,33,24,20,24,146,111,119,66,116,104,105,127,126,99,49,69,79,60,95,67,81,70,42,46,58,55,46,59,86,153,143,148,83,78,56,52,20,36,115,42,57,34,52,48,19,45,123,92,148,145,150,148,84,84,33,24,19,38,31,2,33,6,14,35,90,92,80,75,39,106,6,24,12,35,33,15,2,21,2,9,16,16,55,21,34,52,60,52,58,58,59,108,100,103,99
116,44,51,60,76,62,115,122,95,118,93,82,106,33,118,60,94,92,84,151,119,173,81,82,80,78,159,90,90,49,76,77,79,76,75,79,81,54,98,91,93,70,82,89,93,89,85,114,116,122,116,117,116,129,143,148,156,122,2,2,18,41,72,132,113,122,123,123,130,119,124,125,126,132,131,132,0,1,128,9,19,45,41,122,32,39,38,34,125,27,48,105,117,105,44,42,19,33,62,31,14,36,52,67,48,35,58,63,30,147,113,133,133,136,118,118,123,122,122,63,30,106,103,98,81,70,41,17,47,55,57,52,53,50,47,86,149,149,146,97,122,43,44,116,36,40,34,41,22,36,41,40,35,62,103,153,149,153,141,156,81,79,41,30,0,24,2,0,35,52,157,83,109,36,107,2,19,12,12,2,2,2,6,2,2,2,6,60,18,32,47,49,59,45,27,54,47,46,51,104
99,52,66,105,124,115,125,119,75,97,32,84,89,51,46,95,95,92,94,90,165,30,81,79,83,77,78,88,89,91,137,77,76,69,78,76,81,79,107,107,109,160,85,87,88,89,96,88,103,83,121,98,98,86,108,152,154,101,119,122,120,123,121,117,126,122,122,120,128,126,0,18,17,131,47,55,3,114,60,115,125,128,128,123,45,127,119,121,126,83,76,97,79,6,49,60,0,35,32,38,4,0,45,37,47,62,63,54,46,146,114,131,137,136,127,120,117,126,87,73,81,89,103,107,148,94,71,44,42,49,52,47,51,55,54,55,57,84,149,150,147,92,156,95,34,42,40,39,11,33,52,41,35,40,30,28,132,146,140,149,151,141,88,142,4,37,2,13,37,55,151,81,115,34,108,6,29,16,14,2,16,13,2,2,2,16,3,44,22,22,37,55,20,44,45,50,58,29,40,50
104,135,141,139,142,141,80,52,75,100,98,104,106,98,80,103,92,89,97,96,96,102,137,125,73,74,75,81,90,87,131,75,75,77,70,76,93,74,65,91,96,104,134,78,89,79,73,82,73,84,107,128,112,99,93,90,102,99,107,106,121,121,118,126,11,20,2,2,0,22,13,73,16,76,57,107,113,86,34,113,114,121,125,122,123,114,118,123,113,57,0,39,43,58,34,58,73,1,0,42,37,3,24,0,29,47,51,46,47,140,113,114,142,137,137,129,115,43,66,80,83,74,93,101,144,141,148,100,37,43,48,40,46,45,51,58,59,54,48,88,148,149,150,94,161,61,43,39,28,47,36,26,38,42,38,44,83,91,114,78,146,135,147,146,144,132,67,26,38,47,100,70,120,39,108,19,24,16,16,22,2,2,2,2,0,3,2,42,27,23,42,45,21,35,30,28,50,24,52,46
112,140,142,144,102,126,81,92,101,100,103,101,108,111,106,113,109,96,105,116,156,79,76,66,81,79,75,69,85,88,87,64,75,74,68,75,75,76,78,109,112,108,153,55,84,81,105,92,83,125,106,108,128,100,107,82,73,93,0,18,18,18,123,25,27,140,112,122,120,121,127,106,121,102,119,74,70,91,30,50,42,22,16,120,6,45,18,62,33,48,56,12,67,1,19,43,34,29,38,13,10,23,31,14,28,49,0,22,46,146,117,52,54,23,139,130,131,117,99,76,78,79,63,97,48,95,144,140,151,92,43,45,46,46,45,61,59,55,41,39,44,93,152,108,147,147,157,52,45,34,31,38,1,45,45,38,66,88,113,0,45,93,147,137,149,149,149,81,86,37,60,89,76,86,106,45,34,2,15,2,24,2,2,2,0,16,2,35,36,37,27,37,21,24,40,20,58,40,48,40
113,151,145,147,149,127,116,105,105,95,85,101,101,118,97,98,103,92,103,128,139,109,67,76,92,85,91,86,84,93,85,16,76,73,72,75,74,70,74,75,143,102,116,114,91,83,96,82,81,94,95,122,131,105,100,117,104,73,0,101,101,106,102,109,109,119,120,120,120,121,120,115,114,107,93,76,69,38,47,20,27,37,44,131,129,60,58,51,46,44,43,30,52,49,57,24,69,40,42,0,9,11,43,20,24,36,9,0,19,147,122,57,61,64,43,128,137,136,129,120,94,81,75,86,60,74,47,130,141,148,150,90,41,40,39,42,47,45,53,42,52,42,61,62,144,153,144,155,79,32,10,40,40,38,38,44,49,71,101,38,24,55,47,101,123,143,146,128,148,112,117,142,104,86,106,98,53,51,58,9,27,2,2,2,14,2,2,42,15,21,35,37,25,26,40,31,51,24,38,46
115,134,129,141,155,137,143,76,128,76,112,102,104,89,86,95,104,99,90,113,129,101,76,143,66,79,74,75,75,86,90,70,73,72,74,72,74,71,71,73,146,118,112,53,111,115,91,89,82,81,79,113,98,113,98,100,109,75,88,101,99,105,99,108,111,110,110,120,38,22,20,100,87,104,76,6,20,39,35,48,66,38,44,70,54,23,58,55,44,58,24,41,51,15,65,55,40,2,1,30,50,49,52,48,62,49,81,77,65,146,126,56,94,93,57,24,78,135,136,124,119,105,65,82,62,60,50,44,53,73,145,144,143,86,42,47,45,45,38,39,45,30,40,68,50,96,145,145,149,154,83,36,45,12,35,44,51,49,81,25,32,65,29,40,36,97,89,129,143,141,112,83,64,102,107,96,95,103,86,49,105,43,2,2,15,2,2,61,2,21,2,56,28,24,32,20,50,27,33,33
146,150,153,145,125,139,148,79,129,108,99,120,92,106,101,74,84,106,107,111,104,57,74,73,70,82,86,84,82,82,79,79,128,73,73,75,75,73,74,73,73,133,138,166,158,87,97,88,73,76,82,115,111,102,112,103,117,91,63,109,104,109,82,17,29,54,18,0,68,44,22,93,113,52,20,22,28,40,54,58,43,53,36,49,63,28,38,40,41,31,28,29,49,7,9,65,63,0,49,52,45,46,58,61,54,54,76,68,91,148,130,69,78,91,52,59,61,50,101,129,136,129,112,134,63,64,64,67,52,68,44,115,139,140,154,85,40,45,42,49,32,24,42,66,50,49,63,96,147,146,150,152,126,64,32,35,47,56,70,30,35,75,47,51,9,31,37,51,94,139,98,147,68,53,102,95,96,106,108,105,107,56,89,49,17,2,5,51,13,8,2,8,54,25,36,24,51,20,29,41
88,119,99,81,112,127,148,83,135,72,91,122,107,95,113,85,108,108,97,112,110,152,112,75,86,77,81,82,82,78,78,78,57,75,75,75,119,74,73,76,71,106,116,18,111,149,97,89,84,79,69,73,81,102,112,107,110,92,98,62,118,2,98,2,0,9,59,21,24,40,102,104,108,46,30,53,27,53,71,0,41,0,57,35,26,31,3,26,47,0,60,13,16,18,0,54,58,42,56,59,95,72,65,74,98,74,19,71,59,145,129,72,78,61,61,77,50,66,53,73,135,132,122,139,60,64,70,65,69,80,76,66,88,149,142,134,126,79,28,45,47,3,32,64,39,48,56,60,44,98,140,146,150,149,91,78,39,54,38,39,39,89,44,48,39,37,40,53,36,58,73,156,60,56,99,57,104,99,99,100,101,102,105,99,55,82,43,38,35,20,2,5,35,61,53,52,53,20,26,28
85,129,68,71,65,20,115,89,124,109,107,107,111,87,110,76,117,112,95,102,119,117,75,68,76,112,81,81,78,132,78,79,77,137,74,73,74,72,70,71,74,70,146,11,130,145,59,88,88,86,77,78,131,87,78,110,106,99,89,69,70,117,103,106,92,45,30,64,0,18,46,27,42,20,36,48,37,53,0,79,39,39,10,14,29,23,28,40,45,44,0,50,79,36,59,2,2,0,70,80,72,69,79,63,87,75,39,66,33,143,128,61,69,60,2,80,4,0,39,40,44,71,126,141,86,81,66,59,59,57,69,59,52,60,147,141,141,148,84,87,41,0,29,66,45,40,53,45,38,51,58,98,146,151,151,153,77,83,61,40,41,92,36,32,64,39,41,69,46,51,70,130,60,55,111,23,65,51,96,96,104,101,100,103,98,95,60,118,61,25,16,10,38,39,46,22,59,43,38,29
35,7,52,103,98,52,94,100,123,92,119,103,127,111,86,117,94,100,107,108,108,120,124,79,71,69,84,79,79,73,74,78,74,136,76,76,73,151,74,73,74,72,32,130,117,104,154,69,61,95,88,66,79,102,101,101,107,110,115,108,80,71,58,69,89,62,0,38,32,28,17,20,30,0,0,47,49,61,115,79,0,35,59,43,61,59,33,9,5,15,69,40,25,90,87,107,98,94,86,71,74,59,73,54,54,49,39,3,70,144,129,61,44,38,15,23,59,36,62,53,42,81,63,134,149,148,149,51,61,40,42,59,63,61,56,50,129,141,145,151,83,87,36,71,35,43,44,48,40,38,51,56,56,104,148,142,149,145,77,160,37,106,33,31,74,38,29,91,38,44,80,60,68,51,110,27,32,25,52,62,77,108,100,104,99,97,104,104,108,57,51,53,37,36,48,25,60,40,45,16
0,47,61,1,45,61,113,101,107,102,116,109,112,109,96,98,99,116,83,108,112,113,154,128,92,63,78,84,81,79,77,78,78,79,67,83,72,74,75,73,72,74,69,132,121,115,100,141,79,88,66,82,77,96,66,116,96,118,114,130,95,99,78,7,33,31,3,7,1,31,3,31,35,35,34,13,75,117,50,91,3,0,3,38,10,0,43,30,65,83,83,79,87,76,78,66,74,68,75,74,95,92,85,24,92,0,41,93,82,141,124,47,64,42,43,44,87,46,67,64,53,21,25,0,99,149,138,153,145,57,52,57,64,79,75,62,72,44,111,148,153,148,99,73,36,40,40,47,7,21,45,51,41,41,61,102,147,140,142,140,89,109,22,35,80,43,35,105,39,38,152,69,69,56,111,26,8,33,43,11,48,62,72,100,105,105,111,109,107,96,104,48,55,52,40,20,59,31,41,41
4,68,75,62,85,63,121,81,117,101,106,100,109,112,92,83,70,109,117,86,108,108,152,66,122,124,149,80,81,81,77,77,76,76,21,90,75,76,160,72,74,80,69,37,134,142,129,157,62,89,52,82,66,71,103,91,118,104,127,111,124,109,68,91,17,2,11,5,2,2,2,30,39,35,31,54,34,110,54,106,2,40,25,0,12,86,48,50,90,82,86,91,73,70,79,70,71,81,73,72,71,80,77,84,76,83,78,77,75,139,112,93,99,70,15,48,32,28,0,78,42,56,40,41,53,63,82,141,152,81,52,61,66,73,74,94,96,39,35,43,84,149,149,102,88,46,27,48,13,33,35,49,37,23,53,52,41,109,146,145,145,132,123,115,85,40,34,121,42,42,145,87,85,56,110,29,20,15,0,16,26,26,20,52,76,58,106,109,108,101,98,102,109,109,87,67,45,20,41,36
59,116,102,115,104,112,135,79,113,98,125,127,126,103,101,76,92,112,114,90,103,107,117,75,72,137,108,78,82,138,76,73,78,77,25,93,92,71,72,75,73,71,71,70,141,117,114,103,153,84,15,94,81,78,77,88,99,117,102,105,98,83,116,63,104,29,30,26,28,4,42,34,17,28,3,4,73,75,56,103,8,0,1,52,54,41,90,64,89,101,89,90,82,72,66,76,72,73,71,70,67,75,72,76,76,71,78,68,81,139,112,115,66,116,126,37,28,32,26,69,5,31,44,61,55,65,69,98,152,151,148,149,62,68,71,57,58,30,31,44,39,61,109,96,150,152,82,33,0,37,32,51,37,20,44,35,39,44,46,96,146,140,139,142,150,154,37,119,42,43,98,78,134,56,113,43,21,15,18,16,16,5,4,0,0,16,99,70,108,103,107,106,102,107,99,102,48,72,49,36
134,107,105,113,101,117,153,97,113,108,118,125,122,90,123,116,83,101,99,114,108,115,104,71,61,105,136,77,80,72,72,69,74,73,75,142,82,76,75,162,74,75,71,68,69,120,121,109,95,96,12,80,80,99,74,97,70,106,94,113,108,110,91,91,69,119,44,50,50,44,41,48,37,34,40,44,76,49,13,91,37,54,92,83,97,90,63,100,89,78,100,86,68,73,74,71,72,78,78,74,66,64,73,74,77,68,66,72,65,143,115,121,126,65,106,103,114,101,96,71,115,88,130,50,39,60,65,83,69,93,147,145,150,150,67,62,53,51,33,30,49,43,39,76,141,142,148,157,93,27,23,38,36,21,43,44,41,43,40,44,46,101,136,146,140,146,156,97,61,50,54,72,157,55,110,52,26,31,17,11,8,8,17,8,25,25,6,42,70,47,92,105,106,103,102,99,93,106,108,56
85,113,96,120,101,118,152,94,116,114,119,117,107,115,112,90,103,95,105,94,104,123,120,147,69,122,125,151,80,75,79,88,70,73,75,135,72,73,72,70,70,70,71,70,67,110,137,141,128,156,8,98,87,81,79,89,115,68,105,86,126,100,106,119,93,71,118,37,39,37,35,41,4,49,40,39,63,78,69,77,36,48,65,62,88,94,90,82,67,80,57,85,72,71,74,64,77,75,76,80,77,74,77,76,85,73,80,80,66,144,115,127,136,136,65,121,118,118,117,74,83,79,78,105,11,54,57,84,70,65,67,111,150,148,84,67,69,55,45,66,38,42,42,78,56,97,152,148,147,157,97,39,36,12,46,51,43,44,40,38,45,74,56,97,110,147,148,141,147,84,89,112,152,56,112,59,39,24,33,30,29,17,25,24,19,40,28,40,40,50,42,64,88,110,101,104,106,109,109,105
88,102,100,114,95,104,149,86,116,150,129,114,100,110,107,133,102,97,102,117,106,116,107,146,70,81,139,111,78,77,75,76,72,74,73,81,83,76,71,73,152,72,69,71,69,61,136,132,115,100,40,94,87,73,76,79,92,139,63,69,103,119,111,127,80,95,76,96,43,42,27,38,48,42,38,66,66,47,50,36,46,61,81,63,73,93,87,64,93,64,72,73,77,74,81,71,75,83,85,81,84,72,79,72,73,68,71,69,74,144,115,128,139,130,117,133,67,111,77,99,90,89,98,106,34,35,45,85,58,53,65,49,106,151,140,147,136,61,57,48,37,41,38,77,43,47,43,145,143,142,152,134,74,17,42,46,44,46,50,45,48,61,51,43,102,97,86,142,150,150,133,122,108,59,111,67,27,35,36,7,36,46,52,41,45,46,46,52,39,51,35,40,20,67,51,100,101,104,109,106
94,91,80,126,95,113,138,81,117,115,117,111,102,106,103,105,98,77,97,108,99,108,104,122,70,125,119,68,78,80,76,75,71,75,73,73,82,73,85,73,73,72,72,70,69,67,34,117,120,111,53,65,83,83,86,80,75,86,78,94,73,106,128,98,122,116,71,68,33,45,23,38,30,38,48,67,68,70,70,19,38,55,66,65,67,65,67,49,40,45,59,53,48,68,67,76,72,77,72,74,75,78,72,60,71,63,70,81,77,137,114,29,95,134,128,125,109,77,57,85,95,63,99,99,152,97,27,88,43,30,63,71,68,54,93,148,147,151,134,58,63,45,60,73,53,46,43,47,53,100,145,149,152,82,92,50,42,48,45,44,45,45,48,39,94,50,54,96,86,147,118,92,128,54,110,64,13,0,35,8,36,51,22,32,31,42,42,44,2,52,33,36,26,34,57,36,98,56,114,104
67,72,72,84,105,77,82,90,106,130,101,109,107,108,126,87,111,94,104,73,96,87,116,111,155,133,94,67,148,80,74,80,76,70,75,73,56,64,74,72,72,106,70,71,68,66,173,173,170,140,6,156,71,82,84,84,79,69,70,105,90,109,114,106,120,90,85,56,93,45,0,38,12,44,62,63,28,39,31,8,29,46,63,62,55,57,46,53,55,58,55,61,79,80,77,79,40,86,84,92,85,84,66,69,75,72,65,62,88,141,119,24,89,65,132,129,125,131,48,77,83,91,89,102,142,144,109,78,61,22,58,47,61,49,46,79,122,155,147,86,101,61,48,75,80,56,50,28,41,42,60,86,152,140,152,85,81,45,48,50,45,45,49,44,81,47,44,73,57,96,88,154,88,87,105,56,16,10,4,6,28,1,8,0,1,0,41,20,24,51,2,46,24,25,43,27,50,48,103,86
23,46,47,45,91,75,61,134,89,123,89,116,101,107,128,128,118,69,95,95,96,104,113,114,158,69,65,72,60,76,76,74,68,71,73,72,73,108,77,74,73,66,71,69,68,66,154,174,173,170,117,97,146,85,85,86,82,63,67,130,90,97,96,119,107,122,95,87,61,112,45,48,45,62,57,68,51,46,14,1,50,64,65,65,56,68,52,60,59,58,60,62,81,89,97,73,81,88,89,86,83,77,72,70,66,71,64,71,71,143,123,39,66,57,68,127,129,134,118,108,73,77,79,91,53,106,141,143,149,34,69,40,56,42,46,68,73,106,148,153,146,89,56,78,93,49,38,40,39,7,36,46,79,77,147,152,155,86,78,48,55,38,48,50,62,43,43,50,53,56,67,152,81,87,116,59,48,9,0,3,5,37,30,30,23,8,0,47,2,50,2,8,61,20,43,26,51,55,29,49
13,29,108,137,78,41,97,144,89,132,103,103,113,111,101,128,85,105,98,112,97,100,110,109,141,39,67,75,100,76,79,73,72,70,68,73,72,108,72,72,72,74,66,74,71,66,41,174,172,169,0,107,159,66,91,95,93,84,79,90,113,59,97,114,125,50,130,57,61,59,119,33,84,72,75,81,113,112,108,97,81,79,85,68,62,44,35,50,51,53,56,66,61,51,100,105,142,69,87,56,59,78,112,61,64,62,67,75,80,142,122,50,67,62,78,78,89,139,132,121,112,47,81,86,36,39,146,137,151,111,39,20,53,34,2,60,69,62,68,87,149,135,153,64,53,50,48,43,56,32,34,43,48,90,119,146,149,142,154,84,54,25,37,43,56,47,49,46,52,60,101,99,67,69,115,88,108,77,50,26,9,6,15,11,0,16,58,59,36,53,2,19,16,27,43,30,47,47,38,28
69,72,81,176,116,168,138,147,86,138,94,114,127,117,39,31,84,88,92,90,106,81,105,99,113,64,160,165,174,171,79,75,74,68,72,72,73,76,140,73,72,73,60,71,70,70,37,166,174,171,165,68,76,155,81,90,91,78,76,83,101,107,105,92,26,63,40,94,71,23,63,120,55,61,72,91,63,42,42,41,36,57,60,69,65,44,49,68,72,88,78,69,97,87,117,105,112,115,120,86,84,81,88,89,91,67,94,75,78,144,118,56,75,80,84,91,86,101,135,130,130,113,119,81,27,62,43,91,131,147,149,142,51,2,2,46,60,55,61,56,83,141,149,97,93,71,56,49,66,30,1,42,45,92,57,53,115,148,152,145,154,84,49,40,47,45,46,34,57,54,154,64,58,50,114,93,98,101,110,77,58,48,56,62,53,64,63,47,32,47,30,26,2,2,2,56,47,47,41,39
59,66,73,101,98,126,141,147,92,114,108,83,48,103,69,74,56,19,82,107,100,105,85,111,95,143,108,162,168,169,76,77,74,69,71,76,75,68,144,72,73,72,74,67,70,67,74,131,175,164,168,83,72,144,116,88,94,80,75,80,84,115,54,94,99,63,51,62,100,99,85,61,151,37,70,35,42,15,1,18,16,33,51,37,51,20,93,96,42,90,77,39,56,71,85,96,80,77,80,76,77,80,79,79,81,78,74,78,72,143,120,78,115,56,75,76,76,75,79,127,126,127,112,137,26,28,42,101,29,144,148,151,125,58,2,40,53,49,50,52,78,107,97,95,151,148,116,47,60,50,40,38,34,90,47,59,50,65,120,146,149,145,154,81,16,49,42,29,57,61,136,67,64,53,115,87,100,102,103,98,105,58,58,42,37,73,78,82,38,47,38,46,16,19,2,16,47,41,40,28
58,62,56,74,77,75,142,131,86,104,101,39,69,70,51,94,61,104,94,99,89,113,100,110,107,135,50,161,162,171,75,76,76,73,72,70,63,70,73,46,73,72,73,61,68,64,85,46,174,173,171,124,67,61,158,69,88,85,83,74,78,86,154,0,63,74,40,73,96,81,88,100,97,55,95,45,40,39,44,45,44,37,150,152,153,0,39,14,49,57,59,62,67,61,70,79,76,76,74,78,67,71,70,72,72,72,70,74,70,144,117,67,7,42,52,66,69,71,68,66,62,133,117,138,2,71,36,107,0,28,14,124,148,148,72,30,28,39,47,34,56,110,86,78,91,150,149,152,126,29,42,42,47,98,50,55,47,51,51,68,109,146,142,151,161,80,38,28,60,55,66,69,64,51,112,61,63,102,106,100,93,103,111,63,52,49,73,84,50,51,39,41,16,12,2,16,49,47,60,22
58,64,63,65,66,68,138,87,104,108,109,78,69,72,57,18,102,109,74,94,119,96,112,104,108,115,48,159,162,173,167,72,76,77,67,69,74,70,74,10,71,72,70,73,70,67,45,129,156,142,152,145,71,63,57,152,88,84,87,76,76,79,97,104,99,87,70,91,91,76,68,69,72,115,48,100,94,85,39,41,135,82,39,49,108,74,49,46,43,47,47,59,57,59,60,64,73,73,74,75,70,72,73,73,78,79,79,41,51,141,119,68,77,73,79,76,77,76,78,83,82,82,125,140,89,43,34,107,10,0,22,49,145,151,145,132,80,12,17,2,55,125,63,82,49,98,149,151,142,115,138,46,43,99,47,44,47,54,49,41,50,60,83,149,154,150,139,71,57,57,65,79,82,48,112,50,74,60,72,102,100,94,108,106,106,49,56,53,50,50,16,47,2,2,2,3,45,48,39,27
76,78,81,79,80,75,126,94,83,101,103,43,129,51,124,91,68,83,99,114,107,122,115,107,114,90,157,142,163,171,171,72,68,69,70,65,85,83,75,44,73,71,73,71,105,68,65,115,98,103,38,103,65,88,72,158,65,88,91,86,86,90,90,84,74,135,74,80,77,73,74,78,78,84,138,43,41,46,42,37,17,85,32,30,48,30,48,50,50,49,47,55,42,104,68,58,73,71,39,70,72,74,73,73,74,76,74,22,24,134,111,99,59,71,77,76,79,60,121,149,82,82,82,136,145,86,24,104,92,0,69,34,47,27,127,149,148,88,8,0,42,116,66,80,62,56,60,86,144,146,150,99,42,98,20,48,41,56,56,42,45,40,42,96,140,149,147,150,86,149,74,67,140,50,112,50,82,78,80,94,58,98,103,107,94,107,111,44,55,50,21,20,52,2,2,2,43,52,17,35
