196,196,196,196,197,196,196,195,195,196,196,195,196,195,195,196,197,198,198,198,198,198,198,198,199,198,198,198,197,197,196,197,197,196,195,195,194,194,195,194,194,194,195,195,195,195,195,195,195,195,195,195,196,196,196,196,196,197,196,197,197,196,197,196,196,196,196,197,197,197,198,198,198,198,197,198,197,197,197,196,196,197,197,196,197,197,197,197,198,198,198,198,197,196,197,199,197,198,197,196,196,196,194,195,194,193,192,192,191,191,191,191,190,191,191,191,191,191,191,191,191,192,191,192,192,192,192,192,192,191,192,193,193,192,193,194,193,192,194,193,195,195,196,196,197,198,198,198,198,199,199,198,199,198,199,199,200,199,200,198,200,200,199,198,166,162,162,153,160,143,134,172,190,170,152,177,167,170,174,176,172,177,178,178,177,182,189,190,189,190,141,141,189,186,188,190,178,136,149,173
195,197,196,196,196,196,196,196,196,195,195,195,195,195,195,196,197,197,198,198,198,198,198,198,198,198,198,197,197,197,196,197,196,195,195,194,195,194,194,193,193,194,194,194,195,195,195,194,194,195,194,195,195,196,195,195,196,196,196,196,196,196,196,196,196,196,196,196,197,197,197,198,197,197,198,197,197,197,197,196,196,197,197,196,196,196,196,197,198,197,198,199,197,197,197,197,197,197,196,195,194,194,194,194,193,192,192,191,190,190,190,190,190,190,190,191,190,190,191,191,191,191,190,191,191,190,190,190,190,190,191,192,192,192,193,193,193,193,193,194,195,196,196,196,198,198,198,198,198,199,199,200,198,199,198,199,200,199,200,200,200,200,198,167,165,168,176,153,157,128,162,151,177,168,171,173,168,174,177,180,155,179,180,180,181,197,192,191,137,139,183,179,188,189,189,167,156,175,175,176
196,196,196,196,196,195,196,196,196,196,195,195,196,195,195,197,197,197,197,197,198,198,197,198,197,197,197,196,196,196,196,197,196,196,195,195,195,194,193,193,193,194,195,194,195,194,194,194,193,194,194,194,195,195,195,195,195,195,196,196,196,196,196,196,196,196,196,196,196,197,197,198,197,197,197,197,197,197,197,197,197,197,197,197,197,197,197,197,197,198,199,199,198,197,198,197,197,196,195,194,193,193,193,193,192,192,191,190,189,190,190,189,189,189,189,189,190,189,190,191,190,190,190,190,191,189,189,190,190,190,190,191,191,191,192,192,192,193,194,194,195,196,196,196,198,198,198,198,199,200,202,201,200,200,200,200,199,200,201,201,202,162,170,172,172,171,172,167,154,113,163,137,168,170,172,170,169,173,179,184,156,183,182,181,182,196,186,171,147,187,176,191,189,192,112,117,159,176,177,178
196,196,196,196,196,196,196,196,196,195,196,196,195,196,195,196,196,197,197,197,197,197,196,197,197,196,196,196,197,196,196,197,196,196,196,195,195,194,193,194,193,194,194,194,194,194,194,194,194,194,194,194,194,195,194,195,196,195,195,195,195,196,195,196,196,196,196,196,197,197,197,197,196,197,196,197,196,197,197,197,197,197,197,197,197,197,197,198,198,198,198,198,197,198,196,196,196,196,194,194,193,193,193,192,192,191,191,190,189,189,188,188,188,188,189,189,189,189,189,189,190,189,190,190,189,189,189,189,189,190,190,190,190,191,192,191,192,194,194,195,195,196,196,197,199,198,201,203,202,203,202,202,200,201,200,199,200,200,201,201,168,165,167,176,179,173,182,169,148,119,122,129,174,174,173,172,169,175,181,185,163,182,182,179,181,189,136,194,187,192,182,184,137,136,175,171,174,173,180,175
195,196,196,196,196,196,197,196,196,196,195,195,195,195,195,195,197,197,197,197,196,197,197,197,196,196,197,196,196,196,196,196,196,196,196,195,195,195,195,194,193,194,194,194,195,195,194,194,194,194,193,193,193,194,194,195,195,195,195,195,195,195,196,196,196,196,196,196,196,196,196,197,196,197,196,196,196,197,197,197,197,197,197,198,197,197,197,197,197,197,196,197,197,196,196,195,195,194,194,193,193,194,193,192,191,190,190,189,188,188,187,188,187,186,187,187,188,189,189,188,188,188,189,188,189,189,190,190,188,190,189,191,190,191,191,191,193,194,194,195,195,196,199,198,200,201,202,203,201,201,201,200,200,199,199,199,199,200,165,166,173,173,175,177,182,174,193,135,172,124,133,131,176,176,176,175,171,178,181,185,155,185,181,197,136,185,196,195,192,188,146,140,176,179,173,169,189,173,179,176
196,196,196,196,196,196,196,196,196,195,196,195,195,196,196,195,196,197,196,197,196,196,197,197,196,196,197,196,196,197,196,196,196,196,196,195,195,195,194,195,194,194,194,195,194,194,194,194,193,193,193,193,194,193,194,194,195,195,195,194,195,195,196,195,196,196,196,196,197,196,196,196,197,197,197,197,197,197,196,197,197,197,198,196,196,196,196,196,196,196,196,196,195,195,195,194,193,193,194,194,194,193,193,191,190,191,189,188,187,187,186,186,186,186,186,186,187,187,188,188,189,188,189,189,189,189,189,189,190,189,190,190,190,190,191,191,193,194,194,195,196,198,199,199,201,201,200,200,199,199,200,200,200,199,199,199,200,167,168,168,178,184,174,182,185,146,167,160,187,149,129,133,177,176,176,177,172,181,183,187,144,183,188,197,192,181,192,191,164,145,180,176,180,175,172,169,201,175,176,173
195,196,196,196,197,196,195,196,196,196,195,196,195,195,195,196,195,196,196,197,197,197,197,197,196,196,197,197,196,196,196,196,196,196,195,195,195,195,195,195,195,195,195,195,195,194,194,193,193,193,193,193,193,193,194,193,194,194,195,194,195,195,195,195,196,195,195,196,196,197,196,196,197,197,197,197,197,198,197,197,195,196,196,195,195,195,195,195,195,194,194,195,194,194,194,193,193,192,193,193,192,192,192,191,190,190,188,187,187,186,186,185,185,185,186,186,187,187,188,187,189,188,188,189,189,189,190,189,190,189,190,190,190,190,191,192,192,193,193,194,196,196,198,200,199,198,198,200,199,198,199,199,199,199,199,180,163,164,175,179,175,187,181,192,139,171,168,190,162,128,118,137,178,178,178,178,177,183,189,190,110,119,191,195,189,187,183,149,182,180,178,179,183,179,176,171,194,170,173,175
195,195,196,196,196,196,196,196,195,195,195,195,196,195,196,196,195,195,196,196,196,197,196,196,196,196,197,196,196,196,196,196,195,195,195,195,195,195,195,196,196,195,195,195,195,194,194,193,193,193,192,193,192,193,193,193,193,194,194,194,195,195,196,196,195,195,196,196,196,196,196,196,196,196,197,197,198,198,197,196,195,195,195,195,195,195,195,194,194,194,194,193,193,193,192,192,192,192,191,192,191,192,190,190,189,188,187,186,185,184,184,184,185,184,184,185,185,185,187,187,187,187,187,187,188,189,189,189,190,190,190,190,190,191,191,192,193,193,193,195,196,197,198,198,197,197,199,199,198,198,199,198,199,198,165,169,165,175,182,180,182,183,134,169,168,170,167,155,114,174,108,135,179,180,179,179,182,189,128,112,154,174,191,195,185,125,112,177,184,178,173,177,183,186,182,174,175,174,175,179
195,195,195,196,196,196,196,195,196,196,195,195,195,195,196,195,195,196,196,196,196,196,196,196,196,196,196,196,196,196,196,196,195,195,195,195,196,195,196,196,195,196,195,195,195,195,194,193,193,193,192,192,193,193,193,193,193,193,193,194,194,194,195,195,195,195,195,195,195,196,195,196,195,196,196,196,197,197,195,195,195,195,195,195,194,194,194,194,193,193,192,192,192,191,191,191,191,191,191,191,190,190,189,189,188,187,185,185,186,184,184,184,184,184,183,184,184,185,186,187,187,187,187,187,188,188,188,189,189,189,189,189,190,191,191,191,192,192,193,194,197,198,196,196,197,197,198,197,197,198,198,198,199,169,166,173,179,178,181,186,185,157,165,169,168,168,167,115,115,169,107,132,177,181,180,179,135,130,170,159,145,175,187,154,139,208,172,182,184,179,174,175,182,189,184,172,165,172,180,181
195,195,195,196,196,196,195,196,195,195,196,195,195,195,196,195,196,196,196,196,196,196,196,195,196,196,195,196,196,195,195,195,196,196,195,195,195,195,196,195,195,195,195,195,195,195,194,193,193,192,193,193,192,192,193,192,193,192,192,193,193,194,194,195,195,195,195,195,196,196,196,195,195,195,195,195,196,195,195,195,195,195,193,194,194,193,193,193,192,192,191,191,190,190,190,190,190,191,191,189,190,189,188,188,187,186,185,184,185,184,184,184,184,183,182,183,184,184,185,185,185,186,186,187,187,187,188,188,189,189,189,190,191,192,192,192,191,192,193,195,198,197,196,196,197,197,198,198,197,197,198,170,165,172,167,190,181,184,182,199,163,164,165,169,168,169,166,122,147,124,118,132,182,181,173,198,111,166,162,157,148,145,138,176,180,209,175,181,184,178,180,176,188,189,180,173,168,175,180,182
195,195,195,195,195,196,196,196,196,195,195,195,195,195,195,196,196,196,196,195,195,196,196,195,196,195,195,196,196,196,196,196,196,195,196,196,195,195,196,195,195,195,195,195,195,195,194,193,193,194,193,193,193,193,193,192,192,193,192,192,192,194,194,194,194,194,195,196,196,195,195,194,194,194,194,194,194,195,195,194,195,194,194,194,193,193,192,192,191,190,190,190,189,188,189,189,189,189,190,189,188,187,187,186,186,185,184,184,183,183,184,182,182,182,183,182,183,183,183,184,184,185,185,187,186,186,187,188,188,189,189,190,191,192,192,192,193,193,193,195,196,195,196,196,196,196,197,197,197,197,159,171,174,189,178,181,186,164,164,161,163,166,165,169,166,169,168,134,144,115,124,129,182,203,140,185,165,156,158,133,169,173,172,179,180,211,175,181,183,181,181,182,187,186,180,176,168,180,183,137
194,194,195,195,195,195,196,195,195,195,195,195,195,195,195,196,196,195,196,195,195,195,196,195,196,196,195,196,196,196,196,195,196,196,196,195,195,195,195,195,195,196,194,195,195,195,195,194,194,194,194,193,193,193,193,193,193,193,193,193,193,194,194,194,195,195,195,196,195,194,194,194,193,194,193,193,194,194,194,193,194,193,193,193,192,192,191,191,189,189,189,188,188,188,187,188,187,188,188,187,187,186,186,186,185,184,184,183,183,183,182,182,181,181,182,181,182,182,183,183,184,183,184,185,186,186,186,187,188,188,189,190,191,192,192,193,193,194,193,194,194,194,194,194,195,195,196,196,169,165,173,178,183,182,179,180,153,162,162,159,162,164,163,169,167,171,169,133,141,151,129,142,148,197,188,164,158,153,109,174,172,172,177,176,175,211,176,182,183,180,179,182,182,181,180,177,172,136,159,100
194,194,195,195,195,195,195,195,195,196,195,195,195,195,196,195,195,196,195,196,196,196,196,196,196,195,196,196,196,195,195,195,196,195,195,195,195,195,196,195,196,195,195,194,194,195,194,194,194,194,193,193,193,192,193,193,193,194,195,194,194,194,193,194,194,195,195,195,194,193,193,193,193,194,193,192,193,193,192,192,191,192,193,192,191,192,190,189,188,188,188,187,187,187,187,187,187,186,188,187,186,185,186,185,184,183,183,183,182,181,182,181,181,180,181,181,181,182,182,183,183,184,184,183,185,186,185,187,187,188,188,189,190,191,192,192,193,192,192,192,192,193,193,194,194,195,197,167,174,188,170,179,178,184,156,161,155,164,163,159,161,164,166,168,168,164,181,161,165,155,128,157,189,184,173,147,95,108,179,185,177,174,176,176,171,208,174,179,182,180,179,178,178,182,180,159,155,102,158,149
194,194,195,194,195,195,195,195,195,195,195,195,195,195,195,195,195,195,195,196,195,195,195,196,196,195,195,195,195,195,195,195,195,195,195,195,195,195,195,195,195,195,194,194,194,195,194,194,193,194,194,193,194,193,193,193,193,194,194,194,194,195,194,195,195,194,194,193,194,193,192,192,193,192,192,192,192,192,191,192,192,192,192,193,191,190,189,188,187,187,187,186,185,185,187,186,186,186,187,186,185,185,183,183,183,182,182,181,181,181,180,181,180,180,179,180,181,181,182,182,183,183,184,183,184,185,185,186,186,186,187,188,189,189,190,190,190,191,191,191,191,192,193,193,194,164,167,177,183,182,175,183,185,131,159,163,154,163,164,157,159,164,166,173,191,179,180,154,174,156,136,168,186,173,130,148,174,176,189,187,179,174,174,173,172,206,174,181,183,182,176,180,177,174,158,102,147,153,150,148
194,194,194,194,195,195,195,195,195,195,195,195,195,195,195,195,195,195,195,195,195,195,195,196,195,195,195,195,195,195,195,195,195,195,195,195,195,195,195,196,195,195,194,195,194,193,194,194,194,193,194,194,194,194,194,193,194,194,194,194,194,195,195,194,194,193,193,193,193,192,192,192,192,192,191,191,191,191,190,190,191,190,191,192,191,190,188,187,186,186,186,185,185,185,185,186,186,186,187,185,184,184,183,182,182,182,181,181,180,180,179,179,179,179,179,179,180,181,181,182,182,183,182,183,184,184,184,185,186,186,186,187,187,188,188,188,188,189,189,190,191,191,192,194,165,165,178,173,179,185,185,135,156,156,160,162,150,164,161,158,159,141,142,183,189,181,150,130,139,164,166,164,148,163,176,174,182,185,190,188,183,172,174,173,172,195,179,185,182,179,170,176,164,106,159,157,140,154,150,154
193,193,194,194,194,194,194,194,195,194,194,195,194,195,195,195,195,194,195,195,195,195,195,195,195,194,195,195,195,195,195,194,195,195,195,195,195,195,195,195,195,195,194,194,194,194,193,194,194,194,194,193,194,193,193,193,193,193,193,193,194,193,193,193,192,192,192,192,191,191,191,191,190,190,190,189,189,189,189,189,189,189,189,190,190,189,189,187,186,186,185,185,184,184,184,185,185,185,185,184,183,182,183,182,181,180,180,180,179,179,179,179,179,179,179,180,180,180,180,180,181,182,181,182,183,183,183,184,184,185,185,186,187,186,187,187,187,188,189,190,190,191,163,161,167,178,186,178,182,181,124,154,156,157,160,161,145,162,161,156,163,190,158,184,124,175,175,144,151,146,166,128,175,180,181,180,182,187,191,188,179,178,178,176,178,187,181,182,180,177,154,103,153,153,149,154,141,148,140,101
192,192,193,194,194,194,195,194,194,194,194,194,194,194,194,195,195,195,194,195,194,195,195,195,195,195,195,195,195,194,194,195,195,195,195,195,195,195,195,195,194,195,194,193,194,194,193,194,194,193,193,193,194,193,193,194,193,193,193,192,191,192,192,192,191,190,190,190,190,190,190,190,189,189,188,187,187,187,188,188,188,188,188,188,188,188,188,187,186,185,185,184,184,183,183,183,183,183,183,182,183,182,181,181,181,180,180,179,178,178,178,179,179,181,179,179,180,179,179,180,180,180,180,181,182,182,182,183,183,184,184,185,185,185,186,187,188,189,189,190,191,167,165,173,182,182,187,179,126,151,155,156,157,157,159,161,138,158,175,191,185,191,152,141,171,176,176,155,153,147,133,117,180,180,182,183,184,188,190,189,181,175,178,178,177,178,179,178,163,101,154,148,151,148,153,157,99,108,150,179
192,192,193,193,194,194,194,194,194,194,194,194,194,194,194,194,194,194,194,193,194,194,194,194,194,194,195,194,194,193,194,194,194,194,194,194,195,194,195,195,194,195,194,194,193,194,194,193,194,193,193,193,194,193,194,193,193,192,192,192,192,191,191,190,190,189,189,188,188,188,188,187,187,187,187,186,186,186,186,187,187,187,187,187,187,187,187,186,186,185,184,184,183,184,183,184,183,183,182,182,181,181,181,181,180,179,179,178,178,178,179,179,179,179,179,178,178,178,178,179,179,180,180,180,180,180,181,182,183,183,184,184,183,184,185,187,187,187,189,171,168,174,175,180,181,181,182,135,150,155,156,158,157,156,158,160,126,173,165,189,183,154,160,163,174,176,176,184,152,142,119,115,183,182,186,185,185,189,190,188,180,177,179,179,176,169,174,109,158,148,149,150,150,153,107,133,132,175,181,177
192,192,193,192,194,194,194,194,194,193,193,193,194,193,193,193,193,193,193,193,194,193,194,193,194,193,194,194,194,194,194,193,194,194,193,194,194,194,193,194,194,194,193,194,194,194,193,194,193,193,194,193,193,193,193,193,192,193,191,192,191,191,190,190,189,189,188,187,187,187,187,186,186,186,185,185,185,185,185,185,185,186,186,186,186,186,186,187,186,185,185,184,183,183,183,183,183,183,182,182,181,181,180,180,179,179,178,178,178,178,179,179,178,177,178,178,178,178,177,179,179,179,179,179,179,180,180,181,181,181,182,183,183,184,185,186,187,187,170,165,172,172,174,179,188,149,135,150,150,154,155,157,157,157,157,146,168,188,181,139,159,161,160,164,173,176,176,180,193,128,109,115,184,183,187,185,184,188,190,186,181,177,176,176,197,129,164,151,155,154,152,152,113,148,176,173,174,174,177,174
192,192,192,193,192,193,193,193,193,193,192,193,193,192,193,193,193,193,193,193,193,193,193,194,193,194,193,193,194,194,193,193,194,194,194,194,193,193,194,194,193,193,194,194,194,193,193,194,193,193,193,193,193,193,193,193,192,192,192,191,191,191,190,190,189,188,188,187,187,187,186,186,185,185,184,185,185,184,184,184,185,184,185,185,185,186,185,186,186,184,185,184,183,183,183,183,183,181,181,181,181,180,179,178,179,179,178,178,178,178,179,179,179,178,178,177,178,177,178,178,179,178,179,179,179,180,181,180,181,181,182,183,183,183,185,185,175,165,176,182,186,175,184,181,145,150,145,153,151,154,155,157,157,138,187,184,175,172,158,162,163,162,160,166,176,176,175,118,164,125,97,112,186,182,187,185,184,187,188,182,177,172,193,137,182,155,155,159,158,147,112,129,174,179,177,176,176,174,175,174
191,193,192,193,192,192,193,193,192,192,192,192,192,192,192,192,193,192,193,193,193,193,193,193,193,193,193,193,193,193,193,193,194,194,193,193,192,193,193,193,193,193,194,193,194,193,193,193,193,192,193,193,193,193,192,193,193,192,192,191,190,190,190,190,189,188,188,187,187,188,186,186,185,185,185,185,184,184,184,184,184,184,184,184,185,184,184,184,185,185,185,184,184,183,183,183,182,182,180,180,180,180,179,178,178,177,178,178,178,178,179,178,178,178,179,178,178,178,178,179,179,180,181,181,181,182,181,181,182,182,182,183,184,184,185,171,171,171,174,176,179,176,188,154,147,150,177,154,151,156,155,143,137,184,177,185,178,160,163,166,166,163,161,169,177,176,175,117,122,131,97,109,185,184,187,184,184,188,187,181,148,115,188,184,161,149,154,152,135,105,185,178,179,178,176,175,175,172,177,177
191,192,192,192,192,192,193,192,192,193,192,192,193,192,192,192,193,192,193,192,192,193,193,193,193,193,194,193,193,193,193,193,193,193,193,193,193,193,193,193,193,193,193,192,193,193,193,193,193,193,193,193,193,193,192,192,193,192,192,192,191,190,190,190,190,190,190,189,189,188,188,187,186,186,185,186,185,184,184,184,184,183,184,183,184,183,183,183,183,183,183,183,183,183,182,182,181,181,180,179,179,179,179,178,178,178,178,178,178,179,179,179,179,179,178,179,179,179,179,180,182,183,185,184,184,184,183,182,182,182,183,183,184,184,169,167,180,178,178,185,158,147,154,155,149,151,164,154,151,155,160,186,197,187,142,154,187,161,165,165,167,163,165,173,178,152,146,147,125,159,93,113,186,184,186,183,185,184,170,109,155,172,179,171,156,145,133,105,185,177,178,180,179,179,177,171,175,171,175,178
191,191,192,191,191,192,191,191,191,191,191,191,192,192,192,192,192,192,192,192,192,192,192,192,193,193,193,193,193,193,193,193,193,193,193,192,193,194,193,193,193,193,192,193,193,193,193,192,193,193,193,192,192,193,193,193,193,192,193,193,192,192,192,192,192,191,191,192,191,190,189,189,188,187,187,187,186,186,185,184,183,184,183,183,183,182,182,182,182,182,182,183,182,182,182,181,181,180,179,179,177,177,177,178,178,178,178,179,178,179,179,179,179,179,179,179,179,180,181,182,184,185,186,188,186,185,184,183,183,183,183,182,168,168,175,182,174,178,182,129,148,145,155,155,150,151,171,154,142,184,186,188,147,156,152,153,193,163,166,166,168,166,168,176,152,194,191,154,138,163,102,118,185,184,184,183,171,107,157,157,148,168,164,146,125,125,178,174,180,180,177,179,179,177,174,171,172,171,173,173
191,191,191,191,191,192,191,191,191,191,192,192,192,191,191,191,192,192,192,192,192,192,192,192,193,192,192,193,192,193,192,192,192,193,193,193,193,193,193,192,193,193,193,193,193,193,193,193,193,193,193,192,193,192,193,193,192,193,193,193,193,193,194,194,194,193,193,193,193,193,193,191,190,188,188,188,187,186,186,185,184,184,184,182,182,182,181,181,181,181,181,180,181,180,180,180,179,178,178,178,178,178,178,177,179,179,180,179,180,180,180,180,179,180,179,180,181,181,182,184,186,189,189,191,189,187,184,184,183,184,186,165,167,180,178,181,185,149,145,145,147,145,154,155,149,151,161,155,192,190,195,128,159,157,153,154,186,163,166,166,166,165,146,197,194,190,186,126,137,131,100,131,185,181,178,105,159,153,158,157,150,149,120,124,165,178,175,173,179,180,174,178,177,178,175,170,173,170,172,173
190,190,191,191,191,191,191,191,191,191,191,192,192,191,191,191,192,191,192,192,192,192,192,192,192,192,192,193,192,192,192,192,193,192,192,192,193,193,192,192,193,193,193,193,193,193,193,193,192,193,193,193,193,193,193,193,193,193,193,194,193,193,194,194,193,193,194,194,194,194,194,193,192,191,190,189,189,188,187,186,185,185,184,182,182,182,181,180,180,180,180,180,179,179,179,178,177,177,177,177,177,177,178,178,178,180,181,181,180,180,180,181,180,181,181,181,183,184,184,186,188,191,191,190,187,185,184,184,184,168,165,175,174,175,186,187,148,144,147,145,145,144,154,154,148,159,164,187,185,149,152,143,155,157,153,164,174,164,165,165,200,197,191,194,189,142,174,131,131,127,93,142,175,107,161,157,157,158,156,146,105,116,163,167,167,180,175,174,178,179,176,177,176,177,173,169,171,171,172,173
190,190,191,191,191,191,191,190,191,191,191,191,191,191,191,191,191,192,191,192,192,192,192,192,192,192,192,192,192,192,192,192,192,192,193,192,192,193,193,193,192,193,193,193,193,193,193,193,193,192,193,193,192,192,192,192,193,193,194,193,193,193,194,194,193,194,193,194,193,193,193,193,193,192,191,190,188,188,186,185,184,183,183,182,182,181,181,180,179,179,178,178,178,178,177,178,176,177,176,177,177,178,179,179,179,180,181,180,180,180,179,181,182,183,183,182,184,186,187,187,189,189,189,188,187,186,185,186,173,167,183,181,182,187,138,142,144,144,145,146,145,146,155,190,194,189,177,155,158,148,154,140,155,157,153,158,170,161,176,140,192,194,192,123,173,177,174,130,136,138,92,154,154,156,156,157,156,149,100,105,167,165,166,167,165,178,172,171,174,179,176,173,175,177,175,171,171,170,171,171
191,190,191,191,190,190,191,190,190,191,191,191,191,191,190,191,191,191,191,191,192,191,191,192,192,192,192,192,192,192,192,192,192,192,192,192,192,193,193,192,192,192,193,193,193,192,192,193,193,193,193,193,193,192,193,192,192,193,194,193,193,193,193,193,194,193,193,193,193,192,192,192,192,192,191,189,188,188,186,185,184,183,183,182,181,181,180,179,179,178,178,177,176,176,176,176,176,176,176,177,177,177,178,179,180,181,182,182,181,181,180,183,184,185,184,186,186,188,189,190,188,187,186,187,185,185,171,166,178,177,174,190,181,128,147,144,144,144,146,144,145,145,141,175,194,196,158,161,159,150,154,136,158,157,155,160,162,163,190,193,190,157,174,176,176,176,177,133,141,143,107,161,153,152,157,146,81,90,175,175,172,167,165,165,165,173,170,171,173,174,172,160,173,175,174,172,170,169,169,128
190,190,190,190,190,190,191,190,191,190,191,191,190,190,191,191,191,190,191,191,191,191,192,191,192,192,192,192,192,192,193,191,192,191,191,191,193,192,192,193,193,193,193,193,193,193,193,192,193,193,193,192,192,191,192,192,192,193,193,194,192,192,192,192,192,194,192,192,192,192,192,191,191,191,189,189,187,186,185,184,184,183,182,181,181,180,180,179,179,178,177,177,176,176,176,176,176,176,176,176,177,177,179,180,181,182,183,183,182,182,182,184,185,188,189,189,189,191,190,189,187,188,185,187,187,167,173,174,177,176,188,138,142,145,147,145,146,145,145,141,181,185,191,183,204,154,166,161,160,150,153,135,163,156,152,168,193,192,191,164,158,177,176,178,173,176,176,140,142,149,145,163,154,155,96,108,177,179,179,175,173,170,165,166,167,172,171,171,170,171,171,152,173,175,173,172,155,147,112,99
189,191,190,190,190,190,190,191,190,190,190,191,190,190,191,191,191,191,191,191,191,191,191,191,191,192,192,192,192,191,192,192,192,192,192,192,191,192,192,193,193,193,193,193,194,193,193,193,192,192,192,192,192,192,192,192,191,192,193,193,192,191,192,191,191,191,192,190,191,191,190,189,190,190,189,188,188,185,185,184,184,183,182,181,181,181,180,179,179,178,177,176,177,177,176,175,176,176,176,176,177,178,180,181,183,184,185,185,186,186,185,186,187,188,190,190,191,192,191,188,187,186,186,171,179,176,169,174,180,182,138,151,145,142,146,143,145,145,146,199,187,183,140,147,157,154,162,159,160,152,153,132,172,174,192,192,186,164,128,168,172,179,176,179,172,175,175,153,147,151,140,161,122,150,184,179,177,178,183,176,173,180,167,166,165,171,170,168,171,171,171,128,174,175,113,176,100,125,158,152
189,190,190,190,190,190,190,190,190,190,190,191,190,190,190,191,190,190,190,191,190,191,191,191,191,191,191,191,191,192,191,192,192,191,192,192,192,192,192,192,192,193,193,193,194,193,193,193,192,192,192,192,192,192,192,192,192,192,192,192,192,192,192,191,190,190,189,189,189,188,188,188,187,188,188,187,186,185,184,183,183,183,183,181,181,180,180,179,179,178,178,178,177,177,176,176,176,176,176,176,177,179,182,183,186,187,189,190,191,190,189,189,190,191,192,193,192,193,192,189,187,187,182,188,191,178,184,183,149,143,148,151,145,143,145,149,144,142,191,190,164,150,147,148,158,154,164,159,159,152,151,163,192,196,192,182,159,168,171,169,176,175,176,177,173,176,174,191,149,152,111,161,177,182,187,181,176,178,187,178,175,183,167,166,166,169,171,167,171,170,170,109,131,170,99,155,150,147,149,145
189,189,189,190,189,190,190,190,190,190,190,190,190,190,190,190,192,190,190,190,191,191,191,190,190,191,191,191,191,191,191,191,192,192,191,192,192,192,192,192,192,192,193,194,195,194,193,193,192,192,192,193,192,193,192,192,192,192,192,192,192,191,191,190,190,189,188,188,187,187,187,186,186,187,186,186,185,183,184,183,182,182,182,181,181,180,179,179,179,179,178,177,176,176,176,175,176,176,176,177,178,180,183,185,186,189,191,192,191,191,191,192,192,191,193,192,193,193,191,190,176,181,187,181,176,182,187,141,144,144,148,149,145,144,152,185,186,191,185,148,151,153,150,154,159,155,161,160,159,193,195,184,192,187,146,160,173,172,172,166,177,177,175,179,174,176,151,136,176,150,107,166,182,185,187,181,181,182,190,177,175,185,166,165,165,169,170,168,169,167,102,102,99,155,156,151,152,144,143,138
189,189,189,189,190,189,189,190,190,190,190,190,191,190,190,190,190,190,190,190,191,190,190,190,190,190,191,191,191,191,192,192,192,191,192,191,192,192,192,192,192,192,193,195,194,194,193,192,193,192,192,192,192,192,192,192,192,193,192,192,192,192,191,191,190,189,188,187,187,187,186,185,185,185,185,185,184,183,182,182,182,182,181,181,181,180,180,179,178,178,178,177,177,177,176,176,176,176,176,177,179,181,184,188,190,191,191,192,193,192,193,191,191,193,191,192,193,192,191,181,190,193,181,184,186,188,169,144,143,144,147,147,144,153,187,193,189,153,144,143,154,155,149,152,156,154,156,179,148,193,194,183,158,151,158,163,166,172,173,171,177,182,179,180,164,159,200,140,188,152,126,161,184,187,188,183,180,183,190,175,174,185,166,165,165,166,169,98,106,99,153,145,156,151,128,143,142,149,95,110
188,189,189,189,189,189,190,189,189,190,190,190,190,190,190,190,190,190,190,190,190,190,190,190,190,190,190,191,191,191,191,191,191,191,192,191,192,192,192,193,193,192,193,194,195,195,194,194,193,193,193,192,192,192,192,192,192,192,192,192,192,191,191,191,190,189,188,188,188,187,187,187,185,185,184,184,184,183,182,182,181,181,182,181,181,180,179,179,178,178,178,178,176,176,176,176,176,176,177,178,180,183,187,191,192,193,192,193,193,193,193,194,194,192,191,191,191,185,180,186,182,182,187,180,148,145,167,143,144,144,146,146,153,189,187,144,156,154,145,143,154,155,149,153,157,167,149,195,194,192,148,122,151,154,159,165,159,173,173,180,176,180,169,182,198,188,186,180,144,179,139,158,184,186,187,182,181,185,191,185,173,182,165,164,166,138,110,99,161,153,151,139,151,151,106,97,129,98,171,170
189,189,189,189,189,189,189,189,189,189,189,189,189,190,190,190,190,190,190,190,190,190,190,190,190,189,190,190,190,191,191,191,191,192,192,192,192,192,193,193,193,193,193,193,195,192,193,193,192,193,192,192,192,192,192,192,192,192,191,191,191,191,191,190,190,190,189,188,188,187,188,187,186,186,185,185,184,183,183,183,182,182,181,181,182,181,180,179,178,178,178,177,177,177,176,176,176,177,178,179,181,183,186,189,193,193,193,193,193,193,194,194,194,193,192,192,178,184,192,186,186,191,201,148,149,144,163,143,145,143,155,193,192,188,127,142,154,155,145,143,153,155,149,150,170,188,187,197,127,150,155,119,156,154,160,165,159,173,173,180,143,182,193,192,193,185,195,138,139,153,149,161,180,182,184,182,181,184,187,174,172,171,151,128,100,112,159,160,154,153,146,145,134,102,161,146,148,170,171,169
188,188,189,188,189,189,188,189,189,188,189,189,189,190,189,190,190,190,190,190,190,190,190,190,190,190,190,190,190,191,191,191,191,192,192,193,193,193,193,193,193,193,193,193,193,192,192,192,192,192,193,191,192,192,192,191,191,191,191,192,191,190,190,190,190,190,190,189,190,189,188,188,188,188,187,186,186,184,184,183,183,182,182,182,182,182,182,180,179,178,179,178,177,177,177,177,177,178,179,180,182,184,186,189,193,192,193,193,193,193,194,194,194,194,194,183,187,175,179,185,189,148,145,148,149,144,158,143,140,158,192,186,147,152,141,142,154,155,145,143,153,152,141,193,190,192,138,150,151,150,156,129,157,155,160,164,158,173,138,182,193,189,192,191,143,167,167,136,147,167,137,160,176,176,179,179,182,185,189,175,104,149,102,156,157,148,148,150,149,137,106,101,95,143,143,144,145,165,169,167
188,188,189,188,188,188,189,189,189,188,189,189,189,189,189,190,189,190,190,190,190,190,189,190,190,190,190,189,190,190,190,190,191,191,193,193,193,193,192,193,193,193,193,193,192,191,191,192,192,192,192,193,192,191,192,191,191,190,191,191,190,190,190,190,190,190,190,190,190,190,189,189,188,188,187,186,186,186,186,185,184,184,183,184,184,183,183,181,180,179,179,178,178,178,178,178,178,180,181,183,184,186,189,190,192,192,194,193,193,193,193,192,192,177,186,192,177,182,184,145,149,153,147,148,149,142,156,156,194,193,143,142,153,154,141,143,154,154,147,142,192,192,194,192,169,148,148,152,154,152,156,131,157,155,159,163,134,183,195,180,195,192,151,174,178,173,171,134,146,189,141,163,176,176,176,177,182,185,107,130,103,155,158,157,152,148,150,130,105,107,165,112,141,142,144,143,142,162,169,168
188,188,188,188,189,188,188,189,189,189,189,189,188,189,189,189,189,189,190,190,189,189,189,189,190,189,190,189,190,190,190,190,190,192,193,193,193,193,193,193,193,193,193,191,191,191,192,192,192,192,192,192,192,192,191,191,191,191,191,191,191,191,191,190,190,190,190,190,190,190,190,189,189,188,188,187,188,187,187,186,186,185,184,184,183,184,183,182,181,181,181,180,181,181,180,180,182,184,184,185,188,190,190,191,192,193,192,194,193,193,194,194,182,190,171,182,189,184,153,150,148,152,147,147,144,176,196,191,181,151,145,147,154,155,141,143,153,154,187,194,191,187,152,112,145,150,151,152,153,151,156,145,156,156,149,172,192,192,193,169,149,175,177,177,178,168,171,132,147,182,145,163,179,179,179,175,115,103,92,158,154,129,149,152,141,115,88,100,171,163,163,117,138,140,142,143,142,165,167,167
187,188,187,188,188,188,189,187,188,188,188,189,189,189,189,189,189,189,189,189,189,189,189,189,189,189,189,189,189,189,189,189,190,190,193,193,193,193,193,193,193,193,193,192,191,191,191,191,192,191,191,192,192,191,192,191,191,191,191,191,190,190,190,190,190,190,190,190,190,190,189,189,188,188,188,188,188,187,187,187,186,186,185,184,184,183,183,183,183,182,183,182,183,184,185,185,187,187,187,188,191,192,193,193,193,193,192,193,193,194,179,186,192,190,186,186,146,148,155,149,147,154,147,141,140,190,178,154,155,152,146,147,153,154,141,144,157,136,192,182,191,147,120,119,148,151,150,153,153,154,156,157,151,139,198,193,190,189,195,155,165,172,175,177,177,168,174,137,137,143,146,162,179,114,172,108,154,160,155,148,142,147,136,111,117,153,178,179,175,179,174,127,162,141,141,140,138,167,165,164
187,187,188,188,188,188,188,188,189,188,188,188,188,189,189,188,189,189,189,189,189,189,189,189,189,189,189,189,189,189,190,190,190,190,191,193,193,193,193,192,192,192,192,193,190,191,191,191,192,191,192,192,191,191,191,191,192,191,191,191,190,190,190,190,190,190,189,189,189,188,188,189,189,189,188,187,187,187,187,187,188,186,184,184,184,185,184,184,183,183,184,184,186,187,188,190,189,189,190,190,192,193,193,193,193,193,193,193,193,181,189,167,186,185,164,133,144,148,153,151,151,153,159,193,188,144,155,147,155,152,146,145,152,153,135,162,196,196,187,147,145,142,120,132,145,152,151,151,153,152,146,131,190,189,195,169,140,161,168,138,165,170,173,176,176,170,170,151,144,123,149,159,123,102,153,157,155,151,146,144,113,103,99,159,136,156,176,175,178,178,180,130,152,159,139,135,155,167,164,181
187,188,188,188,188,188,188,188,188,188,188,188,188,188,188,188,188,188,189,188,189,189,189,189,189,189,189,189,189,189,189,189,189,189,189,190,190,191,192,192,192,192,192,192,191,191,191,191,191,191,191,190,191,191,191,191,192,191,191,191,190,190,190,190,190,189,189,189,188,188,188,187,188,187,187,187,186,187,186,186,187,187,185,184,185,185,185,185,185,185,187,187,188,189,189,190,190,190,190,191,191,192,193,193,193,193,193,192,192,192,191,189,190,164,146,139,144,146,157,148,150,198,187,186,134,146,157,148,154,153,145,144,150,194,192,194,190,201,143,144,144,142,117,132,147,149,149,150,136,133,193,165,196,146,142,168,178,164,168,136,165,170,173,175,175,167,169,153,137,121,150,145,154,156,151,152,151,147,107,128,172,151,151,149,149,150,174,176,180,176,180,121,163,158,137,153,143,175,171,169
187,188,188,188,188,187,187,188,188,188,188,188,188,188,188,188,188,188,188,188,188,188,188,189,189,188,189,189,189,189,188,188,189,188,189,188,189,189,189,191,191,192,191,191,191,191,191,191,191,191,190,191,192,191,191,190,190,190,190,190,190,189,189,189,188,189,188,188,188,187,187,187,187,187,187,186,186,186,187,187,188,186,185,185,185,185,186,186,187,188,189,190,190,190,191,191,190,191,191,191,191,192,193,192,193,192,193,192,192,184,184,145,147,147,147,136,145,145,152,145,190,177,174,155,152,147,153,148,156,153,145,142,193,190,187,203,147,148,142,144,144,143,120,120,144,149,147,134,192,198,192,137,159,162,166,170,179,165,168,126,163,167,172,172,172,149,191,185,133,115,137,155,151,154,145,129,125,100,177,177,169,143,143,145,147,150,172,177,181,176,181,118,163,146,153,142,142,181,167,166
187,187,188,188,187,187,187,188,188,188,188,188,188,188,188,188,188,188,188,188,189,189,188,188,188,188,189,188,189,188,189,189,189,188,188,188,189,188,189,189,190,190,191,190,190,192,191,191,191,191,191,191,191,191,191,190,190,190,190,190,190,189,189,189,189,189,188,187,187,187,187,188,188,187,188,187,187,187,187,187,187,187,187,187,186,186,187,189,191,192,191,191,190,190,191,191,191,191,192,192,193,193,193,193,192,192,192,192,192,182,132,135,147,146,142,136,156,144,190,186,149,141,147,154,152,148,151,148,155,197,199,189,189,148,142,142,147,149,142,143,142,142,117,128,155,150,196,193,193,139,150,160,164,165,166,169,178,165,166,119,163,165,173,138,139,193,191,135,170,111,160,152,150,119,163,188,159,177,173,169,167,139,142,143,144,152,170,178,187,183,170,115,148,140,138,140,145,171,165,165
186,187,188,188,187,187,188,187,187,187,187,187,187,187,188,188,188,187,188,188,188,188,188,188,188,188,189,189,188,188,188,188,188,188,188,188,188,188,189,188,188,189,189,189,190,190,191,191,190,191,191,192,191,190,190,190,191,191,190,190,190,190,189,188,189,188,189,188,188,188,188,188,188,188,188,188,187,188,189,189,189,189,189,190,190,190,191,192,192,191,191,191,191,190,190,191,191,191,193,192,192,192,192,192,192,192,192,192,192,146,143,133,146,145,143,133,174,189,164,127,147,146,145,155,152,147,154,136,148,193,199,141,113,118,141,141,146,146,141,142,142,141,153,160,189,195,190,131,150,152,155,169,163,166,165,167,178,163,165,119,164,130,132,191,194,193,190,141,172,121,159,141,100,185,187,181,133,175,167,167,167,140,140,142,144,154,171,170,177,172,168,107,155,139,138,137,142,127,145,173
186,187,187,187,187,187,188,187,187,186,187,187,187,188,188,187,187,188,188,187,188,187,187,188,187,188,188,188,188,188,188,188,188,188,188,188,188,188,188,189,188,188,188,188,188,189,191,190,191,191,190,191,192,191,190,190,191,190,190,190,190,190,189,189,189,188,188,188,188,189,188,188,189,188,188,189,189,189,190,190,191,192,192,192,192,192,192,192,192,192,191,191,191,190,191,191,191,192,192,192,192,192,192,191,192,191,192,191,191,146,141,136,145,143,147,194,189,153,143,146,146,141,145,153,152,144,167,197,201,184,142,151,121,116,139,140,145,146,138,157,204,183,193,197,176,192,151,150,149,154,155,166,163,166,166,167,175,162,154,135,197,194,196,194,190,131,185,171,197,140,137,158,182,182,182,176,105,170,166,168,168,142,139,140,142,147,170,169,174,181,170,104,144,138,138,112,101,103,95,149
186,186,188,187,187,187,187,187,187,187,187,187,187,187,187,187,188,187,187,187,187,187,187,187,187,187,188,188,187,188,188,188,187,188,188,187,188,188,188,187,188,187,187,188,188,189,189,188,189,191,190,171,149,190,191,191,190,191,191,191,190,190,190,189,188,188,188,187,188,188,188,189,189,189,189,189,189,189,191,191,191,191,191,192,192,191,192,192,192,191,192,191,190,190,190,190,191,191,191,191,192,192,191,192,191,191,191,190,191,147,142,136,146,195,192,134,144,147,141,147,146,143,144,155,155,196,192,196,136,148,151,150,120,117,138,139,144,155,139,182,193,193,178,192,138,154,169,150,150,154,155,167,163,165,166,168,135,157,198,187,196,192,153,146,171,179,182,163,164,125,128,164,179,181,176,182,98,177,168,167,168,143,139,139,140,151,171,167,170,170,173,103,118,157,125,102,152,134,142,143
186,186,187,187,187,187,186,186,187,186,187,187,186,187,187,187,187,187,187,187,187,187,187,187,187,187,188,188,188,188,187,188,187,187,187,187,187,187,187,187,187,188,188,188,188,189,187,188,188,188,189,167,145,190,190,190,190,190,190,190,190,190,189,188,187,187,186,187,187,187,188,188,188,188,188,188,189,190,191,191,191,191,192,192,191,192,192,192,192,192,191,190,190,190,190,190,190,190,190,190,190,190,190,190,190,191,190,191,191,149,144,122,192,194,124,151,145,147,142,147,146,147,200,202,196,191,174,143,149,149,150,149,122,117,139,154,204,179,193,191,189,149,157,158,138,156,182,148,149,155,155,169,163,166,138,142,190,188,196,185,157,142,170,174,174,175,183,145,125,138,121,163,180,182,178,181,90,175,170,167,167,143,140,139,140,143,167,165,170,157,175,101,98,148,143,143,141,134,138,140
186,186,186,187,186,186,186,186,186,186,186,186,186,186,187,187,186,187,186,187,186,186,186,187,187,187,187,187,187,188,187,186,187,187,187,187,188,187,187,188,187,188,187,187,188,187,188,188,187,188,188,156,152,190,190,190,190,189,190,189,188,188,188,187,187,187,187,187,187,188,187,187,187,187,187,187,188,188,189,191,191,191,191,191,191,191,192,191,191,191,191,191,189,189,189,189,190,189,189,189,190,190,189,190,190,190,190,191,191,192,189,188,145,144,146,153,145,145,136,145,153,199,195,190,166,146,193,145,150,149,150,150,122,119,198,180,195,195,193,148,153,154,157,159,139,158,181,149,148,154,154,159,148,191,203,199,194,185,164,194,164,168,172,175,175,173,185,137,156,149,121,164,183,185,177,175,103,171,168,166,166,143,141,138,136,139,138,175,171,99,151,136,141,147,142,143,141,130,135,144
186,186,186,186,187,186,186,186,186,186,186,187,186,186,186,187,187,187,187,187,187,186,186,186,186,187,186,187,187,187,187,187,187,187,187,186,187,187,187,187,187,187,188,188,187,187,187,187,187,188,189,132,118,190,189,189,189,189,188,188,187,188,188,188,187,187,187,187,187,186,186,187,187,186,187,187,186,187,189,189,190,191,191,190,190,190,190,191,190,191,191,190,189,189,189,188,188,189,189,189,189,190,189,189,190,189,190,190,191,190,135,145,151,147,146,151,145,144,132,136,194,191,135,143,143,145,194,144,150,150,150,150,201,191,194,197,197,170,144,144,153,155,156,158,136,158,173,149,147,141,170,192,200,195,195,140,130,158,163,197,167,171,174,176,175,172,183,137,150,141,121,162,177,183,175,177,101,168,164,163,164,141,136,137,105,114,102,153,147,146,144,141,144,143,143,138,145,128,122,100
186,185,186,186,185,186,185,185,186,186,186,186,186,186,187,187,186,186,187,187,186,186,186,186,186,186,186,186,187,187,187,187,186,187,187,187,186,186,186,186,186,186,187,187,187,187,187,187,187,188,136,132,121,133,188,188,188,188,187,188,188,187,187,187,188,187,186,186,186,187,186,187,186,186,186,186,186,188,188,189,189,190,190,190,190,190,190,190,191,190,191,190,189,189,188,188,188,188,189,189,188,188,190,189,189,189,190,189,189,134,144,146,150,147,147,148,141,138,194,194,136,140,142,143,144,145,196,144,147,149,137,183,193,196,191,132,142,142,144,143,152,155,156,157,141,159,150,133,134,198,201,190,196,132,158,158,155,158,165,200,167,170,170,174,175,173,176,136,140,192,108,152,180,180,173,172,101,168,161,162,162,104,133,104,151,148,141,145,146,145,143,138,132,145,113,100,103,98,161,161
186,186,186,186,185,186,186,186,186,186,185,186,186,185,186,187,187,186,187,187,186,186,186,186,186,187,187,186,186,186,186,187,186,187,186,186,186,186,186,186,186,186,187,186,186,187,187,187,187,188,136,139,151,128,188,188,188,188,188,187,188,187,187,187,187,186,187,187,187,187,187,186,186,187,186,186,186,187,188,188,189,189,190,189,189,189,189,190,190,191,190,190,189,188,189,188,189,188,188,188,188,188,188,188,188,188,188,189,189,145,144,153,150,146,144,167,203,199,160,146,145,142,144,144,143,146,195,143,199,193,195,190,182,127,147,146,143,145,144,141,154,155,156,156,135,199,175,196,199,196,188,196,151,153,157,159,155,159,165,206,167,169,166,174,174,173,174,153,133,190,98,156,177,174,170,172,110,164,113,172,101,119,148,151,150,149,146,146,145,138,150,116,106,115,157,158,160,108,160,162
186,186,185,186,186,186,186,185,186,185,185,185,186,186,186,185,186,186,187,187,186,187,187,186,186,186,186,186,186,186,186,186,186,186,186,187,186,186,186,186,186,185,186,186,186,187,187,187,187,187,150,133,128,163,189,188,187,188,187,188,188,188,186,187,187,187,186,186,186,186,186,187,186,186,186,186,187,186,187,187,189,189,189,189,189,190,190,190,190,190,191,190,188,188,187,188,188,188,187,187,187,187,188,187,188,188,188,188,188,145,145,143,147,204,195,198,197,134,167,146,145,142,144,144,140,146,189,201,194,192,159,131,148,148,149,146,144,145,143,142,153,155,153,186,198,196,195,193,143,132,151,199,151,154,156,159,155,158,163,206,166,167,159,172,136,154,197,201,158,140,92,147,171,169,167,136,107,104,112,145,150,146,144,145,150,143,144,138,105,104,146,159,157,158,161,159,160,106,158,159
185,186,185,185,185,185,186,186,185,186,186,185,185,186,186,186,186,186,186,186,186,186,186,186,186,186,186,186,185,186,186,186,185,186,186,185,186,185,185,186,186,186,186,186,186,186,186,186,186,136,149,134,125,118,145,187,187,187,187,187,188,186,186,187,186,186,186,186,186,186,186,186,186,186,186,186,185,185,186,186,188,188,190,189,190,190,189,190,190,191,190,190,187,188,188,188,188,187,187,187,187,187,187,187,187,187,187,187,187,145,144,199,199,198,193,148,147,150,165,146,144,141,143,144,166,196,188,193,140,140,144,145,151,149,150,146,145,144,144,143,152,138,199,193,194,193,129,147,148,148,151,198,150,154,157,159,155,158,161,204,164,165,146,137,191,190,183,195,151,166,108,141,137,170,123,107,138,147,147,152,148,144,142,146,125,102,109,159,160,159,160,161,159,160,161,158,156,111,156,157
185,186,186,185,185,184,185,185,185,185,185,186,185,185,186,185,186,186,186,186,185,186,186,186,186,187,186,186,186,186,186,186,186,186,185,185,185,186,186,186,186,186,186,186,186,186,186,186,186,148,133,135,138,171,146,187,187,186,187,187,188,186,186,186,186,186,187,186,186,186,186,186,186,186,186,185,185,185,186,186,186,188,188,189,189,190,189,190,190,190,190,189,188,189,188,187,187,187,187,187,187,187,186,186,187,187,187,187,187,142,157,193,193,153,149,162,145,150,159,146,144,143,193,202,194,197,129,143,145,150,145,146,151,149,150,147,144,144,135,142,192,183,189,163,136,147,147,149,148,150,152,194,150,156,156,158,153,158,161,202,177,192,189,190,191,183,153,171,126,161,128,126,106,147,148,151,149,152,148,148,144,112,103,106,161,161,97,162,157,156,155,160,156,156,158,158,155,110,155,156
185,184,184,184,185,185,185,185,184,185,185,186,185,185,185,185,185,185,185,185,185,186,186,186,186,186,186,185,185,185,185,185,185,185,185,185,185,185,185,186,185,185,185,185,186,186,186,186,138,172,137,136,139,128,141,125,187,186,186,186,188,186,186,186,186,186,186,186,186,186,186,185,186,186,186,185,185,185,185,186,186,186,187,188,187,187,188,189,190,189,189,189,189,188,188,187,187,187,187,186,186,186,186,186,186,187,186,186,186,191,190,147,148,146,147,165,145,149,156,144,150,201,198,198,129,146,139,149,147,150,145,145,151,147,150,143,198,198,193,194,190,133,141,143,136,148,144,149,150,151,153,188,153,157,156,159,136,155,199,175,190,190,183,159,199,176,180,153,145,163,123,136,141,148,148,148,146,153,138,91,103,124,158,159,159,159,97,156,154,154,154,157,154,155,156,155,155,109,154,155
184,184,184,185,185,184,185,185,184,185,184,184,185,185,185,185,186,185,186,186,186,186,186,186,186,186,186,186,185,185,185,186,187,187,185,185,185,185,185,185,185,184,185,186,185,186,186,185,191,132,131,143,189,182,141,118,187,186,186,186,188,186,186,186,186,186,186,185,186,186,186,186,186,185,186,186,185,185,185,185,186,186,186,187,186,186,188,189,189,190,189,188,187,187,187,187,186,187,187,187,187,186,186,187,186,186,186,186,186,139,141,139,148,147,146,167,142,147,160,201,195,194,137,147,145,147,137,150,146,150,146,148,151,141,162,195,194,194,190,156,144,144,148,147,139,149,142,150,150,150,152,197,156,158,159,128,195,185,196,178,198,145,132,170,169,176,177,150,185,156,141,130,143,145,144,140,94,103,161,158,157,112,157,157,157,159,103,154,153,152,153,158,147,154,155,155,153,107,153,153
184,184,185,185,184,184,184,185,184,185,185,185,184,184,184,185,185,185,185,185,185,185,185,186,186,186,186,186,185,184,190,191,187,187,187,186,187,185,185,185,185,185,186,185,185,186,186,155,143,148,136,132,129,121,126,154,140,186,185,186,186,186,186,186,186,186,186,186,186,186,186,186,185,186,185,186,186,185,185,185,186,185,185,186,185,186,187,187,190,189,189,188,187,188,187,186,186,187,187,187,188,187,186,186,186,186,186,186,186,147,144,138,146,146,143,167,164,201,193,196,139,178,152,143,144,145,137,149,146,149,148,173,134,190,194,194,131,132,148,146,146,147,147,156,139,150,141,149,149,149,152,185,172,189,195,194,191,173,147,156,162,166,134,169,166,166,175,155,194,150,157,131,103,152,98,160,104,160,159,159,158,98,156,156,156,157,129,154,151,150,151,154,147,153,154,153,152,100,152,151
185,184,184,185,185,184,184,185,184,185,185,184,184,185,185,184,185,185,184,185,185,185,185,185,185,186,186,186,186,186,193,196,190,187,187,187,188,186,184,185,185,185,185,185,185,185,163,154,123,139,131,117,122,167,115,144,122,187,186,186,186,186,186,186,186,186,186,186,186,185,185,185,186,186,185,186,186,185,185,185,186,185,185,186,186,187,190,189,189,189,189,188,188,188,188,186,186,187,188,187,187,186,187,186,186,186,185,186,186,147,144,127,146,143,180,200,197,198,165,141,143,181,152,142,145,144,136,148,146,190,185,194,192,191,126,145,150,147,149,148,147,148,150,160,141,149,142,148,137,133,194,183,194,187,187,184,143,157,161,157,164,167,116,167,163,157,173,156,145,136,157,92,156,161,157,155,104,156,157,157,157,95,154,155,154,155,131,150,149,148,148,151,149,150,153,152,150,101,149,150
184,184,184,184,184,184,184,184,184,185,184,185,184,184,184,185,185,184,185,185,185,185,185,185,185,185,186,186,186,186,192,191,186,187,187,187,187,187,184,184,184,185,185,185,185,185,171,206,193,196,126,155,127,125,120,180,154,125,186,185,186,187,186,186,186,185,186,186,185,186,185,185,185,185,185,185,186,185,185,185,185,185,185,185,186,188,189,189,189,189,189,188,187,188,187,187,186,186,186,187,187,186,186,186,186,186,185,186,185,148,140,128,153,201,198,190,165,142,138,143,145,178,151,142,143,143,133,185,197,184,192,190,155,145,149,149,151,148,150,148,148,149,148,164,144,143,197,140,196,198,195,185,167,153,153,160,158,157,160,156,161,163,109,162,160,147,169,160,127,129,150,89,151,155,154,151,103,166,160,155,154,91,152,154,151,152,135,149,147,146,148,150,147,150,151,150,150,96,148,149
183,183,184,183,183,183,183,184,184,183,184,184,183,184,184,184,184,184,185,184,185,185,185,185,185,185,186,186,186,186,195,187,186,186,187,186,187,187,187,186,187,185,184,185,185,165,152,148,160,123,149,130,122,112,129,135,113,122,186,186,186,186,186,186,185,186,185,185,186,185,186,185,186,185,185,186,185,186,185,184,186,185,186,185,185,188,188,189,189,189,188,188,188,187,187,187,187,186,186,186,186,185,186,186,186,185,184,185,185,151,201,196,197,197,155,178,140,143,144,142,143,176,149,142,139,147,183,194,191,150,129,146,147,147,150,147,151,148,148,150,148,149,161,147,144,187,191,191,194,194,147,146,153,153,153,158,156,157,159,161,158,158,111,159,156,136,166,154,153,122,138,79,141,154,152,148,98,161,154,152,154,98,152,150,150,151,152,146,144,145,147,148,147,147,150,148,147,94,118,123
182,182,183,183,184,183,184,183,183,183,184,183,184,184,184,183,184,183,184,184,185,184,184,184,185,185,185,186,186,186,187,186,186,186,186,187,187,186,187,187,187,187,187,187,186,182,200,75,149,169,104,129,156,106,106,106,149,155,139,186,186,186,186,185,185,185,186,185,185,185,185,185,186,186,186,185,186,185,185,185,185,186,185,185,185,186,188,188,188,187,188,187,187,187,186,187,186,186,186,186,186,185,185,185,185,185,184,185,184,196,190,187,193,142,141,177,141,142,123,142,145,169,143,148,192,196,190,147,144,145,145,147,148,147,149,147,151,148,150,149,139,182,194,192,193,197,184,140,137,151,153,150,153,152,152,159,158,158,158,155,159,157,125,155,154,130,157,145,146,144,121,80,133,151,147,146,104,160,157,151,150,83,151,149,149,150,152,145,144,144,145,145,145,142,97,101,106,92,110,147
182,183,183,183,182,182,183,183,183,183,182,183,183,183,184,184,184,185,184,184,184,184,184,184,185,185,185,185,186,185,186,186,186,185,186,186,186,186,187,187,187,187,186,187,140,132,97,144,145,130,138,130,107,101,136,143,158,153,157,186,185,185,185,185,185,186,185,186,185,185,185,185,185,185,185,185,185,185,184,185,185,185,185,184,185,187,188,188,188,187,187,187,187,185,187,186,186,186,186,186,186,186,185,185,185,184,184,184,184,191,133,117,142,140,141,184,140,143,122,140,142,198,198,194,188,147,192,143,143,145,146,148,149,147,149,145,150,147,141,135,194,185,194,186,146,147,143,147,147,151,153,154,152,152,152,160,159,157,157,155,156,154,143,153,152,198,196,193,182,165,192,79,126,147,147,145,112,159,154,149,148,94,150,148,147,147,149,144,142,147,98,131,102,97,97,146,144,141,150,153
183,182,183,182,182,183,182,183,182,183,182,183,183,183,183,183,183,183,183,184,184,185,184,184,185,184,184,185,185,185,186,185,186,186,186,186,186,186,187,186,187,187,187,187,119,139,130,155,120,158,128,77,94,114,107,144,150,113,119,132,185,186,186,185,185,185,185,185,186,185,185,185,185,185,185,185,185,185,185,185,185,187,185,185,186,187,187,187,187,187,187,186,185,186,186,186,186,186,186,186,185,185,185,184,184,184,183,184,183,147,142,118,141,140,143,189,142,139,142,203,197,190,138,136,142,143,190,141,143,145,145,145,147,145,148,140,146,187,195,194,189,167,148,148,149,151,143,145,145,149,153,152,152,153,155,158,155,153,154,149,193,182,202,200,195,187,193,187,191,197,189,85,115,147,146,145,124,155,150,148,147,96,147,146,144,148,139,166,110,100,95,147,154,143,151,147,142,144,151,152
182,182,182,182,183,182,182,182,182,183,182,183,182,183,183,182,183,183,183,183,183,184,184,184,185,185,184,184,185,185,185,185,186,186,186,186,186,186,187,186,186,186,186,187,123,140,125,123,117,154,134,125,101,123,110,94,113,96,131,114,185,185,185,185,185,185,185,185,185,185,185,185,185,186,185,185,185,185,184,185,186,187,186,186,187,187,187,187,187,186,186,186,185,186,186,185,185,186,185,185,185,184,184,183,183,183,183,183,183,148,144,118,142,142,145,176,134,195,183,197,175,207,144,142,145,140,187,139,142,144,145,143,146,139,193,196,194,193,195,194,148,147,144,147,148,150,141,144,144,148,153,151,152,152,152,152,138,133,139,202,201,203,189,194,190,146,152,114,129,187,180,85,91,146,144,144,137,149,147,146,145,98,120,115,134,110,86,152,157,154,144,142,148,146,148,152,155,139,153,104
182,182,182,182,181,182,182,182,182,182,182,182,182,183,182,182,183,182,183,183,183,183,183,183,183,184,185,184,184,185,185,185,185,185,185,185,185,185,186,186,186,186,186,185,118,140,131,129,125,149,127,88,101,127,107,99,112,96,127,123,185,185,185,185,185,185,185,185,185,185,185,185,184,185,185,185,185,185,185,185,187,187,187,186,187,186,186,186,186,186,185,185,185,185,185,185,184,185,185,185,184,185,184,183,183,183,183,183,183,144,142,119,142,204,201,187,192,185,164,142,138,206,144,142,149,141,186,140,141,141,158,134,194,198,201,192,148,138,149,149,147,146,144,146,150,150,142,144,144,152,152,156,150,131,164,137,200,192,205,197,197,200,131,141,125,123,123,118,122,179,123,86,97,144,144,142,140,146,142,110,159,97,97,146,153,151,148,152,157,153,152,147,148,148,154,96,94,95,94,141
182,182,183,181,182,182,182,182,181,182,182,182,182,183,182,182,182,182,182,183,182,183,184,183,183,184,183,184,185,184,184,185,184,185,184,184,185,185,185,185,185,185,186,183,123,140,139,121,132,138,127,89,105,130,103,139,107,100,126,124,184,185,185,185,185,184,185,185,184,185,185,185,184,185,185,185,186,185,185,185,186,185,186,186,186,186,185,185,186,185,185,185,185,185,185,185,184,185,185,185,185,184,183,183,183,183,183,182,182,147,136,180,199,198,189,145,143,143,155,143,141,207,143,143,146,141,183,133,143,194,193,191,194,134,135,150,146,146,147,148,145,145,144,145,145,150,142,143,143,149,139,145,144,191,201,201,197,190,187,146,116,122,176,127,124,127,121,117,120,122,119,86,83,140,144,152,165,110,98,128,149,145,150,149,157,155,142,155,154,149,146,98,90,100,104,140,137,140,138,140
181,181,181,181,181,181,181,182,181,181,181,181,181,181,182,182,182,182,182,182,182,182,182,183,183,183,183,183,183,184,183,184,184,183,184,184,184,184,184,184,184,184,185,182,125,140,137,115,131,129,124,114,97,115,105,118,112,106,129,122,185,185,185,185,184,185,184,185,185,186,187,187,184,185,184,185,186,186,186,186,186,186,186,186,186,186,186,185,185,185,185,184,184,184,184,185,185,184,184,183,184,184,183,182,183,183,182,182,182,135,191,191,197,185,142,204,141,144,147,143,140,206,144,142,145,177,171,196,196,188,193,184,141,144,145,143,145,143,146,147,145,145,141,143,147,148,140,159,156,183,201,194,196,192,191,138,160,119,121,122,121,119,173,126,122,136,117,113,136,122,117,88,114,153,103,113,155,152,148,152,153,151,157,157,152,151,133,100,100,105,99,135,139,138,139,139,138,138,139,138
181,181,181,181,181,181,181,181,181,181,181,181,180,181,181,182,182,181,182,181,182,182,182,182,182,183,183,183,183,183,184,183,184,184,184,184,184,184,184,184,184,184,185,183,139,141,137,120,129,125,122,172,127,123,112,139,108,91,129,125,185,185,185,185,184,187,198,195,191,185,186,186,186,184,186,186,186,186,186,186,186,186,185,185,186,186,186,186,185,186,184,184,185,185,185,185,184,184,184,183,184,183,182,182,183,182,182,182,182,193,144,115,140,140,141,199,142,144,146,143,140,206,158,128,192,197,196,193,141,141,152,152,143,143,145,140,145,141,144,146,144,144,139,141,140,146,202,195,197,200,201,189,153,140,120,123,121,121,123,124,118,119,173,121,121,143,118,115,199,124,113,101,144,154,158,150,148,149,153,155,154,142,147,106,89,103,99,128,130,136,137,136,138,137,140,140,140,137,137,138
181,181,181,180,180,181,180,180,181,181,180,181,180,181,180,181,181,181,181,182,182,182,182,183,183,183,182,182,182,183,183,183,183,183,183,183,183,183,183,183,183,184,184,161,131,142,138,117,119,119,117,157,119,81,115,124,100,89,132,124,185,185,185,185,192,195,197,196,189,185,185,186,185,184,185,186,186,186,186,185,186,185,187,186,186,186,186,184,185,185,185,184,185,185,185,185,184,183,183,184,183,183,183,182,183,183,182,182,183,142,140,123,140,141,141,202,144,144,137,139,151,189,188,198,196,140,165,140,141,142,150,151,143,143,142,154,144,142,144,145,141,165,188,197,197,194,192,192,200,149,127,138,148,151,117,120,119,120,119,118,118,117,169,122,122,144,117,114,192,118,104,130,140,154,152,153,144,143,150,118,99,103,114,138,136,137,134,134,134,138,135,133,140,139,141,141,140,139,137,138
180,180,181,181,180,181,181,180,180,180,180,180,181,180,180,181,181,181,181,182,181,181,182,182,182,182,182,182,182,182,182,182,182,182,182,182,182,182,182,183,183,183,184,131,136,141,141,115,123,117,123,152,116,91,112,119,95,93,135,127,105,184,186,193,194,194,196,193,184,184,184,187,186,185,186,185,185,186,186,186,185,193,192,188,191,189,185,185,184,185,184,184,184,185,185,184,184,185,184,183,184,183,182,183,182,183,182,184,184,144,143,126,143,143,143,201,143,197,185,192,189,187,142,129,141,144,178,138,139,140,149,152,144,144,142,152,141,137,202,142,199,192,194,193,193,172,143,145,143,143,146,138,147,150,114,120,120,119,119,107,117,118,165,121,118,146,114,113,160,118,152,127,134,143,148,113,112,103,129,139,138,104,136,136,135,136,140,134,137,140,140,134,138,138,141,142,139,137,137,138
179,180,180,180,180,179,181,180,180,180,180,180,180,180,180,180,180,181,180,181,181,181,181,181,181,181,182,181,182,182,181,181,181,181,182,182,181,182,182,182,182,183,183,139,129,144,144,107,128,115,120,148,116,98,103,155,96,90,134,126,109,186,193,196,194,193,194,193,186,183,185,186,185,187,187,187,185,185,185,189,192,196,194,192,193,190,186,185,186,184,184,185,184,185,184,183,183,183,183,183,184,183,182,182,183,183,184,186,185,145,142,128,145,145,134,143,190,199,190,190,148,156,151,141,141,142,170,138,142,140,149,151,144,143,140,194,170,201,198,192,193,189,136,199,136,142,136,142,140,140,143,138,146,150,114,121,120,121,120,115,123,117,156,126,116,136,143,154,104,144,189,119,112,111,134,133,134,137,138,138,137,114,137,138,136,137,141,135,139,140,139,135,138,139,140,141,139,137,136,137
179,179,179,179,179,179,179,180,179,179,179,180,179,180,180,180,179,180,180,180,180,180,181,181,181,181,181,180,181,181,181,181,181,180,180,181,181,181,181,181,182,182,182,129,129,141,138,103,131,109,124,149,121,85,106,165,94,96,132,126,114,189,195,198,196,194,193,193,189,187,189,188,187,189,190,190,187,190,187,194,196,196,196,194,195,193,193,190,188,186,187,185,185,184,184,183,183,182,184,183,185,184,183,183,185,186,185,186,185,145,143,122,152,190,187,180,199,159,121,144,144,164,151,142,140,142,168,137,141,139,148,145,197,136,201,200,198,198,201,149,131,146,140,143,137,139,136,139,139,140,144,138,146,150,115,121,116,122,124,114,111,169,155,142,200,188,200,199,130,194,170,85,137,134,132,132,133,139,142,141,137,121,138,137,136,136,143,134,137,139,138,135,142,138,138,140,137,137,136,136
179,178,179,179,179,179,179,179,179,179,179,179,180,179,179,179,179,179,179,180,180,180,180,180,180,180,180,180,180,180,180,181,181,180,180,180,180,181,181,181,182,182,183,123,138,146,138,100,125,107,123,143,126,84,105,163,102,98,131,129,114,193,197,196,195,193,193,193,191,191,190,188,188,189,193,192,191,192,193,194,197,197,197,196,196,196,194,191,189,187,187,186,185,187,186,184,186,186,188,187,186,184,187,186,187,186,186,185,184,204,191,187,196,197,143,179,147,146,127,145,143,156,152,143,138,142,165,136,134,197,174,199,202,200,193,187,183,138,143,143,146,146,141,140,137,137,139,140,140,140,144,136,146,149,118,115,114,136,164,135,206,205,203,199,201,188,201,196,153,195,143,82,132,134,134,134,136,141,142,142,136,126,138,136,135,136,141,134,137,138,138,135,138,136,137,138,135,136,135,135
178,179,178,178,178,179,178,179,179,178,179,178,179,179,179,178,179,179,179,180,180,178,179,178,180,179,180,180,179,180,180,180,180,180,180,180,180,180,181,181,181,181,182,155,144,144,141,100,130,108,126,140,129,86,111,142,103,97,132,127,115,194,194,195,193,193,192,192,191,191,190,189,191,193,194,194,191,193,194,195,198,197,198,197,197,195,193,192,191,190,190,189,189,189,189,189,187,188,191,187,189,188,188,186,186,186,185,185,184,188,192,147,140,146,142,177,146,147,125,145,145,147,152,142,137,154,169,203,197,195,195,202,140,159,148,148,141,140,142,141,146,146,141,140,136,140,138,140,142,138,143,137,149,135,191,137,204,202,204,202,206,203,198,184,144,184,140,142,134,154,123,83,129,136,137,137,134,140,141,140,138,135,136,136,135,135,139,133,136,138,135,135,134,135,135,138,135,135,132,133
177,178,178,178,177,178,178,178,178,178,178,179,178,178,178,178,178,179,179,178,179,179,178,179,179,178,179,178,178,179,179,179,179,180,180,179,180,180,180,180,181,181,181,155,153,144,146,106,132,104,118,134,132,84,114,132,100,102,132,128,118,194,193,192,192,192,193,192,194,197,191,192,196,195,192,192,193,193,194,196,198,198,198,198,196,194,193,192,191,190,190,190,190,191,191,190,189,189,190,187,188,187,187,186,184,183,183,182,183,136,145,130,146,145,141,179,147,147,123,146,145,145,134,150,201,202,188,196,188,141,128,137,143,146,146,144,140,140,144,141,147,147,140,144,136,143,136,143,144,132,165,156,208,206,207,202,205,200,201,156,143,136,169,146,146,188,142,140,133,196,107,87,122,135,135,133,134,139,141,141,140,137,135,135,135,136,139,134,136,137,135,132,129,131,136,136,133,135,135,136
177,177,178,177,177,176,177,177,177,177,177,177,178,177,178,177,178,178,178,178,178,178,178,178,178,178,178,178,179,179,179,179,179,180,179,180,180,180,180,180,181,181,181,158,154,141,151,105,141,112,118,125,129,109,114,123,102,106,133,129,122,193,192,192,192,192,195,196,195,193,192,189,195,193,192,195,193,193,194,196,198,199,199,196,195,193,192,191,191,190,190,191,191,192,191,190,189,189,187,187,187,187,186,187,185,185,185,181,180,146,145,129,145,148,143,180,146,145,126,182,140,195,195,193,195,192,144,111,116,116,139,140,142,143,149,144,139,138,143,143,149,149,142,145,137,131,139,151,206,206,204,194,203,200,200,160,141,132,147,143,145,147,157,145,148,187,144,140,140,197,107,86,117,133,134,134,133,137,140,140,138,139,137,135,136,136,137,132,134,135,133,131,111,133,133,132,93,95,103,104
178,177,178,178,176,176,177,176,178,177,177,176,177,177,177,177,177,177,177,177,177,176,178,177,178,178,178,178,178,178,179,178,179,180,180,180,179,180,180,180,180,180,181,99,165,141,159,112,148,109,122,120,124,119,83,130,100,117,133,129,125,191,191,191,192,192,199,198,195,195,194,193,192,192,196,196,192,191,195,196,196,197,197,196,194,192,191,191,191,190,189,191,191,192,192,190,189,188,187,187,187,186,183,185,185,185,184,183,182,145,144,134,145,147,143,173,150,137,193,196,197,186,138,160,115,142,128,114,116,116,141,138,142,144,147,142,139,141,142,142,147,138,202,142,195,203,197,197,204,199,200,139,194,140,118,117,114,144,145,145,144,146,164,144,146,183,143,141,140,135,117,82,111,134,133,133,134,138,139,138,138,139,136,135,133,135,135,132,132,135,105,96,95,101,102,94,95,112,155,155
177,176,176,177,177,177,177,177,176,177,177,176,177,176,177,177,178,177,178,178,178,178,177,178,177,176,178,178,178,178,177,179,178,179,180,180,180,180,179,180,180,180,180,99,167,140,163,105,148,105,125,116,120,118,77,157,94,115,132,130,128,191,192,191,191,194,196,197,196,196,195,196,194,197,199,193,189,190,195,195,197,196,196,195,193,192,191,190,189,190,190,192,185,183,187,191,188,186,186,186,186,181,183,184,184,183,183,184,183,146,144,127,138,178,183,190,198,197,189,146,134,150,119,121,118,144,120,114,117,116,140,138,142,143,147,141,142,133,160,134,204,204,201,197,196,199,189,130,141,134,148,136,144,141,113,111,111,143,145,143,141,143,180,142,144,179,140,141,130,130,128,84,100,133,133,133,132,137,138,138,137,137,135,134,134,91,100,119,150,103,99,87,151,156,156,152,155,150,156,157
176,176,177,176,176,176,177,176,176,176,176,176,176,176,176,177,177,177,177,177,177,177,177,177,177,177,177,177,177,177,177,178,178,178,179,178,179,179,179,179,179,180,180,116,165,138,167,99,150,104,127,115,123,111,83,159,95,128,135,131,130,191,191,192,191,192,194,195,194,196,196,200,196,195,194,192,190,187,188,196,196,196,195,194,193,192,191,190,190,191,190,186,184,183,186,190,189,186,183,182,182,182,185,187,185,185,184,183,183,138,183,201,196,201,190,183,193,142,114,122,144,154,118,120,121,146,115,116,119,118,142,138,145,139,140,144,169,203,203,203,203,206,199,136,210,139,144,146,145,144,147,133,140,138,111,105,110,142,144,141,140,144,163,141,143,180,137,136,183,117,135,84,100,132,132,131,130,136,139,133,98,98,104,101,100,98,129,157,157,159,161,156,145,154,150,148,152,148,151,155
176,177,176,176,175,177,176,176,176,176,175,175,176,176,176,176,176,176,176,176,176,176,177,178,177,177,177,176,177,177,178,178,178,178,178,179,179,179,179,178,179,179,179,110,165,138,170,96,153,95,133,107,121,110,83,162,90,130,130,130,140,190,191,191,191,190,196,196,198,196,195,197,196,196,194,191,190,188,187,191,191,192,193,190,193,191,190,190,190,189,183,183,182,183,187,189,183,182,181,181,182,186,184,184,185,184,184,183,182,192,189,191,138,137,124,169,145,139,120,119,143,146,117,118,121,146,115,116,119,116,130,160,166,207,203,203,205,202,203,146,159,140,143,144,138,145,143,145,143,143,146,133,136,135,108,108,115,144,143,140,146,146,155,143,142,178,135,132,176,122,139,84,95,133,111,152,163,105,104,97,93,160,158,157,160,158,157,157,157,155,157,154,148,152,150,150,144,157,136,97
176,175,175,175,176,175,175,175,175,174,175,175,176,176,175,175,176,176,175,176,177,177,176,176,178,177,168,176,179,178,177,177,177,178,178,178,178,178,178,178,179,179,178,122,166,137,174,98,162,97,168,108,127,89,157,140,89,128,132,132,146,189,192,192,191,190,194,198,198,196,195,195,195,194,192,191,189,187,187,187,187,187,192,191,191,190,190,190,190,186,182,182,183,184,188,186,181,181,182,181,184,186,184,183,183,183,182,182,181,180,116,139,148,141,117,170,145,139,109,118,143,144,118,119,120,142,132,156,153,208,199,207,204,204,203,141,145,141,142,142,141,142,152,142,138,145,144,144,143,141,143,128,133,134,108,119,124,145,146,140,142,141,146,141,183,127,200,202,153,133,152,85,109,105,98,130,160,156,153,155,157,153,159,154,158,159,154,154,155,151,146,152,115,93,100,87,106,103,85,107
175,175,175,175,173,175,175,174,174,175,174,175,174,175,175,176,176,175,175,176,175,175,176,175,168,165,162,167,170,165,166,166,169,168,168,168,164,168,178,178,178,178,158,110,162,139,174,102,165,101,166,105,111,89,94,107,94,129,127,134,153,186,190,191,191,189,192,193,196,196,195,196,195,194,192,191,188,188,188,184,184,187,188,186,189,185,182,182,182,182,182,183,184,184,187,185,183,183,184,184,183,184,184,183,182,182,182,181,181,143,120,139,147,141,117,174,142,137,104,130,142,146,126,147,160,205,198,205,206,203,198,142,141,114,142,139,140,141,141,140,139,143,141,142,137,143,142,143,139,140,141,135,144,141,111,120,116,136,133,150,145,203,195,198,203,203,202,200,198,135,187,104,139,150,154,155,154,156,150,154,156,153,153,151,151,158,125,92,89,96,100,100,67,108,108,106,104,103,105,104
174,174,175,175,175,174,174,173,174,174,174,174,175,174,175,175,174,175,174,175,175,174,176,174,167,166,171,168,156,159,171,174,172,171,170,171,150,161,177,177,178,178,160,110,156,140,174,99,164,109,171,105,122,91,106,111,99,132,124,137,107,182,185,191,191,191,193,193,193,193,194,197,195,191,190,182,181,181,181,182,187,187,186,187,182,181,182,181,181,181,182,181,182,184,184,185,185,185,185,186,184,184,183,182,182,181,181,181,180,144,120,137,147,141,117,174,138,135,120,177,142,201,200,209,206,204,153,161,131,138,139,138,113,112,141,139,139,140,141,140,140,144,139,141,135,143,146,145,145,141,142,130,134,197,139,137,202,190,198,202,201,205,198,202,200,193,144,149,143,106,155,109,140,151,156,155,154,155,145,160,112,92,79,122,115,111,99,106,107,107,106,105,63,105,105,101,102,102,103,102
174,174,174,174,173,173,174,173,174,173,173,173,173,174,174,174,175,174,174,174,175,174,175,174,169,168,171,171,171,172,170,171,170,171,171,172,149,159,177,176,177,177,158,104,155,138,172,104,169,102,169,113,126,93,97,111,109,131,125,137,98,181,181,191,191,193,192,193,193,193,195,197,184,181,180,180,180,180,181,183,186,186,184,181,180,181,184,184,181,184,184,185,182,185,184,185,184,183,184,184,184,184,183,182,181,181,180,180,180,150,122,137,147,146,119,156,142,205,199,203,205,198,134,153,135,137,114,137,138,136,138,137,107,110,139,136,138,137,138,138,139,141,137,139,133,141,142,134,189,195,141,200,200,205,207,204,204,192,203,200,199,151,141,135,133,137,133,132,122,127,199,110,131,153,106,112,68,99,100,96,111,109,110,109,109,111,111,106,106,107,105,106,73,106,104,103,102,102,103,100
174,173,174,173,173,173,174,174,174,174,173,174,174,174,174,173,174,173,174,174,174,174,175,174,168,169,169,151,109,107,109,112,112,96,93,123,152,162,176,176,177,176,157,101,149,140,165,98,170,106,170,117,138,85,142,106,110,133,114,136,100,180,180,180,183,183,191,182,183,180,183,182,179,179,179,180,179,179,182,183,184,185,182,180,181,184,186,186,187,185,186,186,185,186,184,184,184,183,183,182,183,182,181,180,181,181,180,179,179,149,115,147,142,202,202,196,202,200,136,147,108,142,135,137,138,136,113,137,136,135,136,137,109,109,138,138,141,144,145,140,138,138,125,207,186,144,204,201,200,205,202,201,204,199,195,159,142,143,133,133,134,131,134,133,133,135,133,134,119,124,184,89,97,105,132,133,134,109,108,106,106,107,108,108,110,108,109,105,105,106,102,102,75,105,104,103,102,102,103,100
173,173,173,173,172,172,172,173,173,173,173,172,172,174,174,174,174,174,174,174,174,174,174,173,171,172,172,164,138,105,110,111,113,113,93,94,151,160,176,176,176,176,156,97,144,139,159,94,166,101,167,119,142,83,139,104,116,133,110,137,98,180,184,186,188,180,181,183,180,180,179,179,179,179,179,183,181,181,188,184,184,184,183,182,184,185,186,186,186,186,185,185,185,184,184,184,184,183,183,182,182,181,181,181,180,180,179,179,178,192,195,198,204,201,153,157,138,139,107,113,112,143,133,136,136,136,113,136,134,136,136,137,125,123,139,138,138,149,140,142,138,206,207,203,200,202,204,199,197,200,150,138,144,146,134,133,133,134,132,134,132,132,136,136,133,135,132,134,121,148,162,92,100,133,134,134,133,108,108,108,106,105,109,110,110,109,110,104,103,101,102,101,88,104,101,100,102,101,104,101
172,172,172,171,172,172,171,173,172,172,172,172,172,172,172,172,173,174,174,173,173,173,174,173,173,173,173,170,163,135,109,106,110,113,107,99,151,162,176,176,176,176,155,100,128,143,148,93,161,103,170,123,147,83,137,106,121,136,105,134,105,184,187,189,188,188,179,180,179,180,179,180,181,186,189,192,197,194,191,187,185,183,184,184,185,185,184,185,184,184,183,184,183,184,183,184,183,183,183,182,181,181,180,180,180,179,179,178,179,192,144,130,142,142,140,144,138,137,105,112,113,146,134,137,135,135,112,136,136,136,139,138,126,142,159,135,208,205,203,205,205,203,204,202,150,142,199,134,142,140,138,133,140,139,133,134,135,132,135,132,131,135,133,136,135,135,130,133,116,203,143,90,99,134,134,132,132,107,107,106,105,104,105,104,102,101,103,101,103,103,103,101,85,102,100,102,100,101,104,102
171,172,171,172,172,170,171,172,172,172,172,172,172,172,173,172,172,172,173,173,173,174,173,173,176,173,173,170,168,157,124,111,107,112,116,94,151,166,176,176,176,176,157,108,128,142,138,102,154,108,168,123,157,82,126,111,124,136,88,138,121,180,179,179,179,180,180,179,179,178,179,179,179,181,190,192,192,190,190,191,186,184,184,183,184,183,184,183,184,183,183,183,183,183,182,183,183,183,181,182,182,180,179,179,179,179,178,178,178,138,143,124,140,142,141,141,138,138,106,112,112,149,135,137,136,136,115,129,198,164,150,207,204,205,200,204,205,203,203,136,160,137,138,134,117,136,138,146,143,141,141,134,141,144,139,135,132,136,130,133,131,135,133,134,133,133,131,131,115,191,136,87,98,132,134,133,132,109,106,105,104,105,103,102,102,103,103,101,101,102,101,101,86,101,101,100,101,102,96,100
171,171,172,171,171,172,171,172,172,172,172,172,172,172,172,173,173,173,173,173,173,173,174,173,176,178,174,172,172,169,153,129,109,110,108,93,150,169,176,176,176,176,158,106,120,145,130,116,149,114,168,127,161,76,83,112,129,141,83,136,115,179,178,177,178,178,179,179,181,178,178,179,180,181,190,193,190,191,191,189,185,183,183,184,184,183,183,183,182,182,182,182,182,182,182,182,182,182,181,181,180,180,180,180,179,178,178,178,178,137,139,123,138,142,140,139,136,136,105,111,111,150,129,205,132,190,204,206,200,202,198,203,205,183,160,144,131,135,141,143,143,140,142,140,113,141,140,146,146,143,145,137,147,149,140,136,134,137,135,131,133,132,133,131,132,133,130,130,130,129,137,87,102,133,133,132,132,108,111,111,111,103,102,100,102,102,103,101,102,102,102,101,89,105,104,103,104,103,76,101
172,171,171,171,172,172,171,172,171,173,172,172,172,173,172,173,173,173,173,173,173,173,173,174,175,177,176,175,171,172,167,160,126,110,107,90,152,169,176,176,176,176,158,114,112,150,124,115,144,109,163,129,167,82,86,117,130,137,84,138,117,178,177,178,179,179,179,179,180,180,180,184,186,189,193,192,194,191,188,186,183,182,182,182,182,183,183,182,182,182,182,182,181,181,181,181,181,181,180,180,180,179,179,178,179,178,178,178,178,136,139,116,136,140,134,139,133,133,134,191,197,206,207,209,206,206,202,204,133,145,135,135,138,136,135,135,133,137,142,142,140,147,141,151,115,145,140,148,146,144,146,140,148,145,143,135,133,134,137,136,135,130,131,130,128,130,129,131,198,133,126,83,104,132,132,132,132,106,112,111,108,103,104,100,101,105,104,104,105,105,105,102,92,103,105,104,103,104,69,102
171,171,172,171,171,172,172,171,172,171,172,172,173,172,172,173,173,173,173,173,173,174,175,175,174,177,175,177,173,170,169,168,159,136,110,90,152,172,176,175,175,174,152,105,109,150,117,114,131,115,156,138,167,83,100,118,130,133,96,135,108,187,180,185,187,188,185,185,191,192,190,188,188,189,191,191,195,189,186,186,182,181,182,182,182,181,182,182,182,182,181,181,182,181,181,181,181,180,180,180,180,179,179,178,178,178,177,177,177,137,139,122,138,148,135,206,207,204,200,206,204,202,152,154,145,137,146,136,137,135,134,133,137,135,133,135,133,137,141,142,138,144,137,145,112,144,139,148,146,144,148,141,146,144,137,131,133,131,131,129,202,177,144,133,148,209,205,206,179,193,198,90,95,130,132,131,130,108,109,109,111,102,109,104,105,104,107,104,105,104,105,104,105,104,104,102,101,100,65,102
171,172,171,171,171,172,170,171,172,171,171,171,171,172,172,171,173,173,174,174,175,175,174,181,176,178,176,177,174,173,174,172,171,164,131,110,152,173,177,175,176,177,155,100,102,149,103,108,123,104,154,144,168,75,142,102,135,128,94,135,107,188,187,187,186,185,185,189,192,189,189,189,189,189,188,191,191,193,181,183,181,182,181,181,181,181,182,181,181,181,181,181,181,180,181,180,179,179,180,179,179,179,179,178,177,177,177,177,177,137,203,202,202,201,195,200,205,147,148,136,136,147,136,149,134,136,152,134,135,137,134,132,136,135,131,134,133,136,139,139,137,138,134,142,106,140,137,143,145,143,147,128,140,142,172,144,137,205,208,206,204,206,206,206,205,201,197,197,114,197,190,94,94,131,132,130,130,106,111,110,109,104,108,111,103,108,105,103,105,106,106,104,137,101,88,92,92,95,94,92
172,171,172,172,171,172,172,173,174,173,174,173,172,173,173,173,172,173,174,175,176,178,176,187,177,180,172,178,177,177,174,174,172,174,167,152,153,179,181,182,182,182,155,98,99,156,96,114,118,102,142,147,168,80,145,103,133,130,95,133,94,184,186,188,188,184,186,191,190,188,188,187,186,187,188,188,180,179,179,179,181,181,181,181,181,181,181,180,181,181,181,182,180,181,179,180,180,179,180,179,179,178,178,178,177,177,177,176,177,196,202,153,158,132,135,143,136,143,133,136,133,147,136,163,151,137,159,134,135,138,134,132,137,135,133,133,134,132,138,138,136,137,138,143,122,161,198,168,181,159,205,206,204,201,196,199,203,205,205,205,202,197,202,197,138,131,134,138,123,143,119,82,98,130,132,132,132,106,110,114,111,105,105,104,93,97,101,99,93,95,100,98,85,95,91,101,129,160,154,154
170,171,175,174,173,174,173,172,173,173,173,174,173,173,175,176,175,176,174,174,175,177,177,187,177,183,157,174,176,178,178,178,177,175,174,172,154,178,178,180,181,181,151,103,106,157,99,128,105,102,132,147,159,70,141,100,135,117,90,132,96,185,185,185,183,184,184,187,188,181,178,178,180,179,179,179,178,179,178,178,179,180,180,179,180,180,180,181,181,180,180,180,180,180,180,179,179,179,179,179,178,178,178,178,177,177,176,176,176,139,138,124,134,139,135,144,136,146,156,136,133,145,136,159,154,137,149,135,137,139,133,133,137,135,133,135,130,164,204,198,135,143,201,199,191,193,202,198,198,198,203,204,196,196,192,204,142,133,154,153,132,140,139,133,131,131,132,131,126,142,123,84,91,127,94,94,134,94,95,97,97,97,100,92,95,96,135,152,158,165,155,160,155,158,156,156,157,155,152,157
173,174,176,173,173,172,173,173,173,173,174,174,173,176,177,176,175,176,175,174,175,176,177,177,177,185,126,153,173,179,179,178,177,177,175,176,154,178,180,183,181,180,151,108,115,165,112,151,113,126,124,149,152,75,89,109,138,102,100,131,94,182,182,182,183,184,183,184,178,177,178,177,177,177,178,176,177,178,178,178,179,178,179,180,180,180,180,180,180,180,180,180,180,179,180,179,179,179,179,179,178,178,177,177,176,176,177,176,176,140,139,122,136,142,140,148,142,143,143,137,133,145,136,148,151,135,150,133,135,134,134,197,135,143,173,205,204,206,197,199,195,195,193,202,193,189,189,198,133,148,202,199,133,139,134,136,134,133,133,131,146,133,136,133,133,133,133,132,133,139,118,82,97,151,103,104,129,159,153,161,161,159,160,156,157,155,152,154,156,157,154,153,147,156,157,157,158,153,143,148
171,170,172,171,172,172,173,171,173,174,174,174,176,178,176,176,176,176,173,173,173,173,173,169,179,186,104,124,156,173,177,177,179,177,176,175,153,179,187,185,185,181,146,113,117,168,123,154,112,132,116,151,151,81,95,110,136,99,108,137,101,183,184,183,187,185,186,179,178,178,177,178,177,177,178,177,178,178,180,179,179,179,179,180,180,178,179,179,179,179,180,180,179,179,180,179,179,179,178,177,177,177,176,176,176,176,176,175,175,138,138,120,136,141,136,148,139,139,134,136,132,151,131,147,192,151,131,207,204,207,203,206,207,205,203,203,207,203,200,163,136,153,149,136,98,104,108,142,144,148,147,146,140,137,134,134,133,134,132,131,148,135,139,134,135,133,134,137,135,139,136,128,151,149,153,160,156,161,156,161,159,158,161,150,155,155,152,148,156,154,152,149,137,150,142,158,145,140,115,87
171,172,173,172,171,170,172,172,172,171,170,172,174,175,174,176,175,175,173,174,173,173,175,170,178,188,103,104,120,152,171,175,177,180,178,177,155,180,183,183,179,180,155,104,120,166,116,157,114,141,108,152,148,82,99,106,135,95,117,136,109,186,190,187,186,186,187,187,185,183,181,177,181,181,180,181,180,178,179,178,179,179,179,179,178,179,178,178,178,178,179,178,178,179,178,178,178,178,178,177,177,176,176,176,175,175,175,174,175,143,136,120,136,140,134,142,137,151,131,204,200,203,204,208,206,200,197,201,204,205,204,140,134,149,144,137,141,144,141,145,139,139,144,145,95,114,107,144,144,146,146,143,142,141,137,143,139,139,141,138,153,143,144,143,143,138,138,138,132,132,175,127,152,147,149,158,158,163,159,159,155,153,147,159,156,152,138,89,103,99,92,79,93,150,141,155,147,136,103,124
170,171,170,170,169,170,170,171,171,172,172,170,172,173,173,173,172,173,173,174,176,173,175,175,179,187,107,124,99,133,136,162,172,178,178,178,155,182,181,179,178,179,152,97,110,160,115,161,110,149,112,151,142,81,144,100,135,85,127,136,106,188,187,186,188,187,189,185,186,183,181,181,180,181,181,180,179,179,179,179,179,179,178,178,179,178,178,178,178,178,178,178,178,178,177,177,177,178,177,177,176,176,176,176,175,174,175,174,174,208,143,166,198,195,192,188,200,199,189,197,202,201,129,147,144,202,138,138,137,137,140,144,135,138,142,141,143,144,143,146,139,141,144,149,124,114,115,144,144,144,143,143,145,140,134,142,139,140,139,136,143,141,147,140,140,141,137,138,134,147,159,113,155,156,115,95,98,84,84,129,161,157,161,123,122,115,121,123,129,133,134,135,122,131,133,133,132,133,101,133
167,169,169,169,170,171,170,171,171,171,171,171,172,172,172,172,173,173,173,174,174,174,174,185,180,187,110,142,94,135,103,149,158,174,176,178,156,182,179,177,177,178,154,94,112,157,107,167,105,153,104,151,138,74,146,98,133,84,134,138,104,187,185,185,187,190,184,186,184,183,181,181,180,180,181,179,178,179,179,179,178,179,179,178,178,178,178,179,178,178,177,177,177,177,177,177,176,177,176,176,176,175,175,175,174,174,173,174,174,197,195,188,197,193,101,94,96,96,102,94,129,186,185,131,133,138,173,137,136,138,140,144,133,136,140,140,142,141,142,142,140,138,140,146,111,113,114,145,145,144,144,139,144,143,131,144,139,138,138,136,155,137,144,138,142,143,138,137,163,196,157,84,152,129,130,131,129,135,130,131,130,131,129,129,129,129,129,123,131,130,131,130,134,133,132,132,131,134,98,136
166,169,164,147,170,170,170,170,170,171,171,171,170,171,171,172,172,172,172,172,172,173,174,192,178,184,104,157,94,151,90,159,106,171,153,176,155,178,176,177,177,177,127,94,112,141,108,170,106,154,106,149,137,77,144,98,131,86,136,135,107,186,187,184,184,184,183,181,182,180,180,180,179,180,180,179,179,178,179,178,178,178,179,178,178,178,178,178,178,178,177,177,177,176,176,176,176,176,176,176,175,175,175,174,174,174,174,174,173,197,119,155,190,144,51,55,68,46,45,46,46,44,52,131,142,139,173,139,137,139,142,142,134,135,139,139,141,140,141,141,139,138,137,144,119,111,111,142,141,141,143,139,141,141,126,141,141,140,138,138,153,138,126,154,182,176,162,139,204,195,153,67,160,134,132,131,135,141,132,129,130,131,130,130,129,130,129,110,131,130,131,133,139,129,132,134,134,135,101,139
169,165,164,157,149,170,171,171,170,171,171,171,170,171,171,171,173,171,172,173,172,172,173,189,179,182,107,166,101,163,98,165,89,175,104,175,157,175,174,175,175,176,118,101,124,135,116,166,113,159,109,147,128,90,122,109,133,99,134,137,99,183,182,182,181,181,180,180,180,181,181,180,179,179,178,178,179,178,178,178,178,178,178,178,177,178,177,177,178,177,176,177,176,176,175,176,176,175,174,175,175,174,174,174,174,174,173,173,172,199,197,73,178,172,173,171,172,171,171,171,171,170,170,133,143,137,187,140,139,140,142,143,137,137,139,138,140,139,140,141,138,137,136,144,127,113,111,142,139,133,185,192,123,125,141,180,169,159,137,194,207,204,204,200,203,203,204,203,191,121,131,77,162,136,133,133,133,139,135,132,131,132,131,132,133,131,131,98,133,132,136,136,142,134,136,137,135,138,106,140
172,173,176,163,156,170,170,170,170,170,171,172,171,170,171,171,172,171,172,172,172,173,172,175,177,175,105,171,105,170,100,174,92,177,82,177,156,177,175,176,175,174,121,102,125,124,118,153,117,160,115,145,131,90,99,101,133,116,133,134,95,180,178,179,179,179,178,178,178,178,179,178,178,178,179,179,178,178,178,178,178,178,178,177,177,177,178,178,177,177,176,175,175,176,176,176,176,175,175,174,174,174,174,173,173,172,173,171,172,200,166,172,171,172,171,172,171,171,170,170,172,170,170,131,141,139,170,139,137,139,142,142,134,131,141,132,134,136,198,197,180,143,126,132,129,196,204,197,200,203,207,201,200,205,192,198,204,202,203,203,205,206,205,201,196,189,196,194,169,138,142,73,160,135,136,132,132,135,135,130,130,138,135,134,137,133,133,82,136,134,138,136,143,137,137,138,136,140,109,141
175,174,171,170,163,161,169,169,170,170,170,170,170,170,170,171,172,171,171,172,172,172,172,167,177,172,101,176,102,174,98,175,97,179,98,178,156,177,176,175,177,176,132,104,125,111,117,130,119,160,125,141,129,97,112,111,130,128,130,133,94,179,177,178,178,179,178,177,178,179,180,181,180,179,179,178,178,178,178,178,178,177,178,178,177,177,176,177,177,176,176,175,175,175,176,175,175,174,175,174,174,174,173,173,173,172,172,171,172,196,165,172,171,171,170,170,170,170,169,169,169,169,169,130,137,198,154,199,141,141,137,188,204,203,199,200,193,194,202,197,190,192,201,193,191,197,201,196,200,201,203,202,199,200,179,199,201,170,159,167,135,131,131,141,137,136,143,134,122,135,133,70,157,135,132,132,130,122,132,130,128,132,131,131,136,135,132,51,133,139,139,138,141,138,138,137,137,139,104,140
93,165,160,149,163,167,170,170,169,170,170,171,170,171,170,171,171,172,171,172,173,169,173,167,175,172,102,177,100,177,95,176,96,178,91,178,156,176,175,176,176,176,156,103,129,108,119,115,119,162,114,139,128,101,132,101,132,129,125,135,94,178,177,178,178,178,178,208,164,142,145,146,145,146,145,147,147,147,146,146,146,148,147,121,152,134,125,209,126,188,146,144,175,175,174,174,174,174,174,173,173,173,172,173,171,172,171,172,171,193,163,171,171,170,170,170,169,169,169,168,170,169,168,197,195,198,189,205,204,205,204,194,201,201,199,202,196,196,199,202,197,140,135,132,126,136,135,138,139,140,141,140,139,140,126,142,141,142,142,142,141,141,134,137,140,137,132,136,122,138,136,67,156,137,132,132,133,105,132,129,131,135,133,131,130,131,131,65,135,138,137,139,142,137,137,139,139,138,97,142
88,147,170,131,158,158,169,169,169,170,170,170,170,170,170,171,171,171,171,172,139,144,148,173,177,170,101,178,94,175,95,178,94,181,94,178,157,175,174,174,174,174,159,100,131,101,122,104,111,162,107,127,126,107,145,95,131,129,114,134,95,177,178,177,177,176,176,179,181,147,148,148,149,148,149,149,149,150,146,150,150,150,151,199,121,188,137,207,138,142,150,149,175,174,174,174,174,174,173,172,172,172,172,171,171,171,171,171,170,195,167,171,169,169,169,169,169,168,168,168,168,168,167,192,144,135,132,132,142,152,140,134,132,137,139,141,139,140,138,139,137,139,135,141,162,140,139,141,140,139,138,139,138,139,126,139,139,141,143,142,138,139,136,140,140,138,134,135,125,137,139,85,157,134,134,133,135,86,134,133,133,134,137,134,134,136,137,101,138,137,136,139,143,138,139,140,110,109,104,110
182,181,185,182,156,163,169,169,169,170,170,170,171,171,170,170,170,171,171,173,141,151,129,174,176,172,98,177,89,177,86,175,95,177,93,177,155,175,174,175,174,175,160,96,142,100,132,100,114,159,104,105,128,117,145,99,130,132,97,133,106,177,177,175,174,175,174,183,186,147,140,142,149,152,151,151,151,150,149,152,153,155,155,155,156,154,155,155,156,151,152,150,174,174,174,173,173,173,172,173,173,171,171,172,171,171,170,170,170,195,170,169,168,169,169,167,168,168,168,168,167,167,168,134,134,136,193,137,132,132,132,131,137,135,137,137,137,136,138,139,135,135,135,141,160,139,138,139,140,136,139,140,140,140,130,140,138,143,144,142,141,140,137,140,140,137,136,134,124,136,137,98,157,134,134,135,136,71,133,135,135,137,136,134,134,133,136,125,139,139,138,113,111,108,108,110,109,107,113,106
97,121,183,168,142,164,169,168,169,169,169,170,170,170,171,170,171,170,170,173,150,156,131,175,175,176,114,176,97,175,91,177,89,177,89,175,156,174,174,174,175,175,156,107,149,108,140,108,121,160,115,99,130,128,144,97,133,138,89,137,103,176,174,212,213,203,198,198,196,173,199,159,143,168,158,182,176,179,186,185,184,181,175,169,166,159,152,141,149,152,168,169,185,193,192,193,172,172,172,172,171,171,171,170,170,170,171,170,169,195,172,170,168,167,168,167,167,167,167,167,167,167,168,132,134,136,195,137,131,133,132,131,137,136,137,138,137,138,140,140,137,136,134,141,154,139,138,139,138,138,139,139,138,138,137,139,138,143,143,142,140,141,137,139,140,136,136,133,126,131,135,116,153,133,134,132,136,66,135,133,134,137,129,135,133,135,135,139,139,139,136,105,101,106,95,100,93,107,99,112
57,104,180,164,140,143,169,169,169,169,169,169,169,170,170,171,171,171,172,151,152,149,130,176,175,174,154,177,130,175,118,175,101,175,88,174,156,175,174,165,174,174,154,103,158,117,155,114,135,161,121,101,129,131,125,102,131,138,86,138,103,139,154,165,157,204,164,197,196,139,181,165,138,184,98,190,137,117,110,144,139,140,121,101,119,94,107,189,120,175,137,138,152,137,183,135,172,172,172,172,172,171,171,170,170,169,169,169,168,194,171,169,167,167,167,167,167,168,167,167,166,167,167,131,135,136,195,138,132,132,132,131,137,134,137,137,138,137,139,140,138,135,133,139,155,139,136,138,138,136,138,138,137,139,145,139,138,143,143,141,139,141,137,139,139,137,136,134,129,132,132,129,153,125,110,101,99,73,155,159,128,153,121,156,158,159,162,135,155,139,138,143,122,158,157,156,157,153,144,157
57,103,175,153,135,140,170,168,168,168,169,169,169,169,169,169,169,169,170,164,151,151,129,173,175,176,164,176,154,175,138,174,121,176,113,173,157,179,138,199,134,129,154,96,158,124,165,113,143,159,124,103,126,125,122,97,132,130,91,136,104,140,129,212,208,205,182,195,194,148,180,142,124,155,136,185,156,161,167,179,181,189,192,192,193,195,194,197,195,194,195,194,195,195,174,181,171,171,171,171,171,170,170,169,169,168,169,168,168,195,164,168,167,166,166,166,165,166,117,94,86,136,151,129,135,134,191,138,132,131,132,130,138,136,138,138,136,136,139,138,140,138,132,137,147,139,136,137,137,131,138,138,138,137,154,139,138,137,141,140,139,139,136,137,137,134,132,131,128,156,158,120,146,98,96,94,92,90,93,96,96,99,97,109,122,136,143,143,155,162,158,158,155,153,157,157,154,153,146,156
157,166,168,171,136,137,134,168,167,168,167,168,168,168,169,169,169,169,169,170,157,149,132,173,176,175,171,177,166,176,165,176,161,176,159,171,156,109,197,137,152,157,145,94,157,119,165,121,145,160,124,105,128,124,119,96,132,117,93,135,99,146,137,174,140,205,187,194,196,147,160,113,119,155,109,191,115,98,139,159,137,136,138,152,143,103,113,191,128,164,122,127,176,144,180,136,170,171,170,169,170,170,170,168,168,168,168,168,168,190,188,178,168,165,165,165,166,166,112,117,127,167,189,130,124,128,185,129,121,127,129,130,131,131,129,130,142,135,145,134,178,145,176,202,154,141,141,152,141,126,132,129,128,128,153,137,137,172,169,160,142,147,133,136,145,168,133,142,145,206,200,152,153,151,150,154,156,148,155,154,155,154,154,154,156,155,157,139,147,150,151,150,151,147,149,148,147,147,141,148
92,100,153,175,113,114,127,168,167,168,167,171,167,168,168,169,168,169,169,168,160,158,147,173,178,178,175,176,172,176,172,176,171,175,170,167,155,141,193,144,162,163,121,88,156,108,164,97,150,156,126,101,131,118,151,83,131,103,93,135,91,120,123,185,159,203,174,181,166,126,145,170,108,129,121,165,121,128,132,166,140,135,142,173,147,155,161,173,171,174,178,176,184,181,175,180,170,170,169,170,169,169,169,168,168,167,167,167,167,191,189,182,182,187,183,186,178,180,185,177,186,180,191,194,198,193,202,200,203,204,202,204,202,198,193,199,196,193,197,199,200,206,195,202,203,204,205,202,204,190,207,206,205,202,194,200,205,205,206,202,204,205,205,207,202,206,204,204,195,192,196,154,148,147,151,153,156,143,150,152,150,153,147,150,152,151,153,139,147,153,149,149,150,148,148,145,148,146,144,145
151,84,136,168,109,119,117,127,140,168,163,175,162,134,168,168,168,167,168,161,161,130,134,170,176,175,171,176,171,175,171,175,171,176,174,163,157,133,186,130,157,177,107,94,157,104,153,95,154,154,139,103,131,105,148,85,130,94,108,135,92,119,113,159,115,205,182,181,175,105,114,151,123,98,129,171,128,141,130,179,97,93,128,185,134,86,73,165,107,108,143,161,179,122,155,135,169,169,169,168,168,168,168,167,167,167,167,166,166,193,192,184,190,188,191,189,186,185,188,188,189,190,191,198,200,192,194,199,198,200,199,201,202,200,193,199,196,191,195,197,196,202,196,196,192,195,196,185,204,192,202,202,202,201,187,192,199,201,200,200,202,200,200,201,201,201,198,197,179,181,151,137,157,125,130,133,133,128,140,140,141,140,128,140,138,140,140,132,142,145,147,149,141,139,143,146,146,146,135,142
163,83,113,152,109,115,113,135,106,119,107,168,132,129,159,160,159,160,162,157,159,132,146,174,176,177,173,175,173,175,173,176,174,176,173,157,156,146,164,152,152,158,104,104,158,100,138,88,156,150,151,107,132,98,150,91,132,86,122,135,95,149,120,162,138,204,171,162,175,117,147,123,124,102,124,174,125,128,115,176,120,117,131,179,128,114,115,164,126,129,128,157,175,128,151,135,168,167,167,167,167,167,167,165,166,167,166,165,165,193,185,116,104,163,163,162,162,162,160,159,158,159,188,128,128,129,122,137,127,135,131,127,123,126,130,128,129,124,128,130,125,123,120,123,129,132,131,132,132,113,132,131,133,132,127,138,137,130,133,132,132,132,132,133,133,133,131,130,126,127,132,130,157,120,125,125,116,101,118,119,116,113,84,133,130,121,118,93,102,104,102,92,94,90,91,93,93,97,91,104
159,121,127,139,105,106,112,143,144,173,174,173,181,170,193,155,171,175,174,160,150,149,155,170,175,176,174,176,172,174,173,175,173,177,174,148,159,151,95,155,83,125,115,130,157,102,127,93,153,144,157,106,96,78,104,91,134,72,128,134,98,139,114,126,142,205,161,164,174,129,148,120,148,81,115,173,132,136,127,178,123,124,126,178,117,122,87,168,106,132,111,155,176,122,152,136,164,163,163,162,163,163,162,162,162,161,162,162,162,188,88,164,161,161,160,161,160,160,160,159,159,160,160,119,125,119,126,125,107,122,121,121,120,121,121,118,121,123,122,121,117,120,113,123,116,122,121,121,121,138,128,116,123,126,119,116,115,106,118,120,127,128,130,117,114,120,127,126,121,125,135,120,159,112,117,112,105,104,111,113,112,113,96,116,117,116,116,82,106,105,106,99,103,97,111,110,103,100,101,104
181,124,126,155,160,126,125,116,139,130,191,144,147,143,173,130,131,179,128,171,152,137,144,171,176,176,173,175,173,175,175,176,174,177,174,142,157,150,112,154,180,181,120,141,153,119,111,77,143,143,158,103,88,73,123,95,133,92,132,125,97,119,118,146,169,205,157,140,177,123,153,107,150,103,125,174,132,145,116,174,131,107,121,176,125,115,113,165,120,136,138,155,175,135,150,151,153,137,147,149,156,150,134,137,135,138,150,132,138,191,163,138,141,139,146,147,146,148,152,144,140,140,139,110,119,108,109,110,98,108,111,111,107,111,111,105,110,111,111,112,107,110,105,118,108,118,117,117,116,160,114,114,116,116,105,114,113,105,115,116,116,117,117,109,105,107,114,112,122,126,128,115,159,103,100,103,103,107,110,110,110,114,107,110,111,110,109,88,105,100,99,99,97,105,98,95,104,102,108,102
177,113,114,117,113,117,110,112,131,158,188,145,114,122,129,135,164,123,135,169,135,117,143,170,177,177,173,176,175,175,175,176,177,176,176,139,156,148,178,173,167,168,127,156,154,142,102,108,123,141,158,102,100,78,141,113,133,108,131,110,89,98,133,167,191,206,154,124,173,143,149,101,159,104,97,172,119,165,96,171,91,138,126,177,149,171,162,164,178,172,184,179,172,167,150,156,141,159,87,126,154,128,162,132,115,110,128,132,133,192,160,135,137,131,130,132,136,138,136,131,131,129,130,102,114,101,94,105,95,100,104,107,110,104,103,97,105,105,106,105,101,99,93,108,101,108,106,110,111,172,108,108,110,111,106,111,106,97,102,108,106,110,108,116,104,104,112,112,127,130,126,112,145,100,96,102,94,109,102,102,110,107,110,110,101,103,105,96,104,101,100,103,99,96,109,102,106,110,110,101
170,100,81,96,99,130,103,121,135,167,185,145,150,161,169,148,170,174,144,166,133,126,149,170,175,175,175,176,175,174,174,175,173,175,174,138,154,148,182,182,181,182,135,162,151,147,89,121,111,139,147,90,131,80,155,99,135,123,125,101,85,82,152,177,197,206,160,105,172,145,161,105,164,112,120,172,127,174,121,171,125,128,137,177,152,169,163,167,164,163,152,157,169,110,149,151,149,160,114,85,121,133,130,114,123,145,147,115,134,193,161,136,130,132,140,130,136,132,129,134,132,131,130,99,114,98,104,103,86,118,102,101,100,98,95,95,101,104,106,103,96,99,91,116,99,111,109,106,106,180,105,103,103,105,107,101,108,91,106,104,105,106,103,101,102,104,103,111,127,131,122,103,133,97,108,93,91,106,101,101,101,104,114,103,106,102,103,95,99,115,111,107,108,90,100,111,110,106,113,96
162,113,92,91,111,128,104,133,113,159,195,159,148,125,147,119,124,135,158,144,146,133,155,171,174,177,175,176,174,174,173,173,172,171,170,139,156,145,139,170,165,180,136,161,146,157,85,144,98,136,140,84,132,83,156,98,136,128,117,92,89,95,161,205,207,207,150,100,175,149,138,97,176,79,92,174,134,190,124,170,173,173,179,170,170,176,141,170,111,131,118,142,174,125,152,157,167,168,137,148,122,109,122,112,127,127,166,117,139,194,166,149,138,137,134,133,138,139,125,132,136,134,138,202,200,200,171,126,133,133,137,140,145,137,141,137,141,140,135,118,88,81,93,111,93,107,105,100,98,185,96,97,103,107,103,106,109,89,97,96,97,105,108,100,105,101,103,108,128,125,118,99,127,93,91,88,88,99,98,100,106,104,136,104,104,100,102,94,97,104,104,115,109,101,93,101,95,97,117,94
167,177,178,105,110,112,109,136,117,176,121,129,125,151,122,171,132,152,157,136,139,180,191,171,176,175,175,172,171,170,167,165,160,153,144,140,154,140,117,136,142,179,148,148,143,158,83,155,93,135,121,96,125,96,155,103,136,130,90,83,86,86,193,189,208,206,170,118,175,169,166,108,179,120,121,174,120,187,127,171,158,160,166,167,149,157,116,162,146,127,99,130,171,114,149,161,94,97,136,105,166,122,168,152,167,84,109,177,140,191,164,132,127,135,145,140,138,145,137,132,125,130,131,195,199,204,201,203,189,205,204,204,205,199,200,202,202,195,200,204,202,197,186,197,198,192,165,153,177,136,187,196,192,187,177,131,131,131,131,127,121,107,101,92,95,97,99,104,127,110,112,86,129,94,88,82,85,99,97,98,100,100,105,105,103,102,94,90,95,99,120,98,99,92,111,107,102,99,115,98
139,168,186,171,170,173,98,109,146,181,126,131,135,128,122,143,159,165,157,169,174,165,163,171,175,174,172,171,167,161,157,147,130,113,96,139,154,157,162,162,172,173,148,137,139,155,82,163,88,138,106,97,83,103,157,111,138,132,76,92,93,106,200,206,206,206,177,104,176,175,136,105,177,83,85,175,143,185,179,166,170,160,118,164,121,179,132,174,123,106,124,132,171,141,150,156,112,114,88,82,164,134,168,154,166,110,125,176,135,194,169,140,142,131,123,144,138,129,137,115,140,197,154,95,115,107,129,148,153,146,132,145,141,137,175,205,201,196,201,202,202,200,191,204,203,202,200,196,201,186,202,196,203,201,198,203,201,191,204,201,202,204,205,205,196,156,129,153,148,146,137,81,111,85,86,86,81,97,96,94,93,98,101,92,92,95,92,93,93,95,96,96,92,86,95,95,90,88,93,99
114,178,187,181,185,161,138,113,154,185,125,125,145,147,159,164,164,165,161,164,163,162,157,171,174,171,170,162,153,138,127,119,106,93,89,136,152,130,130,157,179,120,146,116,140,136,78,166,68,138,87,91,84,113,158,105,139,127,87,112,112,87,204,194,208,205,198,110,173,179,167,116,176,123,123,179,135,177,162,171,165,161,149,162,140,183,143,169,136,73,93,116,166,111,152,160,84,105,114,72,163,82,167,151,162,134,150,176,116,192,164,120,138,116,133,132,126,132,126,209,206,207,177,121,106,108,90,108,87,109,100,100,107,108,111,119,119,116,123,126,104,128,139,165,182,151,133,137,132,167,197,191,195,193,193,196,198,189,199,200,201,198,203,207,200,203,201,196,206,172,157,92,79,98,110,93,98,101,107,107,99,93,100,93,93,94,89,85,88,90,88,93,103,98,93,93,94,99,103,99
127,178,181,139,170,181,179,109,110,110,125,122,143,110,160,166,165,165,163,164,163,161,158,171,174,164,160,150,138,119,100,94,93,94,86,140,153,137,144,118,163,137,142,99,137,126,105,159,92,140,93,94,116,123,155,97,139,120,88,116,125,154,204,206,206,201,200,78,172,176,172,134,173,122,143,180,172,183,165,166,139,159,116,165,130,184,118,174,130,147,163,170,167,173,146,157,119,151,99,87,162,125,166,155,159,141,153,174,128,190,183,164,105,119,138,128,133,126,81,117,211,207,70,101,113,108,81,94,71,101,94,99,110,112,105,106,112,106,114,120,112,109,131,117,107,112,107,99,111,174,109,102,110,124,107,108,129,137,143,139,133,131,142,143,165,159,190,202,186,198,203,136,78,81,107,84,87,91,98,98,99,95,98,91,94,89,90,82,91,92,93,90,101,58,102,101,93,94,114,105
208,163,167,160,195,194,205,115,119,111,126,117,100,122,158,87,94,86,80,92,91,80,96,170,176,159,143,126,106,82,89,90,89,91,85,137,150,103,124,121,155,147,135,79,137,107,93,143,76,136,93,84,134,144,159,151,136,99,95,130,129,82,203,207,193,196,202,118,170,170,162,127,170,125,118,183,151,179,174,164,130,164,110,167,134,184,83,173,120,131,136,91,168,96,151,165,140,150,116,79,160,89,166,153,160,82,151,170,167,192,179,188,164,184,121,114,126,122,124,110,207,205,130,86,110,106,83,97,80,118,116,120,135,112,102,109,112,113,115,115,101,107,139,116,103,107,100,100,98,171,95,100,100,92,85,96,98,132,104,99,88,93,93,95,98,99,94,100,156,190,201,164,91,91,105,98,96,103,99,99,94,92,97,90,94,98,95,95,91,93,93,94,95,62,83,82,86,104,104,78
198,166,167,158,167,179,159,114,108,101,95,117,111,110,143,151,147,112,110,109,109,110,104,170,173,142,122,97,180,109,84,85,86,91,90,137,148,135,100,120,154,140,110,67,135,88,105,123,83,134,85,90,158,125,123,122,122,85,145,117,114,114,204,204,205,189,202,86,173,170,127,110,163,135,134,181,167,161,142,166,129,171,125,170,123,184,152,175,172,162,169,172,175,176,148,162,123,95,132,110,160,80,163,147,156,156,162,187,188,194,183,182,188,185,175,170,172,170,172,163,126,139,167,78,97,105,105,109,83,106,92,99,105,108,101,102,101,106,107,110,98,109,150,121,116,121,109,103,110,161,89,94,88,93,89,95,91,146,103,96,83,93,90,87,93,91,86,103,140,121,196,160,139,148,151,152,153,153,158,158,153,160,155,158,153,130,96,83,87,91,88,93,92,95,88,85,86,86,86,80
185,178,173,163,159,172,207,146,101,96,96,98,71,102,105,139,150,159,112,111,110,111,107,171,171,121,98,78,170,157,149,150,143,147,181,182,162,127,163,123,185,103,126,130,135,92,135,103,104,134,84,127,176,110,176,132,123,187,141,144,140,134,203,207,178,180,206,124,171,163,136,120,165,116,125,180,153,163,165,161,129,177,128,168,133,169,140,175,128,132,141,86,168,123,151,164,125,128,119,129,181,161,158,160,160,159,159,161,161,196,185,184,188,185,187,181,182,178,173,182,176,179,188,129,131,154,139,145,113,96,83,93,96,99,101,92,98,100,119,117,102,113,158,112,116,119,113,100,91,133,87,85,84,86,86,88,88,151,96,92,70,90,87,85,89,92,93,102,134,116,151,158,133,145,144,145,142,148,152,149,148,150,146,152,152,155,151,152,151,154,157,156,155,149,158,160,154,156,156,148
166,167,169,170,169,160,175,124,93,93,101,95,133,101,99,88,101,84,81,79,81,77,84,168,153,143,145,160,174,209,180,173,184,182,186,114,132,134,101,106,109,151,133,82,137,124,190,166,147,174,151,140,150,120,172,122,119,112,148,168,98,95,206,203,206,175,204,92,177,163,144,124,165,105,138,177,155,145,125,171,134,177,122,170,161,185,170,173,172,167,177,177,170,146,146,165,170,167,200,209,183,169,185,189,191,188,154,157,159,192,185,95,162,209,182,179,182,180,178,184,187,185,189,199,195,199,201,205,178,199,197,197,130,132,136,139,149,107,105,109,78,99,154,104,94,100,99,95,90,86,84,82,82,84,94,84,85,147,97,127,64,94,101,114,114,114,107,115,129,118,116,130,93,134,145,150,145,143,145,144,148,146,141,147,148,146,146,144,147,144,145,143,143,140,150,150,149,145,145,142
175,172,174,169,165,166,171,91,118,96,89,94,110,102,97,100,107,110,110,108,111,159,175,177,179,180,154,175,171,191,158,156,162,135,139,110,106,102,110,142,141,149,135,89,138,164,170,170,175,160,134,178,172,179,166,173,152,116,115,97,104,107,204,166,128,168,206,125,175,159,126,122,167,114,125,175,157,130,126,167,141,178,114,173,110,158,115,179,124,125,89,88,167,124,151,159,146,85,101,158,171,128,125,124,125,125,187,186,160,194,167,192,182,176,131,198,209,211,205,177,181,177,189,121,148,146,142,205,183,201,203,202,194,200,200,200,202,200,198,203,169,133,150,196,200,129,127,82,83,83,91,96,80,112,109,113,120,141,96,94,65,95,90,95,93,96,86,105,117,112,122,94,85,80,103,102,107,99,100,97,114,107,99,93,138,144,140,149,137,142,141,142,140,138,143,147,142,138,137,140
176,176,178,177,177,177,179,98,122,105,84,102,101,106,102,95,112,90,156,167,146,178,174,180,176,181,171,179,154,147,172,168,166,151,156,165,158,154,163,176,177,169,161,163,144,195,176,176,173,194,151,123,121,121,119,133,147,141,160,163,144,123,206,205,206,167,206,104,176,162,122,82,168,103,156,172,146,112,122,179,126,173,150,171,173,176,171,176,175,172,161,123,167,118,147,163,159,108,101,133,162,124,124,123,123,118,139,150,151,197,164,193,189,194,208,194,206,202,125,161,106,129,164,101,106,99,96,100,148,112,94,134,150,149,135,205,197,198,198,199,198,197,201,199,201,199,206,198,203,160,158,165,126,127,129,132,84,129,101,116,94,97,127,120,102,101,89,105,112,116,116,101,85,96,101,68,74,80,82,82,82,82,98,100,94,95,102,97,100,99,99,94,106,107,113,103,110,147,122,144
179,166,167,174,175,176,178,102,116,114,122,98,102,126,115,160,100,103,196,129,139,155,159,162,167,163,165,165,158,168,167,167,177,164,159,133,119,140,55,67,150,173,157,156,156,199,183,212,122,150,201,128,128,149,154,138,124,137,151,124,114,149,203,157,155,168,207,112,175,157,120,115,170,114,121,169,166,105,115,171,129,166,132,172,130,151,113,182,140,96,104,76,169,121,150,158,158,116,117,92,157,122,119,122,122,120,138,145,135,198,167,193,188,146,183,200,203,193,195,160,163,162,161,105,102,100,96,98,149,101,76,94,99,115,101,98,94,108,92,140,150,145,142,202,199,196,200,193,204,201,198,197,200,203,200,193,199,198,149,151,131,126,127,127,128,110,100,106,111,118,119,106,85,138,96,95,80,78,82,81,84,90,92,88,91,83,64,72,67,100,85,85,85,97,77,98,94,97,105,99
168,170,165,176,177,177,180,97,93,90,134,128,124,107,121,107,107,121,174,176,173,173,155,82,92,168,80,77,168,90,104,171,96,176,174,101,118,120,133,144,132,126,169,141,138,128,134,140,178,207,209,211,127,128,127,124,124,124,123,123,117,136,203,206,206,169,206,123,174,160,119,128,170,83,157,175,159,100,134,178,123,174,175,175,172,167,175,179,170,120,101,116,167,130,149,165,159,118,117,127,113,132,120,107,115,132,135,139,132,197,172,191,191,195,206,200,205,200,141,157,122,122,164,108,100,91,99,94,145,99,69,98,101,97,98,96,95,116,77,81,83,98,95,101,93,102,106,145,154,144,145,199,196,202,198,200,199,202,199,203,198,205,197,197,196,197,195,169,128,134,140,124,83,155,81,96,86,66,90,83,97,86,81,85,83,83,85,80,93,97,85,89,88,102,76,74,110,93,78,56
168,170,172,172,167,167,176,97,83,119,135,120,99,131,98,98,107,108,177,174,174,175,162,177,170,166,128,102,165,97,114,169,112,177,173,95,117,115,204,190,109,177,159,161,160,160,159,160,159,161,177,156,126,120,147,139,123,189,140,121,117,118,203,152,165,172,151,92,150,157,125,120,171,128,137,165,173,94,115,180,132,140,130,176,126,123,117,187,156,117,106,90,172,166,148,158,143,110,99,115,113,133,104,99,115,119,131,193,180,197,172,192,192,164,147,201,203,199,197,158,161,159,160,118,103,89,94,94,140,103,73,92,98,99,97,96,93,111,84,85,91,98,91,106,98,107,90,93,86,82,99,104,105,96,122,131,128,133,144,196,193,202,201,199,202,204,188,194,193,148,200,159,85,155,90,79,65,92,69,81,91,82,80,87,86,81,80,70,72,92,79,79,90,98,78,83,72,73,68,57
172,169,168,170,175,180,180,105,157,108,134,146,108,100,92,109,94,84,192,171,172,174,152,168,174,166,175,175,164,178,175,161,170,178,174,176,150,111,200,111,189,184,166,169,171,169,172,175,173,172,180,169,169,194,202,213,121,191,142,121,111,99,202,204,190,168,169,169,171,171,148,123,176,91,165,168,177,117,128,183,145,172,174,177,179,169,181,182,155,129,105,122,172,151,152,162,122,111,93,84,113,111,94,94,96,96,106,122,132,198,172,194,192,194,207,202,204,198,140,158,116,124,161,176,203,93,99,94,133,101,90,93,90,98,97,102,88,110,80,87,109,92,92,104,101,105,96,88,88,92,106,111,100,90,104,103,101,92,101,108,144,100,130,137,133,136,131,198,185,205,194,137,83,144,87,100,93,75,90,82,77,75,84,78,81,79,85,87,90,79,76,80,80,100,85,69,59,71,78,62
165,165,172,177,176,180,176,151,113,112,126,112,128,104,99,103,98,104,171,170,173,174,109,113,153,164,109,97,167,134,148,164,171,174,175,174,181,176,193,198,152,189,170,173,172,171,169,170,162,175,182,170,193,173,181,176,183,158,187,182,172,161,204,200,192,172,172,174,171,176,156,119,178,126,165,161,180,127,151,188,149,139,144,181,138,138,89,189,169,136,150,180,177,123,157,159,178,95,96,90,96,110,94,77,123,122,83,118,126,198,168,161,194,112,168,200,203,201,196,158,160,159,161,191,198,202,201,174,129,206,137,87,82,102,88,95,87,103,78,87,123,93,83,110,100,104,95,81,86,92,107,109,103,91,90,102,103,98,98,101,152,95,95,132,99,101,172,174,149,201,149,105,83,134,83,90,83,65,67,62,70,86,87,81,87,74,71,86,85,77,84,81,86,97,95,69,83,86,80,82
178,176,172,176,176,179,178,133,142,139,133,161,135,153,85,90,91,86,173,172,171,172,110,86,161,152,99,116,163,110,85,165,82,176,170,140,178,194,188,198,165,190,171,170,208,171,174,182,182,160,168,161,158,155,143,157,199,191,198,199,182,193,207,199,188,171,171,174,170,174,144,90,181,67,189,171,184,122,135,183,149,172,177,179,180,164,179,177,180,180,182,182,185,187,151,162,111,86,87,90,84,92,128,124,130,91,123,126,135,196,168,121,192,195,207,201,204,199,146,156,132,113,159,166,169,198,202,202,196,199,202,203,203,136,161,203,174,96,74,87,137,85,90,107,102,98,95,81,87,90,107,113,101,91,95,112,117,102,95,98,156,92,93,148,104,99,179,129,119,155,202,105,82,114,88,94,90,81,75,85,77,80,82,90,82,84,81,78,71,70,75,76,71,110,77,74,81,75,70,89
169,170,168,179,176,176,175,149,133,132,144,143,136,119,91,115,132,117,147,131,113,107,123,157,157,157,159,157,160,131,119,139,149,175,161,158,158,171,176,185,195,177,180,179,175,168,183,177,180,183,185,164,184,170,163,177,185,177,179,193,189,169,158,179,167,173,175,175,174,175,178,176,180,182,193,182,182,181,177,180,132,127,127,184,171,146,147,191,184,149,146,148,191,148,186,184,204,103,86,85,92,83,108,100,121,88,132,118,138,195,183,136,196,101,122,197,202,201,198,111,140,141,166,182,133,106,107,134,148,135,191,201,196,196,202,201,203,204,202,137,144,181,130,104,97,88,89,76,85,86,105,110,84,89,89,88,105,98,103,100,156,95,96,155,104,103,178,116,111,122,194,146,80,88,97,96,89,83,83,82,78,81,79,82,76,80,86,59,77,66,66,69,66,105,69,58,59,62,64,99
173,170,171,172,173,176,174,128,131,172,137,128,126,132,118,144,150,160,139,98,126,100,93,177,179,117,129,138,194,177,176,175,169,166,206,165,181,148,138,127,154,171,186,184,175,168,173,177,193,175,189,183,176,175,180,156,180,180,169,175,181,185,188,185,163,183,172,81,59,90,131,123,192,130,168,121,101,102,85,177,170,153,173,165,212,213,169,165,196,200,156,157,161,164,169,194,166,128,105,100,92,148,115,116,108,121,134,134,115,194,185,181,116,158,170,183,189,201,112,122,76,102,169,176,165,108,97,97,70,91,109,102,123,145,141,194,199,198,197,198,204,204,203,202,174,134,199,177,119,77,93,101,85,83,85,87,106,102,106,102,142,95,99,154,108,107,172,114,108,120,151,201,78,78,78,90,71,82,70,87,72,74,82,78,78,67,75,77,73,71,64,66,72,105,74,79,62,72,68,100
165,168,168,172,175,172,172,101,139,141,103,138,123,131,110,121,140,156,173,96,125,95,91,104,153,112,98,112,202,211,170,128,146,172,209,212,167,181,180,179,181,181,188,175,146,155,157,159,156,130,139,147,140,93,146,153,172,160,169,173,168,165,189,193,193,207,185,177,102,122,209,214,214,207,110,80,123,103,147,162,160,164,165,164,159,189,185,142,174,177,179,149,165,99,73,166,179,155,109,95,97,129,124,134,122,98,116,114,114,196,187,186,189,182,180,178,171,173,128,109,126,113,127,175,158,107,93,94,73,98,129,92,88,89,72,85,94,99,130,132,130,199,197,202,201,202,201,202,199,202,136,139,131,133,107,84,88,104,95,85,114,83,92,156,103,99,170,105,103,120,117,195,121,96,120,125,104,105,93,83,63,63,73,66,64,66,71,54,64,68,60,67,57,98,66,57,68,77,76,98
167,170,171,174,172,172,173,93,145,90,96,117,128,130,135,149,140,179,147,135,115,98,94,92,89,95,117,140,207,156,212,168,178,183,213,212,169,181,181,182,181,182,158,195,111,52,131,43,42,42,42,60,42,78,81,164,153,143,160,163,191,179,170,160,176,182,174,204,142,160,134,153,136,116,89,97,91,110,138,184,181,186,190,194,98,107,189,171,87,115,195,151,148,110,160,130,175,165,110,98,123,127,127,104,106,130,133,135,130,196,191,191,190,189,186,184,180,181,177,171,129,119,114,167,142,97,91,88,83,95,154,91,80,89,72,84,81,93,101,83,120,88,101,199,194,131,198,197,195,200,196,202,191,204,202,197,150,158,203,160,113,84,79,139,92,91,163,98,97,119,118,179,126,141,149,153,156,151,84,89,97,96,89,89,94,97,85,58,49,68,60,64,60,94,62,68,86,71,62,99
171,168,168,178,176,174,172,112,142,99,98,113,128,134,133,138,156,166,155,178,137,92,118,147,129,140,114,110,177,212,157,211,164,170,213,211,166,178,183,186,188,189,172,192,176,121,149,168,177,173,192,193,192,177,171,174,170,176,163,175,156,172,170,172,174,177,178,183,159,179,158,155,121,105,103,95,182,184,203,209,108,154,192,198,112,166,192,192,121,171,197,149,146,94,79,135,172,150,96,112,136,134,124,129,109,98,129,105,114,197,191,98,200,173,187,185,186,185,184,182,184,180,188,161,172,103,86,84,78,95,167,109,69,85,49,82,56,96,117,90,113,104,101,110,101,118,109,135,136,162,135,200,193,197,199,192,201,204,200,201,199,193,156,132,145,125,163,145,88,112,116,137,127,142,144,146,148,147,147,149,150,153,153,153,142,85,92,90,99,96,91,91,94,95,84,78,77,78,60,97
166,165,167,174,171,168,168,142,140,88,114,164,158,130,131,135,96,130,142,153,105,120,126,125,129,100,124,157,210,150,212,176,214,165,213,205,169,182,179,155,120,118,119,206,175,188,164,188,172,172,186,189,184,186,202,187,195,191,188,183,187,202,167,171,169,180,176,166,153,160,196,152,138,145,107,87,189,213,181,183,185,134,190,191,173,122,193,190,169,109,198,146,144,114,92,129,167,139,128,137,128,107,105,129,132,132,97,122,115,194,169,75,197,195,206,175,202,161,183,180,187,191,187,182,192,130,134,132,85,91,179,93,65,81,68,89,78,94,145,86,79,89,91,111,111,103,100,150,92,91,95,105,163,129,144,140,173,201,202,203,202,202,199,200,197,194,198,193,150,142,118,176,97,142,142,148,151,148,149,147,151,146,151,144,141,145,143,148,152,152,156,128,80,89,93,89,88,89,87,95
169,169,170,172,166,172,175,126,122,95,87,106,57,154,148,99,158,126,172,137,124,101,122,121,88,103,111,168,161,212,153,213,148,213,213,201,169,180,133,203,172,177,177,169,147,148,153,160,152,150,158,192,185,182,184,186,170,185,187,186,184,185,187,193,143,148,150,155,155,156,157,153,162,170,114,119,194,207,179,186,211,133,187,188,136,116,195,193,116,135,198,128,136,174,133,144,198,147,113,137,102,139,119,125,116,135,124,127,111,195,169,117,198,152,127,179,198,200,193,151,170,182,190,181,200,192,195,199,199,142,147,155,96,88,56,81,77,94,153,88,61,98,73,110,114,95,89,149,85,98,94,101,155,116,101,91,92,118,131,135,142,155,204,195,197,198,190,201,202,185,180,198,84,132,110,106,102,103,154,147,146,147,149,142,142,146,146,147,146,144,151,150,147,141,149,149,155,152,109,88
165,163,164,168,170,170,171,141,129,118,80,126,136,141,126,135,181,135,124,129,119,109,152,117,130,144,146,188,212,159,212,153,212,149,213,197,172,186,160,198,178,181,177,181,184,185,187,186,184,179,189,176,147,142,156,151,152,153,153,151,156,165,156,118,117,112,138,125,181,116,121,124,121,128,119,175,178,164,179,181,180,181,190,135,141,103,145,139,134,136,140,167,138,145,118,131,125,117,119,111,102,113,123,140,138,128,137,115,108,194,170,125,196,194,202,172,200,198,199,151,93,125,159,190,95,152,137,199,203,202,189,203,188,189,165,149,100,84,162,74,53,84,83,91,114,94,84,144,85,86,88,87,139,112,98,100,91,84,96,114,82,84,86,85,139,152,145,174,200,180,182,180,82,150,75,78,73,75,87,110,109,142,96,96,158,151,140,146,147,144,151,149,150,141,145,145,149,145,150,135
129,126,164,132,118,149,134,166,139,126,152,116,133,131,131,126,44,133,124,188,117,113,138,129,125,132,119,196,158,213,167,210,156,212,213,194,171,182,178,207,174,175,178,186,134,148,143,147,150,135,104,113,116,124,124,154,130,137,132,126,127,125,125,125,122,126,118,118,163,154,154,179,180,178,179,181,181,181,131,103,87,192,188,128,134,116,143,135,141,131,139,158,142,112,125,118,126,124,113,104,109,106,102,103,112,124,147,139,117,194,173,114,199,175,130,166,196,197,197,156,112,175,161,167,124,121,94,98,100,149,136,202,187,198,200,201,202,198,125,191,122,84,89,143,115,99,89,131,88,89,109,83,118,103,100,91,89,95,94,101,85,80,81,53,79,76,70,89,97,199,115,86,81,155,60,69,64,65,49,55,64,76,77,84,83,107,86,96,98,92,157,144,139,139,147,140,151,149,152,133
128,122,127,103,123,96,121,125,133,128,118,108,146,136,124,121,129,135,132,146,123,117,136,129,123,105,95,197,212,163,212,160,211,159,213,192,169,186,78,208,179,178,182,187,116,141,126,124,120,121,119,121,130,127,121,160,150,154,139,126,138,133,132,134,131,123,117,118,120,124,162,129,46,42,42,42,42,42,108,76,94,116,187,175,176,189,126,97,130,117,128,101,105,82,134,105,137,124,98,115,146,85,107,108,102,105,96,99,90,198,175,137,208,207,206,154,199,199,200,156,118,120,160,118,96,95,105,109,114,122,119,82,140,145,135,199,191,201,197,202,204,202,132,134,135,94,91,114,109,87,98,84,106,89,100,82,87,88,91,91,89,83,80,72,80,74,74,79,78,153,97,90,83,157,60,67,57,60,59,64,69,61,60,73,64,64,67,61,78,84,86,102,92,90,124,97,151,141,140,136
97,98,132,131,122,114,109,117,119,94,69,113,87,125,165,121,123,118,135,185,124,133,114,90,108,124,139,196,166,212,180,211,180,208,213,194,169,181,178,207,180,180,185,170,105,117,122,128,126,124,124,118,126,123,121,142,151,186,163,119,120,126,144,127,127,136,122,120,121,120,121,186,136,66,69,101,126,130,135,139,148,165,178,173,182,178,172,208,186,151,96,123,104,79,126,129,117,117,103,131,124,101,84,92,86,72,91,139,143,198,175,109,150,120,129,179,204,206,208,160,132,117,182,184,87,96,95,95,82,88,108,108,141,91,112,96,127,145,130,199,202,197,203,200,203,205,142,193,128,112,95,103,86,117,99,89,86,81,86,90,92,86,81,65,80,84,76,78,82,105,169,91,77,155,55,45,42,42,42,54,53,54,52,55,58,66,66,67,88,73,87,97,116,123,115,111,88,91,97,93
114,123,121,119,107,112,107,110,122,107,187,194,173,80,127,123,121,125,127,130,137,110,111,126,122,113,121,205,213,188,211,168,207,210,208,193,171,185,91,206,178,178,174,200,169,138,140,107,103,172,181,168,181,134,136,132,136,137,140,159,152,120,122,123,132,132,127,122,131,127,128,126,128,186,161,142,132,131,135,138,138,136,140,141,142,139,173,179,179,181,207,141,120,136,131,98,119,108,118,96,114,97,72,72,95,76,119,119,137,197,175,111,120,157,203,184,205,209,204,177,111,115,172,126,103,97,97,91,96,99,100,88,146,86,133,107,136,120,124,92,88,148,138,195,196,202,201,204,205,204,141,148,140,115,96,80,90,86,97,95,88,80,83,101,103,95,76,98,81,99,204,98,78,156,43,59,56,42,56,48,62,50,48,60,59,64,53,61,95,77,82,96,118,125,69,84,139,98,98,95
123,103,106,117,105,93,96,89,96,115,165,169,126,120,129,131,120,127,117,128,132,115,116,102,90,76,124,190,159,213,199,211,211,185,213,192,174,180,178,206,177,170,169,163,157,205,138,175,178,177,174,183,181,155,152,138,132,132,133,165,187,170,159,140,129,124,135,133,120,124,122,124,124,123,174,181,144,147,150,156,131,130,137,138,137,137,138,140,144,156,174,174,167,174,171,182,208,146,113,102,75,100,55,76,94,86,121,119,139,194,170,105,110,99,167,205,204,201,206,182,126,122,171,182,133,126,110,97,93,100,99,92,148,80,141,93,148,84,96,80,77,83,146,105,91,154,145,193,196,203,205,205,200,199,183,127,179,128,87,97,96,107,77,72,85,81,80,74,78,94,190,88,75,156,43,54,42,42,42,48,70,42,42,60,55,53,60,55,103,77,81,85,123,129,111,108,109,102,99,97
73,123,121,92,104,90,119,94,109,96,99,190,136,178,134,85,106,205,127,120,121,115,109,152,84,95,116,199,211,117,205,196,184,213,213,194,152,157,144,207,175,175,178,163,166,192,164,178,176,170,183,184,208,170,136,134,132,133,138,133,133,135,185,163,148,123,133,145,146,150,152,155,155,154,144,140,176,177,176,168,155,189,125,128,128,126,129,131,122,114,174,166,170,175,171,173,176,175,74,79,96,95,116,108,62,120,104,135,133,196,180,170,154,111,153,153,148,203,204,193,175,141,120,98,181,201,204,145,146,103,91,86,150,88,160,93,151,97,86,80,78,84,141,111,95,86,118,114,121,141,134,205,201,203,203,205,203,205,206,131,199,149,92,80,89,88,86,85,85,92,141,149,72,154,42,42,42,42,42,48,107,42,42,60,52,53,73,90,97,113,112,144,111,126,107,103,82,98,98,99
86,88,112,91,97,104,86,89,90,95,81,119,134,188,132,127,121,197,126,125,122,94,103,157,85,103,116,202,203,213,198,209,213,125,213,194,168,192,200,207,175,176,167,150,159,179,130,170,176,178,182,181,208,159,178,174,172,136,134,132,139,138,132,149,162,170,172,171,175,150,153,163,168,174,162,119,154,141,142,125,164,165,169,167,177,174,171,178,179,177,162,176,176,178,177,178,149,88,107,125,72,82,100,89,76,97,114,130,106,197,177,188,126,169,183,184,166,146,108,134,103,86,135,115,144,195,202,200,203,204,136,196,125,96,166,90,143,103,80,80,90,84,137,124,91,82,87,79,90,91,92,97,122,138,142,200,201,198,203,205,204,209,206,126,130,132,129,89,92,96,120,190,67,153,42,42,42,42,54,48,104,42,42,42,42,55,84,87,118,88,130,114,91,117,70,88,73,100,98,98
90,117,95,93,97,89,89,88,82,93,106,141,131,140,139,137,130,123,165,124,116,103,100,128,103,123,125,203,207,127,201,211,137,213,213,192,181,183,201,206,175,176,155,162,157,168,157,173,178,178,178,174,161,92,205,142,165,144,146,141,139,138,132,127,130,131,190,127,202,121,158,176,171,169,175,174,178,177,176,175,167,177,178,178,180,180,148,48,185,62,64,72,120,180,113,100,117,139,112,57,55,114,90,70,101,81,135,141,112,196,182,183,191,184,183,171,173,157,129,121,73,102,149,162,124,98,95,141,194,204,199,202,196,186,139,133,139,87,61,81,80,76,131,131,93,86,83,87,90,97,88,88,81,95,96,93,101,140,129,201,201,204,204,201,204,208,209,162,154,125,128,187,47,152,56,42,42,42,55,48,71,42,42,43,42,55,86,86,118,92,88,88,86,120,94,96,103,100,99,99
91,92,85,84,90,95,114,141,137,136,125,135,166,126,159,130,139,123,175,170,111,110,101,183,101,154,135,168,206,213,198,199,213,127,213,187,166,181,206,206,172,169,138,198,163,163,194,176,178,177,178,177,148,126,202,164,208,149,127,137,149,180,167,173,172,171,170,170,180,175,177,160,180,180,177,177,178,108,96,45,65,68,42,181,42,53,45,94,180,90,100,103,109,178,123,133,174,172,97,49,85,118,108,65,92,89,138,127,113,197,185,188,187,192,182,179,179,169,114,126,123,137,135,164,119,72,104,99,96,91,145,160,195,203,201,201,202,139,188,78,82,77,118,142,93,82,89,89,84,81,83,95,94,97,92,84,86,100,95,114,105,168,131,201,200,203,206,201,206,137,176,149,133,144,142,119,85,47,76,42,57,42,42,42,42,55,62,99,118,94,94,91,89,90,81,86,89,102,87,103
67,87,100,95,98,119,133,117,122,92,103,102,105,132,136,131,128,129,123,187,136,95,114,113,159,156,120,175,171,155,207,212,129,211,213,180,180,176,209,207,173,172,131,125,199,162,184,176,177,178,177,177,170,165,207,157,208,206,175,173,173,163,173,176,176,176,175,156,173,117,117,110,105,195,102,109,116,109,132,85,92,95,98,197,107,124,126,176,170,178,179,175,178,166,101,118,110,106,121,101,67,65,42,54,76,49,112,124,78,196,187,79,186,195,188,185,182,181,183,161,119,133,131,138,102,47,99,83,100,106,97,107,124,144,141,200,198,201,200,204,129,131,129,144,89,65,96,90,86,81,74,80,75,87,83,77,107,110,97,92,90,92,92,98,97,141,132,188,194,201,176,165,161,156,140,156,91,100,127,142,85,52,42,42,63,53,56,82,124,45,100,88,93,95,83,87,90,92,85,81
106,146,117,114,94,102,101,101,125,75,111,130,100,135,138,139,133,124,124,144,136,116,112,115,109,164,177,142,204,213,191,176,213,135,212,173,165,182,206,206,171,172,173,147,154,179,202,176,176,177,177,175,156,70,208,167,156,189,157,154,86,76,60,176,51,42,67,76,172,124,95,97,99,197,99,111,121,143,173,171,173,170,175,173,68,45,51,42,173,56,61,67,60,179,101,103,113,190,100,65,104,126,142,138,142,134,113,115,89,189,154,141,123,117,125,191,188,185,188,187,176,177,151,190,98,56,45,82,100,92,103,103,115,101,114,101,142,151,199,199,199,199,200,188,174,168,93,92,89,83,68,81,80,111,82,83,81,92,86,80,85,80,96,92,89,77,76,97,106,201,120,131,160,156,141,147,143,148,136,150,88,90,161,89,91,82,56,86,130,67,47,90,99,95,82,83,87,87,85,82
117,105,96,127,107,87,143,130,122,138,128,134,95,100,112,137,112,123,129,161,161,118,117,114,101,129,111,160,204,182,210,213,125,210,212,173,179,176,208,208,173,169,135,62,158,164,203,177,177,178,171,170,166,169,202,163,159,189,170,159,96,107,102,174,99,108,120,122,173,155,175,177,176,178,181,119,45,44,157,46,42,70,42,201,66,93,95,97,171,94,114,123,126,168,173,174,176,174,114,115,134,112,99,99,82,110,122,148,139,196,168,72,108,116,142,147,142,167,187,191,182,186,186,199,95,44,66,72,74,79,97,103,98,97,94,108,94,96,85,138,146,199,199,199,202,199,203,129,201,101,77,91,94,88,87,108,81,97,81,72,85,86,78,80,83,78,92,91,90,140,94,127,89,156,143,147,146,146,137,145,146,149,152,151,118,90,93,84,126,90,55,77,98,92,69,93,82,82,86,87
115,112,107,111,79,131,121,127,109,119,122,102,75,94,98,129,129,120,167,171,151,124,118,119,116,108,180,188,196,209,185,142,211,205,213,172,161,181,208,207,171,164,196,168,148,161,207,174,176,172,169,175,158,200,192,163,205,202,163,135,157,176,172,173,173,175,116,45,175,48,42,42,42,194,49,49,87,92,191,86,97,100,113,201,102,170,178,179,176,179,163,62,76,175,88,122,143,135,97,104,89,90,79,97,121,141,110,106,122,197,173,169,144,136,143,158,146,156,126,116,185,187,191,198,200,146,176,69,65,79,62,79,88,63,93,94,89,98,91,96,95,97,109,145,193,202,197,203,199,199,132,204,143,101,87,117,86,103,89,75,75,77,83,81,67,75,86,87,97,109,113,127,115,150,77,103,151,146,146,143,143,147,146,144,146,149,151,148,145,82,84,141,93,86,80,89,84,70,86,89
56,63,159,151,127,124,120,98,113,91,109,83,95,102,95,104,113,145,163,177,177,143,120,124,125,126,189,188,191,207,151,212,133,197,212,175,186,174,209,207,171,170,136,194,160,149,208,174,175,167,175,175,159,47,189,166,147,205,157,156,84,72,59,174,42,42,85,78,174,89,99,104,109,193,129,128,144,175,180,176,174,175,68,174,42,42,42,42,166,61,55,97,99,177,109,112,110,196,88,85,84,94,97,104,96,109,81,95,114,197,178,176,140,142,143,56,146,132,111,114,162,163,167,197,201,202,204,200,136,130,77,75,48,60,62,78,91,88,107,97,99,101,83,152,92,103,142,159,196,199,202,201,198,194,134,140,92,102,95,82,82,82,83,80,72,93,78,92,95,104,183,126,115,158,79,80,103,119,91,124,148,140,142,145,143,145,148,146,139,148,147,148,151,70,93,136,153,119,84,60
159,161,155,114,108,107,117,92,120,106,88,99,111,115,74,85,152,164,151,165,188,164,124,130,169,124,127,189,190,200,152,139,209,211,212,173,182,164,208,208,172,168,137,73,177,159,208,170,170,174,174,175,208,154,176,166,155,207,158,91,147,105,104,166,110,121,125,150,170,177,172,177,182,177,82,44,44,42,192,45,42,71,64,202,86,93,97,104,169,120,126,167,175,176,175,174,104,79,65,80,98,78,90,99,89,89,92,77,78,197,177,133,114,136,144,130,208,115,138,111,125,123,147,196,88,152,204,196,201,203,193,188,54,62,60,78,76,68,80,65,84,80,102,153,115,118,100,92,89,154,133,202,204,198,199,186,199,128,183,152,103,82,100,96,103,89,79,83,94,99,200,126,105,156,68,93,90,97,97,95,113,120,101,114,142,138,147,141,138,143,146,144,140,142,142,144,152,132,85,82
146,148,142,101,112,119,144,127,138,129,106,123,117,83,93,168,171,172,169,170,190,164,136,123,126,127,132,183,190,193,197,211,193,139,212,177,161,175,205,209,172,171,191,171,153,173,208,168,174,173,175,173,141,84,162,163,204,207,151,111,168,175,174,176,175,139,47,54,174,42,42,42,42,182,66,103,130,92,198,94,116,128,155,183,178,176,175,179,172,46,42,67,74,175,100,80,104,170,60,86,90,49,95,73,96,75,81,88,55,198,176,84,134,144,136,136,123,115,154,134,113,101,111,115,93,84,94,104,147,201,199,201,200,166,137,47,78,50,43,46,45,45,85,163,116,129,115,97,100,91,88,94,169,134,198,190,200,194,202,204,189,139,171,82,89,85,90,90,95,101,172,122,113,156,55,75,75,76,110,101,85,70,73,85,95,131,107,106,136,138,141,139,137,141,143,137,142,144,146,148
122,151,131,155,142,138,131,151,126,127,136,124,67,86,89,99,142,152,171,181,173,179,143,123,126,124,132,139,170,192,194,181,193,211,212,176,178,176,206,207,172,164,144,51,157,159,208,169,172,168,173,177,145,85,149,173,163,209,156,156,87,76,64,144,56,42,76,94,175,95,116,115,118,180,137,162,174,174,176,175,142,51,42,192,46,42,42,42,171,95,104,101,110,173,125,132,162,179,48,57,70,83,49,70,75,56,85,73,80,199,182,101,98,133,140,142,130,126,100,102,133,187,144,102,86,71,85,91,92,94,153,157,198,192,197,203,176,152,44,42,82,82,49,173,101,174,115,102,92,107,90,95,90,98,103,165,136,174,200,206,203,199,200,205,130,197,121,87,96,104,132,105,114,155,55,61,65,74,113,87,110,49,63,107,75,64,98,65,119,87,85,100,138,135,142,136,141,142,139,138
101,121,121,126,104,132,126,125,135,129,123,131,135,128,75,101,140,146,150,148,159,180,163,125,123,123,152,123,159,148,181,177,123,141,210,179,168,162,206,207,170,175,201,170,152,164,207,171,172,169,174,173,207,171,159,161,175,205,102,138,161,109,110,128,119,126,138,173,170,173,174,179,162,177,45,42,42,42,197,58,42,96,95,195,93,105,117,119,175,148,179,176,176,167,111,113,81,122,90,50,63,78,62,78,79,92,62,53,55,197,174,97,100,98,117,95,127,119,127,122,116,132,189,192,85,70,85,82,80,87,84,81,88,139,202,198,202,202,204,165,145,91,77,187,106,150,46,71,71,99,46,95,94,105,95,148,96,90,82,192,144,200,199,203,200,199,198,154,146,118,131,166,131,153,50,71,86,69,118,55,80,69,58,106,53,68,107,60,80,66,74,62,97,84,98,100,136,138,140,140
93,116,119,84,89,146,138,107,117,118,97,107,115,128,127,137,136,133,145,141,139,164,145,131,123,127,127,138,153,145,135,180,165,211,211,174,178,174,205,206,172,174,159,176,158,171,207,172,171,167,174,172,102,50,162,138,196,201,116,175,174,173,171,175,161,53,46,46,173,42,42,42,42,171,93,101,99,104,197,114,128,158,174,176,176,178,136,47,174,54,61,64,68,171,103,109,110,190,77,70,88,57,49,88,87,49,63,83,52,192,163,136,99,83,88,98,78,88,89,140,125,111,139,109,86,93,88,111,85,79,74,87,88,81,85,117,160,199,197,199,201,205,186,192,115,149,73,55,70,55,55,42,93,94,100,138,108,93,92,99,61,97,144,140,198,201,196,192,199,141,161,204,191,156,72,68,59,71,128,59,58,64,51,111,68,63,79,43,59,59,73,72,83,93,45,88,94,93,87,104
103,115,84,123,139,123,114,115,91,127,130,127,111,114,99,108,92,159,155,127,132,143,143,123,127,126,143,130,136,174,131,178,185,151,209,176,174,180,203,201,172,174,157,156,168,149,208,173,175,171,173,171,163,169,148,173,167,203,162,163,89,75,72,68,42,75,98,100,173,103,119,133,130,170,168,185,175,173,177,89,44,65,42,187,42,42,54,96,173,97,110,120,124,171,145,175,173,174,49,50,51,71,70,87,62,64,53,66,71,190,159,168,126,160,65,88,60,71,59,102,93,114,118,119,130,87,88,85,87,86,50,90,105,83,85,86,89,96,159,147,198,195,202,204,188,128,112,72,63,42,53,58,43,46,94,122,84,106,94,93,42,102,83,71,89,151,139,192,196,199,153,196,189,156,68,57,70,42,121,42,42,53,60,108,45,58,77,70,62,74,71,69,82,83,53,91,86,80,92,75
110,99,138,110,140,112,114,99,99,92,108,118,132,123,104,139,90,108,121,130,139,141,148,138,122,125,127,130,138,143,146,154,173,175,133,177,182,210,203,196,173,170,170,172,161,158,206,174,174,172,167,176,118,170,156,155,173,191,96,154,159,114,113,104,120,125,166,174,172,172,177,161,49,174,42,42,42,42,186,70,90,90,99,185,107,124,137,172,172,174,177,175,71,163,97,92,108,145,69,54,69,47,42,73,87,70,48,65,46,194,158,187,185,112,166,163,161,165,136,118,129,141,180,150,192,191,191,113,90,88,90,117,88,88,92,95,90,99,92,94,97,139,198,207,194,199,204,149,138,76,83,62,56,60,42,117,75,61,52,103,42,116,80,75,81,82,83,93,116,192,122,153,95,160,54,65,42,47,132,42,42,56,56,105,42,56,71,76,80,87,82,87,81,78,50,87,88,76,59,52
111,81,132,80,88,135,131,115,126,112,108,139,101,100,108,118,99,103,130,126,199,140,161,146,142,119,127,121,130,140,173,163,196,186,182,142,132,186,206,184,163,171,154,71,155,134,208,173,175,166,172,175,114,48,154,163,179,179,108,169,170,172,175,171,87,45,62,42,175,42,42,42,90,174,95,103,148,110,185,131,173,176,172,175,153,45,45,42,174,57,70,66,98,162,103,109,109,191,79,70,46,77,42,86,61,74,55,83,42,197,167,189,186,181,182,164,166,169,103,99,127,137,143,147,155,194,197,194,161,127,80,89,92,83,98,110,87,99,94,87,87,83,104,203,137,195,201,204,200,204,145,137,60,85,58,105,43,58,69,89,47,110,80,77,81,81,82,80,89,139,114,121,125,160,46,45,42,42,116,42,42,42,42,112,51,55,60,74,58,88,75,75,71,101,49,95,92,76,65,67
82,86,97,118,82,113,111,143,126,91,87,116,87,96,100,98,107,124,129,161,136,170,184,170,112,189,138,203,118,155,177,119,170,181,198,164,115,109,207,178,174,172,201,168,196,158,206,173,165,174,174,178,169,164,153,165,168,173,160,88,75,57,54,52,61,93,94,98,173,107,122,131,152,179,178,175,178,170,176,52,45,82,42,168,42,87,95,104,169,110,122,130,171,174,170,174,168,78,83,89,83,45,42,42,42,77,42,78,79,195,165,183,188,189,181,183,184,156,101,122,126,143,143,144,109,131,141,193,189,187,199,201,95,110,106,121,95,104,94,89,89,83,110,202,97,97,148,138,191,199,191,204,203,141,190,93,69,56,56,75,95,112,75,74,76,81,81,85,87,140,116,125,155,141,104,75,46,58,114,42,42,42,66,114,42,57,45,75,43,51,113,84,73,78,65,95,93,93,58,54
90,81,110,128,123,84,97,120,98,109,84,93,90,99,102,108,120,121,137,164,177,176,146,124,114,128,121,131,132,140,129,131,132,122,185,107,116,110,205,171,175,171,101,176,77,171,207,169,171,175,174,171,89,175,161,165,171,163,125,157,159,116,113,108,125,147,170,176,170,174,155,44,43,173,42,42,42,42,174,82,94,97,102,168,119,153,177,176,177,174,112,55,72,162,75,82,102,171,96,103,57,93,87,88,47,63,42,117,42,193,171,87,102,184,188,187,184,177,179,128,122,125,132,133,114,139,92,105,145,193,196,193,199,150,138,114,92,105,88,83,79,83,91,202,84,87,97,105,103,158,172,201,200,200,201,196,132,133,58,55,62,81,74,74,77,77,78,80,87,132,135,156,160,130,86,94,150,116,100,42,42,42,42,111,42,42,56,95,42,54,71,77,113,106,69,93,93,77,80,65
89,77,135,88,137,98,127,133,88,103,109,91,91,88,150,154,110,125,128,136,122,120,120,130,129,127,131,135,131,137,131,132,136,203,162,161,132,190,205,169,175,174,206,99,176,159,209,168,173,176,175,174,123,75,171,162,176,164,141,167,170,169,173,131,56,46,81,42,169,42,42,89,105,175,109,121,126,128,176,168,175,173,176,167,46,47,42,42,171,48,74,96,103,161,114,126,146,170,74,58,78,110,103,96,60,56,42,42,62,195,168,87,58,60,62,180,183,185,187,177,167,150,129,124,116,158,115,111,98,110,130,164,194,186,201,178,124,101,97,82,79,81,82,202,85,85,84,98,88,108,153,101,139,202,201,196,192,197,195,136,125,57,77,71,71,65,72,76,83,123,204,144,136,130,138,152,148,111,89,147,144,51,42,101,58,56,42,88,60,51,77,81,69,71,93,78,89,78,81,43
92,119,115,126,122,111,91,88,99,83,105,104,99,74,112,103,117,126,122,133,126,122,112,121,126,124,129,124,128,119,191,126,130,136,128,152,189,130,192,167,169,179,207,205,97,154,206,172,173,175,173,172,211,172,152,170,164,163,102,149,82,70,47,59,89,96,97,103,160,118,131,146,178,181,182,184,172,46,175,45,42,56,42,165,82,90,95,106,171,117,125,173,172,174,170,113,70,107,110,69,129,111,98,95,79,42,42,42,42,194,169,86,47,77,83,78,75,182,190,190,182,186,182,189,116,162,116,116,116,115,113,114,108,143,195,193,197,203,179,121,82,87,80,201,86,84,99,88,85,90,157,97,95,105,147,147,199,195,196,200,199,190,137,148,75,74,72,73,81,124,199,132,91,66,132,150,125,149,148,155,138,95,155,106,79,42,56,77,64,62,94,75,77,98,106,97,100,84,88,72
83,67,88,52,49,91,104,116,109,129,116,114,98,87,57,121,113,121,123,129,117,119,142,198,123,124,196,168,126,151,193,173,129,123,102,156,179,147,140,160,173,176,206,206,155,188,209,172,173,173,172,168,187,197,160,157,176,159,144,159,158,112,107,112,128,175,173,171,176,162,48,46,42,176,46,56,43,101,169,88,101,110,119,169,172,173,171,172,160,44,42,47,57,165,68,106,112,185,61,80,57,91,95,96,93,70,71,59,48,193,177,96,42,42,48,79,57,55,102,184,186,186,183,189,124,156,113,109,115,120,121,119,118,106,92,150,197,195,193,190,141,131,85,203,87,75,84,87,82,86,158,93,85,95,94,94,92,143,133,197,201,196,200,200,160,156,134,73,81,122,150,125,82,69,141,146,147,152,146,150,148,153,158,150,83,148,153,82,73,67,87,72,79,80,125,96,99,84,72,84
66,70,85,157,114,91,118,94,84,89,98,109,87,103,108,44,95,181,117,124,184,135,116,115,122,128,119,122,118,128,134,136,147,108,164,171,169,158,98,103,153,134,204,206,206,102,206,173,172,173,170,168,203,161,194,160,165,164,163,164,172,174,170,68,48,48,77,42,159,46,78,98,105,179,106,118,125,158,173,175,174,173,59,174,46,42,42,42,173,97,103,107,110,163,128,168,168,175,49,46,51,110,122,101,107,96,88,93,81,197,181,118,58,45,42,72,97,85,70,87,88,183,177,195,197,150,83,109,115,118,115,121,123,123,116,116,116,147,180,193,194,198,205,198,102,70,79,86,78,85,142,96,88,95,89,85,84,77,129,96,126,163,198,202,204,201,200,119,127,117,121,141,82,74,147,101,86,103,144,150,148,150,151,146,154,156,154,84,93,84,82,47,48,51,133,98,99,63,71,52
68,48,62,69,126,117,105,115,89,85,89,95,110,115,125,127,116,135,120,107,127,126,125,125,119,128,132,173,120,126,171,117,127,131,160,169,168,174,199,95,138,147,184,205,206,207,208,174,172,172,165,168,208,171,145,166,165,166,140,149,82,46,57,67,89,92,93,104,151,121,129,176,177,183,180,172,53,49,170,45,47,42,86,166,91,108,120,128,172,169,171,170,177,129,45,98,86,181,95,83,48,119,65,116,121,102,87,93,95,196,180,116,88,85,87,78,67,44,62,66,88,105,161,194,192,189,200,178,87,95,116,115,117,111,124,122,121,120,117,105,137,194,198,204,203,141,181,81,62,88,135,94,84,85,88,87,78,85,138,78,77,80,136,150,197,200,204,205,204,193,174,143,144,75,148,55,64,70,101,90,104,147,150,144,148,146,149,154,154,155,84,94,85,81,131,90,96,61,64,63
76,67,63,89,83,94,110,100,64,94,94,99,98,106,138,129,127,129,128,123,128,152,127,123,172,124,130,152,117,115,99,123,134,124,106,172,173,170,129,164,73,132,181,165,204,208,200,173,172,170,170,175,178,122,207,151,166,162,148,154,161,118,109,111,159,171,171,173,171,59,47,42,42,179,42,43,94,97,168,98,121,126,162,172,172,173,170,70,172,66,70,77,82,118,77,50,81,206,75,131,131,88,49,56,91,132,106,99,111,195,181,120,102,107,102,96,90,84,87,102,100,145,164,160,119,160,201,196,200,182,75,106,113,113,130,115,115,120,119,112,97,118,187,193,198,202,202,180,185,90,133,97,85,79,87,82,79,81,140,74,68,51,96,112,78,138,132,197,201,194,161,199,135,77,149,80,77,90,75,77,60,104,89,100,144,147,146,152,145,148,152,152,154,88,90,84,82,87,48,61
66,59,91,118,88,119,75,92,79,121,108,106,95,128,128,132,135,131,123,127,117,119,122,123,122,121,129,130,96,98,60,124,114,119,120,189,190,192,128,185,83,115,164,190,205,197,193,173,171,175,170,178,202,101,207,191,125,166,171,164,170,170,117,42,42,42,42,42,121,83,100,109,115,178,125,130,157,175,176,174,170,55,42,166,42,42,43,117,174,42,70,79,88,109,116,167,169,143,80,83,111,69,65,72,55,46,101,118,92,195,175,112,106,113,116,102,106,105,118,111,137,118,157,137,91,126,105,174,198,201,198,201,86,88,91,112,112,116,115,116,119,113,93,195,141,145,200,194,203,207,138,127,78,83,85,76,82,84,142,64,66,51,79,61,43,72,65,72,148,140,121,203,108,68,150,77,78,71,50,66,72,64,64,67,94,86,103,145,142,146,147,150,150,147,148,150,133,83,85,80
62,76,82,86,110,80,102,87,52,91,122,82,99,92,121,132,132,132,178,129,118,125,124,123,124,114,127,129,173,109,108,122,118,119,118,124,188,187,94,189,192,171,173,176,178,163,200,170,141,163,164,175,195,206,206,205,187,164,157,156,81,68,84,90,101,105,109,116,122,124,172,178,175,177,167,47,46,54,171,52,64,161,170,172,170,171,171,169,173,170,174,169,172,168,124,169,172,114,86,110,103,93,87,66,55,43,54,54,107,189,170,121,92,92,110,109,117,106,126,148,133,110,120,133,94,124,83,69,102,166,198,198,191,196,78,81,88,114,112,104,87,92,89,190,96,98,109,133,202,200,200,206,156,191,75,80,77,77,140,92,68,52,75,66,56,50,74,55,86,152,113,181,86,64,150,61,81,68,57,58,79,59,64,48,54,60,84,94,88,104,145,147,147,147,144,148,149,148,156,141
82,65,64,81,70,75,81,83,76,104,110,107,107,116,113,123,127,133,182,171,118,124,107,120,113,120,128,126,132,114,116,121,122,118,119,120,188,181,179,189,176,189,187,208,195,197,196,194,115,152,166,172,192,204,203,204,206,165,116,168,169,122,126,127,175,170,169,173,83,43,42,42,49,176,74,179,169,172,175,172,176,175,177,160,172,172,172,172,174,170,170,173,156,91,114,110,116,115,114,121,91,85,105,65,64,43,43,55,45,196,166,165,173,94,102,103,130,132,142,139,151,116,126,123,109,135,111,111,108,89,106,139,192,203,197,163,100,94,89,67,75,96,86,184,93,97,88,103,82,170,202,203,204,206,207,131,126,77,141,89,68,53,82,67,43,68,60,61,81,149,115,117,88,71,151,62,67,73,56,65,67,42,60,53,48,42,78,101,88,79,90,86,97,150,135,147,149,146,147,150
82,88,91,88,96,94,105,104,123,102,109,90,111,120,113,171,107,132,162,112,212,207,121,122,118,117,120,125,127,174,117,117,122,119,119,124,119,171,147,157,157,192,172,173,171,177,171,187,110,124,144,166,150,203,204,201,208,159,169,168,168,169,74,48,42,42,42,63,102,183,166,171,172,176,179,178,176,174,175,172,176,171,52,168,171,175,160,47,172,65,66,71,69,113,114,120,103,139,89,81,62,57,113,69,80,65,57,43,55,198,167,173,117,168,159,161,180,177,153,103,127,139,126,152,114,128,117,86,88,100,99,89,101,135,203,196,200,132,120,100,100,70,85,171,93,108,89,104,100,82,96,165,143,201,198,202,200,127,126,76,63,59,78,74,42,73,46,43,75,131,129,120,112,77,150,46,63,52,75,73,55,42,60,48,51,56,60,102,61,64,90,98,91,93,94,100,150,144,146,143
158,88,97,110,122,109,162,169,137,165,139,129,149,82,165,104,135,133,125,195,161,214,120,121,118,117,201,130,131,121,117,118,120,118,118,121,123,115,146,137,141,112,130,135,138,135,131,159,161,168,162,163,162,175,187,199,206,166,42,45,52,80,125,178,162,170,172,170,177,167,172,173,173,179,179,177,51,47,174,42,45,83,88,169,68,76,75,73,172,68,100,158,166,157,109,105,94,112,121,89,72,86,109,123,97,68,112,117,74,200,169,185,187,187,172,172,177,176,173,114,97,155,154,152,128,115,83,60,90,96,99,94,93,91,90,133,200,201,199,142,166,95,96,170,88,91,86,92,81,91,95,92,88,109,144,203,200,204,193,203,122,120,87,73,53,70,42,49,75,100,200,126,149,75,151,42,59,52,52,42,42,42,46,42,48,42,46,106,56,63,85,88,98,83,62,93,85,83,93,147
142,99,114,152,171,162,170,166,116,141,78,129,133,98,95,135,134,132,134,134,207,64,119,123,123,117,117,128,130,131,190,117,118,113,119,119,123,119,158,159,158,206,131,132,135,136,143,137,150,132,164,142,145,133,156,198,204,147,166,169,167,170,168,164,173,170,169,168,175,170,47,43,59,179,97,109,64,163,115,161,173,175,175,170,93,176,168,170,173,137,129,148,135,92,110,122,85,102,93,88,66,64,94,89,98,116,115,107,95,199,171,184,191,190,181,168,172,180,136,122,129,138,153,158,200,138,114,86,84,90,94,87,91,95,96,97,99,130,199,201,199,139,201,151,84,91,88,88,75,86,104,95,88,89,84,81,172,195,193,200,203,195,129,185,58,79,42,60,77,102,201,124,159,70,152,48,73,56,54,42,56,53,42,42,44,56,43,86,62,50,77,94,48,82,85,90,97,63,76,86
154,185,190,188,189,187,129,96,117,142,141,146,147,142,122,142,129,127,137,136,138,145,179,170,111,113,113,120,130,127,192,116,116,116,113,117,134,116,113,138,143,151,179,124,136,127,121,129,120,131,151,169,157,145,142,136,145,142,150,150,167,168,165,170,49,43,42,42,49,64,72,132,93,140,120,150,157,129,91,155,160,167,172,169,170,161,167,171,162,121,88,103,108,118,98,120,130,89,73,98,92,62,74,67,81,99,105,99,98,193,170,162,193,190,191,184,169,93,116,128,132,123,143,150,195,195,200,143,80,85,90,80,86,87,92,100,102,98,95,131,199,201,202,148,206,108,91,88,79,96,90,85,90,91,90,94,124,132,155,126,197,190,199,198,188,176,108,71,78,91,155,113,166,78,151,59,69,56,56,62,42,42,42,42,45,43,42,82,67,52,82,83,49,73,64,67,90,53,89,82
162,189,191,194,154,171,125,137,145,142,145,143,150,159,150,154,150,137,145,157,198,115,115,104,120,118,113,107,125,128,126,111,117,116,114,116,116,118,120,156,160,157,199,98,132,128,152,140,130,169,149,150,169,144,148,128,117,136,45,47,43,43,168,58,73,184,161,170,168,169,175,158,170,155,160,96,95,138,83,101,93,66,56,167,49,96,53,118,99,115,118,81,128,90,83,108,99,85,101,69,59,61,74,56,87,92,68,71,98,198,171,96,91,88,192,185,184,171,152,126,128,127,114,144,90,137,197,194,203,135,83,85,85,88,85,107,103,101,89,88,91,137,202,162,200,192,203,99,93,83,83,89,74,92,97,90,110,128,156,55,89,135,197,191,201,202,200,122,126,82,106,130,120,129,149,81,73,42,55,42,64,42,42,42,45,56,42,75,74,74,67,74,51,53,77,59,98,79,85,75
163,199,194,197,197,178,160,149,147,137,128,142,143,167,141,139,142,132,145,172,185,147,106,114,132,124,130,125,124,133,127,103,118,114,113,115,115,113,118,119,190,151,162,160,138,130,141,128,126,141,140,164,172,147,145,161,146,116,48,144,143,150,146,153,153,167,167,168,167,168,166,164,148,144,115,93,93,95,98,68,72,89,108,177,175,119,120,114,107,106,102,86,112,113,116,82,128,95,101,56,59,67,90,69,76,82,61,62,80,199,176,104,97,113,109,180,190,189,182,172,143,133,124,132,99,115,86,172,193,201,202,132,81,82,80,92,93,96,102,90,101,90,104,115,196,204,197,201,121,81,67,88,90,86,90,96,97,114,144,78,69,98,89,142,173,196,198,184,200,156,162,190,159,130,150,142,89,87,94,49,67,42,42,42,42,42,42,82,55,43,75,74,56,57,77,60,91,53,73,82
164,182,177,189,202,187,187,122,171,120,155,143,147,131,132,135,144,139,131,155,172,144,113,185,112,118,113,114,115,126,130,118,115,113,114,121,115,114,115,116,194,165,159,97,157,162,138,136,130,128,124,156,140,155,142,144,153,119,131,144,142,149,143,152,155,153,154,163,95,75,48,132,130,140,104,62,80,94,90,106,126,102,100,130,121,104,121,116,106,119,89,90,118,79,113,119,107,91,70,81,99,100,105,104,115,106,136,130,117,198,180,119,157,158,118,100,135,187,188,178,173,159,115,129,105,102,91,86,93,124,198,196,194,128,86,97,93,96,89,89,95,83,89,118,95,138,195,197,201,202,125,81,89,67,87,96,98,95,125,69,75,108,73,82,73,138,136,183,196,194,165,132,126,144,150,141,140,148,126,92,146,83,42,42,42,42,42,101,42,43,42,95,63,53,70,44,88,60,64,64
193,197,200,192,175,190,193,125,173,152,141,161,136,147,147,114,124,146,147,152,147,98,111,111,110,121,125,123,121,122,119,118,189,114,114,115,116,114,115,116,117,183,187,210,204,137,146,135,121,123,129,157,153,145,153,147,159,137,108,151,146,151,125,61,54,108,61,49,135,114,63,123,162,118,82,79,93,107,125,124,112,109,85,107,120,98,97,99,104,94,87,81,110,58,49,121,121,59,94,102,96,98,111,114,110,111,132,130,149,200,184,135,153,158,115,127,133,117,156,182,188,181,167,186,105,105,105,109,93,110,92,167,192,193,200,128,89,95,95,98,86,81,91,117,96,96,106,138,198,199,202,202,171,107,81,86,95,103,115,74,78,118,89,95,60,77,81,95,137,188,147,193,111,91,148,141,142,150,152,149,151,92,127,86,43,42,45,91,53,48,42,51,93,46,69,56,89,49,53,77
137,166,148,135,161,173,195,125,179,116,134,163,148,137,161,125,148,149,137,153,153,196,152,118,129,116,120,121,121,115,118,118,137,116,115,115,167,116,114,117,115,159,164,65,155,195,146,138,133,126,115,121,125,144,154,149,152,136,142,107,161,42,140,42,48,77,116,90,91,97,144,148,157,113,97,112,99,127,136,70,99,58,105,98,86,92,68,76,105,53,119,54,57,52,53,117,118,91,105,108,141,125,128,133,152,133,101,132,116,199,184,136,150,126,126,139,123,132,118,131,187,184,177,191,106,106,111,106,110,121,117,108,129,199,195,188,170,124,84,97,94,62,80,114,85,94,101,105,86,140,192,198,202,201,137,120,86,101,93,83,83,132,88,91,82,82,85,94,78,100,115,206,104,95,142,97,148,144,145,146,146,148,151,139,90,121,81,78,74,43,43,49,68,101,94,91,92,49,45,51
134,176,123,128,126,88,166,131,169,152,149,148,152,130,161,118,159,153,135,143,162,164,116,105,112,154,120,120,116,174,118,119,116,188,114,113,114,109,112,112,115,112,192,72,177,193,108,136,136,134,125,126,175,130,122,151,148,143,133,112,115,159,146,149,135,98,89,120,74,85,106,94,99,94,104,118,116,119,100,134,88,96,67,75,89,82,81,86,102,92,46,100,136,94,123,95,83,50,122,130,129,128,138,124,143,133,101,123,84,197,183,123,135,126,93,140,92,75,108,109,114,130,180,192,131,124,107,100,101,99,110,101,96,101,190,193,194,200,133,131,91,57,75,117,89,84,99,91,79,95,101,138,197,202,203,203,124,126,106,84,86,135,82,80,107,83,86,111,88,93,110,182,103,94,154,47,104,88,138,142,149,147,146,148,143,139,90,159,99,56,56,51,72,72,83,61,99,81,72,53
102,81,112,155,151,110,145,140,167,134,160,144,167,153,132,159,135,141,148,149,151,164,165,118,107,106,123,118,118,112,114,118,114,194,118,116,113,198,115,114,115,115,91,175,164,150,201,118,110,142,135,115,126,145,143,143,149,151,158,151,124,116,104,115,131,108,61,88,87,68,70,83,89,88,91,119,119,131,162,132,60,79,102,85,118,109,83,68,61,83,130,102,92,148,152,167,159,154,149,129,131,118,133,113,115,109,83,65,124,197,184,127,115,112,99,101,122,105,123,120,103,140,117,186,200,197,196,93,101,80,82,99,104,102,99,94,173,193,197,204,128,130,81,120,79,86,90,94,80,84,95,99,102,144,199,195,200,197,117,202,80,148,81,79,116,83,78,133,82,89,118,111,111,88,153,59,75,70,94,99,116,152,147,150,144,142,149,148,148,92,84,86,67,69,84,58,101,80,85,54
79,107,118,75,107,115,160,141,152,145,157,150,152,150,140,142,141,157,124,149,154,157,196,168,131,100,117,123,120,118,115,118,118,117,113,127,112,114,116,114,113,116,110,178,167,161,147,186,129,137,114,129,125,141,112,158,138,159,155,172,140,143,121,65,81,77,43,51,42,71,43,84,94,97,98,90,132,171,93,135,43,46,56,85,79,77,106,89,132,147,148,146,154,146,148,139,144,140,145,144,156,151,147,95,149,70,106,157,149,193,177,118,129,112,109,111,147,109,131,121,110,90,83,60,139,200,191,200,188,97,92,99,105,119,116,103,116,88,156,200,204,199,141,120,78,82,87,93,69,73,91,95,87,83,103,142,197,194,195,192,133,152,71,82,123,89,84,148,86,85,197,109,111,93,153,61,60,76,86,51,90,100,107,143,150,150,156,154,151,140,147,84,89,86,75,53,99,67,79,81
78,121,129,118,138,115,167,120,160,144,149,141,150,153,134,126,113,150,158,127,149,152,196,106,162,163,191,119,120,119,116,117,116,115,123,133,116,116,204,113,116,121,110,73,183,189,178,204,109,137,100,130,115,119,150,133,160,147,168,154,165,153,111,133,57,42,51,53,43,42,42,76,93,93,87,105,87,162,101,147,42,93,81,60,86,141,111,111,155,149,153,156,144,143,148,142,142,149,143,142,141,148,146,150,144,150,147,146,145,192,166,144,151,131,93,116,92,85,79,132,99,111,94,91,93,105,136,193,204,130,98,102,107,113,116,140,139,81,78,90,133,200,200,154,129,89,77,94,70,80,82,95,83,71,97,94,85,150,195,198,197,187,169,157,126,88,86,163,88,88,196,128,124,93,153,64,60,55,52,54,66,70,59,91,115,100,151,154,153,144,142,146,153,151,124,104,83,48,79,76
114,165,154,164,156,163,181,118,156,141,166,168,166,144,142,118,133,153,155,131,145,151,161,114,112,177,147,116,121,177,114,112,118,117,106,137,134,111,113,115,114,112,112,112,191,166,160,149,199,132,79,141,129,126,125,132,142,159,144,147,140,125,159,107,146,80,82,78,79,69,92,82,65,83,82,80,132,127,104,147,53,52,57,109,115,106,148,129,153,163,155,155,150,143,138,145,143,144,142,141,140,144,143,146,145,142,148,140,150,192,166,168,114,166,177,107,86,85,83,119,72,88,95,113,95,106,111,140,201,202,199,195,103,108,112,99,98,73,75,88,84,106,160,148,202,203,125,80,54,83,80,97,81,68,90,81,83,90,90,136,195,192,192,195,195,198,88,160,90,90,153,119,177,94,155,80,61,61,65,55,54,46,47,53,44,62,139,108,151,147,151,150,146,151,143,146,81,108,85,74
180,157,156,162,153,167,199,135,156,150,160,166,163,131,164,158,122,142,140,156,149,159,148,110,101,145,176,116,118,110,111,106,114,113,112,201,123,117,115,206,115,116,112,110,108,165,165,154,148,143,66,129,129,146,122,144,115,148,136,155,149,152,135,135,113,162,96,103,103,98,93,99,89,84,97,97,124,97,72,135,84,105,146,141,155,153,128,162,155,146,162,152,138,142,143,141,142,146,146,144,139,138,143,144,146,140,139,143,139,195,169,175,178,114,158,157,167,154,150,118,161,141,177,112,78,102,106,124,110,136,198,196,198,194,109,104,95,93,76,77,96,91,89,119,190,195,201,206,136,75,72,85,83,73,89,90,85,89,86,90,90,142,186,199,194,198,202,139,106,96,100,114,206,93,153,93,67,74,64,51,60,60,64,60,68,65,46,84,110,85,134,149,150,147,146,143,137,150,150,90
132,162,148,169,153,167,199,134,159,158,161,157,148,156,153,132,143,137,146,134,143,165,162,192,109,162,165,194,118,113,118,126,108,113,114,199,121,114,111,110,112,111,112,111,108,168,184,188,177,202,56,147,136,130,127,135,160,111,147,129,167,143,149,162,138,115,160,92,94,92,88,93,78,101,94,88,106,122,116,122,89,102,120,123,149,156,151,147,134,146,117,150,143,141,143,137,146,144,145,148,147,144,147,145,152,144,148,148,140,196,169,180,188,188,111,173,171,171,169,121,132,130,128,153,51,98,99,125,110,106,109,161,200,198,135,110,110,97,88,111,88,92,93,119,98,136,201,200,200,202,139,85,83,68,92,97,89,90,86,85,89,119,107,139,159,199,199,193,196,126,130,157,201,94,155,100,88,75,80,74,75,69,73,75,73,84,75,82,80,90,80,99,128,154,145,148,150,153,153,149
132,147,150,165,149,156,198,126,158,192,170,155,140,151,148,177,143,137,143,156,147,159,150,190,109,119,180,152,117,116,113,114,111,114,113,113,139,117,111,114,193,113,111,112,111,101,183,179,160,146,86,141,135,121,124,127,139,183,106,112,145,160,153,169,125,138,120,138,97,94,84,90,100,98,92,111,110,93,98,86,98,115,133,120,131,154,149,131,153,123,130,130,146,144,148,141,145,149,151,149,151,144,148,143,143,140,142,141,144,196,169,181,191,182,171,182,120,165,124,146,139,138,147,155,74,75,87,125,100,95,107,91,146,200,192,198,183,103,99,92,87,93,90,118,89,95,89,187,194,195,204,178,117,71,88,93,92,99,99,94,96,110,104,98,148,140,139,194,201,202,182,172,160,99,154,107,74,83,83,58,83,90,99,91,95,99,100,98,81,91,75,80,42,103,86,141,145,148,153,150
137,135,125,174,148,163,186,120,159,161,158,152,142,146,144,151,141,117,138,148,140,150,147,165,110,163,158,106,117,119,113,113,109,113,113,113,154,114,126,113,113,112,113,112,110,108,99,163,165,156,97,106,131,130,133,127,123,133,121,136,115,148,169,140,165,159,116,112,84,97,82,93,84,91,101,114,112,114,115,72,88,110,120,121,124,122,127,113,105,108,119,113,129,138,138,144,142,146,143,144,145,147,143,135,143,137,141,149,147,191,166,96,153,186,180,177,163,142,103,133,142,114,148,148,202,141,67,127,85,73,105,114,111,95,135,198,198,199,181,102,106,90,108,116,97,96,91,93,96,146,197,201,205,128,136,97,93,100,95,96,97,97,102,95,139,103,106,137,136,197,170,138,173,94,153,104,67,57,81,60,81,95,72,80,82,93,95,92,42,92,73,76,60,69,96,70,136,94,156,149
108,117,116,130,155,132,136,131,149,175,143,150,147,148,167,131,153,134,145,114,137,128,159,155,196,172,133,104,189,118,113,117,114,108,113,112,110,107,115,113,113,148,111,112,109,107,214,215,212,186,69,203,120,130,131,131,127,117,117,148,132,151,156,148,162,133,129,101,136,96,50,93,77,101,110,107,78,86,77,60,78,101,118,118,114,116,108,114,115,117,115,119,144,146,144,146,118,152,150,157,150,150,139,140,145,142,139,136,154,195,169,95,154,136,184,181,177,182,102,125,132,138,137,150,194,197,154,117,105,62,99,91,105,91,88,120,170,205,198,137,147,104,92,117,125,105,98,77,90,89,104,132,204,194,204,129,124,97,98,102,98,99,103,99,125,101,99,120,107,137,129,199,130,129,148,96,68,65,66,53,72,63,60,49,52,47,87,71,64,91,42,86,55,55,81,60,93,88,143,123
48,84,86,87,135,122,115,176,131,169,131,157,141,148,168,169,160,111,136,136,137,144,156,158,202,108,104,109,105,113,114,113,107,109,113,110,110,178,118,114,113,109,111,111,109,107,196,216,214,212,159,146,191,133,132,133,130,111,113,175,134,139,138,161,149,164,139,131,105,153,96,101,97,107,104,111,95,90,62,48,99,115,117,119,114,125,112,118,117,116,118,120,142,151,159,141,147,154,154,151,150,146,142,141,139,142,138,143,143,195,175,104,138,133,140,180,181,185,171,157,120,124,125,137,94,160,195,197,197,68,109,82,98,82,86,109,116,145,198,203,197,132,98,117,139,99,87,87,91,73,87,95,125,135,199,203,207,129,122,105,109,94,103,105,109,100,99,101,104,106,107,202,125,130,159,97,83,49,63,53,58,82,76,77,70,60,55,91,42,90,42,48,101,48,81,59,91,97,69,89
53,73,148,178,122,85,144,189,130,176,146,144,153,152,141,169,128,147,139,153,138,141,152,153,185,73,105,113,140,116,116,112,111,108,108,113,112,174,113,112,112,113,109,114,111,107,81,216,214,211,47,151,206,111,140,142,141,131,127,137,155,103,139,155,166,90,173,102,106,104,161,84,129,119,119,124,155,155,151,141,127,126,132,120,116,103,96,106,108,111,110,120,116,118,158,158,189,138,152,130,132,147,172,134,136,136,139,145,147,195,175,113,139,136,147,148,152,189,184,173,162,99,128,133,76,81,191,192,204,159,77,67,94,74,42,102,112,106,111,132,199,188,200,105,99,99,97,88,100,82,86,93,98,135,163,196,200,194,203,125,105,84,94,99,103,104,103,98,103,109,145,153,111,113,158,131,151,115,87,58,59,59,65,66,57,73,105,103,76,93,42,59,56,67,81,65,87,91,78,63
109,113,120,215,158,209,182,193,127,182,137,155,168,159,81,75,128,130,133,131,147,122,147,143,158,103,200,204,215,212,114,113,113,106,110,111,112,112,196,113,112,113,108,111,110,110,74,208,216,213,207,111,118,202,128,138,139,126,124,131,148,149,147,133,67,106,85,138,118,75,107,162,101,106,114,134,106,88,89,88,83,102,105,115,114,93,99,121,120,137,128,121,146,138,171,162,169,173,176,151,149,146,151,152,153,135,155,141,145,196,172,116,143,146,151,154,151,161,187,182,182,166,167,129,60,105,90,135,183,200,203,184,92,42,42,88,103,99,105,99,124,191,201,146,141,114,105,96,108,83,73,93,95,138,105,102,155,200,203,198,203,126,98,98,100,102,103,89,109,105,201,108,105,87,156,136,143,147,154,116,95,88,100,108,96,109,110,93,72,87,70,66,42,42,42,96,89,91,81,77
99,107,116,143,138,170,187,194,133,158,150,126,90,145,112,115,97,62,123,148,141,145,127,155,139,186,148,202,209,210,115,115,113,107,110,114,114,108,200,112,113,112,113,107,110,108,106,172,216,207,210,126,115,191,161,135,142,128,122,128,131,163,99,137,147,112,93,106,144,143,129,107,194,76,111,78,82,52,42,57,55,69,92,94,92,49,137,138,80,130,117,79,96,112,128,137,122,120,124,120,121,124,120,123,123,120,118,120,117,195,174,128,162,101,119,118,117,117,122,177,179,179,166,188,61,68,84,142,85,188,200,203,169,99,42,81,94,92,94,95,121,148,139,140,201,200,165,95,105,99,91,89,86,135,99,108,99,111,161,198,201,198,202,123,79,103,100,87,108,112,188,105,108,89,157,130,145,147,149,142,150,95,98,86,82,117,122,126,80,87,78,86,56,59,42,56,88,83,80,64
99,104,98,114,116,114,189,178,127,149,143,83,111,114,91,135,102,144,135,140,130,154,143,154,153,180,90,201,202,213,114,114,113,112,109,108,102,108,109,99,113,112,113,108,108,104,121,85,216,215,213,167,108,102,205,114,136,133,130,121,125,133,197,66,112,120,88,120,143,129,135,146,144,101,138,85,80,79,83,85,84,80,190,191,194,53,79,50,90,97,99,102,106,101,109,119,118,118,118,118,114,116,115,117,117,116,114,117,113,196,171,119,71,85,94,110,113,115,114,110,114,184,170,189,46,113,78,148,45,72,70,175,200,201,113,70,68,79,89,80,100,152,129,118,139,200,201,203,169,81,94,94,99,142,101,105,97,102,102,112,152,196,195,203,205,124,93,86,111,108,122,112,106,87,155,97,106,147,151,145,138,148,156,102,90,87,116,128,88,91,79,81,56,52,42,56,90,89,100,61
99,106,107,109,109,109,186,137,144,152,152,119,112,114,97,63,144,153,120,138,163,140,156,148,153,162,88,199,202,215,208,110,114,114,105,108,113,108,113,114,113,112,110,112,110,107,83,171,196,183,192,185,113,103,99,199,136,133,135,124,123,126,143,150,146,134,118,138,138,123,115,116,119,161,87,140,132,123,77,81,175,122,70,86,145,110,85,84,83,87,87,97,97,99,100,104,114,115,115,116,111,113,114,114,119,119,120,83,92,193,172,114,118,114,120,119,120,119,122,125,123,123,177,191,129,84,77,148,57,53,71,92,188,202,199,178,120,52,57,52,96,167,104,119,93,138,199,202,195,166,182,96,95,144,98,96,97,105,102,97,103,110,133,201,205,202,181,115,107,109,110,123,123,85,156,88,118,95,109,145,145,139,153,151,150,87,90,94,90,88,56,87,42,42,42,43,86,90,79,67
118,121,124,122,122,117,175,143,123,146,146,91,173,102,168,139,117,130,145,158,151,166,158,151,158,138,199,182,203,212,212,110,106,106,106,104,122,122,112,129,114,111,113,111,152,108,105,156,139,145,85,144,108,131,115,206,110,137,140,136,134,138,138,132,121,179,121,127,124,120,121,124,124,130,184,81,78,84,80,77,57,123,68,65,84,58,86,88,88,87,87,94,80,143,106,96,113,112,81,110,112,115,114,114,115,117,115,67,54,187,165,143,98,114,121,120,122,101,162,188,121,122,122,188,196,133,69,145,133,55,110,79,91,79,179,201,201,130,48,50,84,158,109,120,104,100,103,129,195,199,202,150,86,141,78,100,93,106,108,99,100,97,99,139,188,200,199,202,127,192,114,112,184,85,156,88,126,122,123,132,98,144,148,152,140,152,156,82,92,86,46,60,92,42,42,42,84,93,61,75
