195,195,195,195,196,195,195,193,193,195,195,193,195,193,193,195,196,197,197,197,197,197,197,197,198,197,197,197,196,196,195,196,196,195,193,193,192,192,193,192,192,192,193,193,193,193,193,193,193,193,193,193,195,195,195,195,195,196,195,196,196,195,196,195,195,195,195,196,196,196,197,197,197,197,196,197,196,196,196,195,195,196,196,195,196,196,196,196,197,197,197,197,196,195,196,198,196,197,196,195,195,195,192,193,192,191,190,190,188,188,188,188,187,188,188,188,188,188,188,188,188,190,188,190,190,190,190,190,190,188,190,191,191,190,191,192,191,190,192,191,193,193,195,195,196,197,197,197,197,198,198,197,198,197,198,198,200,198,200,197,200,200,198,197,157,152,152,141,150,128,117,165,187,162,140,171,158,162,167,170,165,171,172,172,171,177,186,187,186,187,126,126,186,182,185,187,172,120,136,166
193,196,195,195,195,195,195,195,195,193,193,193,193,193,193,195,196,196,197,197,197,197,197,197,197,197,197,196,196,196,195,196,195,193,193,192,193,192,192,191,191,192,192,192,193,193,193,192,192,193,192,193,193,195,193,193,195,195,195,195,195,195,195,195,195,195,195,195,196,196,196,197,196,196,197,196,196,196,196,195,195,196,196,195,195,195,195,196,197,196,197,198,196,196,196,196,196,196,195,193,192,192,192,192,191,190,190,188,187,187,187,187,187,187,187,188,187,187,188,188,188,188,187,188,188,187,187,187,187,187,188,190,190,190,191,191,191,191,191,192,193,195,195,195,197,197,197,197,197,198,198,200,197,198,197,198,200,198,200,200,200,200,197,158,156,160,170,141,146,110,152,138,171,160,163,166,160,167,171,175,143,173,175,175,176,196,190,188,121,123,178,173,185,186,186,158,145,168,168,170
195,195,195,195,195,193,195,195,195,195,193,193,195,193,193,196,196,196,196,196,197,197,196,197,196,196,196,195,195,195,195,196,195,195,193,193,193,192,191,191,191,192,193,192,193,192,192,192,191,192,192,192,193,193,193,193,193,193,195,195,195,195,195,195,195,195,195,195,195,196,196,197,196,196,196,196,196,196,196,196,196,196,196,196,196,196,196,196,196,197,198,198,197,196,197,196,196,195,193,192,191,191,191,191,190,190,188,187,186,187,187,186,186,186,186,186,187,186,187,188,187,187,187,187,188,186,186,187,187,187,187,188,188,188,190,190,190,191,192,192,193,195,195,195,197,197,197,197,198,200,202,201,200,200,200,200,198,200,201,201,202,152,162,165,165,163,165,158,142,91,153,121,160,162,165,162,161,166,173,180,145,178,177,176,177,195,182,163,133,183,170,188,186,190,90,96,148,170,171,172
195,195,195,195,195,195,195,195,195,193,195,195,193,195,193,195,195,196,196,196,196,196,195,196,196,195,195,195,196,195,195,196,195,195,195,193,193,192,191,192,191,192,192,192,192,192,192,192,192,192,192,192,192,193,192,193,195,193,193,193,193,195,193,195,195,195,195,195,196,196,196,196,195,196,195,196,195,196,196,196,196,196,196,196,196,196,196,197,197,197,197,197,196,197,195,195,195,195,192,192,191,191,191,190,190,188,188,187,186,186,185,185,185,185,186,186,186,186,186,186,187,186,187,187,186,186,186,186,186,187,187,187,187,188,190,188,190,192,192,193,193,195,195,196,198,197,201,203,202,203,202,202,200,201,200,198,200,200,201,201,160,156,158,170,173,166,177,161,135,98,102,111,167,167,166,165,161,168,176,181,153,177,177,173,176,186,120,192,183,190,177,180,121,120,168,163,167,166,175,168
193,195,195,195,195,195,196,195,195,195,193,193,193,193,193,193,196,196,196,196,195,196,196,196,195,195,196,195,195,195,195,195,195,195,195,193,193,193,193,192,191,192,192,192,193,193,192,192,192,192,191,191,191,192,192,193,193,193,193,193,193,193,195,195,195,195,195,195,195,195,195,196,195,196,195,195,195,196,196,196,196,196,196,197,196,196,196,196,196,196,195,196,196,195,195,193,193,192,192,191,191,192,191,190,188,187,187,186,185,185,183,185,183,182,183,183,185,186,186,185,185,185,186,185,186,186,187,187,185,187,186,188,187,188,188,188,191,192,192,193,193,195,198,197,200,201,202,203,201,201,201,200,200,198,198,198,198,200,156,157,166,166,168,171,177,167,191,118,165,105,116,113,170,170,170,168,163,172,176,181,143,181,176,196,120,181,195,193,190,185,132,125,170,173,166,161,186,166,173,170
195,195,195,195,195,195,195,195,195,193,195,193,193,195,195,193,195,196,195,196,195,195,196,196,195,195,196,195,195,196,195,195,195,195,195,193,193,193,192,193,192,192,192,193,192,192,192,192,191,191,191,191,192,191,192,192,193,193,193,192,193,193,195,193,195,195,195,195,196,195,195,195,196,196,196,196,196,196,195,196,196,196,197,195,195,195,195,195,195,195,195,195,193,193,193,192,191,191,192,192,192,191,191,188,187,188,186,185,183,183,182,182,182,182,182,182,183,183,185,185,186,185,186,186,186,186,186,186,187,186,187,187,187,187,188,188,191,192,192,193,195,197,198,198,201,201,200,200,198,198,200,200,200,198,198,198,200,158,160,160,172,180,167,177,181,132,158,150,183,136,111,116,171,170,170,171,165,176,178,183,130,178,185,196,190,176,190,188,155,131,175,170,175,168,165,161,201,168,170,166
193,195,195,195,196,195,193,195,195,195,193,195,193,193,193,195,193,195,195,196,196,196,196,196,195,195,196,196,195,195,195,195,195,195,193,193,193,193,193,193,193,193,193,193,193,192,192,191,191,191,191,191,191,191,192,191,192,192,193,192,193,193,193,193,195,193,193,195,195,196,195,195,196,196,196,196,196,197,196,196,193,195,195,193,193,193,193,193,193,192,192,193,192,192,192,191,191,190,191,191,190,190,190,188,187,187,185,183,183,182,182,181,181,181,182,182,183,183,185,183,186,185,185,186,186,186,187,186,187,186,187,187,187,187,188,190,190,191,191,192,195,195,197,200,198,197,197,200,198,197,198,198,198,198,198,175,153,155,168,173,168,183,176,190,123,163,160,187,152,110,97,121,172,172,172,172,171,178,186,187,87,98,188,193,186,183,178,136,177,175,172,173,178,173,170,163,192,162,166,168
193,193,195,195,195,195,195,195,193,193,193,193,195,193,195,195,193,193,195,195,195,196,195,195,195,195,196,195,195,195,195,195,193,193,193,193,193,193,193,195,195,193,193,193,193,192,192,191,191,191,190,191,190,191,191,191,191,192,192,192,193,193,195,195,193,193,195,195,195,195,195,195,195,195,196,196,197,197,196,195,193,193,193,193,193,193,193,192,192,192,192,191,191,191,190,190,190,190,188,190,188,190,187,187,186,185,183,182,181,180,180,180,181,180,180,181,181,181,183,183,183,183,183,183,185,186,186,186,187,187,187,187,187,188,188,190,191,191,191,193,195,196,197,197,196,196,198,198,197,197,198,197,198,197,156,161,156,168,177,175,177,178,117,161,160,162,158,143,92,167,85,118,173,175,173,173,177,186,110,90,142,167,188,193,181,106,90,171,180,172,166,171,178,182,177,167,168,167,168,173
193,193,193,195,195,195,195,193,195,195,193,193,193,193,195,193,193,195,195,195,195,195,195,195,195,195,195,195,195,195,195,195,193,193,193,193,195,193,195,195,193,195,193,193,193,193,192,191,191,191,190,190,191,191,191,191,191,191,191,192,192,192,193,193,193,193,193,193,193,195,193,195,193,195,195,195,196,196,193,193,193,193,193,193,192,192,192,192,191,191,190,190,190,188,188,188,188,188,188,188,187,187,186,186,185,183,181,181,182,180,180,180,180,180,178,180,180,181,182,183,183,183,183,183,185,185,185,186,186,186,186,186,187,188,188,188,190,190,191,192,196,197,195,195,196,196,197,196,196,197,197,197,198,161,157,166,173,172,176,182,181,146,156,161,160,160,158,93,93,161,83,115,171,176,175,173,118,112,162,148,131,168,183,142,123,210,165,177,180,173,167,168,177,186,180,165,156,165,175,176
193,193,193,195,195,195,193,195,193,193,195,193,193,193,195,193,195,195,195,195,195,195,195,193,195,195,193,195,195,193,193,193,195,195,193,193,193,193,195,193,193,193,193,193,193,193,192,191,191,190,191,191,190,190,191,190,191,190,190,191,191,192,192,193,193,193,193,193,195,195,195,193,193,193,193,193,195,193,193,193,193,193,191,192,192,191,191,191,190,190,188,188,187,187,187,187,187,188,188,186,187,186,185,185,183,182,181,180,181,180,180,180,180,178,177,178,180,180,181,181,181,182,182,183,183,183,185,185,186,186,186,187,188,190,190,190,188,190,191,193,197,196,195,195,196,196,197,197,196,196,197,162,156,165,158,187,176,180,177,198,153,155,156,161,160,161,157,102,133,105,97,115,177,176,166,197,88,157,152,146,135,131,122,170,175,211,168,176,180,172,175,170,185,186,175,166,160,168,175,177
193,193,193,193,193,195,195,195,195,193,193,193,193,193,193,195,195,195,195,193,193,195,195,193,195,193,193,195,195,195,195,195,195,193,195,195,193,193,195,193,193,193,193,193,193,193,192,191,191,192,191,191,191,191,191,190,190,191,190,190,190,192,192,192,192,192,193,195,195,193,193,192,192,192,192,192,192,193,193,192,193,192,192,192,191,191,190,190,188,187,187,187,186,185,186,186,186,186,187,186,185,183,183,182,182,181,180,180,178,178,180,177,177,177,178,177,178,178,178,180,180,181,181,183,182,182,183,185,185,186,186,187,188,190,190,190,191,191,191,193,195,193,195,195,195,195,196,196,196,196,148,163,167,186,172,176,182,155,155,151,153,157,156,161,157,161,160,117,130,93,105,111,177,203,125,181,156,145,147,116,161,166,165,173,175,213,168,176,178,176,176,177,183,182,175,170,160,175,178,121
192,192,193,193,193,193,195,193,193,193,193,193,193,193,193,195,195,193,195,193,193,193,195,193,195,195,193,195,195,195,195,193,195,195,195,193,193,193,193,193,193,195,192,193,193,193,193,192,192,192,192,191,191,191,191,191,191,191,191,191,191,192,192,192,193,193,193,195,193,192,192,192,191,192,191,191,192,192,192,191,192,191,191,191,190,190,188,188,186,186,186,185,185,185,183,185,183,185,185,183,183,182,182,182,181,180,180,178,178,178,177,177,176,176,177,176,177,177,178,178,180,178,180,181,182,182,182,183,185,185,186,187,188,190,190,191,191,192,191,192,192,192,192,192,193,193,195,195,161,156,166,172,178,177,173,175,141,152,152,148,152,155,153,161,158,163,161,116,126,138,111,127,135,196,185,155,147,141,86,167,165,165,171,170,168,213,170,177,178,175,173,177,177,176,175,171,165,120,148,75
192,192,193,193,193,193,193,193,193,195,193,193,193,193,195,193,193,195,193,195,195,195,195,195,195,193,195,195,195,193,193,193,195,193,193,193,193,193,195,193,195,193,193,192,192,193,192,192,192,192,191,191,191,190,191,191,191,192,193,192,192,192,191,192,192,193,193,193,192,191,191,191,191,192,191,190,191,191,190,190,188,190,191,190,188,190,187,186,185,185,185,183,183,183,183,183,183,182,185,183,182,181,182,181,180,178,178,178,177,176,177,176,176,175,176,176,176,177,177,178,178,180,180,178,181,182,181,183,183,185,185,186,187,188,190,190,191,190,190,190,190,191,191,192,192,193,196,158,167,185,162,173,172,180,145,151,143,155,153,148,151,155,157,160,160,155,176,151,156,143,110,146,186,180,166,133,68,85,173,181,171,167,170,170,163,210,167,173,177,175,173,172,172,177,175,148,143,77,147,136
192,192,193,192,193,193,193,193,193,193,193,193,193,193,193,193,193,193,193,195,193,193,193,195,195,193,193,193,193,193,193,193,193,193,193,193,193,193,193,193,193,193,192,192,192,193,192,192,191,192,192,191,192,191,191,191,191,192,192,192,192,193,192,193,193,192,192,191,192,191,190,190,191,190,190,190,190,190,188,190,190,190,190,191,188,187,186,185,183,183,183,182,181,181,183,182,182,182,183,182,181,181,178,178,178,177,177,176,176,176,175,176,175,175,173,175,176,176,177,177,178,178,180,178,180,181,181,182,182,182,183,185,186,186,187,187,187,188,188,188,188,190,191,191,192,155,158,171,178,177,168,178,181,113,148,153,142,153,155,146,148,155,157,166,188,173,175,142,167,145,120,160,182,166,112,135,167,170,186,183,173,167,167,166,165,207,167,176,178,177,170,175,171,167,147,77,133,141,137,135
192,192,192,192,193,193,193,193,193,193,193,193,193,193,193,193,193,193,193,193,193,193,193,195,193,193,193,193,193,193,193,193,193,193,193,193,193,193,193,195,193,193,192,193,192,191,192,192,192,191,192,192,192,192,192,191,192,192,192,192,192,193,193,192,192,191,191,191,191,190,190,190,190,190,188,188,188,188,187,187,188,187,188,190,188,187,185,183,182,182,182,181,181,181,181,182,182,182,183,181,180,180,178,177,177,177,176,176,175,175,173,173,173,173,173,173,175,176,176,177,177,178,177,178,180,180,180,181,182,182,182,183,183,185,185,185,185,186,186,187,188,188,190,192,156,156,172,166,173,181,181,118,145,145,150,152,137,155,151,147,148,126,127,178,186,176,137,112,123,155,157,155,135,153,170,167,177,181,187,185,178,165,167,166,165,193,173,181,177,173,162,170,155,82,148,146,125,142,137,142
191,191,192,192,192,192,192,192,193,192,192,193,192,193,193,193,193,192,193,193,193,193,193,193,193,192,193,193,193,193,193,192,193,193,193,193,193,193,193,193,193,193,192,192,192,192,191,192,192,192,192,191,192,191,191,191,191,191,191,191,192,191,191,191,190,190,190,190,188,188,188,188,187,187,187,186,186,186,186,186,186,186,186,187,187,186,186,183,182,182,181,181,180,180,180,181,181,181,181,180,178,177,178,177,176,175,175,175,173,173,173,173,173,173,173,175,175,175,175,175,176,177,176,177,178,178,178,180,180,181,181,182,183,182,183,183,183,185,186,187,187,188,153,151,158,172,182,172,177,176,105,142,145,146,150,151,131,152,151,145,153,187,147,180,105,168,168,130,138,132,157,110,168,175,176,175,177,183,188,185,173,172,172,170,172,183,176,177,175,171,142,78,141,141,136,142,126,135,125,76
190,190,191,192,192,192,193,192,192,192,192,192,192,192,192,193,193,193,192,193,192,193,193,193,193,193,193,193,193,192,192,193,193,193,193,193,193,193,193,193,192,193,192,191,192,192,191,192,192,191,191,191,192,191,191,192,191,191,191,190,188,190,190,190,188,187,187,187,187,187,187,187,186,186,185,183,183,183,185,185,185,185,185,185,185,185,185,183,182,181,181,180,180,178,178,178,178,178,178,177,178,177,176,176,176,175,175,173,172,172,172,173,173,176,173,173,175,173,173,175,175,175,175,176,177,177,177,178,178,180,180,181,181,181,182,183,185,186,186,187,188,158,156,166,177,177,183,173,107,138,143,145,146,146,148,151,122,147,168,188,181,188,140,126,163,170,170,143,141,133,116,96,175,175,177,178,180,185,187,186,176,168,172,172,171,172,173,172,153,76,142,135,138,135,141,146,73,85,137,173
190,190,191,191,192,192,192,192,192,192,192,192,192,192,192,192,192,192,192,191,192,192,192,192,192,192,193,192,192,191,192,192,192,192,192,192,193,192,193,193,192,193,192,192,191,192,192,191,192,191,191,191,192,191,192,191,191,190,190,190,190,188,188,187,187,186,186,185,185,185,185,183,183,183,183,182,182,182,182,183,183,183,183,183,183,183,183,182,182,181,180,180,178,180,178,180,178,178,177,177,176,176,176,176,175,173,173,172,172,172,173,173,173,173,173,172,172,172,172,173,173,175,175,175,175,175,176,177,178,178,180,180,178,180,181,183,183,183,186,163,160,167,168,175,176,176,177,118,137,143,145,147,146,145,147,150,107,166,156,186,178,142,150,153,167,170,170,180,140,127,98,93,178,177,182,181,181,186,187,185,175,171,173,173,170,161,167,86,147,135,136,137,137,141,83,116,115,168,176,171
190,190,191,190,192,192,192,192,192,191,191,191,192,191,191,191,191,191,191,191,192,191,192,191,192,191,192,192,192,192,192,191,192,192,191,192,192,192,191,192,192,192,191,192,192,192,191,192,191,191,192,191,191,191,191,191,190,191,188,190,188,188,187,187,186,186,185,183,183,183,183,182,182,182,181,181,181,181,181,181,181,182,182,182,182,182,182,183,182,181,181,180,178,178,178,178,178,178,177,177,176,176,175,175,173,173,172,172,172,172,173,173,172,171,172,172,172,172,171,173,173,173,173,173,173,175,175,176,176,176,177,178,178,180,181,182,183,183,162,156,165,165,167,173,185,136,118,137,137,142,143,146,146,146,146,132,160,185,176,123,148,151,150,155,166,170,170,175,191,110,86,93,180,178,183,181,180,185,187,182,176,171,170,170,196,111,155,138,143,142,140,140,91,135,170,166,167,167,171,167
190,190,190,191,190,191,191,191,191,191,190,191,191,190,191,191,191,191,191,191,191,191,191,192,191,192,191,191,192,192,191,191,192,192,192,192,191,191,192,192,191,191,192,192,192,191,191,192,191,191,191,191,191,191,191,191,190,190,190,188,188,188,187,187,186,185,185,183,183,183,182,182,181,181,180,181,181,180,180,180,181,180,181,181,181,182,181,182,182,180,181,180,178,178,178,178,178,176,176,176,176,175,173,172,173,173,172,172,172,172,173,173,173,172,172,171,172,171,172,172,173,172,173,173,173,175,176,175,176,176,177,178,178,178,181,181,168,156,170,177,182,168,180,176,131,137,131,141,138,142,143,146,146,122,183,180,168,165,147,152,153,152,150,157,170,170,168,97,155,106,71,90,182,177,183,181,180,183,185,177,171,165,191,121,177,143,143,148,147,133,90,111,167,173,171,170,170,167,168,167
188,191,190,191,190,190,191,191,190,190,190,190,190,190,190,190,191,190,191,191,191,191,191,191,191,191,191,191,191,191,191,191,192,192,191,191,190,191,191,191,191,191,192,191,192,191,191,191,191,190,191,191,191,191,190,191,191,190,190,188,187,187,187,187,186,185,185,183,183,185,182,182,181,181,181,181,180,180,180,180,180,180,180,180,181,180,180,180,181,181,181,180,180,178,178,178,177,177,175,175,175,175,173,172,172,171,172,172,172,172,173,172,172,172,173,172,172,172,172,173,173,175,176,176,176,177,176,176,177,177,177,178,180,180,181,163,163,163,167,170,173,170,185,142,133,137,171,142,138,145,143,128,121,180,171,181,172,150,153,157,157,153,151,161,171,170,168,96,102,113,71,86,181,180,183,180,180,185,183,176,135,93,185,180,151,136,142,140,118,81,181,172,173,172,170,168,168,165,171,171
188,190,190,190,190,190,191,190,190,191,190,190,191,190,190,190,191,190,191,190,190,191,191,191,191,191,192,191,191,191,191,191,191,191,191,191,191,191,191,191,191,191,191,190,191,191,191,191,191,191,191,191,191,191,190,190,191,190,190,190,188,187,187,187,187,187,187,186,186,185,185,183,182,182,181,182,181,180,180,180,180,178,180,178,180,178,178,178,178,178,178,178,178,178,177,177,176,176,175,173,173,173,173,172,172,172,172,172,172,173,173,173,173,173,172,173,173,173,173,175,177,178,181,180,180,180,178,177,177,177,178,178,180,180,161,158,175,172,172,181,147,133,142,143,136,138,155,142,138,143,150,182,196,183,127,142,183,151,156,156,158,153,156,166,172,140,132,133,106,148,66,91,182,180,182,178,181,180,162,86,143,165,173,163,145,131,116,81,181,171,172,175,173,173,171,163,168,163,168,172
188,188,190,188,188,190,188,188,188,188,188,188,190,190,190,190,190,190,190,190,190,190,190,190,191,191,191,191,191,191,191,191,191,191,191,190,191,192,191,191,191,191,190,191,191,191,191,190,191,191,191,190,190,191,191,191,191,190,191,191,190,190,190,190,190,188,188,190,188,187,186,186,185,183,183,183,182,182,181,180,178,180,178,178,178,177,177,177,177,177,177,178,177,177,177,176,176,175,173,173,171,171,171,172,172,172,172,173,172,173,173,173,173,173,173,173,173,175,176,177,180,181,182,185,182,181,180,178,178,178,178,177,160,160,168,177,167,172,177,111,135,131,143,143,137,138,163,142,127,180,182,185,133,145,140,141,191,153,157,157,160,157,160,170,140,192,188,142,122,153,77,97,181,180,180,178,163,83,146,146,135,160,155,132,106,106,172,167,175,175,171,173,173,171,167,163,165,163,166,166
188,188,188,188,188,190,188,188,188,188,190,190,190,188,188,188,190,190,190,190,190,190,190,190,191,190,190,191,190,191,190,190,190,191,191,191,191,191,191,190,191,191,191,191,191,191,191,191,191,191,191,190,191,190,191,191,190,191,191,191,191,191,192,192,192,191,191,191,191,191,191,188,187,185,185,185,183,182,182,181,180,180,180,177,177,177,176,176,176,176,176,175,176,175,175,175,173,172,172,172,172,172,172,171,173,173,175,173,175,175,175,175,173,175,173,175,176,176,177,180,182,186,186,188,186,183,180,180,178,180,182,156,158,175,172,176,181,136,131,131,133,131,142,143,136,138,151,143,190,187,193,110,148,146,141,142,182,153,157,157,157,156,132,196,192,187,182,107,121,113,75,113,181,176,172,81,148,141,147,146,137,136,100,105,156,172,168,166,173,175,167,172,171,172,168,162,166,162,165,166
187,187,188,188,188,188,188,188,188,188,188,190,190,188,188,188,190,188,190,190,190,190,190,190,190,190,190,191,190,190,190,190,191,190,190,190,191,191,190,190,191,191,191,191,191,191,191,191,190,191,191,191,191,191,191,191,191,191,191,192,191,191,192,192,191,191,192,192,192,192,192,191,190,188,187,186,186,185,183,182,181,181,180,177,177,177,176,175,175,175,175,175,173,173,173,172,171,171,171,171,171,171,172,172,172,175,176,176,175,175,175,176,175,176,176,176,178,180,180,182,185,188,188,187,183,181,180,180,180,160,156,168,167,168,182,183,135,130,133,131,131,130,142,142,135,148,155,183,181,136,140,128,143,146,141,155,167,155,156,156,200,196,188,192,186,127,167,113,113,108,66,127,168,83,151,146,146,147,145,132,81,95,153,158,158,175,168,167,172,173,170,171,170,171,166,161,163,163,165,166
187,187,188,188,188,188,188,187,188,188,188,188,188,188,188,188,188,190,188,190,190,190,190,190,190,190,190,190,190,190,190,190,190,190,191,190,190,191,191,191,190,191,191,191,191,191,191,191,191,190,191,191,190,190,190,190,191,191,192,191,191,191,192,192,191,192,191,192,191,191,191,191,191,190,188,187,185,185,182,181,180,178,178,177,177,176,176,175,173,173,172,172,172,172,171,172,170,171,170,171,171,172,173,173,173,175,176,175,175,175,173,176,177,178,178,177,180,182,183,183,186,186,186,185,183,182,181,182,166,158,178,176,177,183,122,127,130,130,131,132,131,132,143,187,192,186,171,143,147,135,142,125,143,146,141,147,162,151,170,125,190,192,190,103,166,171,167,112,120,122,65,142,142,145,145,146,145,136,75,81,158,156,157,158,156,172,165,163,167,173,170,166,168,171,168,163,163,162,163,163
188,187,188,188,187,187,188,187,187,188,188,188,188,188,187,188,188,188,188,188,190,188,188,190,190,190,190,190,190,190,190,190,190,190,190,190,190,191,191,190,190,190,191,191,191,190,190,191,191,191,191,191,191,190,191,190,190,191,192,191,191,191,191,191,192,191,191,191,191,190,190,190,190,190,188,186,185,185,182,181,180,178,178,177,176,176,175,173,173,172,172,171,170,170,170,170,170,170,170,171,171,171,172,173,175,176,177,177,176,176,175,178,180,181,180,182,182,185,186,187,185,183,182,183,181,181,163,157,172,171,167,187,176,110,133,130,130,130,132,130,131,131,126,168,192,195,147,151,148,137,142,120,147,146,143,150,152,153,187,191,187,146,167,170,170,170,171,116,126,128,83,151,141,140,146,132,51,62,168,168,165,158,156,156,156,166,162,163,166,167,165,150,166,168,167,165,162,161,161,110
187,187,187,187,187,187,188,187,188,187,188,188,187,187,188,188,188,187,188,188,188,188,190,188,190,190,190,190,190,190,191,188,190,188,188,188,191,190,190,191,191,191,191,191,191,191,191,190,191,191,191,190,190,188,190,190,190,191,191,192,190,190,190,190,190,192,190,190,190,190,190,188,188,188,186,186,183,182,181,180,180,178,177,176,176,175,175,173,173,172,171,171,170,170,170,170,170,170,170,170,171,171,173,175,176,177,178,178,177,177,177,180,181,185,186,186,186,188,187,186,183,185,181,183,183,158,166,167,171,170,185,122,127,131,133,131,132,131,131,126,176,181,188,178,205,142,157,151,150,137,141,118,153,145,140,160,191,190,188,155,147,171,170,172,166,170,170,125,127,136,131,153,142,143,70,85,171,173,173,168,166,162,156,157,158,165,163,163,162,163,163,140,166,168,166,165,143,133,90,73
186,188,187,187,187,187,187,188,187,187,187,188,187,187,188,188,188,188,188,188,188,188,188,188,188,190,190,190,190,188,190,190,190,190,190,190,188,190,190,191,191,191,191,191,192,191,191,191,190,190,190,190,190,190,190,190,188,190,191,191,190,188,190,188,188,188,190,187,188,188,187,186,187,187,186,185,185,181,181,180,180,178,177,176,176,176,175,173,173,172,171,170,171,171,170,168,170,170,170,170,171,172,175,176,178,180,181,181,182,182,181,182,183,185,187,187,188,190,188,185,183,182,182,163,173,170,161,167,175,177,122,138,131,127,132,128,131,131,132,198,183,178,125,133,146,142,152,148,150,140,141,115,165,167,190,190,182,155,110,160,165,173,170,173,165,168,168,141,133,138,125,151,102,137,180,173,171,172,178,170,166,175,158,157,156,163,162,160,163,163,163,110,167,168,91,170,75,106,147,140
186,187,187,187,187,187,187,187,187,187,187,188,187,187,187,188,187,187,187,188,187,188,188,188,188,188,188,188,188,190,188,190,190,188,190,190,190,190,190,190,190,191,191,191,192,191,191,191,190,190,190,190,190,190,190,190,190,190,190,190,190,190,190,188,187,187,186,186,186,185,185,185,183,185,185,183,182,181,180,178,178,178,178,176,176,175,175,173,173,172,172,172,171,171,170,170,170,170,170,170,171,173,177,178,182,183,186,187,188,187,186,186,187,188,190,191,190,191,190,186,183,183,177,185,188,172,180,178,136,128,135,138,131,128,131,136,130,127,188,187,155,137,133,135,147,142,155,148,148,140,138,153,190,195,190,177,148,160,163,161,170,168,170,171,166,170,167,188,136,140,88,151,171,177,183,176,170,172,183,172,168,178,158,157,157,161,163,158,163,162,162,86,113,162,73,143,137,133,136,131
186,186,186,187,186,187,187,187,187,187,187,187,187,187,187,187,190,187,187,187,188,188,188,187,187,188,188,188,188,188,188,188,190,190,188,190,190,190,190,190,190,190,191,192,193,192,191,191,190,190,190,191,190,191,190,190,190,190,190,190,190,188,188,187,187,186,185,185,183,183,183,182,182,183,182,182,181,178,180,178,177,177,177,176,176,175,173,173,173,173,172,171,170,170,170,168,170,170,170,171,172,175,178,181,182,186,188,190,188,188,188,190,190,188,191,190,191,191,188,187,170,176,183,176,170,177,183,126,130,130,135,136,131,130,140,181,182,188,181,135,138,141,137,142,148,143,151,150,148,191,193,180,190,183,132,150,166,165,165,157,171,171,168,173,167,170,138,120,170,137,83,157,177,181,183,176,176,177,187,171,168,181,157,156,156,161,162,160,161,158,77,77,73,143,145,138,140,130,128,122
186,186,186,186,187,186,186,187,187,187,187,187,188,187,187,187,187,187,187,187,188,187,187,187,187,187,188,188,188,188,190,190,190,188,190,188,190,190,190,190,190,190,191,193,192,192,191,190,191,190,190,190,190,190,190,190,190,191,190,190,190,190,188,188,187,186,185,183,183,183,182,181,181,181,181,181,180,178,177,177,177,177,176,176,176,175,175,173,172,172,172,171,171,171,170,170,170,170,170,171,173,176,180,185,187,188,188,190,191,190,191,188,188,191,188,190,191,190,188,176,187,191,176,180,182,185,161,130,128,130,133,133,130,141,183,191,186,141,130,128,142,143,136,140,145,142,145,173,135,191,192,178,147,138,147,153,157,165,166,163,171,177,173,175,155,148,200,125,185,140,107,151,180,183,185,178,175,178,187,168,167,181,157,156,156,157,161,72,82,73,141,131,145,138,110,128,127,136,68,87
185,186,186,186,186,186,187,186,186,187,187,187,187,187,187,187,187,187,187,187,187,187,187,187,187,187,187,188,188,188,188,188,188,188,190,188,190,190,190,191,191,190,191,192,193,193,192,192,191,191,191,190,190,190,190,190,190,190,190,190,190,188,188,188,187,186,185,185,185,183,183,183,181,181,180,180,180,178,177,177,176,176,177,176,176,175,173,173,172,172,172,172,170,170,170,170,170,170,171,172,175,178,183,188,190,191,190,191,191,191,191,192,192,190,188,188,188,181,175,182,177,177,183,175,135,131,158,128,130,130,132,132,141,186,183,130,145,142,131,128,142,143,136,141,146,158,136,193,192,190,135,102,138,142,148,156,148,166,166,175,170,175,161,177,197,185,182,175,130,173,123,147,180,182,183,177,176,181,188,181,166,177,156,155,157,122,87,73,151,141,138,123,138,138,82,71,111,72,163,162
186,186,186,186,186,186,186,186,186,186,186,186,186,187,187,187,187,187,187,187,187,187,187,187,187,186,187,187,187,188,188,188,188,190,190,190,190,190,191,191,191,191,191,191,193,190,191,191,190,191,190,190,190,190,190,190,190,190,188,188,188,188,188,187,187,187,186,185,185,183,185,183,182,182,181,181,180,178,178,178,177,177,176,176,177,176,175,173,172,172,172,171,171,171,170,170,170,171,172,173,176,178,182,186,191,191,191,191,191,191,192,192,192,191,190,190,172,180,190,182,182,188,201,135,136,130,153,128,131,128,143,191,190,185,108,127,142,143,131,128,141,143,136,137,162,185,183,196,108,137,143,98,145,142,150,156,148,166,166,175,128,177,191,190,191,181,193,122,123,141,136,151,175,177,180,177,176,180,183,167,165,163,138,110,75,90,148,150,142,141,132,131,117,77,151,132,135,162,163,161
185,185,186,185,186,186,185,186,186,185,186,186,186,187,186,187,187,187,187,187,187,187,187,187,187,187,187,187,187,188,188,188,188,190,190,191,191,191,191,191,191,191,191,191,191,190,190,190,190,190,191,188,190,190,190,188,188,188,188,190,188,187,187,187,187,187,187,186,187,186,185,185,185,185,183,182,182,180,180,178,178,177,177,177,177,177,177,175,173,172,173,172,171,171,171,171,171,172,173,175,177,180,182,186,191,190,191,191,191,191,192,192,192,192,192,178,183,168,173,181,186,135,131,135,136,130,147,128,125,147,190,182,133,140,126,127,142,143,131,128,141,140,126,191,187,190,122,137,138,137,145,111,146,143,150,155,147,166,122,177,191,186,190,188,128,158,158,120,133,158,121,150,170,170,173,173,177,181,186,168,80,136,77,145,146,135,135,137,136,121,82,76,68,128,128,130,131,156,161,158
185,185,186,185,185,185,186,186,186,185,186,186,186,186,186,187,186,187,187,187,187,187,186,187,187,187,187,186,187,187,187,187,188,188,191,191,191,191,190,191,191,191,191,191,190,188,188,190,190,190,190,191,190,188,190,188,188,187,188,188,187,187,187,187,187,187,187,187,187,187,186,186,185,185,183,182,182,182,182,181,180,180,178,180,180,178,178,176,175,173,173,172,172,172,172,172,172,175,176,178,180,182,186,187,190,190,192,191,191,191,191,190,190,171,182,190,171,177,180,131,136,141,133,135,136,127,145,145,192,191,128,127,141,142,126,128,142,142,133,127,190,190,192,190,161,135,135,140,142,140,145,113,146,143,148,153,117,178,193,175,193,190,138,167,172,166,163,117,132,186,126,153,170,170,170,171,177,181,83,112,78,143,147,146,140,135,137,112,81,83,156,90,126,127,130,128,127,152,161,160
185,185,185,185,186,185,185,186,186,186,186,186,185,186,186,186,186,186,187,187,186,186,186,186,187,186,187,186,187,187,187,187,187,190,191,191,191,191,191,191,191,191,191,188,188,188,190,190,190,190,190,190,190,190,188,188,188,188,188,188,188,188,188,187,187,187,187,187,187,187,187,186,186,185,185,183,185,183,183,182,182,181,180,180,178,180,178,177,176,176,176,175,176,176,175,175,177,180,180,181,185,187,187,188,190,191,190,192,191,191,192,192,177,187,163,177,186,180,141,137,135,140,133,133,130,170,195,188,176,138,131,133,142,143,126,128,141,142,183,192,188,183,140,90,131,137,138,140,141,138,145,131,145,145,136,165,190,190,191,161,136,168,171,171,172,160,163,115,133,177,131,153,173,173,173,168,93,78,65,147,142,111,136,140,126,93,60,75,163,153,153,96,122,125,127,128,127,156,158,158
183,185,183,185,185,185,186,183,185,185,185,186,186,186,186,186,186,186,186,186,186,186,186,186,186,186,186,186,186,186,186,186,187,187,191,191,191,191,191,191,191,191,191,190,188,188,188,188,190,188,188,190,190,188,190,188,188,188,188,188,187,187,187,187,187,187,187,187,187,187,186,186,185,185,185,185,185,183,183,183,182,182,181,180,180,178,178,178,178,177,178,177,178,180,181,181,183,183,183,185,188,190,191,191,191,191,190,191,191,192,173,182,190,187,182,182,132,135,143,136,133,142,133,126,125,187,172,142,143,140,132,133,141,142,126,130,146,120,190,177,188,133,100,98,135,138,137,141,141,142,145,146,138,123,197,191,187,186,193,143,156,165,168,171,171,160,167,121,121,128,132,152,173,92,165,85,142,150,143,135,127,133,120,88,96,141,172,173,168,173,167,108,152,126,126,125,122,158,156,155
183,183,185,185,185,185,185,185,186,185,185,185,185,186,186,185,186,186,186,186,186,186,186,186,186,186,186,186,186,186,187,187,187,187,188,191,191,191,191,190,190,190,190,191,187,188,188,188,190,188,190,190,188,188,188,188,190,188,188,188,187,187,187,187,187,187,186,186,186,185,185,186,186,186,185,183,183,183,183,183,185,182,180,180,180,181,180,180,178,178,180,180,182,183,185,187,186,186,187,187,190,191,191,191,191,191,191,191,191,176,186,158,182,181,155,116,130,135,141,138,138,141,148,191,185,130,143,133,143,140,132,131,140,141,118,152,195,195,183,133,131,127,100,115,131,140,138,138,141,140,132,113,187,186,193,161,125,151,160,122,156,162,166,170,170,162,162,138,130,103,136,148,103,77,141,146,143,138,132,130,91,78,73,148,120,145,170,168,172,172,175,112,140,148,123,118,143,158,155,176
183,185,185,185,185,185,185,185,185,185,185,185,185,185,185,185,185,185,186,185,186,186,186,186,186,186,186,186,186,186,186,186,186,186,186,187,187,188,190,190,190,190,190,190,188,188,188,188,188,188,188,187,188,188,188,188,190,188,188,188,187,187,187,187,187,186,186,186,185,185,185,183,185,183,183,183,182,183,182,182,183,183,181,180,181,181,181,181,181,181,183,183,185,186,186,187,187,187,187,188,188,190,191,191,191,191,191,190,190,190,188,186,187,155,132,123,130,132,146,135,137,197,183,182,117,132,146,135,142,141,131,130,137,192,190,192,187,201,128,130,130,127,96,115,133,136,136,137,120,116,191,156,195,132,127,160,172,155,160,120,156,162,166,168,168,158,161,141,121,101,137,131,142,145,138,140,138,133,83,110,165,138,138,136,136,137,167,170,175,170,175,101,153,147,121,141,128,168,163,161
183,185,185,185,185,183,183,185,185,185,185,185,185,185,185,185,185,185,185,185,185,185,185,186,186,185,186,186,186,186,185,185,186,185,186,185,186,186,186,188,188,190,188,188,188,188,188,188,188,188,187,188,190,188,188,187,187,187,187,187,187,186,186,186,185,186,185,185,185,183,183,183,183,183,183,182,182,182,183,183,185,182,181,181,181,181,182,182,183,185,186,187,187,187,188,188,187,188,188,188,188,190,191,190,191,190,191,190,190,180,180,131,133,133,133,120,131,131,140,131,187,171,167,143,140,133,141,135,145,141,131,127,191,187,183,203,133,135,127,130,130,128,100,100,130,136,133,117,190,197,190,121,148,152,157,162,173,156,160,107,153,158,165,165,165,136,188,181,116,93,121,143,138,142,131,111,106,75,171,171,161,128,128,131,133,137,165,171,176,170,176,97,153,132,141,127,127,176,158,157
183,183,185,185,183,183,183,185,185,185,185,185,185,185,185,185,185,185,185,185,186,186,185,185,185,185,186,185,186,185,186,186,186,185,185,185,186,185,186,186,187,187,188,187,187,190,188,188,188,188,188,188,188,188,188,187,187,187,187,187,187,186,186,186,186,186,185,183,183,183,183,185,185,183,185,183,183,183,183,183,183,183,183,183,182,182,183,186,188,190,188,188,187,187,188,188,188,188,190,190,191,191,191,191,190,190,190,190,190,177,115,118,133,132,127,120,145,130,187,182,136,126,133,142,140,135,138,135,143,196,198,186,186,135,127,127,133,136,127,128,127,127,96,110,143,137,195,191,191,123,137,150,155,156,157,161,172,156,157,98,153,156,166,122,123,191,188,118,162,88,150,140,137,98,153,185,148,171,166,161,158,123,127,128,130,140,162,172,183,178,162,93,135,125,122,125,131,163,156,156
182,183,185,185,183,183,185,183,183,183,183,183,183,183,185,185,185,183,185,185,185,185,185,185,185,185,186,186,185,185,185,185,185,185,185,185,185,185,186,185,185,186,186,186,187,187,188,188,187,188,188,190,188,187,187,187,188,188,187,187,187,187,186,185,186,185,186,185,185,185,185,185,185,185,185,185,183,185,186,186,186,186,186,187,187,187,188,190,190,188,188,188,188,187,187,188,188,188,191,190,190,190,190,190,190,190,190,190,190,132,128,116,132,131,128,116,167,186,155,108,133,132,131,143,140,133,142,120,135,191,198,126,91,97,126,126,132,132,126,127,127,126,141,150,186,193,187,113,137,140,143,161,153,157,156,158,172,153,156,98,155,112,115,188,192,191,187,126,165,101,148,126,75,181,183,176,116,168,158,158,158,125,125,127,130,142,163,162,171,165,160,83,143,123,122,121,127,108,131,166
182,183,183,183,183,183,185,183,183,182,183,183,183,185,185,183,183,185,185,183,185,183,183,185,183,185,185,185,185,185,185,185,185,185,185,185,185,185,185,186,185,185,185,185,185,186,188,187,188,188,187,188,190,188,187,187,188,187,187,187,187,187,186,186,186,185,185,185,185,186,185,185,186,185,185,186,186,186,187,187,188,190,190,190,190,190,190,190,190,190,188,188,188,187,188,188,188,190,190,190,190,190,190,188,190,188,190,188,188,132,126,120,131,128,133,192,186,141,128,132,132,126,131,141,140,130,158,196,201,180,127,138,101,95,123,125,131,132,122,146,205,178,191,196,170,190,138,137,136,142,143,157,153,157,157,158,168,152,142,118,196,192,195,192,187,113,181,163,196,125,121,147,177,177,177,170,81,162,157,160,160,127,123,125,127,133,162,161,167,176,162,80,130,122,122,90,76,78,68,136
182,182,185,183,183,183,183,183,183,183,183,183,183,183,183,183,185,183,183,183,183,183,183,183,183,183,185,185,183,185,185,185,183,185,185,183,185,185,185,183,185,183,183,185,185,186,186,185,186,188,187,163,136,187,188,188,187,188,188,188,187,187,187,186,185,185,185,183,185,185,185,186,186,186,186,186,186,186,188,188,188,188,188,190,190,188,190,190,190,188,190,188,187,187,187,187,188,188,188,188,190,190,188,190,188,188,188,187,188,133,127,120,132,193,190,117,130,133,126,133,132,128,130,143,143,195,190,195,120,135,138,137,100,96,122,123,130,143,123,177,191,191,172,190,122,142,161,137,137,142,143,158,153,156,157,160,118,146,197,183,195,190,141,132,163,173,177,153,155,106,110,155,173,176,170,177,72,171,160,158,160,128,123,123,125,138,163,158,162,162,166,78,97,146,106,77,140,117,127,128
182,182,183,183,183,183,182,182,183,182,183,183,182,183,183,183,183,183,183,183,183,183,183,183,183,183,185,185,185,185,183,185,183,183,183,183,183,183,183,183,183,185,185,185,185,186,183,185,185,185,186,158,131,187,187,187,187,187,187,187,187,187,186,185,183,183,182,183,183,183,185,185,185,185,185,185,186,187,188,188,188,188,190,190,188,190,190,190,190,190,188,187,187,187,187,187,187,187,187,187,187,187,187,187,187,188,187,188,188,136,130,102,190,192,105,138,131,133,127,133,132,133,200,202,195,188,167,128,136,136,137,136,102,96,123,142,205,173,191,188,186,136,146,147,122,145,177,135,136,143,143,161,153,157,122,127,187,185,195,181,146,127,162,167,167,168,178,131,106,122,101,153,175,177,172,176,62,168,162,158,158,128,125,123,125,128,158,156,162,146,168,76,72,135,128,128,126,117,122,125
182,182,182,183,182,182,182,182,182,182,182,182,182,182,183,183,182,183,182,183,182,182,182,183,183,183,183,183,183,185,183,182,183,183,183,183,185,183,183,185,183,185,183,183,185,183,185,185,183,185,185,145,140,187,187,187,187,186,187,186,185,185,185,183,183,183,183,183,183,185,183,183,183,183,183,183,185,185,186,188,188,188,188,188,188,188,190,188,188,188,188,188,186,186,186,186,187,186,186,186,187,187,186,187,187,187,187,188,188,190,186,185,131,130,132,141,131,131,120,131,141,198,193,187,157,132,191,131,137,136,137,137,102,98,197,175,193,193,191,135,141,142,146,148,123,147,176,136,135,142,142,148,135,188,203,198,192,181,155,192,155,160,165,168,168,166,181,121,145,136,101,155,178,181,171,168,78,163,160,157,157,128,126,122,120,123,122,168,163,73,138,120,126,133,127,128,126,112,118,130
182,182,182,182,183,182,182,182,182,182,182,183,182,182,182,183,183,183,183,183,183,182,182,182,182,183,182,183,183,183,183,183,183,183,183,182,183,183,183,183,183,183,185,185,183,183,183,183,183,185,186,115,97,187,186,186,186,186,185,185,183,185,185,185,183,183,183,183,183,182,182,183,183,182,183,183,182,183,186,186,187,188,188,187,187,187,187,188,187,188,188,187,186,186,186,185,185,186,186,186,186,187,186,186,187,186,187,187,188,187,118,131,138,133,132,138,131,130,115,120,192,188,118,128,128,131,192,130,137,137,137,137,201,188,192,196,196,162,130,130,141,143,145,147,120,147,166,136,133,126,162,190,200,193,193,125,112,147,153,196,158,163,167,170,168,165,178,121,137,126,101,152,171,178,168,171,76,160,155,153,155,126,120,121,81,92,77,141,133,132,130,126,130,128,128,122,131,110,102,75
182,181,182,182,181,182,181,181,182,182,182,182,182,182,183,183,182,182,183,183,182,182,182,182,182,182,182,182,183,183,183,183,182,183,183,183,182,182,182,182,182,182,183,183,183,183,183,183,183,185,120,115,101,116,185,185,185,185,183,185,185,183,183,183,185,183,182,182,182,183,182,183,182,182,182,182,182,185,185,186,186,187,187,187,187,187,187,187,188,187,188,187,186,186,185,185,185,185,186,186,185,185,187,186,186,186,187,186,186,117,130,132,137,133,133,135,126,122,192,192,120,125,127,128,130,131,195,130,133,136,121,178,191,195,188,115,127,127,130,128,140,143,145,146,126,148,137,116,117,197,201,187,195,115,147,147,143,147,156,200,158,162,162,167,168,166,170,120,125,190,85,140,175,175,166,165,76,160,151,152,152,80,116,80,138,135,126,131,132,131,128,122,115,131,91,75,78,72,151,151
182,182,182,182,181,182,182,182,182,182,181,182,182,181,182,183,183,182,183,183,182,182,182,182,182,183,183,182,182,182,182,183,182,183,182,182,182,182,182,182,182,182,183,182,182,183,183,183,183,185,120,123,138,110,185,185,185,185,185,183,185,183,183,183,183,182,183,183,183,183,183,182,182,183,182,182,182,183,185,185,186,186,187,186,186,186,186,187,187,188,187,187,186,185,186,185,186,185,185,185,185,185,185,185,185,185,185,186,186,131,130,141,137,132,130,158,203,198,150,132,131,127,130,130,128,132,193,128,198,191,193,187,177,108,133,132,128,131,130,126,142,143,145,145,118,198,168,195,198,195,185,195,138,141,146,148,143,148,156,207,158,161,157,167,167,166,167,141,116,187,72,145,171,167,162,165,87,155,91,165,76,98,135,138,137,136,132,132,131,122,137,95,82,93,146,147,150,85,150,152
182,182,181,182,182,182,182,181,182,181,181,181,182,182,182,181,182,182,183,183,182,183,183,182,182,182,182,182,182,182,182,182,182,182,182,183,182,182,182,182,182,181,182,182,182,183,183,183,183,183,137,116,110,153,186,185,183,185,183,185,185,185,182,183,183,183,182,182,182,182,182,183,182,182,182,182,183,182,183,183,186,186,186,186,186,187,187,187,187,187,188,187,185,185,183,185,185,185,183,183,183,183,185,183,185,185,185,185,185,131,131,128,133,205,193,197,196,117,158,132,131,127,130,130,125,132,186,201,192,190,148,113,135,135,136,132,130,131,128,127,141,143,141,182,197,195,193,191,128,115,138,198,138,142,145,148,143,147,153,207,157,158,148,165,120,142,196,201,147,125,65,133,163,161,158,120,83,80,90,131,137,132,130,131,137,128,130,122,81,80,132,148,146,147,151,148,150,82,147,148
181,182,181,181,181,181,182,182,181,182,182,181,181,182,182,182,182,182,182,182,182,182,182,182,182,182,182,182,181,182,182,182,181,182,182,181,182,181,181,182,182,182,182,182,182,182,182,182,182,120,136,117,106,97,131,183,183,183,183,183,185,182,182,183,182,182,182,182,182,182,182,182,182,182,182,182,181,181,182,182,185,185,187,186,187,187,186,187,187,188,187,187,183,185,185,185,185,183,183,183,183,183,183,183,183,183,183,183,183,131,130,198,198,197,191,135,133,137,156,132,130,126,128,130,157,195,185,191,125,125,130,131,138,136,137,132,131,130,130,128,140,122,198,191,192,191,111,133,135,135,138,197,137,142,146,148,143,147,151,205,155,156,132,121,188,187,178,193,138,157,85,126,121,162,103,83,122,133,133,140,135,130,127,132,106,77,86,148,150,148,150,151,148,150,151,147,145,88,145,146
181,182,182,181,181,180,181,181,181,181,181,182,181,181,182,181,182,182,182,182,181,182,182,182,182,183,182,182,182,182,182,182,182,182,181,181,181,182,182,182,182,182,182,182,182,182,182,182,182,135,116,118,122,163,132,183,183,182,183,183,185,182,182,182,182,182,183,182,182,182,182,182,182,182,182,181,181,181,182,182,182,185,185,186,186,187,186,187,187,187,187,186,185,186,185,183,183,183,183,183,183,183,182,182,183,183,183,183,183,127,146,191,191,141,136,152,131,137,148,132,130,128,191,202,192,196,111,128,131,137,131,132,138,136,137,133,130,130,118,127,190,178,186,153,120,133,133,136,135,137,140,192,137,145,145,147,141,147,151,202,171,190,186,187,188,178,141,163,107,151,110,107,82,133,135,138,136,140,135,135,130,90,78,82,151,151,71,152,146,145,143,150,145,145,147,147,143,87,143,145
181,180,180,180,181,181,181,181,180,181,181,182,181,181,181,181,181,181,181,181,181,182,182,182,182,182,182,181,181,181,181,181,181,181,181,181,181,181,181,182,181,181,181,181,182,182,182,182,122,165,121,120,123,110,126,106,183,182,182,182,185,182,182,182,182,182,182,182,182,182,182,181,182,182,182,181,181,181,181,182,182,182,183,185,183,183,185,186,187,186,186,186,186,185,185,183,183,183,183,182,182,182,182,182,182,183,182,182,182,188,187,133,135,132,133,156,131,136,145,130,137,201,197,197,111,132,123,136,133,137,131,131,138,133,137,128,197,197,191,192,187,116,126,128,120,135,130,136,137,138,141,185,141,146,145,148,120,143,198,168,187,187,178,148,198,170,175,141,131,153,103,120,126,135,135,135,132,141,122,63,78,105,147,148,148,148,71,145,142,142,142,146,142,143,145,143,143,86,142,143
180,180,180,181,181,180,181,181,180,181,180,180,181,181,181,181,182,181,182,182,182,182,182,182,182,182,182,182,181,181,181,182,183,183,181,181,181,181,181,181,181,180,181,182,181,182,182,181,188,115,113,128,186,177,126,97,183,182,182,182,185,182,182,182,182,182,182,181,182,182,182,182,182,181,182,182,181,181,181,181,182,182,182,183,182,182,185,186,186,187,186,185,183,183,183,183,182,183,183,183,183,182,182,183,182,182,182,182,182,123,126,123,135,133,132,158,127,133,150,201,193,192,121,133,131,133,121,137,132,137,132,135,138,126,152,193,192,192,187,145,130,130,135,133,123,136,127,137,137,137,140,196,145,147,148,110,193,181,195,172,197,131,115,162,161,170,171,137,181,145,126,112,128,131,130,125,67,78,151,147,146,90,146,146,146,148,78,142,141,140,141,147,133,142,143,143,141,83,141,141
180,180,181,181,180,180,180,181,180,181,181,181,180,180,180,181,181,181,181,181,181,181,181,182,182,182,182,182,181,180,187,188,183,183,183,182,183,181,181,181,181,181,182,181,181,182,182,143,128,135,120,115,111,101,107,142,125,182,181,182,182,182,182,182,182,182,182,182,182,182,182,182,181,182,181,182,182,181,181,181,182,181,181,182,181,182,183,183,187,186,186,185,183,185,183,182,182,183,183,183,185,183,182,182,182,182,182,182,182,133,130,122,132,132,128,158,155,201,191,195,123,172,140,128,130,131,121,136,132,136,135,166,117,187,192,192,113,115,135,132,132,133,133,145,123,137,126,136,136,136,140,181,165,186,193,192,188,166,133,145,152,157,117,161,157,157,168,143,192,137,146,113,78,140,72,150,80,150,148,148,147,72,145,145,145,146,111,142,138,137,138,142,133,141,142,141,140,75,140,138
181,180,180,181,181,180,180,181,180,181,181,180,180,181,181,180,181,181,180,181,181,181,181,181,181,182,182,182,182,182,191,195,187,183,183,183,185,182,180,181,181,181,181,181,181,181,153,142,103,123,113,96,102,158,93,130,102,183,182,182,182,182,182,182,182,182,182,182,182,181,181,181,182,182,181,182,182,181,181,181,182,181,181,182,182,183,187,186,186,186,186,185,185,185,185,182,182,183,185,183,183,182,183,182,182,182,181,182,182,133,130,108,132,128,175,200,196,197,156,126,128,176,140,127,131,130,120,135,132,187,181,192,190,188,107,131,137,133,136,135,133,135,137,150,126,136,127,135,121,116,192,178,192,183,183,180,128,146,151,146,155,158,95,158,153,146,166,145,131,120,146,65,145,151,146,143,80,145,146,146,146,68,142,143,142,143,113,137,136,135,135,138,136,137,141,140,137,76,136,137
180,180,180,180,180,180,180,180,180,181,180,181,180,180,180,181,181,180,181,181,181,181,181,181,181,181,182,182,182,182,190,188,182,183,183,183,183,183,180,180,180,181,181,181,181,181,163,207,191,195,107,143,108,106,100,175,142,106,182,181,182,183,182,182,182,181,182,182,181,182,181,181,181,181,181,181,182,181,181,181,181,181,181,181,182,185,186,186,186,186,186,185,183,185,183,183,182,182,182,183,183,182,182,182,182,182,181,182,181,135,125,110,141,201,197,187,156,127,122,128,131,172,138,127,128,128,116,181,196,180,190,187,143,131,136,136,138,135,137,135,135,136,135,155,130,128,196,125,195,197,193,181,158,141,141,150,147,146,150,145,151,153,86,152,150,133,161,150,108,111,137,61,138,143,142,138,78,157,150,143,142,63,140,142,138,140,118,136,133,132,135,137,133,137,138,137,137,70,135,136
178,178,180,178,178,178,178,180,180,178,180,180,178,180,180,180,180,180,181,180,181,181,181,181,181,181,182,182,182,182,193,183,182,182,183,182,183,183,183,182,183,181,180,181,181,156,140,135,150,103,136,112,102,90,111,118,91,102,182,182,182,182,182,182,181,182,181,181,182,181,182,181,182,181,181,182,181,182,181,180,182,181,182,181,181,185,185,186,186,186,185,185,185,183,183,183,183,182,182,182,182,181,182,182,182,181,180,181,181,138,201,195,196,196,143,172,125,128,130,127,128,170,136,127,123,133,178,192,188,137,111,132,133,133,137,133,138,135,135,137,135,136,151,133,130,183,188,188,192,192,133,132,141,141,141,147,145,146,148,151,147,147,88,148,145,120,157,142,141,102,122,48,126,142,140,135,72,151,142,140,142,72,140,137,137,138,140,132,130,131,133,135,133,133,137,135,133,67,97,103
177,177,178,178,180,178,180,178,178,178,180,178,180,180,180,178,180,178,180,180,181,180,180,180,181,181,181,182,182,182,183,182,182,182,182,183,183,182,183,183,183,183,183,183,182,177,200,43,136,161,80,111,145,82,82,82,136,143,123,182,182,182,182,181,181,181,182,181,181,181,181,181,182,182,182,181,182,181,181,181,181,182,181,181,181,182,185,185,185,183,185,183,183,183,182,183,182,182,182,182,182,181,181,181,181,181,180,181,180,195,187,183,191,127,126,171,126,127,103,127,131,161,128,135,190,195,187,133,130,131,131,133,135,133,136,133,138,135,137,136,123,177,192,190,191,196,180,125,121,138,141,137,141,140,140,148,147,147,147,143,148,146,106,143,142,112,146,131,132,130,101,50,116,138,133,132,80,150,146,138,137,53,138,136,136,137,140,131,130,130,131,131,131,127,71,76,82,65,87,133
177,178,178,178,177,177,178,178,178,178,177,178,178,178,180,180,180,181,180,180,180,180,180,180,181,181,181,181,182,181,182,182,182,181,182,182,182,182,183,183,183,183,182,183,125,115,71,130,131,112,122,112,83,76,120,128,147,141,146,182,181,181,181,181,181,182,181,182,181,181,181,181,181,181,181,181,181,181,180,181,181,181,181,180,181,183,185,185,185,183,183,183,183,181,183,182,182,182,182,182,182,182,181,181,181,180,180,180,180,188,116,96,127,125,126,180,125,128,102,125,127,197,197,192,185,133,190,128,128,131,132,135,136,133,136,131,137,133,126,118,192,181,192,182,132,133,128,133,133,138,141,142,140,140,140,150,148,146,146,143,145,142,128,141,140,197,195,191,177,156,190,48,107,133,133,131,90,148,142,136,135,67,137,135,133,133,136,130,127,133,72,113,77,71,71,132,130,126,137,141
178,177,178,177,177,178,177,178,177,178,177,178,178,178,178,178,178,178,178,180,180,181,180,180,181,180,180,181,181,181,182,181,182,182,182,182,182,182,183,182,183,183,183,183,98,123,112,143,100,147,110,46,67,92,83,130,137,91,98,115,181,182,182,181,181,181,181,181,182,181,181,181,181,181,181,181,181,181,181,181,181,183,181,181,182,183,183,183,183,183,183,182,181,182,182,182,182,182,182,182,181,181,181,180,180,180,178,180,178,133,127,97,126,125,128,186,127,123,127,203,196,187,122,120,127,128,187,126,128,131,131,131,133,131,135,125,132,183,193,192,186,158,135,135,136,138,128,131,131,136,141,140,140,141,143,147,143,141,142,136,191,177,202,200,193,183,191,183,188,196,186,56,93,133,132,131,105,143,137,135,133,70,133,132,130,135,123,157,87,75,68,133,142,128,138,133,127,130,138,140
177,177,177,177,178,177,177,177,177,178,177,178,177,178,178,177,178,178,178,178,178,180,180,180,181,181,180,180,181,181,181,181,182,182,182,182,182,182,183,182,182,182,182,183,103,125,106,103,96,142,117,106,76,103,87,67,91,70,113,92,181,181,181,181,181,181,181,181,181,181,181,181,181,182,181,181,181,181,180,181,182,183,182,182,183,183,183,183,183,182,182,182,181,182,182,181,181,182,181,181,181,180,180,178,178,178,178,178,178,135,130,97,127,127,131,170,117,193,178,196,168,208,130,127,131,125,183,123,127,130,131,128,132,123,191,195,192,191,193,192,135,133,130,133,135,137,126,130,130,135,141,138,140,140,140,140,122,116,123,202,201,203,186,192,187,132,140,92,111,183,175,56,63,132,130,130,121,136,133,132,131,72,100,93,117,87,57,140,146,142,130,127,135,132,135,140,143,123,141,80
177,177,177,177,176,177,177,177,177,177,177,177,177,178,177,177,178,177,178,178,178,178,178,178,178,180,181,180,180,181,181,181,181,181,181,181,181,181,182,182,182,182,182,181,97,125,113,111,106,136,108,60,76,108,83,73,90,70,108,103,181,181,181,181,181,181,181,181,181,181,181,181,180,181,181,181,181,181,181,181,183,183,183,182,183,182,182,182,182,182,181,181,181,181,181,181,180,181,181,181,180,181,180,178,178,178,178,178,178,130,127,98,127,205,201,183,190,181,155,127,122,207,130,127,136,126,182,125,126,126,147,117,192,197,201,190,135,122,136,136,133,132,130,132,137,137,127,130,130,140,140,145,137,113,155,121,200,190,206,196,196,200,113,126,106,103,103,97,102,173,103,57,71,130,130,127,125,132,127,87,148,71,71,132,141,138,135,140,146,141,140,133,135,135,142,70,67,68,67,126
177,177,178,176,177,177,177,177,176,177,177,177,177,178,177,177,177,177,177,178,177,178,180,178,178,180,178,180,181,180,180,181,180,181,180,180,181,181,181,181,181,181,182,178,103,125,123,101,115,122,108,61,81,112,78,123,83,75,107,105,180,181,181,181,181,180,181,181,180,181,181,181,180,181,181,181,182,181,181,181,182,181,182,182,182,182,181,181,182,181,181,181,181,181,181,181,180,181,181,181,181,180,178,178,178,178,178,177,177,133,120,175,198,197,186,131,128,128,143,128,126,208,128,128,132,126,178,116,128,192,191,188,192,117,118,137,132,132,133,135,131,131,130,131,131,137,127,128,128,136,123,131,130,188,201,201,196,187,183,132,95,102,170,108,105,108,101,96,100,102,98,57,53,125,130,140,156,87,72,110,136,131,137,136,146,143,127,143,142,136,132,72,62,75,80,125,121,125,122,125
176,176,176,176,176,176,176,177,176,176,176,176,176,176,177,177,177,177,177,177,177,177,177,178,178,178,178,178,178,180,178,180,180,178,180,180,180,180,180,180,180,180,181,177,106,125,121,93,113,111,105,92,71,93,81,97,90,82,111,102,181,181,181,181,180,181,180,181,181,182,183,183,180,181,180,181,182,182,182,182,182,182,182,182,182,182,182,181,181,181,181,180,180,180,180,181,181,180,180,178,180,180,178,177,178,178,177,177,177,118,188,188,196,181,127,205,126,130,133,128,125,207,130,127,131,171,163,195,195,185,191,180,126,130,131,128,131,128,132,133,131,131,126,128,133,135,125,148,145,178,201,192,195,190,188,122,150,98,101,102,101,98,166,107,102,120,96,91,120,102,96,60,92,141,78,91,143,140,135,140,141,138,146,146,140,138,116,75,75,81,73,118,123,122,123,123,122,122,123,122
176,176,176,176,176,176,176,176,176,176,176,176,175,176,176,177,177,176,177,176,177,177,177,177,177,178,178,178,178,178,180,178,180,180,180,180,180,180,180,180,180,180,181,178,123,126,121,100,111,106,102,165,108,103,90,123,85,63,111,106,181,181,181,181,180,183,197,193,188,181,182,182,182,180,182,182,182,182,182,182,182,182,181,181,182,182,182,182,181,182,180,180,181,181,181,181,180,180,180,178,180,178,177,177,178,177,177,177,177,191,130,93,125,125,126,198,127,130,132,128,125,207,147,110,190,196,195,191,126,126,140,140,128,128,131,125,131,126,130,132,130,130,123,126,125,132,202,193,196,200,201,186,141,125,100,103,101,101,103,105,97,98,166,101,101,128,97,93,198,105,91,76,130,142,147,137,135,136,141,143,142,127,133,82,61,78,73,110,112,120,121,120,122,121,125,125,125,121,121,122
176,176,176,175,175,176,175,175,176,176,175,176,175,176,175,176,176,176,176,177,177,177,177,178,178,178,177,177,177,178,178,178,178,178,178,178,178,178,178,178,178,180,180,151,113,127,122,96,98,98,96,146,98,51,93,105,75,61,115,105,181,181,181,181,190,193,196,195,186,181,181,182,181,180,181,182,182,182,182,181,182,181,183,182,182,182,182,180,181,181,181,180,181,181,181,181,180,178,178,180,178,178,178,177,178,178,177,177,178,127,125,103,125,126,126,202,130,130,121,123,138,186,185,197,195,125,156,125,126,127,137,138,128,128,127,142,130,127,130,131,126,156,185,196,196,192,190,190,200,136,108,122,135,138,96,100,98,100,98,97,97,96,161,102,102,130,96,92,190,97,80,112,125,142,140,141,130,128,137,97,73,78,92,122,120,121,117,117,117,122,118,116,125,123,126,126,125,123,121,122
175,175,176,176,175,176,176,175,175,175,175,175,176,175,175,176,176,176,176,177,176,176,177,177,177,177,177,177,177,177,177,177,177,177,177,177,177,177,177,178,178,178,180,113,120,126,126,93,103,96,103,140,95,63,90,98,68,66,118,108,81,180,182,191,192,192,195,191,180,180,180,183,182,181,182,181,181,182,182,182,181,191,190,185,188,186,181,181,180,181,180,180,180,181,181,180,180,181,180,178,180,178,177,178,177,178,177,180,180,130,128,107,128,128,128,201,128,196,181,190,186,183,127,111,126,130,172,122,123,125,136,140,130,130,127,140,126,121,202,127,198,190,192,191,191,165,128,131,128,128,132,122,133,137,92,100,100,98,98,83,96,97,156,101,97,132,92,91,150,97,140,108,117,128,135,91,90,78,111,123,122,80,120,120,118,120,125,117,121,125,125,117,122,122,126,127,123,121,121,122
173,175,175,175,175,173,176,175,175,175,175,175,175,175,175,175,175,176,175,176,176,176,176,176,176,176,177,176,177,177,176,176,176,176,177,177,176,177,177,177,177,178,178,123,111,130,130,83,110,93,100,135,95,72,78,143,70,62,117,107,86,182,191,195,192,191,192,191,182,178,181,182,181,183,183,183,181,181,181,186,190,195,192,190,191,187,182,181,182,180,180,181,180,181,180,178,178,178,178,178,180,178,177,177,178,178,180,182,181,131,127,110,131,131,117,128,187,198,187,187,135,145,138,126,126,127,162,122,127,125,136,138,130,128,125,192,162,201,197,190,191,186,120,198,120,127,120,127,125,125,128,122,132,137,92,101,100,101,100,93,103,96,145,107,95,120,128,142,80,130,186,98,90,88,117,116,117,121,122,122,121,92,121,122,120,121,126,118,123,125,123,118,122,123,125,126,123,121,120,121
173,173,173,173,173,173,173,175,173,173,173,175,173,175,175,175,173,175,175,175,175,175,176,176,176,176,176,175,176,176,176,176,176,175,175,176,176,176,176,176,177,177,177,111,111,126,122,78,113,86,105,136,101,56,82,156,67,70,115,107,92,186,193,197,195,192,191,191,186,183,186,185,183,186,187,187,183,187,183,192,195,195,195,192,193,191,191,187,185,182,183,181,181,180,180,178,178,177,180,178,181,180,178,178,181,182,181,182,181,131,128,102,140,187,183,175,198,148,101,130,130,155,138,127,125,127,160,121,126,123,135,131,196,120,201,200,197,197,201,136,113,132,125,128,121,123,120,123,123,125,130,122,132,137,93,101,95,102,105,92,88,161,143,127,200,185,200,198,112,192,162,56,121,117,115,115,116,123,127,126,121,101,122,121,120,120,128,117,121,123,122,118,127,122,122,125,121,121,120,120
173,172,173,173,173,173,173,173,173,173,173,173,175,173,173,173,173,173,173,175,175,175,175,175,175,175,175,175,175,175,175,176,176,175,175,175,175,176,176,176,177,177,178,103,122,132,122,75,106,83,103,128,107,55,81,153,77,72,113,111,92,191,196,195,193,191,191,191,188,188,187,185,185,186,191,190,188,190,191,192,196,196,196,195,195,195,192,188,186,183,183,182,181,183,182,180,182,182,185,183,182,180,183,182,183,182,182,181,180,205,188,183,195,196,128,173,133,132,108,131,128,145,140,128,122,127,156,120,117,196,167,198,202,200,191,183,178,122,128,128,132,132,126,125,121,121,123,125,125,125,130,120,132,136,97,93,92,120,155,118,207,206,203,198,201,185,201,195,141,193,128,52,115,117,117,117,120,126,127,127,120,107,122,120,118,120,126,117,121,122,122,118,122,120,121,122,118,120,118,118
172,173,172,172,172,173,172,173,173,172,173,172,173,173,173,172,173,173,173,175,175,172,173,172,175,173,175,175,173,175,175,175,175,175,175,175,175,175,176,176,176,176,177,143,130,130,126,75,112,85,107,125,111,57,88,127,78,71,115,108,93,192,192,193,191,191,190,190,188,188,187,186,188,191,192,192,188,191,192,193,197,196,197,196,196,193,191,190,188,187,187,186,186,186,186,186,183,185,188,183,186,185,185,182,182,182,181,181,180,185,190,133,125,132,127,171,132,133,106,131,131,133,140,127,121,142,161,203,196,193,193,202,125,148,135,135,126,125,127,126,132,132,126,125,120,125,122,125,127,122,128,121,136,118,188,121,205,202,205,202,207,203,197,180,130,180,125,127,117,142,103,53,111,120,121,121,117,125,126,125,122,118,120,120,118,118,123,116,120,122,118,118,117,118,118,122,118,118,115,116
171,172,172,172,171,172,172,172,172,172,172,173,172,172,172,172,172,173,173,172,173,173,172,173,173,172,173,172,172,173,173,173,173,175,175,173,175,175,175,175,176,176,176,143,141,130,132,82,115,80,97,117,115,55,92,115,75,77,115,110,97,192,191,190,190,190,191,190,192,196,188,190,195,193,190,190,191,191,192,195,197,197,197,197,195,192,191,190,188,187,187,187,187,188,188,187,186,186,187,183,185,183,183,182,180,178,178,177,178,120,131,112,132,131,126,173,133,133,103,132,131,131,117,137,201,202,185,195,185,126,110,121,128,132,132,130,125,125,130,126,133,133,125,130,120,128,120,128,130,115,156,145,210,207,208,202,206,200,201,145,128,120,161,132,132,185,127,125,116,195,83,58,102,118,118,116,117,123,126,126,125,121,118,118,118,120,123,117,120,121,118,115,111,113,120,120,116,118,118,120
171,171,172,171,171,170,171,171,171,171,171,171,172,171,172,171,172,172,172,172,172,172,172,172,172,172,172,172,173,173,173,173,173,175,173,175,175,175,175,175,176,176,176,147,142,126,138,81,126,90,97,106,111,86,92,103,77,82,116,111,102,191,190,190,190,190,193,195,193,191,190,186,193,191,190,193,191,191,192,195,197,198,198,195,193,191,190,188,188,187,187,188,188,190,188,187,186,186,183,183,183,183,182,183,181,181,181,176,175,132,131,111,131,135,128,175,132,131,107,177,125,193,193,191,193,190,130,88,95,95,123,125,127,128,136,130,123,122,128,128,136,136,127,131,121,113,123,138,207,207,205,192,203,200,200,150,126,115,133,128,131,133,146,131,135,183,130,125,125,196,83,57,96,116,117,117,116,121,125,125,122,123,121,118,120,120,121,115,117,118,116,113,88,116,116,115,66,68,78,80
172,171,172,172,170,170,171,170,172,171,171,170,171,171,171,171,171,171,171,171,171,170,172,171,172,172,172,172,172,172,173,172,173,175,175,175,173,175,175,175,175,175,176,73,156,126,148,90,135,86,102,100,105,98,53,112,75,96,116,111,106,188,188,188,190,190,198,197,193,193,192,191,190,190,195,195,190,188,193,195,195,196,196,195,192,190,188,188,188,187,186,188,188,190,190,187,186,185,183,183,183,182,178,181,181,181,180,178,177,131,130,117,131,133,128,166,137,121,191,195,196,182,122,150,93,127,110,92,95,95,126,122,127,130,133,127,123,126,127,127,133,122,202,127,193,203,196,196,205,198,200,123,192,125,97,96,92,130,131,131,130,132,155,130,132,178,128,126,125,118,96,52,88,117,116,116,117,122,123,122,122,123,120,118,116,118,118,115,115,118,81,70,68,76,77,67,68,90,143,143
171,170,170,171,171,171,171,171,170,171,171,170,171,170,171,171,172,171,172,172,172,172,171,172,171,170,172,172,172,172,171,173,172,173,175,175,175,175,173,175,175,175,175,73,158,125,153,81,135,81,106,95,100,97,46,146,67,93,115,112,110,188,190,188,188,192,195,196,195,195,193,195,192,196,198,191,186,187,193,193,196,195,195,193,191,190,188,187,186,187,187,190,181,178,183,188,185,182,182,182,182,176,178,180,180,178,178,180,178,132,130,108,122,172,178,187,197,196,186,132,117,137,98,101,97,130,100,92,96,95,125,122,127,128,133,126,127,116,150,117,205,205,201,196,195,198,186,112,126,117,135,120,130,126,91,88,88,128,131,128,126,128,175,127,130,173,125,126,112,112,110,55,75,116,116,116,115,121,122,122,121,121,118,117,117,63,75,98,137,78,73,58,138,145,145,140,143,137,145,146
170,170,171,170,170,170,171,170,170,170,170,170,170,170,170,171,171,171,171,171,171,171,171,171,171,171,171,171,171,171,171,172,172,172,173,172,173,173,173,173,173,175,175,95,156,122,158,73,137,80,108,93,103,88,53,148,68,110,118,113,112,188,188,190,188,190,192,193,192,195,195,200,195,193,192,190,187,183,185,195,195,195,193,192,191,190,188,187,187,188,187,182,180,178,182,187,186,182,178,177,177,177,181,183,181,181,180,178,178,122,178,201,195,201,187,178,191,127,92,102,130,142,97,100,101,132,93,95,98,97,127,122,131,123,125,130,161,203,203,203,203,207,198,120,212,123,130,132,131,130,133,116,125,122,88,81,87,127,130,126,125,130,153,126,128,175,121,120,178,96,118,55,75,115,115,113,112,120,123,116,72,72,80,76,75,72,111,146,146,148,151,145,131,142,137,135,140,135,138,143
170,171,170,170,168,171,170,170,170,170,168,168,170,170,170,170,170,170,170,170,170,170,171,172,171,171,171,170,171,171,172,172,172,172,172,173,173,173,173,172,173,173,173,87,156,122,162,70,141,68,116,83,101,87,53,152,62,112,112,112,125,187,188,188,188,187,195,195,197,195,193,196,195,195,192,188,187,185,183,188,188,190,191,187,191,188,187,187,187,186,178,178,177,178,183,186,178,177,176,176,177,182,180,180,181,180,180,178,177,190,186,188,122,121,105,161,131,123,100,98,128,132,96,97,101,132,93,95,98,95,112,150,157,208,203,203,206,202,203,132,148,125,128,130,122,131,128,131,128,128,132,116,120,118,85,85,93,130,128,125,132,132,143,128,127,172,118,115,170,102,123,55,68,116,88,140,153,81,80,71,66,150,147,146,150,147,146,146,146,143,146,142,135,140,137,137,130,146,120,71
170,168,168,168,170,168,168,168,168,167,168,168,170,170,168,168,170,170,168,170,171,171,170,170,172,171,160,170,173,172,171,171,171,172,172,172,172,172,172,172,173,173,172,102,157,121,167,72,152,71,160,85,108,61,146,125,61,110,115,115,132,186,190,190,188,187,192,197,197,195,193,193,193,192,190,188,186,183,183,183,183,183,190,188,188,187,187,187,187,182,177,177,178,180,185,182,176,176,177,176,180,182,180,178,178,178,177,177,176,175,95,123,135,126,96,162,131,123,86,97,128,130,97,98,100,127,115,145,141,210,198,208,205,205,203,126,131,126,127,127,126,127,140,127,122,131,130,130,128,126,128,110,116,117,85,98,105,131,132,125,127,126,132,126,178,108,200,202,141,116,140,56,86,81,72,112,150,145,141,143,146,141,148,142,147,148,142,142,143,138,132,140,93,66,75,58,82,78,56,83
168,168,168,168,166,168,168,167,167,168,167,168,167,168,168,170,170,168,168,170,168,168,170,168,160,156,152,158,162,156,157,157,161,160,160,160,155,160,172,172,172,172,147,87,152,123,167,77,156,76,157,81,88,61,67,83,67,111,108,117,141,182,187,188,188,186,190,191,195,195,193,195,193,192,190,188,185,185,185,180,180,183,185,182,186,181,177,177,177,177,177,178,180,180,183,181,178,178,180,180,178,180,180,178,177,177,177,176,176,128,100,123,133,126,96,167,127,121,80,112,127,132,107,133,150,206,197,206,207,203,197,127,126,92,127,123,125,126,126,125,123,128,126,127,121,128,127,128,123,125,126,118,130,126,88,100,95,120,116,137,131,203,193,197,203,203,202,200,197,118,183,80,123,137,142,143,142,145,137,142,145,141,141,138,138,147,106,65,61,70,75,75,33,85,85,82,80,78,81,80
167,167,168,168,168,167,167,166,167,167,167,167,168,167,168,168,167,168,167,168,168,167,170,167,158,157,163,160,145,148,163,167,165,163,162,163,137,151,171,171,172,172,150,87,145,125,167,73,155,86,163,81,102,63,82,88,73,115,105,121,83,177,181,188,188,188,191,191,191,191,192,196,193,188,187,177,176,176,176,177,183,183,182,183,177,176,177,176,176,176,177,176,177,180,180,181,181,181,181,182,180,180,178,177,177,176,176,176,175,130,100,121,133,126,96,167,122,118,100,171,127,201,200,211,207,205,141,151,113,122,123,122,91,90,126,123,123,125,126,125,125,130,123,126,118,128,132,131,131,126,127,112,117,196,123,121,202,187,197,202,201,206,197,202,200,191,130,136,128,82,143,86,125,138,145,143,142,143,131,150,90,65,48,102,93,88,73,82,83,83,82,81,28,81,81,76,77,77,78,77
167,167,167,167,166,166,167,166,167,166,166,166,166,167,167,167,168,167,167,167,168,167,168,167,161,160,163,163,163,165,162,163,162,163,163,165,136,148,171,170,171,171,147,80,143,122,165,80,161,77,161,91,107,66,71,88,86,113,106,121,72,176,176,188,188,191,190,191,191,191,193,196,180,176,175,175,175,175,176,178,182,182,180,176,175,176,180,180,176,180,180,181,177,181,180,181,180,178,180,180,180,180,178,177,176,176,175,175,175,137,102,121,133,132,98,145,127,206,198,203,206,197,117,141,118,121,92,121,122,120,122,121,83,87,123,120,122,121,122,122,123,126,121,123,116,126,127,117,186,193,126,200,200,206,208,205,205,190,203,200,198,138,126,118,116,121,116,115,102,108,198,87,113,141,82,90,35,73,75,70,88,86,87,86,86,88,88,82,82,83,81,82,41,82,80,78,77,77,78,75
167,166,167,166,166,166,167,167,167,167,166,167,167,167,167,166,167,166,167,167,167,167,168,167,160,161,161,138,86,83,86,90,90,70,66,103,140,152,170,170,171,170,146,76,136,125,156,72,162,82,162,96,122,56,127,82,87,116,92,120,75,175,175,175,178,178,188,177,178,175,178,177,173,173,173,175,173,173,177,178,180,181,177,175,176,180,182,182,183,181,182,182,181,182,180,180,180,178,178,177,178,177,176,175,176,176,175,173,173,136,93,133,127,202,202,195,202,200,120,133,85,127,118,121,122,120,91,121,120,118,120,121,86,86,122,122,126,130,131,125,122,122,106,208,182,130,205,201,200,206,202,201,205,198,193,148,127,128,116,116,117,113,117,116,116,118,116,117,98,105,180,61,71,81,115,116,117,86,85,82,82,83,85,85,87,85,86,81,81,82,77,77,43,81,80,78,77,77,78,75
166,166,166,166,165,165,165,166,166,166,166,165,165,167,167,167,167,167,167,167,167,167,167,166,163,165,165,155,122,81,87,88,91,91,66,67,138,150,170,170,170,170,145,71,130,123,148,67,157,76,158,98,127,53,123,80,95,116,87,121,72,175,180,182,185,175,176,178,175,175,173,173,173,173,173,178,176,176,185,180,180,180,178,177,180,181,182,182,182,182,181,181,181,180,180,180,180,178,178,177,177,176,176,176,175,175,173,173,172,190,193,197,205,201,141,146,122,123,83,91,90,128,116,120,120,120,91,120,117,120,120,121,106,103,123,122,122,136,125,127,122,207,208,203,200,202,205,198,196,200,137,122,130,132,117,116,116,117,115,117,115,115,120,120,116,118,115,117,101,135,152,65,75,116,117,117,116,85,85,85,82,81,86,87,87,86,87,80,78,76,77,76,60,80,76,75,77,76,80,76
165,165,165,163,165,165,163,166,165,165,165,165,165,165,165,165,166,167,167,166,166,166,167,166,166,166,166,162,153,118,86,82,87,91,83,73,138,152,170,170,170,170,143,75,110,128,135,66,151,78,162,103,133,53,121,82,101,120,81,117,81,180,183,186,185,185,173,175,173,175,173,175,176,182,186,190,196,192,188,183,181,178,180,180,181,181,180,181,180,180,178,180,178,180,178,180,178,178,178,177,176,176,175,175,175,173,173,172,173,190,130,112,127,127,125,130,122,121,81,90,91,132,117,121,118,118,90,120,120,120,123,122,107,127,148,118,210,206,203,206,206,203,205,202,137,127,198,117,127,125,122,116,125,123,116,117,118,115,118,115,113,118,116,120,118,118,112,116,95,203,128,62,73,117,117,115,115,83,83,82,81,80,81,80,77,76,78,76,78,78,78,76,56,77,75,77,75,76,80,77
163,165,163,165,165,162,163,165,165,165,165,165,165,165,166,165,165,165,166,166,166,167,166,166,170,166,166,162,160,146,105,88,83,90,95,67,138,157,170,170,170,170,146,85,110,127,122,77,142,85,160,103,146,52,107,88,105,120,60,122,101,175,173,173,173,175,175,173,173,172,173,173,173,176,187,190,190,187,187,188,182,180,180,178,180,178,180,178,180,178,178,178,178,178,177,178,178,178,176,177,177,175,173,173,173,173,172,172,172,122,128,105,125,127,126,126,122,122,82,90,90,136,118,121,120,120,93,111,197,155,137,208,205,206,200,205,206,203,203,120,150,121,122,117,96,120,122,132,128,126,126,117,126,130,123,118,115,120,112,116,113,118,116,117,116,116,113,113,93,188,120,58,72,115,117,116,115,86,82,81,80,81,78,77,77,78,78,76,76,77,76,76,57,76,76,75,76,77,70,75
163,163,165,163,163,165,163,165,165,165,165,165,165,165,165,166,166,166,166,166,166,166,167,166,170,172,167,165,165,161,141,111,86,87,85,66,137,161,170,170,170,170,147,82,100,131,112,95,136,92,160,108,151,45,53,90,111,126,53,120,93,173,172,171,172,172,173,173,176,172,172,173,175,176,187,191,187,188,188,186,181,178,178,180,180,178,178,178,177,177,177,177,177,177,177,177,177,177,176,176,175,175,175,175,173,172,172,172,172,121,123,103,122,127,125,123,120,120,81,88,88,137,111,206,115,187,205,207,200,202,197,203,206,178,150,130,113,118,126,128,128,125,127,125,91,126,125,132,132,128,131,121,133,136,125,120,117,121,118,113,116,115,116,113,115,116,112,112,112,111,121,58,77,116,116,115,115,85,88,88,88,78,77,75,77,77,78,76,77,77,77,76,61,81,80,78,80,78,45,76
165,163,163,163,165,165,163,165,163,166,165,165,165,166,165,166,166,166,166,166,166,166,166,167,168,171,170,168,163,165,158,150,107,87,83,62,140,161,170,170,170,170,147,92,90,137,105,93,130,86,153,111,158,52,57,96,112,121,55,122,96,172,171,172,173,173,173,173,175,175,175,180,182,186,191,190,192,188,185,182,178,177,177,177,177,178,178,177,177,177,177,177,176,176,176,176,176,176,175,175,175,173,173,172,173,172,172,172,172,120,123,95,120,125,117,123,116,116,117,188,196,207,208,211,207,207,202,205,116,131,118,118,122,120,118,118,116,121,127,127,125,133,126,138,93,131,125,135,132,130,132,125,135,131,128,118,116,117,121,120,118,112,113,112,110,112,111,113,197,116,107,53,80,115,115,115,115,82,90,88,85,78,80,75,76,81,80,80,81,81,81,77,65,78,81,80,78,80,36,77
163,163,165,163,163,165,165,163,165,163,165,165,166,165,165,166,166,166,166,166,166,167,168,168,167,171,168,171,166,162,161,160,148,120,87,62,140,165,170,168,168,167,140,81,86,137,96,92,113,93,145,122,158,53,75,97,112,116,70,118,85,183,175,181,183,185,181,181,188,190,187,185,185,186,188,188,193,186,182,182,177,176,177,177,177,176,177,177,177,177,176,176,177,176,176,176,176,175,175,175,175,173,173,172,172,172,171,171,171,121,123,102,122,135,118,207,208,205,200,207,205,202,140,142,131,121,132,120,121,118,117,116,121,118,116,118,116,121,126,127,122,130,121,131,90,130,123,135,132,130,135,126,132,130,121,113,116,113,113,111,202,171,130,116,135,211,206,207,173,191,197,62,68,112,115,113,112,85,86,86,88,77,86,80,81,80,83,80,81,80,81,80,81,80,80,77,76,75,31,77
163,165,163,163,163,165,162,163,165,163,163,163,163,165,165,163,166,166,167,167,168,168,167,176,170,172,170,171,167,166,167,165,163,155,113,87,140,166,171,168,170,171,143,75,77,136,78,85,103,80,142,130,160,43,127,77,118,110,67,118,83,185,183,183,182,181,181,186,190,186,186,186,186,186,185,188,188,191,176,178,176,177,176,176,176,176,177,176,176,176,176,176,176,175,176,175,173,173,175,173,173,173,173,172,171,171,171,171,171,121,203,202,202,201,193,200,206,133,135,120,120,133,120,136,117,120,140,117,118,121,117,115,120,118,113,117,116,120,123,123,121,122,117,127,82,125,121,128,131,128,133,110,125,127,165,130,121,206,210,207,205,207,207,207,206,201,196,196,92,196,187,67,67,113,115,112,112,82,88,87,86,80,85,88,78,85,81,78,81,82,82,80,121,76,60,65,65,68,67,65
165,163,165,165,163,165,165,166,167,166,167,166,165,166,166,166,165,166,167,168,170,172,170,183,171,175,165,172,171,171,167,167,165,167,158,140,141,173,176,177,177,177,143,72,73,145,70,92,97,77,127,133,160,50,131,78,116,112,68,116,67,180,182,185,185,180,182,188,187,185,185,183,182,183,185,185,175,173,173,173,176,176,176,176,176,176,176,175,176,176,176,177,175,176,173,175,175,173,175,173,173,172,172,172,171,171,171,170,171,195,202,141,147,115,118,128,120,128,116,120,116,133,120,153,138,121,148,117,118,122,117,115,121,118,116,116,117,115,122,122,120,121,122,128,102,151,197,160,176,148,206,207,205,201,195,198,203,206,206,206,202,196,202,196,122,113,117,122,103,128,98,52,72,112,115,115,115,82,87,92,88,81,81,80,66,71,76,73,66,68,75,72,56,68,63,76,111,150,142,142
162,163,168,167,166,167,166,165,166,166,166,167,166,166,168,170,168,170,167,167,168,171,171,183,171,178,146,167,170,172,172,172,171,168,167,165,142,172,172,175,176,176,138,78,82,146,73,110,81,77,115,133,148,37,126,75,118,96,62,115,70,181,181,181,178,180,180,183,185,176,172,172,175,173,173,173,172,173,172,172,173,175,175,173,175,175,175,176,176,175,175,175,175,175,175,173,173,173,173,173,172,172,172,172,171,171,170,170,170,123,122,105,117,123,118,130,120,132,145,120,116,131,120,148,142,121,136,118,121,123,116,116,121,118,116,118,112,155,205,197,118,128,201,198,188,191,202,197,197,197,203,205,195,195,190,205,127,116,142,141,115,125,123,116,113,113,115,113,107,127,103,55,63,108,67,67,117,67,68,71,71,71,75,65,68,70,118,140,147,156,143,150,143,147,145,145,146,143,140,146
166,167,170,166,166,165,166,166,166,166,167,167,166,170,171,170,168,170,168,167,168,170,171,171,171,181,107,141,166,173,173,172,171,171,168,170,142,172,175,178,176,175,138,85,93,156,90,138,91,107,105,136,140,43,61,86,122,77,75,113,67,177,177,177,178,180,178,180,172,171,172,171,171,171,172,170,171,172,172,172,173,172,173,175,175,175,175,175,175,175,175,175,175,173,175,173,173,173,173,173,172,172,171,171,170,170,171,170,170,125,123,102,120,127,125,135,127,128,128,121,116,131,120,135,138,118,137,116,118,117,117,196,118,128,166,206,205,207,196,198,193,193,191,202,191,186,186,197,116,135,202,198,116,123,117,120,117,116,116,113,132,116,120,116,116,116,116,115,116,123,97,52,71,138,78,80,111,148,141,151,151,148,150,145,146,143,140,142,145,146,142,141,133,145,146,146,147,141,128,135
163,162,165,163,165,165,166,163,166,167,167,167,170,172,170,170,170,170,166,166,166,166,166,161,173,182,80,105,145,166,171,171,173,171,170,168,141,173,183,181,181,176,132,91,96,160,103,142,90,115,95,138,138,51,68,87,120,73,85,121,76,178,180,178,183,181,182,173,172,172,171,172,171,171,172,171,172,172,175,173,173,173,173,175,175,172,173,173,173,173,175,175,173,173,175,173,173,173,172,171,171,171,170,170,170,170,170,168,168,122,122,100,120,126,120,135,123,123,117,120,115,138,113,133,190,138,113,208,205,208,203,207,208,206,203,203,208,203,200,153,120,141,136,120,72,80,85,127,130,135,133,132,125,121,117,117,116,117,115,113,135,118,123,117,118,116,117,121,118,123,120,110,138,136,141,150,145,151,145,151,148,147,151,137,143,143,140,135,145,142,140,136,121,137,127,147,131,125,93,58
163,165,166,165,163,162,165,165,165,163,162,165,167,168,167,170,168,168,166,167,166,166,168,162,172,185,78,80,100,140,163,168,171,175,172,171,143,175,178,178,173,175,143,80,100,157,95,146,92,126,85,140,135,52,73,82,118,68,96,120,86,182,187,183,182,182,183,183,181,178,176,171,176,176,175,176,175,172,173,172,173,173,173,173,172,173,172,172,172,172,173,172,172,173,172,172,172,172,172,171,171,170,170,170,168,168,168,167,168,128,120,100,120,125,117,127,121,138,113,205,200,203,205,210,207,200,196,201,205,206,205,125,117,136,130,121,126,130,126,131,123,123,130,131,68,92,83,130,130,132,132,128,127,126,121,128,123,123,126,122,141,128,130,128,128,122,122,122,115,115,168,108,140,133,136,147,147,153,148,148,143,141,133,148,145,140,122,61,78,73,65,48,66,137,126,143,133,120,78,105
162,163,162,162,161,162,162,163,163,165,165,162,165,166,166,166,165,166,166,167,170,166,168,168,173,183,83,105,73,116,120,152,165,172,172,172,143,177,176,173,172,173,140,71,87,150,93,151,87,136,90,138,127,51,130,75,118,56,108,120,82,185,183,182,185,183,186,181,182,178,176,176,175,176,176,175,173,173,173,173,173,173,172,172,173,172,172,172,172,172,172,172,172,172,171,171,171,172,171,171,170,170,170,170,168,167,168,167,167,210,128,157,197,193,190,185,200,198,186,196,202,201,111,133,130,202,122,122,121,121,125,130,118,122,127,126,128,130,128,132,123,126,130,136,105,92,93,130,130,130,128,128,131,125,117,127,123,125,123,120,128,126,133,125,125,126,121,122,117,133,148,91,143,145,93,68,72,55,55,111,151,146,151,103,102,93,101,103,111,116,117,118,102,113,116,116,115,116,76,116
158,161,161,161,162,163,162,163,163,163,163,163,165,165,165,165,166,166,166,167,167,167,167,181,175,183,87,127,67,118,78,136,147,167,170,172,145,177,173,171,171,172,142,67,90,146,83,158,81,141,80,138,122,42,132,72,116,55,117,122,80,183,181,181,183,187,180,182,180,178,176,176,175,175,176,173,172,173,173,173,172,173,173,172,172,172,172,173,172,172,171,171,171,171,171,171,170,171,170,170,170,168,168,168,167,167,166,167,167,196,193,185,196,191,76,67,70,70,77,67,111,182,181,113,116,122,166,121,120,122,125,130,116,120,125,125,127,126,127,127,125,122,125,132,88,91,92,131,131,130,130,123,130,128,113,130,123,122,122,120,143,121,130,122,127,128,122,121,153,195,146,55,140,111,112,113,111,118,112,113,112,113,111,111,111,111,111,103,113,112,113,112,117,116,115,115,113,117,72,120
157,161,155,133,162,162,162,162,162,163,163,163,162,163,163,165,165,165,165,165,165,166,167,190,172,180,80,146,67,138,62,148,82,163,141,170,143,172,170,171,171,171,108,67,90,126,85,162,82,142,82,136,121,46,130,72,113,57,120,118,83,182,183,180,180,180,178,176,177,175,175,175,173,175,175,173,173,172,173,172,172,172,173,172,172,172,172,172,172,172,171,171,171,170,170,170,170,170,170,170,168,168,168,167,167,167,167,167,166,196,98,143,187,130,13,18,35,7,6,7,7,5,15,113,127,123,166,123,121,123,127,127,117,118,123,123,126,125,126,126,123,122,121,130,98,88,88,127,126,126,128,123,126,126,107,126,126,125,122,122,141,122,107,142,177,170,152,123,205,193,141,33,150,117,115,113,118,126,115,111,112,113,112,112,111,112,111,87,113,112,113,116,123,111,115,117,117,118,76,123
161,156,155,146,136,162,163,163,162,163,163,163,162,163,163,163,166,163,165,166,165,165,166,186,173,177,83,157,76,153,72,156,61,168,80,168,146,168,167,168,168,170,97,76,105,118,95,157,91,148,86,133,110,62,102,86,116,73,117,121,73,178,177,177,176,176,175,175,175,176,176,175,173,173,172,172,173,172,172,172,172,172,172,172,171,172,171,171,172,171,170,171,170,170,168,170,170,168,167,168,168,167,167,167,167,167,166,166,165,198,196,41,172,165,166,163,165,163,163,163,163,162,162,116,128,121,183,125,123,125,127,128,121,121,123,122,125,123,125,126,122,121,120,130,108,91,88,127,123,116,181,190,103,106,126,175,161,148,121,192,208,205,205,200,203,203,205,203,188,101,113,46,152,120,116,116,116,123,118,115,113,115,113,115,116,113,113,72,116,115,120,120,127,117,120,121,118,122,82,125
165,166,170,153,145,162,162,162,162,162,163,165,163,162,163,163,165,163,165,165,165,166,165,168,171,168,81,163,81,162,75,167,65,171,52,171,145,171,168,170,168,167,101,77,106,105,97,141,96,150,93,131,113,62,73,76,116,95,116,117,68,175,172,173,173,173,172,172,172,172,173,172,172,172,173,173,172,172,172,172,172,172,172,171,171,171,172,172,171,171,170,168,168,170,170,170,170,168,168,167,167,167,167,166,166,165,166,163,165,200,157,165,163,165,163,165,163,163,162,162,165,162,162,113,126,123,162,123,121,123,127,127,117,113,126,115,117,120,197,196,175,128,107,115,111,195,205,196,200,203,208,201,200,206,190,197,205,202,203,203,206,207,206,201,195,186,195,192,161,122,127,41,150,118,120,115,115,118,118,112,112,122,118,117,121,116,116,52,120,117,122,120,128,121,121,122,120,125,86,126
168,167,163,162,153,151,161,161,162,162,162,162,162,162,162,163,165,163,163,165,165,165,165,158,171,165,76,170,77,167,72,168,71,173,72,172,145,171,170,168,171,170,115,80,106,88,96,112,98,150,106,126,111,71,90,88,112,110,112,116,67,173,171,172,172,173,172,171,172,173,175,176,175,173,173,172,172,172,172,172,172,171,172,172,171,171,170,171,171,170,170,168,168,168,170,168,168,167,168,167,167,167,166,166,166,165,165,163,165,195,156,165,163,163,162,162,162,162,161,161,161,161,161,112,121,197,142,198,126,126,121,185,205,203,198,200,191,192,202,196,187,190,201,191,188,196,201,195,200,201,203,202,198,200,173,198,201,162,148,158,118,113,113,126,121,120,128,117,102,118,116,37,146,118,115,115,112,102,115,112,110,115,113,113,120,118,115,13,116,123,123,122,126,122,122,121,121,123,80,125
66,156,150,136,153,158,162,162,161,162,162,163,162,163,162,163,163,165,163,165,166,161,166,158,168,165,77,171,75,171,68,170,70,172,63,172,145,170,168,170,170,170,145,78,111,85,98,93,98,152,92,123,110,76,115,76,115,111,106,118,67,172,171,172,172,172,172,210,155,127,131,132,131,132,131,133,133,133,132,132,132,135,133,101,140,117,106,211,107,185,132,130,168,168,167,167,167,167,167,166,166,166,165,166,163,165,163,165,163,191,153,163,163,162,162,162,161,161,161,160,162,161,160,196,193,197,186,206,205,206,205,192,201,201,198,202,195,195,198,202,196,125,118,115,107,120,118,122,123,125,126,125,123,125,107,127,126,127,127,127,126,126,117,121,125,121,115,120,102,122,120,33,145,121,115,115,116,81,115,111,113,118,116,113,112,113,113,31,118,122,121,123,127,121,121,123,123,122,71,127
60,133,162,113,147,147,161,161,161,162,162,162,162,162,162,163,163,163,163,165,123,130,135,166,171,162,76,172,67,168,68,172,67,176,67,172,146,168,167,167,167,167,148,75,113,76,102,80,88,152,83,108,107,83,131,68,113,111,92,117,68,171,172,171,171,170,170,173,176,133,135,135,136,135,136,136,136,137,132,137,137,137,138,198,101,185,121,208,122,127,137,136,168,167,167,167,167,167,166,165,165,165,165,163,163,163,163,163,162,193,158,163,161,161,161,161,161,160,160,160,160,160,158,190,130,118,115,115,127,140,125,117,115,121,123,126,123,125,122,123,121,123,118,126,152,125,123,126,125,123,122,123,122,123,107,123,123,126,128,127,122,123,120,125,125,122,117,118,106,121,123,56,146,117,117,116,118,57,117,116,116,117,121,117,117,120,121,76,122,121,120,123,128,122,123,125,87,86,80,87
177,176,181,177,145,153,161,161,161,162,162,162,163,163,162,162,162,163,163,166,126,138,111,167,170,165,72,171,61,171,57,168,68,171,66,171,143,168,167,168,167,168,150,70,127,75,115,75,92,148,80,81,110,96,131,73,112,115,71,116,82,171,171,168,167,168,167,178,182,133,125,127,136,140,138,138,138,137,136,140,141,143,143,143,145,142,143,143,145,138,140,137,167,167,167,166,166,166,165,166,166,163,163,165,163,163,162,162,162,193,162,161,160,161,161,158,160,160,160,160,158,158,160,117,117,120,191,121,115,115,115,113,121,118,121,121,121,120,122,123,118,118,118,126,150,123,122,123,125,120,123,125,125,125,112,125,122,128,130,127,126,125,121,125,125,121,120,117,105,120,121,72,146,117,117,118,120,38,116,118,118,121,120,117,117,116,120,106,123,123,122,91,88,85,85,87,86,83,91,82
71,101,178,160,127,155,161,160,161,161,161,162,162,162,163,162,163,162,162,166,137,145,113,168,168,170,92,170,71,168,63,171,61,171,61,168,145,167,167,167,168,168,145,83,136,85,125,85,101,150,93,73,112,110,130,71,116,122,61,121,78,170,167,215,216,203,197,197,195,166,198,148,128,160,147,177,170,173,182,181,180,176,168,161,157,148,140,126,136,140,160,161,181,191,190,191,165,165,165,165,163,163,163,162,162,162,163,162,161,193,165,162,160,158,160,158,158,158,158,158,158,158,160,115,117,120,193,121,113,116,115,113,121,120,121,122,121,122,125,125,121,120,117,126,142,123,122,123,122,122,123,123,122,122,121,123,122,128,128,127,125,126,121,123,125,120,120,116,107,113,118,95,141,116,117,115,120,32,118,116,117,121,111,118,116,118,118,123,123,123,120,81,76,82,68,75,66,83,73,90
21,80,175,155,125,128,161,161,161,161,161,161,161,162,162,163,163,163,165,138,140,136,112,170,168,167,142,171,112,168,97,168,76,168,60,167,145,168,167,156,167,167,142,78,147,96,143,92,118,151,101,76,111,113,106,77,113,122,57,122,78,123,142,156,146,205,155,196,195,123,176,156,122,180,72,187,121,96,87,130,123,125,101,76,98,67,83,186,100,168,121,122,140,121,178,118,165,165,165,165,165,163,163,162,162,161,161,161,160,192,163,161,158,158,158,158,158,160,158,158,157,158,158,113,118,120,193,122,115,115,115,113,121,117,121,121,122,121,123,125,122,118,116,123,143,123,120,122,122,120,122,122,121,123,131,123,122,128,128,126,123,126,121,123,123,121,120,117,111,115,115,111,141,106,87,76,73,41,143,148,110,141,101,145,147,148,152,118,143,123,122,128,102,147,146,145,146,141,130,146
21,78,168,141,118,125,162,160,160,160,161,161,161,161,161,161,161,161,162,155,138,138,111,166,168,170,155,170,142,168,122,167,101,170,91,166,146,173,122,198,117,111,142,70,147,105,156,91,128,148,105,78,107,106,102,71,115,112,63,120,80,125,111,215,210,206,177,193,192,135,175,127,105,143,120,181,145,151,158,173,176,186,190,190,191,193,192,196,193,192,193,192,193,193,167,176,163,163,163,163,163,162,162,161,161,160,161,160,160,193,155,160,158,157,157,157,156,157,96,67,57,120,138,111,118,117,188,122,115,113,115,112,122,120,122,122,120,120,123,122,125,122,115,121,133,123,120,121,121,113,122,122,122,121,142,123,122,121,126,125,123,123,120,121,121,117,115,113,110,145,147,100,132,72,70,67,65,62,66,70,70,73,71,86,102,120,128,128,143,152,147,147,143,141,146,146,142,141,132,145
146,157,160,163,120,121,117,160,158,160,158,160,160,160,161,161,161,161,161,162,146,136,115,166,170,168,163,171,157,170,156,170,151,170,148,163,145,86,196,121,140,146,131,67,146,98,156,101,131,150,105,81,110,105,98,70,115,96,66,118,73,132,121,167,125,206,183,192,195,133,150,91,98,143,86,188,93,72,123,148,121,120,122,140,128,78,91,188,110,155,102,108,170,130,175,120,162,163,162,161,162,162,162,160,160,160,160,160,160,187,185,172,160,156,156,156,157,157,90,96,108,158,186,112,105,110,181,111,101,108,111,112,113,113,111,112,127,118,131,117,172,131,170,202,142,126,126,140,126,107,115,111,110,110,141,121,121,165,161,150,127,133,116,120,131,160,116,127,131,207,200,140,141,138,137,142,145,135,143,142,143,142,142,142,145,143,146,123,133,137,138,137,138,133,136,135,133,133,126,135
65,75,141,168,91,92,108,160,158,160,158,163,158,160,160,161,160,161,161,160,150,147,133,166,172,172,168,170,165,170,165,170,163,168,162,158,143,126,191,130,152,153,101,60,145,85,155,71,137,145,107,76,113,97,138,53,113,78,66,118,63,100,103,181,148,203,167,176,157,107,131,162,85,111,101,156,101,110,115,157,125,118,127,166,133,143,151,166,163,167,172,170,180,176,168,175,162,162,161,162,161,161,161,160,160,158,158,158,158,188,186,177,177,183,178,182,172,175,181,171,182,175,188,192,197,191,202,200,203,205,202,205,202,197,191,198,195,191,196,198,200,207,193,202,203,205,206,202,205,187,208,207,206,202,192,200,206,206,207,202,205,206,206,208,202,207,205,205,193,190,195,142,135,133,138,141,145,128,137,140,137,141,133,137,140,138,141,123,133,141,136,136,137,135,135,131,135,132,130,131
138,55,120,160,86,98,96,108,125,160,153,168,152,117,160,160,160,158,160,151,151,112,117,162,170,168,163,170,163,168,163,168,163,170,167,153,146,116,182,112,146,171,83,67,146,80,141,68,142,142,123,78,113,81,135,56,112,67,85,118,65,98,91,148,93,206,177,176,168,81,92,138,103,72,111,163,110,126,112,173,71,66,110,181,117,57,41,156,83,85,128,151,173,102,143,118,161,161,161,160,160,160,160,158,158,158,158,157,157,191,190,180,187,185,188,186,182,181,185,185,186,187,188,197,200,190,192,198,197,200,198,201,202,200,191,198,195,188,193,196,195,202,195,195,190,193,195,181,205,190,202,202,202,201,183,190,198,201,200,200,202,200,200,201,201,201,197,196,173,176,138,121,146,106,112,116,116,110,125,125,126,125,110,125,122,125,125,115,127,131,133,136,126,123,128,132,132,132,118,127
153,53,91,140,86,93,91,118,82,98,83,160,115,111,148,150,148,150,152,146,148,115,132,167,170,171,166,168,166,168,166,170,167,170,166,146,145,132,155,140,140,147,80,80,147,75,122,60,145,137,138,83,115,72,137,63,115,57,102,118,68,136,100,152,122,205,163,152,168,96,133,103,105,77,105,167,106,110,93,170,100,96,113,173,110,92,93,155,107,111,110,146,168,110,138,118,160,158,158,158,158,158,158,156,157,158,157,156,156,191,181,95,80,153,153,152,152,152,150,148,147,148,185,110,110,111,102,121,108,118,113,108,103,107,112,110,111,105,110,112,106,103,100,103,111,115,113,115,115,91,115,113,116,115,108,122,121,112,116,115,115,115,115,116,116,116,113,112,107,108,115,112,146,100,106,106,95,76,97,98,95,91,55,116,112,101,97,66,77,80,77,65,67,62,63,66,66,71,63,80
148,101,108,123,81,82,90,128,130,166,167,166,176,162,191,143,163,168,167,150,137,136,143,162,168,170,167,170,165,167,166,168,166,171,167,135,148,138,68,143,53,106,93,112,146,77,108,66,141,130,146,82,70,47,80,63,117,40,110,117,72,123,92,107,127,206,151,155,167,111,135,100,135,51,93,166,115,120,108,172,103,105,107,172,96,102,58,160,82,115,88,143,170,102,140,120,155,153,153,152,153,153,152,152,152,151,152,152,152,185,60,155,151,151,150,151,150,150,150,148,148,150,150,98,106,98,107,106,83,102,101,101,100,101,101,97,101,103,102,101,96,100,91,103,95,102,101,101,101,122,110,95,103,107,98,95,93,82,97,100,108,110,112,96,92,100,108,107,101,106,118,100,148,90,96,90,81,80,88,91,90,91,70,95,96,95,95,52,82,81,82,73,78,71,88,87,78,75,76,80
176,105,107,143,150,107,106,95,123,112,188,130,133,128,166,112,113,173,110,163,140,121,130,163,170,170,166,168,166,168,168,170,167,171,167,127,146,137,90,142,175,176,100,126,141,98,88,46,128,128,147,78,60,41,103,68,116,65,115,106,71,98,97,132,161,206,146,125,171,103,141,83,137,78,106,167,115,131,95,167,113,83,101,170,106,93,91,156,100,120,122,143,168,118,137,138,141,121,133,136,145,137,117,121,118,122,137,115,122,188,153,122,126,123,132,133,132,135,140,130,125,125,123,87,98,85,86,87,72,85,88,88,83,88,88,81,87,88,88,90,83,87,81,97,85,97,96,96,95,150,92,92,95,95,81,92,91,81,93,95,95,96,96,86,81,83,92,90,102,107,110,93,148,78,75,78,78,83,87,87,87,92,83,87,88,87,86,60,81,75,73,73,71,81,72,68,80,77,85,77
171,91,92,96,91,96,87,90,113,147,185,131,92,102,111,118,155,103,118,161,118,96,128,162,171,171,166,170,168,168,168,170,171,170,170,123,145,135,172,166,158,160,108,145,142,127,77,85,103,126,147,77,75,47,126,91,116,85,113,87,61,72,116,158,188,207,142,105,166,128,136,76,148,80,71,165,98,156,70,163,63,122,107,171,136,163,152,155,172,165,180,173,165,158,137,145,126,148,58,107,142,110,152,115,93,87,110,115,116,190,150,118,121,113,112,115,120,122,120,113,113,111,112,77,92,76,67,81,68,75,80,83,87,80,78,71,81,81,82,81,76,73,66,85,76,85,82,87,88,165,85,85,87,88,82,88,82,71,77,85,82,87,85,95,80,80,90,90,108,112,107,90,131,75,70,77,67,86,77,77,87,83,87,87,76,78,81,70,80,76,75,78,73,70,86,77,82,87,87,76
162,75,51,70,73,112,78,101,118,158,181,131,137,151,161,135,162,167,130,157,116,107,136,162,168,168,168,170,168,167,167,168,166,168,167,122,142,135,177,177,176,177,118,152,138,133,61,101,88,123,133,62,113,50,143,73,118,103,106,76,56,52,140,171,196,207,150,81,165,131,151,81,155,90,100,165,108,167,101,163,106,110,121,171,140,161,153,158,155,153,140,146,161,87,136,138,136,150,92,56,101,116,112,92,103,131,133,93,117,191,151,120,112,115,125,112,120,115,111,117,115,113,112,73,92,72,80,78,57,97,77,76,75,72,68,68,76,80,82,78,70,73,63,95,73,88,86,82,82,175,81,78,78,81,83,76,85,63,82,80,81,82,78,76,77,80,78,88,108,113,102,78,116,71,85,66,63,82,76,76,76,80,92,78,82,77,78,68,73,93,88,83,85,62,75,88,87,82,91,70
152,91,65,63,88,110,80,116,91,148,193,148,135,106,133,98,105,118,147,130,132,116,143,163,167,171,168,170,167,167,166,166,165,163,162,123,145,131,123,162,156,175,120,151,132,146,56,130,72,120,125,55,115,53,145,72,120,110,96,65,61,68,151,206,208,208,137,75,168,136,122,71,170,48,65,167,117,187,105,162,166,166,173,162,162,170,126,162,88,113,97,127,167,106,140,146,158,160,121,135,102,86,102,90,108,108,157,96,123,192,157,136,122,121,117,116,122,123,106,115,120,117,122,202,200,200,163,107,116,116,121,125,131,121,126,121,126,125,118,97,60,51,66,88,66,83,81,75,72,181,70,71,78,83,78,82,86,61,71,70,71,81,85,75,81,76,78,85,110,106,97,73,108,66,63,60,60,73,72,75,82,80,120,80,80,75,77,67,71,80,80,93,86,76,66,76,68,71,96,67
158,171,172,81,87,90,86,120,96,170,101,111,106,138,102,163,115,140,146,120,123,175,188,163,170,168,168,165,163,162,158,156,150,141,130,125,142,125,96,120,127,173,135,135,128,147,53,143,66,118,101,70,106,70,143,78,120,112,62,53,57,57,191,186,210,207,162,97,168,161,157,85,173,100,101,167,100,183,108,163,147,150,157,158,136,146,95,152,132,108,73,112,163,92,136,151,67,71,120,81,157,102,160,140,158,55,86,171,125,188,155,115,108,118,131,125,122,131,121,115,106,112,113,193,198,205,201,203,186,206,205,205,206,198,200,202,202,193,200,205,202,196,182,196,197,190,156,141,171,120,183,195,190,183,171,113,113,113,113,108,101,83,76,65,68,71,73,80,108,87,90,57,111,67,60,52,56,73,71,72,75,75,81,81,78,77,67,62,68,73,100,72,73,65,88,83,77,73,93,72
123,160,182,163,162,166,72,86,132,176,107,113,118,110,102,128,148,156,146,161,167,156,153,163,168,167,165,163,158,151,146,133,112,91,70,123,142,146,152,152,165,166,135,121,123,143,52,153,60,122,82,71,53,78,146,88,122,115,45,65,66,82,200,207,207,207,171,80,170,168,120,81,171,53,56,168,128,181,173,157,162,150,97,155,101,173,115,167,103,82,105,115,163,126,137,145,90,92,60,52,155,117,160,142,157,87,106,170,118,192,161,125,127,113,103,130,122,111,121,93,125,196,142,68,93,83,111,135,141,132,115,131,126,121,168,206,201,195,201,202,202,200,188,205,203,202,200,195,201,182,202,195,203,201,197,203,201,188,205,201,202,205,206,206,195,145,111,141,135,132,121,51,88,56,57,57,51,71,70,67,66,72,76,65,65,68,65,66,66,68,70,70,65,57,68,68,62,60,66,73
92,172,183,176,181,151,122,91,142,181,106,106,131,133,148,155,155,156,151,155,153,152,146,163,167,163,162,152,141,122,108,98,82,66,61,120,140,112,112,146,173,100,132,95,125,120,47,157,35,122,58,63,55,91,147,81,123,108,58,90,90,58,205,192,210,206,197,87,166,173,158,95,170,103,103,173,118,171,152,163,156,151,136,152,125,178,128,161,120,41,66,95,157,88,140,150,55,81,92,40,153,52,158,138,152,117,137,170,95,190,155,100,122,95,116,115,107,115,107,211,207,208,171,101,82,85,62,85,58,86,75,75,83,85,88,98,98,95,103,107,80,110,123,156,177,138,116,121,115,158,196,188,193,191,191,195,197,186,198,200,201,197,203,208,200,203,201,195,207,165,146,65,48,72,87,66,72,76,83,83,73,66,75,66,66,67,61,56,60,62,60,66,78,72,66,66,67,73,78,73
108,172,176,123,162,176,173,86,87,87,106,102,128,87,150,157,156,156,153,155,153,151,147,163,167,155,150,137,122,98,75,67,66,67,57,125,141,121,130,97,153,121,127,73,121,107,81,148,65,125,66,67,95,103,143,71,123,100,60,95,106,142,205,207,207,201,200,47,165,170,165,117,166,102,128,175,165,178,156,157,123,148,95,156,112,180,97,167,112,133,153,162,158,166,132,146,98,138,73,58,152,106,157,143,148,126,141,167,110,187,178,155,81,98,122,110,116,107,51,96,213,208,37,76,91,85,51,67,38,76,67,73,87,90,81,82,90,82,92,100,90,86,113,96,83,90,83,73,88,167,86,77,87,105,83,85,111,121,128,123,116,113,127,128,156,148,187,202,182,197,203,120,47,51,83,55,58,63,72,72,73,68,72,63,67,61,62,52,63,65,66,62,76,22,77,76,66,67,92,81
210,153,158,150,193,192,206,93,98,88,107,96,75,102,147,58,67,57,50,65,63,50,70,162,170,148,128,107,82,52,61,62,61,63,56,121,137,78,105,101,143,133,118,48,121,83,66,128,45,120,66,55,117,130,148,138,120,73,68,112,111,52,203,208,191,195,202,97,162,162,152,108,162,106,97,178,138,173,167,155,112,155,87,158,117,180,53,166,100,113,120,63,160,70,138,156,125,137,95,48,150,61,157,141,150,52,138,162,158,190,173,185,155,180,101,92,107,102,105,87,208,206,112,57,87,82,53,71,50,97,95,100,118,90,77,86,90,91,93,93,76,83,123,95,78,83,75,75,72,163,68,75,75,65,56,70,72,115,80,73,60,66,66,68,72,73,67,75,145,187,201,155,63,63,81,72,70,78,73,73,67,65,71,62,67,72,68,68,63,66,66,67,68,27,53,52,57,80,80,47
197,157,158,147,158,173,148,92,85,76,68,96,88,87,128,138,133,90,87,86,86,87,80,162,166,127,102,71,175,86,55,56,57,63,62,121,135,118,75,100,142,125,87,33,118,60,81,103,53,117,56,62,147,106,103,102,102,56,131,96,92,92,205,205,206,186,202,57,166,162,108,87,153,118,117,176,158,151,127,157,111,163,106,162,103,180,140,168,165,152,161,165,168,170,135,152,103,68,115,87,150,50,153,133,145,145,152,183,185,192,178,177,185,181,168,162,165,162,165,153,107,123,158,47,71,81,81,86,53,82,65,73,81,85,76,77,76,82,83,87,72,86,137,101,95,101,86,78,87,151,61,67,60,66,61,68,63,132,78,70,53,66,62,58,66,63,57,78,125,101,195,150,123,135,138,140,141,141,147,147,141,150,143,147,141,112,70,53,58,63,60,66,65,68,60,56,57,57,57,50
181,172,166,153,148,165,208,132,76,70,70,72,38,77,81,123,137,148,90,88,87,88,83,163,163,101,72,47,162,146,136,137,128,133,176,177,152,108,153,103,181,78,107,112,118,65,118,78,80,117,55,108,170,87,170,115,103,183,126,130,125,117,203,208,172,175,207,105,163,153,120,100,156,95,106,175,141,153,156,151,111,171,110,160,116,161,125,168,110,115,126,57,160,103,138,155,106,110,98,111,176,151,147,150,150,148,148,151,151,195,181,180,185,181,183,176,177,172,166,177,170,173,185,111,113,142,123,131,91,70,53,66,70,73,76,65,72,75,98,96,77,91,147,90,95,98,91,75,63,116,58,56,55,57,57,60,60,138,70,65,37,62,58,56,61,65,66,77,117,95,138,147,116,131,130,131,127,135,140,136,135,137,132,140,140,143,138,140,138,142,146,145,143,136,147,150,142,145,145,135
157,158,161,162,161,150,168,105,66,66,76,68,116,76,73,60,76,55,51,48,51,46,55,160,141,128,131,150,167,211,175,166,180,177,182,92,115,117,76,82,86,138,116,52,121,105,187,157,133,167,138,125,137,100,165,102,98,90,135,160,72,68,207,203,207,168,205,65,171,153,130,105,156,81,122,171,143,131,106,163,117,171,102,162,151,181,162,166,165,158,171,171,162,132,132,156,162,158,200,211,178,161,181,186,188,185,142,146,148,190,181,68,152,211,177,173,177,175,172,180,183,181,186,198,193,198,201,206,172,198,196,196,112,115,120,123,136,83,81,86,47,73,142,80,67,75,73,68,62,57,55,52,52,55,67,55,56,133,71,108,30,67,76,92,92,92,83,93,111,97,95,112,66,117,131,137,131,128,131,130,135,132,126,133,135,132,132,130,133,130,131,128,128,125,137,137,136,131,131,127
168,165,167,161,156,157,163,63,97,70,61,67,87,77,71,75,83,87,87,85,88,148,168,171,173,175,142,168,163,188,147,145,152,118,123,87,82,77,87,127,126,136,118,61,122,155,162,162,168,150,117,172,165,173,157,166,140,95,93,71,80,83,205,157,110,160,207,106,168,148,107,102,158,92,106,168,146,112,107,158,126,172,92,166,87,147,93,173,105,106,61,60,158,105,138,148,132,56,76,147,163,110,106,105,106,106,183,182,150,192,158,190,177,170,113,197,211,213,206,171,176,171,186,101,135,132,127,206,178,201,203,202,192,200,200,200,202,200,197,203,161,116,137,195,200,111,108,52,53,53,63,70,50,90,86,91,100,126,70,67,31,68,62,68,66,70,57,81,96,90,102,67,56,50,78,77,83,73,75,71,92,83,73,66,122,130,125,136,121,127,126,127,125,122,128,133,127,122,121,125
170,170,172,171,171,171,173,72,102,81,55,77,76,82,77,68,90,62,145,158,132,172,167,175,170,176,163,173,142,133,165,160,157,138,145,156,147,142,153,170,171,161,151,153,130,193,170,170,166,192,138,103,101,101,98,116,133,126,150,153,130,103,207,206,207,158,207,80,170,152,102,52,160,78,145,165,132,90,102,173,107,166,137,163,166,170,163,170,168,165,151,103,158,97,133,153,148,85,76,116,152,105,105,103,103,97,123,137,138,196,155,191,186,192,210,192,207,202,106,151,82,111,155,76,82,73,70,75,135,90,67,117,137,136,118,206,196,197,197,198,197,196,201,198,201,198,207,197,203,150,147,156,107,108,111,115,55,111,76,95,67,71,108,100,77,76,61,81,90,95,95,76,56,70,76,35,42,50,52,52,52,52,72,75,67,68,77,71,75,73,73,67,82,83,91,78,87,133,102,130
173,157,158,167,168,170,172,77,95,92,102,72,77,107,93,150,75,78,195,111,123,143,148,152,158,153,156,156,147,160,158,158,171,155,148,116,98,125,18,33,137,166,146,145,145,198,178,215,102,137,201,110,110,136,142,122,105,121,138,105,92,136,203,146,143,160,208,90,168,146,100,93,162,92,101,161,157,81,93,163,111,157,115,165,112,138,91,177,125,70,80,45,161,101,137,147,147,95,96,65,146,102,98,102,102,100,122,131,118,197,158,191,185,132,178,200,203,191,193,150,153,152,151,81,77,75,70,72,136,76,45,67,73,93,76,72,67,85,65,125,137,131,127,202,198,195,200,191,205,201,197,196,200,203,200,191,198,197,136,138,113,107,108,108,110,87,75,82,88,97,98,82,56,122,70,68,50,47,52,51,55,62,65,60,63,53,30,40,33,75,56,56,56,71,46,72,67,71,81,73
160,162,156,170,171,171,175,71,66,62,117,110,105,83,101,83,83,101,167,170,166,166,143,52,65,160,50,46,160,62,80,163,70,170,167,76,97,100,116,130,115,107,161,126,122,110,117,125,172,208,211,213,108,110,108,105,105,105,103,103,96,120,203,207,207,161,207,103,167,150,98,110,162,53,146,168,148,75,117,172,103,167,168,168,165,158,168,173,162,100,76,95,158,112,136,156,148,97,96,108,91,115,100,83,93,115,118,123,115,196,165,188,188,193,207,200,206,200,126,146,102,102,155,85,75,63,73,67,131,73,36,72,76,71,72,70,68,95,46,51,53,72,68,76,66,77,82,131,142,130,131,198,195,202,197,200,198,202,198,203,197,206,196,196,195,196,193,161,110,117,125,105,53,143,51,70,57,32,62,53,71,57,51,56,53,53,56,50,66,71,56,61,60,77,45,42,87,66,47,20
160,162,165,165,158,158,170,71,53,98,118,100,73,113,72,72,83,85,171,167,167,168,152,171,162,157,110,77,156,71,92,161,90,171,166,68,96,93,205,187,86,171,148,151,150,150,148,150,148,151,171,145,107,100,133,123,103,186,125,101,96,97,203,140,156,165,138,65,137,146,106,100,163,110,121,156,166,67,93,175,115,125,112,170,107,103,96,183,145,96,82,62,165,157,135,147,128,87,73,93,91,116,80,73,93,98,113,191,175,196,165,190,190,155,133,201,203,198,196,147,151,148,150,97,78,61,67,67,125,78,41,65,72,73,71,70,66,88,55,56,63,72,63,82,72,83,62,66,57,52,73,80,81,70,102,113,110,116,130,195,191,202,201,198,202,205,185,192,191,135,200,148,56,143,62,48,31,65,36,51,63,52,50,58,57,51,50,37,40,65,48,48,62,72,47,53,40,41,35,21
165,161,160,162,168,175,175,81,146,85,117,132,85,75,65,86,67,55,190,163,165,167,140,160,167,157,168,168,155,172,168,151,162,172,167,170,137,88,200,88,186,180,157,161,163,161,165,168,166,165,175,161,161,192,202,216,101,188,127,101,88,73,202,205,187,160,161,161,163,163,135,103,170,63,156,160,171,96,110,178,131,165,167,171,173,161,176,177,143,111,81,102,165,138,140,152,102,88,66,55,91,88,67,67,70,70,82,102,115,197,165,192,190,192,208,202,205,197,125,147,95,105,151,170,203,66,73,67,116,76,62,66,62,72,71,77,60,87,50,58,86,65,65,80,76,81,70,60,60,65,82,88,75,62,80,78,76,65,76,85,130,75,112,121,116,120,113,197,181,206,192,121,53,130,58,75,66,43,62,52,46,43,55,47,51,48,56,58,62,48,45,50,50,75,56,36,23,38,47,27
156,156,165,171,170,175,170,138,91,90,107,90,110,80,73,78,72,80,163,162,166,167,86,91,141,155,86,71,158,117,135,155,163,167,168,167,176,170,191,197,140,186,162,166,165,163,161,162,152,168,177,162,191,166,176,170,178,147,183,177,165,151,205,200,190,165,165,167,163,170,145,98,172,107,156,151,175,108,138,185,136,123,130,176,122,122,61,186,161,120,137,175,171,103,146,148,172,68,70,62,70,87,67,46,103,102,53,97,107,197,160,151,192,90,160,200,203,201,195,147,150,148,151,188,197,202,201,167,111,207,121,58,52,77,60,68,58,78,47,58,103,66,53,87,75,80,68,51,57,65,83,86,78,63,62,77,78,72,72,76,140,68,68,115,73,76,165,167,136,201,136,81,53,117,53,62,53,31,33,27,37,57,58,51,58,42,38,57,56,46,55,51,57,71,68,36,53,57,50,52
172,170,165,170,170,173,172,116,127,123,116,151,118,141,56,62,63,57,166,165,163,165,87,57,151,140,73,95,153,87,56,156,52,170,162,125,172,192,185,197,156,187,163,162,210,163,167,177,177,150,160,151,147,143,128,146,198,188,197,198,177,191,208,198,185,163,163,167,162,167,130,62,176,33,186,163,180,102,118,178,136,165,171,173,175,155,173,171,175,175,177,177,181,183,138,152,88,57,58,62,55,65,110,105,112,63,103,107,118,195,160,101,190,193,208,201,205,198,132,145,115,91,148,157,161,197,202,202,195,198,202,203,203,120,151,203,167,70,42,58,121,56,62,83,77,72,68,51,58,62,83,91,76,63,68,90,96,77,68,72,145,65,66,135,80,73,173,111,98,143,202,81,52,92,60,67,62,51,43,56,46,50,52,62,52,55,51,47,38,37,43,45,38,87,46,42,51,43,37,61
161,162,160,173,170,170,168,136,116,115,130,128,120,98,63,93,115,96,133,113,91,83,103,146,146,146,148,146,150,113,98,123,136,168,151,147,147,163,170,181,193,171,175,173,168,160,178,171,175,178,181,155,180,162,153,171,181,171,173,191,186,161,147,173,158,166,168,168,167,168,172,170,175,177,191,177,177,176,171,175,115,108,108,180,163,132,133,188,180,136,132,135,188,135,182,180,205,78,57,56,65,53,85,75,101,60,115,97,122,193,178,120,195,76,102,196,202,201,197,88,125,126,157,177,116,82,83,117,135,118,188,201,195,195,202,201,203,205,202,121,130,176,112,80,71,60,61,45,56,57,81,87,55,61,61,60,81,72,78,75,145,68,70,143,80,78,172,95,88,102,192,132,50,60,71,70,61,53,53,52,47,51,48,52,45,50,57,23,46,32,32,36,32,81,36,22,23,27,30,73
166,162,163,165,166,170,167,110,113,165,121,110,107,115,97,130,137,150,123,72,107,75,66,171,173,96,111,122,192,171,170,168,161,157,207,156,176,135,122,108,142,163,182,180,168,160,166,171,191,168,186,178,170,168,175,145,175,175,161,168,176,181,185,181,153,178,165,51,23,62,113,103,190,112,160,101,76,77,56,171,162,141,166,156,215,216,161,156,195,200,145,146,151,155,161,192,157,110,81,75,65,135,93,95,85,101,117,117,93,192,181,176,95,147,162,178,186,201,90,102,45,77,161,170,156,85,71,71,37,63,86,77,103,131,126,192,198,197,196,197,205,205,203,202,167,117,198,171,98,46,66,76,56,53,56,58,82,77,82,77,127,68,73,142,85,83,165,92,85,100,138,201,47,47,47,62,38,52,37,58,40,42,52,47,47,33,43,46,41,38,30,32,40,81,42,48,27,40,35,75
156,160,160,165,168,165,165,76,123,126,78,122,103,113,87,101,125,145,166,70,106,68,63,80,141,90,72,90,202,213,162,110,132,165,211,215,158,176,175,173,176,176,185,168,132,143,146,148,145,112,123,133,125,66,132,141,165,150,161,166,160,156,186,191,191,208,181,171,77,102,211,217,217,208,87,50,103,78,133,152,150,155,156,155,148,186,181,127,167,171,173,136,156,73,41,157,173,143,86,68,71,111,105,117,102,72,95,92,92,195,183,182,186,177,175,172,163,166,110,86,107,91,108,168,147,83,66,67,41,72,111,65,60,61,40,56,67,73,112,115,112,198,196,202,201,202,201,202,198,202,120,123,113,116,83,55,60,80,68,56,92,53,65,145,78,73,162,81,78,100,96,193,101,70,100,106,80,81,66,53,28,28,41,32,30,32,38,17,30,35,25,33,21,72,32,21,35,46,45,72
158,162,163,167,165,165,166,66,131,62,70,96,110,112,118,136,125,173,133,118,93,72,67,65,61,68,96,125,208,145,215,160,172,178,216,215,161,176,176,177,176,177,147,193,88,15,113,3,2,2,2,25,2,47,51,155,141,128,150,153,188,173,162,150,170,177,167,205,127,150,117,141,120,95,61,71,63,87,122,180,176,182,187,192,72,83,186,163,58,93,193,138,135,87,150,112,168,156,87,72,103,108,108,80,82,112,116,118,112,195,188,188,187,186,182,180,175,176,171,163,111,98,92,158,127,71,63,60,53,68,142,63,50,61,40,55,51,66,76,53,100,60,76,198,192,113,197,196,193,200,195,202,188,205,202,196,137,147,203,150,91,55,48,123,65,63,153,72,71,98,97,173,107,126,136,141,145,138,55,61,71,70,61,61,67,71,56,22,11,35,25,30,25,67,27,35,57,38,27,73
163,160,160,172,170,167,165,90,127,73,72,91,110,117,116,122,145,157,143,172,121,65,97,133,111,125,92,87,171,215,146,213,155,162,216,213,157,172,178,182,185,186,165,190,170,101,136,160,171,166,190,191,190,171,163,167,162,170,153,168,145,165,162,165,167,171,172,178,148,173,147,143,101,81,78,68,177,180,203,211,85,142,190,197,90,157,190,190,101,163,196,136,132,67,48,118,165,137,70,90,120,117,105,111,86,72,111,81,92,196,188,72,200,166,183,181,182,181,180,177,180,175,185,151,165,78,57,55,47,68,158,86,36,56,11,52,20,70,96,62,91,80,76,87,76,97,86,118,120,152,118,200,191,196,198,190,201,205,200,201,198,191,145,115,131,106,153,131,60,90,95,121,108,127,130,132,135,133,133,136,137,141,141,141,127,56,65,62,73,70,63,63,67,68,55,47,46,47,25,71
157,156,158,167,163,160,160,127,125,60,92,155,147,112,113,118,70,112,127,141,81,100,107,106,111,75,105,146,212,137,215,170,217,156,216,206,161,177,173,143,100,97,98,207,168,185,155,185,165,165,182,186,180,182,202,183,193,188,185,178,183,202,158,163,161,175,170,157,141,150,195,140,122,131,83,58,186,216,176,178,181,117,187,188,166,102,191,187,161,86,197,132,130,92,65,111,158,123,110,121,110,83,81,111,115,115,71,102,93,192,161,43,196,193,207,168,202,151,178,175,183,188,183,177,190,112,117,115,56,63,173,66,31,51,35,61,47,67,131,57,48,61,63,88,88,78,75,137,65,63,68,81,153,111,130,125,166,201,202,203,202,202,198,200,196,192,197,191,137,127,97,170,71,127,127,135,138,135,136,133,138,132,138,130,126,131,128,135,140,140,145,110,50,61,66,61,60,61,58,68
161,161,162,165,157,165,168,107,102,68,58,82,21,142,135,73,147,107,165,121,105,76,102,101,60,78,88,160,151,215,141,216,135,216,216,201,161,175,116,203,165,171,171,161,133,135,141,150,140,137,147,190,181,177,180,182,162,181,183,182,180,181,183,191,128,135,137,143,143,145,146,141,152,162,92,98,192,208,173,182,213,116,183,185,120,95,193,191,95,118,197,110,120,167,116,130,197,133,91,121,77,123,98,106,95,118,105,108,88,193,161,96,197,140,108,173,197,200,191,138,162,177,187,176,200,190,193,198,198,127,133,143,70,60,20,51,46,67,141,60,26,72,41,87,92,68,61,136,56,72,67,76,143,95,76,63,65,97,113,118,127,143,205,193,196,197,187,201,202,181,175,197,55,115,87,82,77,78,142,133,132,133,136,127,127,132,132,133,132,130,138,137,133,126,136,136,143,140,86,60
156,153,155,160,162,162,163,126,111,97,50,107,120,126,107,118,176,118,105,111,98,86,140,96,112,130,132,185,215,148,215,141,215,136,216,196,165,182,150,197,172,176,171,176,180,181,183,182,180,173,186,170,133,127,145,138,140,141,141,138,145,156,145,97,96,90,122,106,176,95,101,105,101,110,98,168,172,155,173,176,175,176,187,118,126,78,131,123,117,120,125,158,122,131,97,113,106,96,98,88,77,91,103,125,122,110,121,93,85,192,162,106,195,192,202,165,200,197,198,138,66,106,148,187,68,140,121,198,203,202,186,203,185,186,156,136,75,55,152,42,16,55,53,63,92,67,55,130,56,57,60,58,123,90,72,75,63,55,70,92,52,55,57,56,123,140,131,167,200,175,177,175,52,137,43,47,41,43,58,87,86,127,70,70,147,138,125,132,133,130,138,136,137,126,131,131,136,131,137,118
111,107,155,115,97,136,117,157,123,107,140,95,116,113,113,107,5,116,105,185,96,91,122,111,106,115,98,195,147,216,158,212,145,215,216,192,163,177,172,208,167,168,172,182,117,135,128,133,137,118,80,91,95,105,105,142,112,121,115,107,108,106,106,106,102,107,97,97,153,142,142,173,175,172,173,176,176,176,113,78,58,190,185,110,117,95,128,118,126,113,123,147,127,90,106,97,107,105,91,80,86,82,77,78,90,105,133,123,96,192,166,92,198,168,112,157,195,196,196,145,90,168,151,158,105,101,67,72,75,136,120,202,183,197,200,201,202,197,106,188,102,55,61,128,93,73,61,113,60,61,86,53,97,78,75,63,61,68,67,76,56,50,51,16,48,45,37,61,71,198,93,57,51,143,25,36,30,31,11,18,30,45,46,55,53,83,57,70,72,65,146,130,123,123,133,125,138,136,140,116
110,102,108,78,103,70,101,106,116,110,97,85,132,120,105,101,111,118,115,132,103,96,120,111,103,81,68,196,215,153,215,150,213,148,216,190,161,182,47,210,173,172,177,183,95,126,107,105,100,101,98,101,112,108,101,150,137,142,123,107,122,116,115,117,113,103,96,97,100,105,152,111,7,2,2,2,2,2,85,45,67,95,183,168,170,186,107,71,112,96,110,76,81,52,117,81,121,105,72,93,132,56,83,85,77,81,70,73,62,197,168,121,210,208,207,142,198,198,200,145,97,100,150,97,70,68,81,86,92,102,98,52,125,131,118,198,188,201,196,202,205,202,115,117,118,67,63,92,86,58,72,55,82,61,75,52,58,60,63,63,61,53,50,40,50,42,42,48,47,141,71,62,53,146,25,33,21,25,23,30,36,26,25,41,30,30,33,26,47,55,57,77,65,62,105,71,138,126,125,120
71,72,115,113,102,92,86,96,98,67,36,91,58,106,156,101,103,97,118,181,105,116,92,62,85,105,123,195,157,215,175,213,175,210,216,192,161,176,172,208,175,175,181,162,81,96,102,110,107,105,105,97,107,103,101,127,138,182,153,98,100,107,130,108,108,120,102,100,101,100,101,182,120,32,36,76,107,112,118,123,135,156,172,166,177,172,165,210,182,138,70,103,80,48,107,111,96,96,78,113,105,76,55,65,57,40,63,123,128,197,168,86,137,100,111,173,205,207,210,150,115,96,177,180,58,70,68,68,52,60,85,85,126,63,90,70,108,131,112,198,202,196,203,200,203,206,127,191,110,90,68,78,57,96,73,61,57,51,57,62,65,57,51,31,50,55,45,47,52,81,161,63,46,143,18,6,2,2,2,17,16,17,15,18,22,32,32,33,60,41,58,71,95,103,93,88,60,63,71,66
92,103,101,98,83,90,83,87,102,83,183,192,166,50,108,103,101,106,108,112,121,87,88,107,102,91,101,206,216,185,213,160,208,212,210,191,163,181,63,207,172,172,167,200,161,122,125,83,78,165,176,160,176,117,120,115,120,121,125,148,140,100,102,103,115,115,108,102,113,108,110,107,110,182,151,127,115,113,118,122,122,120,125,126,127,123,166,173,173,176,208,126,100,120,113,72,98,85,97,70,92,71,40,40,68,45,98,98,121,196,168,88,100,146,203,180,206,211,205,171,88,93,165,107,78,71,71,63,70,73,75,60,132,57,116,83,120,100,105,65,60,135,122,193,195,202,201,205,206,205,126,135,125,93,70,50,62,57,71,68,60,50,53,76,78,68,45,72,51,73,205,72,47,145,3,23,20,2,20,10,27,12,10,25,23,30,16,26,68,46,52,70,97,106,36,55,123,72,72,68
103,78,82,96,81,66,70,61,70,93,156,161,107,100,111,113,100,108,96,110,115,93,95,77,62,45,105,187,148,216,198,213,213,181,216,190,167,175,172,207,171,162,161,153,146,206,122,168,172,171,167,178,176,143,140,122,115,115,116,156,183,162,148,125,111,105,118,116,100,105,102,105,105,103,167,176,130,133,137,145,113,112,121,122,121,121,122,125,130,145,167,167,158,167,163,177,210,132,91,77,43,75,18,45,67,57,101,98,123,192,162,81,87,73,158,206,205,201,207,177,107,102,163,177,116,107,87,71,66,75,73,65,135,50,126,66,135,55,70,50,46,53,132,81,63,142,131,191,195,203,206,206,200,198,178,108,173,110,58,71,70,83,46,40,56,51,50,42,47,67,187,60,43,145,3,17,2,2,2,10,37,2,2,25,18,16,25,18,78,46,51,56,103,111,88,85,86,77,73,71
41,103,101,65,80,62,98,67,86,70,73,187,120,172,117,56,82,206,108,100,101,93,86,140,55,68,95,198,213,96,206,195,180,216,216,192,140,146,130,208,168,168,172,153,157,190,155,172,170,162,178,180,210,162,120,117,115,116,122,116,116,118,181,153,135,103,116,131,132,137,140,143,143,142,130,125,170,171,170,160,143,186,106,110,110,107,111,113,102,92,167,157,162,168,163,166,170,168,42,48,70,68,95,85,27,100,80,118,116,195,175,162,142,88,141,141,135,203,205,191,168,126,100,72,176,201,205,131,132,78,63,57,137,60,150,66,138,71,57,50,47,55,126,88,68,57,97,92,101,126,117,206,201,203,203,206,203,206,207,113,198,136,65,50,61,60,57,56,56,65,126,136,40,142,2,2,2,2,2,10,83,2,2,25,15,16,41,62,71,91,90,130,88,107,83,78,52,72,72,73
57,60,90,63,71,80,57,61,62,68,51,98,117,185,115,108,101,196,107,106,102,67,78,146,56,78,95,202,203,216,197,211,216,106,216,192,160,190,200,208,168,170,158,137,148,173,112,162,170,172,177,176,210,148,172,167,165,120,117,115,123,122,115,136,152,162,165,163,168,137,141,153,160,167,152,98,142,126,127,106,155,156,161,158,171,167,163,172,173,171,152,170,170,172,171,172,136,60,83,106,40,52,75,61,45,71,92,112,82,196,171,185,107,161,178,180,157,132,85,117,78,57,118,93,130,193,202,200,203,205,120,195,106,70,157,62,128,78,50,50,62,55,121,105,63,52,58,48,62,63,65,71,102,122,127,200,201,197,203,206,205,211,207,107,112,115,111,61,65,70,100,187,33,141,2,2,2,2,17,10,80,2,2,2,2,18,55,58,97,60,112,92,63,96,37,60,41,75,72,72
62,96,68,66,71,61,61,60,52,66,82,126,113,125,123,121,112,103,156,105,95,78,75,110,78,103,106,203,208,108,201,213,121,216,216,190,176,178,201,207,168,170,143,152,146,160,146,166,172,172,172,167,151,65,206,127,156,130,132,126,123,122,115,108,112,113,187,108,202,101,147,170,163,161,168,167,172,171,170,168,158,171,172,172,175,175,135,10,181,27,30,40,100,175,91,75,96,123,90,21,18,92,62,37,76,51,118,126,90,195,177,178,188,180,178,163,166,146,111,101,41,77,136,152,105,72,68,126,192,205,198,202,195,182,123,116,123,58,26,51,50,45,113,113,66,57,53,58,62,71,60,60,51,68,70,66,76,125,111,201,201,205,205,201,205,210,211,152,142,106,110,183,8,140,20,2,2,2,18,10,38,2,2,3,2,18,57,57,97,65,60,60,57,100,67,70,78,75,73,73
63,65,56,55,62,68,92,126,121,120,106,118,157,107,148,112,123,103,168,162,88,87,76,178,76,142,118,160,207,216,197,198,216,108,216,183,157,176,207,207,165,161,122,197,153,153,192,170,172,171,172,171,135,107,202,155,210,136,108,121,136,175,158,166,165,163,162,162,175,168,171,150,175,175,171,171,172,85,70,6,31,35,2,176,2,16,6,67,175,62,75,78,86,172,103,116,167,165,71,11,56,97,85,31,65,61,122,108,91,196,181,185,183,190,177,173,173,161,92,107,103,121,118,155,98,40,80,73,70,63,131,150,193,203,201,201,202,123,185,47,52,46,97,127,66,52,61,61,55,51,53,68,67,71,65,55,57,75,68,92,81,160,113,201,200,203,207,201,207,121,170,136,116,130,127,98,56,8,45,2,21,2,2,2,2,18,27,73,97,67,67,63,61,62,51,57,61,77,58,78
33,58,75,68,72,98,116,96,102,65,78,77,81,115,120,113,110,111,103,183,120,68,92,91,148,145,100,168,163,143,208,215,111,213,216,175,175,170,211,208,166,165,113,106,198,152,180,170,171,172,171,171,162,156,208,146,210,207,168,166,166,153,166,170,170,170,168,145,166,96,96,87,81,193,77,86,95,86,115,56,65,68,72,196,83,105,107,170,162,172,173,168,172,157,76,97,87,82,101,76,33,31,2,17,45,11,90,105,47,195,183,48,182,193,185,181,177,176,178,151,98,116,113,122,77,8,73,53,75,82,71,83,105,130,126,200,197,201,200,205,111,113,111,130,61,31,70,62,57,51,42,50,43,58,53,46,83,87,71,65,62,65,65,72,71,126,115,185,192,201,170,156,151,145,125,145,63,75,108,127,56,15,2,2,28,16,20,52,105,6,75,60,66,68,53,58,62,65,56,51
82,132,96,92,67,77,76,76,106,43,88,112,75,118,122,123,116,105,105,130,120,95,90,93,86,155,171,127,205,216,188,170,216,118,215,166,156,177,207,207,163,165,166,133,142,173,202,170,170,171,171,168,145,37,210,158,145,186,146,142,57,45,25,170,13,2,33,45,165,105,68,71,73,196,73,88,101,128,166,163,166,162,168,166,35,6,13,2,166,20,26,33,25,173,76,78,91,187,75,31,80,107,127,122,127,117,91,93,61,186,142,126,103,96,106,188,185,181,185,183,170,171,138,187,72,20,6,52,75,65,78,78,93,76,92,76,127,138,198,198,198,198,200,185,167,160,66,65,61,53,35,51,50,88,52,53,51,65,57,50,56,50,70,65,61,46,45,71,82,201,100,113,150,145,126,133,128,135,120,137,60,62,151,61,63,52,20,57,112,33,8,62,73,68,52,53,58,58,56,52
96,81,70,108,83,58,128,112,102,122,110,117,68,75,90,121,90,103,111,151,151,97,96,92,76,111,88,150,205,177,212,216,106,212,215,166,173,170,210,210,166,161,118,27,147,155,203,171,171,172,163,162,157,161,202,153,148,186,162,148,70,83,77,167,73,85,100,102,166,143,168,171,170,172,176,98,6,5,146,7,2,37,2,201,32,66,68,71,163,67,92,103,107,160,166,167,170,167,92,93,117,90,73,73,52,87,102,135,123,195,160,40,85,95,127,133,127,158,183,188,177,182,182,198,68,5,32,40,42,48,71,78,72,71,67,85,67,70,56,122,132,198,198,198,202,198,203,111,201,76,46,63,67,60,58,85,51,71,51,40,56,57,47,50,53,47,65,63,62,125,67,108,61,145,128,133,132,132,121,131,132,136,140,138,97,62,66,55,107,62,18,46,72,65,36,66,52,52,57,58
93,90,83,88,48,113,101,108,86,98,102,77,43,67,72,111,111,100,158,163,138,105,97,98,95,85,175,185,195,211,181,127,213,206,216,165,151,176,210,208,163,155,195,160,135,151,208,167,170,165,161,168,147,200,190,153,206,202,153,118,146,170,165,166,166,168,95,6,168,10,2,2,2,192,11,11,58,65,188,57,71,75,91,201,77,162,172,173,170,173,153,27,45,168,60,102,128,118,71,80,61,62,48,71,101,126,87,82,102,196,166,161,130,120,128,147,132,145,107,95,181,183,188,197,200,132,170,36,31,48,27,48,60,28,66,67,61,72,63,70,68,71,86,131,191,202,196,203,198,198,115,205,128,76,58,96,57,78,61,43,43,46,53,51,33,43,57,58,71,86,91,108,93,137,46,78,138,132,132,128,128,133,132,130,132,136,138,135,131,52,55,126,66,57,50,61,55,37,57,61
20,28,148,138,108,105,100,72,91,63,86,53,68,77,68,80,91,131,153,171,171,128,100,105,106,107,186,185,188,208,138,215,116,196,215,168,182,167,211,208,163,162,120,192,150,136,210,167,168,158,168,168,148,8,186,157,133,206,146,145,55,40,23,167,2,2,56,47,167,61,73,80,86,191,111,110,130,168,175,170,167,168,35,167,2,2,2,2,157,26,18,71,73,171,86,90,87,195,60,56,55,67,71,80,70,86,51,68,92,196,172,170,125,127,128,20,132,115,88,92,152,153,158,196,201,202,205,200,120,112,46,43,10,25,27,47,63,60,83,71,73,76,53,140,65,78,127,148,195,198,202,201,197,192,117,125,65,77,68,52,52,52,53,50,40,66,47,65,68,80,178,107,93,147,48,50,78,98,63,105,135,125,127,131,128,131,135,132,123,135,133,135,138,37,66,120,141,98,55,25
148,151,143,92,85,83,96,65,100,82,60,73,88,93,42,56,140,155,138,156,185,155,105,112,161,105,108,186,187,200,140,123,211,213,215,166,177,155,210,210,165,160,121,41,171,148,210,162,162,167,167,168,210,142,170,157,143,208,147,63,133,81,80,157,87,101,106,137,162,171,165,171,177,171,52,5,5,2,190,6,2,38,30,202,57,66,71,80,161,100,107,158,168,170,168,167,80,48,31,50,72,47,62,73,61,61,65,46,47,196,171,116,92,120,130,112,210,93,122,88,106,103,133,195,60,140,205,195,201,203,191,185,17,27,25,47,45,35,50,31,55,50,77,141,93,97,75,65,61,142,116,202,205,197,198,182,198,110,178,140,78,52,75,70,78,61,48,53,67,73,200,107,81,145,35,66,62,71,71,68,91,100,76,92,127,122,133,126,122,128,132,130,125,127,127,130,140,115,56,52
132,135,127,76,90,98,130,108,122,111,82,103,96,53,66,160,163,165,161,162,187,155,120,103,107,108,115,178,187,191,196,213,191,123,215,171,151,168,206,211,165,163,188,163,141,166,210,160,167,166,168,166,126,55,152,153,205,208,138,88,160,168,167,170,168,123,8,17,167,2,2,2,2,177,32,78,112,65,197,67,95,110,143,178,172,170,168,173,165,7,2,33,42,168,75,50,80,162,25,57,62,11,68,41,70,43,51,60,18,197,170,55,117,130,120,120,103,93,142,117,91,76,88,93,66,55,67,80,133,201,198,201,200,157,121,8,47,12,3,7,6,6,56,153,95,111,93,71,75,63,60,67,161,117,197,187,200,192,202,205,186,123,163,52,61,56,62,62,68,76,165,102,91,145,18,43,43,45,87,76,56,37,41,56,68,113,83,82,120,122,126,123,121,126,128,121,127,130,132,135
102,138,113,143,127,122,113,138,107,108,120,105,33,57,61,73,127,140,163,176,166,173,128,103,107,105,115,123,162,190,192,176,191,213,215,170,172,170,207,208,165,155,130,13,146,148,210,161,165,160,166,171,131,56,136,166,153,211,145,145,58,45,30,130,20,2,45,67,168,68,95,93,97,175,121,152,167,167,170,168,127,13,2,190,7,2,2,2,163,68,80,76,87,166,106,115,152,173,10,21,37,53,11,37,43,20,56,41,50,198,177,76,72,116,125,127,112,107,75,77,116,183,130,77,57,38,56,63,65,67,141,146,197,190,196,203,170,140,5,2,52,52,11,166,76,167,93,77,65,83,62,68,62,72,78,156,120,167,200,207,203,198,200,206,112,196,101,58,70,80,115,81,92,143,18,26,31,42,91,58,87,11,28,83,43,30,72,31,98,58,56,75,122,118,127,120,126,127,123,122
76,101,101,107,80,115,107,106,118,111,103,113,118,110,43,76,125,132,137,135,148,175,153,106,103,103,140,103,148,135,176,171,103,126,212,173,160,152,207,208,162,168,201,162,140,155,208,163,165,161,167,166,208,163,148,151,168,206,77,122,151,86,87,110,98,107,122,166,162,166,167,173,152,171,6,2,2,2,196,22,2,70,68,193,66,81,96,98,168,135,173,170,170,158,88,91,51,102,62,12,28,47,27,47,48,65,27,16,18,196,167,71,75,72,96,68,108,98,108,102,95,115,186,190,56,37,56,52,50,58,55,51,60,123,202,197,202,202,205,156,131,63,46,183,82,137,7,38,38,73,7,68,67,81,68,135,70,62,52,190,130,200,198,203,200,198,197,142,132,97,113,157,113,141,12,38,57,36,97,18,50,36,22,82,16,35,83,25,50,32,42,27,71,55,72,75,120,122,125,125
66,95,98,55,61,132,122,83,96,97,71,83,93,110,108,121,120,116,131,126,123,155,131,113,103,108,108,122,141,131,118,175,156,213,213,167,172,167,206,207,165,167,148,170,147,163,208,165,163,158,167,165,77,12,152,122,195,201,95,168,167,166,163,168,151,16,7,7,166,2,2,2,2,163,66,76,73,80,196,92,110,147,167,170,170,172,120,8,167,17,26,30,35,163,78,86,87,187,46,37,60,21,11,60,58,11,28,53,15,190,153,120,73,53,60,72,47,60,61,125,106,88,123,86,57,66,60,88,56,48,42,58,60,51,56,96,150,198,196,198,201,206,182,190,93,136,41,18,37,18,18,2,66,67,75,122,85,66,65,73,26,71,130,125,197,201,195,190,198,126,151,205,188,145,40,35,23,38,110,23,22,30,13,88,35,28,48,3,23,23,41,40,53,66,6,60,67,66,58,80
78,93,55,103,123,103,92,93,63,108,112,108,88,92,73,85,65,148,143,108,115,128,128,103,108,107,128,112,120,167,113,172,181,138,211,170,167,175,203,201,165,167,146,145,160,136,210,166,168,163,166,163,153,161,135,166,158,203,152,153,61,43,40,35,2,43,72,75,166,78,98,116,112,162,160,181,168,166,171,61,5,31,2,183,2,2,17,70,166,71,87,100,105,163,131,168,166,167,11,12,13,38,37,58,27,30,16,32,38,187,148,160,107,150,31,60,25,38,23,77,66,92,97,98,112,58,60,56,58,57,12,62,81,53,56,57,61,70,148,133,197,193,202,205,185,110,90,40,28,2,16,22,3,7,67,102,55,82,67,66,2,77,53,38,61,138,123,190,195,198,141,195,186,145,35,21,37,2,101,2,2,16,25,85,6,22,46,37,27,42,38,36,52,53,16,63,57,50,65,43
87,73,122,87,125,90,92,73,73,65,85,97,115,103,80,123,62,85,101,112,123,126,135,122,102,106,108,112,122,128,132,142,166,168,116,171,177,212,203,195,166,162,162,165,151,147,207,167,167,165,158,170,97,162,145,143,166,188,70,142,148,92,91,80,100,106,157,167,165,165,171,151,11,167,2,2,2,2,182,37,62,62,73,181,83,105,121,165,165,167,171,168,38,153,71,65,85,131,36,17,36,8,2,41,58,37,10,31,7,192,147,183,181,90,157,153,151,156,120,97,111,126,175,137,190,188,188,91,62,60,62,96,60,60,65,68,62,73,65,67,71,123,197,208,192,198,205,136,122,45,53,27,20,25,2,96,43,26,15,78,2,95,50,43,51,52,53,66,95,190,102,141,68,150,17,31,2,8,115,2,2,20,20,81,2,20,38,45,50,58,52,58,51,47,12,58,60,45,23,15
88,51,115,50,60,118,113,93,107,90,85,123,76,75,85,97,73,78,112,107,198,125,151,132,127,98,108,101,112,125,166,153,195,182,177,127,115,182,207,180,153,163,142,38,143,117,210,166,168,157,165,168,92,10,142,153,173,173,85,161,162,165,168,163,58,6,27,2,168,2,2,2,62,167,68,78,135,87,181,113,166,170,165,168,141,6,6,2,167,21,37,32,72,152,78,86,86,188,48,37,7,46,2,57,26,42,18,53,2,196,158,186,182,176,177,155,157,161,78,73,108,121,128,133,143,192,196,192,151,108,50,61,65,53,72,87,58,73,67,58,58,53,80,203,121,193,201,205,200,205,131,121,25,56,22,81,3,22,36,61,8,87,50,46,51,51,52,50,61,123,92,101,106,150,7,6,2,2,95,2,2,2,2,90,13,18,25,42,22,60,43,43,38,76,11,68,65,45,31,33
52,57,71,97,52,91,88,128,107,63,58,95,58,70,75,72,83,105,111,151,120,162,180,162,90,186,122,203,97,143,171,98,162,176,197,155,93,86,208,172,167,165,201,160,195,147,207,166,156,167,167,172,161,155,141,156,160,166,150,60,43,21,17,15,26,66,67,72,166,83,102,113,140,173,172,168,172,162,170,15,6,52,2,160,2,58,68,80,161,87,102,112,163,167,162,167,160,47,53,61,53,6,2,2,2,46,2,47,48,193,156,178,185,186,176,178,180,145,76,102,107,128,128,130,86,113,126,191,186,183,198,201,68,87,82,101,68,80,67,61,61,53,87,202,71,71,135,122,188,198,188,205,203,126,187,66,36,20,20,43,68,90,43,42,45,51,51,56,58,125,95,106,143,126,80,43,7,22,92,2,2,2,32,92,2,21,6,43,3,13,91,55,41,47,31,68,66,66,22,17
62,51,87,110,103,55,71,100,72,86,55,66,62,73,77,85,100,101,121,155,171,170,132,105,92,110,101,113,115,125,111,113,115,102,181,83,95,87,206,163,168,163,76,170,46,163,208,161,163,168,167,163,61,168,151,156,163,153,106,146,148,95,91,85,106,133,162,170,162,167,143,5,3,166,2,2,2,2,167,52,67,71,77,160,98,141,171,170,171,167,90,18,40,152,43,52,77,163,70,78,21,66,58,60,8,28,2,96,2,191,163,58,77,180,185,183,180,171,173,110,102,106,115,116,92,123,65,81,131,191,195,191,198,137,122,92,65,81,60,53,48,53,63,202,55,58,71,81,78,147,165,201,200,200,201,195,115,116,22,18,27,51,42,42,46,46,47,50,58,115,118,145,150,112,57,67,137,95,75,2,2,2,2,88,2,2,20,68,2,17,38,46,91,82,36,66,66,46,50,31
61,46,118,60,121,72,108,116,60,78,86,63,63,60,137,142,87,106,110,120,102,100,100,112,111,108,113,118,113,121,113,115,120,203,152,151,115,187,206,161,168,167,207,73,170,148,211,160,166,170,168,167,103,43,163,152,170,155,126,158,162,161,166,113,20,7,51,2,161,2,2,61,81,168,86,101,107,110,170,160,168,166,170,158,7,8,2,2,163,10,42,70,78,151,92,107,132,162,42,22,47,87,78,70,25,20,2,2,27,193,160,58,22,25,27,175,178,181,183,171,158,137,111,105,95,147,93,88,72,87,112,155,192,182,201,172,105,76,71,52,48,51,52,202,56,56,55,72,60,85,141,76,123,202,201,195,190,196,193,120,106,21,46,38,38,31,40,45,53,103,205,130,120,112,122,140,135,88,61,133,130,13,2,76,22,20,2,60,25,13,46,51,36,38,66,47,61,47,51,3
65,98,93,107,102,88,63,60,73,53,81,80,73,42,90,78,96,107,102,116,107,102,90,101,107,105,111,105,110,98,188,107,112,120,110,140,186,112,190,158,161,173,208,206,71,142,207,165,166,168,166,165,213,165,140,162,155,153,77,136,52,37,8,23,61,70,71,78,150,97,113,132,172,176,177,180,165,7,168,6,2,20,2,156,52,62,68,82,163,96,106,166,165,167,162,91,37,83,87,36,111,88,72,68,48,2,2,2,2,192,161,57,8,46,53,47,43,177,187,187,177,182,177,186,95,152,95,95,95,93,91,92,85,128,193,191,196,203,173,101,52,58,50,201,57,55,73,60,56,62,146,71,68,81,133,133,198,193,195,200,198,187,121,135,43,42,40,41,51,105,198,115,63,32,115,137,106,136,135,143,122,68,143,82,48,2,20,46,30,27,67,43,46,72,82,71,75,55,60,40
53,33,60,15,11,63,80,95,86,111,95,92,72,58,21,101,91,101,103,111,96,98,127,197,103,105,195,160,107,138,191,166,111,103,77,145,173,133,125,150,166,170,207,207,143,185,211,165,166,166,165,160,183,196,150,146,170,148,130,148,147,90,83,90,110,168,166,163,170,152,10,7,2,170,7,20,3,76,161,60,76,87,98,161,165,166,163,165,150,5,2,8,21,156,35,82,90,181,26,50,21,63,68,70,66,37,38,23,10,191,171,70,2,2,10,48,21,18,77,180,182,182,178,186,105,145,91,86,93,100,101,98,97,82,65,137,196,193,191,187,126,113,56,203,58,43,55,58,52,57,147,66,56,68,67,67,65,128,116,196,201,195,200,200,150,145,117,41,51,102,137,106,52,36,126,132,133,140,132,137,135,141,147,137,53,135,141,52,41,33,58,40,48,50,106,70,73,55,40,55
32,37,56,146,92,63,97,67,55,61,72,86,58,78,85,5,68,176,96,105,180,118,95,93,102,110,98,102,97,110,117,120,133,85,155,163,161,147,72,78,141,117,205,207,207,77,207,166,165,166,162,160,203,151,192,150,156,155,153,155,165,167,162,35,10,10,46,2,148,7,47,72,81,173,82,97,106,147,166,168,167,166,23,167,7,2,2,2,166,71,78,83,87,153,110,160,160,168,11,7,13,87,102,76,83,70,60,66,51,196,176,97,22,6,2,40,71,56,37,58,60,178,171,193,196,137,53,86,93,97,93,101,103,103,95,95,95,133,175,191,192,197,206,197,77,37,48,57,47,56,127,70,60,68,61,56,55,46,111,70,107,153,197,202,205,201,200,98,108,96,101,126,52,42,133,76,57,78,130,137,135,137,138,132,142,145,142,55,66,55,52,8,10,13,116,72,73,28,38,15
35,10,27,36,107,96,81,93,61,56,61,68,87,93,106,108,95,118,100,83,108,107,106,106,98,110,115,166,100,107,163,96,108,113,150,161,160,167,198,68,122,133,180,206,207,208,210,167,165,165,156,160,210,163,131,157,156,157,125,136,52,7,21,33,61,65,66,80,138,101,111,170,171,178,175,165,16,11,162,6,8,2,57,157,63,85,100,110,165,161,163,162,171,111,6,72,57,176,68,53,10,98,31,95,101,77,58,66,68,195,175,95,60,56,58,47,33,5,27,32,60,81,151,192,190,186,200,172,58,68,95,93,96,88,105,102,101,100,96,81,121,192,197,205,203,126,176,51,27,60,118,67,55,56,60,58,47,56,122,47,46,50,120,137,196,200,205,206,205,191,167,128,130,43,135,18,30,37,76,62,80,133,137,130,135,132,136,142,142,143,55,67,56,51,113,62,70,26,30,28
45,33,28,61,53,67,87,75,30,67,67,73,72,82,122,111,108,111,110,103,110,140,108,103,165,105,112,140,96,93,73,103,117,105,82,165,166,162,111,155,41,115,176,156,205,210,200,166,165,162,162,168,172,102,208,138,157,152,135,142,151,97,86,88,148,163,163,166,163,23,8,2,2,173,2,3,67,71,160,72,101,107,152,165,165,166,162,37,165,32,37,46,52,97,46,12,51,207,43,113,113,60,11,20,63,115,82,73,88,193,176,100,77,83,77,70,62,55,58,77,75,131,155,150,98,150,201,195,200,177,43,82,91,91,112,93,93,100,98,90,71,97,183,191,197,202,202,175,181,62,116,71,56,48,58,52,48,51,125,42,35,13,70,90,47,122,115,196,201,192,151,198,118,46,136,50,46,62,43,46,25,80,61,75,130,133,132,140,131,135,140,140,142,60,62,55,52,58,10,26
32,23,63,97,60,98,43,65,48,101,85,82,68,110,110,115,118,113,103,108,96,98,102,103,102,101,111,112,70,72,25,105,92,98,100,186,187,190,110,181,53,93,155,187,206,196,191,166,163,168,162,172,202,76,208,188,106,157,163,155,162,162,96,2,2,2,2,2,101,53,75,86,93,172,106,112,146,168,170,167,162,18,2,157,2,2,3,96,167,2,37,48,60,86,95,158,161,128,50,53,88,36,31,40,18,7,76,97,65,193,168,90,82,91,95,77,82,81,97,88,121,97,146,121,63,107,81,167,197,201,197,201,57,60,63,90,90,95,93,95,98,91,66,193,126,131,200,192,203,208,122,108,47,53,56,45,52,55,127,30,32,13,48,26,3,40,31,40,135,125,101,203,85,35,137,46,47,38,12,32,40,30,30,33,67,57,78,131,127,132,133,137,137,133,135,137,116,53,56,50
27,45,52,57,87,50,77,58,15,63,102,52,73,65,101,115,115,115,172,111,97,106,105,103,105,92,108,111,166,86,85,102,97,98,97,105,185,183,67,186,190,163,166,170,172,153,200,162,126,153,155,168,193,207,207,206,183,155,146,145,51,35,55,62,76,81,86,95,102,105,165,172,168,171,158,8,7,17,163,15,30,151,162,165,162,163,163,161,166,162,167,161,165,160,105,161,165,92,57,87,78,66,58,32,18,3,17,17,83,186,162,101,65,65,87,86,96,82,107,135,116,87,100,116,67,105,53,36,77,157,197,197,188,195,47,51,60,92,90,80,58,65,61,187,70,72,86,116,202,200,200,207,145,188,43,50,46,46,125,65,35,15,43,32,20,12,42,18,57,140,91,176,57,30,137,26,51,35,21,22,48,23,30,10,17,25,55,67,60,80,131,133,133,133,130,135,136,135,145,126
52,31,30,51,37,43,51,53,45,80,87,83,83,95,91,103,108,116,177,163,97,105,83,100,91,100,110,107,115,92,95,101,102,97,98,100,185,176,173,186,170,186,183,210,193,196,195,192,93,140,157,165,190,205,203,205,207,156,95,160,161,102,107,108,168,162,161,166,53,3,2,2,11,170,42,173,161,165,168,165,170,168,171,150,165,165,165,165,167,162,162,166,145,63,92,87,95,93,92,101,63,56,81,31,30,3,3,18,6,195,157,156,166,67,77,78,112,115,127,123,138,95,107,103,86,118,88,88,85,61,82,123,190,203,196,153,75,67,61,33,43,70,57,180,66,71,60,78,52,162,202,203,205,207,208,113,107,46,126,61,35,16,52,33,3,35,25,26,51,136,93,96,60,38,138,27,33,41,20,31,33,2,25,16,10,2,47,76,60,48,62,57,71,137,118,133,136,132,133,137
52,60,63,60,70,67,81,80,103,77,86,62,88,100,91,163,83,115,152,90,215,208,101,102,97,96,100,106,108,167,96,96,102,98,98,105,98,163,133,146,146,190,165,166,163,171,163,183,87,105,130,157,137,203,205,201,210,148,161,160,160,161,42,10,2,2,2,28,77,178,157,163,165,170,173,172,170,167,168,165,170,163,15,160,163,168,150,8,165,31,32,38,36,91,92,100,78,123,61,51,27,21,91,36,50,31,21,3,18,197,158,166,96,160,148,151,175,171,141,78,108,123,107,140,92,110,96,57,60,75,73,61,76,118,203,195,200,115,100,75,75,37,56,163,66,85,61,80,75,52,70,156,128,201,197,202,200,108,107,45,28,23,47,42,2,41,7,3,43,113,111,100,90,46,137,7,28,15,43,41,18,2,25,10,13,20,25,77,26,30,62,72,63,66,67,75,137,130,132,128
147,60,71,87,102,86,152,161,121,156,123,111,136,52,156,80,118,116,106,193,151,217,100,101,97,96,201,112,113,101,96,97,100,97,97,101,103,93,132,121,126,90,112,118,122,118,113,148,151,160,152,153,152,168,183,198,207,157,2,6,15,50,106,172,152,162,165,162,171,158,165,166,166,173,173,171,13,8,167,2,6,53,60,161,35,45,43,41,165,35,75,147,157,146,86,81,67,90,101,61,40,57,86,103,71,35,90,96,42,200,161,181,183,183,165,165,171,170,166,92,71,143,142,140,110,93,53,25,62,70,73,67,66,63,62,116,200,201,198,127,157,68,70,162,60,63,57,65,51,63,68,65,60,86,130,203,200,205,191,203,102,100,58,41,16,37,2,11,43,75,200,107,136,43,138,2,23,15,15,2,2,2,7,2,10,2,7,82,20,28,56,60,72,53,27,66,56,53,66,133
127,73,92,140,163,152,162,157,95,126,47,111,116,72,68,118,117,115,117,117,208,30,98,103,103,96,96,110,112,113,187,96,97,91,98,98,103,98,147,148,147,207,113,115,118,120,128,121,137,115,155,127,131,116,145,197,205,133,157,161,158,162,160,155,166,162,161,160,168,162,8,3,23,173,71,86,30,153,93,151,166,168,168,162,66,170,160,162,166,121,111,135,118,65,87,102,56,77,66,60,32,30,67,61,72,95,93,83,68,198,163,180,188,187,176,160,165,175,120,102,111,122,141,147,200,122,92,57,55,62,67,58,63,68,70,71,73,112,198,201,198,123,201,138,55,63,60,60,43,57,80,68,60,61,55,51,165,193,191,200,203,193,111,181,22,48,2,25,46,77,201,105,148,37,140,10,41,20,17,2,20,16,2,2,5,20,3,57,27,12,46,67,10,52,56,62,71,28,45,57
142,181,187,185,186,183,111,70,96,127,126,132,133,127,102,127,111,108,121,120,122,131,173,162,88,91,91,100,112,108,190,95,95,95,91,96,117,95,91,122,128,138,173,105,120,108,101,111,100,113,138,161,146,131,127,120,131,127,137,137,158,160,156,162,11,3,2,2,11,30,40,115,66,125,100,137,146,111,63,143,150,158,165,161,162,151,158,163,152,101,60,78,85,97,72,100,112,61,41,72,65,27,42,33,51,73,81,73,72,191,162,152,191,187,188,180,161,66,95,110,115,103,128,137,193,193,200,128,50,56,62,50,57,58,65,75,77,72,68,113,198,201,202,135,207,85,63,60,48,70,62,56,62,63,62,67,105,115,143,107,196,187,198,197,185,170,85,38,47,63,143,91,157,47,138,23,36,20,20,27,2,2,2,2,6,3,2,52,33,15,52,53,11,41,30,33,62,16,61,52
152,186,188,192,142,163,106,121,131,127,131,128,137,148,137,142,137,121,131,146,197,93,93,80,100,97,91,83,106,110,107,88,96,95,92,95,95,97,100,145,150,146,198,72,115,110,140,125,112,161,136,137,161,130,135,110,96,120,6,8,3,3,160,22,41,180,151,162,160,161,168,147,162,143,150,70,68,122,53,76,66,32,20,158,11,70,16,97,73,93,97,51,110,62,53,85,73,56,76,36,23,26,42,20,58,65,35,38,72,197,163,70,63,60,190,181,180,163,140,107,110,108,92,130,62,121,196,192,203,118,53,56,56,60,56,83,78,76,61,60,63,121,202,152,200,190,203,73,66,53,53,61,42,65,71,62,87,110,145,18,61,118,196,188,201,202,200,102,107,52,82,112,100,111,136,51,41,2,18,2,30,2,2,2,6,20,2,43,42,42,33,42,13,16,46,23,72,48,56,43
153,198,192,196,196,172,150,136,133,121,110,127,128,158,126,123,127,115,131,165,181,133,82,92,115,105,112,106,105,116,108,78,97,92,91,93,93,91,97,98,187,138,152,150,122,112,126,110,107,126,125,155,165,133,131,151,132,95,10,130,128,137,132,141,141,158,158,160,158,160,157,155,135,130,93,66,66,68,72,35,40,61,85,171,168,98,100,92,83,82,77,57,90,91,95,52,110,68,76,20,23,33,62,36,45,52,26,27,50,198,170,80,71,91,86,175,187,186,177,165,128,116,105,115,73,93,57,165,191,201,202,115,51,52,50,65,66,70,77,62,76,62,80,93,195,205,196,201,101,51,33,60,62,57,62,70,71,92,130,47,36,72,61,127,166,195,197,180,200,145,152,187,148,112,137,127,61,58,67,11,33,2,2,2,2,2,2,52,18,3,43,42,20,21,46,25,63,16,41,52
155,177,171,186,202,183,183,102,163,100,143,128,133,113,115,118,130,123,113,143,165,130,91,181,90,97,91,92,93,107,112,97,93,91,92,101,93,92,93,95,192,156,148,71,146,152,122,120,112,110,105,145,125,143,127,130,141,98,113,130,127,136,128,140,143,141,142,153,68,43,10,115,112,125,80,27,50,67,62,82,107,77,75,112,101,80,101,95,82,98,61,62,97,48,91,98,83,63,37,51,73,75,81,80,93,82,120,112,96,197,175,98,146,147,97,75,118,183,185,172,166,148,93,111,81,77,63,57,66,105,197,195,192,110,57,71,66,70,61,61,68,53,61,97,68,122,193,196,201,202,106,51,61,33,58,70,72,68,106,36,43,85,41,52,41,122,120,178,195,192,156,115,107,130,137,126,125,135,107,65,132,53,2,2,2,2,2,76,2,3,2,68,28,16,37,5,60,25,30,30
191,196,200,190,168,187,191,106,166,140,126,151,120,133,133,92,105,132,133,140,133,72,88,88,87,101,106,103,101,102,98,97,186,92,92,93,95,92,93,95,96,178,183,212,205,121,132,118,101,103,111,146,141,131,141,133,148,121,85,138,132,138,106,26,17,85,26,11,118,92,28,103,152,97,52,48,66,83,106,105,90,86,56,83,100,72,71,73,80,67,58,51,87,22,11,101,101,23,67,77,70,72,88,92,87,88,115,112,136,200,180,118,141,147,93,108,116,96,145,177,185,176,158,182,81,81,81,86,66,87,65,158,190,191,200,110,61,68,68,72,57,51,63,96,70,70,82,122,197,198,202,202,163,83,51,57,68,78,93,42,47,97,61,68,25,46,51,68,121,185,133,191,88,63,135,126,127,137,140,136,138,65,108,57,3,2,6,63,16,10,2,13,66,7,36,20,61,11,16,46
121,157,135,118,151,166,193,106,173,95,117,153,135,121,151,106,135,136,121,141,141,195,140,97,111,95,100,101,101,93,97,97,121,95,93,93,158,95,92,96,93,148,155,31,143,193,132,122,116,107,93,101,106,130,142,136,140,120,127,83,151,2,125,2,10,46,95,62,63,71,130,135,146,91,71,90,73,108,120,37,73,22,81,72,57,65,35,45,81,16,98,17,21,15,16,96,97,63,81,85,126,106,110,116,140,116,76,115,95,198,180,120,137,107,107,123,103,115,97,113,183,180,171,188,82,82,88,82,87,101,96,85,111,198,193,185,162,105,55,71,67,27,50,92,56,67,76,81,57,125,190,197,202,201,121,100,57,76,66,53,53,115,60,63,52,52,56,67,47,75,93,207,80,68,127,71,135,130,131,132,132,135,138,123,62,101,51,47,42,3,3,11,35,76,67,63,65,11,6,13
117,170,103,110,107,60,157,113,161,140,136,135,140,112,151,97,148,141,118,128,152,155,95,81,90,142,100,100,95,167,97,98,95,185,92,91,92,86,90,90,93,90,190,40,171,191,85,120,120,117,106,107,168,112,102,138,135,128,116,90,93,148,132,136,118,72,61,100,42,56,82,67,73,67,80,97,95,98,75,117,60,70,33,43,61,52,51,57,77,65,7,75,120,67,103,68,53,12,102,112,111,110,122,105,128,116,76,103,55,196,178,103,118,107,66,125,65,43,85,86,92,112,175,190,113,105,83,75,76,73,87,76,70,76,187,191,192,200,116,113,63,21,43,96,61,55,73,63,48,68,76,122,196,202,203,203,105,107,82,55,57,118,52,50,83,53,57,88,60,66,87,177,78,67,142,8,80,60,122,127,136,133,132,135,128,123,62,148,73,20,20,13,40,40,53,26,73,51,40,16
77,51,90,143,138,87,131,125,158,117,150,130,158,141,115,148,118,126,135,136,138,155,156,97,83,82,103,97,97,90,92,97,92,192,97,95,91,197,93,92,93,93,63,168,155,137,201,97,87,127,118,93,107,131,128,128,136,138,147,138,105,95,80,93,113,85,26,60,58,35,37,53,61,60,63,98,98,113,152,115,25,48,77,56,97,86,53,35,26,53,112,77,65,135,140,158,148,142,136,111,113,97,116,91,93,86,53,31,105,196,180,108,93,90,73,76,102,81,103,100,78,125,96,182,200,196,195,66,76,50,52,73,80,77,73,67,166,191,196,205,110,112,51,100,48,57,62,67,50,55,68,73,77,130,198,193,200,196,96,202,50,135,51,48,95,53,47,116,52,61,97,88,88,60,141,23,43,37,67,73,95,140,133,137,130,127,136,135,135,65,55,57,33,36,55,22,76,50,56,17
48,83,97,43,83,93,150,126,140,131,146,137,140,137,125,127,126,146,105,136,142,146,195,160,113,75,96,103,100,97,93,97,97,96,91,108,90,92,95,92,91,95,87,172,158,151,133,182,111,121,92,111,106,126,90,147,122,148,143,165,125,128,101,31,51,46,3,13,2,38,3,55,67,71,72,62,115,163,66,118,3,7,20,56,48,46,82,61,115,133,135,132,142,132,135,123,130,125,131,130,145,138,133,68,136,37,82,146,136,191,171,97,111,90,86,88,133,86,113,101,87,62,53,25,123,200,188,200,185,71,65,73,81,98,95,78,95,60,145,200,205,198,126,100,47,52,58,66,36,41,63,68,58,53,78,127,196,192,193,190,116,140,38,52,103,61,55,135,57,56,196,86,88,66,141,26,25,45,57,13,62,75,83,128,137,137,145,142,138,125,133,55,61,57,43,16,73,33,48,51
47,101,111,97,122,93,158,100,150,130,136,126,137,141,117,107,91,137,147,108,136,140,195,82,152,153,188,98,100,98,95,96,95,93,103,116,95,95,205,91,95,101,87,41,178,186,172,205,86,121,75,112,93,98,137,116,150,133,160,142,156,141,88,116,21,2,13,16,3,2,2,45,66,66,58,81,58,152,76,133,2,66,51,25,57,126,88,88,143,136,141,145,130,128,135,127,127,136,128,127,126,135,132,137,130,137,133,132,131,190,157,130,138,113,66,95,65,56,48,115,73,88,67,63,66,81,120,191,205,112,72,77,83,91,95,125,123,51,47,62,116,200,200,142,111,61,46,67,37,50,52,68,53,38,71,67,56,137,193,197,196,183,161,146,107,60,57,153,60,60,195,110,105,66,141,30,25,18,15,17,32,37,23,63,93,75,138,142,141,130,127,132,141,138,105,80,53,10,48,45
92,156,142,155,145,153,176,97,145,126,157,160,157,130,127,97,116,141,143,113,131,138,151,92,90,171,133,95,101,171,92,90,97,96,82,121,117,88,91,93,92,90,90,90,188,157,150,136,198,115,48,126,111,107,106,115,127,148,130,133,125,106,148,83,132,50,52,47,48,36,65,52,31,53,52,50,115,108,80,133,16,15,21,86,93,82,135,111,141,153,143,143,137,128,122,131,128,130,127,126,125,130,128,132,131,127,135,125,137,190,157,160,92,157,171,83,57,56,53,98,40,60,68,91,68,82,88,125,201,202,198,193,78,85,90,73,72,41,43,60,55,82,150,135,202,203,106,50,17,53,50,71,51,35,62,51,53,62,62,120,193,190,190,193,193,197,60,150,62,62,141,98,171,67,143,50,26,26,31,18,17,7,8,16,5,27,123,85,138,133,138,137,132,138,128,132,51,85,56,42
175,146,145,152,141,158,198,118,145,137,150,157,153,113,155,147,102,127,125,145,136,148,135,87,76,131,170,95,97,87,88,82,92,91,90,201,103,96,93,207,93,95,90,87,85,156,156,142,135,128,32,111,111,132,102,130,93,135,120,143,136,140,118,118,91,152,70,78,78,72,66,73,61,55,71,71,105,71,40,118,55,81,132,126,143,141,110,152,143,132,152,140,122,127,128,126,127,132,132,130,123,122,128,130,132,125,123,128,123,193,161,168,172,92,147,146,158,142,137,97,151,126,171,90,47,77,82,105,87,120,197,195,197,192,86,80,68,66,45,46,70,63,61,98,187,193,201,207,120,43,40,56,53,41,61,62,56,61,57,62,62,127,182,198,192,197,202,123,82,70,75,92,207,66,141,66,33,42,30,13,25,25,30,25,35,31,7,55,87,56,117,136,137,133,132,128,121,137,137,62
115,152,135,161,141,158,198,117,148,147,151,146,135,145,141,115,128,121,132,117,128,156,152,190,86,152,156,192,97,91,97,107,85,91,92,198,101,92,88,87,90,88,90,88,85,160,180,185,171,202,20,133,120,112,108,118,150,88,133,111,158,128,136,152,122,93,150,65,67,65,60,66,47,76,67,60,82,102,95,102,61,77,100,103,136,145,138,133,117,132,96,137,128,126,128,121,132,130,131,135,133,130,133,131,140,130,135,135,125,195,161,175,185,185,88,166,163,163,161,101,115,112,110,141,13,72,73,106,87,82,86,151,200,197,118,87,87,71,60,88,60,65,66,98,72,120,201,200,200,202,123,56,53,35,65,71,61,62,57,56,61,98,83,123,148,198,198,191,195,107,112,146,201,67,143,75,60,43,50,42,43,36,41,43,41,55,43,52,50,62,50,73,110,142,131,135,137,141,141,136
115,133,137,156,136,145,197,107,147,190,162,143,125,138,135,171,128,121,128,145,133,148,137,187,86,98,175,140,96,95,91,92,88,92,91,91,123,96,88,92,191,91,88,90,88,76,178,173,150,132,57,126,118,101,105,108,123,178,82,90,131,150,141,161,106,122,100,122,71,67,55,62,75,72,65,88,87,66,72,57,72,93,116,100,113,142,136,113,141,103,112,112,132,130,135,126,131,136,138,136,138,130,135,128,128,125,127,126,130,195,161,176,188,177,163,177,100,156,105,132,123,122,133,143,42,43,58,106,75,68,83,63,132,200,190,197,178,78,73,65,58,66,62,97,61,68,61,183,192,193,205,172,96,38,60,66,65,73,73,67,70,87,80,72,135,125,123,192,201,202,177,165,150,73,142,83,42,53,53,22,53,62,73,63,68,73,75,72,51,63,43,50,2,78,57,126,131,135,141,137
121,118,106,167,135,153,182,100,148,151,147,140,127,132,130,138,126,96,122,135,125,137,133,156,87,153,147,82,96,98,91,91,86,91,91,91,142,92,107,91,91,90,91,90,87,85,73,153,156,145,71,82,113,112,116,108,103,116,101,120,93,135,161,125,156,148,95,90,55,71,52,66,55,63,76,92,90,92,93,40,60,87,100,101,105,102,108,91,81,85,98,91,111,122,122,130,127,132,128,130,131,133,128,118,128,121,126,136,133,188,157,70,141,182,175,171,153,127,78,116,127,92,135,135,202,126,33,108,56,41,81,92,88,68,118,197,197,198,176,77,82,62,85,95,71,70,63,66,70,132,196,201,206,110,120,71,66,75,68,70,71,71,77,68,123,78,82,121,120,196,162,122,166,67,141,80,33,21,51,25,51,68,40,50,52,66,68,65,2,65,41,45,25,36,70,37,120,67,145,136
85,96,95,112,143,115,120,113,136,168,128,137,133,135,158,113,141,117,131,92,121,110,148,143,195,165,116,80,186,97,91,96,92,85,91,90,87,83,93,91,91,135,88,90,86,83,217,218,215,182,36,203,100,112,113,113,108,96,96,135,115,138,145,135,152,116,111,76,120,70,12,66,46,76,87,83,47,57,46,25,47,76,97,97,92,95,85,92,93,96,93,98,130,132,130,132,97,140,137,146,137,137,123,125,131,127,123,120,142,193,161,68,142,120,180,176,171,177,77,106,115,122,121,137,192,196,142,96,81,27,73,63,81,63,60,100,162,206,197,121,133,80,65,96,106,81,72,46,62,61,80,115,205,192,205,111,105,71,72,77,72,73,78,73,106,76,73,100,83,121,111,198,112,111,135,70,35,31,32,16,40,28,25,11,15,8,58,38,30,63,2,57,18,18,51,25,66,60,128,103
10,55,57,58,118,102,93,170,113,161,113,146,126,135,160,161,150,88,120,120,121,130,145,147,202,85,80,86,81,91,92,91,83,86,91,87,87,172,97,92,91,86,88,88,86,83,195,220,217,215,148,132,188,116,115,116,112,88,91,168,117,123,122,151,136,155,123,113,81,141,70,76,71,83,80,88,68,62,27,10,73,93,96,98,92,106,90,97,96,95,97,100,127,138,148,126,133,142,142,138,137,132,127,126,123,127,122,128,128,193,168,80,122,116,125,175,176,181,163,146,100,105,106,121,67,150,193,196,196,35,86,52,72,52,57,86,95,131,197,203,196,115,72,96,123,73,58,58,63,41,58,68,106,118,198,203,208,111,102,81,86,67,78,81,86,75,73,76,80,82,83,202,106,112,148,71,53,11,28,16,22,52,45,46,37,25,18,63,2,62,2,10,76,10,51,23,63,71,36,61
16,41,135,172,102,56,130,186,112,170,132,130,141,140,126,161,110,133,123,141,122,126,140,141,181,41,81,91,125,95,95,90,88,85,85,91,90,167,91,90,90,91,86,92,88,83,51,220,217,213,8,138,207,88,125,127,126,113,108,121,143,78,123,143,157,62,166,77,82,80,151,55,111,98,98,105,143,143,138,126,108,107,115,100,95,78,70,82,85,88,87,100,95,97,147,147,186,122,140,112,115,133,165,117,120,120,123,131,133,193,168,91,123,120,133,135,140,186,180,166,152,73,110,116,45,51,188,190,205,148,46,33,67,42,2,77,90,82,88,115,198,185,200,81,73,73,71,60,75,52,57,66,72,118,153,195,200,192,203,106,81,55,67,73,78,80,78,72,78,86,131,141,88,91,147,113,138,93,58,22,23,23,31,32,21,41,81,78,45,66,2,23,20,33,51,31,58,63,47,28
86,91,100,218,147,211,177,191,108,177,121,143,160,148,51,43,110,112,116,113,133,102,133,128,147,78,200,205,218,215,92,91,91,82,87,88,90,90,195,91,90,91,85,88,87,87,42,210,220,216,208,88,97,202,110,122,123,107,105,113,135,136,133,116,33,82,56,122,97,43,83,152,76,82,92,117,82,60,61,60,53,77,81,93,92,66,73,101,100,121,110,101,132,122,163,152,161,166,170,138,136,132,138,140,141,118,143,126,131,195,165,95,128,132,138,142,138,151,183,177,177,157,158,111,25,81,62,118,178,200,203,180,65,2,2,60,78,73,81,73,105,188,201,132,126,92,81,70,85,53,41,66,68,122,81,77,143,200,203,197,203,107,72,72,75,77,78,61,86,81,201,85,81,58,145,120,128,133,142,95,68,60,75,85,70,86,87,66,40,58,37,32,2,2,2,70,61,63,51,46
73,83,95,128,122,162,183,192,116,147,137,107,62,131,90,93,71,27,103,135,126,131,108,143,123,182,135,202,211,212,93,93,91,83,87,92,92,85,200,90,91,90,91,83,87,85,82,165,220,208,212,107,93,188,151,118,127,110,102,110,113,153,73,121,133,90,66,82,130,128,111,83,192,45,88,47,52,15,2,21,18,36,65,67,65,11,121,122,50,112,96,48,70,90,110,121,102,100,105,100,101,105,100,103,103,100,97,100,96,193,167,110,152,76,98,97,96,96,102,171,173,173,157,185,26,35,55,127,56,185,200,203,161,73,2,51,67,65,67,68,101,135,123,125,201,200,156,68,81,73,63,61,57,118,73,85,73,88,151,197,201,197,202,103,48,78,75,58,85,90,185,81,85,61,146,112,131,133,136,127,137,68,72,57,52,96,102,107,50,58,47,57,20,23,2,20,60,53,50,30
73,80,72,92,95,92,186,172,108,136,128,53,88,92,63,118,77,130,118,125,112,142,128,142,141,175,62,201,202,216,92,92,91,90,86,85,77,85,86,73,91,90,91,85,85,80,101,56,220,218,216,158,85,77,206,92,120,116,112,101,106,116,196,32,90,100,60,100,128,111,118,132,130,76,122,56,50,48,53,56,55,50,187,188,192,16,48,12,62,71,73,77,82,76,86,98,97,97,97,97,92,95,93,96,96,95,92,96,91,195,163,98,38,56,67,87,91,93,92,87,92,180,162,186,7,91,47,135,6,40,37,168,200,201,91,37,35,48,61,50,75,140,111,97,123,200,201,203,161,51,67,67,73,127,76,81,71,77,77,90,140,195,193,203,206,105,66,57,88,85,102,90,82,58,143,71,82,133,138,131,122,135,145,77,62,58,95,110,60,63,48,51,20,15,2,20,62,61,75,26
73,82,83,86,86,86,182,121,130,140,140,98,90,92,71,28,130,141,100,122,153,125,145,135,141,152,60,198,202,218,210,87,92,92,81,85,91,85,91,92,91,90,87,90,87,83,53,163,195,178,190,181,91,78,73,198,120,116,118,105,103,107,128,137,132,117,97,122,122,103,93,95,98,151,58,125,115,103,46,51,168,102,37,57,131,87,56,55,53,58,58,71,71,73,75,80,92,93,93,95,88,91,92,92,98,98,100,53,65,191,165,92,97,92,100,98,100,98,102,106,103,103,171,188,111,55,46,135,21,16,38,65,185,202,198,172,100,15,21,15,70,158,80,98,66,122,198,202,193,157,177,70,68,130,72,70,71,81,77,71,78,87,116,201,206,202,176,93,83,86,87,103,103,56,145,60,97,68,86,131,131,123,141,138,137,58,62,67,62,60,20,58,2,2,2,3,57,62,48,33
97,101,105,102,102,96,168,128,103,132,132,63,166,77,160,123,96,112,131,147,138,157,147,138,147,122,198,177,203,215,215,87,82,82,82,80,102,102,90,111,92,88,91,88,140,85,81,145,123,131,56,130,85,113,93,207,87,121,125,120,117,122,122,115,101,173,101,108,105,100,101,105,105,112,180,51,47,55,50,46,21,103,35,31,55,22,57,60,60,58,58,67,50,128,82,70,91,90,51,87,90,93,92,92,93,96,93,33,17,183,156,128,72,92,101,100,102,76,152,185,101,102,102,185,195,116,36,131,116,18,87,48,63,48,173,201,201,112,10,12,55,147,86,100,80,75,78,111,193,198,202,137,57,126,47,75,66,82,85,73,75,71,73,123,185,200,198,202,108,190,92,90,180,56,145,60,107,102,103,115,72,130,135,140,125,140,145,52,65,57,7,25,65,2,2,2,55,66,26,43
