241,241,241,241,243,241,241,237,237,241,241,237,241,237,237,241,243,245,245,245,245,245,245,245,246,245,245,245,243,243,241,243,243,241,237,237,233,233,237,233,233,233,237,237,237,237,237,237,237,237,237,237,241,241,241,241,241,243,241,243,243,241,243,241,241,241,241,243,243,243,245,245,245,245,243,245,243,243,243,241,241,243,243,241,243,243,243,243,245,245,245,245,243,241,243,246,243,245,243,241,241,241,233,237,233,229,224,224,218,218,218,218,214,218,218,218,218,218,218,218,218,224,218,224,224,224,224,224,224,218,224,229,229,224,229,233,229,224,233,229,237,237,241,241,243,245,245,245,245,246,246,245,246,245,246,246,248,246,248,245,248,248,246,245,136,131,131,119,129,99,79,148,214,143,117,162,137,143,153,159,148,162,165,165,162,178,209,214,209,214,95,95,209,196,205,214,165,84,112,150
237,243,241,241,241,241,241,241,241,237,237,237,237,237,237,241,243,243,245,245,245,245,245,245,245,245,245,243,243,243,241,243,241,237,237,233,237,233,233,229,229,233,233,233,237,237,237,233,233,237,233,237,237,241,237,237,241,241,241,241,241,241,241,241,241,241,241,241,243,243,243,245,243,243,245,243,243,243,243,241,241,243,243,241,241,241,241,243,245,243,245,246,243,243,243,243,243,243,241,237,233,233,233,233,229,224,224,218,214,214,214,214,214,214,214,218,214,214,218,218,218,218,214,218,218,214,214,214,214,214,218,224,224,224,229,229,229,229,229,233,237,241,241,241,245,245,245,245,245,246,246,248,245,246,245,246,248,246,248,248,248,248,245,137,135,139,159,119,125,69,131,116,162,139,145,150,139,153,162,172,122,169,172,172,175,243,224,218,86,91,181,169,205,209,209,137,124,156,156,159
241,241,241,241,241,237,241,241,241,241,237,237,241,237,237,243,243,243,243,243,245,245,243,245,243,243,243,241,241,241,241,243,241,241,237,237,237,233,229,229,229,233,237,233,237,233,233,233,229,233,233,233,237,237,237,237,237,237,241,241,241,241,241,241,241,241,241,241,241,243,243,245,243,243,243,243,243,243,243,243,243,243,243,243,243,243,243,243,243,245,246,246,245,243,245,243,243,241,237,233,229,229,229,229,224,224,218,214,209,214,214,209,209,209,209,209,214,209,214,218,214,214,214,214,218,209,209,214,214,214,214,218,218,218,224,224,224,229,233,233,237,241,241,241,245,245,245,245,246,248,250,249,248,248,248,248,246,248,249,249,250,131,143,148,148,145,148,137,121,51,132,86,139,143,148,143,141,150,169,185,124,181,178,175,178,241,196,145,108,201,159,218,209,224,49,56,128,159,162,165
241,241,241,241,241,241,241,241,241,237,241,241,237,241,237,241,241,243,243,243,243,243,241,243,243,241,241,241,243,241,241,243,241,241,241,237,237,233,229,233,229,233,233,233,233,233,233,233,233,233,233,233,233,237,233,237,241,237,237,237,237,241,237,241,241,241,241,241,243,243,243,243,241,243,241,243,241,243,243,243,243,243,243,243,243,243,243,245,245,245,245,245,243,245,241,241,241,241,233,233,229,229,229,224,224,218,218,214,209,209,205,205,205,205,209,209,209,209,209,209,214,209,214,214,209,209,209,209,209,214,214,214,214,218,224,218,224,233,233,237,237,241,241,243,246,245,249,251,250,251,250,250,248,249,248,246,248,248,249,249,139,135,137,159,169,150,178,141,110,59,62,71,153,153,150,148,141,156,175,190,132,178,178,169,175,209,84,233,201,224,178,185,86,84,156,145,153,150,172,156
237,241,241,241,241,241,243,241,241,241,237,237,237,237,237,237,243,243,243,243,241,243,243,243,241,241,243,241,241,241,241,241,241,241,241,237,237,237,237,233,229,233,233,233,237,237,233,233,233,233,229,229,229,233,233,237,237,237,237,237,237,237,241,241,241,241,241,241,241,241,241,243,241,243,241,241,241,243,243,243,243,243,243,245,243,243,243,243,243,243,241,243,243,241,241,237,237,233,233,229,229,233,229,224,218,214,214,209,205,205,201,205,201,196,201,201,205,209,209,205,205,205,209,205,209,209,214,214,205,214,209,218,214,218,218,218,229,233,233,237,237,241,246,245,248,249,250,251,249,249,249,248,248,246,246,246,246,248,135,136,150,150,156,162,178,153,229,81,148,65,78,74,159,159,159,156,145,165,175,190,122,190,175,243,84,190,241,237,224,205,106,93,159,169,150,141,209,150,169,159
241,241,241,241,241,241,241,241,241,237,241,237,237,241,241,237,241,243,241,243,241,241,243,243,241,241,243,241,241,243,241,241,241,241,241,237,237,237,233,237,233,233,233,237,233,233,233,233,229,229,229,229,233,229,233,233,237,237,237,233,237,237,241,237,241,241,241,241,243,241,241,241,243,243,243,243,243,243,241,243,243,243,245,241,241,241,241,241,241,241,241,241,237,237,237,233,229,229,233,233,233,229,229,218,214,218,209,205,201,201,196,196,196,196,196,196,201,201,205,205,209,205,209,209,209,209,209,209,214,209,214,214,214,214,218,218,229,233,233,237,241,245,246,246,249,249,248,248,246,246,248,248,248,246,246,246,248,137,139,139,165,185,153,178,190,106,137,129,201,112,71,78,162,159,159,162,148,175,181,201,102,181,205,243,224,175,224,218,133,104,172,159,172,156,148,141,249,156,159,150
237,241,241,241,243,241,237,241,241,241,237,241,237,237,237,241,237,241,241,243,243,243,243,243,241,241,243,243,241,241,241,241,241,241,237,237,237,237,237,237,237,237,237,237,237,233,233,229,229,229,229,229,229,229,233,229,233,233,237,233,237,237,237,237,241,237,237,241,241,243,241,241,243,243,243,243,243,245,243,243,237,241,241,237,237,237,237,237,237,233,233,237,233,233,233,229,229,224,229,229,224,224,224,218,214,214,205,201,201,196,196,190,190,190,196,196,201,201,205,201,209,205,205,209,209,209,214,209,214,209,214,214,214,214,218,224,224,229,229,233,241,241,245,248,246,245,245,248,246,245,246,246,246,246,246,172,132,133,156,169,156,201,175,224,91,145,139,214,131,69,57,86,165,165,165,165,162,181,209,214,47,59,218,237,209,201,181,112,178,172,165,169,181,169,159,145,233,143,150,156
237,237,241,241,241,241,241,241,237,237,237,237,241,237,241,241,237,237,241,241,241,243,241,241,241,241,243,241,241,241,241,241,237,237,237,237,237,237,237,241,241,237,237,237,237,233,233,229,229,229,224,229,224,229,229,229,229,233,233,233,237,237,241,241,237,237,241,241,241,241,241,241,241,241,243,243,245,245,243,241,237,237,237,237,237,237,237,233,233,233,233,229,229,229,224,224,224,224,218,224,218,224,214,214,209,205,201,196,190,185,185,185,190,185,185,190,190,190,201,201,201,201,201,201,205,209,209,209,214,214,214,214,214,218,218,224,229,229,229,237,241,243,245,245,243,243,246,246,245,245,246,245,246,245,135,141,135,156,178,172,178,181,79,141,139,143,137,122,52,153,44,81,169,172,169,169,178,209,69,49,121,153,218,237,190,66,49,162,185,165,150,162,181,196,178,153,156,153,156,169
237,237,237,241,241,241,241,237,241,241,237,237,237,237,241,237,237,241,241,241,241,241,241,241,241,241,241,241,241,241,241,241,237,237,237,237,241,237,241,241,237,241,237,237,237,237,233,229,229,229,224,224,229,229,229,229,229,229,229,233,233,233,237,237,237,237,237,237,237,241,237,241,237,241,241,241,243,243,237,237,237,237,237,237,233,233,233,233,229,229,224,224,224,218,218,218,218,218,218,218,214,214,209,209,205,201,190,190,196,185,185,185,185,185,181,185,185,190,196,201,201,201,201,201,205,205,205,209,209,209,209,209,214,218,218,218,224,224,229,233,243,245,241,241,243,243,245,243,243,245,245,245,246,141,136,150,169,165,175,196,190,125,135,141,139,139,137,53,53,141,43,76,162,175,172,169,81,72,143,128,104,156,201,121,91,254,148,178,185,169,153,156,178,209,185,148,135,148,172,175
237,237,237,241,241,241,237,241,237,237,241,237,237,237,241,237,241,241,241,241,241,241,241,237,241,241,237,241,241,237,237,237,241,241,237,237,237,237,241,237,237,237,237,237,237,237,233,229,229,224,229,229,224,224,229,224,229,224,224,229,229,233,233,237,237,237,237,237,241,241,241,237,237,237,237,237,241,237,237,237,237,237,229,233,233,229,229,229,224,224,218,218,214,214,214,214,214,218,218,209,214,209,205,205,201,196,190,185,190,185,185,185,185,181,178,181,185,185,190,190,190,196,196,201,201,201,205,205,209,209,209,214,218,224,224,224,218,224,229,237,245,243,241,241,243,243,245,245,243,243,245,143,135,148,137,214,175,185,178,246,132,133,135,141,139,141,136,62,108,65,57,76,178,175,150,245,48,136,131,125,110,104,88,159,172,254,156,175,185,165,172,159,205,209,172,150,139,156,172,178
237,237,237,237,237,241,241,241,241,237,237,237,237,237,237,241,241,241,241,237,237,241,241,237,241,237,237,241,241,241,241,241,241,237,241,241,237,237,241,237,237,237,237,237,237,237,233,229,229,233,229,229,229,229,229,224,224,229,224,224,224,233,233,233,233,233,237,241,241,237,237,233,233,233,233,233,233,237,237,233,237,233,233,233,229,229,224,224,218,214,214,214,209,205,209,209,209,209,214,209,205,201,201,196,196,190,185,185,181,181,185,178,178,178,181,178,181,181,181,185,185,190,190,201,196,196,201,205,205,209,209,214,218,224,224,224,229,229,229,237,241,237,241,241,241,241,243,243,243,243,128,145,153,209,165,175,196,133,133,130,132,136,135,141,136,141,139,79,102,53,65,71,178,251,93,190,135,124,127,78,141,150,148,169,172,254,156,175,181,175,175,178,201,196,172,159,139,172,181,86
233,233,237,237,237,237,241,237,237,237,237,237,237,237,237,241,241,237,241,237,237,237,241,237,241,241,237,241,241,241,241,237,241,241,241,237,237,237,237,237,237,241,233,237,237,237,237,233,233,233,233,229,229,229,229,229,229,229,229,229,229,233,233,233,237,237,237,241,237,233,233,233,229,233,229,229,233,233,233,229,233,229,229,229,224,224,218,218,209,209,209,205,205,205,201,205,201,205,205,201,201,196,196,196,190,185,185,181,181,181,178,178,175,175,178,175,178,178,181,181,185,181,185,190,196,196,196,201,205,205,209,214,218,224,224,229,229,233,229,233,233,233,233,233,237,237,241,241,141,135,150,165,181,178,169,172,119,131,131,128,131,133,132,141,137,145,141,78,95,116,71,97,110,243,205,133,127,119,45,153,148,148,162,159,156,254,159,178,181,172,169,178,178,175,172,162,148,84,128,34
233,233,237,237,237,237,237,237,237,241,237,237,237,237,241,237,237,241,237,241,241,241,241,241,241,237,241,241,241,237,237,237,241,237,237,237,237,237,241,237,241,237,237,233,233,237,233,233,233,233,229,229,229,224,229,229,229,233,237,233,233,233,229,233,233,237,237,237,233,229,229,229,229,233,229,224,229,229,224,224,218,224,229,224,218,224,214,209,205,205,205,201,201,201,201,201,201,196,205,201,196,190,196,190,185,181,181,181,178,175,178,175,175,172,175,175,175,178,178,181,181,185,185,181,190,196,190,201,201,205,205,209,214,218,224,224,229,224,224,224,224,229,229,233,233,237,243,137,153,205,143,169,165,185,124,130,122,133,132,128,130,133,136,139,139,133,175,130,135,122,69,125,209,185,150,108,27,44,169,190,162,153,159,159,145,254,153,169,178,172,169,165,165,178,172,128,122,37,127,112
233,233,237,233,237,237,237,237,237,237,237,237,237,237,237,237,237,237,237,241,237,237,237,241,241,237,237,237,237,237,237,237,237,237,237,237,237,237,237,237,237,237,233,233,233,237,233,233,229,233,233,229,233,229,229,229,229,233,233,233,233,237,233,237,237,233,233,229,233,229,224,224,229,224,224,224,224,224,218,224,224,224,224,229,218,214,209,205,201,201,201,196,190,190,201,196,196,196,201,196,190,190,181,181,181,178,178,175,175,175,172,175,172,172,169,172,175,175,178,178,181,181,185,181,185,190,190,196,196,196,201,205,209,209,214,214,214,218,218,218,218,224,229,229,233,133,137,162,181,178,156,181,190,74,128,132,121,132,133,125,128,133,136,150,218,169,172,121,153,124,84,139,196,150,72,110,153,159,209,201,169,153,153,150,148,253,153,175,181,178,159,172,162,153,127,37,108,119,114,110
233,233,233,233,237,237,237,237,237,237,237,237,237,237,237,237,237,237,237,237,237,237,237,241,237,237,237,237,237,237,237,237,237,237,237,237,237,237,237,241,237,237,233,237,233,229,233,233,233,229,233,233,233,233,233,229,233,233,233,233,233,237,237,233,233,229,229,229,229,224,224,224,224,224,218,218,218,218,214,214,218,214,218,224,218,214,205,201,196,196,196,190,190,190,190,196,196,196,201,190,185,185,181,178,178,178,175,175,172,172,169,169,169,169,169,169,172,175,175,178,178,181,178,181,185,185,185,190,196,196,196,201,201,205,205,205,205,209,209,214,218,218,224,233,135,135,165,150,169,190,190,81,124,124,129,131,114,133,130,127,128,95,97,181,209,175,114,72,91,133,136,133,110,132,159,153,178,190,214,205,181,148,153,150,148,237,169,190,178,169,143,159,133,42,128,125,93,121,114,121
229,229,233,233,233,233,233,233,237,233,233,237,233,237,237,237,237,233,237,237,237,237,237,237,237,233,237,237,237,237,237,233,237,237,237,237,237,237,237,237,237,237,233,233,233,233,229,233,233,233,233,229,233,229,229,229,229,229,229,229,233,229,229,229,224,224,224,224,218,218,218,218,214,214,214,209,209,209,209,209,209,209,209,214,214,209,209,201,196,196,190,190,185,185,185,190,190,190,190,185,181,178,181,178,175,172,172,172,169,169,169,169,169,169,169,172,172,172,172,172,175,178,175,178,181,181,181,185,185,190,190,196,201,196,201,201,201,205,209,214,214,218,132,130,137,165,196,165,178,175,65,121,124,125,129,130,104,131,130,124,132,214,127,185,65,156,156,102,116,106,136,69,156,172,175,172,178,201,218,205,169,165,165,159,165,201,175,178,172,162,121,38,119,119,112,121,95,110,93,35
224,224,229,233,233,233,237,233,233,233,233,233,233,233,233,237,237,237,233,237,233,237,237,237,237,237,237,237,237,233,233,237,237,237,237,237,237,237,237,237,233,237,233,229,233,233,229,233,233,229,229,229,233,229,229,233,229,229,229,224,218,224,224,224,218,214,214,214,214,214,214,214,209,209,205,201,201,201,205,205,205,205,205,205,205,205,205,201,196,190,190,185,185,181,181,181,181,181,181,178,181,178,175,175,175,172,172,169,165,165,165,169,169,175,169,169,172,169,169,172,172,172,172,175,178,178,178,181,181,185,185,190,190,190,196,201,205,209,209,214,218,137,135,150,178,178,201,169,67,116,122,124,125,125,128,130,88,127,156,218,190,218,117,95,145,159,159,122,119,108,78,56,172,172,178,181,185,205,214,209,175,156,165,165,162,165,169,165,132,35,121,110,116,110,119,125,33,44,114,169
224,224,229,229,233,233,233,233,233,233,233,233,233,233,233,233,233,233,233,229,233,233,233,233,233,233,237,233,233,229,233,233,233,233,233,233,237,233,237,237,233,237,233,233,229,233,233,229,233,229,229,229,233,229,233,229,229,224,224,224,224,218,218,214,214,209,209,205,205,205,205,201,201,201,201,196,196,196,196,201,201,201,201,201,201,201,201,196,196,190,185,185,181,185,181,185,181,181,178,178,175,175,175,175,172,169,169,165,165,165,169,169,169,169,169,165,165,165,165,169,169,172,172,172,172,172,175,178,181,181,185,185,181,185,190,201,201,201,209,145,139,153,156,172,175,175,178,81,114,122,124,127,125,124,127,129,67,150,135,209,181,121,129,132,153,159,159,185,117,97,59,53,181,178,196,190,190,209,214,205,172,162,169,169,159,141,153,45,127,110,112,114,114,119,43,78,76,156,175,162
224,224,229,224,233,233,233,233,233,229,229,229,233,229,229,229,229,229,229,229,233,229,233,229,233,229,233,233,233,233,233,229,233,233,229,233,233,233,229,233,233,233,229,233,233,233,229,233,229,229,233,229,229,229,229,229,224,229,218,224,218,218,214,214,209,209,205,201,201,201,201,196,196,196,190,190,190,190,190,190,190,196,196,196,196,196,196,201,196,190,190,185,181,181,181,181,181,181,178,178,175,175,172,172,169,169,165,165,165,165,169,169,165,162,165,165,165,165,162,169,169,169,169,169,169,172,172,175,175,175,178,181,181,185,190,196,201,201,143,135,148,148,153,169,205,112,81,114,114,121,122,125,125,125,125,106,139,205,175,91,128,130,129,133,150,159,159,172,229,69,45,53,185,181,201,190,185,205,214,196,175,162,159,159,243,71,133,116,122,121,117,117,51,110,159,150,153,153,162,153
224,224,224,229,224,229,229,229,229,229,224,229,229,224,229,229,229,229,229,229,229,229,229,233,229,233,229,229,233,233,229,229,233,233,233,233,229,229,233,233,229,229,233,233,233,229,229,233,229,229,229,229,229,229,229,229,224,224,224,218,218,218,214,214,209,205,205,201,201,201,196,196,190,190,185,190,190,185,185,185,190,185,190,190,190,196,190,196,196,185,190,185,181,181,181,181,181,175,175,175,175,172,169,165,169,169,165,165,165,165,169,169,169,165,165,162,165,162,165,165,169,165,169,169,169,172,175,172,175,175,178,181,181,181,190,190,156,135,159,178,196,156,185,175,104,114,104,119,116,121,122,125,125,88,201,185,156,148,127,131,132,131,129,136,159,159,156,57,133,66,30,49,196,178,201,190,185,201,205,178,162,148,229,86,178,122,122,128,127,108,49,71,153,169,162,159,159,153,156,153
218,229,224,229,224,224,229,229,224,224,224,224,224,224,224,224,229,224,229,229,229,229,229,229,229,229,229,229,229,229,229,229,233,233,229,229,224,229,229,229,229,229,233,229,233,229,229,229,229,224,229,229,229,229,224,229,229,224,224,218,214,214,214,214,209,205,205,201,201,205,196,196,190,190,190,190,185,185,185,185,185,185,185,185,190,185,185,185,190,190,190,185,185,181,181,181,178,178,172,172,172,172,169,165,165,162,165,165,165,165,169,165,165,165,169,165,165,165,165,169,169,172,175,175,175,178,175,175,178,178,178,181,185,185,190,145,145,145,153,159,169,159,205,121,108,114,162,121,116,124,122,99,86,185,162,190,165,129,132,136,136,132,130,141,162,159,156,56,62,74,30,45,190,185,201,185,185,205,201,175,110,53,205,185,130,112,121,117,81,41,190,165,169,165,159,156,156,148,162,162
218,224,224,224,224,224,229,224,224,229,224,224,229,224,224,224,229,224,229,224,224,229,229,229,229,229,233,229,229,229,229,229,229,229,229,229,229,229,229,229,229,229,229,224,229,229,229,229,229,229,229,229,229,229,224,224,229,224,224,224,218,214,214,214,214,214,214,209,209,205,205,201,196,196,190,196,190,185,185,185,185,181,185,181,185,181,181,181,181,181,181,181,181,181,178,178,175,175,172,169,169,169,169,165,165,165,165,165,165,169,169,169,169,169,165,169,169,169,169,172,178,181,190,185,185,185,181,178,178,178,181,181,185,185,141,137,172,165,165,190,127,108,121,122,112,116,133,121,116,122,129,196,243,201,97,121,201,130,135,135,137,132,135,150,165,117,106,108,66,128,25,51,196,185,196,181,190,185,143,45,122,148,169,145,124,104,78,41,190,162,165,172,169,169,162,145,156,145,156,165
218,218,224,218,218,224,218,218,218,218,218,218,224,224,224,224,224,224,224,224,224,224,224,224,229,229,229,229,229,229,229,229,229,229,229,224,229,233,229,229,229,229,224,229,229,229,229,224,229,229,229,224,224,229,229,229,229,224,229,229,224,224,224,224,224,218,218,224,218,214,209,209,205,201,201,201,196,196,190,185,181,185,181,181,181,178,178,178,178,178,178,181,178,178,178,175,175,172,169,169,162,162,162,165,165,165,165,169,165,169,169,169,169,169,169,169,169,172,175,178,185,190,196,205,196,190,185,181,181,181,181,178,139,139,156,178,153,165,178,71,110,104,122,122,114,116,145,121,97,185,196,205,108,124,117,119,229,132,136,136,139,136,139,159,117,233,218,121,88,132,37,57,190,185,185,181,145,43,125,125,110,139,133,106,66,66,165,153,172,172,162,169,169,162,153,145,148,145,150,150
218,218,218,218,218,224,218,218,218,218,224,224,224,218,218,218,224,224,224,224,224,224,224,224,229,224,224,229,224,229,224,224,224,229,229,229,229,229,229,224,229,229,229,229,229,229,229,229,229,229,229,224,229,224,229,229,224,229,229,229,229,229,233,233,233,229,229,229,229,229,229,218,214,205,205,205,201,196,196,190,185,185,185,178,178,178,175,175,175,175,175,172,175,172,172,172,169,165,165,165,165,165,165,162,169,169,172,169,172,172,172,172,169,172,169,172,175,175,178,185,196,209,209,218,209,201,185,185,181,185,196,135,137,172,165,175,190,112,104,104,108,104,121,122,112,116,130,122,224,214,237,69,128,125,119,121,196,132,136,136,136,135,106,243,233,214,196,67,86,74,34,74,190,175,165,41,128,119,127,125,114,112,60,65,135,165,156,150,169,172,153,165,162,165,156,143,150,143,148,150
214,214,218,218,218,218,218,218,218,218,218,224,224,218,218,218,224,218,224,224,224,224,224,224,224,224,224,229,224,224,224,224,229,224,224,224,229,229,224,224,229,229,229,229,229,229,229,229,224,229,229,229,229,229,229,229,229,229,229,233,229,229,233,233,229,229,233,233,233,233,233,229,224,218,214,209,209,205,201,196,190,190,185,178,178,178,175,172,172,172,172,172,169,169,169,165,162,162,162,162,162,162,165,165,165,172,175,175,172,172,172,175,172,175,175,175,181,185,185,196,205,218,218,214,201,190,185,185,185,139,135,156,153,156,196,201,110,102,108,104,104,102,121,121,110,128,133,201,190,112,117,99,122,125,119,133,153,133,135,135,248,243,218,233,209,97,153,74,74,68,25,97,156,43,130,125,125,127,124,106,41,55,132,137,137,172,156,153,165,169,159,162,159,162,150,141,145,145,148,150
214,214,218,218,218,218,218,214,218,218,218,218,218,218,218,218,218,224,218,224,224,224,224,224,224,224,224,224,224,224,224,224,224,224,229,224,224,229,229,229,224,229,229,229,229,229,229,229,229,224,229,229,224,224,224,224,229,229,233,229,229,229,233,233,229,233,229,233,229,229,229,229,229,224,218,214,205,205,196,190,185,181,181,178,178,175,175,172,169,169,165,165,165,165,162,165,159,162,159,162,162,165,169,169,169,172,175,172,172,172,169,175,178,181,181,178,185,196,201,201,209,209,209,205,201,196,190,196,150,137,181,175,178,201,88,97,102,102,104,106,104,106,122,214,233,209,162,122,127,110,121,93,122,125,119,127,143,130,159,93,224,233,224,63,150,162,153,72,84,88,24,121,121,124,124,125,124,112,34,41,137,135,136,137,135,165,148,145,153,169,159,150,156,162,156,145,145,143,145,145
218,214,218,218,214,214,218,214,214,218,218,218,218,218,214,218,218,218,218,218,224,218,218,224,224,224,224,224,224,224,224,224,224,224,224,224,224,229,229,224,224,224,229,229,229,224,224,229,229,229,229,229,229,224,229,224,224,229,233,229,229,229,229,229,233,229,229,229,229,224,224,224,224,224,218,209,205,205,196,190,185,181,181,178,175,175,172,169,169,165,165,162,159,159,159,159,159,159,159,162,162,162,165,169,172,175,178,178,175,175,172,181,185,190,185,196,196,205,209,214,205,201,196,201,190,190,145,136,165,162,153,214,175,69,108,102,102,102,106,102,104,104,95,156,233,241,127,130,128,114,121,84,127,125,122,129,131,132,214,229,214,125,153,159,159,159,162,78,95,99,43,130,119,117,125,106,12,21,156,156,148,137,135,135,135,150,143,145,150,153,148,129,150,156,153,148,143,141,141,69
214,214,214,214,214,214,218,214,218,214,218,218,214,214,218,218,218,214,218,218,218,218,224,218,224,224,224,224,224,224,229,218,224,218,218,218,229,224,224,229,229,229,229,229,229,229,229,224,229,229,229,224,224,218,224,224,224,229,229,233,224,224,224,224,224,233,224,224,224,224,224,218,218,218,209,209,201,196,190,185,185,181,178,175,175,172,172,169,169,165,162,162,159,159,159,159,159,159,159,159,162,162,169,172,175,178,181,181,178,178,178,185,190,205,209,209,209,218,214,209,201,205,190,201,201,137,150,153,162,159,205,88,97,104,108,104,106,104,104,95,175,190,218,181,252,121,136,130,129,114,119,81,132,124,117,139,229,224,218,133,127,162,159,165,150,159,159,93,97,112,104,132,121,122,29,44,162,169,169,156,150,143,135,136,137,148,145,145,143,145,145,117,150,156,150,148,122,108,49,33
209,218,214,214,214,214,214,218,214,214,214,218,214,214,218,218,218,218,218,218,218,218,218,218,218,224,224,224,224,218,224,224,224,224,224,224,218,224,224,229,229,229,229,229,233,229,229,229,224,224,224,224,224,224,224,224,218,224,229,229,224,218,224,218,218,218,224,214,218,218,214,209,214,214,209,205,205,190,190,185,185,181,178,175,175,175,172,169,169,165,162,159,162,162,159,156,159,159,159,159,162,165,172,175,181,185,190,190,196,196,190,196,201,205,214,214,218,224,218,205,201,196,196,145,169,159,141,153,172,178,88,116,104,97,106,99,104,104,106,246,201,181,93,108,125,121,131,128,129,117,119,76,148,153,224,224,196,133,69,139,148,169,159,169,148,156,156,119,108,116,93,130,62,114,185,169,162,165,181,159,150,172,137,136,135,145,143,139,145,145,145,69,153,156,51,159,34,66,127,117
209,214,214,214,214,214,214,214,214,214,214,218,214,214,214,218,214,214,214,218,214,218,218,218,218,218,218,218,218,224,218,224,224,218,224,224,224,224,224,224,224,229,229,229,233,229,229,229,224,224,224,224,224,224,224,224,224,224,224,224,224,224,224,218,214,214,209,209,209,205,205,205,201,205,205,201,196,190,185,181,181,181,181,175,175,172,172,169,169,165,165,165,162,162,159,159,159,159,159,159,162,169,178,181,196,201,209,214,218,214,209,209,214,218,224,229,224,229,224,209,201,201,178,205,218,165,185,181,112,99,110,116,104,99,104,112,102,97,218,214,133,114,108,110,127,121,133,128,128,117,116,132,224,241,224,178,128,139,145,141,159,156,159,162,150,159,153,218,112,117,48,130,162,178,201,175,159,165,201,165,156,181,137,136,136,141,145,137,145,143,143,45,74,143,33,122,114,108,112,104
209,209,209,214,209,214,214,214,214,214,214,214,214,214,214,214,224,214,214,214,218,218,218,214,214,218,218,218,218,218,218,218,224,224,218,224,224,224,224,224,224,224,229,233,237,233,229,229,224,224,224,229,224,229,224,224,224,224,224,224,224,218,218,214,214,209,205,205,201,201,201,196,196,201,196,196,190,181,185,181,178,178,178,175,175,172,169,169,169,169,165,162,159,159,159,156,159,159,159,162,165,172,181,190,196,209,218,224,218,218,218,224,224,218,229,224,229,229,218,214,159,175,201,175,159,178,201,95,102,102,110,112,104,102,117,190,196,218,190,110,116,119,114,121,128,122,130,129,128,229,237,185,224,201,106,129,150,148,148,136,162,162,156,169,153,159,116,84,159,114,43,136,178,190,201,175,175,178,214,162,156,190,136,135,135,141,143,139,141,137,37,37,33,122,124,116,117,102,99,88
209,209,209,209,214,209,209,214,214,214,214,214,218,214,214,214,214,214,214,214,218,214,214,214,214,214,218,218,218,218,224,224,224,218,224,218,224,224,224,224,224,224,229,237,233,233,229,224,229,224,224,224,224,224,224,224,224,229,224,224,224,224,218,218,214,209,205,201,201,201,196,190,190,190,190,190,185,181,178,178,178,178,175,175,175,172,172,169,165,165,165,162,162,162,159,159,159,159,159,162,169,175,185,205,214,218,218,224,229,224,229,218,218,229,218,224,229,224,218,175,214,229,175,185,196,205,141,102,99,102,108,108,102,119,201,229,209,119,102,99,121,122,112,117,124,121,124,169,110,229,233,181,127,116,127,132,136,148,150,145,162,178,169,172,133,128,248,93,205,117,67,130,185,201,205,181,172,181,214,156,153,190,136,135,135,136,141,31,42,33,119,104,124,116,69,99,97,112,27,47
205,209,209,209,209,209,214,209,209,214,214,214,214,214,214,214,214,214,214,214,214,214,214,214,214,214,214,218,218,218,218,218,218,218,224,218,224,224,224,229,229,224,229,233,237,237,233,233,229,229,229,224,224,224,224,224,224,224,224,224,224,218,218,218,214,209,205,205,205,201,201,201,190,190,185,185,185,181,178,178,175,175,178,175,175,172,169,169,165,165,165,165,159,159,159,159,159,159,162,165,172,181,201,218,224,229,224,229,229,229,229,233,233,224,218,218,218,190,172,196,178,178,201,172,110,104,137,99,102,102,106,106,119,209,201,102,124,121,104,99,121,122,112,119,125,137,112,237,233,224,110,62,116,121,128,135,128,150,150,172,159,172,141,178,245,205,196,172,102,169,91,127,185,196,201,178,175,190,218,190,150,178,135,133,136,88,47,33,130,119,116,91,116,116,42,30,71,31,145,143
209,209,209,209,209,209,209,209,209,209,209,209,209,214,214,214,214,214,214,214,214,214,214,214,214,209,214,214,214,218,218,218,218,224,224,224,224,224,229,229,229,229,229,229,237,224,229,229,224,229,224,224,224,224,224,224,224,224,218,218,218,218,218,214,214,214,209,205,205,201,205,201,196,196,190,190,185,181,181,181,178,178,175,175,178,175,172,169,165,165,165,162,162,162,159,159,159,162,165,169,175,181,196,209,229,229,229,229,229,229,233,233,233,229,224,224,165,185,224,196,196,218,249,110,112,102,132,99,104,99,122,229,224,205,68,97,121,122,104,99,119,122,112,114,143,205,201,243,68,114,122,59,124,121,129,135,128,150,150,172,99,178,229,224,229,190,237,88,91,119,112,130,172,178,185,178,175,185,201,153,148,145,116,69,34,49,128,129,121,119,106,104,79,37,130,106,110,143,145,141
205,205,209,205,209,209,205,209,209,205,209,209,209,214,209,214,214,214,214,214,214,214,214,214,214,214,214,214,214,218,218,218,218,224,224,229,229,229,229,229,229,229,229,229,229,224,224,224,224,224,229,218,224,224,224,218,218,218,218,224,218,214,214,214,214,214,214,209,214,209,205,205,205,205,201,196,196,185,185,181,181,178,178,178,178,178,178,172,169,165,169,165,162,162,162,162,162,165,169,172,178,185,196,209,229,224,229,229,229,229,233,233,233,233,233,181,201,156,169,190,209,110,104,110,112,102,127,99,93,127,224,196,108,117,95,97,121,122,104,99,119,117,95,229,214,224,88,114,116,114,124,71,125,122,129,133,127,150,88,178,229,209,224,218,99,137,137,84,108,137,86,129,159,159,169,169,178,190,209,156,39,112,37,124,125,110,110,114,112,86,42,35,27,99,99,102,104,135,141,137
205,205,209,205,205,205,209,209,209,205,209,209,209,209,209,214,209,214,214,214,214,214,209,214,214,214,214,209,214,214,214,214,218,218,229,229,229,229,224,229,229,229,229,229,224,218,218,224,224,224,224,229,224,218,224,218,218,214,218,218,214,214,214,214,214,214,214,214,214,214,209,209,205,205,201,196,196,196,196,190,185,185,181,185,185,181,181,175,172,169,169,165,165,165,165,165,165,172,175,181,185,196,209,214,224,224,233,229,229,229,229,224,224,162,196,224,162,178,185,104,112,119,108,110,112,97,124,124,233,229,99,97,119,121,95,99,121,121,108,97,224,224,233,224,141,110,110,117,121,117,124,74,125,122,128,132,79,181,237,172,237,224,116,153,165,150,145,79,106,209,95,132,159,159,159,162,178,190,43,72,38,122,127,125,117,110,114,72,41,43,135,49,95,97,102,99,97,131,141,139
205,205,205,205,209,205,205,209,209,209,209,209,205,209,209,209,209,209,214,214,209,209,209,209,214,209,214,209,214,214,214,214,214,224,229,229,229,229,229,229,229,229,229,218,218,218,224,224,224,224,224,224,224,224,218,218,218,218,218,218,218,218,218,214,214,214,214,214,214,214,214,209,209,205,205,201,205,201,201,196,196,190,185,185,181,185,181,178,175,175,175,172,175,175,172,172,178,185,185,190,205,214,214,218,224,229,224,233,229,229,233,233,178,214,145,178,209,185,119,114,110,117,108,108,102,159,241,218,175,116,104,108,121,122,95,99,119,121,201,233,218,201,117,49,104,114,116,117,119,116,124,104,124,124,112,148,224,224,229,141,112,156,162,162,165,139,145,76,108,178,104,132,169,169,169,156,53,38,24,127,121,71,112,117,95,53,19,34,145,132,132,56,88,93,97,99,97,135,137,137
201,205,201,205,205,205,209,201,205,205,205,209,209,209,209,209,209,209,209,209,209,209,209,209,209,209,209,209,209,209,209,209,214,214,229,229,229,229,229,229,229,229,229,224,218,218,218,218,224,218,218,224,224,218,224,218,218,218,218,218,214,214,214,214,214,214,214,214,214,214,209,209,205,205,205,205,205,201,201,201,196,196,190,185,185,181,181,181,181,178,181,178,181,185,190,190,201,201,201,205,218,224,229,229,229,229,224,229,229,233,169,196,224,214,196,196,106,110,122,112,108,121,108,95,93,214,165,121,122,117,106,108,119,121,95,102,125,84,224,178,218,108,60,59,110,116,114,119,119,121,124,125,116,91,245,229,214,209,237,122,135,148,156,162,162,139,153,86,86,99,106,131,169,52,148,44,121,129,122,110,97,108,84,48,56,119,165,169,156,169,153,68,131,95,95,93,88,137,135,133
201,201,205,205,205,205,205,205,209,205,205,205,205,209,209,205,209,209,209,209,209,209,209,209,209,209,209,209,209,209,214,214,214,214,218,229,229,229,229,224,224,224,224,229,214,218,218,218,224,218,224,224,218,218,218,218,224,218,218,218,214,214,214,214,214,214,209,209,209,205,205,209,209,209,205,201,201,201,201,201,205,196,185,185,185,190,185,185,181,181,185,185,196,201,205,214,209,209,214,214,224,229,229,229,229,229,229,229,229,175,209,137,196,190,133,78,102,110,119,116,116,119,128,229,205,102,122,108,122,117,106,104,117,119,81,131,241,241,201,108,104,97,60,76,104,117,116,116,119,117,106,74,214,209,237,141,93,130,139,88,135,143,150,159,159,143,143,116,102,63,112,128,63,37,119,125,122,116,106,102,51,38,33,128,84,124,159,156,165,165,172,72,117,128,91,81,122,137,133,175
201,205,205,205,205,205,205,205,205,205,205,205,205,205,205,205,205,205,209,205,209,209,209,209,209,209,209,209,209,209,209,209,209,209,209,214,214,218,224,224,224,224,224,224,218,218,218,218,218,218,218,214,218,218,218,218,224,218,218,218,214,214,214,214,214,209,209,209,205,205,205,201,205,201,201,201,196,201,196,196,201,201,190,185,190,190,190,190,190,190,201,201,205,209,209,214,214,214,214,218,218,224,229,229,229,229,229,224,224,224,218,209,214,133,106,91,102,106,125,110,114,245,201,196,79,106,125,110,121,119,104,102,114,233,224,233,214,249,99,102,102,97,56,76,108,112,112,114,84,78,229,135,241,106,97,139,165,133,139,84,135,143,150,156,156,137,141,119,86,61,114,104,121,124,116,117,116,108,43,69,148,116,116,112,112,114,153,159,172,159,172,61,132,127,86,119,99,156,145,141
201,205,205,205,205,201,201,205,205,205,205,205,205,205,205,205,205,205,205,205,205,205,205,209,209,205,209,209,209,209,205,205,209,205,209,205,209,209,209,218,218,224,218,218,218,218,218,218,218,218,214,218,224,218,218,214,214,214,214,214,214,209,209,209,205,209,205,205,205,201,201,201,201,201,201,196,196,196,201,201,205,196,190,190,190,190,196,196,201,205,209,214,214,214,218,218,214,218,218,218,218,224,229,224,229,224,229,224,224,185,185,104,108,108,108,84,104,104,117,104,214,162,153,122,117,108,119,110,124,119,104,97,229,214,201,251,108,110,97,102,102,99,60,60,102,112,108,79,224,245,224,86,128,131,136,143,169,135,139,67,132,137,148,148,148,112,218,190,78,53,86,122,116,121,104,71,66,34,162,162,141,99,99,104,108,114,148,162,175,159,175,57,132,106,119,97,97,175,137,136
201,201,205,205,201,201,201,205,205,205,205,205,205,205,205,205,205,205,205,205,209,209,205,205,205,205,209,205,209,205,209,209,209,205,205,205,209,205,209,209,214,214,218,214,214,224,218,218,218,218,218,218,218,218,218,214,214,214,214,214,214,209,209,209,209,209,205,201,201,201,201,205,205,201,205,201,201,201,201,201,201,201,201,201,196,196,201,209,218,224,218,218,214,214,218,218,218,218,224,224,229,229,229,229,224,224,224,224,224,178,76,81,108,106,97,84,124,102,214,196,112,95,108,121,117,110,116,110,122,243,246,209,209,110,97,97,108,112,97,99,97,97,56,69,122,114,241,229,229,91,114,129,133,135,136,141,165,135,136,59,132,135,150,88,91,229,218,81,143,48,129,117,114,59,132,205,128,162,150,141,137,91,97,99,102,117,143,165,201,181,143,53,110,93,88,93,104,145,135,135
196,201,205,205,201,201,205,201,201,201,201,201,201,201,205,205,205,201,205,205,205,205,205,205,205,205,209,209,205,205,205,205,205,205,205,205,205,205,209,205,205,209,209,209,214,214,218,218,214,218,218,224,218,214,214,214,218,218,214,214,214,214,209,205,209,205,209,205,205,205,205,205,205,205,205,205,201,205,209,209,209,209,209,214,214,214,218,224,224,218,218,218,218,214,214,218,218,218,229,224,224,224,224,224,224,224,224,224,224,106,99,78,106,104,99,78,153,209,133,68,108,106,104,122,117,108,121,84,110,229,246,95,51,57,95,95,106,106,95,97,97,95,119,129,209,237,214,74,114,117,122,141,132,136,135,137,165,132,135,59,133,72,76,218,233,229,214,95,148,61,128,95,34,190,201,175,78,156,137,137,137,93,93,97,102,121,145,143,162,148,139,43,122,91,88,86,97,68,104,150
196,201,201,201,201,201,205,201,201,196,201,201,201,205,205,201,201,205,205,201,205,201,201,205,201,205,205,205,205,205,205,205,205,205,205,205,205,205,205,209,205,205,205,205,205,209,218,214,218,218,214,218,224,218,214,214,218,214,214,214,214,214,209,209,209,205,205,205,205,209,205,205,209,205,205,209,209,209,214,214,218,224,224,224,224,224,224,224,224,224,218,218,218,214,218,218,218,224,224,224,224,224,224,218,224,218,224,218,218,106,95,84,104,99,108,233,209,119,99,106,106,95,104,119,117,102,137,243,249,185,97,116,61,55,91,93,104,106,88,125,252,181,229,243,159,224,116,114,112,121,122,136,132,136,136,137,156,131,121,81,243,233,241,233,214,74,190,145,243,93,86,127,178,178,178,159,41,143,136,139,139,97,91,93,97,108,143,141,153,175,143,39,102,88,88,49,35,38,27,112
196,196,205,201,201,201,201,201,201,201,201,201,201,201,201,201,205,201,201,201,201,201,201,201,201,201,205,205,201,205,205,205,201,205,205,201,205,205,205,201,205,201,201,205,205,209,209,205,209,218,214,145,112,214,218,218,214,218,218,218,214,214,214,209,205,205,205,201,205,205,205,209,209,209,209,209,209,209,218,218,218,218,218,224,224,218,224,224,224,218,224,218,214,214,214,214,218,218,218,218,224,224,218,224,218,218,218,214,218,108,97,84,106,237,224,79,102,108,95,108,106,99,102,122,122,241,224,241,84,110,116,114,60,56,88,91,102,122,91,178,229,229,165,224,88,121,141,114,114,121,122,137,132,135,136,139,81,125,245,201,241,224,119,106,145,169,178,132,133,66,69,133,169,175,159,178,31,162,139,137,139,99,91,91,93,116,145,137,143,143,150,38,57,125,66,37,117,79,97,99
196,196,201,201,201,201,196,196,201,196,201,201,196,201,201,201,201,201,201,201,201,201,201,201,201,201,205,205,205,205,201,205,201,201,201,201,201,201,201,201,201,205,205,205,205,209,201,205,205,205,209,137,104,214,214,214,214,214,214,214,214,214,209,205,201,201,196,201,201,201,205,205,205,205,205,205,209,214,218,218,218,218,224,224,218,224,224,224,224,224,218,214,214,214,214,214,214,214,214,214,214,214,214,214,214,218,214,218,218,112,102,62,224,233,65,116,104,108,97,108,106,108,248,250,241,218,153,99,112,112,114,112,62,56,91,121,252,169,229,218,209,112,125,127,88,124,178,110,112,122,122,141,132,136,88,97,214,205,241,190,125,97,143,153,153,156,181,104,66,88,61,132,172,178,165,175,21,156,143,137,137,99,93,91,93,99,137,135,143,125,156,35,31,110,99,99,95,79,88,93
196,196,196,201,196,196,196,196,196,196,196,196,196,196,201,201,196,201,196,201,196,196,196,201,201,201,201,201,201,205,201,196,201,201,201,201,205,201,201,205,201,205,201,201,205,201,205,205,201,205,205,124,117,214,214,214,214,209,214,209,205,205,205,201,201,201,201,201,201,205,201,201,201,201,201,201,205,205,209,218,218,218,218,218,218,218,224,218,218,218,218,218,209,209,209,209,214,209,209,209,214,214,209,214,214,214,214,218,218,224,209,205,104,102,106,119,104,104,84,104,119,246,237,214,136,106,229,104,114,112,114,114,62,59,245,172,237,237,229,110,119,121,125,128,91,127,175,112,110,121,121,128,110,218,251,246,233,190,133,233,133,139,148,156,156,150,190,86,124,112,61,133,181,190,162,156,38,145,139,136,136,99,95,88,84,91,88,156,145,33,116,84,95,108,97,99,95,72,81,102
196,196,196,196,201,196,196,196,196,196,196,201,196,196,196,201,201,201,201,201,201,196,196,196,196,201,196,201,201,201,201,201,201,201,201,196,201,201,201,201,201,201,205,205,201,201,201,201,201,205,209,76,57,214,209,209,209,209,205,205,201,205,205,205,201,201,201,201,201,196,196,201,201,196,201,201,196,201,209,209,214,218,218,214,214,214,214,218,214,218,218,214,209,209,209,205,205,209,209,209,209,214,209,209,214,209,214,214,218,214,81,104,116,108,106,116,104,102,76,84,233,218,81,99,99,104,233,102,114,114,114,114,249,218,233,243,243,143,102,102,119,122,124,127,84,127,150,112,108,95,143,224,248,237,237,93,72,127,132,243,137,145,153,159,156,148,181,86,114,95,61,131,162,181,156,162,35,139,133,132,133,95,84,86,41,52,37,119,108,106,102,95,102,99,99,88,104,69,62,34
196,190,196,196,190,196,190,190,196,196,196,196,196,196,201,201,196,196,201,201,196,196,196,196,196,196,196,196,201,201,201,201,196,201,201,201,196,196,196,196,196,196,201,201,201,201,201,201,201,205,84,76,61,78,205,205,205,205,201,205,205,201,201,201,205,201,196,196,196,201,196,201,196,196,196,196,196,205,205,209,209,214,214,214,214,214,214,214,218,214,218,214,209,209,205,205,205,205,209,209,205,205,214,209,209,209,214,209,209,79,102,106,114,108,108,110,95,88,233,233,84,93,97,99,102,104,241,102,108,112,86,181,229,241,218,76,97,97,102,99,117,122,124,125,95,128,114,78,79,245,249,214,241,76,127,127,122,127,135,248,137,143,143,153,156,150,159,84,93,224,44,117,172,172,150,148,35,139,130,131,131,39,78,39,116,110,95,104,106,104,99,88,76,104,51,34,38,31,130,130
196,196,196,196,190,196,196,196,196,196,190,196,196,190,196,201,201,196,201,201,196,196,196,196,196,201,201,196,196,196,196,201,196,201,196,196,196,196,196,196,196,196,201,196,196,201,201,201,201,205,84,91,116,69,205,205,205,205,205,201,205,201,201,201,201,196,201,201,201,201,201,196,196,201,196,196,196,201,205,205,209,209,214,209,209,209,209,214,214,218,214,214,209,205,209,205,209,205,205,205,205,205,205,205,205,205,205,209,209,104,102,119,114,106,102,137,251,246,129,106,104,97,102,102,99,106,237,99,246,229,237,214,178,68,108,106,99,104,102,95,121,122,124,124,81,246,156,241,246,241,205,241,116,119,125,128,122,128,135,253,137,141,136,153,153,150,153,119,78,214,31,124,162,153,143,148,47,133,51,148,35,59,110,116,114,112,106,106,104,88,114,55,42,53,125,127,129,44,129,131
196,196,190,196,196,196,196,190,196,190,190,190,196,196,196,190,196,196,201,201,196,201,201,196,196,196,196,196,196,196,196,196,196,196,196,201,196,196,196,196,196,190,196,196,196,201,201,201,201,201,114,78,69,132,209,205,201,205,201,205,205,205,196,201,201,201,196,196,196,196,196,201,196,196,196,196,201,196,201,201,209,209,209,209,209,214,214,214,214,214,218,214,205,205,201,205,205,205,201,201,201,201,205,201,205,205,205,205,205,104,104,99,108,252,237,245,243,79,137,106,104,97,102,102,93,106,209,249,233,224,128,74,110,110,112,106,102,104,99,97,119,122,119,196,245,241,237,229,99,76,116,246,116,121,124,128,122,127,132,253,136,137,128,148,84,121,243,249,127,93,24,108,145,141,137,84,43,39,49,104,114,106,102,104,114,99,102,88,41,39,106,128,125,127,130,128,129,42,127,128
190,196,190,190,190,190,196,196,190,196,196,190,190,196,196,196,196,196,196,196,196,196,196,196,196,196,196,196,190,196,196,196,190,196,196,190,196,190,190,196,196,196,196,196,196,196,196,196,196,84,112,79,66,57,104,201,201,201,201,201,205,196,196,201,196,196,196,196,196,196,196,196,196,196,196,196,190,190,196,196,205,205,214,209,214,214,209,214,214,218,214,214,201,205,205,205,205,201,201,201,201,201,201,201,201,201,201,201,201,104,102,246,246,245,229,110,108,114,135,106,102,95,99,102,136,241,205,229,93,93,102,104,116,112,114,106,104,102,102,99,117,88,246,229,233,229,71,108,110,110,116,245,114,121,125,128,122,127,130,252,133,135,106,86,218,214,181,237,116,136,44,95,86,143,63,43,88,108,108,117,110,102,97,106,66,37,45,128,129,128,129,130,128,129,130,127,124,48,124,125
190,196,196,190,190,185,190,190,190,190,190,196,190,190,196,190,196,196,196,196,190,196,196,196,196,201,196,196,196,196,196,196,196,196,190,190,190,196,196,196,196,196,196,196,196,196,196,196,196,110,78,81,88,145,106,201,201,196,201,201,205,196,196,196,196,196,201,196,196,196,196,196,196,196,196,190,190,190,196,196,196,205,205,209,209,214,209,214,214,214,214,209,205,209,205,201,201,201,201,201,201,201,196,196,201,201,201,201,201,97,125,229,229,119,112,131,104,114,128,106,102,99,229,250,233,243,71,99,104,114,104,106,116,112,114,108,102,102,81,97,224,181,209,132,84,108,108,112,110,114,117,233,114,124,124,127,119,127,130,250,162,224,209,214,218,181,119,145,67,130,69,67,42,108,110,116,112,117,110,110,102,49,38,42,130,130,30,131,125,124,122,129,124,124,127,127,122,47,122,124
190,185,185,185,190,190,190,190,185,190,190,196,190,190,190,190,190,190,190,190,190,196,196,196,196,196,196,190,190,190,190,190,190,190,190,190,190,190,190,196,190,190,190,190,196,196,196,196,88,148,86,84,91,69,95,66,201,196,196,196,205,196,196,196,196,196,196,196,196,196,196,190,196,196,196,190,190,190,190,196,196,196,201,205,201,201,205,209,214,209,209,209,209,205,205,201,201,201,201,196,196,196,196,196,196,201,196,196,196,218,214,108,110,106,108,135,104,112,124,102,114,249,245,245,71,106,91,112,108,114,104,104,116,108,114,99,245,245,229,233,214,78,95,99,84,110,102,112,114,116,119,205,119,125,124,128,84,122,246,156,214,214,181,128,246,159,172,119,104,132,63,84,95,110,110,110,106,119,88,22,38,65,127,128,128,128,30,124,121,121,121,125,121,122,124,122,122,45,121,122
185,185,185,190,190,185,190,190,185,190,185,185,190,190,190,190,196,190,196,196,196,196,196,196,196,196,196,196,190,190,190,196,201,201,190,190,190,190,190,190,190,185,190,196,190,196,196,190,218,76,74,99,209,178,95,57,201,196,196,196,205,196,196,196,196,196,196,190,196,196,196,196,196,190,196,196,190,190,190,190,196,196,196,201,196,196,205,209,209,214,209,205,201,201,201,201,196,201,201,201,201,196,196,201,196,196,196,196,196,91,95,91,110,108,106,137,97,108,129,249,237,233,86,108,104,108,86,114,106,114,106,110,116,95,131,237,233,233,214,124,102,102,110,108,91,112,97,114,114,114,117,243,124,127,128,69,237,190,241,165,245,104,76,143,141,159,162,114,190,124,95,72,99,104,102,93,26,38,130,127,125,49,125,125,125,128,38,121,119,117,119,127,108,121,122,122,119,43,119,119
185,185,190,190,185,185,185,190,185,190,190,190,185,185,185,190,190,190,190,190,190,190,190,196,196,196,196,196,190,185,214,218,201,201,201,196,201,190,190,190,190,190,196,190,190,196,196,122,99,110,84,76,71,61,67,121,93,196,190,196,196,196,196,196,196,196,196,196,196,196,196,196,190,196,190,196,196,190,190,190,196,190,190,196,190,196,201,201,214,209,209,205,201,205,201,196,196,201,201,201,205,201,196,196,196,196,196,196,196,108,102,88,106,106,99,137,133,249,229,241,91,165,117,99,102,104,86,112,106,112,110,150,79,214,233,233,74,76,110,106,106,108,108,124,91,114,95,112,112,112,117,190,148,209,237,233,218,150,108,124,131,136,79,141,136,136,156,122,233,114,125,74,38,117,31,129,39,129,128,128,127,31,124,124,124,125,71,121,116,114,116,121,108,119,121,119,117,34,117,116
190,185,185,190,190,185,185,190,185,190,190,185,185,190,190,185,190,190,185,190,190,190,190,190,190,196,196,196,196,196,229,241,214,201,201,201,205,196,185,190,190,190,190,190,190,190,132,121,63,91,74,56,62,137,53,102,62,201,196,196,196,196,196,196,196,196,196,196,196,190,190,190,196,196,190,196,196,190,190,190,196,190,190,196,196,201,214,209,209,209,209,205,205,205,205,196,196,201,205,201,201,196,201,196,196,196,190,196,196,108,102,68,106,99,172,248,243,245,135,95,99,175,117,97,104,102,84,110,106,214,190,233,224,218,67,104,114,108,112,110,108,110,114,129,95,112,97,110,86,78,233,181,233,201,201,185,99,125,130,125,133,137,55,137,132,125,150,124,104,84,125,24,124,130,125,122,39,124,125,125,125,27,121,122,121,122,74,114,112,110,110,116,112,114,119,117,114,35,112,114
185,185,185,185,185,185,185,185,185,190,185,190,185,185,185,190,190,185,190,190,190,190,190,190,190,190,196,196,196,196,224,218,196,201,201,201,201,201,185,185,185,190,190,190,190,190,145,253,229,241,67,122,68,66,60,172,121,66,196,190,196,201,196,196,196,190,196,196,190,196,190,190,190,190,190,190,196,190,190,190,190,190,190,190,196,205,209,209,209,209,209,205,201,205,201,201,196,196,196,201,201,196,196,196,196,196,190,196,190,110,93,69,119,249,245,214,135,97,88,99,104,165,116,97,99,99,78,190,243,185,224,214,122,104,112,112,116,110,114,110,110,112,110,133,102,99,243,93,241,245,237,190,137,119,119,129,127,125,129,124,130,132,45,131,129,108,141,129,68,71,114,20,116,122,121,116,38,136,129,122,121,22,117,121,116,117,81,112,108,106,110,114,108,114,116,114,114,29,110,112
181,181,185,181,181,181,181,185,185,181,185,185,181,185,185,185,185,185,190,185,190,190,190,190,190,190,196,196,196,196,237,201,196,196,201,196,201,201,201,196,201,190,185,190,190,135,117,110,129,63,112,72,62,49,71,81,51,62,196,196,196,196,196,196,190,196,190,190,196,190,196,190,196,190,190,196,190,196,190,185,196,190,196,190,190,205,205,209,209,209,205,205,205,201,201,201,201,196,196,196,196,190,196,196,196,190,185,190,190,116,249,241,243,243,122,165,93,99,102,97,99,159,112,97,91,108,181,233,218,114,71,106,108,108,114,108,116,110,110,114,110,112,130,108,102,201,218,218,233,233,108,106,119,119,119,127,124,125,128,130,127,127,48,128,124,84,136,121,119,62,88,11,95,121,117,110,31,130,121,117,121,31,117,114,114,116,117,106,102,104,108,110,108,108,114,110,108,26,57,63
178,178,181,181,185,181,185,181,181,181,185,181,185,185,185,181,185,181,185,185,190,185,185,185,190,190,190,196,196,196,201,196,196,196,196,201,201,196,201,201,201,201,201,201,196,178,248,9,112,141,39,71,124,42,42,42,112,122,91,196,196,196,196,190,190,190,196,190,190,190,190,190,196,196,196,190,196,190,190,190,190,196,190,190,190,196,205,205,205,201,205,201,201,201,196,201,196,196,196,196,196,190,190,190,190,190,185,190,185,241,214,201,229,97,95,162,95,97,63,97,104,141,99,110,224,241,214,108,102,104,104,108,110,108,112,108,116,110,114,112,91,178,233,224,229,243,185,93,86,116,119,114,119,117,117,128,127,127,127,122,128,125,66,122,121,72,125,104,106,102,61,11,78,116,108,106,39,129,125,116,114,14,116,112,112,114,117,104,102,102,104,104,104,97,30,35,42,24,47,108
178,181,181,181,178,178,181,181,181,181,178,181,181,181,185,185,185,190,185,185,185,185,185,185,190,190,190,190,196,190,196,196,196,190,196,196,196,196,201,201,201,201,196,201,93,76,30,102,104,72,88,72,43,35,84,99,127,119,125,196,190,190,190,190,190,196,190,196,190,190,190,190,190,190,190,190,190,190,185,190,190,190,190,185,190,201,205,205,205,201,201,201,201,190,201,196,196,196,196,196,196,196,190,190,190,185,185,185,185,218,78,56,97,93,95,185,93,99,62,93,97,245,245,233,205,108,224,99,99,104,106,110,112,108,112,104,114,108,95,81,233,190,233,196,106,108,99,108,108,116,119,121,117,117,117,129,128,125,125,122,124,121,99,119,117,245,241,229,178,135,224,11,67,108,108,104,49,128,121,112,110,26,114,110,108,108,112,102,97,108,31,74,37,30,30,106,102,95,114,119
181,178,181,178,178,181,178,181,178,181,178,181,181,181,181,181,181,181,181,185,185,190,185,185,190,185,185,190,190,190,196,190,196,196,196,196,196,196,201,196,201,201,201,201,59,91,72,122,60,127,69,10,26,52,43,102,114,51,59,76,190,196,196,190,190,190,190,190,196,190,190,190,190,190,190,190,190,190,190,190,190,201,190,190,196,201,201,201,201,201,201,196,190,196,196,196,196,196,196,196,190,190,190,185,185,185,181,185,181,108,97,57,95,93,99,209,97,91,97,251,243,214,88,84,97,99,214,95,99,104,104,104,108,104,110,93,106,201,237,233,209,137,110,110,112,116,99,104,104,112,119,117,117,119,122,127,122,119,121,112,229,178,250,248,237,201,229,201,218,243,209,16,53,108,106,104,65,122,114,110,108,29,108,106,102,110,91,136,47,34,27,108,121,99,116,108,97,102,116,117
178,178,178,178,181,178,178,178,178,181,178,181,178,181,181,178,181,181,181,181,181,185,185,185,190,190,185,185,190,190,190,190,196,196,196,196,196,196,201,196,196,196,196,201,63,93,66,63,56,121,79,66,35,63,47,26,51,29,74,52,190,190,190,190,190,190,190,190,190,190,190,190,190,196,190,190,190,190,185,190,196,201,196,196,201,201,201,201,201,196,196,196,190,196,196,190,190,196,190,190,190,185,185,181,181,181,181,181,181,110,102,57,97,97,104,159,79,237,181,243,156,254,102,97,104,93,201,91,97,102,104,99,106,91,229,241,233,229,237,233,110,108,102,108,110,114,95,102,102,110,119,116,117,117,117,117,88,78,91,250,249,251,209,233,214,106,117,52,71,201,172,16,22,106,102,102,86,112,108,106,104,31,60,53,79,47,17,117,125,121,102,97,110,106,110,117,122,91,119,39
178,178,178,178,175,178,178,178,178,178,178,178,178,181,178,178,181,178,181,181,181,181,181,181,181,185,190,185,185,190,190,190,190,190,190,190,190,190,196,196,196,196,196,190,57,93,74,71,66,112,68,19,35,68,43,33,49,29,68,63,190,190,190,190,190,190,190,190,190,190,190,190,185,190,190,190,190,190,190,190,201,201,201,196,201,196,196,196,196,196,190,190,190,190,190,190,185,190,190,190,185,190,185,181,181,181,181,181,181,102,97,59,97,252,249,201,224,190,133,97,88,253,102,97,112,95,196,93,95,95,127,79,233,245,249,224,110,88,112,112,108,106,102,106,114,114,97,102,102,117,117,124,114,74,133,86,248,224,253,243,243,248,74,95,66,63,63,57,62,169,63,17,30,102,102,97,93,106,97,47,128,30,30,106,119,116,110,117,125,119,117,108,110,110,121,29,26,27,26,95
178,178,181,175,178,178,178,178,175,178,178,178,178,181,178,178,178,178,178,181,178,181,185,181,181,185,181,185,190,185,185,190,185,190,185,185,190,190,190,190,190,190,196,181,63,93,91,61,76,88,68,20,41,72,38,91,43,34,67,65,185,190,190,190,190,185,190,190,185,190,190,190,185,190,190,190,196,190,190,190,196,190,196,196,196,196,190,190,196,190,190,190,190,190,190,190,185,190,190,190,190,185,181,181,181,181,181,178,178,108,84,172,246,245,209,104,99,99,122,99,95,254,99,99,106,95,181,78,99,233,229,218,233,79,81,114,106,106,108,110,104,104,102,104,104,114,97,99,99,112,91,104,102,218,249,249,243,214,201,106,55,62,159,68,65,68,61,56,60,62,59,17,14,93,102,117,135,47,31,69,112,104,114,112,125,122,97,122,121,112,106,31,21,34,39,93,86,93,88,93
175,175,175,175,175,175,175,178,175,175,175,175,175,175,178,178,178,178,178,178,178,178,178,181,181,181,181,181,181,185,181,185,185,181,185,185,185,185,185,185,185,185,190,178,66,93,86,53,74,71,65,52,30,53,41,57,49,42,71,62,190,190,190,190,185,190,185,190,190,196,201,201,185,190,185,190,196,196,196,196,196,196,196,196,196,196,196,190,190,190,190,185,185,185,185,190,190,185,185,181,185,185,181,178,181,181,178,178,178,81,218,218,243,190,97,252,95,102,108,99,93,253,102,97,104,162,145,241,241,205,229,185,95,102,104,99,104,99,106,108,104,104,95,99,108,110,93,128,124,181,249,233,241,224,218,88,129,59,61,62,61,59,150,67,62,84,56,51,84,62,56,19,52,119,38,51,122,117,110,117,119,116,125,125,117,116,78,34,34,41,33,81,91,88,91,91,88,88,91,88
175,175,175,175,175,175,175,175,175,175,175,175,172,175,175,178,178,175,178,175,178,178,178,178,178,181,181,181,181,181,185,181,185,185,185,185,185,185,185,185,185,185,190,181,91,95,86,60,71,66,62,148,68,63,49,91,44,22,71,66,190,190,190,190,185,201,245,237,218,190,196,196,196,185,196,196,196,196,196,196,196,196,190,190,196,196,196,196,190,196,185,185,190,190,190,190,185,185,185,181,185,181,178,178,181,178,178,178,178,229,102,53,93,93,95,246,97,102,106,99,93,253,127,69,224,243,241,229,95,95,117,117,99,99,104,93,104,95,102,106,102,102,91,95,93,106,250,237,243,248,249,209,119,93,60,63,61,61,63,65,57,59,150,61,61,99,57,53,246,65,51,35,102,121,127,114,110,112,119,122,121,97,108,42,20,38,33,69,72,84,86,84,88,86,93,93,93,86,86,88
175,175,175,172,172,175,172,172,175,175,172,175,172,175,172,175,175,175,175,178,178,178,178,181,181,181,178,178,178,181,181,181,181,181,181,181,181,181,181,181,181,185,185,130,74,97,88,56,59,59,56,125,59,12,53,65,34,20,76,65,190,190,190,190,224,237,243,241,209,190,190,196,190,185,190,196,196,196,196,190,196,190,201,196,196,196,196,185,190,190,190,185,190,190,190,190,185,181,181,185,181,181,181,178,181,181,178,178,181,97,93,63,93,95,95,250,102,102,86,91,116,209,205,245,241,93,135,93,95,97,114,116,99,99,97,121,102,97,102,104,95,135,205,243,243,233,224,224,248,112,68,88,110,116,56,60,59,60,59,57,57,56,141,62,62,102,56,52,224,57,39,72,93,121,117,119,102,99,114,57,33,38,52,88,84,86,79,79,79,88,81,78,93,91,95,95,93,91,86,88
172,172,175,175,172,175,175,172,172,172,172,172,175,172,172,175,175,175,175,178,175,175,178,178,178,178,178,178,178,178,178,178,178,178,178,178,178,178,178,181,181,181,185,74,84,95,95,53,63,56,63,117,55,22,49,59,27,25,81,68,41,185,196,229,233,233,241,229,185,185,185,201,196,190,196,190,190,196,196,196,190,229,224,205,218,209,190,190,185,190,185,185,185,190,190,185,185,190,185,181,185,181,178,181,178,181,178,185,185,102,99,67,99,99,99,249,99,243,190,224,209,201,97,71,95,102,165,88,91,93,112,117,102,102,97,117,95,86,250,97,246,224,233,229,229,148,99,104,99,99,106,88,108,114,52,60,60,59,59,43,56,57,135,61,57,106,52,51,129,57,117,68,79,99,110,51,49,38,71,91,88,39,84,84,81,84,93,79,86,93,93,79,88,88,95,97,91,86,86,88
169,172,172,172,172,169,175,172,172,172,172,172,172,172,172,172,172,175,172,175,175,175,175,175,175,175,178,175,178,178,175,175,175,175,178,178,175,178,178,178,178,181,181,91,71,102,102,43,69,53,60,110,55,31,38,122,29,21,79,67,45,196,229,241,233,229,233,229,196,181,190,196,190,201,201,201,190,190,190,209,224,241,233,224,229,214,196,190,196,185,185,190,185,190,185,181,181,181,181,181,185,181,178,178,181,181,185,196,190,104,97,69,104,104,79,99,214,246,214,214,110,124,116,95,95,97,143,88,97,93,112,116,102,99,93,233,143,249,245,224,229,209,84,246,84,97,84,97,93,93,99,88,106,114,52,61,60,61,60,53,63,56,124,67,55,84,99,121,39,102,209,59,49,48,79,78,79,86,88,88,86,52,86,88,84,86,95,81,91,93,91,81,88,91,93,95,91,86,84,86
169,169,169,169,169,169,169,172,169,169,169,172,169,172,172,172,169,172,172,172,172,172,175,175,175,175,175,172,175,175,175,175,175,172,172,175,175,175,175,175,178,178,178,71,71,95,88,38,74,45,65,112,61,16,42,135,26,29,76,67,52,209,237,245,241,233,229,229,209,201,209,205,201,209,214,214,201,214,201,233,241,241,241,233,237,229,229,214,205,196,201,190,190,185,185,181,181,178,185,181,190,185,181,181,190,196,190,196,190,104,99,62,117,214,201,172,246,128,61,102,102,133,116,97,93,97,139,86,95,91,110,104,243,84,249,248,245,245,249,112,74,106,93,99,86,91,84,91,91,93,102,88,106,114,53,61,55,62,65,52,48,141,122,97,248,205,248,246,72,233,143,16,86,79,76,76,78,91,97,95,86,61,88,86,84,84,99,79,86,91,88,81,97,88,88,93,86,86,84,84
169,165,169,169,169,169,169,169,169,169,169,169,172,169,169,169,169,169,169,172,172,172,172,172,172,172,172,172,172,172,172,175,175,172,172,172,172,175,175,175,178,178,181,63,88,106,88,34,66,43,63,99,67,15,41,132,37,31,74,71,52,229,243,241,237,229,229,229,218,218,214,205,205,209,229,224,218,224,229,233,243,243,243,241,241,241,233,218,209,201,201,196,190,201,196,185,196,196,205,201,196,185,201,196,201,196,196,190,185,252,218,201,241,243,99,169,108,106,68,104,99,124,117,99,88,97,135,84,79,243,153,246,250,248,229,201,181,88,99,99,106,106,95,93,86,86,91,93,93,93,102,84,106,112,57,53,52,84,133,81,253,253,251,246,249,205,249,241,119,237,99,13,76,79,79,79,84,95,97,97,84,67,88,84,81,84,95,79,86,88,88,81,88,84,86,88,81,84,81,81
165,169,165,165,165,169,165,169,169,165,169,165,169,169,169,165,169,169,169,172,172,165,169,165,172,169,172,172,169,172,172,172,172,172,172,172,172,172,175,175,175,175,178,122,102,102,95,34,72,44,67,93,71,17,48,97,38,30,76,68,53,233,233,237,229,229,224,224,218,218,214,209,218,229,233,233,218,229,233,237,245,243,245,243,243,237,229,224,218,214,214,209,209,209,209,209,201,205,218,201,209,205,205,196,196,196,190,190,185,205,224,108,93,106,97,162,106,108,66,104,104,108,117,97,86,121,141,251,243,237,237,250,93,128,110,110,95,93,97,95,106,106,95,93,84,93,88,93,97,88,99,86,112,81,218,86,252,250,252,250,253,251,245,185,102,185,93,97,79,121,63,14,71,84,86,86,79,93,95,93,88,81,84,84,81,81,91,78,84,88,81,81,79,81,81,88,81,81,76,78
162,165,165,165,162,165,165,165,165,165,165,169,165,165,165,165,165,169,169,165,169,169,165,169,169,165,169,165,165,169,169,169,169,172,172,169,172,172,172,172,175,175,175,122,119,102,106,42,76,39,57,79,76,15,52,76,34,37,76,69,57,233,229,224,224,224,229,224,233,243,218,224,241,237,224,224,229,229,233,241,245,245,245,245,241,233,229,224,218,214,214,214,214,218,218,214,209,209,214,201,205,201,201,196,185,181,181,178,181,84,104,72,106,104,95,169,108,108,63,106,104,104,79,114,249,250,205,241,205,95,69,86,99,106,106,102,93,93,102,95,108,108,93,102,84,99,84,99,102,76,135,124,254,253,254,250,253,248,249,124,99,84,141,106,106,205,97,93,78,241,43,18,62,81,81,78,79,91,95,95,93,86,81,81,81,84,91,79,84,86,81,76,71,74,84,84,78,81,81,84
162,162,165,162,162,159,162,162,162,162,162,162,165,162,165,162,165,165,165,165,165,165,165,165,165,165,165,165,169,169,169,169,169,172,169,172,172,172,172,172,175,175,175,127,121,95,116,41,95,49,57,66,71,45,52,63,37,42,78,71,62,229,224,224,224,224,237,241,237,229,224,209,237,229,224,237,229,229,233,241,245,246,246,241,237,229,224,218,218,214,214,218,218,224,218,214,209,209,201,201,201,201,196,201,190,190,190,175,172,106,104,71,104,110,99,172,106,104,67,178,93,237,237,229,237,224,102,48,55,55,91,93,97,99,112,102,91,88,99,99,112,112,97,104,86,74,91,116,253,253,252,233,251,248,248,129,95,76,108,99,104,108,125,104,110,201,102,93,93,243,43,17,56,78,79,79,78,86,93,93,88,91,86,81,84,84,86,76,79,81,78,74,48,78,78,76,25,27,38,39
165,162,165,165,159,159,162,159,165,162,162,159,162,162,162,162,162,162,162,162,162,159,165,162,165,165,165,165,165,165,169,165,169,172,172,172,169,172,172,172,172,172,175,33,135,95,128,49,110,45,62,60,65,59,14,72,34,56,78,71,66,218,218,218,224,224,246,245,237,237,233,229,224,224,241,241,224,218,237,241,241,243,243,241,233,224,218,218,218,214,209,218,218,224,224,214,209,205,201,201,201,196,181,190,190,190,185,181,178,104,102,79,104,108,99,150,114,86,229,241,243,196,88,129,53,97,69,52,55,55,95,88,97,102,108,97,91,95,97,97,108,88,250,97,237,251,243,243,252,246,248,91,233,93,57,56,52,102,104,104,102,106,133,102,106,181,99,95,93,81,56,13,48,79,78,78,79,88,91,88,88,91,84,81,78,81,81,76,76,81,41,29,27,35,37,26,27,49,122,122
162,159,159,162,162,162,162,162,159,162,162,159,162,159,162,162,165,162,165,165,165,165,162,165,162,159,165,165,165,165,162,169,165,169,172,172,172,172,169,172,172,172,172,33,137,93,132,41,110,41,66,55,60,57,10,125,26,53,76,72,69,218,224,218,218,233,241,243,241,241,237,241,233,243,246,229,209,214,237,237,243,241,241,237,229,224,218,214,209,214,214,224,190,181,201,218,205,196,196,196,196,175,181,185,185,181,181,185,181,106,102,68,88,165,181,214,245,243,209,106,79,114,59,61,57,102,60,52,56,55,93,88,97,99,108,95,97,78,129,79,252,252,249,243,241,246,209,72,95,79,110,84,102,95,51,48,48,99,104,99,95,99,172,97,102,169,93,95,72,72,69,15,34,78,78,78,76,86,88,88,86,86,81,79,79,22,34,59,114,38,33,18,116,124,124,117,122,114,124,125
159,159,162,159,159,159,162,159,159,159,159,159,159,159,159,162,162,162,162,162,162,162,162,162,162,162,162,162,162,162,162,165,165,165,169,165,169,169,169,169,169,172,172,55,135,88,137,33,114,39,68,53,63,48,14,128,27,69,81,74,72,218,218,224,218,224,233,237,233,241,241,248,241,237,233,224,214,201,205,241,241,241,237,233,229,224,218,214,214,218,214,196,185,181,196,214,209,196,181,178,178,178,190,201,190,190,185,181,181,88,181,249,241,249,214,181,229,97,52,62,102,121,57,60,61,106,53,55,59,57,97,88,104,91,93,102,141,251,251,251,251,253,246,84,254,91,102,106,104,102,108,78,93,88,48,41,47,97,102,95,93,102,132,95,99,172,86,84,181,56,81,15,34,76,76,74,72,84,91,78,31,31,39,35,34,31,71,125,125,128,130,124,104,121,114,110,117,110,116,122
159,162,159,159,156,162,159,159,159,159,156,156,159,159,159,159,159,159,159,159,159,159,162,165,162,162,162,159,162,162,165,165,165,165,165,169,169,169,169,165,169,169,169,47,135,88,143,29,119,27,78,43,61,47,14,131,21,72,72,72,93,214,218,218,218,214,241,241,245,241,237,243,241,241,233,218,214,205,201,218,218,224,229,214,229,218,214,214,214,209,181,181,178,181,201,209,181,178,175,175,178,196,185,185,190,185,185,181,178,224,209,218,88,86,65,141,104,91,60,59,99,106,56,57,61,106,53,55,59,55,72,129,136,254,251,251,253,250,251,106,128,93,99,102,88,104,99,104,99,99,106,78,84,81,44,44,53,102,99,93,106,106,122,99,97,165,81,76,159,62,91,15,27,78,48,117,132,41,39,30,25,129,127,125,129,127,125,125,125,122,125,121,110,117,114,114,102,125,84,30
159,156,156,156,159,156,156,156,156,153,156,156,159,159,156,156,159,159,156,159,162,162,159,159,165,162,139,159,169,165,162,162,162,165,165,165,165,165,165,165,169,169,165,62,136,86,153,31,131,30,139,44,68,20,125,93,20,69,76,76,106,209,224,224,218,214,233,245,245,241,237,237,237,233,224,218,209,201,201,201,201,201,224,218,218,214,214,214,214,196,178,178,181,185,205,196,175,175,178,175,185,196,185,181,181,181,178,178,175,172,55,91,110,95,56,143,104,91,45,57,99,102,57,59,60,97,76,124,119,254,246,254,252,252,251,95,104,95,97,97,95,97,117,97,88,104,102,102,99,95,99,69,78,79,44,59,65,104,106,93,97,95,106,95,181,68,248,250,119,78,117,16,45,41,31,72,129,124,119,122,125,119,128,121,127,128,121,121,122,116,106,117,53,25,34,18,42,38,16,43
156,156,156,156,150,156,156,153,153,156,153,156,153,156,156,159,159,156,156,159,156,156,159,156,139,135,131,137,143,135,136,136,141,139,139,139,133,139,165,165,165,165,127,47,131,91,153,37,135,35,136,41,48,20,26,43,26,71,68,79,119,196,214,218,218,209,224,229,241,241,237,241,237,233,224,218,205,205,205,185,185,201,205,196,209,190,178,178,178,178,178,181,185,185,201,190,181,181,185,185,181,185,185,181,178,178,178,175,175,99,60,91,108,95,56,153,97,86,39,72,97,106,67,108,129,253,245,253,253,251,245,97,95,52,97,91,93,95,95,93,91,99,95,97,86,99,97,99,91,93,95,81,102,95,48,60,55,84,78,114,104,251,237,245,251,251,250,248,245,81,201,39,91,114,121,122,121,124,114,121,124,119,119,116,116,127,66,24,20,29,34,34,6,44,44,42,39,38,41,39
153,153,156,156,156,153,153,150,153,153,153,153,156,153,156,156,153,156,153,156,156,153,159,153,137,136,145,139,124,128,145,153,148,145,143,145,114,130,162,162,165,165,129,47,124,93,153,33,133,45,145,41,62,22,42,48,33,76,65,86,43,178,190,218,218,218,229,229,229,229,233,243,237,218,214,178,175,175,175,178,201,201,196,201,178,175,178,175,175,175,178,175,178,185,185,190,190,190,190,196,185,185,181,178,178,175,175,175,172,102,60,86,108,95,56,153,88,81,60,162,97,249,248,254,253,252,119,130,74,88,91,88,51,49,95,91,91,93,95,93,93,102,91,95,81,99,106,104,104,95,97,72,79,243,91,86,250,214,245,250,249,253,245,250,248,229,102,112,99,42,122,45,93,116,124,122,121,122,104,129,49,24,11,62,53,48,33,42,43,43,42,41,5,41,41,35,37,37,38,37
153,153,153,153,150,150,153,150,153,150,150,150,150,153,153,153,156,153,153,153,156,153,156,153,141,139,145,145,145,148,143,145,143,145,145,148,112,128,162,159,162,162,127,39,122,88,148,39,141,37,141,51,67,25,30,48,45,74,66,86,31,175,175,218,218,229,224,229,229,229,237,243,185,175,172,172,172,172,175,181,196,196,185,175,172,175,185,185,175,185,185,190,178,190,185,190,185,181,185,185,185,185,181,178,175,175,172,172,172,114,62,86,108,106,59,124,97,253,246,251,253,245,79,119,81,86,52,86,88,84,88,86,43,47,91,84,88,86,88,88,91,95,86,91,78,95,97,79,209,237,95,248,248,253,254,252,252,224,251,248,246,116,95,81,78,86,78,76,62,68,246,47,74,119,42,49,6,33,34,29,48,45,47,45,45,48,48,42,42,43,41,42,8,42,39,38,37,37,38,34
153,150,153,150,150,150,153,153,153,153,150,153,153,153,153,150,153,150,153,153,153,153,156,153,139,141,141,116,45,43,45,49,49,29,25,63,117,131,159,159,162,159,125,35,112,93,135,31,143,42,143,56,88,16,97,42,47,78,52,84,34,172,172,172,181,181,218,178,181,172,181,178,169,169,169,172,169,169,178,181,185,190,178,172,175,185,196,196,201,190,196,196,190,196,185,185,185,181,181,178,181,178,175,172,175,175,172,169,169,112,53,108,97,250,250,241,250,248,84,108,44,97,81,86,88,84,51,86,84,81,84,86,45,45,88,88,95,102,104,93,88,88,66,254,196,102,252,249,248,253,250,249,252,246,237,128,97,99,78,78,79,74,79,78,78,81,78,79,59,65,185,20,30,41,76,78,79,45,44,42,42,43,44,44,47,44,45,41,41,42,37,37,9,41,39,38,37,37,38,34
150,150,150,150,148,148,148,150,150,150,150,148,148,153,153,153,153,153,153,153,153,153,153,150,145,148,148,133,88,41,47,48,51,51,25,26,116,129,159,159,159,159,124,30,102,91,128,26,136,35,137,59,97,14,91,39,55,78,47,86,31,172,185,196,205,172,175,181,172,172,169,169,169,169,169,181,175,175,205,185,185,185,181,178,185,190,196,196,196,196,190,190,190,185,185,185,185,181,181,178,178,175,175,175,172,172,169,169,165,224,237,245,252,249,119,125,88,91,43,51,49,99,78,84,84,84,51,84,79,84,84,86,66,63,91,88,88,112,93,97,88,253,254,251,248,250,252,246,243,248,114,88,102,106,79,78,78,79,76,79,76,76,84,84,78,81,76,79,61,110,131,24,34,78,79,79,78,44,44,44,42,41,45,47,47,45,47,39,38,35,37,35,19,39,35,34,37,35,39,35
148,148,148,145,148,148,145,150,148,148,148,148,148,148,148,148,150,153,153,150,150,150,153,150,150,150,150,143,132,81,45,42,47,51,43,33,116,131,159,159,159,159,122,34,69,99,110,25,130,38,143,63,108,14,86,42,61,84,41,79,41,185,201,209,205,205,169,172,169,172,169,172,175,196,209,224,243,233,218,201,190,181,185,185,190,190,185,190,185,185,181,185,181,185,181,185,181,181,181,178,175,175,172,172,172,169,169,165,169,224,102,72,97,97,93,102,88,86,41,49,51,106,79,86,81,81,49,84,84,84,91,88,67,97,128,81,254,253,251,253,253,251,252,250,114,97,246,79,97,93,88,78,93,91,78,79,81,76,81,76,74,81,78,84,81,81,72,78,55,251,99,21,33,79,79,76,76,43,43,42,41,39,41,39,37,35,38,35,38,38,38,35,16,37,34,37,34,35,39,37
145,148,145,148,148,143,145,148,148,148,148,148,148,148,150,148,148,148,150,150,150,153,150,150,159,150,150,143,139,125,65,48,43,49,55,26,116,136,159,159,159,159,125,44,69,97,88,37,121,44,139,63,125,13,67,48,65,84,19,88,61,172,169,169,169,172,172,169,169,165,169,169,169,175,214,224,224,214,214,218,196,185,185,181,185,181,185,181,185,181,181,181,181,181,178,181,181,181,175,178,178,172,169,169,169,169,165,165,165,88,99,65,93,97,95,95,88,88,42,49,49,112,81,86,84,84,53,71,245,133,114,254,252,253,248,252,253,251,251,84,129,86,88,79,56,84,88,106,99,95,95,79,95,102,91,81,76,84,72,78,74,81,78,79,78,78,74,74,53,218,84,18,31,76,79,78,76,45,42,41,39,41,38,37,37,38,38,35,35,37,35,35,17,35,35,34,35,37,29,34
145,145,148,145,145,148,145,148,148,148,148,148,148,148,148,150,150,150,150,150,150,150,153,150,159,165,153,148,148,141,119,71,45,47,44,25,114,141,159,159,159,159,127,42,60,104,72,55,112,52,139,68,130,9,14,49,71,95,14,84,53,169,165,162,165,165,169,169,175,165,165,169,172,175,214,229,214,218,218,209,190,181,181,185,185,181,181,181,178,178,178,178,178,178,178,178,178,178,175,175,172,172,172,172,169,165,165,165,165,86,91,63,88,97,93,91,84,84,41,48,48,114,71,253,76,214,252,253,248,250,245,251,253,181,129,102,74,81,95,99,99,93,97,93,51,95,93,106,106,99,104,86,108,112,93,84,79,86,81,74,78,76,78,74,76,78,72,72,72,71,86,18,37,78,78,76,76,44,48,48,48,38,37,34,37,37,38,35,37,37,37,35,20,41,39,38,39,38,9,35
148,145,145,145,148,148,145,148,145,150,148,148,148,150,148,150,150,150,150,150,150,150,150,153,156,162,159,156,145,148,137,129,67,47,43,21,117,141,159,159,159,159,127,52,49,114,65,53,102,45,132,71,137,13,17,56,72,86,15,88,56,165,162,165,169,169,169,169,172,172,172,185,196,209,229,224,233,218,205,196,181,178,178,178,178,181,181,178,178,178,178,178,175,175,175,175,175,175,172,172,172,169,169,165,169,165,165,165,165,84,91,55,84,93,79,91,78,78,79,218,243,253,254,254,253,253,250,252,78,104,81,81,88,84,81,81,78,86,97,97,93,108,95,116,53,104,93,110,106,102,106,93,110,104,99,81,78,79,86,84,81,72,74,72,69,72,71,74,245,78,67,14,39,76,76,76,76,42,49,48,44,38,39,34,35,41,39,39,41,41,41,37,24,38,41,39,38,39,6,37
145,145,148,145,145,148,148,145,148,145,148,148,150,148,148,150,150,150,150,150,150,153,156,156,153,162,156,162,150,143,141,139,128,84,47,21,117,148,159,156,156,153,117,41,45,114,56,52,74,53,124,88,137,14,34,57,72,78,29,81,44,201,172,190,201,205,190,190,218,224,214,205,205,209,218,218,237,209,196,196,178,175,178,178,178,175,178,178,178,178,175,175,178,175,175,175,175,172,172,172,172,169,169,165,165,165,162,162,162,86,91,62,88,110,81,253,254,252,248,253,252,250,117,121,104,86,106,84,86,81,79,78,86,81,78,81,78,86,95,97,88,102,86,104,49,102,91,110,106,102,110,95,106,102,86,74,78,74,74,71,250,162,102,78,110,254,253,253,169,229,245,21,27,72,76,74,72,44,45,45,48,37,45,39,41,39,43,39,41,39,41,39,41,39,39,37,35,34,5,37
145,148,145,145,145,148,143,145,148,145,145,145,145,148,148,145,150,150,153,153,156,156,153,175,159,165,159,162,153,150,153,148,145,133,74,47,117,150,162,156,159,162,122,34,37,112,38,44,63,39,121,102,139,9,97,37,81,69,26,81,43,205,201,201,196,190,190,209,224,209,209,209,209,209,205,218,218,229,175,181,175,178,175,175,175,175,178,175,175,175,175,175,175,172,175,172,169,169,172,169,169,169,169,165,162,162,162,162,162,86,251,250,250,249,237,248,253,108,110,84,84,108,84,112,79,84,117,79,81,86,79,76,84,81,74,79,78,84,91,91,86,88,79,97,42,93,86,99,104,99,108,69,93,97,148,102,86,253,254,253,252,253,253,253,253,249,243,243,52,243,214,26,26,74,76,72,72,42,48,47,45,39,44,48,38,44,41,38,41,42,42,39,86,35,19,24,24,27,26,24
148,145,148,148,145,148,148,150,153,150,153,150,148,150,150,150,148,150,153,156,159,165,159,201,162,172,148,165,162,162,153,153,148,153,137,117,119,169,175,178,178,178,122,31,33,124,29,52,57,37,97,108,139,11,104,38,78,72,27,78,26,185,196,205,205,185,196,218,214,205,205,201,196,201,205,205,172,169,169,169,175,175,175,175,175,175,175,172,175,175,175,178,172,175,169,172,172,169,172,169,169,165,165,165,162,162,162,159,162,241,250,119,127,76,81,99,84,99,78,84,78,108,84,132,116,86,128,79,81,88,79,76,86,81,78,78,79,76,88,88,84,86,88,99,62,130,245,139,175,128,253,253,252,249,241,246,251,253,253,253,250,243,250,243,88,74,79,88,63,99,59,13,31,72,76,76,76,42,47,52,48,41,41,39,25,30,35,33,25,27,34,31,16,27,22,35,71,129,121,121
143,145,156,153,150,153,150,148,150,150,150,153,150,150,156,159,156,159,153,153,156,162,162,201,162,181,125,153,159,165,165,165,162,156,153,148,121,165,165,172,175,175,116,38,42,125,33,69,41,37,76,108,128,7,95,34,81,56,21,76,29,190,190,190,181,185,185,201,205,175,165,165,172,169,169,169,165,169,165,165,169,172,172,169,172,172,172,175,175,172,172,172,172,172,172,169,169,169,169,169,165,165,165,165,162,162,159,159,159,91,88,65,79,91,81,102,84,106,124,84,78,104,84,128,121,86,112,81,86,91,78,78,86,81,78,81,72,133,252,245,81,99,249,246,218,229,250,245,245,245,251,252,241,241,224,252,97,78,121,119,76,93,91,78,74,74,76,74,67,97,63,15,22,68,26,26,79,26,27,30,30,30,34,24,27,29,81,117,127,135,122,129,122,127,124,124,125,122,117,125
150,153,159,150,150,148,150,150,150,150,153,153,150,159,162,159,156,159,156,153,156,159,162,162,162,190,67,119,150,169,169,165,162,162,156,159,121,165,172,181,175,172,116,44,53,135,49,116,51,67,65,112,117,9,20,45,88,37,34,74,26,178,178,178,181,185,181,185,165,162,165,162,162,162,165,159,162,165,165,165,169,165,169,172,172,172,172,172,172,172,172,172,172,169,172,169,169,169,169,169,165,165,162,162,159,159,162,159,159,93,91,62,84,97,93,110,97,99,99,86,78,104,84,110,116,81,114,78,81,79,79,243,81,99,150,253,252,253,243,246,237,237,229,250,229,209,209,245,78,110,250,246,78,91,79,84,79,78,78,74,106,78,84,78,78,78,78,76,78,91,57,13,30,116,38,39,71,128,119,130,130,128,129,124,125,122,117,121,124,125,121,119,108,124,125,125,127,119,99,110
145,143,148,145,148,148,150,145,150,153,153,153,159,165,159,159,159,159,150,150,150,150,150,141,169,196,39,65,124,150,162,162,169,162,159,156,119,169,201,190,190,175,106,51,56,139,63,121,49,76,55,116,116,12,27,47,84,33,44,86,35,181,185,181,201,190,196,169,165,165,162,165,162,162,165,162,165,165,172,169,169,169,169,172,172,165,169,169,169,169,172,172,169,169,172,169,169,169,165,162,162,162,159,159,159,159,159,156,156,88,88,60,84,95,84,110,91,91,79,84,76,116,74,108,224,116,74,254,252,254,251,253,254,253,251,251,254,251,248,132,84,119,112,84,31,39,44,97,102,110,108,106,93,86,79,79,78,79,76,74,110,81,91,79,81,78,79,86,81,91,84,69,116,112,119,129,124,130,124,130,128,127,130,114,122,122,117,110,124,121,117,112,86,114,97,127,104,93,53,18
145,148,150,148,145,143,148,148,148,145,143,148,153,156,153,159,156,156,150,153,150,150,156,143,165,205,38,39,60,117,145,156,162,172,165,162,122,172,181,181,169,172,122,39,60,136,55,125,52,95,44,117,110,13,33,42,81,27,56,84,45,196,214,201,196,196,201,201,190,181,175,162,175,175,172,175,172,165,169,165,169,169,169,169,165,169,165,165,165,165,169,165,165,169,165,165,165,165,165,162,162,159,159,159,156,156,156,153,156,99,84,60,84,93,79,97,86,116,74,252,248,251,252,254,253,248,243,249,252,253,252,93,79,112,102,86,95,102,95,104,91,91,102,104,27,52,43,102,102,106,106,99,97,95,86,99,91,91,95,88,119,99,102,99,99,88,88,88,76,76,156,68,117,108,112,127,127,132,128,128,122,119,108,128,124,117,88,20,38,33,24,11,25,114,95,122,108,84,38,65
143,145,143,143,141,143,143,145,145,148,148,143,148,150,150,150,148,150,150,153,159,150,156,156,169,201,43,65,33,78,84,131,148,165,165,165,122,178,175,169,165,169,117,30,47,129,53,130,47,112,49,116,97,12,102,34,81,16,68,84,42,205,201,196,205,201,209,190,196,181,175,175,172,175,175,172,169,169,169,169,169,169,165,165,169,165,165,165,165,165,165,165,165,165,162,162,162,165,162,162,159,159,159,159,156,153,156,153,153,254,99,136,245,237,224,205,248,246,209,243,250,249,71,108,102,250,88,88,86,86,93,102,81,88,97,95,99,102,99,106,91,95,102,112,65,52,53,102,102,102,99,99,104,93,79,97,91,93,91,84,99,95,108,93,93,95,86,88,79,108,128,51,122,124,53,27,31,15,15,71,130,125,130,63,62,53,61,63,71,78,79,81,62,74,78,78,76,78,35,78
137,141,141,141,143,145,143,145,145,145,145,145,148,148,148,148,150,150,150,153,153,153,153,190,172,201,47,97,26,81,38,112,127,153,159,165,124,178,169,162,162,165,121,26,49,125,43,137,41,119,39,116,88,8,106,31,78,15,79,88,39,201,190,190,201,214,185,196,185,181,175,175,172,172,175,169,165,169,169,169,165,169,169,165,165,165,165,169,165,165,162,162,162,162,162,162,159,162,159,159,159,156,156,156,153,153,150,153,153,243,237,205,243,229,35,26,29,29,37,26,71,196,190,74,78,88,150,86,84,88,93,102,78,84,93,93,97,95,97,97,93,88,93,106,48,51,52,104,104,102,102,91,102,99,74,102,91,88,88,84,122,86,102,88,97,99,88,86,132,241,125,15,117,71,72,74,71,81,72,74,72,74,71,71,71,71,71,63,74,72,74,72,79,78,76,76,74,79,31,84
136,141,133,108,143,143,143,143,143,145,145,145,143,145,145,148,148,148,148,148,148,150,153,224,165,185,39,125,26,116,21,128,42,145,119,159,122,165,159,162,162,162,68,26,49,95,44,143,42,121,42,112,86,10,102,31,74,17,84,81,43,196,201,185,185,185,181,175,178,172,172,172,169,172,172,169,169,165,169,165,165,165,169,165,165,165,165,165,165,165,162,162,162,159,159,159,159,159,159,159,156,156,156,153,153,153,153,153,150,243,59,122,214,102,2,3,6,1,1,1,1,0,2,74,97,91,150,91,86,91,97,97,79,81,91,91,95,93,95,95,91,88,86,102,59,48,48,97,95,95,99,91,95,95,67,95,95,93,88,88,119,88,67,121,178,159,131,91,252,237,119,6,129,79,76,74,81,95,76,71,72,74,72,72,71,72,71,47,74,72,74,78,91,71,76,79,79,81,35,91
141,135,133,125,112,143,145,145,143,145,145,145,143,145,145,145,150,145,148,150,148,148,150,209,169,178,43,136,35,132,31,135,20,156,39,156,125,156,153,156,156,159,57,35,65,81,55,136,51,128,45,108,69,21,62,45,78,33,79,86,33,181,178,178,175,175,172,172,172,175,175,172,169,169,165,165,169,165,165,165,165,165,165,165,162,165,162,162,165,162,159,162,159,159,156,159,159,156,153,156,156,153,153,153,153,153,150,150,148,246,243,8,165,148,150,145,148,145,145,145,145,143,143,78,99,86,201,93,91,93,97,99,86,86,91,88,93,91,93,95,88,86,84,102,68,51,48,97,91,78,190,224,63,66,95,172,141,128,86,233,254,252,252,248,251,251,252,251,218,61,74,10,131,84,78,78,78,91,81,76,74,76,74,76,78,74,74,31,78,76,84,84,97,79,84,86,81,88,42,93
148,150,159,132,124,143,143,143,143,143,145,148,145,143,145,145,148,145,148,148,148,150,148,156,162,156,41,145,41,143,34,153,24,162,13,162,124,162,156,159,156,153,61,37,66,65,57,119,56,129,53,104,74,21,33,35,78,55,78,79,27,172,165,169,169,169,165,165,165,165,169,165,165,165,169,169,165,165,165,165,165,165,165,162,162,162,165,165,162,162,159,156,156,159,159,159,159,156,156,153,153,153,153,150,150,148,150,145,148,248,136,148,145,148,145,148,145,145,143,143,148,143,143,74,95,91,143,91,86,91,97,97,79,74,95,76,79,84,245,243,172,99,67,76,71,241,252,243,248,251,254,249,248,253,224,245,252,250,251,251,253,253,253,249,241,209,241,233,141,88,97,8,129,81,84,76,76,81,81,72,72,88,81,79,86,78,78,13,84,79,88,84,99,86,86,88,84,93,45,95
156,153,145,143,132,130,141,141,143,143,143,143,143,143,143,145,148,145,145,148,148,148,148,137,162,148,35,159,37,153,31,156,30,169,31,165,124,162,159,156,162,159,76,39,66,48,56,72,59,129,66,95,71,30,49,48,72,69,72,78,26,169,162,165,165,169,165,162,165,169,172,175,172,169,169,165,165,165,165,165,165,162,165,165,162,162,159,162,162,159,159,156,156,156,159,156,156,153,156,153,153,153,150,150,150,148,148,145,148,241,135,148,145,145,143,143,143,143,141,141,141,141,141,72,86,245,121,246,95,95,86,205,252,251,246,248,229,233,250,243,214,224,249,229,218,243,249,241,248,249,251,250,246,248,169,246,249,143,128,137,81,74,74,95,86,84,99,79,62,81,78,7,125,81,76,76,72,62,76,72,69,76,74,74,84,81,76,2,78,91,91,88,95,88,88,86,86,91,39,93
25,135,129,112,132,137,143,143,141,143,143,145,143,145,143,145,145,148,145,148,150,141,150,137,156,148,37,162,34,162,27,159,29,165,22,165,124,159,156,159,159,159,124,38,71,44,59,53,59,131,52,91,69,35,76,35,76,71,66,81,26,165,162,165,165,165,165,254,133,97,104,106,104,106,104,108,108,108,106,106,106,110,108,61,117,79,66,254,67,205,106,102,156,156,153,153,153,153,153,150,150,150,148,150,145,148,145,148,145,229,132,145,145,143,143,143,141,141,141,139,143,141,139,243,237,245,209,253,252,253,252,233,249,249,246,250,241,241,246,250,243,93,81,76,67,84,81,88,91,93,95,93,91,93,67,97,95,97,97,97,95,95,79,86,93,86,76,84,62,88,84,6,124,86,76,76,78,41,76,71,74,81,78,74,72,74,74,5,81,88,86,91,97,86,86,91,91,88,30,97
19,108,143,74,127,127,141,141,141,143,143,143,143,143,143,145,145,145,145,148,91,102,110,150,162,143,35,165,26,156,27,165,26,175,26,165,125,156,153,153,153,153,128,34,74,35,62,39,48,131,43,68,67,43,104,27,74,71,52,79,27,162,165,162,162,159,159,169,175,108,110,110,112,110,112,112,112,114,106,114,114,114,116,246,61,205,86,254,88,97,114,112,156,153,153,153,153,153,150,148,148,148,148,145,145,145,145,145,143,237,137,145,141,141,141,141,141,139,139,139,139,139,137,224,102,81,76,76,97,117,93,79,76,86,91,95,91,93,88,91,86,91,81,95,131,93,91,95,93,91,88,91,88,91,67,91,91,95,99,97,88,91,84,93,93,88,79,81,66,86,91,16,125,79,79,78,81,17,79,78,78,79,86,79,79,84,86,35,88,86,84,91,99,88,91,93,47,45,39,47
178,175,190,178,124,132,141,141,141,143,143,143,145,145,143,143,143,145,145,150,95,116,71,153,159,148,31,162,20,162,17,156,27,162,25,162,122,156,153,156,153,156,129,29,97,34,76,34,52,128,39,41,69,56,104,33,72,76,30,78,42,162,162,156,153,156,153,181,196,108,93,97,112,117,116,116,116,114,112,117,119,122,122,122,124,121,122,122,124,116,117,114,153,153,153,150,150,150,148,150,150,145,145,148,145,145,143,143,143,237,143,141,139,141,141,137,139,139,139,139,137,137,139,79,79,84,229,86,76,76,76,74,86,81,86,86,86,84,88,91,81,81,81,95,129,91,88,91,93,84,91,93,93,93,72,93,88,99,102,97,95,93,86,93,93,86,84,79,65,84,86,31,125,79,79,81,84,7,78,81,81,86,84,79,79,78,84,66,91,91,88,51,48,44,44,47,45,43,51,42
30,61,181,139,97,133,141,139,141,141,141,143,143,143,145,143,145,143,143,150,114,124,74,156,156,159,52,159,30,156,22,162,20,162,20,156,124,153,153,153,156,156,124,43,112,44,93,44,61,129,53,33,72,69,102,30,78,88,20,86,38,159,153,255,255,251,245,245,241,150,246,128,99,139,127,178,159,169,196,190,185,175,156,141,136,128,117,95,112,117,139,141,190,229,224,229,148,148,148,148,145,145,145,143,143,143,145,143,141,237,148,143,139,137,139,137,137,137,137,137,137,137,139,76,79,84,237,86,74,78,76,74,86,84,86,88,86,88,93,93,86,84,79,95,121,91,88,91,88,88,91,91,88,88,86,91,88,99,99,97,93,95,86,91,93,84,84,78,67,74,81,55,119,78,79,76,84,5,81,78,79,86,71,81,78,81,81,91,91,91,84,41,35,42,27,34,25,43,33,49
3,39,172,133,93,99,141,141,141,141,141,141,141,143,143,145,145,145,148,116,117,112,72,159,156,153,121,162,72,156,57,156,35,156,19,153,124,156,153,135,153,153,121,38,127,56,122,52,81,130,61,35,71,74,66,37,74,88,17,88,38,91,121,135,125,252,133,243,241,91,175,135,88,185,31,214,86,56,47,102,91,93,61,35,59,26,43,209,60,156,86,88,117,86,181,81,148,148,148,148,148,145,145,143,143,141,141,141,139,233,145,141,137,137,137,137,137,139,137,137,136,137,137,74,81,84,237,88,76,76,76,74,86,79,86,86,88,86,91,93,88,81,78,91,122,91,84,88,88,84,88,88,86,91,104,91,88,99,99,95,91,95,86,91,91,86,84,79,71,76,76,71,119,66,47,35,33,8,122,128,69,119,61,124,127,128,131,81,122,91,88,99,62,127,125,124,125,119,102,125
3,38,156,119,81,93,143,139,139,139,141,141,141,141,141,141,141,141,143,133,116,116,71,150,156,159,133,159,121,156,88,153,61,159,51,150,125,169,88,246,79,71,121,29,127,65,135,51,99,128,65,38,67,66,62,30,76,72,22,84,39,93,71,255,254,253,178,237,233,110,172,97,65,122,84,190,124,130,137,169,175,209,224,224,229,237,233,243,237,233,237,233,237,237,153,175,145,145,145,145,145,143,143,141,141,139,141,139,139,237,133,139,137,136,136,136,135,136,56,26,17,84,116,71,81,79,218,88,76,74,76,72,88,84,88,88,84,84,91,88,93,88,76,86,108,91,84,86,86,74,88,88,88,86,121,91,88,86,95,93,91,91,84,86,86,79,76,74,69,124,127,60,106,31,29,26,24,21,25,29,29,33,30,45,62,84,99,99,122,131,127,127,122,119,125,125,121,119,106,124
125,136,139,145,84,86,79,139,137,139,137,139,139,139,141,141,141,141,141,143,125,112,76,150,159,156,145,162,136,159,135,159,130,159,128,145,124,45,243,86,117,125,104,26,125,59,135,61,104,129,65,41,69,65,59,29,76,56,25,81,33,106,86,153,93,253,201,233,241,108,129,51,59,122,45,218,53,31,91,128,86,84,88,117,99,38,51,218,69,133,62,68,159,102,172,84,143,145,143,141,143,143,143,139,139,139,139,139,139,214,205,165,139,135,135,135,136,136,49,56,68,137,209,72,65,69,190,71,61,68,71,72,74,74,71,72,97,81,104,79,165,104,159,250,121,95,95,117,95,67,76,71,69,69,119,86,86,148,141,129,97,108,78,84,104,139,78,97,104,253,248,117,119,116,114,121,124,110,122,121,122,121,121,121,124,122,125,91,108,114,116,114,116,108,112,110,108,108,95,110
24,34,119,156,51,52,68,139,137,139,137,145,137,139,139,141,139,141,141,139,129,127,108,150,165,165,156,159,148,159,148,159,145,156,143,137,122,95,229,102,131,132,61,19,124,44,133,30,114,124,67,35,74,57,116,14,74,38,25,81,22,60,63,190,128,251,153,175,136,67,104,143,44,71,61,135,61,69,76,136,93,81,97,150,108,122,130,150,145,153,165,159,185,175,156,172,143,143,141,143,141,141,141,139,139,137,137,137,137,218,209,178,178,201,181,196,165,172,190,162,196,172,218,233,245,229,250,248,251,252,250,252,250,245,229,246,241,229,243,246,248,253,237,250,251,252,253,250,252,214,254,253,253,250,233,248,253,253,253,250,252,253,253,254,250,253,252,252,237,224,241,121,110,108,116,119,124,99,114,117,114,119,108,114,117,116,119,91,108,119,112,112,114,110,110,104,110,106,102,104
116,15,84,139,45,59,56,68,93,139,132,156,131,79,139,139,139,137,139,130,130,72,79,143,159,156,145,159,145,156,145,156,145,159,153,132,125,78,196,72,125,162,43,26,125,39,119,27,121,121,91,38,74,41,110,16,72,26,44,81,24,59,51,128,53,253,178,175,156,41,52,116,63,31,71,145,69,95,72,169,30,25,69,190,79,17,8,135,43,44,99,130,169,62,122,81,141,141,141,139,139,139,139,137,137,137,137,136,136,229,224,185,214,205,218,209,196,190,205,205,209,214,218,245,248,224,233,246,245,248,246,249,250,248,229,246,241,218,237,243,241,250,241,241,224,237,241,190,252,224,250,250,250,249,201,224,246,249,248,248,250,248,248,249,249,249,245,243,169,175,116,86,125,66,72,78,78,69,93,93,95,93,69,93,88,93,93,76,97,104,108,112,95,91,99,106,106,106,81,97
132,14,51,117,45,53,51,81,42,59,43,139,76,71,128,129,128,129,131,125,128,76,106,153,159,162,150,156,150,156,150,159,153,159,150,125,124,106,133,117,117,127,39,39,127,34,88,19,124,114,116,43,76,31,114,22,76,17,62,81,27,112,60,131,88,252,145,131,156,56,108,63,65,37,65,153,66,69,53,159,60,56,74,169,69,52,53,133,67,71,69,125,156,69,116,81,139,137,137,137,137,137,137,135,136,137,136,135,135,229,190,55,39,132,132,131,131,131,129,128,127,128,205,69,69,71,62,86,68,81,74,68,63,67,72,69,71,65,69,72,66,63,60,63,71,76,74,76,76,51,76,74,78,76,68,88,86,72,78,76,76,76,76,78,78,78,74,72,67,68,76,72,125,60,66,66,55,35,57,59,55,51,15,78,72,61,57,25,37,39,37,24,26,21,22,25,25,30,22,39
128,61,68,91,41,42,49,99,102,150,153,150,175,143,229,122,145,156,153,129,114,112,122,143,156,159,153,159,148,153,150,156,150,162,153,110,128,116,27,122,14,66,53,72,125,37,68,25,119,102,125,42,29,10,39,22,79,7,69,79,31,91,52,67,97,253,130,133,153,71,110,60,110,12,53,150,76,84,68,165,63,65,67,165,56,62,18,139,42,76,48,122,159,62,117,84,133,132,132,131,132,132,131,131,131,130,131,131,131,205,19,133,130,130,129,130,129,129,129,128,128,129,129,59,66,59,67,66,43,62,61,61,60,61,61,57,61,63,62,61,56,60,51,63,55,62,61,61,61,88,69,55,63,67,59,55,53,42,57,60,68,69,72,56,52,60,68,67,61,66,81,60,128,49,56,49,41,39,48,51,49,51,29,55,56,55,55,13,42,41,42,33,38,30,48,47,38,34,35,39
175,65,67,122,129,67,66,55,91,72,218,102,108,99,150,72,74,169,69,145,117,86,102,145,159,159,150,156,150,156,156,159,153,162,153,97,125,114,49,121,172,175,60,95,119,59,48,10,99,99,127,38,19,8,63,27,78,24,76,66,30,59,57,106,141,253,125,93,162,63,119,43,114,38,66,153,76,104,55,153,74,43,61,159,66,53,51,135,60,84,88,122,156,81,114,116,119,86,108,112,124,114,79,86,81,88,114,76,88,218,132,88,95,91,106,108,106,110,117,102,93,93,91,47,59,44,45,47,31,44,48,48,43,48,48,41,47,48,48,49,43,47,41,57,44,57,56,56,55,129,52,52,55,55,41,52,51,41,53,55,55,56,56,45,41,43,52,49,62,67,69,53,128,38,34,38,38,43,47,47,47,52,43,47,48,47,45,19,41,34,33,33,30,41,31,27,39,37,44,37
162,51,52,56,51,56,47,49,74,127,205,104,52,62,71,81,133,63,81,141,81,56,99,143,162,162,150,159,156,156,156,159,162,159,159,91,124,110,165,150,137,139,68,124,121,97,37,44,63,95,127,37,34,10,95,51,78,44,74,47,20,31,78,137,218,253,121,65,150,99,112,35,128,39,30,148,59,135,29,145,22,88,67,162,112,145,131,133,165,148,185,169,148,137,114,124,95,128,18,67,121,69,131,76,53,47,69,76,78,224,129,81,86,74,72,76,84,88,84,74,74,71,72,37,52,35,26,41,27,34,39,43,47,39,38,30,41,41,42,41,35,33,25,44,35,44,42,47,48,148,44,44,47,48,42,48,42,30,37,44,42,47,44,55,39,39,49,49,68,72,67,49,104,34,29,37,26,45,37,37,47,43,47,47,35,38,41,29,39,35,34,38,33,29,45,37,42,47,47,35
143,34,12,29,33,72,38,61,81,137,190,104,114,130,141,110,143,153,102,136,78,67,112,143,156,156,156,159,156,153,153,156,150,156,153,88,121,110,178,178,175,178,81,131,116,108,20,61,48,91,108,21,74,11,122,33,81,63,66,35,16,13,117,162,243,253,129,41,148,104,130,41,133,49,60,148,68,153,61,145,66,69,86,162,117,141,132,137,133,132,117,125,141,47,112,116,112,129,52,16,61,78,72,52,63,104,108,53,79,229,130,84,72,76,93,72,84,76,71,79,76,74,72,33,52,31,39,38,17,57,37,35,34,31,27,27,35,39,42,38,29,33,22,55,33,48,45,42,42,172,41,38,38,41,43,35,44,22,42,39,41,42,38,35,37,39,38,48,68,74,62,38,78,30,44,25,22,42,35,35,35,39,52,38,42,37,38,27,33,53,48,43,44,21,34,48,47,42,51,29
131,51,24,22,48,69,39,78,51,128,237,128,110,66,108,59,65,81,127,102,106,78,122,145,153,162,156,159,153,153,150,150,148,145,143,91,124,104,91,143,135,172,84,130,106,125,16,102,31,84,93,15,76,14,124,31,84,69,56,24,20,27,130,253,254,254,114,34,156,112,88,30,159,11,24,153,79,214,65,143,150,150,169,143,143,159,95,143,48,74,57,97,153,66,117,125,137,139,86,110,62,45,62,49,68,68,136,56,91,233,136,112,88,86,79,78,88,91,66,76,84,79,88,250,248,248,145,67,78,78,86,93,104,86,95,86,95,93,81,57,19,12,25,48,25,43,41,34,31,190,29,30,38,43,38,42,45,20,30,29,30,41,44,34,41,35,38,44,69,66,57,33,68,25,22,19,19,33,31,34,42,39,84,39,39,34,37,26,30,39,39,53,45,35,25,35,27,30,56,26
137,162,165,41,47,49,45,84,56,159,61,71,66,116,62,145,76,117,125,84,91,172,218,145,159,156,156,148,145,143,137,135,129,119,102,93,121,93,56,84,97,169,110,110,99,127,14,122,25,81,61,29,66,29,122,38,84,72,21,14,17,17,229,209,254,253,143,57,156,141,136,44,169,60,61,153,60,201,68,145,127,129,136,137,112,125,55,131,106,68,33,72,145,52,112,130,26,30,84,41,136,62,139,117,137,15,45,162,93,218,133,76,68,81,104,93,88,104,86,76,66,72,74,237,246,252,249,251,209,253,252,252,253,246,248,250,250,237,248,252,250,243,196,243,245,224,135,119,162,84,201,241,224,201,162,74,74,74,74,68,61,43,35,24,27,30,33,39,68,47,49,17,71,26,19,13,16,33,30,31,34,34,41,41,38,37,26,21,27,33,60,31,33,24,48,43,37,33,53,31
91,139,196,145,143,150,31,45,106,175,67,74,81,69,62,99,128,135,125,141,153,135,132,145,156,153,148,145,137,130,125,108,72,51,29,91,121,125,131,131,148,150,110,86,91,122,13,132,19,88,42,30,14,38,125,48,88,76,9,24,25,42,248,253,253,253,162,39,159,156,84,41,162,14,16,156,99,190,169,136,143,129,57,133,61,169,76,153,63,42,65,76,145,95,114,124,49,52,19,13,133,79,139,121,136,47,66,159,81,233,141,93,97,74,63,102,88,71,86,53,93,243,121,27,53,43,71,110,119,106,76,104,95,86,156,253,249,241,249,250,250,248,218,252,251,250,248,241,249,196,250,241,251,249,245,251,249,218,252,249,250,252,253,253,241,124,71,119,110,106,86,12,48,16,17,17,12,30,29,26,25,31,35,24,24,27,24,25,25,27,29,29,24,17,27,27,21,19,25,33
52,165,201,175,190,130,88,51,121,190,66,66,104,108,128,133,133,135,130,133,132,131,125,145,153,145,143,131,119,88,68,59,42,25,20,84,117,72,72,125,169,60,106,55,93,84,10,136,6,88,18,22,15,51,127,41,91,68,18,49,49,18,252,233,254,253,245,47,150,169,137,55,159,63,63,169,81,162,131,145,135,130,112,131,93,181,99,141,84,8,25,55,136,48,117,129,15,41,52,7,132,13,137,116,131,79,114,159,55,224,133,60,88,55,78,76,67,76,67,254,253,254,162,61,42,44,21,44,18,45,34,34,43,44,48,59,59,55,63,67,39,69,91,135,178,116,78,86,76,137,243,218,237,229,229,241,245,209,246,248,249,245,251,254,248,251,249,241,253,148,125,24,11,31,47,25,31,35,43,43,33,25,34,25,25,26,20,16,19,21,19,25,38,31,25,25,26,33,38,33
68,165,175,91,143,175,169,45,47,47,66,62,99,47,129,136,135,135,132,133,132,130,127,145,153,133,129,114,88,59,34,26,25,26,17,93,119,86,102,57,132,86,97,33,86,67,41,128,24,93,25,26,55,63,122,30,91,60,19,55,66,121,252,253,253,249,248,10,148,159,148,79,150,62,99,172,148,181,135,136,91,128,55,135,72,185,57,153,72,108,132,143,137,150,106,125,59,116,33,18,131,66,136,122,128,95,119,153,69,214,181,133,41,59,88,69,78,67,12,56,254,254,7,35,51,44,12,26,7,35,26,33,47,49,41,42,49,42,52,60,49,45,74,56,43,49,43,33,48,153,45,37,47,65,43,44,71,86,99,91,78,74,97,99,135,128,214,250,196,245,251,84,10,12,43,15,18,22,31,31,33,27,31,22,26,20,21,13,22,24,25,21,35,3,37,35,25,26,52,41
254,132,137,129,237,233,253,53,59,48,67,56,34,62,127,18,26,17,11,24,22,11,29,143,159,128,99,67,42,13,20,21,20,22,16,86,114,38,65,61,122,108,81,11,86,43,25,99,9,84,25,15,79,102,128,116,84,33,27,72,71,13,251,254,229,241,250,57,143,143,131,68,143,66,57,181,116,169,153,133,72,133,47,137,79,185,14,150,60,74,84,22,139,29,116,135,93,114,55,11,129,20,136,119,129,13,116,143,137,224,169,205,133,185,61,52,67,62,65,47,254,253,72,17,47,42,14,30,11,57,55,60,81,49,37,45,49,51,53,53,35,43,91,55,38,43,34,34,31,145,27,34,34,24,16,29,31,76,39,33,19,25,25,27,31,33,26,34,124,214,249,133,22,22,41,31,29,38,33,33,26,24,30,21,26,31,27,27,22,25,25,26,27,4,14,13,17,39,39,10
245,136,137,127,137,169,128,52,44,35,27,56,48,47,99,116,108,49,47,45,45,47,39,143,150,97,62,30,172,45,15,16,17,22,21,86,110,81,34,60,121,93,47,6,81,19,41,63,14,79,16,21,127,66,63,62,62,16,104,56,52,52,252,252,253,209,250,17,150,143,68,47,132,81,79,175,137,130,97,136,71,145,66,143,63,185,117,156,148,131,141,148,156,159,110,131,63,27,76,47,129,11,132,108,124,124,131,201,205,233,181,178,205,190,156,143,148,143,148,132,67,91,137,10,30,41,41,45,14,42,24,33,41,44,35,37,35,42,43,47,31,45,114,61,55,61,45,38,47,130,20,26,19,25,20,27,22,106,38,29,14,25,21,18,25,22,17,38,93,61,241,129,91,110,116,117,119,119,127,127,119,129,122,127,119,72,29,14,18,22,19,25,24,27,19,16,17,17,17,11
190,165,150,132,128,148,254,106,35,29,29,31,7,37,41,91,114,128,49,48,47,48,43,145,145,61,31,10,143,125,112,114,99,108,175,178,131,68,132,63,190,38,67,72,81,24,81,38,39,79,15,68,159,47,159,76,63,201,95,102,93,79,251,254,165,172,253,65,145,132,84,60,135,55,66,172,119,132,135,130,71,162,69,139,78,141,93,156,69,76,95,17,139,63,116,133,66,69,59,71,175,130,127,129,129,128,128,130,130,241,190,185,205,190,201,175,178,165,150,178,159,169,205,71,74,121,91,104,51,29,14,25,29,33,35,24,31,34,59,56,37,51,127,49,55,59,51,34,22,78,18,16,15,17,17,19,19,116,29,24,7,21,18,16,20,24,25,37,79,55,116,127,78,104,102,104,97,110,117,112,110,114,106,117,117,122,116,117,116,121,125,124,122,112,127,129,121,124,124,110
136,137,141,143,141,129,156,65,25,25,35,27,78,35,33,19,35,15,12,11,12,10,15,139,119,99,104,129,153,254,172,150,185,178,196,52,76,79,35,42,45,116,78,13,86,65,214,136,108,153,116,93,114,60,148,62,59,49,110,139,31,27,253,251,253,156,252,24,162,132,102,65,135,41,88,162,122,104,66,145,79,162,62,143,130,190,143,150,148,137,162,162,143,106,106,135,143,137,248,254,181,141,190,209,218,205,121,125,128,224,190,27,131,254,178,169,178,172,165,185,201,190,209,246,237,246,249,253,165,246,243,243,72,76,84,91,112,43,41,45,10,33,121,39,26,34,33,27,21,17,15,13,13,15,26,15,16,108,30,68,5,26,35,52,52,52,43,53,71,57,55,72,25,79,104,114,104,99,104,102,110,106,95,108,110,106,106,102,108,102,104,99,99,93,114,114,112,104,104,97
156,148,153,141,135,136,145,22,57,29,20,26,47,37,30,34,43,47,47,44,48,128,156,162,169,172,121,156,145,218,127,124,131,81,91,47,42,37,47,97,95,112,81,20,88,133,143,143,156,129,79,165,148,169,136,150,117,55,53,30,39,43,252,136,69,139,253,66,156,128,67,62,137,52,66,156,125,72,67,137,95,165,52,150,47,127,53,169,65,66,20,19,137,65,116,128,106,16,35,127,145,69,66,65,66,66,201,196,129,233,137,224,178,159,74,245,254,254,253,162,175,162,209,61,110,106,97,253,181,249,251,250,233,248,248,248,250,248,245,251,141,78,114,241,248,71,68,13,14,14,22,29,11,49,45,51,60,95,29,26,5,27,21,27,25,29,17,41,56,49,62,26,16,11,38,37,43,33,34,30,52,43,33,25,88,102,93,112,86,97,95,97,93,88,99,108,97,88,86,93
159,159,165,162,162,162,169,31,62,41,15,37,35,42,37,27,49,21,124,137,106,165,153,172,159,175,145,169,121,108,148,139,136,116,124,135,127,121,132,159,162,141,130,132,102,237,159,159,150,233,116,63,61,61,59,78,108,95,129,132,102,63,253,253,253,137,253,39,159,131,62,13,139,38,124,148,106,49,62,169,67,150,114,145,150,159,145,159,156,148,130,63,137,57,108,132,128,44,35,78,131,65,65,63,63,57,91,114,116,243,133,229,209,233,254,233,253,250,66,130,42,71,133,35,42,33,29,34,110,49,26,79,114,112,81,253,243,245,245,246,245,243,249,246,249,246,253,245,251,129,127,135,67,68,71,76,15,71,35,55,26,30,68,60,37,35,20,41,49,55,55,35,16,29,35,6,8,11,13,13,13,13,31,34,26,27,37,30,34,33,33,26,42,43,51,38,47,108,62,102
169,136,137,153,156,159,165,37,55,52,62,31,37,67,53,129,34,38,241,71,91,122,128,131,137,132,135,135,127,139,137,137,162,133,128,78,59,93,3,6,114,150,125,124,124,246,181,255,62,114,249,69,69,112,121,88,65,86,116,65,52,112,251,125,122,139,254,49,156,125,60,53,143,52,61,141,136,41,53,145,71,136,76,148,72,116,51,178,93,29,39,9,141,61,114,127,127,55,56,24,125,62,59,62,62,60,88,104,81,245,137,229,205,106,181,248,251,229,237,129,132,131,130,41,37,34,29,31,112,35,9,26,33,53,35,31,26,44,24,93,114,104,97,250,246,241,248,229,252,249,245,243,248,251,248,229,246,245,112,116,74,67,68,68,69,47,34,42,48,57,59,42,16,88,29,27,11,10,13,12,15,21,24,19,22,14,5,7,6,34,16,16,16,30,10,31,26,30,41,33
139,143,135,159,162,162,172,30,25,21,79,69,65,43,61,43,43,61,153,159,150,150,122,13,24,139,11,10,139,21,39,145,29,159,153,35,57,60,78,102,76,67,141,95,88,69,79,93,165,254,254,254,68,69,68,65,65,65,63,63,56,84,251,253,253,141,253,63,153,129,59,69,143,14,125,156,128,34,79,165,63,153,156,156,148,137,156,169,143,60,35,55,137,72,112,135,128,57,56,68,51,76,60,43,53,76,81,91,76,243,148,218,218,237,253,248,253,248,95,125,62,62,133,44,34,22,33,26,104,33,6,31,35,30,31,29,27,55,10,12,14,31,27,35,25,37,42,104,121,102,104,246,241,250,245,248,246,250,246,251,245,253,243,243,241,243,237,141,69,79,93,65,14,122,12,29,17,5,21,14,30,17,12,16,14,14,16,11,25,30,16,20,19,37,9,8,47,25,10,3
139,143,148,148,137,137,159,30,14,59,81,60,33,74,31,31,43,44,162,153,153,156,131,162,143,136,69,37,135,30,52,141,49,162,150,27,56,53,252,214,45,162,128,130,129,129,128,129,128,130,162,124,67,60,108,91,63,209,93,61,56,57,251,117,135,148,116,24,114,125,66,60,145,69,86,135,150,26,53,172,76,93,72,159,67,63,56,201,124,56,42,21,148,136,110,127,99,47,33,53,51,78,39,33,53,59,74,229,172,243,148,224,224,133,108,249,251,246,243,127,130,128,129,57,38,20,26,26,93,38,8,24,31,33,30,29,25,48,15,16,22,31,22,42,31,43,21,25,17,13,33,39,41,29,62,74,69,78,102,241,229,250,249,246,250,252,205,233,229,110,248,128,16,122,21,11,5,24,6,12,22,13,11,18,17,12,11,7,7,24,11,11,21,31,10,14,7,8,6,3
148,141,139,143,156,172,172,41,125,44,79,106,44,34,24,45,26,15,224,145,148,153,117,139,153,136,156,156,133,165,156,130,143,165,153,159,114,48,248,48,209,185,136,141,145,141,148,156,150,148,172,141,141,233,250,255,61,218,97,61,48,33,250,252,214,139,141,141,145,145,110,63,159,22,135,139,162,56,69,181,104,148,153,162,169,141,175,178,122,71,41,62,148,116,117,131,62,48,25,15,51,48,26,26,29,29,42,62,76,245,148,233,224,233,254,250,252,245,93,127,55,65,130,159,251,25,33,26,78,35,21,25,21,31,30,37,19,47,11,18,45,24,24,39,35,41,29,19,19,24,42,48,34,21,39,38,35,24,35,44,102,34,72,86,78,84,74,245,190,253,233,86,14,102,18,34,25,9,21,13,10,9,15,10,12,11,16,18,21,11,9,11,11,34,16,6,4,7,10,4
135,135,148,162,159,172,159,116,51,49,67,49,69,39,33,38,31,39,145,143,150,153,45,51,119,133,45,30,137,79,110,133,145,153,156,153,175,159,229,245,117,209,143,150,148,145,141,143,131,156,178,143,229,150,175,159,181,127,201,178,148,130,252,248,224,148,148,153,145,159,124,59,165,67,135,130,172,68,116,205,112,91,102,175,88,88,20,209,141,84,114,172,162,63,125,128,165,27,29,21,29,47,26,10,63,62,14,57,67,245,139,130,233,49,139,248,251,249,241,127,129,128,130,218,245,250,249,153,71,253,86,18,13,37,19,27,18,38,10,18,63,25,14,47,34,39,27,12,17,24,43,45,38,22,21,37,38,31,31,35,117,27,27,76,33,35,148,153,112,249,112,41,14,79,14,21,14,5,6,4,7,17,18,12,18,8,7,17,16,10,15,12,17,30,27,6,14,17,11,13
165,159,148,159,159,169,165,78,97,91,78,130,81,119,16,21,22,17,150,148,145,148,47,17,130,117,33,55,132,47,16,135,13,159,143,93,165,233,205,245,135,214,145,143,254,145,153,178,178,129,139,130,127,122,99,125,246,218,245,246,178,229,254,246,205,145,145,153,143,153,102,21,175,6,209,145,185,62,81,181,112,148,162,169,172,133,169,162,172,172,178,178,190,201,116,131,48,17,18,21,15,24,69,65,72,22,63,67,81,241,139,61,224,237,254,249,252,246,106,124,76,51,128,136,141,245,250,250,241,246,250,251,251,84,130,251,153,29,8,18,86,16,21,43,37,31,27,12,18,21,43,51,35,22,27,49,56,37,27,31,124,24,25,110,39,33,169,71,59,122,250,41,13,52,19,26,21,12,9,16,10,11,13,21,13,15,12,10,7,7,9,9,7,47,10,8,12,9,7,20
141,143,139,169,159,159,156,112,78,76,102,99,84,59,22,53,76,56,108,74,51,43,63,125,125,125,128,125,129,74,59,91,112,156,130,127,127,145,159,190,237,162,172,169,156,139,181,162,172,181,190,133,185,143,132,162,190,162,169,229,209,141,127,169,137,150,156,156,153,156,165,159,172,178,229,178,178,175,162,172,76,68,68,185,145,106,108,218,185,112,106,110,218,110,196,185,252,38,17,16,24,14,44,34,61,19,76,57,88,237,181,84,241,35,62,243,250,249,245,48,93,95,136,178,78,42,43,79,110,81,218,249,241,241,250,249,251,252,250,86,102,175,72,39,30,19,20,9,16,17,41,47,15,20,20,19,41,31,38,34,124,27,29,122,39,38,165,55,48,62,233,106,11,19,30,29,20,14,14,13,10,12,11,13,9,11,17,4,10,5,5,6,5,41,6,3,4,4,5,33
150,143,145,148,150,159,153,69,74,148,86,69,67,76,57,102,114,129,91,31,67,34,25,162,169,56,71,88,233,162,159,156,141,136,253,135,175,110,88,68,121,145,196,185,156,139,150,162,229,156,209,181,159,156,172,124,172,172,141,156,175,190,205,190,132,181,148,12,4,21,74,63,224,72,139,61,35,37,16,162,143,119,150,135,255,255,141,135,241,248,124,125,130,133,141,233,136,69,41,34,24,110,53,55,44,61,79,79,53,233,190,175,55,127,143,181,209,249,49,62,9,37,141,159,135,44,30,30,7,22,45,37,63,104,95,233,246,245,243,245,252,252,251,250,153,79,246,162,59,10,25,35,16,14,16,18,42,37,42,37,97,27,33,121,44,43,148,52,44,60,116,249,10,10,10,21,7,13,7,18,7,8,13,10,10,6,9,10,8,7,5,5,7,41,8,11,4,7,6,34
135,139,139,148,156,148,148,35,91,95,38,88,63,74,47,61,93,124,150,29,66,27,22,39,119,49,31,49,250,254,143,69,106,148,254,255,137,175,172,169,175,175,205,156,106,122,125,128,124,72,91,108,93,25,106,119,148,129,141,150,139,135,209,229,229,254,190,162,37,62,254,255,255,254,47,11,63,38,108,131,129,133,135,133,128,209,190,97,153,162,169,112,135,33,8,136,169,122,45,27,30,71,65,79,62,31,55,52,52,241,201,196,209,178,172,165,145,150,69,45,67,51,68,156,127,43,25,26,8,31,71,24,19,20,7,16,26,33,72,76,72,246,243,250,249,250,249,250,246,250,84,91,74,78,43,15,19,39,27,16,52,14,24,124,38,33,143,41,38,60,56,237,61,29,60,66,39,41,25,14,5,5,8,5,5,5,7,2,5,6,4,6,3,31,5,3,6,10,9,31
137,143,145,153,148,148,150,25,104,21,29,56,69,72,81,112,93,169,108,81,53,31,26,24,20,27,56,93,254,124,255,139,165,181,255,255,141,175,175,178,175,178,127,237,48,2,74,0,0,0,0,4,0,10,12,133,119,99,129,132,218,169,143,129,159,178,153,252,97,129,79,119,84,55,20,30,22,47,88,185,175,196,214,233,31,43,209,145,18,53,237,116,110,47,129,72,156,135,47,31,63,68,68,39,42,72,78,81,72,241,218,218,214,209,196,185,172,175,162,145,71,59,52,137,97,30,22,19,14,27,121,22,11,20,7,15,12,25,35,14,60,19,35,246,233,74,245,243,237,248,241,250,218,252,250,243,114,127,251,129,51,15,11,91,24,22,132,31,30,59,57,169,67,95,112,119,124,116,15,20,30,29,20,20,26,30,16,3,1,6,4,5,4,26,4,6,17,7,4,33
145,139,139,165,159,153,148,49,97,33,31,51,69,79,78,88,124,136,122,165,86,24,57,108,71,93,52,47,162,255,125,254,133,143,255,254,136,165,181,196,205,209,148,224,159,61,112,139,162,150,224,229,224,162,145,153,143,159,132,156,124,148,143,148,153,162,165,181,128,169,127,122,61,41,38,27,178,185,251,254,44,121,224,245,49,136,224,224,61,145,243,112,106,26,11,81,148,114,29,49,84,79,65,71,45,31,71,41,52,243,218,31,248,150,201,190,196,190,185,178,185,172,205,130,148,38,17,15,10,27,137,45,6,16,1,13,3,29,56,21,51,39,35,47,35,57,45,81,84,131,81,248,229,243,246,224,249,252,248,249,246,229,124,76,104,66,132,104,19,49,55,86,68,97,102,106,110,108,108,112,114,119,119,119,97,16,24,21,33,29,22,22,26,27,15,10,10,10,4,30
136,135,137,153,145,139,139,97,93,19,52,133,127,72,74,81,29,72,97,119,41,60,67,66,71,34,65,125,254,114,255,159,255,135,255,253,141,178,169,122,60,57,59,253,156,205,133,205,148,148,196,209,185,196,250,201,237,218,205,181,201,250,137,145,141,172,159,136,119,129,241,117,88,104,43,18,209,255,175,181,190,79,214,218,150,62,229,214,141,45,245,106,102,52,24,71,137,91,69,86,69,43,41,71,76,76,30,62,53,233,141,9,243,237,253,156,250,130,181,172,201,218,201,178,224,72,79,76,16,22,169,25,5,12,6,20,10,26,104,17,11,20,22,48,48,38,34,114,24,22,27,41,132,71,102,93,150,249,250,251,250,250,246,248,243,233,245,229,114,97,57,159,30,97,97,110,116,110,112,108,116,106,116,102,95,104,99,110,117,117,124,69,11,20,25,20,19,20,18,27
141,141,143,148,136,148,156,67,62,27,18,42,3,121,110,33,127,67,148,86,65,35,62,61,19,38,48,139,130,255,119,255,110,255,255,249,141,172,78,251,148,162,162,141,108,110,119,129,117,114,127,224,190,178,185,196,143,190,201,196,185,190,201,229,99,110,114,122,122,124,125,119,131,143,52,59,233,254,169,196,254,78,201,205,84,55,237,229,55,81,245,69,84,153,78,102,245,108,51,86,37,91,59,66,55,81,65,68,48,237,141,56,245,117,68,169,245,248,229,116,143,178,214,175,248,224,237,246,246,97,108,122,29,19,3,12,10,26,119,19,4,31,8,47,52,27,20,112,16,31,26,35,122,55,35,22,24,57,74,81,97,122,252,237,243,245,214,249,250,190,172,245,15,76,47,42,37,38,121,108,106,108,112,97,97,106,106,108,106,102,116,114,108,95,112,112,122,117,45,19
135,132,133,139,143,143,145,95,71,57,11,67,84,95,67,81,175,81,65,71,59,45,117,56,72,102,106,205,255,128,255,119,255,112,255,243,148,196,129,245,165,175,162,175,185,190,201,196,185,169,209,159,108,97,124,116,117,119,119,116,124,135,124,57,56,49,88,66,175,55,61,65,61,69,59,156,165,133,169,175,172,175,214,81,95,38,104,91,79,84,93,137,88,104,57,74,66,56,59,48,37,51,63,93,88,69,86,53,44,233,143,66,241,233,250,148,248,245,246,116,25,66,128,214,27,117,86,246,251,250,209,251,205,209,135,112,34,15,131,8,2,15,14,22,52,26,15,102,16,17,19,18,91,49,31,34,22,15,29,52,13,15,17,16,91,117,104,153,248,172,178,172,13,114,9,10,8,9,18,47,45,97,29,29,127,116,93,106,108,102,116,112,114,95,104,104,112,104,114,81
71,67,133,76,57,112,79,136,91,67,117,55,78,74,74,67,0,78,65,205,56,51,88,71,66,76,59,241,127,255,137,254,124,255,255,233,145,178,165,254,153,156,165,196,79,110,99,108,114,81,39,51,55,65,65,121,72,86,76,67,68,66,66,66,62,67,57,57,132,121,121,169,172,165,169,175,175,175,74,38,18,224,205,69,79,55,99,81,95,74,91,127,97,49,66,57,67,65,51,39,45,42,37,38,49,65,108,91,56,233,150,52,246,156,72,136,241,243,243,124,49,156,130,137,65,61,26,31,34,112,84,250,201,245,248,249,250,245,66,218,62,15,20,99,53,33,20,74,19,20,45,14,57,38,34,22,20,27,26,35,16,11,12,2,11,9,7,20,30,246,53,17,12,122,4,6,5,5,1,3,5,9,10,15,14,43,17,29,31,24,125,102,91,91,108,93,116,112,117,78
69,62,68,38,63,29,61,66,78,69,57,44,106,84,65,61,71,81,76,106,63,56,84,71,63,41,27,243,255,132,255,129,254,128,255,224,141,196,10,254,169,165,178,201,55,95,67,65,60,61,59,61,72,68,61,129,114,121,91,67,88,78,76,79,74,63,56,57,60,65,131,71,1,0,0,0,0,0,44,9,26,55,201,156,159,209,67,30,72,56,69,35,41,13,79,41,86,65,31,53,106,16,43,44,37,41,29,33,21,245,156,86,254,254,253,121,246,246,248,124,57,60,129,57,29,27,41,45,52,62,59,13,93,104,81,246,218,249,243,250,252,250,76,79,81,26,22,52,45,18,31,15,42,20,34,13,18,19,22,22,20,14,11,7,11,8,8,11,10,119,30,21,14,125,4,6,3,4,4,5,6,4,4,8,5,5,6,4,10,15,17,37,24,21,65,30,116,95,93,84
30,31,76,74,62,52,45,56,59,26,6,51,18,66,135,61,63,57,81,190,65,78,52,21,44,65,91,241,136,255,172,254,172,254,255,233,141,175,165,254,172,172,190,143,41,56,62,69,67,65,65,57,67,63,61,97,116,196,132,59,60,67,102,68,68,84,62,60,61,60,61,196,84,5,6,35,67,72,81,91,110,135,165,150,178,165,148,254,196,116,29,63,39,11,67,71,56,56,38,74,65,35,15,24,17,7,22,91,99,245,156,45,114,60,71,169,252,253,254,129,76,56,178,185,18,29,27,27,13,19,44,44,95,22,49,29,68,104,72,246,250,243,251,248,251,253,97,229,69,49,27,38,17,56,33,20,17,12,17,21,24,17,12,5,11,15,9,10,13,41,141,22,10,122,3,1,0,0,0,2,2,2,2,3,3,5,5,6,19,8,18,30,55,63,53,48,19,22,30,25
52,63,61,59,43,49,43,47,62,43,201,233,150,11,68,63,61,66,68,72,86,47,48,67,62,51,61,253,255,205,254,139,254,254,254,229,145,190,22,253,165,165,153,248,141,88,93,43,38,148,175,139,175,79,84,76,84,86,93,128,117,60,62,63,76,76,68,62,74,68,69,67,69,196,130,97,76,74,81,88,88,84,93,95,97,91,150,169,169,175,254,95,60,84,74,31,59,44,57,29,52,30,7,7,27,9,59,59,86,243,156,48,60,125,251,185,253,254,252,162,48,53,148,67,38,30,30,22,29,33,34,19,106,17,78,43,84,60,65,24,19,110,88,237,241,250,249,252,253,252,95,110,93,53,29,11,21,17,30,27,19,11,14,35,38,27,9,31,12,33,252,31,10,124,0,4,3,0,3,1,4,2,1,4,4,5,2,4,27,10,13,29,57,66,6,15,91,31,31,27
63,38,42,56,41,25,29,20,29,53,135,141,67,60,71,74,60,68,56,69,76,53,55,37,21,9,65,214,128,255,246,254,254,190,255,224,153,172,165,253,162,143,141,132,125,253,88,156,165,162,153,181,175,122,117,88,76,76,78,135,201,143,128,93,71,65,81,78,60,65,62,65,65,63,153,175,102,108,114,124,74,72,86,88,86,86,88,93,102,124,153,153,137,153,145,178,254,106,51,37,9,34,3,9,26,17,61,59,91,233,143,41,47,33,137,253,252,249,253,178,67,62,145,178,78,67,47,30,25,34,33,24,110,11,95,25,110,15,29,11,10,14,106,41,22,121,104,229,241,251,253,253,248,246,181,68,169,69,18,30,29,43,10,7,16,12,11,8,10,26,214,19,9,124,0,2,0,0,0,1,7,0,0,4,3,2,4,3,38,10,12,16,63,71,48,44,45,37,33,30
8,63,61,24,39,21,59,26,45,29,33,214,84,165,79,16,42,253,68,60,61,53,45,117,15,27,55,246,254,56,253,241,185,255,255,233,117,125,102,254,156,156,165,132,136,224,133,165,159,143,181,185,254,143,84,79,76,78,88,78,78,81,190,132,110,63,78,104,106,114,117,122,122,121,102,93,159,162,159,139,122,209,66,69,69,67,71,74,62,52,153,136,143,156,145,150,159,156,8,11,29,27,55,44,4,60,39,81,78,241,172,143,121,48,119,119,110,251,252,229,156,95,60,31,175,249,252,104,106,38,22,17,114,19,129,25,116,30,17,11,10,15,95,48,27,17,57,52,61,95,79,253,249,251,251,253,251,253,253,74,246,112,24,11,20,19,17,16,16,24,95,112,7,121,0,0,0,0,0,1,43,0,0,4,2,2,8,21,30,51,49,102,48,67,43,38,13,31,31,33
17,19,49,22,30,39,17,20,21,27,12,59,79,205,76,68,61,243,67,66,62,26,38,125,16,38,55,250,251,255,245,254,255,66,255,233,139,224,248,254,156,159,137,114,128,169,72,143,159,165,178,175,254,128,165,153,148,84,79,76,91,88,76,112,131,143,148,145,156,114,119,132,139,153,131,59,121,95,97,66,133,135,141,137,162,153,145,165,169,162,131,159,159,165,162,165,112,19,43,66,7,13,34,20,9,30,52,72,42,243,162,205,67,141,181,185,136,106,44,79,38,17,81,53,102,237,250,248,251,252,84,241,66,29,136,21,99,38,11,11,21,15,86,65,22,13,18,11,21,22,24,30,62,88,97,248,249,245,251,253,252,254,253,67,72,76,71,20,24,29,60,214,6,119,0,0,0,0,2,1,39,0,0,0,0,3,15,18,57,19,72,52,22,56,7,19,8,34,31,31
21,56,27,25,30,20,20,19,13,25,42,95,74,93,91,86,72,63,135,65,55,38,34,69,38,63,66,251,254,68,249,254,86,255,255,224,175,181,249,253,156,159,122,131,125,139,125,150,165,165,165,153,130,24,253,97,135,102,106,95,91,88,76,68,72,74,214,68,250,61,127,159,145,141,156,153,165,162,159,156,137,162,165,165,172,172,110,1,190,4,5,7,60,172,51,34,56,91,49,3,3,52,21,7,35,12,81,95,49,241,178,181,218,185,181,145,150,125,71,61,8,37,112,131,65,31,27,95,233,252,246,250,241,196,91,78,91,18,4,12,11,9,74,74,25,17,14,18,21,30,19,19,12,27,29,25,35,93,71,249,249,252,252,249,252,254,254,131,121,66,69,201,1,117,3,0,0,0,3,1,7,0,0,0,0,3,17,17,57,24,19,19,17,60,26,29,38,34,33,33
22,24,16,15,21,27,52,95,86,84,66,81,136,67,128,72,91,63,156,143,48,47,35,181,35,121,81,139,253,255,245,246,255,68,255,201,136,175,253,253,148,141,88,245,132,132,233,159,165,162,165,162,110,67,250,133,254,112,68,86,112,172,137,150,148,145,143,143,172,156,162,129,172,172,162,162,165,44,29,1,5,6,0,175,0,2,1,26,172,21,34,38,45,165,63,78,153,148,30,1,16,57,44,5,24,20,88,68,51,243,190,205,201,224,178,169,169,141,52,67,63,86,81,133,59,7,39,33,29,22,104,129,237,251,249,249,250,91,205,10,13,10,57,97,25,13,20,20,15,12,14,27,26,30,24,15,17,34,27,52,41,139,74,249,248,251,253,249,253,86,159,112,78,102,97,59,16,1,9,0,3,0,0,0,0,3,4,33,57,26,26,22,20,21,12,17,20,37,18,38
6,18,34,27,31,59,78,56,62,24,38,37,41,76,84,74,69,71,63,201,84,27,52,51,128,124,60,156,145,122,254,255,71,254,255,172,172,159,254,254,150,148,74,66,246,131,185,159,162,165,162,162,143,135,254,125,254,253,156,150,150,132,150,159,159,159,156,124,150,56,56,47,41,237,37,45,55,45,76,16,24,27,31,243,43,65,67,159,143,165,169,156,165,136,35,57,47,42,61,35,6,5,0,2,9,1,49,65,10,241,201,11,196,237,205,190,178,175,181,130,59,78,74,88,37,1,33,14,34,42,30,43,65,102,95,248,245,249,248,252,71,74,71,102,20,5,29,21,17,12,8,11,9,18,14,10,43,47,30,24,21,24,24,31,30,95,76,205,233,249,159,135,130,124,93,124,22,34,68,97,16,2,0,0,5,2,3,13,65,1,34,19,25,27,14,18,21,24,16,12
42,106,56,52,26,37,35,35,66,9,48,72,34,81,88,91,78,65,65,102,84,55,49,53,45,133,162,97,252,255,218,159,255,81,255,150,135,178,253,253,145,148,150,108,121,169,250,159,159,162,162,156,124,7,254,137,124,209,125,121,17,9,4,159,2,0,6,9,148,65,27,30,33,243,33,48,61,99,150,145,150,143,156,150,6,1,2,0,150,3,4,6,4,169,35,38,51,214,34,5,39,67,97,88,97,79,51,53,20,209,121,95,63,56,66,218,205,190,205,201,159,162,116,214,31,3,1,13,34,24,38,38,53,35,52,35,97,116,246,246,246,246,248,205,153,139,25,24,20,14,6,12,11,48,13,14,12,24,17,11,16,11,29,24,20,10,9,30,42,249,60,74,129,124,95,108,99,110,84,114,19,21,130,20,22,13,3,17,72,6,1,21,33,27,13,14,18,18,16,13
56,41,29,68,43,18,99,72,62,88,69,79,27,34,49,86,49,63,71,130,130,57,56,52,35,71,48,129,252,178,254,255,66,254,255,150,169,159,254,254,150,141,81,4,127,133,251,162,162,165,145,143,136,141,250,132,128,209,143,128,29,43,37,153,33,44,60,62,150,122,156,162,159,165,175,59,1,0,125,1,0,7,0,249,5,25,27,30,145,26,52,63,67,139,150,153,159,153,52,53,79,49,33,33,13,47,62,110,91,241,139,7,44,55,97,108,97,137,201,218,178,196,196,246,27,0,5,7,8,11,30,38,31,30,26,44,26,29,16,88,106,246,246,246,250,246,251,71,249,35,10,22,26,19,18,44,12,30,12,7,16,17,10,11,14,10,24,22,21,93,26,68,20,124,99,108,106,106,86,104,106,112,117,116,57,21,25,15,67,21,3,10,31,24,6,25,13,13,17,18
53,49,43,48,11,74,61,68,45,59,62,37,9,26,31,71,71,60,137,145,116,65,57,59,55,44,172,205,241,254,190,97,254,253,255,148,130,175,254,254,145,133,241,139,110,130,254,153,159,148,141,156,127,248,224,132,253,250,132,81,125,159,148,150,150,156,55,1,156,1,0,0,0,233,1,1,18,24,218,17,30,34,51,249,37,143,165,169,159,169,132,4,9,156,19,62,99,81,30,39,20,21,11,30,61,95,47,42,62,243,150,141,102,84,99,127,106,124,67,55,190,201,218,245,248,106,159,6,5,11,4,11,19,5,25,26,20,31,22,29,27,30,45,104,229,250,243,251,246,246,76,252,99,35,18,56,17,38,20,9,9,10,14,12,6,9,17,18,30,45,51,68,53,114,10,38,116,106,106,99,99,108,106,102,106,112,116,110,104,13,15,95,25,17,11,20,15,7,17,20
3,5,128,116,68,65,60,31,51,22,45,14,27,37,27,39,51,104,132,162,162,99,60,65,66,67,209,205,218,254,116,255,78,243,255,156,196,153,254,254,145,143,84,233,129,112,254,153,156,137,156,156,128,1,209,136,108,253,125,124,15,7,4,153,0,0,16,10,153,20,33,39,45,229,71,69,102,156,172,159,153,156,6,153,0,0,0,0,136,4,3,30,33,162,45,49,47,241,19,16,15,26,30,39,29,45,12,27,52,243,165,159,93,97,99,3,106,76,48,52,131,132,137,243,249,250,252,248,84,72,10,9,1,4,4,10,22,19,43,30,33,35,14,117,24,38,97,128,241,246,250,249,245,233,79,93,24,37,27,13,13,13,14,11,7,25,10,24,27,39,181,67,53,127,11,11,38,59,22,65,110,93,97,104,99,104,110,106,91,110,108,110,116,7,25,84,119,59,15,4
128,130,122,52,44,43,56,24,60,42,19,33,48,53,8,16,117,133,116,135,205,133,65,72,141,65,68,209,214,248,117,91,254,254,255,150,178,133,254,254,148,139,86,8,162,128,254,143,143,153,153,156,254,121,159,136,122,254,127,22,108,41,39,136,47,61,66,114,143,162,148,162,178,162,13,0,0,0,224,1,0,7,5,250,17,25,30,39,141,60,67,137,156,159,156,153,39,11,5,11,31,10,21,33,20,20,24,10,10,243,162,78,52,84,102,72,254,53,88,48,66,63,108,241,19,117,252,241,249,251,229,205,2,4,4,10,9,6,11,5,15,11,37,119,53,57,34,24,20,121,78,250,252,245,246,196,246,69,181,117,38,13,34,29,38,20,11,14,26,33,248,67,41,124,6,25,21,30,30,27,51,60,35,52,97,88,108,95,88,99,106,102,93,97,97,102,117,76,16,13
106,110,97,35,49,59,102,68,88,71,42,63,56,14,25,139,145,148,141,143,214,133,84,63,67,68,76,181,214,229,243,254,229,91,255,162,130,156,253,254,148,145,218,145,119,150,254,139,153,150,156,150,95,15,131,132,252,254,116,48,139,156,153,159,156,91,1,2,153,0,0,0,0,178,5,38,72,24,245,26,55,69,122,181,165,159,156,169,148,1,0,6,8,156,34,11,39,143,4,17,21,1,27,8,29,9,12,19,3,245,159,15,79,102,84,84,63,53,121,79,51,35,48,53,25,15,26,39,108,249,246,249,248,136,86,1,10,2,0,1,1,1,16,132,55,71,53,30,34,22,19,26,141,79,245,214,248,233,250,252,209,91,145,13,20,16,21,21,27,35,148,62,51,124,3,9,9,9,47,35,16,7,8,16,27,74,43,42,84,88,95,91,86,95,99,86,97,102,106,110
62,116,74,122,97,88,74,116,67,68,84,65,6,17,20,33,97,117,145,175,150,169,99,63,67,65,76,91,143,224,233,175,229,254,255,159,165,159,253,254,148,133,102,2,125,128,254,141,148,139,150,162,104,16,112,150,132,254,124,124,18,9,5,102,3,0,9,26,156,27,55,53,57,172,86,131,153,153,159,156,97,2,0,224,1,0,0,0,145,27,39,35,47,150,66,76,131,169,1,3,7,14,1,7,9,3,16,8,11,246,178,35,31,78,93,97,72,67,34,37,78,201,102,37,17,7,16,22,24,26,119,125,245,224,243,251,159,117,0,0,13,13,1,150,35,153,53,37,24,43,21,27,21,31,38,135,84,153,248,253,251,246,248,253,72,243,61,18,29,39,76,41,52,122,3,4,5,8,51,18,47,1,5,43,9,5,31,5,59,18,16,34,88,81,97,84,95,97,91,88
35,61,61,67,39,76,67,66,81,71,63,74,81,69,9,35,93,106,114,110,128,172,132,66,63,63,117,63,128,110,175,162,63,95,254,169,139,131,253,254,143,156,249,143,117,133,254,145,148,141,153,150,254,145,128,130,156,253,37,88,130,45,47,69,59,67,88,150,143,150,153,169,131,162,1,0,0,0,243,3,0,29,27,237,25,41,56,59,156,110,169,159,159,137,48,51,12,62,21,2,5,10,4,10,11,24,4,2,3,243,153,30,34,31,56,27,68,59,68,62,55,76,209,224,16,7,16,13,11,18,15,12,19,91,250,245,250,250,252,135,104,22,10,201,42,114,1,7,7,33,1,27,26,41,27,110,29,21,13,224,102,248,246,251,248,246,245,121,106,57,74,136,74,119,2,7,17,6,57,3,11,6,3,42,2,6,43,4,11,5,8,4,30,15,31,34,84,88,93,93
25,55,59,15,20,106,88,43,56,57,30,43,53,69,68,86,84,78,104,95,91,133,104,74,63,68,68,88,119,104,81,172,135,254,254,153,165,153,253,253,148,153,128,159,127,145,254,148,145,137,153,148,37,2,131,88,241,249,55,156,153,150,145,156,130,2,1,1,150,0,0,0,0,145,25,35,33,39,243,52,69,127,153,159,159,165,84,1,153,2,4,5,6,145,38,45,47,214,10,7,19,3,1,19,18,1,5,14,2,224,132,84,33,14,19,31,10,19,20,93,66,48,91,45,17,25,19,48,16,11,8,18,19,12,16,56,129,246,243,246,249,253,196,224,53,112,8,3,7,3,3,0,25,26,34,88,44,25,24,33,4,30,102,93,245,249,241,224,246,95,130,252,218,124,7,6,4,7,69,4,3,5,2,48,6,5,11,0,4,4,8,7,14,25,1,19,26,25,18,39
38,53,15,63,91,63,52,53,22,68,72,68,48,52,33,44,24,128,122,68,76,99,99,63,68,67,99,72,84,153,74,165,190,116,254,159,153,172,251,249,148,153,125,124,139,112,254,150,156,145,150,145,132,141,110,150,137,251,131,132,20,9,7,6,0,9,31,34,150,38,59,78,72,143,139,190,156,150,162,20,0,5,0,201,0,0,2,29,150,30,47,60,65,145,104,156,150,153,1,2,2,7,7,18,4,5,2,5,7,214,128,139,67,129,5,19,4,7,4,37,25,52,57,59,72,18,19,16,18,17,2,21,41,14,16,17,20,29,128,108,245,237,250,252,205,69,49,7,5,0,2,3,0,1,26,62,15,42,26,25,0,37,14,7,20,116,91,224,241,246,119,241,209,124,6,3,7,0,61,0,0,2,4,44,1,3,10,7,4,8,7,6,13,14,2,22,17,11,24,9
47,33,88,47,93,49,52,33,33,24,44,57,76,63,39,91,21,44,61,72,91,95,110,88,62,66,68,72,88,99,106,121,150,156,78,162,178,254,251,241,150,143,143,148,130,127,253,153,153,148,137,159,57,143,124,122,150,218,29,121,128,52,51,39,60,66,136,153,148,148,162,130,1,153,0,0,0,0,196,7,21,21,33,190,43,65,86,148,148,153,162,156,7,132,30,24,44,104,6,2,6,1,0,8,18,7,1,5,1,233,127,201,190,49,136,132,130,135,84,57,71,95,172,114,224,218,218,51,21,19,21,56,19,19,24,27,21,33,24,26,30,91,245,254,233,246,252,112,88,9,14,4,3,4,0,56,9,4,2,38,0,55,11,9,12,13,14,25,55,224,62,119,27,129,2,5,0,1,76,0,0,3,3,41,0,3,7,9,11,18,13,18,12,10,2,18,19,9,4,2
48,12,76,11,19,81,74,53,67,49,44,91,35,34,44,57,33,38,72,67,246,93,130,106,97,59,68,61,72,93,150,132,241,196,178,97,76,196,253,185,132,145,121,7,122,79,254,150,156,136,148,156,52,1,121,132,169,169,44,141,143,148,156,145,18,1,4,0,156,0,0,0,21,153,27,38,110,47,190,74,150,159,148,156,119,1,1,0,153,3,7,5,31,131,38,45,45,218,11,7,1,10,0,17,4,8,3,14,0,243,137,209,196,175,178,133,136,141,38,33,68,86,99,108,122,233,243,233,130,68,11,20,24,14,31,47,18,33,26,18,18,14,39,251,86,237,249,252,248,252,104,86,4,16,3,41,0,3,6,20,1,47,11,10,12,12,13,11,20,91,52,61,66,129,1,1,0,0,55,0,0,0,0,49,2,3,4,8,3,19,9,9,7,35,1,27,24,9,5,6
13,17,30,57,13,51,48,99,67,22,18,55,18,29,34,31,43,65,71,130,84,143,185,143,49,209,88,251,57,122,162,59,143,175,245,133,53,45,254,165,153,148,249,139,241,127,253,150,135,153,153,165,141,133,119,135,139,150,129,19,9,3,2,2,4,25,26,31,150,43,62,74,117,169,165,156,165,143,159,2,1,13,0,139,0,18,27,39,141,47,62,72,145,153,143,153,139,10,14,20,14,1,0,0,0,10,0,10,11,237,135,181,205,209,175,181,185,124,35,62,67,99,99,102,45,74,95,229,209,201,246,249,27,47,42,61,27,39,26,20,20,14,47,250,30,30,110,88,218,246,218,252,251,95,214,25,6,3,3,9,27,49,9,8,9,12,12,16,18,93,55,66,122,95,39,9,1,3,52,0,0,0,5,52,0,3,1,9,0,2,51,15,8,10,5,27,25,25,3,2
21,12,47,69,63,15,30,60,31,45,15,25,21,33,37,44,60,61,86,133,162,159,106,65,52,69,61,74,76,93,71,74,76,62,190,43,55,47,253,145,156,145,35,159,10,145,254,141,145,156,153,145,20,156,130,135,145,132,66,125,128,55,51,44,66,108,143,159,143,153,122,0,0,150,0,0,0,0,153,13,26,30,37,139,59,119,162,159,162,153,49,3,7,131,9,13,37,145,29,38,3,25,18,19,1,5,0,56,0,229,145,18,37,185,205,201,185,162,169,69,62,66,76,78,52,91,24,41,104,229,241,229,246,114,88,52,24,41,19,14,11,14,22,250,15,18,30,41,38,127,148,249,248,248,249,241,76,78,3,3,4,12,8,8,10,10,10,11,18,76,81,124,129,72,17,26,114,55,34,0,0,0,0,48,0,0,3,27,0,2,7,10,51,42,6,25,25,10,11,5
20,10,81,19,86,31,68,78,19,38,45,22,22,19,114,121,47,66,69,84,62,60,60,72,71,68,74,81,74,86,74,76,84,251,131,130,76,214,253,141,156,153,253,33,159,128,254,139,150,159,156,153,63,9,145,131,159,133,95,137,143,141,150,74,3,1,12,0,141,0,0,20,41,156,45,61,67,69,159,139,156,150,159,137,1,1,0,0,145,1,8,29,38,130,52,67,106,143,8,3,10,47,38,29,4,3,0,0,4,237,139,18,3,4,4,172,181,190,201,162,137,114,71,65,55,127,53,48,31,47,72,133,233,196,249,165,65,35,30,13,11,12,13,250,16,16,15,31,19,44,119,35,91,250,249,241,224,243,237,84,66,3,10,7,7,5,7,9,14,63,252,102,84,72,88,117,110,48,20,108,102,2,0,35,3,3,0,19,4,2,10,12,6,7,25,10,20,10,12,0
24,59,53,67,62,48,22,19,33,14,41,39,33,8,49,38,56,67,62,78,67,62,49,61,67,65,71,65,69,59,218,67,72,84,69,117,209,72,224,137,141,169,254,253,30,121,253,148,150,156,150,148,254,148,117,143,133,132,37,112,13,7,1,4,20,29,30,38,129,57,74,106,165,175,178,185,148,1,156,1,0,3,0,135,13,21,27,42,145,56,66,150,148,153,143,51,7,43,47,6,71,48,31,27,11,0,0,0,0,233,141,17,1,10,14,10,9,178,214,214,178,196,178,209,55,131,55,55,55,53,51,52,44,99,237,229,243,251,169,61,13,18,11,249,17,15,33,19,16,21,125,30,27,41,108,108,246,237,241,248,246,214,86,110,9,8,7,8,12,65,246,76,22,5,76,114,66,112,110,122,88,27,122,42,11,0,3,10,5,4,26,9,10,31,42,30,34,15,19,7
14,6,19,2,1,22,39,55,45,71,55,52,31,18,3,61,51,61,63,71,56,59,97,245,63,65,241,139,67,116,229,150,71,63,37,124,169,108,93,129,150,159,253,253,122,205,254,148,150,150,148,139,201,243,129,125,159,128,102,128,127,49,43,49,69,156,150,145,159,131,1,1,0,159,1,3,0,35,141,19,35,47,59,141,148,150,145,148,129,0,0,1,3,135,6,42,49,190,4,11,3,22,27,29,25,7,7,4,1,229,162,29,0,0,1,11,3,3,37,185,196,196,181,209,65,124,51,45,53,60,61,59,57,42,24,114,243,237,229,214,95,74,16,251,18,9,15,18,13,17,127,25,16,27,26,26,24,99,78,243,249,241,248,248,129,124,79,8,12,62,114,66,13,6,95,106,108,117,106,114,110,119,127,114,14,110,119,13,8,6,18,7,11,11,66,29,33,15,7,15
5,7,16,125,52,22,57,26,15,20,31,45,18,38,44,0,27,175,56,65,185,81,55,53,62,69,59,62,57,69,79,84,108,44,133,145,141,127,31,38,119,79,252,253,253,37,253,150,148,150,143,139,251,130,233,129,135,133,132,133,148,153,143,6,1,1,10,0,128,1,10,31,41,169,42,57,66,127,150,156,153,150,4,153,1,0,0,0,150,30,38,43,47,132,69,139,139,156,1,1,2,47,62,35,43,29,19,25,12,243,175,57,3,1,0,7,30,16,7,18,19,181,162,237,243,114,14,45,53,57,53,61,63,63,55,55,55,108,172,229,233,245,253,245,37,7,11,17,10,16,97,29,19,27,20,16,15,10,71,29,67,132,245,250,252,249,248,59,68,56,61,95,13,8,108,35,17,38,102,114,110,114,116,106,121,124,121,15,25,15,13,1,1,2,78,31,33,5,7,2
6,1,4,6,67,56,41,53,20,16,20,27,47,53,66,68,55,81,60,43,68,67,66,66,59,69,76,150,60,67,145,56,68,74,129,141,139,153,246,27,88,108,185,253,253,254,254,153,148,148,135,139,254,145,104,136,135,136,93,112,13,1,3,6,20,24,25,39,116,61,71,159,162,181,172,148,2,1,143,1,1,0,17,136,22,44,60,69,148,141,145,143,162,71,1,31,17,175,27,14,1,59,5,55,61,37,18,25,27,241,172,55,19,16,18,10,6,0,4,5,19,41,130,233,224,209,248,165,18,27,55,53,56,48,65,62,61,60,56,41,86,233,245,252,251,95,175,12,4,19,81,26,15,16,19,18,10,16,88,10,10,11,84,114,243,248,252,253,252,229,153,99,102,9,110,3,5,7,35,21,39,108,114,102,110,106,112,121,121,122,15,26,16,12,74,21,29,4,5,5
9,6,5,20,14,26,47,34,5,26,26,33,31,42,88,71,68,71,69,63,69,117,68,63,148,65,72,117,56,53,33,63,79,65,42,148,150,143,71,133,8,76,175,135,252,254,248,150,148,143,143,156,165,62,254,116,136,131,110,121,130,57,45,48,128,145,145,150,145,4,1,0,0,169,0,0,26,30,139,31,61,67,131,148,148,150,143,7,148,5,7,10,13,57,10,2,12,253,9,74,74,19,1,3,22,76,42,33,48,237,175,60,37,43,37,29,21,15,18,37,34,104,133,129,59,129,249,241,248,178,9,42,51,51,72,53,53,60,59,49,30,57,201,229,245,250,250,172,190,21,78,30,16,11,18,13,11,12,93,8,6,2,29,49,10,88,76,243,249,233,130,246,81,10,112,11,10,21,9,10,4,39,20,34,102,108,106,117,104,110,117,117,121,19,21,15,13,18,1,4
5,4,22,57,19,59,9,24,11,61,44,42,27,69,69,76,81,74,63,68,56,59,62,63,62,61,71,72,29,31,4,65,52,59,60,209,214,224,69,190,14,53,133,214,253,243,229,150,145,156,143,165,250,35,254,218,66,136,145,133,143,143,56,0,0,0,0,0,61,14,34,45,53,165,66,72,125,156,159,153,143,3,0,136,0,0,0,56,153,0,7,11,19,45,55,137,141,99,11,14,48,6,5,7,3,1,35,57,24,237,156,49,42,51,55,37,42,41,57,48,86,57,125,86,22,67,41,153,245,249,245,249,17,19,22,49,49,55,53,55,59,51,25,237,95,104,248,233,251,254,88,68,10,14,16,9,13,15,97,5,5,2,11,4,0,7,5,7,110,93,61,251,44,6,114,10,10,7,2,5,7,5,5,6,26,17,38,104,97,106,108,114,114,108,110,114,78,14,16,11
4,9,13,17,47,11,37,18,2,22,62,13,33,24,61,76,76,76,165,71,57,66,65,63,65,52,68,71,150,45,44,62,57,59,57,65,205,201,26,209,224,145,150,159,165,132,248,143,95,132,133,156,237,253,253,253,201,133,125,124,12,6,15,21,35,41,45,55,62,65,148,165,156,162,137,1,1,2,145,2,5,130,143,148,143,145,145,141,150,143,153,141,148,139,65,141,148,52,17,47,38,25,18,5,3,0,2,2,43,209,143,61,24,24,47,45,56,42,67,110,78,47,60,78,26,65,14,6,37,136,245,245,218,241,10,12,19,52,49,39,18,24,20,214,29,31,45,78,250,248,248,253,124,218,9,11,10,10,93,24,6,2,9,5,3,2,8,3,17,117,51,175,17,5,114,4,12,6,3,3,11,4,5,1,2,4,15,26,19,39,104,108,108,108,102,110,112,110,124,95
13,5,5,12,7,9,12,14,9,39,47,43,43,55,51,63,68,78,178,145,57,65,43,60,51,60,69,67,76,52,55,61,62,57,59,60,205,175,169,209,159,209,201,254,237,243,241,233,53,117,136,148,224,252,251,252,253,135,55,139,141,62,67,68,156,143,141,150,14,0,0,0,1,159,8,169,141,148,156,148,159,156,162,129,148,148,148,148,153,143,143,150,124,22,52,47,55,53,52,61,22,16,41,5,5,0,0,3,1,241,136,135,150,26,37,38,72,76,97,91,116,55,67,63,45,81,48,48,44,20,42,91,224,251,243,132,34,26,20,6,9,29,17,185,25,30,19,38,13,143,250,251,252,253,254,74,67,10,95,20,6,2,13,6,0,6,4,4,12,112,53,56,19,7,116,4,6,8,3,5,6,0,4,2,1,0,10,35,19,11,21,17,30,114,81,108,112,106,108,114
13,19,22,19,29,26,41,39,63,37,45,21,48,60,51,145,43,76,131,49,255,254,61,62,57,56,60,66,68,153,56,56,62,59,59,65,59,145,108,125,125,224,148,150,145,162,145,201,47,65,102,136,114,251,252,249,254,128,141,139,139,141,8,1,0,0,0,5,37,181,136,145,148,159,169,165,159,153,156,148,159,145,2,139,145,156,129,1,148,5,5,7,6,51,52,60,38,91,20,12,4,3,51,6,11,5,3,0,3,245,137,150,56,139,128,130,172,162,119,38,68,91,67,117,52,69,56,17,19,34,33,20,35,81,251,241,248,76,60,34,34,7,16,145,25,44,20,39,34,13,29,135,99,249,245,250,248,68,67,9,5,4,10,8,0,8,1,0,9,74,71,60,49,10,114,1,5,2,9,8,3,0,4,1,2,3,4,37,4,5,21,31,22,25,26,34,114,102,106,99
127,19,30,47,62,45,131,141,86,135,91,71,112,13,135,39,81,78,66,237,130,255,60,61,57,56,249,72,74,61,56,57,60,57,57,61,63,53,106,86,95,49,72,81,88,81,74,128,130,139,131,132,131,156,201,246,253,136,0,1,2,11,66,165,131,143,148,143,162,137,148,150,150,169,169,162,2,1,153,0,1,14,19,141,6,9,9,8,148,6,34,127,136,125,45,41,26,49,61,20,7,17,45,63,30,6,49,56,8,248,141,190,201,201,148,148,162,159,150,52,30,122,121,117,69,53,14,4,21,29,33,26,25,22,21,78,248,249,246,97,136,27,29,143,19,22,17,24,12,22,27,24,19,45,102,251,248,252,229,251,62,60,18,8,2,7,0,1,9,34,248,67,112,9,116,0,4,2,2,0,0,0,1,0,1,0,1,42,3,5,16,19,31,14,4,25,16,14,25,108
97,33,52,117,145,131,143,136,55,95,10,71,78,31,27,81,79,76,79,79,254,5,59,63,63,56,56,69,72,74,214,56,57,51,59,59,63,59,127,128,127,253,74,76,81,84,99,86,114,76,133,97,104,78,124,245,252,108,136,141,137,143,139,133,150,143,141,139,156,143,1,0,4,169,30,45,5,132,53,130,150,156,156,143,25,159,139,143,150,86,71,110,81,24,47,62,16,37,25,19,5,5,26,20,31,55,53,43,27,246,145,185,218,214,175,139,148,172,84,62,71,88,119,127,248,88,52,17,15,21,26,18,22,27,29,30,33,72,246,249,246,91,249,116,15,22,19,19,9,17,39,27,19,20,15,12,148,237,229,248,251,237,71,190,3,11,0,4,10,37,249,65,128,7,117,1,8,3,2,0,3,2,0,0,0,3,0,17,4,2,10,26,1,13,16,21,30,5,9,17
121,190,214,205,209,201,71,29,56,97,95,106,108,97,62,97,71,68,86,84,88,104,169,143,48,51,51,60,72,68,224,55,55,55,51,56,79,55,51,88,99,116,169,65,84,68,61,71,60,74,116,141,125,104,97,84,104,97,114,114,137,139,135,143,1,0,0,0,1,5,7,76,25,93,60,114,125,71,22,122,129,137,148,141,143,130,137,145,131,61,19,38,44,57,31,60,72,20,8,31,24,4,8,6,12,33,41,33,31,229,143,131,229,214,218,185,141,25,55,69,76,63,99,114,237,237,248,99,11,16,21,11,17,18,24,34,37,31,27,74,246,249,250,110,253,44,22,19,11,29,21,16,21,22,21,26,65,76,122,67,243,214,246,245,205,159,44,7,10,22,122,51,136,10,116,4,6,3,3,4,0,0,0,0,1,0,0,13,6,2,13,14,1,8,5,6,21,2,20,13
131,209,218,233,121,145,66,86,104,97,104,99,114,128,114,121,114,86,104,125,245,53,53,39,60,57,51,43,66,69,67,48,56,55,52,55,55,57,60,124,129,125,246,31,76,69,117,93,72,141,112,114,141,102,110,69,56,84,1,1,0,0,139,3,8,185,130,143,139,141,156,127,143,122,129,29,27,88,14,35,25,5,3,137,1,29,2,57,33,53,57,12,69,21,14,44,33,16,35,6,4,4,8,3,18,24,6,7,31,245,145,29,22,19,224,190,185,145,117,67,69,68,52,102,21,86,243,233,251,81,14,16,16,19,16,43,38,35,20,19,22,86,250,131,248,224,251,33,25,14,14,20,8,24,30,21,47,69,124,3,20,81,243,218,249,250,248,62,67,13,42,72,60,71,112,12,8,0,3,0,5,0,0,0,1,3,0,9,8,8,6,8,2,2,10,4,31,11,16,9
132,246,233,243,243,165,129,112,108,86,69,97,99,137,95,91,97,76,104,148,190,108,42,52,76,65,72,66,65,78,68,38,57,52,51,53,53,51,57,59,214,116,131,129,88,72,95,69,67,95,93,133,148,108,104,130,106,55,1,102,99,114,106,119,119,137,137,139,137,139,136,133,110,102,53,25,25,27,31,6,7,20,44,162,156,59,60,52,43,42,37,17,49,51,55,13,69,27,35,3,4,6,21,6,9,13,4,4,11,246,159,39,30,51,45,172,214,209,178,148,99,78,65,76,33,53,17,148,229,249,250,76,12,13,11,24,25,29,37,21,35,21,39,53,241,252,243,249,61,12,6,19,21,17,21,29,30,52,102,10,6,31,20,97,150,241,245,185,248,124,131,214,128,72,114,97,20,18,26,1,6,0,0,0,0,0,0,13,3,0,9,8,3,3,10,4,22,2,8,13
133,178,162,209,250,201,201,62,145,60,122,99,108,74,76,81,102,91,74,122,148,102,51,190,49,57,51,52,53,67,72,57,53,51,52,61,53,52,53,55,233,135,128,30,125,131,88,84,72,69,65,124,93,122,97,102,119,59,74,102,97,112,99,117,122,119,121,132,27,9,1,76,72,93,39,4,11,26,21,42,67,37,34,72,61,39,61,55,42,59,20,21,57,11,51,59,43,22,7,12,33,34,41,39,53,42,84,72,56,245,172,59,125,127,57,34,81,201,205,165,150,128,53,71,41,37,22,17,25,65,245,241,233,69,17,30,25,29,20,20,27,14,20,57,27,88,237,243,249,250,66,12,20,6,18,29,31,27,66,6,9,44,8,13,8,88,84,181,241,233,135,76,67,102,114,95,93,110,67,24,106,14,0,0,0,0,0,35,0,0,0,27,5,2,7,0,19,4,5,5
229,243,248,224,156,214,229,66,150,117,95,130,84,108,108,52,65,106,108,117,108,31,48,48,47,61,66,63,61,62,59,57,209,52,52,53,55,52,53,55,56,181,201,254,252,86,106,81,61,63,71,125,119,104,119,108,128,86,44,116,106,116,66,4,2,44,4,1,81,52,5,63,131,57,13,11,25,43,66,65,49,45,16,43,60,31,30,33,39,26,18,12,47,3,1,61,61,4,26,37,29,31,48,52,47,48,76,72,112,248,185,81,119,127,53,68,78,56,124,178,205,175,137,196,41,41,41,45,25,47,24,137,224,229,248,69,20,27,27,31,17,12,22,56,29,29,42,88,245,246,250,250,145,43,12,17,27,38,53,8,10,57,20,27,4,10,12,27,86,205,108,229,48,22,110,95,97,114,117,112,116,24,68,17,0,0,1,22,2,1,0,2,25,1,6,3,20,1,2,10
86,136,110,81,130,150,237,66,169,55,79,132,110,86,130,66,110,112,86,119,119,241,117,57,71,55,60,61,61,53,57,57,86,55,53,53,137,55,52,56,53,128,133,5,122,237,106,88,78,67,53,61,66,102,121,112,117,84,97,43,130,0,93,0,1,10,55,21,22,30,102,110,125,51,30,49,33,68,84,7,33,3,41,31,17,24,6,9,41,2,59,2,3,2,2,56,57,22,41,44,95,66,69,78,117,78,35,76,55,246,185,84,114,67,67,91,63,76,57,74,201,185,162,218,42,42,48,42,47,61,56,44,71,246,237,205,143,65,15,30,26,4,11,52,16,26,35,41,17,93,224,245,250,249,86,60,17,35,25,14,14,76,19,22,13,13,16,26,10,34,53,253,39,27,97,30,110,102,104,106,106,110,116,91,21,61,12,10,8,0,0,1,6,35,26,22,24,1,1,2
79,159,63,69,67,19,136,74,141,117,112,110,117,72,130,57,128,119,81,99,131,133,55,41,49,121,60,60,55,153,57,59,55,205,52,51,52,45,49,49,53,49,224,7,162,229,44,84,84,79,66,67,156,72,62,116,110,99,78,49,53,128,106,112,81,31,20,60,8,16,42,26,33,26,39,57,55,59,34,79,19,29,6,9,20,13,12,17,37,24,1,34,84,26,63,27,14,2,62,72,71,69,88,65,99,78,35,63,15,243,181,63,81,67,25,93,24,9,44,45,52,72,172,224,74,65,43,34,35,33,47,35,29,35,214,229,233,248,78,74,22,3,9,56,20,15,33,22,11,27,35,88,243,250,251,251,65,67,42,15,17,81,13,11,43,14,17,48,19,25,47,178,38,26,121,1,39,19,88,97,112,108,106,110,99,91,21,128,33,3,3,2,7,7,14,4,33,12,7,2
37,12,49,122,116,47,104,93,137,79,129,102,137,119,76,128,81,95,110,112,116,133,135,57,43,42,63,57,57,49,52,57,52,233,57,55,51,245,53,52,53,53,22,156,133,114,249,57,47,97,81,53,67,104,99,99,112,116,127,116,65,55,39,53,74,44,4,19,18,6,7,14,20,19,22,59,59,74,131,76,4,11,37,16,57,45,14,6,4,14,72,37,24,110,117,137,128,121,112,71,74,57,78,51,53,45,14,5,65,243,185,68,53,49,33,35,62,41,63,60,38,93,56,196,248,243,241,25,35,11,13,33,39,37,33,26,150,229,243,252,69,72,12,60,11,17,21,26,11,15,27,33,37,102,246,237,248,243,56,250,11,110,12,11,55,14,10,78,13,20,57,48,48,19,119,4,9,7,26,33,55,117,108,114,102,97,112,110,110,24,15,17,6,6,15,3,35,11,16,2
11,43,57,9,43,53,129,95,117,104,125,114,117,114,93,97,95,125,65,112,121,125,241,139,74,34,56,63,60,57,53,57,57,56,51,68,49,52,55,52,51,55,47,165,137,130,108,196,71,86,52,71,66,95,49,127,88,128,122,148,93,99,61,5,12,10,0,2,0,7,0,15,26,30,31,21,76,145,25,81,0,1,3,16,11,10,42,20,76,108,110,106,121,106,110,91,102,93,104,102,124,116,108,27,112,7,42,125,112,229,162,57,71,49,45,48,108,45,74,61,47,21,14,4,91,248,218,248,205,30,24,33,41,59,55,38,55,19,124,248,252,246,95,60,10,13,18,25,6,8,22,27,18,14,38,97,243,233,237,224,78,117,7,13,63,20,15,110,17,16,243,45,48,25,119,4,4,9,17,2,21,34,43,99,114,114,124,121,116,93,108,15,20,17,9,2,33,6,11,12
10,61,71,57,88,53,137,60,129,102,112,95,114,119,79,67,51,114,127,68,112,117,241,42,131,132,218,59,60,59,55,56,55,53,63,78,55,55,252,51,55,61,47,8,181,209,165,252,45,86,34,72,53,59,114,78,129,108,139,121,135,119,48,78,3,0,2,2,0,0,0,9,25,25,18,41,18,131,35,108,0,25,12,4,17,95,48,48,122,112,119,124,102,99,110,97,97,112,99,97,95,110,106,114,102,114,108,106,104,224,136,102,116,74,25,55,24,16,11,76,33,48,26,22,25,41,84,229,252,72,31,37,43,51,55,93,91,12,10,21,78,248,248,121,71,20,10,26,7,11,13,27,14,7,30,26,16,114,237,245,243,201,141,125,67,19,17,132,19,19,241,69,65,25,119,5,4,3,2,2,5,7,4,22,53,34,116,121,119,102,97,106,119,116,65,39,14,1,11,9
52,135,121,133,124,132,175,57,124,95,136,139,136,102,97,57,78,119,122,74,104,116,130,52,49,162,108,55,61,162,52,49,57,56,42,86,79,48,51,53,52,49,49,49,218,136,129,112,246,76,11,95,71,67,66,76,97,128,102,108,93,66,128,43,106,11,13,10,11,6,24,13,5,14,13,11,76,68,39,108,2,2,3,45,53,42,110,71,119,132,122,122,114,99,88,104,99,102,97,95,93,102,99,106,104,97,110,93,114,224,136,139,52,136,162,43,17,16,14,59,7,19,27,51,27,42,48,93,249,250,246,237,38,44,49,33,31,8,9,19,15,42,129,110,250,251,66,11,2,14,11,30,12,6,21,12,14,21,21,84,237,224,224,237,237,245,19,129,21,21,119,59,162,26,122,11,4,4,5,3,2,1,1,2,0,4,91,44,116,108,116,114,106,116,99,106,12,44,16,8
172,125,124,131,119,137,246,81,124,114,129,136,132,74,133,127,62,97,93,124,112,128,110,47,35,104,159,55,57,47,48,42,52,51,49,249,63,56,53,253,53,55,49,47,44,135,135,121,110,99,5,71,71,106,62,102,53,110,84,122,112,117,81,81,51,131,29,38,38,31,25,33,20,15,30,30,65,30,7,81,15,41,106,95,122,119,69,131,122,106,131,117,88,97,99,95,97,106,106,102,91,88,99,102,106,93,91,99,91,237,141,156,165,52,127,125,137,121,114,57,130,95,162,49,10,37,42,65,47,84,245,241,245,233,45,39,27,25,9,10,29,22,20,59,214,237,249,253,84,9,7,16,14,8,20,21,16,20,17,21,21,97,196,246,233,245,250,91,42,29,34,52,253,25,119,25,6,8,5,2,4,4,5,4,6,5,1,15,47,16,79,112,114,108,106,99,86,114,114,21
76,131,110,141,119,137,246,79,128,127,130,125,110,124,119,76,99,86,106,79,99,135,131,224,45,131,135,233,57,51,57,67,44,51,52,246,61,52,48,47,49,48,49,48,44,139,185,205,162,250,3,108,84,72,68,81,129,48,108,71,137,99,112,131,88,53,129,24,26,24,19,25,10,35,26,19,42,62,55,62,20,37,60,63,112,124,116,108,79,106,56,114,99,95,99,86,106,102,104,110,108,102,108,104,117,102,110,110,93,241,141,172,205,205,48,150,145,145,141,61,76,72,69,119,2,31,33,66,47,42,45,130,248,245,81,47,47,30,19,48,19,24,25,59,31,84,249,248,248,250,91,16,14,6,24,30,20,21,17,16,20,59,43,91,128,246,246,229,241,67,72,125,249,26,122,34,19,9,11,8,9,6,8,9,8,15,9,13,11,21,11,33,69,121,104,110,114,119,119,112
76,108,114,135,112,124,245,67,127,224,143,122,93,116,110,162,99,86,99,124,108,128,114,214,45,59,172,117,56,55,51,52,48,52,51,51,91,56,48,52,229,51,48,49,48,35,181,169,129,106,17,95,81,61,65,68,91,181,42,49,104,129,119,141,66,88,60,88,30,26,15,21,34,31,24,48,47,25,31,17,31,53,78,60,74,121,112,74,119,63,72,72,106,102,110,95,104,112,116,112,116,102,110,99,99,93,97,95,102,241,141,175,218,178,145,178,60,135,65,106,91,88,108,122,8,9,18,66,34,27,43,22,106,248,224,245,181,38,33,24,18,25,21,57,20,27,20,201,233,237,252,165,56,7,19,25,24,33,33,26,29,47,39,31,110,93,91,233,249,250,178,148,129,33,121,43,8,14,14,3,14,21,33,22,27,33,34,31,12,22,9,11,0,38,17,95,104,110,119,114
86,81,66,153,110,132,196,60,128,130,127,117,97,106,102,116,95,56,88,110,93,114,108,135,47,132,127,42,56,59,51,51,45,51,51,51,121,52,67,51,51,49,51,49,47,44,33,132,135,124,30,42,74,72,78,68,63,78,61,84,53,110,141,93,135,128,55,49,15,30,13,25,15,22,35,52,49,52,53,7,19,47,60,61,65,62,68,51,41,44,59,51,71,88,88,102,97,106,99,102,104,108,99,81,99,86,95,112,108,218,136,29,119,196,172,162,132,97,38,78,97,52,110,110,250,95,6,68,16,8,41,52,48,27,81,245,245,246,175,37,42,21,44,55,30,29,22,25,29,106,243,249,253,69,84,30,25,34,27,29,30,30,37,27,91,38,42,86,84,243,143,88,150,26,119,39,6,3,12,4,12,27,7,11,13,25,27,24,0,24,8,9,4,6,29,7,84,26,124,112
44,56,55,72,122,76,84,74,112,156,99,114,108,110,137,74,119,79,104,52,86,69,128,122,241,148,78,39,209,57,51,56,52,44,51,49,47,43,53,51,51,110,48,49,45,43,255,255,255,196,6,251,60,72,74,74,68,56,56,110,76,116,124,110,131,78,71,35,84,29,2,25,10,35,47,43,10,17,10,4,10,35,57,57,52,55,44,52,53,56,53,59,102,106,102,106,57,117,114,125,114,114,91,93,104,97,91,84,121,237,141,27,121,84,185,175,162,178,37,66,76,88,86,114,233,243,121,56,41,4,33,22,41,22,19,60,143,253,245,86,108,39,24,56,66,41,31,10,21,20,39,76,252,233,252,71,65,30,31,37,31,33,38,33,66,35,33,60,43,86,71,246,72,71,110,29,6,5,5,2,7,5,4,1,2,1,18,7,5,22,0,17,3,3,12,4,25,19,99,63
1,15,17,18,81,62,53,159,74,141,74,125,95,110,139,141,129,48,84,84,86,102,124,127,250,44,39,45,41,51,52,51,43,45,51,47,47,165,57,52,51,45,48,48,45,43,241,255,255,255,128,106,218,78,76,78,72,48,51,156,79,91,88,130,112,133,91,74,41,119,29,35,30,43,39,48,27,21,4,1,33,53,56,59,52,66,49,57,56,55,57,60,97,116,128,95,108,121,121,116,114,106,97,95,91,97,88,99,99,237,156,39,88,78,93,172,175,190,145,125,60,65,66,86,26,129,237,243,243,6,45,13,31,13,17,45,55,104,245,251,243,76,31,56,91,33,18,18,22,8,18,27,66,81,246,251,254,71,62,41,45,26,38,41,45,34,33,35,39,42,43,250,66,72,128,30,14,1,5,2,3,13,9,10,7,4,3,22,0,21,0,1,35,1,12,4,22,30,6,20
2,8,110,165,62,16,102,209,72,159,106,102,119,117,95,141,69,108,91,119,88,95,117,119,190,8,41,51,93,55,55,49,48,44,44,51,49,153,51,49,49,51,45,52,48,43,12,255,255,254,1,116,253,48,93,97,95,74,68,86,122,38,91,122,136,21,150,37,42,39,130,15,71,59,59,65,122,122,116,95,68,67,76,60,55,38,29,42,44,48,47,60,55,57,127,127,209,88,117,72,76,108,148,79,84,84,91,104,108,237,156,51,91,84,108,110,117,209,185,150,131,33,69,78,9,12,218,224,252,128,10,6,26,8,0,37,49,42,48,76,246,205,248,41,33,33,30,19,34,13,17,25,31,81,132,241,248,233,251,66,41,15,26,33,38,39,38,31,38,45,104,119,48,51,127,74,116,53,18,3,4,4,5,5,3,8,41,38,9,25,0,4,3,6,12,5,18,22,10,5
45,51,60,255,127,254,178,229,68,178,86,122,139,128,12,9,69,72,78,74,108,62,108,99,127,38,248,252,255,255,52,51,51,42,47,48,49,49,241,51,49,51,44,48,47,47,8,254,255,255,254,48,57,250,69,88,91,67,65,74,110,112,108,78,6,42,16,88,57,9,43,131,35,42,52,79,42,19,20,19,14,37,41,53,52,25,33,61,60,86,69,61,106,88,145,131,141,150,159,116,112,106,116,117,119,81,122,95,104,241,148,55,99,106,116,121,116,130,201,178,178,136,137,71,4,41,21,81,181,248,251,185,24,0,0,19,38,33,41,33,65,218,249,106,95,52,41,29,44,14,8,25,27,88,41,37,122,248,251,245,251,67,31,31,34,37,38,20,45,41,249,44,41,18,124,84,99,108,121,55,27,19,34,44,29,45,47,25,7,18,7,5,0,0,0,29,20,22,12,10
33,43,55,99,88,143,201,233,78,127,114,67,21,104,49,53,30,4,63,110,95,104,68,122,91,196,110,250,254,254,53,53,51,43,47,52,52,44,248,49,51,49,51,43,47,44,42,148,255,254,254,67,53,218,130,81,97,69,62,69,74,132,33,86,108,49,25,42,102,99,71,43,233,9,48,10,13,2,0,3,3,6,24,26,24,1,86,88,11,72,56,11,29,49,69,86,62,60,65,60,61,65,60,63,63,60,57,60,56,237,153,69,131,35,59,57,56,56,62,162,169,169,136,205,4,6,15,97,16,205,248,251,141,33,0,12,26,24,26,27,61,110,91,93,249,248,135,27,41,33,22,20,17,81,33,44,33,48,130,245,249,245,250,63,11,38,34,18,44,49,205,41,44,20,125,72,104,108,112,97,114,27,31,17,13,56,62,67,11,18,10,17,3,4,0,3,19,14,11,5
33,39,31,52,55,52,209,165,68,112,99,14,48,52,22,81,37,102,81,93,72,121,99,121,119,172,21,249,250,255,52,52,51,49,45,44,37,44,45,33,51,49,51,44,44,39,61,16,255,255,255,137,44,37,253,52,84,78,72,61,66,78,243,5,49,60,19,60,99,71,81,106,102,35,88,16,11,11,14,16,15,11,214,218,233,2,11,2,21,30,33,37,42,35,45,59,57,57,57,57,52,55,53,56,56,55,52,56,51,241,145,59,7,16,26,47,51,53,52,47,52,185,143,209,1,51,10,110,1,7,7,156,248,249,51,7,6,11,20,11,34,117,71,57,91,248,249,251,141,12,26,26,33,97,35,41,30,37,37,49,117,241,237,251,253,65,25,17,48,44,62,49,42,18,122,30,42,108,116,104,88,110,124,37,21,18,55,69,19,22,11,12,3,2,0,3,21,20,34,4
33,42,43,45,45,45,196,86,102,117,117,59,49,52,30,5,102,119,60,88,132,93,124,110,119,131,19,246,250,255,254,47,52,52,41,44,51,44,51,52,51,49,47,49,47,43,14,145,241,181,224,190,51,38,33,246,84,78,81,65,63,67,99,114,106,79,57,88,88,63,53,55,59,130,18,93,76,63,10,12,156,62,7,17,104,47,16,15,14,18,18,30,30,33,34,39,52,53,53,55,48,51,52,52,59,59,60,14,24,229,148,52,57,52,60,59,60,59,62,66,63,63,162,218,71,15,10,110,3,2,7,24,205,250,246,165,60,2,3,2,29,137,39,59,25,88,246,250,237,136,178,29,27,102,31,29,30,41,37,30,38,47,78,249,253,250,175,53,43,45,47,63,63,16,124,19,57,27,45,104,104,91,119,116,114,18,21,26,21,19,3,18,0,0,0,0,17,21,11,6
57,61,65,62,62,56,156,99,63,106,106,22,150,37,139,91,56,72,104,127,116,136,127,116,127,88,246,178,251,255,255,47,42,42,42,39,62,62,49,71,52,48,51,48,117,44,41,124,91,104,16,102,44,74,53,253,47,86,93,84,79,88,88,76,61,169,61,68,65,60,61,65,65,72,185,12,10,15,11,10,3,63,6,5,15,3,17,19,19,18,18,26,11,99,42,29,51,49,12,47,49,53,52,52,53,56,53,6,2,201,135,99,31,52,61,60,62,35,131,205,61,62,62,205,241,78,6,104,78,3,47,11,22,11,169,249,249,72,1,2,15,127,45,60,39,34,38,71,237,246,250,114,17,95,10,34,25,42,44,33,34,30,33,91,205,248,246,250,68,224,52,49,185,16,124,19,67,62,63,76,31,102,110,117,93,117,124,13,24,17,1,4,24,0,0,0,15,25,4,9
