133,109,96,138,150,148,146,149,101,101,150,149,150,149,142,137,138,138,137,132,136,134,130,127,137,112,130,150,132,94,103,120,113,122,122,126,158,159,160,160,158,160,159,160,159,159,158,159,158,159,159,158,158,158,158,157,156,156,155,155,153,154,152,153,154,153,152,153,153,152,151,152,152,152,152,152,152,151,152,151,151,151,151,151,151,151,151,150,151,151,151,151,152,152,153,154,155,154,156,156,156,157,158,157,159,157,156,157,158,158,158,158,157,157,157,157,156,157,157,156,156,157,157,157,158,157,158,158,158,158,157,157,157,156,156,156,156,157,156,157,157,156,157,156,156,156,156,156,155,155,155,155,155,155,155,155,155,155,154,154,154,155,154,154,155,155,156,157,157,156,157,157,158,158,158,159,158,158,158,158,158,158,158,157,156,155,155,156,155,156,156,155,155,156,156,157,156,156,156,156
136,135,135,116,127,149,149,148,139,143,99,97,151,152,157,141,140,140,139,115,140,137,134,128,133,131,128,137,111,122,88,117,113,136,128,125,127,158,160,160,160,160,159,160,159,158,159,158,160,159,159,158,158,158,158,158,156,156,156,155,154,153,153,153,153,153,152,152,152,151,150,150,150,150,150,151,151,150,151,151,151,151,150,150,151,150,150,150,150,150,150,150,151,152,152,153,154,154,154,154,155,156,157,157,157,157,157,157,159,158,157,158,157,156,156,156,156,157,157,156,156,157,157,157,157,158,157,157,158,157,157,157,156,156,156,156,156,156,156,156,156,156,156,156,155,155,156,155,155,154,155,154,154,155,155,155,154,154,154,153,153,154,154,155,154,155,155,156,157,156,157,157,157,158,158,158,158,158,158,158,158,158,157,157,156,155,155,155,155,155,155,156,156,156,156,156,156,156,157,155
138,137,136,119,77,72,152,149,151,136,147,107,131,146,156,142,141,142,143,116,144,139,133,129,130,132,130,128,97,123,73,114,127,132,131,132,132,130,122,162,161,161,160,159,160,160,160,160,161,162,160,159,158,158,158,158,156,156,156,155,154,154,153,152,152,152,151,151,151,150,150,150,150,149,149,151,150,150,150,150,151,150,149,150,149,149,149,149,149,150,150,149,150,151,152,152,153,153,153,153,154,155,156,157,157,158,157,158,159,159,158,157,157,157,157,157,157,157,157,157,157,157,157,157,157,157,157,157,158,157,157,156,156,156,156,156,156,156,156,156,156,156,155,155,155,155,155,155,154,154,154,153,154,154,154,155,154,155,154,153,153,153,154,155,155,155,156,156,157,156,156,156,156,157,157,157,158,157,158,158,157,157,157,157,157,155,155,156,155,155,156,156,156,156,155,156,156,156,156,156
135,140,133,134,131,135,96,97,144,142,152,147,154,96,149,141,139,142,142,123,145,141,135,129,132,133,134,134,89,82,79,108,129,142,133,139,136,127,125,128,161,161,160,160,159,160,161,160,162,162,163,162,163,161,158,159,157,156,156,155,155,154,154,152,151,152,151,150,150,150,150,149,149,149,149,149,150,150,149,150,149,149,149,149,149,149,148,148,148,148,149,149,150,151,151,152,152,153,153,153,154,154,156,156,156,156,158,157,158,158,158,158,158,157,157,157,157,157,157,157,157,157,157,156,157,156,157,156,157,157,157,157,156,156,156,156,156,155,156,155,155,155,155,156,155,154,155,154,154,154,154,154,154,154,154,154,154,154,154,153,154,153,154,155,155,156,156,156,157,156,156,157,156,156,156,157,157,156,157,157,157,157,157,156,156,155,156,155,156,156,155,156,156,156,156,156,156,156,156,156
136,139,133,149,129,133,139,136,100,106,148,152,155,156,145,96,157,141,145,115,145,141,138,131,135,136,136,136,91,93,84,132,95,153,134,142,137,135,133,133,126,125,160,159,159,159,159,160,160,161,161,161,163,162,161,160,158,159,156,155,155,154,154,153,151,151,151,150,151,149,150,148,150,150,149,149,148,149,148,148,148,149,149,148,147,147,146,147,148,147,148,148,149,150,150,151,152,153,154,153,153,154,154,155,155,156,156,157,157,156,157,157,157,157,157,157,158,157,157,157,157,157,157,156,156,156,157,156,157,156,156,156,156,156,156,156,156,156,155,155,155,155,155,155,155,154,154,153,153,153,154,154,154,154,155,155,154,154,154,153,154,155,155,155,155,156,156,156,156,156,156,156,156,157,156,156,157,157,157,156,157,157,157,157,155,155,155,155,155,155,156,156,156,157,156,156,156,156,156,155
133,136,135,161,129,132,135,140,136,140,105,124,151,152,141,152,157,148,143,104,147,143,141,132,137,136,136,137,93,89,109,147,120,127,106,145,142,134,144,138,128,128,127,160,159,159,159,160,160,160,159,159,160,160,161,161,159,159,158,156,155,154,154,153,151,151,150,150,150,150,149,150,149,149,149,149,149,149,148,149,148,148,147,147,146,146,146,146,146,146,147,147,148,149,151,150,151,153,153,154,154,154,153,153,154,155,155,155,156,156,156,156,156,156,156,156,156,158,157,157,157,156,157,157,157,157,157,157,156,156,156,157,156,156,156,156,155,156,155,155,154,155,155,155,154,154,153,154,153,153,153,153,154,154,154,154,155,154,154,154,155,154,155,155,155,156,156,156,156,156,157,156,156,157,156,156,157,157,156,156,157,156,157,156,155,156,156,155,155,156,155,156,156,156,156,156,156,156,156,156
135,133,130,154,131,136,139,143,139,138,140,142,109,143,147,149,155,151,79,70,150,149,143,137,138,138,138,138,97,78,88,122,150,128,131,99,152,141,147,135,139,135,124,123,140,159,159,159,159,159,158,159,160,158,158,159,160,158,156,156,154,153,153,152,152,151,150,150,150,150,149,150,149,150,149,149,149,148,148,149,147,148,147,147,146,146,145,145,145,146,146,147,147,148,150,150,151,152,152,152,153,153,152,153,153,154,154,154,155,154,154,155,155,155,155,155,155,156,156,155,157,157,158,157,157,157,157,157,156,156,157,156,156,155,155,156,155,155,155,155,154,155,154,154,153,154,153,153,153,153,153,153,153,154,154,155,155,155,155,155,155,155,155,155,155,155,156,156,156,156,156,156,157,157,156,156,157,157,157,157,157,156,156,155,156,155,155,155,156,155,156,156,156,155,156,157,156,156,156,155
139,135,134,135,134,142,146,143,137,133,138,144,137,72,85,145,155,151,134,114,72,88,149,142,139,139,140,139,95,68,134,74,115,127,130,128,129,94,143,142,140,142,135,125,129,125,158,159,158,159,158,158,159,159,157,157,158,158,157,156,155,153,153,153,152,151,151,150,150,150,150,150,149,149,149,148,147,147,147,147,147,147,145,145,145,144,144,145,144,144,144,145,146,147,148,149,150,150,152,151,152,151,152,152,152,152,153,153,153,154,154,154,154,155,155,155,155,155,155,155,156,157,158,158,157,157,156,156,156,156,156,156,156,156,155,155,156,156,155,155,154,154,154,153,153,153,153,152,153,152,153,153,153,154,154,155,155,155,155,156,156,155,155,155,155,155,155,155,156,156,156,156,156,157,156,156,156,156,157,156,156,156,155,155,156,156,155,156,155,155,155,155,156,156,156,156,156,156,155,155
141,140,132,125,132,144,149,142,135,134,139,144,142,132,168,99,114,147,135,105,119,130,90,95,139,140,141,137,92,67,129,75,75,127,128,128,129,125,117,145,146,141,138,139,133,126,129,159,158,158,158,157,157,158,157,157,156,156,158,157,154,153,152,152,151,151,151,150,149,149,149,149,149,148,148,148,147,147,147,147,147,146,145,144,144,143,144,144,144,144,144,146,145,145,147,148,149,149,150,150,151,151,151,151,151,151,151,152,152,152,153,153,154,154,154,154,155,155,155,155,155,155,157,157,156,156,156,155,156,155,156,155,155,155,155,155,155,155,154,154,154,153,153,153,153,153,153,153,152,152,153,153,153,154,155,155,155,155,156,155,156,156,155,156,155,155,155,155,156,156,156,156,156,156,156,156,156,156,156,156,156,156,156,155,155,156,155,155,155,155,156,156,155,156,156,156,156,155,155,155
142,140,135,128,133,140,149,148,136,140,138,144,141,135,169,140,136,98,105,108,117,122,126,71,158,133,141,142,92,78,84,107,82,126,129,128,129,125,124,123,159,142,144,141,150,127,132,125,130,158,157,157,158,158,157,157,156,156,157,158,155,153,152,151,152,152,152,151,150,149,149,149,148,148,147,147,147,146,146,145,145,145,144,144,143,142,143,144,144,144,144,145,144,145,146,147,148,148,149,150,149,151,151,150,150,150,150,150,151,151,152,152,153,153,153,154,154,153,155,155,155,155,155,156,155,155,155,155,155,156,156,156,155,155,155,155,155,154,154,153,153,152,152,153,152,153,152,152,153,153,152,153,153,154,155,155,155,155,155,155,155,156,155,155,155,155,156,156,155,155,155,156,156,155,156,156,155,156,156,156,156,156,156,156,155,156,155,155,155,156,155,155,156,155,156,156,156,155,155,155
97,143,140,128,136,140,146,147,142,141,141,143,141,135,171,140,139,132,133,129,93,118,116,125,145,100,163,142,89,84,75,104,94,128,129,126,129,125,126,123,121,124,124,146,141,138,149,134,131,119,157,157,157,157,156,156,156,156,155,156,155,153,153,153,152,152,152,151,150,149,149,148,148,147,146,146,147,145,145,144,144,143,143,143,142,143,142,142,142,144,143,143,144,144,145,146,146,147,147,148,149,150,149,149,149,149,148,149,150,150,150,151,152,152,153,153,154,154,154,155,154,155,155,154,154,154,154,154,154,155,155,156,156,155,154,154,154,154,154,152,152,152,153,152,152,153,153,153,153,153,154,153,153,154,155,155,155,155,155,155,155,156,155,155,156,156,155,156,156,156,156,156,156,155,155,156,155,156,156,155,155,156,156,156,156,155,155,155,155,155,155,156,156,156,156,155,155,155,155,155
60,119,96,132,137,140,141,142,142,139,140,143,142,136,171,135,136,137,132,132,134,69,113,118,124,148,157,108,102,89,111,101,93,129,131,127,129,123,124,122,119,122,122,113,140,139,142,143,138,133,125,129,156,156,155,155,154,154,154,154,154,153,154,153,153,152,152,151,150,149,148,148,147,146,146,146,145,144,143,144,143,143,142,142,141,142,141,141,142,142,143,143,143,144,144,145,146,146,146,147,147,148,148,147,148,147,148,148,148,149,149,149,151,151,152,152,153,153,153,154,153,154,154,154,153,153,154,153,154,154,154,155,156,155,155,155,154,154,154,153,153,153,153,153,153,153,153,153,153,154,154,154,154,155,155,155,155,154,156,155,155,155,155,155,155,156,156,156,155,156,156,156,156,155,156,156,155,156,155,155,155,156,155,156,156,155,155,155,155,155,155,155,155,156,155,155,155,155,154,154
109,118,62,115,119,140,142,138,138,139,140,142,139,134,168,131,136,136,134,137,145,139,68,55,107,133,144,149,117,88,115,125,121,141,124,128,128,126,124,121,119,123,124,115,121,116,144,138,139,130,148,134,127,157,155,154,154,153,153,152,152,152,152,153,152,152,151,150,149,148,148,147,147,145,146,145,143,144,144,143,143,142,142,141,141,141,140,141,141,142,141,142,143,143,143,144,145,146,145,146,147,148,146,147,147,147,147,147,147,148,148,148,149,150,152,151,152,153,152,151,152,152,153,153,152,153,154,153,153,153,153,154,155,155,155,154,154,153,154,154,154,155,154,153,153,153,152,153,153,153,154,154,154,154,155,154,154,155,155,156,155,156,155,155,155,155,155,156,155,155,155,156,156,156,155,156,156,156,156,156,156,155,156,155,155,156,155,155,155,155,156,155,155,155,155,155,155,155,154,154
108,110,113,107,62,118,134,137,140,136,142,143,141,134,166,132,133,134,134,139,147,149,136,134,108,90,133,146,128,96,116,134,114,140,139,151,133,126,124,119,117,124,123,114,123,119,91,145,143,135,142,143,137,127,124,154,153,153,152,151,151,151,151,150,150,150,149,149,148,147,146,146,146,145,145,144,143,144,143,143,142,142,141,141,140,139,140,140,141,140,141,141,141,142,142,143,143,143,145,145,146,147,146,146,146,147,145,145,146,147,147,147,148,149,150,151,153,152,152,152,152,151,152,152,152,152,152,153,152,152,153,154,153,154,154,155,155,154,155,154,154,154,154,153,153,153,153,154,153,154,154,153,154,154,155,154,154,154,155,155,155,155,155,155,155,155,155,155,155,155,155,155,155,155,155,156,156,155,155,155,156,155,155,155,155,155,155,155,155,155,155,155,155,155,155,155,154,155,154,154
114,110,114,100,117,119,66,124,136,130,139,142,145,139,155,132,133,134,132,143,148,150,145,142,134,136,123,108,124,126,124,99,90,110,141,149,143,102,101,119,118,121,124,110,122,120,116,116,95,145,145,139,133,138,125,125,154,152,151,151,150,149,149,148,148,148,148,147,147,146,146,146,145,144,144,144,143,142,143,142,142,141,141,140,139,139,139,139,139,139,140,140,141,141,142,142,142,143,144,144,145,147,146,146,146,145,145,145,145,146,146,146,147,148,150,151,152,151,150,151,150,150,151,151,151,151,152,152,152,152,152,153,153,153,153,154,154,155,155,154,154,154,154,154,153,154,154,154,154,154,153,154,154,154,153,154,155,154,155,155,156,155,155,155,155,155,155,155,155,155,155,155,155,155,155,155,156,155,155,155,155,155,155,155,155,155,155,155,155,155,155,155,155,155,155,155,154,154,154,154
61,100,108,101,114,109,113,113,63,114,137,140,142,141,147,138,136,138,138,139,148,151,147,142,140,141,140,135,88,126,106,111,104,135,135,84,144,118,150,123,116,121,122,105,121,120,117,116,114,84,141,142,138,146,138,127,121,123,151,150,150,149,148,147,147,147,146,147,146,145,145,144,144,143,143,143,142,141,142,141,140,140,140,140,140,139,139,139,139,139,139,139,140,140,140,141,142,143,142,143,144,145,145,145,145,144,144,144,145,145,146,146,147,149,149,150,150,149,149,149,149,149,149,149,149,150,150,150,151,151,151,151,152,152,152,152,153,153,153,154,153,153,153,153,153,153,153,154,153,154,154,154,154,153,154,154,154,154,155,155,155,155,155,155,155,155,155,155,154,155,155,155,155,155,154,155,155,155,155,155,155,155,154,155,155,155,155,154,155,154,154,155,154,154,154,154,154,154,153,153
139,110,68,59,117,113,108,111,108,114,61,123,138,139,138,137,138,138,135,141,149,150,148,144,143,142,140,140,77,93,107,113,115,136,136,131,101,112,151,145,151,135,118,98,121,119,117,117,116,115,111,86,139,147,142,142,133,125,127,151,150,149,149,148,147,146,145,145,145,144,144,143,143,142,142,142,141,140,140,140,140,139,139,140,139,139,141,139,139,138,138,138,139,140,140,141,141,141,142,143,142,143,143,143,143,143,143,144,144,145,145,146,147,148,148,148,148,148,148,148,148,148,147,147,147,148,149,149,150,150,150,150,150,150,150,151,152,152,152,151,152,153,153,153,154,153,153,154,153,153,153,154,154,153,154,154,153,154,155,154,155,155,155,155,155,155,155,155,155,154,154,155,155,155,155,155,155,155,155,154,155,154,155,155,155,154,154,154,154,154,154,154,154,155,154,154,154,153,152,152
137,141,135,92,93,67,113,110,110,109,108,118,69,134,129,136,139,139,137,140,148,150,149,145,145,146,142,143,75,79,102,112,144,136,136,134,123,120,114,143,149,125,133,86,120,118,116,117,118,116,115,110,95,142,141,141,140,135,134,128,131,149,147,147,147,145,144,143,144,144,143,143,142,141,140,140,140,140,140,139,139,138,138,138,138,139,139,139,139,139,138,138,138,139,139,140,141,141,141,141,142,142,143,143,144,143,144,143,144,144,145,146,146,147,147,147,147,147,147,147,147,146,146,146,146,147,147,147,147,148,148,148,148,149,149,150,150,151,151,152,152,152,152,153,153,154,153,154,153,153,153,154,153,154,154,153,154,154,155,154,155,155,154,155,154,154,154,154,154,154,153,154,154,155,154,154,154,154,154,154,153,154,154,154,154,154,154,154,154,154,154,154,154,154,154,154,153,153,152,152
134,137,134,134,133,136,108,73,112,112,114,115,111,124,89,157,136,136,137,141,146,150,148,144,145,147,143,144,75,69,88,153,140,136,136,133,124,120,121,119,99,141,148,128,106,117,117,117,117,115,114,110,110,95,109,148,139,134,132,132,125,130,147,147,146,145,144,143,143,142,141,141,141,140,140,139,139,139,139,139,139,137,138,138,138,138,137,138,139,139,138,138,138,138,139,139,140,140,141,141,142,142,143,143,143,143,143,143,144,145,145,146,147,146,146,146,146,146,146,145,145,145,145,145,145,145,146,146,146,147,147,147,147,148,149,149,150,150,151,151,152,151,153,152,153,153,153,153,153,154,153,153,154,153,154,154,154,153,154,154,154,153,154,154,154,153,154,154,153,154,154,154,154,154,153,154,153,154,153,154,153,153,153,153,153,153,153,154,153,153,153,154,154,154,154,154,152,153,152,152
134,135,134,136,136,137,139,134,89,72,107,118,119,115,115,142,97,153,132,137,142,148,147,144,145,147,142,146,72,57,85,124,78,135,136,136,126,120,122,123,122,118,132,135,144,147,98,117,117,115,114,111,113,105,110,105,141,144,135,146,142,136,125,135,145,145,143,143,143,142,141,141,140,141,140,139,139,139,138,139,138,138,137,138,137,138,138,139,139,139,138,138,138,138,139,139,138,139,140,141,141,141,141,143,143,143,143,143,144,145,144,146,146,145,146,145,145,145,144,145,144,144,144,145,145,144,145,145,146,146,147,147,147,148,148,149,150,150,151,151,151,152,152,152,153,153,153,153,153,153,153,153,154,153,153,154,154,154,153,153,154,154,153,153,154,154,154,154,153,153,154,154,153,153,154,153,154,153,153,153,153,153,153,153,153,153,152,153,153,152,153,153,153,153,153,152,153,152,152,152
137,137,132,135,135,136,138,139,138,145,65,95,112,114,109,121,144,148,75,108,141,147,148,144,144,147,144,145,69,57,91,82,77,135,136,137,129,121,123,126,126,123,120,138,145,137,144,97,103,115,116,111,114,137,110,107,114,148,136,139,136,134,131,131,131,145,144,144,143,142,142,142,141,141,142,141,141,141,140,139,139,138,138,138,138,139,138,138,138,139,138,138,138,138,137,138,138,139,140,140,140,140,142,142,143,143,143,144,144,145,145,145,144,144,144,145,144,144,144,144,144,144,144,144,145,145,145,145,146,146,148,147,147,148,148,149,150,150,150,150,151,152,152,153,153,152,153,153,153,153,152,153,153,153,153,154,153,154,153,153,153,153,153,152,153,153,154,154,153,153,153,153,153,153,153,153,153,153,153,153,153,153,152,153,152,152,152,152,152,152,152,152,153,153,152,152,153,152,153,151
138,135,131,135,131,137,139,139,140,138,137,145,65,93,105,116,131,139,132,115,69,130,144,145,143,146,144,146,73,53,119,85,107,106,112,138,133,125,123,127,125,125,121,147,114,102,147,157,146,120,115,111,114,124,111,109,115,114,107,118,145,138,138,140,127,129,144,144,143,143,142,142,142,143,144,144,144,145,143,142,140,139,139,139,139,138,139,139,139,139,139,138,138,138,138,138,138,139,139,139,139,140,141,141,142,142,143,143,143,143,143,143,143,143,143,144,143,144,143,144,144,144,144,145,146,145,146,146,147,148,148,149,149,150,150,150,150,150,150,151,152,152,152,153,152,152,153,153,153,153,153,153,153,153,153,153,152,153,153,153,153,153,153,153,153,153,153,153,153,153,153,153,153,154,153,153,153,153,153,152,152,153,152,153,152,152,152,153,152,152,153,152,152,153,152,152,152,152,152,151
133,133,131,132,131,134,137,139,139,137,140,140,134,138,85,85,106,124,128,108,117,117,67,131,143,144,144,145,78,62,123,98,114,151,154,112,136,128,126,128,126,126,123,153,113,112,116,107,148,146,144,102,114,131,111,110,115,115,105,108,89,142,138,134,142,135,128,128,142,143,143,143,143,144,145,146,148,146,145,144,142,141,140,139,139,139,139,139,139,139,139,138,139,138,138,138,138,137,137,137,139,139,140,141,141,142,142,142,143,142,142,142,142,142,142,143,143,143,144,143,144,145,146,146,147,147,147,148,149,149,150,151,152,151,151,152,152,152,152,152,153,153,152,153,153,153,153,152,152,153,153,153,152,153,153,153,153,152,153,153,153,153,154,153,152,153,153,153,153,153,153,153,153,153,153,153,152,152,152,152,152,152,152,152,152,152,152,152,151,151,151,151,151,151,152,151,151,152,151,151
133,132,130,133,130,135,138,137,138,134,140,139,133,135,138,125,84,80,109,110,117,118,113,119,65,138,141,145,91,60,91,97,86,146,150,154,157,106,125,126,126,126,123,146,114,113,117,119,88,155,150,152,115,121,111,109,115,114,105,107,105,105,109,145,141,138,140,127,125,146,144,143,144,144,147,149,151,149,149,146,144,142,141,141,140,139,140,139,140,140,140,140,139,140,139,139,137,138,138,138,138,138,138,139,140,140,140,141,140,141,141,141,141,141,142,142,142,144,144,144,145,146,146,147,148,148,148,150,151,153,153,153,153,153,153,154,154,154,153,153,153,153,153,152,153,153,152,153,152,153,153,153,153,153,153,153,153,153,153,153,152,153,153,153,153,153,153,152,152,152,153,152,153,152,152,153,152,152,152,152,152,152,152,152,151,151,151,152,152,152,151,151,151,151,152,151,151,151,151,151
133,132,131,131,129,133,137,136,137,136,139,138,134,135,140,127,127,123,76,65,106,116,118,117,117,121,67,135,102,53,87,91,91,134,102,149,154,151,157,160,125,125,124,134,124,113,117,115,103,112,109,145,147,124,119,108,114,114,104,105,105,107,104,108,147,146,135,134,135,125,128,144,144,144,145,147,150,151,151,148,146,144,144,143,141,141,141,140,141,140,140,140,141,141,140,138,138,138,137,137,137,137,137,137,138,139,139,139,140,140,140,140,140,141,142,142,142,144,145,145,146,147,148,149,149,150,151,152,153,154,154,154,154,154,153,153,154,154,153,153,154,153,153,153,153,153,153,153,153,153,153,152,153,153,153,153,153,153,153,153,152,152,153,153,152,152,152,153,152,152,152,152,153,152,152,152,152,152,152,152,152,152,151,152,151,151,151,152,152,151,151,151,151,151,151,151,151,151,150,150
131,131,130,131,131,135,137,135,133,136,139,134,131,132,138,125,127,126,125,127,65,60,109,116,117,116,116,114,114,52,98,96,90,134,137,133,83,152,154,152,100,136,121,130,118,113,117,115,100,114,108,118,115,137,149,154,150,115,106,105,106,105,104,104,102,98,147,142,141,143,127,133,146,145,146,147,148,149,149,149,147,147,146,144,142,143,143,142,141,139,140,140,140,141,140,139,139,139,138,137,137,136,137,136,138,137,138,138,138,138,139,139,140,141,141,142,142,143,143,144,145,146,148,148,150,151,152,153,153,153,153,153,154,153,154,153,154,154,153,153,153,154,153,153,152,152,152,152,153,153,152,153,153,153,153,153,153,153,153,152,153,153,153,152,152,153,152,152,152,152,152,152,152,152,152,152,152,152,152,152,152,151,152,151,151,151,151,151,151,151,151,151,150,151,151,151,151,151,150,150
88,129,129,130,132,134,135,133,120,132,134,133,131,130,133,125,125,125,127,132,135,135,50,41,106,117,112,113,121,67,103,101,93,137,136,136,136,134,117,150,153,150,123,122,120,115,117,118,96,114,110,119,121,118,156,154,135,101,105,105,104,106,104,104,104,107,88,141,150,134,137,138,126,131,145,145,147,146,147,148,150,149,148,146,146,144,145,144,143,140,141,141,142,142,141,140,139,138,137,137,137,136,136,136,136,136,136,136,137,138,138,139,139,140,141,141,142,143,143,144,145,146,148,148,149,151,152,152,152,152,152,153,153,153,153,154,153,153,153,153,153,154,153,152,152,153,152,153,153,153,153,153,153,152,152,153,153,153,152,152,152,153,153,152,152,152,152,152,152,152,152,152,152,152,152,152,152,151,151,152,151,151,151,151,151,150,151,151,151,151,151,150,150,151,150,150,151,151,150,151
59,72,107,115,132,133,135,133,112,131,131,130,131,131,132,127,126,125,130,133,135,139,139,137,68,56,115,114,123,105,109,102,100,136,136,133,138,136,137,118,124,151,152,153,128,112,116,123,95,113,110,120,121,126,114,164,143,151,145,141,101,105,105,106,105,107,105,102,98,148,136,137,134,133,127,147,147,145,148,147,149,150,151,149,149,149,148,145,144,142,142,142,143,143,142,141,140,139,137,137,136,136,136,136,136,136,136,136,137,137,138,139,139,140,140,141,141,142,143,144,144,145,146,147,149,149,151,151,151,152,152,152,152,152,154,152,152,152,152,152,154,153,153,152,152,152,151,152,152,153,153,153,152,153,153,153,153,153,153,153,153,152,152,153,151,151,151,152,151,153,152,152,152,152,152,152,151,152,151,151,151,151,150,151,151,151,150,150,151,151,150,151,150,151,150,150,150,150,150,150
112,118,85,60,136,73,135,134,88,131,131,131,128,130,131,125,126,127,140,133,136,143,138,137,139,144,110,82,121,100,111,107,113,135,135,132,139,136,139,132,128,88,124,146,152,152,134,132,92,113,112,120,119,122,114,117,107,100,143,147,159,106,105,105,103,106,102,105,111,98,142,140,134,129,136,139,131,146,146,147,148,151,152,151,150,150,148,147,146,145,146,146,145,145,144,143,141,140,138,137,136,136,136,136,135,136,137,137,136,137,138,139,139,140,141,141,141,142,143,144,144,145,145,148,148,149,150,150,149,150,151,151,150,152,151,151,151,152,151,152,153,153,152,151,152,152,152,152,152,152,152,152,153,153,153,154,153,153,153,153,153,152,152,151,152,152,152,152,152,152,151,152,152,152,152,151,151,151,151,151,151,151,151,151,151,151,150,150,151,150,150,150,151,150,150,150,150,150,151,149
105,109,107,110,115,59,130,91,69,130,130,131,127,131,129,126,126,127,143,135,138,147,138,136,141,147,142,137,121,71,112,109,151,134,136,133,137,136,135,136,129,131,128,119,142,152,156,152,123,111,112,119,119,124,114,118,108,107,110,124,150,151,102,104,109,105,103,105,111,108,103,109,143,144,138,151,148,142,147,147,149,152,153,152,153,152,151,150,149,149,150,151,150,149,147,146,143,142,139,137,136,136,136,136,136,136,137,137,138,138,138,139,139,140,140,141,141,143,143,143,143,144,145,146,147,148,148,147,148,148,148,149,149,149,150,150,151,152,152,152,152,152,152,152,152,152,152,152,152,152,152,152,153,153,153,154,153,153,153,152,152,152,152,152,152,152,151,152,152,151,152,151,151,151,151,151,151,151,151,150,151,150,150,150,151,150,150,150,151,150,150,150,150,150,150,150,150,150,150,149
98,103,104,112,111,116,115,59,62,62,127,129,128,130,129,125,125,126,145,135,137,150,142,141,141,147,145,142,126,67,110,136,96,111,136,134,139,135,137,137,126,132,132,133,120,106,147,152,144,155,153,119,120,121,115,119,114,110,113,111,108,145,151,146,145,112,104,105,109,108,104,104,101,147,142,136,141,147,141,136,150,151,153,153,152,153,151,152,152,151,151,151,152,151,149,146,145,143,140,138,137,136,136,136,135,136,136,136,137,138,139,139,139,139,140,141,141,142,142,142,143,144,143,145,146,146,147,146,146,147,147,147,148,148,149,150,150,151,151,152,152,152,152,152,152,152,153,152,153,152,152,152,153,153,154,155,154,153,152,152,152,152,152,152,152,151,152,152,151,151,151,151,151,151,151,150,150,151,151,151,150,150,150,152,150,150,150,150,150,150,150,150,150,150,150,149,150,149,149,149
70,55,109,102,103,88,111,116,105,113,59,66,58,129,126,125,125,126,145,134,135,150,143,140,143,148,147,144,121,86,112,148,100,160,119,124,140,139,142,137,131,133,132,126,123,118,111,118,143,154,153,108,139,116,114,116,112,109,115,114,103,104,113,149,153,147,113,104,107,107,104,103,104,129,148,146,144,141,153,150,141,151,152,153,152,151,153,151,151,153,152,153,152,151,151,150,148,144,141,139,137,136,136,136,136,136,137,137,137,138,138,138,139,140,140,141,141,141,142,142,142,142,143,144,145,145,145,145,145,146,147,147,147,148,149,150,151,151,152,152,152,152,153,152,152,152,152,152,152,152,152,153,152,153,154,154,155,153,152,152,152,152,152,152,151,152,151,152,152,152,151,151,151,151,150,150,150,150,150,151,150,150,150,150,150,150,150,151,150,150,150,150,150,149,149,150,149,149,149,149
130,131,58,89,57,66,111,111,99,111,113,121,59,70,98,126,124,125,142,133,145,151,145,141,142,147,146,144,118,99,139,104,140,146,148,158,142,129,140,136,140,133,133,119,125,119,114,111,82,108,152,154,155,109,127,117,113,109,115,114,103,105,114,116,104,147,149,113,106,106,104,104,103,127,105,108,140,147,142,142,146,140,145,151,151,151,152,154,154,153,153,153,153,152,153,152,151,147,143,140,138,137,136,136,136,136,136,136,138,138,138,138,139,139,140,141,141,142,141,141,142,142,143,144,144,144,145,145,147,147,147,148,148,148,149,150,151,151,151,152,152,152,152,152,152,152,152,152,152,153,153,153,154,154,155,155,154,153,152,153,153,152,152,152,151,152,151,151,151,151,151,151,151,150,150,150,150,150,150,150,150,150,150,150,150,150,150,150,150,150,150,149,149,150,149,149,149,149,149,148
129,131,130,108,106,121,62,94,105,106,113,114,120,119,72,60,88,111,131,132,134,147,144,141,142,144,142,140,121,109,113,99,98,155,145,153,152,153,142,103,140,133,133,119,125,120,114,116,79,115,110,87,157,147,148,130,110,109,115,113,103,105,115,114,102,87,148,152,153,115,103,105,103,123,104,109,108,161,151,146,146,152,144,138,152,152,153,154,154,154,153,153,153,153,153,153,149,146,143,141,139,138,137,136,136,136,137,137,137,138,138,138,139,140,141,142,141,141,142,142,143,143,143,144,145,145,146,146,147,148,147,148,148,149,150,150,150,151,151,151,151,151,152,152,152,152,152,152,152,152,153,152,153,153,152,155,153,153,153,153,153,153,152,152,152,152,152,151,151,151,151,150,150,150,149,150,150,150,150,150,150,150,150,150,150,150,150,149,149,149,149,149,149,149,149,149,149,149,149,149
127,129,125,105,104,103,103,55,61,66,97,109,110,108,108,117,116,62,109,64,135,149,145,142,139,139,136,136,120,97,127,107,96,127,127,103,151,152,149,153,142,98,133,118,124,120,115,117,89,116,110,111,110,98,152,150,153,101,112,113,103,105,115,114,102,101,112,107,146,152,118,100,103,118,104,109,108,105,108,149,145,139,135,147,143,154,154,154,154,154,153,153,153,153,152,153,149,146,144,142,140,139,138,137,137,137,137,137,138,139,138,139,140,142,142,142,142,142,142,143,143,144,144,146,146,147,148,148,148,148,149,150,149,150,150,150,150,150,150,151,152,151,151,151,151,152,152,152,151,153,152,152,152,152,152,153,153,153,153,153,153,153,153,153,153,152,152,151,151,151,151,150,150,150,150,150,150,150,150,150,150,150,150,150,150,149,150,149,149,149,148,149,149,148,149,149,148,149,148,148
128,129,122,102,103,104,102,101,72,125,67,65,90,110,108,112,117,118,115,63,90,67,145,142,137,136,136,136,123,101,149,106,94,131,133,138,134,111,152,155,140,155,143,94,123,119,115,117,91,116,112,114,112,108,108,129,152,154,152,152,102,107,114,114,103,101,114,113,102,103,153,154,116,116,102,109,108,107,113,109,105,144,142,137,152,146,137,152,152,153,153,153,153,154,152,152,150,149,146,144,143,141,140,138,138,138,138,138,138,139,139,140,141,143,143,144,144,143,144,144,145,146,146,146,146,147,148,148,149,149,150,150,150,150,150,150,150,150,150,150,151,151,150,151,151,152,151,152,153,152,152,152,152,151,151,152,153,153,153,153,153,152,153,153,153,153,151,151,150,150,150,150,149,150,150,150,150,149,150,150,150,150,150,149,150,149,149,149,149,149,148,149,149,149,148,148,148,149,148,148
127,127,125,102,103,102,100,98,77,123,123,131,60,48,75,101,112,109,89,114,118,52,63,75,135,139,139,139,123,105,142,107,92,131,128,138,137,137,135,109,129,153,152,152,132,109,116,116,105,116,111,113,112,111,110,105,72,112,147,151,154,147,114,113,103,101,115,114,107,105,111,141,151,156,136,104,107,107,112,108,110,113,144,149,142,131,150,142,154,154,153,153,154,152,153,152,151,150,150,148,145,144,144,142,140,140,141,141,140,141,141,141,142,143,144,143,144,144,145,146,146,147,147,148,147,148,148,149,149,150,150,150,150,150,150,150,150,151,151,151,151,151,151,151,151,151,152,152,152,152,152,152,152,152,151,151,151,153,153,153,153,153,153,153,153,153,152,150,150,150,150,150,149,150,149,150,149,149,149,149,150,150,149,149,149,149,149,148,149,149,149,149,149,148,148,149,148,148,148,148
124,125,127,98,100,101,101,122,87,134,139,135,139,138,113,77,71,96,107,102,108,115,120,114,68,132,74,139,122,106,103,97,97,134,128,137,137,135,132,125,115,155,149,150,153,158,99,111,117,116,114,113,113,110,111,108,79,80,107,151,142,152,96,117,104,101,114,113,107,106,112,115,114,138,150,100,101,107,114,107,109,115,108,106,146,146,150,152,146,139,154,153,153,152,153,153,153,153,152,151,148,147,147,147,145,145,144,143,142,143,142,143,143,143,143,144,144,145,146,146,147,147,147,148,148,148,148,148,149,149,150,150,150,150,150,150,150,150,150,150,151,151,151,151,151,152,151,152,152,151,151,152,151,151,151,151,152,153,153,153,153,153,153,153,153,153,150,150,149,149,149,149,149,149,149,149,149,149,149,149,149,149,149,149,149,149,149,149,149,148,148,148,147,149,148,148,148,147,148,147
141,124,127,115,95,99,119,112,90,140,138,138,135,136,116,96,119,59,63,73,104,106,111,115,117,113,62,83,119,109,83,104,111,130,130,136,136,133,130,125,98,128,121,100,129,155,149,150,91,106,112,113,111,111,112,105,92,80,102,105,107,147,156,156,122,95,113,112,105,106,112,115,107,115,104,148,153,119,113,111,111,113,108,104,93,124,145,146,127,149,141,153,153,153,153,153,153,153,153,152,150,150,149,149,150,148,147,146,144,144,143,143,144,144,145,144,144,144,146,148,147,147,147,147,147,148,149,149,149,148,148,149,149,149,150,150,150,150,150,150,151,151,151,152,151,151,151,151,152,152,151,152,151,151,151,150,153,152,152,152,152,153,153,153,153,151,150,150,150,150,149,149,149,149,149,149,149,149,149,149,149,149,149,149,148,149,149,148,148,148,148,149,148,148,148,148,148,148,147,147
129,131,135,103,113,97,118,123,81,140,136,140,136,134,110,109,109,111,111,132,88,67,107,111,112,111,116,114,105,110,81,97,113,129,127,135,135,133,130,125,96,128,124,138,128,102,106,156,125,153,93,96,110,109,109,107,92,77,102,104,104,103,161,150,154,152,154,110,104,105,113,114,108,117,106,94,146,147,158,110,108,117,106,104,99,106,124,150,149,151,152,152,152,153,153,153,153,153,152,151,151,150,150,150,150,149,149,148,147,147,145,145,145,145,145,145,144,145,147,147,146,146,147,146,147,147,147,148,147,148,148,148,149,149,149,150,150,150,150,150,151,151,151,152,151,151,151,151,150,151,151,151,151,151,151,151,152,152,152,152,152,152,151,150,150,149,149,149,149,149,149,149,149,149,149,149,149,149,149,149,148,149,148,148,148,148,148,148,148,148,148,148,148,148,148,148,148,148,148,147
126,127,141,102,102,113,106,123,78,141,136,141,137,132,110,107,105,103,103,129,137,137,60,85,89,105,114,111,115,97,75,93,145,151,109,132,132,132,127,123,86,128,125,139,130,126,122,119,97,152,158,152,94,107,109,104,80,80,103,104,104,102,108,107,163,147,150,153,102,105,113,116,108,113,107,112,115,134,137,150,105,112,105,105,96,107,107,107,105,144,144,152,152,153,152,153,152,153,152,151,151,151,151,150,151,151,150,150,150,149,148,147,146,146,145,145,145,145,146,148,147,147,146,146,146,147,147,147,147,147,147,148,148,148,149,148,149,149,149,150,150,150,150,150,150,151,151,152,151,150,151,151,151,151,151,151,151,151,152,151,151,149,149,149,148,149,148,149,148,148,149,149,149,149,148,149,149,148,148,148,148,148,148,148,148,148,148,148,148,148,148,148,148,147,147,148,148,148,148,147
125,125,131,105,100,98,100,108,75,130,143,147,138,130,112,104,103,102,99,127,129,133,137,119,148,123,79,110,112,120,71,130,95,151,153,99,98,133,125,123,79,126,125,138,129,126,125,124,120,110,99,153,153,156,110,115,88,77,102,102,103,102,109,107,102,102,108,149,149,159,157,115,108,111,108,112,114,107,101,109,146,150,104,116,96,102,106,107,95,92,142,152,152,152,152,152,153,153,153,153,152,152,151,151,151,151,150,150,151,151,152,151,149,147,146,146,147,147,147,147,147,147,147,147,147,148,147,148,148,147,147,147,147,148,149,149,149,149,149,150,150,150,150,150,150,151,151,151,151,151,151,151,151,151,152,150,150,151,150,150,149,149,148,149,148,148,148,149,149,149,148,149,148,149,148,148,148,148,149,149,148,148,148,148,148,148,148,148,148,148,148,148,148,147,147,147,148,148,147,147
133,105,87,102,97,98,99,115,67,128,132,137,130,131,114,104,102,100,100,127,127,127,135,93,141,147,145,60,101,119,81,132,101,150,153,154,151,92,90,124,79,125,123,138,127,125,126,123,129,115,112,110,91,150,155,149,120,113,101,102,102,101,106,106,101,101,78,73,101,159,153,108,96,114,107,112,115,105,106,107,87,124,149,134,93,103,105,106,93,103,106,152,152,152,152,152,152,152,152,152,152,153,151,151,151,150,150,151,151,151,151,152,152,151,150,150,150,149,149,149,149,149,148,147,148,148,148,148,148,148,148,148,148,149,148,149,148,149,150,150,150,150,151,151,150,150,150,151,152,151,151,150,151,151,150,150,149,149,149,148,148,149,148,148,148,148,148,148,148,148,148,148,149,149,148,148,148,148,148,148,148,148,147,148,148,148,147,147,147,147,147,147,147,148,147,147,148,148,147,146
109,55,63,61,72,98,98,104,64,130,141,134,129,130,107,102,100,99,102,128,128,126,130,65,136,142,142,142,118,97,100,157,131,145,91,150,154,156,154,157,95,114,122,135,127,126,126,123,126,115,114,109,110,111,152,136,157,153,143,164,117,98,106,105,100,99,76,81,111,102,144,161,157,127,104,112,113,105,101,106,106,103,113,149,154,107,103,105,96,101,106,151,151,152,151,152,151,152,152,152,152,152,152,151,151,151,150,151,151,151,152,152,152,152,152,152,152,152,152,151,150,150,149,149,149,148,148,149,148,148,149,148,148,148,148,149,149,149,150,150,150,150,150,151,150,150,151,152,151,150,151,151,150,151,149,148,148,148,148,148,149,148,148,148,148,148,148,148,148,148,148,148,148,148,148,147,148,147,147,148,147,148,148,147,147,148,148,147,147,147,146,147,147,148,147,147,147,147,147,146
103,102,94,112,62,85,117,78,63,133,130,130,127,131,111,100,99,99,103,128,127,128,137,58,142,136,141,139,124,88,85,124,123,142,139,131,106,113,152,156,147,158,117,95,128,126,125,123,127,115,114,110,110,129,114,98,152,138,153,153,142,99,115,104,99,98,77,80,110,111,108,96,156,152,156,115,115,104,103,106,107,101,107,104,94,152,155,106,96,102,107,151,150,151,151,151,152,151,152,152,151,151,151,151,150,150,150,150,151,152,151,152,152,152,151,152,152,151,151,151,151,151,149,149,149,149,149,149,149,148,148,148,147,148,148,148,149,150,150,150,151,151,151,150,151,151,150,109,131,150,151,149,148,149,149,148,148,147,147,148,147,148,148,148,147,148,148,147,148,148,148,147,148,148,147,147,147,147,147,147,147,147,147,148,147,147,147,147,147,147,147,147,147,147,147,147,147,148,146,146
100,98,94,101,103,103,108,58,61,135,117,130,125,127,103,100,99,100,103,127,127,130,135,50,141,138,142,140,123,81,98,85,105,143,135,134,134,130,102,117,145,156,148,150,102,98,126,123,129,115,115,109,108,142,116,98,118,117,109,149,151,153,139,164,114,99,77,82,109,110,109,109,103,134,151,156,162,160,107,106,107,102,107,105,111,84,154,152,82,104,109,151,151,150,151,150,150,150,150,150,150,150,150,150,150,150,150,150,150,151,152,152,152,152,152,151,152,152,151,151,151,151,150,149,148,148,148,148,148,148,147,147,147,146,147,147,148,149,150,150,150,150,150,150,150,150,150,105,127,149,148,148,148,147,149,148,148,148,148,147,147,147,147,147,147,147,147,147,148,147,148,148,148,148,147,147,147,147,147,147,147,147,147,147,147,147,147,146,147,147,146,147,146,146,147,147,147,147,146,146
104,95,90,101,103,102,107,101,96,111,59,131,135,98,99,96,98,101,103,126,126,128,131,63,135,137,145,143,124,81,109,116,97,145,133,135,135,132,128,124,154,124,145,154,159,163,151,108,119,114,114,108,109,141,118,99,119,117,114,113,108,153,155,155,140,158,79,82,110,110,109,110,105,153,106,126,150,155,159,113,105,96,105,105,113,106,104,105,148,149,152,151,151,150,150,150,150,149,150,150,149,149,149,150,149,149,149,149,151,151,151,151,151,152,151,151,151,151,151,151,151,149,148,148,147,147,147,147,147,147,148,147,147,147,147,147,147,148,148,148,149,150,149,150,150,150,150,112,116,148,148,147,148,148,147,148,147,147,148,147,148,147,147,148,147,147,147,147,146,147,148,147,147,147,147,147,147,146,146,146,147,146,147,146,147,147,146,146,146,146,146,146,146,146,146,146,147,146,146,146
60,82,88,105,98,103,103,104,101,104,106,107,113,62,74,65,97,96,101,124,123,124,128,61,137,135,143,137,122,81,101,110,97,143,132,135,136,134,131,127,157,123,118,90,100,155,155,160,152,130,101,107,109,133,118,96,118,116,115,113,104,104,130,157,157,154,151,161,110,110,110,110,104,154,105,103,103,95,151,154,96,92,104,105,111,106,107,111,105,95,150,151,150,150,149,150,149,149,150,149,149,149,149,148,148,149,149,149,150,151,151,150,151,150,150,150,150,151,151,150,149,149,147,146,147,147,146,147,147,146,146,147,147,147,147,147,148,148,148,147,148,148,149,149,149,149,150,78,92,149,148,147,147,147,147,147,148,148,147,147,147,147,147,147,146,147,147,147,147,147,147,147,147,146,147,146,146,146,146,147,147,147,147,147,147,146,146,146,147,146,146,146,146,146,146,147,146,146,146,146
121,121,58,63,60,73,105,92,98,103,105,106,105,101,108,111,64,93,64,122,122,121,128,61,132,133,140,140,112,68,152,100,96,136,133,135,134,130,130,127,160,125,118,115,118,118,92,156,150,161,158,94,93,110,119,101,117,116,115,112,103,104,102,102,92,151,156,153,143,97,109,107,104,156,105,104,103,102,100,96,154,154,98,101,108,107,107,110,106,104,94,149,149,150,149,149,149,150,148,148,149,149,148,148,148,148,149,149,150,151,150,151,150,150,150,150,150,150,150,149,149,148,148,146,146,146,146,146,147,146,147,146,146,146,147,148,147,147,147,148,148,147,148,148,148,148,93,81,92,96,148,147,147,147,147,147,147,147,146,146,146,146,146,146,147,147,147,146,147,147,147,147,146,146,146,146,146,146,146,146,147,147,146,146,147,147,146,146,146,146,146,146,145,145,146,145,146,146,145,146
122,120,68,120,118,117,75,66,76,110,98,105,106,106,109,110,111,108,79,61,132,73,124,70,132,130,134,137,116,58,150,93,113,134,133,134,134,126,129,127,166,125,119,115,119,117,113,111,156,148,156,159,156,135,159,95,116,116,115,114,101,104,105,103,106,107,87,142,150,155,153,159,103,155,106,103,104,104,102,105,106,120,159,163,127,104,106,110,113,104,105,149,149,148,148,148,148,148,148,148,148,148,148,149,148,149,148,149,150,150,151,150,150,149,149,149,149,150,149,149,148,148,147,146,146,146,147,146,146,147,147,147,147,147,146,147,147,147,147,148,147,148,148,148,148,148,88,111,99,96,148,147,147,147,147,146,146,147,146,146,146,146,146,146,146,146,147,146,147,146,146,146,146,147,147,146,146,146,146,146,147,147,146,147,147,146,145,146,146,145,146,146,146,146,146,145,146,146,146,146
119,118,66,120,119,121,118,117,119,106,64,65,98,104,103,110,105,104,106,110,105,72,64,67,96,127,129,131,107,52,100,118,161,157,114,96,132,119,127,126,166,123,118,115,119,116,114,111,159,111,92,103,153,155,156,158,146,113,115,113,102,103,105,104,106,109,108,108,91,119,152,154,161,149,106,100,104,104,102,105,106,127,94,157,158,155,164,107,103,105,105,148,148,148,148,148,147,148,147,147,147,147,148,148,148,147,148,148,150,151,150,150,150,150,150,149,149,149,149,149,147,147,146,147,146,146,146,146,147,146,146,146,146,146,147,147,147,146,148,148,148,147,148,147,148,149,123,88,93,110,147,147,147,147,147,146,146,146,145,146,146,146,146,146,147,146,146,146,146,146,146,146,146,146,146,146,146,147,147,146,147,147,146,146,145,146,146,146,145,145,145,146,145,146,146,146,146,145,146,146
117,116,71,116,118,121,120,119,121,120,119,120,119,69,62,85,106,102,104,108,112,107,107,98,67,83,130,97,101,68,126,111,155,143,150,151,97,106,125,124,164,121,118,115,119,117,114,110,158,111,108,108,107,89,153,154,153,159,98,112,103,104,104,105,106,110,109,111,105,104,100,100,153,148,156,126,104,103,101,104,106,125,110,107,108,153,158,159,159,104,105,147,147,147,147,147,147,147,147,147,147,147,147,148,148,148,148,147,150,150,151,150,150,149,150,150,149,150,148,148,146,146,145,145,146,146,146,146,146,146,146,146,146,146,146,146,147,146,146,148,147,147,147,147,147,105,78,85,94,109,96,146,146,146,146,146,146,146,146,146,146,145,145,146,145,146,146,145,146,146,146,145,146,146,146,146,146,146,146,146,146,146,146,146,146,146,146,145,145,146,146,145,146,146,145,145,145,145,146,145
116,115,70,115,118,118,116,116,120,115,116,117,122,57,121,121,66,63,72,104,108,108,112,109,111,108,107,66,86,88,121,86,131,113,143,151,150,149,152,137,162,121,118,113,118,116,116,110,154,112,110,108,109,107,107,96,123,149,143,152,102,95,104,104,107,110,109,111,106,105,110,105,103,89,157,154,162,153,103,104,106,119,110,105,122,109,113,153,153,117,102,147,147,147,147,147,146,146,147,147,147,147,147,147,147,148,149,148,149,150,150,150,150,149,150,149,149,148,148,146,146,146,145,145,145,146,146,146,146,146,146,146,146,147,146,146,146,146,146,148,147,147,146,147,147,106,131,98,95,93,108,146,146,146,146,146,146,146,146,146,146,146,146,145,145,145,146,146,146,146,146,146,146,146,147,146,146,146,146,145,146,146,146,146,145,146,145,145,146,145,145,145,145,145,144,145,145,146,146,145
115,114,69,115,115,116,115,114,117,114,114,114,116,57,119,119,119,118,84,63,51,98,113,106,108,108,108,101,96,83,123,105,113,140,136,159,119,143,150,150,135,159,115,96,119,116,117,113,148,113,111,110,109,104,108,96,103,101,93,150,154,153,158,158,103,110,107,111,105,105,110,107,109,99,106,89,158,158,161,110,104,116,109,105,125,107,106,108,107,150,151,146,146,146,147,146,146,146,146,146,146,147,147,147,147,148,148,149,149,149,149,150,149,148,147,147,148,147,146,146,146,145,145,145,145,146,146,146,145,146,146,146,146,146,146,146,146,146,146,148,146,146,146,147,85,101,88,99,96,97,132,98,146,146,146,146,145,145,145,145,146,145,145,145,145,145,145,145,145,145,145,145,145,146,146,146,146,146,146,145,145,145,145,145,145,145,145,145,146,145,145,144,145,145,145,145,144,144,144,145
113,113,67,113,115,115,114,107,118,113,112,113,114,63,119,117,117,117,72,117,118,121,63,54,100,104,105,103,90,101,116,145,110,137,136,129,130,92,105,158,138,156,145,155,88,119,118,116,157,112,110,110,110,102,109,99,107,108,104,104,116,150,154,154,155,122,101,111,108,106,110,106,110,97,107,105,107,97,154,155,161,120,107,102,127,106,107,108,99,101,99,146,146,146,146,146,147,146,146,147,147,147,147,146,147,147,147,147,148,149,150,149,149,148,146,146,147,146,146,146,145,145,145,145,146,146,145,146,146,146,146,146,145,146,146,146,146,146,146,148,146,146,146,147,78,101,142,149,103,91,92,151,145,146,146,145,146,145,144,145,145,145,145,145,145,145,147,147,146,145,145,145,146,146,146,146,146,146,146,146,146,146,145,146,145,145,145,145,144,144,145,144,145,145,144,145,145,144,144,144
111,112,60,112,113,114,113,107,114,111,110,111,114,89,117,116,116,116,58,118,119,119,120,64,120,58,112,63,91,117,110,154,115,135,126,126,129,94,126,122,116,107,133,151,154,155,149,132,145,112,109,109,109,101,110,99,116,107,107,106,106,108,92,91,154,154,150,94,133,108,109,106,109,97,105,104,103,112,138,99,156,153,161,124,127,103,106,106,98,104,107,146,146,146,146,146,146,146,147,148,147,147,147,146,146,147,148,147,148,149,149,150,147,147,146,145,146,145,145,146,145,145,145,146,146,145,146,145,146,146,146,146,146,146,146,146,146,146,146,146,146,145,146,100,114,86,81,89,92,96,108,103,115,146,146,145,145,146,145,145,145,145,145,147,146,147,147,147,151,150,144,145,146,146,146,146,146,145,145,145,145,145,145,145,145,144,144,144,145,145,145,144,145,144,144,144,145,145,144,144
110,109,61,110,112,113,110,109,111,108,108,109,110,91,115,114,115,114,55,117,117,117,116,64,115,117,121,116,52,117,96,105,116,133,117,123,127,76,127,124,117,121,117,103,144,147,147,154,143,154,93,97,108,102,109,101,120,110,108,107,108,109,107,110,105,86,151,152,154,145,150,106,108,96,104,105,102,112,141,103,101,125,158,157,160,140,103,106,87,104,107,146,146,145,146,146,146,147,146,147,147,148,147,146,146,148,148,148,148,149,149,149,149,150,147,146,146,145,145,146,145,145,145,146,146,145,146,146,145,145,145,146,146,146,146,146,146,146,146,146,146,146,147,82,104,75,127,82,77,91,99,83,114,123,145,145,145,145,145,145,145,144,146,148,147,147,147,150,156,153,146,146,146,146,146,145,145,145,145,145,145,144,145,145,144,145,145,144,144,145,145,144,145,144,144,145,145,144,144,145
109,108,56,110,110,111,110,107,110,108,106,107,109,95,112,111,114,112,51,114,115,120,126,63,111,114,115,111,49,110,89,87,120,129,107,120,122,69,123,121,116,120,117,118,120,113,113,127,145,155,158,156,100,157,103,104,124,108,109,108,108,110,108,111,109,109,105,115,150,152,144,157,145,93,103,103,102,111,138,105,103,98,102,125,150,158,161,113,88,100,108,145,146,145,146,146,146,146,146,147,147,146,146,146,147,147,148,147,148,149,149,149,149,149,148,146,145,145,145,145,145,145,145,146,145,145,145,145,145,145,146,145,146,146,145,146,146,146,147,146,145,146,85,114,140,80,85,87,115,86,156,153,166,131,145,145,145,145,145,144,144,144,147,147,147,147,147,146,151,152,146,146,146,146,145,145,145,145,145,145,145,145,144,145,145,144,144,144,145,144,145,144,144,144,144,144,144,144,144,144
83,78,54,107,108,110,107,107,108,107,105,104,106,112,111,110,110,112,58,114,112,114,121,58,108,112,114,101,39,98,82,113,114,126,96,116,119,71,118,118,121,119,117,116,118,113,113,113,106,107,154,154,151,151,147,104,107,121,109,108,110,108,108,111,107,110,107,107,106,89,110,151,154,143,107,99,102,109,136,103,102,104,103,100,138,115,157,157,156,161,111,145,145,144,145,146,146,146,145,146,146,146,146,147,147,147,147,148,148,148,149,149,149,148,148,145,145,146,145,146,144,145,146,145,146,145,145,146,145,146,145,146,145,145,146,145,146,146,146,146,146,146,82,73,95,89,72,82,90,109,83,120,108,112,125,145,145,144,145,147,146,147,147,147,146,147,146,146,147,155,146,146,146,146,145,145,145,145,145,145,144,145,144,144,144,144,144,143,144,144,143,144,144,143,143,143,143,144,143,143
107,70,52,66,61,57,102,105,105,105,104,104,105,112,110,109,109,111,43,110,111,117,120,64,106,107,111,93,40,81,104,106,105,117,90,114,115,85,117,119,115,118,118,118,119,112,112,113,110,113,111,97,100,144,157,153,152,154,142,99,109,110,108,111,107,109,107,108,107,105,105,104,107,150,156,152,108,103,129,105,102,83,102,101,137,101,102,153,147,150,156,144,145,144,145,145,145,145,145,146,146,146,146,146,147,146,147,147,147,148,147,148,148,148,146,145,145,145,146,145,145,145,145,146,145,146,146,146,145,145,145,145,145,146,145,145,145,146,146,146,146,99,115,109,66,66,66,116,89,64,129,109,35,160,142,146,147,147,147,147,147,147,146,147,147,146,146,146,146,147,146,146,146,145,145,145,144,144,144,145,144,144,143,144,143,144,144,144,143,144,143,143,143,144,143,144,143,143,142,142
113,110,101,104,106,57,57,62,91,58,107,102,104,109,107,107,108,110,54,108,109,114,119,72,105,107,107,86,39,152,125,142,153,156,158,112,113,103,114,116,115,117,117,119,120,112,112,112,114,113,111,107,107,103,107,106,146,154,145,154,95,101,107,110,105,109,107,109,108,106,105,103,103,152,107,148,154,158,158,102,100,82,103,100,144,101,100,102,77,93,151,144,144,144,144,145,145,145,146,146,146,146,146,146,146,147,145,147,147,147,147,148,148,148,147,145,144,145,145,145,145,144,145,145,145,145,145,145,145,145,145,145,146,145,146,145,145,145,145,145,146,117,113,118,103,96,61,67,90,98,90,105,104,57,92,100,147,146,147,147,147,147,146,146,146,146,145,146,146,146,145,146,145,145,145,145,144,144,144,144,144,144,145,144,144,144,143,143,143,142,143,143,143,143,142,142,143,143,143,142
112,111,104,102,107,111,103,114,107,55,60,70,126,99,108,104,106,107,56,107,108,110,115,84,105,106,107,75,45,149,157,151,147,153,147,155,160,162,142,153,109,114,113,115,118,115,113,112,112,113,109,105,105,103,111,109,108,108,127,149,154,155,147,106,100,108,105,107,105,105,105,103,101,150,103,102,96,98,150,157,163,102,99,102,149,103,100,101,78,102,107,143,144,143,144,144,144,145,145,145,146,146,146,146,146,146,146,145,146,147,147,147,147,147,147,146,145,145,147,145,145,145,145,145,145,145,145,145,145,145,145,146,145,145,145,145,145,146,146,145,92,79,73,110,104,67,74,54,37,88,118,80,115,90,99,79,147,147,147,147,146,147,146,146,146,146,146,146,145,146,145,145,145,144,144,145,144,144,145,144,144,143,143,143,143,143,143,143,143,142,143,142,143,142,143,142,142,143,142,143
64,113,99,115,112,108,106,108,102,104,114,117,112,46,70,94,75,80,58,105,106,107,109,97,104,104,106,51,45,140,147,89,74,112,106,150,154,149,163,161,162,99,93,98,112,112,112,112,111,113,108,104,104,101,110,108,107,104,107,108,154,155,153,154,156,153,99,106,103,105,104,102,99,147,100,105,102,104,167,135,157,143,155,94,136,105,102,102,78,104,108,143,143,143,143,143,143,144,144,145,145,145,146,145,145,146,146,145,146,146,146,147,147,147,147,147,146,146,147,146,145,144,145,145,145,145,146,145,145,145,145,145,145,145,145,145,145,145,145,145,74,91,56,73,54,70,83,61,85,94,114,77,83,85,100,83,147,146,146,146,146,147,146,146,146,146,146,146,145,145,145,145,144,144,145,145,144,144,144,143,143,143,143,143,142,143,143,142,143,142,143,142,142,142,142,143,142,142,142,142
101,54,55,54,56,114,108,108,107,112,113,117,112,108,111,113,106,57,57,119,70,102,106,100,102,104,104,57,46,83,139,82,78,83,83,85,101,91,160,157,157,165,152,160,97,124,91,110,116,112,112,104,104,102,110,110,106,104,106,107,109,109,98,108,152,161,158,154,94,118,101,101,100,146,101,109,102,104,166,98,102,124,145,152,147,161,164,102,79,102,104,143,143,143,143,143,143,144,145,144,145,145,145,144,145,145,145,145,145,145,146,146,146,146,146,147,146,147,147,147,145,145,145,145,145,145,145,144,145,145,145,145,145,145,145,145,145,145,145,145,83,87,56,72,59,67,87,61,48,87,109,85,89,91,100,78,145,146,146,146,146,146,145,145,145,145,145,145,145,145,145,144,144,145,144,143,143,143,143,143,143,143,142,143,142,142,143,142,142,142,142,142,142,142,142,141,142,142,142,142
100,98,100,97,100,64,60,50,58,106,109,114,115,102,115,117,109,110,105,109,88,58,70,125,112,104,100,43,46,79,82,80,77,81,87,84,87,136,82,76,106,147,150,157,161,161,151,104,105,99,109,103,103,102,110,105,105,104,105,105,108,107,106,106,110,95,94,154,151,153,154,103,93,143,101,106,103,103,167,101,103,115,103,103,105,149,158,159,140,96,107,142,142,143,143,143,143,143,144,145,145,145,145,144,145,145,145,145,145,145,145,146,145,145,146,146,146,146,145,146,145,145,145,146,145,145,145,144,145,145,145,144,145,145,144,145,145,145,145,144,84,86,60,67,99,63,90,65,49,87,98,92,81,99,100,83,143,146,145,145,145,145,145,145,144,144,145,144,145,144,144,145,144,143,144,143,143,144,143,142,143,142,142,142,142,142,143,142,142,142,142,141,142,142,142,142,141,143,142,142
98,99,98,98,99,99,98,99,95,59,65,60,60,93,111,112,117,117,111,113,112,108,112,115,73,63,113,74,48,77,82,96,73,77,96,82,86,133,79,81,82,81,79,120,98,151,152,156,154,161,143,116,119,100,108,107,103,101,105,105,107,106,103,105,103,105,104,101,144,153,148,156,156,131,137,105,102,104,166,100,103,107,104,101,164,102,145,157,151,151,95,142,142,142,143,143,142,143,144,144,143,144,144,145,145,144,144,144,144,145,145,145,145,146,146,146,146,146,146,146,146,146,146,146,145,144,145,144,147,147,146,145,145,144,145,144,145,145,145,145,82,89,66,72,78,65,75,57,74,84,89,91,75,97,100,85,142,145,144,144,144,144,144,144,144,144,143,144,144,143,144,143,143,143,143,143,143,142,142,142,142,142,142,142,142,142,141,141,141,141,141,141,142,141,141,141,141,141,141,141
98,97,97,100,100,100,97,98,96,97,96,90,88,59,63,49,66,107,102,114,115,113,109,108,110,118,114,104,61,73,84,159,75,78,103,81,81,133,79,78,84,83,81,81,83,80,100,113,149,161,160,157,155,162,106,100,101,99,104,104,106,104,101,105,100,105,103,103,112,112,101,101,153,156,157,152,88,118,166,100,103,106,104,102,159,101,100,100,75,104,153,142,142,142,142,143,142,142,143,144,143,144,144,144,145,145,145,145,144,144,146,145,146,146,146,146,145,145,146,146,146,146,146,146,146,146,144,146,146,146,145,151,155,158,147,144,145,145,145,145,85,89,51,68,99,72,83,87,132,82,85,89,80,97,101,99,143,145,144,144,144,144,144,144,144,144,144,144,143,144,143,143,143,143,143,142,142,142,142,142,141,142,141,142,142,141,141,140,141,141,141,141,141,141,141,141,141,141,141,141
98,97,99,100,101,101,99,100,93,95,98,94,94,94,97,96,98,74,63,59,78,110,103,104,113,112,114,100,90,64,78,152,74,77,104,82,82,129,77,78,78,79,80,79,80,77,111,108,98,87,109,160,152,152,154,157,157,148,125,101,105,104,102,104,114,102,103,103,111,110,102,101,100,125,100,156,158,148,149,111,99,97,104,104,162,101,101,100,83,100,102,143,142,142,143,143,142,143,143,143,144,143,143,144,145,145,145,145,144,145,145,145,144,146,146,146,146,147,145,146,145,146,146,146,146,145,144,145,146,145,145,149,156,157,155,152,145,145,145,145,84,92,49,60,84,75,41,79,117,77,79,79,77,98,102,91,121,144,144,143,143,143,143,143,143,143,143,143,143,143,143,142,142,142,143,143,143,142,142,142,142,141,141,141,141,140,141,140,141,140,141,141,140,140,141,140,140,141,141,141
98,97,97,99,102,101,98,98,94,100,100,97,94,100,96,95,96,96,64,98,99,89,63,72,73,108,103,94,87,112,78,120,73,74,106,78,81,125,78,77,67,79,79,80,80,74,110,107,98,106,103,103,105,103,132,153,153,154,152,159,102,162,97,101,112,102,104,104,112,109,100,99,98,138,104,101,89,102,147,149,152,145,157,103,161,103,103,103,86,103,104,144,144,142,143,142,143,142,143,144,143,144,145,144,144,145,145,144,144,144,145,144,145,145,149,151,148,152,153,145,146,146,146,145,145,146,145,146,147,144,144,144,153,156,154,154,153,146,144,65,87,95,53,55,79,72,51,76,112,83,77,83,75,101,101,96,91,144,143,143,143,142,142,142,142,142,142,142,142,142,142,142,142,142,142,142,142,142,141,141,142,141,141,141,141,140,140,141,140,140,140,140,140,141,141,140,141,141,140,140
97,96,97,99,101,100,99,98,95,99,100,99,95,101,97,96,98,97,74,97,98,98,97,94,93,94,71,72,79,149,104,64,114,103,96,76,86,116,77,83,75,80,81,80,81,74,110,106,98,103,100,100,102,96,102,96,159,96,149,153,152,158,161,130,154,100,103,104,111,109,100,102,98,130,102,101,101,111,116,108,150,150,159,150,103,94,105,105,88,102,105,145,146,144,143,143,142,142,143,144,143,143,143,143,143,144,145,144,145,144,144,146,145,146,150,153,152,154,156,152,149,145,145,145,147,147,147,145,146,145,143,146,153,154,153,154,156,153,146,69,86,94,50,56,115,63,58,76,108,80,75,88,67,104,104,89,99,143,143,142,142,142,142,141,142,142,141,141,141,141,142,142,141,142,141,141,141,141,141,141,141,140,141,140,140,140,140,140,140,140,140,140,140,141,139,140,140,140,140,139
96,96,97,97,100,98,98,102,95,98,99,97,94,103,96,96,97,98,81,97,101,102,99,93,92,92,94,97,45,130,154,90,159,160,148,160,102,115,129,71,74,84,82,76,81,75,110,106,98,104,100,99,99,96,99,97,103,100,106,91,109,161,158,158,160,161,96,157,105,108,99,101,97,128,102,100,102,111,124,104,104,81,119,159,140,147,150,112,82,103,105,145,146,145,146,145,143,143,144,145,143,144,142,143,143,144,144,145,145,147,146,148,150,153,153,155,154,156,156,156,154,147,150,147,150,150,149,147,148,149,147,149,153,153,154,156,158,155,149,74,86,92,56,54,125,66,45,81,109,84,69,91,63,98,101,89,89,142,142,142,141,141,141,141,141,140,140,141,141,141,141,141,140,141,141,141,141,141,140,140,140,140,140,139,140,140,140,139,140,139,139,139,140,139,139,139,139,139,139,139
95,95,96,95,98,97,96,98,95,98,98,97,94,101,96,95,96,98,86,96,102,102,101,96,94,94,94,92,42,103,155,113,156,161,148,161,159,163,165,166,95,124,96,74,75,78,109,106,96,104,100,100,100,99,97,97,100,101,106,106,103,103,98,143,147,153,160,162,159,134,157,94,96,125,102,98,103,112,116,103,105,87,106,107,139,103,157,156,147,151,164,144,145,146,146,147,146,147,144,146,147,148,146,146,144,146,147,145,146,147,147,149,151,154,156,156,156,157,157,157,154,153,152,151,152,153,149,148,148,150,151,151,153,153,153,155,156,157,153,74,89,91,58,62,123,65,44,86,103,83,67,85,60,98,106,98,83,143,142,142,141,141,141,140,140,140,140,141,141,140,140,140,140,140,140,140,140,140,140,140,140,139,139,139,139,139,139,140,139,139,139,139,139,139,139,139,139,139,138,139
93,92,95,95,98,95,95,94,95,95,98,96,93,99,95,95,96,96,95,98,100,101,100,94,97,97,96,89,43,83,114,94,102,100,144,104,144,158,163,166,162,164,162,164,97,151,95,109,97,103,98,102,100,98,100,96,100,101,106,106,101,102,100,101,108,108,119,100,162,155,155,157,163,129,114,97,102,112,107,105,105,85,107,106,137,102,106,100,107,152,148,144,145,145,146,146,146,148,148,149,147,151,148,147,149,149,149,149,149,150,150,151,152,153,155,157,157,158,157,158,155,154,153,151,154,154,153,151,149,150,151,151,152,152,153,153,155,154,154,75,87,92,57,63,102,71,46,89,100,86,68,90,60,101,104,104,115,142,141,141,141,141,140,140,140,140,140,140,140,140,140,139,140,140,139,140,138,139,138,140,140,139,139,139,138,139,139,139,138,139,138,139,139,138,139,138,138,138,139,138
96,95,95,93,96,96,91,89,92,95,97,96,94,99,96,95,95,95,97,100,101,101,99,94,93,95,95,82,47,67,156,93,100,102,148,106,106,129,96,103,116,161,160,165,162,167,166,168,116,125,92,104,103,96,103,96,104,100,107,107,101,104,100,100,104,106,106,103,97,88,101,148,156,148,162,161,110,94,105,105,106,83,107,107,139,101,105,106,90,105,96,143,142,143,143,144,146,147,147,148,147,150,149,149,150,151,151,150,150,150,150,151,152,153,154,156,158,158,158,158,156,154,153,153,152,152,155,156,152,151,157,154,152,153,152,152,152,153,154,78,88,92,62,60,92,74,44,92,94,78,64,92,66,106,104,113,115,141,141,141,140,140,140,140,139,140,140,139,139,139,139,138,138,139,138,139,139,138,139,139,138,139,139,138,138,138,138,138,139,138,138,138,138,138,138,137,138,138,138,137
64,63,55,53,92,93,93,71,91,93,95,94,92,97,96,96,95,97,99,98,100,100,97,93,94,94,93,77,46,67,157,100,100,104,147,108,105,117,107,105,103,107,92,101,120,160,160,163,154,164,166,166,111,99,91,97,105,102,109,109,103,103,98,99,104,109,103,102,100,99,76,76,71,104,152,155,153,155,155,100,142,86,105,106,140,103,108,105,89,105,106,140,141,145,145,145,147,146,147,147,147,147,149,149,150,151,152,151,151,150,150,151,151,152,153,155,156,159,159,158,156,154,153,153,155,152,153,155,149,152,153,155,156,155,152,152,152,152,153,82,89,93,66,62,83,74,69,89,85,78,72,101,65,111,101,114,118,141,141,141,140,140,140,140,140,139,140,139,139,139,139,139,138,138,138,138,138,138,138,138,138,138,138,138,137,138,137,138,137,137,137,137,137,137,136,137,137,138,137,137
115,115,72,55,54,62,61,55,56,65,95,92,92,95,95,93,95,96,99,98,98,99,98,94,93,93,94,71,42,77,95,100,101,103,143,106,104,124,106,104,105,105,104,74,77,78,100,154,99,160,159,164,157,157,163,155,102,162,98,107,102,102,101,99,102,107,104,102,98,101,76,76,74,88,102,75,120,98,146,157,156,153,97,110,133,103,107,105,94,104,105,142,143,144,145,145,145,143,146,147,147,147,148,149,150,152,152,151,151,149,150,151,151,151,152,154,156,157,157,156,156,155,151,152,156,156,152,152,153,154,155,155,158,159,152,152,151,151,151,85,89,93,77,60,90,43,79,84,80,82,69,108,72,119,101,125,59,141,140,140,140,140,140,139,140,140,140,139,138,139,138,138,138,138,138,138,137,138,136,137,137,137,137,137,137,137,137,137,136,137,137,138,136,137,136,136,138,138,137,138
117,116,110,115,112,116,116,111,47,59,63,110,79,60,51,94,94,95,97,97,98,98,97,92,93,93,93,60,44,88,90,90,101,100,139,104,102,140,103,101,103,105,103,71,71,73,101,104,96,108,94,101,90,149,159,156,157,161,164,164,94,120,93,102,101,107,103,102,98,100,76,77,74,80,104,78,81,79,110,94,106,149,157,158,150,143,138,98,87,104,106,143,144,143,143,144,144,143,141,146,146,146,146,148,151,147,143,145,152,150,150,149,150,151,152,153,155,156,156,157,155,155,150,149,153,159,157,154,156,155,156,156,157,156,154,151,151,152,151,88,90,92,75,54,117,37,78,80,76,85,65,108,65,123,100,127,59,140,140,140,140,139,140,140,140,140,139,138,139,137,138,138,138,138,136,137,138,137,138,138,138,138,137,138,137,137,136,137,136,137,137,136,137,137,137,137,137,136,136,137
115,111,108,112,108,110,114,105,116,121,119,117,117,89,58,60,61,64,58,58,93,99,96,90,91,92,92,60,44,95,77,143,96,97,140,103,101,123,104,100,101,104,102,70,65,71,98,100,93,107,104,105,106,104,99,170,96,159,166,163,163,163,163,129,104,100,99,105,98,102,78,79,76,75,106,81,80,78,114,104,82,74,102,153,143,150,161,156,161,143,98,143,143,144,145,145,147,145,142,142,142,143,146,149,150,146,143,144,146,150,151,150,150,151,152,153,154,155,156,156,156,148,147,150,152,154,155,156,160,156,156,154,155,154,152,151,152,151,151,90,91,95,88,55,119,43,71,83,75,87,64,110,59,127,98,125,76,140,140,139,139,139,139,139,138,139,138,138,138,137,137,137,137,137,137,137,137,137,137,137,137,137,137,137,137,136,136,136,136,136,136,136,136,137,136,136,136,137,136,136
57,96,117,104,110,110,112,108,114,117,115,117,117,117,118,120,117,118,120,53,57,64,65,123,112,71,93,55,44,99,82,136,92,95,138,102,103,115,106,106,100,103,104,75,68,68,95,96,93,106,103,103,105,103,105,98,104,103,100,119,106,163,162,165,163,163,167,126,120,90,76,79,76,75,106,81,78,77,106,103,79,80,99,105,129,84,97,98,151,149,152,142,143,144,144,145,144,144,146,142,141,141,142,143,149,147,143,142,143,143,149,150,150,150,151,153,150,153,152,151,151,147,148,150,151,154,156,156,157,155,156,158,156,156,150,151,151,151,150,100,90,90,90,50,122,43,70,81,67,93,55,113,56,130,98,125,70,139,139,139,138,139,139,139,139,138,138,138,138,138,137,137,136,137,137,137,138,137,136,136,136,136,136,136,136,136,136,136,135,135,136,136,136,136,137,135,136,136,137,136
67,45,63,66,47,60,53,75,112,106,111,115,114,114,119,118,114,119,113,117,115,113,116,120,90,58,65,69,45,112,93,113,162,160,87,143,101,106,101,102,100,106,105,84,79,68,94,93,88,103,101,103,104,104,105,98,102,112,102,101,102,102,101,105,101,163,164,164,167,159,168,113,116,92,102,80,79,78,104,103,78,69,99,105,130,77,101,108,99,76,140,141,142,142,143,143,143,144,146,144,141,142,141,141,146,148,144,143,142,142,146,150,150,150,150,151,151,152,147,147,147,147,147,149,151,152,154,155,155,155,156,158,158,154,150,151,152,152,149,106,92,92,88,49,100,117,49,87,68,128,57,122,58,134,97,126,82,138,139,139,138,138,138,138,138,138,138,137,137,137,138,139,136,128,137,138,136,136,137,137,136,135,136,136,135,135,136,136,135,135,134,135,135,135,135,136,135,135,135,136
64,65,63,64,66,68,68,27,60,60,56,49,52,85,118,111,111,113,113,116,114,110,116,114,115,114,110,99,64,147,95,158,160,162,163,163,158,155,163,105,110,93,96,76,80,71,101,104,95,101,100,99,103,102,103,97,102,101,103,99,100,101,101,100,99,102,74,101,102,158,163,166,165,158,165,120,107,86,106,102,90,64,97,102,134,77,101,107,99,80,103,141,141,142,142,142,143,144,144,143,144,144,143,143,145,147,144,144,143,142,142,142,142,142,145,149,146,148,147,144,144,148,148,148,151,152,154,155,156,155,156,156,153,152,149,151,151,150,146,113,94,87,89,54,67,54,49,71,65,126,61,125,62,134,99,122,70,118,138,138,138,138,128,124,128,128,128,129,126,126,125,130,127,122,125,128,135,136,135,135,136,135,135,136,136,135,135,134,135,134,135,134,134,135,135,133,135,135,135,135
62,63,62,62,61,65,65,23,65,66,67,67,66,59,71,75,82,39,52,72,120,105,115,114,115,116,111,100,69,115,66,103,109,104,153,160,162,158,165,161,162,158,150,162,97,99,157,94,90,102,101,105,105,106,103,95,101,99,104,100,100,101,100,99,99,101,72,73,98,99,98,91,121,113,164,166,169,160,161,102,137,80,95,98,134,77,101,107,97,80,104,140,141,141,141,142,142,143,144,144,146,145,145,145,145,144,144,142,141,142,141,141,141,142,141,142,147,146,147,147,142,141,141,141,142,150,151,155,157,154,153,153,153,153,151,151,151,145,142,67,97,84,92,59,71,66,51,82,65,131,69,124,59,134,100,116,70,120,138,138,137,137,121,110,131,130,131,132,134,131,119,116,128,131,126,127,134,136,134,135,135,134,135,134,135,135,134,135,134,134,134,134,133,134,134,135,135,135,134,134
60,63,62,62,63,64,66,33,66,65,67,66,66,71,71,69,69,70,69,71,56,60,59,28,72,66,113,91,70,159,87,82,92,93,97,93,95,101,111,159,160,163,152,164,164,167,165,160,160,101,155,149,94,102,101,93,99,97,101,99,98,98,97,98,96,99,70,67,97,98,96,98,97,74,97,95,113,94,158,165,163,159,165,102,116,79,106,107,97,82,110,140,140,140,141,141,142,143,144,144,144,144,143,144,145,144,145,142,145,144,144,141,144,144,141,140,141,144,146,146,143,141,140,140,140,140,141,144,157,155,153,153,153,152,153,151,151,141,141,58,97,85,91,69,71,57,53,86,73,129,62,129,64,132,98,115,64,118,137,137,136,137,119,109,132,131,131,130,131,130,132,131,131,131,128,129,134,135,134,135,134,134,134,135,134,134,134,133,133,133,133,134,133,134,133,133,134,134,134,134
60,63,62,62,63,64,65,35,62,62,66,65,65,69,68,70,68,68,67,66,66,68,69,94,93,92,65,57,49,144,84,79,94,93,95,93,93,94,91,94,93,93,103,102,119,155,159,164,161,162,165,160,161,164,104,146,167,85,98,98,100,105,104,101,98,98,69,69,97,96,95,96,97,73,96,98,97,95,102,68,107,96,160,162,156,162,162,102,107,75,109,139,139,140,141,141,140,141,142,143,142,143,143,144,144,144,146,145,146,146,145,147,146,146,144,141,140,142,145,144,143,142,139,139,140,139,139,139,142,143,140,143,142,151,143,143,140,140,140,60,96,74,93,70,66,102,45,98,77,130,66,130,58,125,100,109,61,117,136,137,136,136,122,112,83,53,56,72,72,69,67,69,111,129,129,128,134,135,134,134,134,134,133,134,133,134,134,134,134,133,134,134,134,134,133,133,133,134,133,134
61,64,61,62,60,61,64,48,61,62,61,63,64,70,69,70,70,69,65,66,68,68,68,93,94,94,93,60,52,122,108,81,94,92,95,93,96,96,92,92,94,92,94,93,93,94,106,104,98,110,160,157,159,164,162,160,163,167,166,98,102,100,109,98,98,99,83,85,97,96,96,94,96,73,96,96,96,93,103,72,73,67,99,98,117,113,161,164,158,155,152,138,139,139,140,140,141,141,141,142,142,143,143,144,144,144,144,145,145,145,146,146,146,146,145,144,142,143,144,144,144,148,141,141,143,139,139,139,139,139,140,140,143,141,140,148,146,144,140,58,97,70,93,76,64,99,43,102,79,127,61,126,54,119,99,104,57,116,136,136,136,136,120,111,54,53,73,73,71,70,65,98,124,132,132,131,133,134,134,134,134,134,134,134,134,134,134,132,132,133,133,133,133,132,132,132,133,133,133,133
62,64,61,60,62,60,62,45,61,63,63,63,61,63,61,62,64,65,64,65,66,67,67,92,92,94,94,59,50,103,163,76,93,90,95,95,96,93,95,91,92,95,92,95,94,93,99,100,93,98,100,102,94,159,102,110,162,164,163,165,165,163,165,168,95,119,102,86,98,99,96,96,96,72,95,95,97,94,106,73,72,65,97,98,104,100,102,102,90,104,152,139,138,139,139,140,140,140,141,141,142,143,143,143,144,143,144,143,144,143,144,144,145,144,145,145,144,144,143,145,147,151,154,157,152,149,146,141,140,139,140,139,140,139,148,148,149,147,144,65,94,65,96,81,66,97,43,107,83,130,63,121,53,108,103,88,60,115,136,136,136,136,122,111,59,67,73,70,66,69,95,123,130,133,133,133,133,134,133,133,133,134,134,133,132,132,132,132,132,132,132,132,133,131,132,132,131,132,132,132
60,56,62,61,60,61,61,46,61,61,62,61,61,63,63,62,62,63,65,64,65,66,69,92,93,94,92,58,47,96,151,75,91,91,93,93,94,93,95,91,93,90,96,92,95,99,104,101,94,101,101,103,106,98,96,77,94,98,97,120,96,163,163,165,164,160,165,164,167,110,124,158,89,75,96,96,97,95,109,72,72,66,98,98,101,101,102,100,84,103,98,138,138,138,139,139,139,139,140,142,142,141,143,143,143,142,143,143,143,143,143,144,143,144,143,144,143,144,144,146,151,150,150,152,152,150,141,139,139,139,138,139,139,140,140,139,139,139,140,81,98,48,96,84,71,86,42,117,83,128,68,114,62,98,102,88,68,117,136,136,136,136,126,111,54,76,72,67,71,84,117,128,130,133,133,136,133,133,134,133,133,133,132,132,132,133,132,132,132,132,132,132,132,131,130,132,132,131,132,131
61,36,63,64,63,64,65,49,61,62,62,62,61,63,62,62,60,62,63,71,71,71,68,92,92,93,93,62,47,97,89,90,90,90,93,92,91,93,92,93,91,95,97,94,96,100,109,107,97,105,103,106,106,100,101,73,100,102,100,103,103,101,95,91,104,120,143,165,163,158,162,160,166,164,150,92,165,89,110,71,71,65,96,96,99,100,102,98,83,99,97,138,138,138,138,139,140,140,140,140,141,141,142,142,142,142,142,142,142,142,142,142,143,143,143,144,144,143,143,145,149,151,151,150,153,150,141,140,139,138,138,141,139,139,138,138,137,138,139,75,96,43,101,89,72,43,36,121,87,128,74,109,76,90,105,80,66,118,136,136,136,136,129,110,53,68,70,69,89,113,129,132,132,134,138,136,133,134,133,133,133,133,133,133,133,132,132,132,132,132,132,132,132,131,132,131,131,132,131,131
62,29,64,63,64,65,63,52,62,65,65,65,64,64,65,61,60,64,63,68,71,72,66,92,92,92,92,64,43,86,93,158,91,89,90,88,90,91,90,95,96,97,94,93,95,103,105,108,100,106,104,106,108,100,105,75,111,101,107,100,102,102,97,93,95,95,96,98,95,95,105,93,164,162,166,166,169,167,166,157,151,94,93,93,99,94,100,96,76,99,96,138,138,138,138,139,138,139,139,140,140,140,141,141,141,141,141,141,142,142,142,142,142,143,143,142,142,142,142,143,146,148,151,154,152,153,149,146,144,140,140,140,139,139,139,139,138,137,138,77,98,44,97,90,77,46,42,127,89,123,69,104,75,84,110,72,74,118,136,136,136,136,129,112,50,67,70,86,120,127,132,131,135,136,137,135,134,133,133,133,133,133,133,133,133,132,133,132,132,132,133,131,132,131,132,132,131,131,131,132
62,25,60,61,62,64,64,65,64,65,64,65,64,67,64,65,64,69,62,71,69,69,68,90,91,92,90,55,50,158,153,139,166,165,169,108,93,104,137,162,89,91,91,93,91,97,104,106,101,108,104,106,108,99,104,72,105,97,104,98,102,101,97,93,95,93,95,97,93,94,95,97,96,106,97,105,114,112,162,164,166,160,164,167,166,95,108,98,82,99,97,137,137,137,138,138,138,139,139,140,140,140,140,141,141,141,141,142,141,141,142,142,142,142,141,142,142,142,141,142,146,146,149,155,151,151,149,148,148,150,152,151,145,145,148,147,145,140,147,68,95,56,93,90,78,60,43,127,98,116,75,91,74,77,110,69,65,112,134,135,135,136,132,112,50,70,96,119,128,129,130,133,137,135,137,134,135,135,134,133,133,133,133,133,133,132,132,133,132,132,131,132,131,132,132,131,131,132,131,131
52,54,55,52,52,48,61,97,64,66,66,65,63,65,68,63,71,68,64,69,70,71,66,90,90,92,91,54,54,150,157,74,157,157,161,165,166,166,166,164,166,168,165,97,104,132,102,100,88,107,103,105,103,97,100,66,102,94,98,97,99,99,96,93,94,91,95,96,92,94,97,95,94,112,96,94,109,96,107,96,96,108,107,165,160,155,161,162,162,163,97,137,137,137,137,137,138,139,139,139,139,140,139,139,140,141,140,141,141,141,141,141,141,142,141,141,141,141,142,141,143,141,153,151,151,148,149,149,149,149,149,152,149,145,145,146,147,147,148,67,95,54,88,95,62,102,35,128,104,114,64,83,68,63,109,62,60,115,137,136,135,137,133,112,70,91,124,131,132,134,133,134,137,136,138,136,141,134,135,135,134,134,133,133,131,132,132,131,131,131,131,132,131,130,132,131,131,131,132,131
114,114,120,89,61,51,55,45,58,60,55,53,59,61,57,53,64,65,65,71,74,70,66,92,92,92,90,58,42,79,103,83,98,94,91,98,157,162,157,162,165,165,165,163,159,156,161,164,166,165,119,141,128,158,121,82,103,98,97,96,98,98,92,94,93,93,95,97,92,94,98,95,94,119,97,111,123,96,107,93,96,93,103,96,103,95,92,118,113,162,156,137,136,137,137,137,138,138,138,139,139,140,139,140,140,139,141,140,142,141,141,141,140,141,141,141,141,141,141,141,139,139,139,140,148,148,147,146,147,148,148,150,151,146,144,148,148,146,144,54,93,55,90,93,63,105,40,128,107,102,62,78,74,56,116,59,58,115,142,142,142,141,139,113,112,127,134,132,134,134,137,137,138,132,140,137,147,136,138,136,135,134,133,132,133,133,133,132,133,134,133,134,133,132,132,131,132,132,131,132
117,112,115,117,116,116,118,115,120,115,125,118,112,95,56,55,52,60,57,57,57,55,54,94,54,54,87,51,44,83,102,86,91,92,91,91,93,99,100,92,113,114,93,102,164,152,156,156,164,163,158,158,158,162,153,151,159,161,103,95,158,164,124,90,95,93,95,97,93,93,99,97,95,109,97,114,119,96,105,93,96,116,106,96,104,95,99,94,84,98,99,136,136,136,137,137,138,138,138,138,139,139,139,139,139,140,140,140,140,140,140,141,141,140,140,140,139,140,140,139,138,138,139,138,139,139,139,140,138,138,141,148,147,144,144,143,145,145,145,56,92,50,77,95,60,101,30,119,107,92,62,65,88,59,117,66,63,111,141,141,140,138,138,114,132,134,135,137,138,138,138,136,134,117,143,137,147,137,137,135,134,134,136,135,136,135,133,133,134,133,133,133,132,133,134,133,134,135,131,130
108,103,113,118,117,117,116,107,113,114,117,116,114,112,115,117,116,120,119,121,121,113,119,89,64,63,111,57,42,78,99,93,92,93,93,93,93,96,93,106,91,93,93,94,96,94,99,93,159,162,108,93,158,149,149,153,162,153,155,155,159,157,166,164,165,133,103,95,157,94,94,95,93,110,95,111,108,96,105,93,97,103,103,102,108,100,102,96,82,99,100,136,136,137,136,136,137,137,138,138,139,139,139,139,139,140,139,140,140,140,140,140,140,140,140,140,140,139,138,139,138,138,138,137,136,138,137,137,137,138,137,138,144,143,144,143,142,142,142,54,91,60,62,98,69,49,35,112,109,84,86,73,111,72,125,75,68,111,140,141,143,140,138,114,136,135,137,137,138,139,139,133,113,86,145,137,137,137,136,135,134,135,136,135,136,137,136,133,134,134,133,133,133,133,132,133,133,136,134,133
47,75,100,105,118,102,110,97,109,112,114,116,108,112,115,115,110,121,118,119,121,116,121,116,120,113,109,111,88,96,99,95,97,94,93,95,94,99,95,108,91,92,94,93,94,94,97,100,106,107,108,104,102,68,64,58,96,109,113,96,123,160,163,167,163,163,165,167,166,163,167,164,167,91,111,152,107,91,111,92,96,94,99,99,108,96,101,96,80,98,98,135,135,136,136,136,136,136,137,137,137,138,139,139,139,140,139,139,140,140,139,139,139,139,138,140,140,139,139,139,139,140,138,138,137,138,137,137,138,137,138,138,139,146,145,147,143,144,143,61,97,68,59,96,70,55,41,111,111,76,92,72,114,83,128,77,73,106,141,145,145,147,139,113,135,136,137,139,137,137,133,116,84,64,146,139,129,133,133,133,133,133,136,136,136,136,138,136,134,134,134,133,131,133,132,132,131,132,130,131
84,63,96,107,115,101,110,53,39,52,59,63,49,98,112,116,119,107,113,115,119,119,123,118,118,109,107,112,87,135,92,92,98,98,98,103,103,104,103,113,98,101,99,99,103,97,101,102,103,106,106,104,104,67,74,55,105,104,99,99,105,101,104,101,97,104,109,94,100,164,165,164,161,157,160,166,168,164,163,160,164,91,111,97,102,94,100,96,80,96,103,135,134,135,135,135,136,136,136,137,137,138,138,138,138,138,139,138,138,139,138,138,138,138,139,138,139,139,139,139,138,139,138,140,141,140,141,141,137,141,143,145,147,147,146,146,147,150,146,69,96,77,55,95,66,59,42,108,112,68,101,74,117,76,126,80,64,115,140,139,143,143,140,115,137,138,140,137,135,131,112,80,64,63,148,138,130,135,133,133,134,133,135,135,136,134,135,134,132,130,131,132,132,132,130,131,132,133,132,131
93,61,93,92,93,93,91,82,95,94,93,89,83,81,75,82,83,121,117,121,89,44,44,58,55,75,116,115,73,119,107,94,98,97,101,100,100,107,101,103,96,99,100,99,102,94,100,105,103,103,104,104,104,75,74,84,109,104,101,99,106,103,104,103,101,102,98,95,104,100,97,97,98,98,162,104,107,89,161,162,157,149,159,160,148,152,155,158,126,103,168,134,134,135,134,135,136,136,136,136,137,137,138,137,137,137,138,138,138,138,138,138,138,138,138,139,138,138,139,139,139,139,139,139,140,141,141,140,141,141,143,146,145,149,147,148,146,147,148,66,96,87,45,95,60,104,41,102,111,72,109,70,121,75,120,70,57,112,139,138,139,141,142,115,138,138,138,132,122,96,93,59,84,67,147,139,135,135,133,136,134,133,133,132,133,133,133,132,130,132,132,131,131,130,130,129,130,130,131,130
96,58,94,91,92,92,93,94,90,91,90,91,83,89,89,89,89,89,91,90,91,90,95,89,91,90,89,112,44,117,156,123,97,98,103,102,98,104,97,115,96,98,98,99,104,91,103,104,99,104,104,105,105,74,73,71,106,100,98,100,102,102,101,102,100,100,96,93,104,100,98,96,97,133,98,93,91,145,146,89,54,62,56,56,54,61,153,157,148,155,157,134,134,133,134,134,135,135,135,136,136,136,137,136,137,137,137,137,137,137,138,138,139,138,138,138,138,139,139,138,139,139,139,138,139,141,140,140,141,141,143,144,146,144,150,147,145,145,147,64,98,94,44,93,58,106,34,98,111,64,113,65,127,67,117,72,54,114,138,137,137,139,142,116,138,136,134,118,109,63,95,54,102,70,147,140,145,134,134,134,134,133,133,133,132,132,132,132,131,131,131,131,131,130,131,130,129,129,129,127
99,61,95,94,94,92,89,99,93,91,90,91,70,89,90,89,90,90,91,90,89,92,101,95,91,92,94,120,27,113,155,164,99,122,136,142,114,86,98,113,98,98,100,101,101,86,101,101,99,103,101,101,102,71,71,79,104,97,98,99,101,101,100,101,99,99,95,94,102,102,99,97,99,133,99,102,91,12,4,6,6,5,6,28,15,11,104,150,115,79,157,133,134,134,134,134,134,135,135,135,136,136,136,136,136,136,136,137,137,137,138,138,138,138,138,138,138,139,138,138,138,139,138,139,139,140,140,139,140,140,140,142,141,143,144,144,144,147,146,67,95,96,46,91,58,104,37,97,109,66,114,66,130,68,101,72,54,87,137,137,137,136,138,115,136,113,131,66,119,50,111,54,117,64,144,138,152,134,133,132,132,132,132,132,132,131,131,130,131,131,131,130,130,130,130,130,107,124,129,126
100,66,98,95,97,96,94,102,96,96,92,93,58,91,91,93,92,91,92,91,92,95,99,93,93,93,96,122,37,91,81,151,163,164,163,163,160,164,164,167,154,97,119,129,140,101,85,83,152,145,93,99,102,71,73,87,104,96,97,98,101,100,99,100,98,99,97,97,103,102,100,99,100,147,97,103,93,130,130,131,131,131,131,132,131,133,132,138,33,157,159,132,133,133,134,134,134,134,134,135,135,134,135,136,136,135,136,136,137,136,137,138,137,137,138,137,138,138,138,138,138,138,138,139,138,138,139,139,140,141,141,140,140,140,141,141,142,142,143,59,97,94,59,93,69,82,50,88,107,69,119,73,126,76,95,84,61,78,136,135,135,134,135,117,135,64,135,49,125,58,123,61,126,67,142,139,149,133,132,132,133,132,131,133,131,131,131,130,131,131,131,130,131,131,130,109,117,124,125,129
101,69,100,96,98,97,97,103,96,98,94,96,42,93,93,97,94,95,98,90,90,95,95,92,92,96,95,120,33,102,98,129,154,156,149,156,161,165,166,165,163,163,162,164,158,152,165,160,161,167,163,160,157,164,156,89,92,86,103,140,157,158,96,94,92,101,91,94,102,102,99,97,99,130,99,101,91,130,130,132,130,130,131,131,132,131,132,131,132,126,160,132,131,133,132,133,133,134,134,134,134,135,135,136,136,136,136,135,135,136,137,137,138,138,137,137,137,138,138,138,138,138,138,138,139,139,138,138,138,139,138,138,138,138,139,139,139,138,140,55,94,93,76,93,61,59,50,91,105,75,120,77,113,78,84,85,62,81,134,135,136,135,137,116,137,42,137,52,134,60,130,65,131,65,135,137,135,132,133,132,132,132,131,132,131,131,130,131,132,131,130,130,130,130,130,116,123,136,133,132
100,64,99,97,97,98,98,101,98,99,99,93,11,92,95,96,91,91,92,88,90,92,82,90,92,92,95,117,30,93,95,82,94,103,96,97,101,91,91,95,127,119,130,161,159,139,160,159,162,163,161,160,156,161,157,151,153,161,152,150,157,162,154,153,160,159,163,164,148,97,101,101,159,114,158,97,90,129,129,129,129,129,130,130,130,130,131,131,132,125,156,132,131,132,132,133,133,133,134,134,134,135,134,135,135,136,135,135,135,136,136,137,137,136,137,137,138,138,137,138,138,138,138,138,138,139,139,140,141,140,139,138,137,138,139,138,138,137,139,54,93,90,88,90,71,72,57,89,101,85,120,79,90,77,71,85,64,92,136,137,135,136,137,116,138,58,139,57,135,58,134,62,136,61,132,137,127,132,132,132,132,131,131,132,131,130,130,130,130,130,130,130,129,129,121,123,130,131,134,135
102,57,98,99,99,97,97,102,99,97,98,95,25,91,91,90,91,93,95,91,89,92,65,93,92,92,97,116,27,96,98,82,96,92,97,100,97,94,101,101,102,102,102,101,102,86,100,99,100,101,100,99,98,95,96,86,92,95,100,157,162,159,156,156,162,159,161,161,154,164,165,164,165,149,158,155,157,128,129,130,128,129,129,129,130,130,130,131,131,123,153,131,132,131,132,131,133,132,133,133,133,134,134,134,134,134,135,135,104,106,148,86,169,85,94,112,81,107,108,106,106,106,107,107,107,105,106,105,106,105,102,124,168,138,138,138,138,137,138,54,95,85,89,92,61,92,61,88,99,74,122,79,75,79,68,89,63,116,136,136,136,135,136,116,138,51,138,56,136,55,137,60,137,62,132,135,127,133,129,133,132,131,132,131,131,130,131,130,131,130,130,129,130,130,127,123,109,120,125,53
70,64,69,70,100,99,98,103,99,96,97,98,61,97,96,94,94,97,94,93,93,94,46,95,93,94,94,117,45,99,97,85,95,94,98,100,100,96,99,98,102,103,101,99,99,86,99,98,99,98,99,100,101,99,100,122,101,95,99,97,99,98,100,99,101,99,97,92,94,100,112,102,92,92,95,104,152,127,128,128,128,128,128,129,129,129,129,129,131,127,155,130,131,131,131,131,131,132,132,132,132,133,134,134,134,134,134,135,109,110,102,98,167,97,148,81,159,111,110,110,110,106,110,109,109,109,108,109,108,108,107,141,139,136,136,137,137,138,137,55,94,74,89,91,55,105,67,86,87,67,122,71,64,82,61,91,60,119,134,134,134,134,135,117,138,54,141,54,138,55,135,54,138,61,130,137,133,108,104,99,132,131,131,131,131,130,130,130,130,130,130,129,129,129,118,118,91,130,107,48
66,73,67,69,70,68,68,71,73,98,99,99,85,96,93,94,94,96,97,95,95,93,31,96,95,94,94,117,58,97,96,84,94,96,97,100,100,97,100,101,102,104,103,98,100,90,100,100,100,99,96,100,99,98,99,120,101,95,95,95,99,98,96,97,97,97,95,97,91,92,92,92,97,153,96,94,94,128,127,127,128,128,128,128,127,129,129,128,129,130,155,130,130,130,131,131,132,131,131,133,133,132,133,133,133,134,134,134,110,112,111,116,115,115,114,116,115,115,115,113,112,109,110,111,111,111,112,109,102,100,107,146,143,134,135,134,135,137,137,66,93,57,92,90,59,105,77,88,65,64,119,74,60,92,60,102,56,120,135,134,135,134,135,115,137,53,137,55,135,46,137,49,137,58,132,136,134,89,111,101,133,131,131,130,130,130,131,131,130,130,130,129,129,129,123,116,142,145,141,142
72,59,67,53,60,55,66,61,65,96,99,99,99,95,95,93,95,89,97,94,93,95,26,96,92,94,93,113,76,95,91,86,93,96,96,100,99,97,101,100,102,103,103,98,99,97,98,98,99,99,98,98,99,98,99,114,101,94,96,97,100,100,98,97,98,97,96,97,91,92,93,91,97,155,96,94,92,128,127,127,127,127,127,127,127,128,127,128,130,132,155,129,130,131,130,130,130,131,131,131,132,132,132,132,153,152,153,145,129,128,112,109,101,112,119,126,129,135,141,144,145,146,139,136,142,118,128,103,119,159,133,156,158,158,163,173,172,134,136,63,97,49,98,93,57,104,88,90,59,75,120,81,68,100,68,109,67,116,135,135,134,134,134,116,135,49,137,49,137,51,135,57,136,74,136,135,135,91,116,110,133,130,130,131,130,131,130,130,130,129,129,129,128,129,124,102,128,143,81,57
117,104,113,117,116,117,118,82,103,98,99,115,95,122,119,118,116,81,113,88,119,115,33,59,61,70,85,113,89,92,92,89,94,96,97,99,99,97,101,99,101,103,103,98,99,105,99,97,98,98,96,98,98,96,99,115,99,93,95,98,100,99,97,98,97,97,94,97,91,92,92,92,98,155,96,95,91,127,127,126,127,127,128,127,127,127,127,127,129,131,154,128,129,129,129,130,130,131,131,132,132,132,132,132,95,143,97,112,98,97,135,80,149,67,54,79,61,81,100,99,104,70,77,97,150,58,144,98,125,141,99,156,157,124,164,117,125,114,99,63,98,46,98,91,62,85,91,89,61,81,121,95,74,115,77,118,63,114,134,134,125,134,135,116,134,48,135,61,135,78,135,90,137,114,134,135,136,90,109,112,111,132,131,131,131,130,130,129,129,129,129,129,129,129,103,100,124,140,64,17
116,106,113,114,117,117,113,115,118,118,122,115,103,103,96,82,69,57,59,56,56,53,50,52,54,56,58,106,80,118,116,88,91,92,94,97,97,96,99,99,100,101,97,98,99,114,97,98,98,98,91,97,97,96,99,107,97,92,98,100,98,99,96,96,98,98,96,98,90,92,91,92,98,151,94,95,89,111,96,46,54,77,126,125,126,126,126,127,128,124,155,128,128,129,128,129,129,130,130,131,131,131,131,131,141,134,155,155,154,155,154,155,157,154,155,153,152,152,149,141,139,127,121,116,145,96,115,84,102,140,108,154,155,142,165,168,172,89,100,64,96,51,90,92,57,82,85,86,63,84,119,103,73,125,84,118,56,114,89,94,159,98,139,117,133,73,136,81,134,98,135,114,136,124,136,135,133,89,111,111,124,130,129,129,129,129,129,129,129,129,128,128,128,130,100,95,113,135,63,17
108,101,107,107,108,109,107,111,110,111,110,107,99,117,115,116,114,114,114,115,114,115,108,116,114,110,111,113,112,160,166,105,102,93,128,105,96,93,107,102,120,129,132,97,97,113,88,88,89,92,86,101,112,101,101,114,162,136,105,138,94,105,95,102,90,89,91,91,90,89,87,81,89,145,88,84,90,149,127,87,77,72,126,126,125,125,125,128,138,148,150,128,128,128,128,128,128,130,130,130,129,130,131,130,96,140,104,136,87,82,124,88,151,73,63,103,112,98,96,97,119,99,58,75,151,69,115,79,73,120,107,156,154,147,165,100,134,97,106,59,95,53,77,92,56,79,84,88,65,84,120,105,81,125,79,117,54,105,117,112,97,157,69,116,131,119,136,121,136,125,136,126,137,131,135,136,133,92,109,117,130,129,129,129,129,129,128,128,128,127,128,127,128,94,97,96,131,128,126,117
105,104,106,108,105,108,108,110,109,109,113,107,99,113,111,112,110,107,113,110,112,110,103,116,113,111,107,108,114,156,152,155,164,164,166,162,167,165,165,164,162,166,165,165,160,154,162,165,166,167,150,164,162,165,164,163,162,155,166,160,159,157,153,156,159,153,158,162,164,162,164,163,160,162,153,158,154,151,140,146,137,145,140,138,146,143,147,142,142,149,151,127,127,127,127,128,128,129,129,129,130,129,130,130,140,135,141,144,136,138,134,131,133,121,115,107,133,102,95,100,126,92,88,81,125,81,89,68,130,105,86,126,141,134,163,119,145,83,80,51,95,53,63,91,43,111,78,91,61,86,116,110,57,124,68,116,48,81,123,122,104,153,101,115,127,130,135,131,136,132,136,132,136,135,138,138,133,107,118,120,128,129,129,128,129,128,128,127,131,127,128,127,128,87,74,73,135,113,60,52
102,95,106,106,106,103,99,101,109,107,105,102,92,100,100,98,100,88,100,101,100,100,88,93,93,90,85,117,97,111,141,139,157,158,161,161,161,160,160,162,160,160,161,159,152,147,161,162,162,162,152,164,145,156,155,152,156,156,162,156,157,155,151,156,159,153,160,162,161,159,160,158,159,154,152,160,158,151,150,149,148,148,145,146,149,151,148,150,144,152,153,126,126,127,127,127,127,128,128,128,128,129,129,129,95,115,82,139,121,103,68,67,125,33,46,94,145,88,53,57,139,90,101,88,131,89,58,83,111,74,65,135,141,142,165,75,119,73,79,52,95,68,54,90,45,108,65,91,63,99,114,114,55,113,64,117,54,67,137,117,90,146,93,117,123,134,136,131,135,131,135,131,136,131,135,136,130,94,90,121,121,128,127,128,128,128,94,122,135,123,128,100,87,77,79,69,128,96,44,111
64,51,57,53,53,51,50,54,52,62,64,62,53,78,81,90,93,44,73,76,79,78,61,76,85,85,80,117,90,92,87,86,90,91,93,93,93,92,92,92,92,93,90,97,98,87,92,93,91,92,73,92,92,91,92,89,83,80,83,85,90,88,84,89,88,90,86,83,87,91,95,87,97,82,89,88,88,148,119,118,119,120,122,122,122,123,123,64,76,145,153,125,125,126,127,126,125,127,127,127,127,127,127,128,95,111,88,135,117,88,89,86,124,75,74,88,139,91,77,80,136,75,88,85,134,84,62,84,83,107,77,135,122,131,164,98,122,80,109,55,95,82,46,92,51,110,58,92,67,111,110,116,48,98,60,118,64,64,118,112,112,124,106,116,117,133,136,134,136,133,135,133,135,133,137,136,134,106,92,119,117,122,120,119,120,119,89,92,128,67,79,66,95,73,75,69,112,73,43,123
64,61,60,63,70,71,57,63,59,66,65,66,42,76,76,77,76,56,73,72,73,71,64,65,72,77,72,119,80,95,85,81,86,87,80,74,77,90,88,87,80,78,66,75,76,79,86,83,76,88,98,81,81,81,82,76,83,73,80,77,81,82,83,81,78,81,81,80,81,81,82,67,85,86,79,85,79,120,120,119,119,120,120,120,121,120,121,121,124,48,148,122,122,122,121,122,122,122,123,123,122,123,123,124,96,112,82,136,115,71,92,66,128,47,82,77,138,86,84,83,138,87,96,92,133,75,41,108,80,108,89,134,124,121,165,102,86,74,99,58,94,88,32,94,51,64,38,56,66,117,104,113,53,87,62,117,90,75,85,43,115,55,111,119,108,134,137,133,135,133,134,132,136,134,136,135,130,115,109,110,120,134,135,131,115,153,130,141,133,134,133,104,103,72,66,65,99,87,81,119
62,68,62,64,55,58,65,57,59,59,60,65,48,69,70,71,70,67,74,70,70,70,67,63,63,60,63,119,75,88,86,82,72,74,67,65,69,77,77,76,76,75,65,73,74,65,76,76,74,74,120,76,77,77,78,68,78,65,70,67,72,71,71,70,65,71,71,67,71,71,68,58,70,69,68,79,70,99,100,100,104,112,108,106,107,106,99,101,98,123,151,98,92,110,98,95,97,94,110,116,109,107,97,113,111,110,95,135,115,98,96,80,125,73,75,85,136,81,67,91,134,76,105,92,134,85,63,110,67,113,83,137,100,117,165,129,106,78,79,57,85,92,52,93,55,83,33,48,63,118,103,103,37,71,79,113,101,80,141,140,114,72,110,117,102,134,137,134,136,135,135,133,135,133,136,136,131,104,97,112,131,88,139,91,90,133,103,107,104,151,90,99,76,85,86,120,115,86,84,141
61,70,70,66,62,69,56,59,63,60,61,64,56,65,63,61,70,70,67,70,62,62,69,54,62,56,60,105,72,86,90,87,72,72,64,64,76,68,70,66,68,62,57,66,71,66,71,70,68,68,132,71,70,66,68,61,68,53,59,61,65,66,65,65,57,63,64,70,67,64,60,55,65,54,61,74,62,90,89,91,91,96,98,96,92,90,91,97,95,120,152,93,92,88,70,75,92,122,88,114,86,47,119,101,116,110,127,132,139,144,132,138,124,122,131,109,137,86,98,51,131,56,125,79,132,57,64,119,61,109,103,133,84,114,166,151,127,93,58,49,70,91,68,93,73,101,38,60,62,118,101,83,68,62,102,114,116,87,128,127,133,138,108,116,99,136,136,137,136,135,135,135,136,133,137,137,130,103,77,95,129,95,83,124,95,89,82,74,105,148,118,91,72,70,77,73,77,74,73,137
56,73,66,70,71,60,50,68,67,71,75,59,55,63,62,66,63,74,64,61,61,61,66,51,53,68,57,93,63,82,91,87,71,63,64,62,61,63,66,65,64,66,51,68,61,67,65,63,63,65,140,66,66,69,71,59,76,51,59,56,63,66,64,61,55,55,58,60,61,62,78,46,63,64,58,74,59,90,91,92,94,89,92,96,90,100,92,90,96,121,153,94,75,107,105,83,74,90,93,81,45,74,120,109,111,109,70,129,117,112,123,124,127,123,129,112,137,97,88,85,131,81,134,87,132,80,72,124,65,121,105,132,65,120,166,157,137,112,42,45,61,85,83,95,59,115,40,91,50,107,99,71,81,49,107,111,122,95,142,141,142,142,108,114,98,134,135,133,135,134,134,135,136,135,135,135,130,109,86,93,126,104,134,130,108,129,121,110,105,145,127,95,81,63,90,59,56,41,60,130
54,77,57,55,61,53,61,69,75,64,64,57,54,62,60,64,64,96,64,66,60,58,59,48,48,51,53,87,59,78,85,88,68,63,61,65,60,68,65,57,56,57,49,69,66,63,67,63,57,56,145,58,60,65,67,53,71,53,41,48,78,95,100,101,97,101,97,105,100,97,93,93,86,131,160,160,162,98,94,96,92,85,99,98,93,94,97,98,109,126,154,99,77,126,87,87,72,82,69,82,108,97,128,127,117,112,85,134,102,78,91,71,130,101,136,130,130,139,133,133,130,84,150,94,134,52,39,136,57,98,109,135,60,110,167,167,165,121,55,49,52,77,88,96,58,116,43,92,44,100,96,58,104,45,117,106,121,96,140,125,130,99,105,116,99,130,131,132,133,133,134,134,136,135,137,134,131,115,93,106,104,118,95,84,79,107,85,108,119,155,119,73,93,64,88,71,51,52,73,122
58,75,59,62,67,71,52,59,58,80,59,55,50,54,62,63,65,65,60,60,58,57,59,45,42,48,54,89,46,72,70,87,64,59,57,55,52,61,67,81,87,91,91,91,91,137,147,152,156,147,96,137,113,125,152,158,157,146,157,162,164,160,155,162,162,160,159,165,164,164,165,149,163,161,164,159,155,91,90,85,92,97,105,98,100,105,95,87,92,124,151,100,137,69,44,127,112,128,82,126,65,96,57,54,121,109,74,131,90,59,87,106,122,76,117,109,127,126,120,118,131,87,147,80,134,81,80,139,68,126,129,135,78,130,166,168,149,153,46,46,43,50,90,96,63,115,56,85,56,81,95,53,115,43,118,103,108,108,139,102,96,77,100,114,100,104,113,120,125,127,130,131,132,135,135,136,131,151,140,99,96,117,112,92,131,82,111,85,89,81,136,77,96,69,72,70,65,138,137,127
59,53,48,50,55,55,46,52,56,56,55,53,53,52,55,52,52,61,58,53,54,56,57,41,46,46,45,71,41,97,106,108,113,89,116,156,165,165,164,162,161,164,151,161,163,158,161,163,156,162,146,161,156,160,162,163,164,151,160,162,162,161,156,161,165,135,97,101,105,92,106,113,108,89,67,75,55,114,157,100,75,97,89,98,104,83,91,102,100,129,154,95,136,85,70,126,114,128,94,124,42,48,74,72,116,110,101,131,92,84,66,83,134,92,139,81,124,78,120,130,126,139,145,103,135,45,43,137,65,96,135,136,64,137,166,166,166,160,66,53,52,36,92,98,71,117,63,43,57,66,98,48,123,42,115,99,97,108,133,132,122,122,117,114,99,56,73,90,107,117,121,127,131,132,134,135,131,123,125,134,129,117,125,119,103,82,88,95,91,86,141,106,69,58,133,130,131,146,128,99
59,63,59,54,53,53,58,63,53,48,50,48,45,49,54,53,53,60,53,59,67,67,61,58,53,70,58,39,52,117,132,166,156,161,163,160,167,163,158,161,160,159,149,158,156,153,153,155,151,157,127,92,97,93,111,142,125,99,88,64,86,83,76,79,79,71,68,67,60,60,69,47,68,50,68,66,81,137,167,166,169,86,92,86,92,93,76,98,80,124,152,76,136,110,94,122,111,127,42,123,32,74,65,44,120,112,71,126,76,53,33,96,129,103,143,100,122,109,121,125,131,122,137,95,139,83,83,136,76,127,139,133,70,158,165,168,154,164,47,72,72,47,87,99,65,118,73,44,51,47,98,28,126,38,96,100,76,106,80,139,117,90,90,112,96,49,53,66,79,87,98,113,122,130,131,134,131,117,122,123,124,121,125,124,124,119,107,105,85,85,145,114,73,98,121,145,141,147,138,74
65,74,54,53,61,62,18,61,50,53,52,51,42,50,49,54,51,58,55,59,58,58,51,47,44,67,41,38,96,163,158,146,162,150,119,125,103,102,91,93,99,103,97,89,68,67,84,70,62,69,134,71,59,67,72,67,77,91,69,72,80,74,66,72,66,65,72,70,59,54,61,31,54,41,68,73,61,30,167,171,77,41,86,93,88,98,79,65,124,143,150,88,134,113,101,119,115,126,85,122,47,59,111,79,117,106,133,127,130,123,107,90,134,78,144,90,125,76,119,99,126,125,143,132,140,103,82,133,94,132,136,132,38,160,161,166,166,164,114,85,76,48,80,99,57,115,83,76,54,53,100,52,119,65,86,97,59,102,97,123,78,104,97,113,100,46,54,53,54,60,79,98,110,120,124,134,131,118,121,123,124,123,125,125,126,120,70,103,82,85,70,70,69,139,141,130,99,141,138,87
38,64,64,46,42,43,22,55,54,53,53,51,55,55,58,54,50,57,52,54,59,59,63,56,58,65,51,51,124,161,150,116,60,54,59,58,55,53,53,48,59,64,92,58,56,45,52,60,60,55,131,58,60,60,67,63,76,99,67,61,75,75,73,72,69,62,72,95,80,76,78,40,57,43,66,70,46,90,165,167,70,84,82,86,74,81,144,124,148,139,152,127,130,111,42,120,113,126,49,120,39,76,110,100,125,111,56,128,51,96,91,80,133,43,144,94,127,70,124,90,124,134,139,111,143,78,85,130,87,122,130,130,78,162,156,153,167,163,42,89,90,55,59,96,111,119,104,94,44,53,96,36,103,53,67,97,39,95,107,115,81,84,63,110,97,45,51,49,50,49,42,66,86,103,119,136,130,56,40,51,52,40,46,54,47,118,82,60,77,86,71,79,75,165,154,155,120,127,123,168
40,46,46,46,45,48,55,52,53,48,51,47,43,56,90,113,118,115,120,113,118,118,113,113,112,111,108,99,120,156,81,100,63,46,51,53,47,50,53,43,56,63,106,51,55,49,53,48,54,49,121,70,63,69,81,76,81,110,69,58,70,67,66,61,62,61,68,65,59,52,66,43,69,65,65,57,38,127,99,86,123,132,130,132,130,135,145,148,142,143,154,148,147,122,116,116,107,123,40,120,70,92,55,83,122,108,136,135,132,129,122,132,135,112,144,83,130,85,131,89,126,102,121,127,141,94,95,123,70,87,130,133,46,162,149,165,164,164,74,74,77,105,45,82,82,83,85,118,50,45,94,43,83,65,48,95,27,70,100,114,80,60,95,108,97,50,51,46,45,44,69,140,57,82,102,133,130,64,70,69,69,70,72,107,111,103,70,71,77,55,61,68,74,119,139,127,118,127,126,158
108,116,116,114,120,118,109,115,116,117,114,111,112,111,115,112,112,106,110,108,109,112,108,102,105,104,105,93,118,111,76,94,62,53,52,49,45,47,50,30,52,56,111,48,48,46,46,44,45,47,93,51,60,73,79,76,72,118,73,62,77,79,60,58,52,61,59,56,53,43,56,73,105,99,114,91,89,148,139,136,142,133,138,142,141,147,145,148,144,145,156,121,121,119,119,120,120,118,121,141,89,79,88,85,124,111,83,128,46,101,92,88,135,100,129,93,128,88,137,89,121,125,123,113,140,85,76,125,80,96,123,131,84,166,140,138,167,163,94,100,104,101,147,83,92,136,70,136,87,44,94,64,63,95,52,95,90,86,63,145,83,123,87,122,142,141,107,103,110,109,117,130,38,58,81,131,131,67,71,70,71,72,119,110,99,65,62,31,58,56,56,61,106,167,132,119,123,133,138,145
102,105,105,109,110,110,100,103,103,105,104,107,104,106,106,108,107,101,106,108,104,105,103,105,110,105,94,53,90,76,78,89,75,67,74,74,74,61,54,24,87,57,107,45,44,54,44,42,42,44,46,50,55,59,60,54,64,114,59,38,69,65,67,109,99,96,92,90,157,157,159,138,165,161,159,155,159,149,145,147,144,138,140,142,139,142,169,122,55,145,152,119,117,114,148,151,149,145,129,143,169,160,127,130,125,106,106,130,137,137,127,132,133,130,145,121,130,82,137,94,131,85,105,115,137,98,65,125,84,104,123,137,52,164,135,166,163,166,55,58,128,108,72,79,82,132,80,110,100,111,134,107,126,150,84,97,42,93,111,69,66,61,94,92,74,146,142,144,133,140,169,134,120,105,103,113,128,44,37,41,39,41,44,61,48,59,61,93,55,61,53,53,84,135,120,129,130,129,127,126
100,97,98,102,107,103,98,100,102,101,102,97,109,100,104,98,53,59,67,74,57,60,59,67,62,63,40,45,54,82,72,77,65,46,56,53,55,50,55,25,54,56,101,80,73,69,72,40,56,51,43,43,42,87,89,160,156,110,93,129,163,158,160,162,160,160,160,154,162,163,161,143,165,102,106,108,81,149,137,141,137,165,171,169,158,91,136,142,152,127,154,120,146,147,85,85,84,85,88,131,118,61,45,106,119,111,84,127,48,49,85,84,139,75,118,70,133,74,138,101,127,86,90,117,135,85,74,127,82,86,119,135,85,166,128,88,126,164,67,64,57,75,76,112,133,126,139,132,138,94,120,135,130,130,124,98,49,95,109,101,102,70,62,66,70,99,95,122,116,118,151,131,135,114,140,139,137,135,119,71,68,70,70,67,60,57,62,70,54,49,56,78,51,131,126,125,129,134,132,135
104,82,107,70,63,73,67,66,54,59,59,60,57,62,55,54,60,58,42,42,42,42,40,34,28,61,56,45,61,76,76,72,65,49,61,62,80,87,57,54,76,61,89,44,92,89,87,86,125,118,120,163,158,166,159,161,159,161,157,158,159,158,158,157,165,95,109,110,94,54,72,108,60,56,59,66,61,124,89,66,121,85,162,166,154,168,154,149,153,124,157,111,110,99,78,83,83,84,84,122,93,61,68,119,123,107,78,127,83,121,132,135,136,131,136,133,131,110,133,86,139,82,72,106,132,116,63,128,42,82,122,136,64,166,127,166,165,166,83,104,123,120,101,107,93,79,81,81,83,111,154,133,136,136,155,104,123,121,129,137,136,123,114,118,125,116,111,126,128,132,107,114,139,131,141,136,140,134,138,106,127,116,50,72,55,62,66,61,62,44,65,82,58,139,137,137,137,138,136,136
59,65,57,54,58,37,57,45,45,45,60,27,32,24,43,51,48,52,50,44,41,42,38,40,55,56,98,45,66,79,78,71,66,60,70,88,87,87,86,91,111,109,158,159,153,160,163,160,157,158,161,164,153,160,156,159,162,102,105,110,100,52,68,54,58,61,75,59,54,36,61,109,58,56,60,62,65,121,122,123,120,155,153,163,160,143,106,148,153,127,158,95,105,98,80,82,82,79,82,117,52,77,76,118,118,110,81,129,36,64,56,100,142,73,111,90,132,92,126,89,131,75,65,126,129,81,74,130,75,80,117,135,72,167,128,115,117,163,109,74,84,111,97,84,98,114,109,88,88,161,110,82,172,143,159,116,116,117,133,110,27,15,100,79,93,119,124,137,127,127,128,118,125,125,123,127,122,119,115,99,89,156,63,60,120,75,86,62,58,82,74,76,62,138,136,135,134,127,126,139
16,38,53,70,34,36,62,48,49,45,57,53,40,45,43,43,45,41,46,57,43,50,26,46,56,41,115,43,84,100,94,88,129,155,157,156,157,157,165,158,163,159,162,159,160,158,162,156,159,105,104,114,105,66,62,53,61,55,58,43,41,37,76,55,56,58,57,61,58,29,59,105,54,59,51,60,68,124,82,82,117,101,160,165,160,166,155,151,151,132,157,92,99,95,92,75,67,80,92,73,87,77,78,119,125,109,90,127,76,61,80,130,139,135,127,132,135,135,134,83,138,94,60,119,135,117,43,130,88,79,120,134,83,166,129,166,166,163,96,77,83,83,84,84,84,87,88,87,171,169,167,138,100,94,88,98,101,129,86,92,104,93,80,78,61,134,136,56,131,64,50,128,37,40,128,52,42,115,133,133,136,134,81,67,67,81,67,84,88,94,50,53,57,140,137,137,136,125,130,128
17,28,33,32,43,38,58,50,39,39,52,32,30,40,41,46,47,40,42,51,41,29,52,25,39,50,115,45,119,160,108,153,154,148,164,162,159,161,162,153,156,104,93,88,91,82,56,65,64,59,42,46,53,50,67,58,66,51,58,51,45,44,71,53,56,57,59,58,52,33,63,100,54,54,49,63,78,120,119,121,118,157,159,163,161,107,124,152,152,132,157,140,153,91,79,75,59,64,93,73,75,59,70,103,118,108,126,132,50,66,77,116,147,77,83,86,136,90,100,92,140,75,54,133,125,97,88,131,80,85,117,110,52,111,132,125,112,163,78,77,81,100,149,83,99,107,80,86,116,137,121,119,120,119,120,120,121,119,137,69,150,164,75,77,55,133,137,72,129,74,57,125,62,88,126,130,137,122,135,134,134,137,68,67,58,58,91,59,80,95,79,43,57,136,127,127,132,132,130,128
22,38,31,19,29,45,60,40,40,36,39,50,47,45,39,41,38,44,35,37,42,50,35,53,60,47,104,43,97,154,165,145,158,91,96,93,97,90,60,104,68,61,52,61,63,64,50,60,71,66,52,48,48,56,65,61,64,52,52,69,47,40,70,48,62,57,58,50,53,50,61,93,54,59,53,163,136,121,84,76,118,100,158,164,162,167,154,152,154,132,158,92,82,66,56,56,54,54,71,73,44,53,71,82,122,112,111,132,82,65,89,115,142,141,129,139,137,134,132,105,143,88,77,137,128,125,51,136,83,108,131,131,129,129,128,150,164,162,59,71,81,102,151,81,173,162,154,129,129,140,132,133,135,132,129,131,129,126,144,149,71,160,71,110,136,134,138,130,121,135,138,124,135,135,126,134,128,112,134,132,131,152,44,54,69,52,60,68,106,94,68,117,65,140,140,135,130,128,129,132
42,40,46,43,29,55,57,46,41,44,37,45,46,31,34,47,41,47,46,30,22,27,25,43,50,43,94,43,65,109,161,109,134,132,61,59,92,55,55,112,61,58,58,63,62,50,51,63,69,67,52,46,41,55,64,60,70,43,53,83,47,38,63,47,55,48,62,42,47,97,166,89,134,161,162,158,151,121,119,120,118,156,161,163,160,128,72,154,121,128,158,86,78,43,82,83,37,54,70,56,50,56,55,138,119,117,83,137,140,110,96,129,149,49,98,98,141,104,99,109,148,111,87,140,121,125,86,138,79,116,136,131,134,132,132,152,160,164,121,132,142,147,118,143,136,141,133,153,130,142,135,122,130,129,131,132,133,130,149,112,158,153,136,141,134,135,134,131,124,108,94,127,57,69,124,113,73,69,134,133,130,131,64,58,63,59,64,88,72,86,72,73,111,136,140,136,137,132,125,125
49,30,35,41,34,37,70,31,36,35,30,31,38,41,44,42,50,42,40,37,45,35,41,50,54,48,74,42,65,162,115,79,89,139,59,64,108,53,52,116,58,55,62,77,72,55,51,61,73,67,50,47,41,55,58,62,67,50,45,97,47,34,56,134,163,121,96,163,163,162,159,156,162,162,158,129,126,119,73,92,116,106,159,164,161,167,155,152,81,128,156,95,86,83,51,90,84,88,52,44,50,47,46,71,122,111,147,145,142,142,140,140,137,139,124,140,139,137,132,109,143,95,82,144,131,149,27,141,50,104,134,130,134,131,131,148,159,167,153,142,159,158,151,159,117,103,115,118,121,128,120,142,142,134,131,168,130,131,150,125,158,148,154,138,100,130,136,42,125,45,70,123,76,59,112,121,46,70,132,131,132,133,46,51,50,45,113,95,121,93,99,102,93,138,139,136,136,132,136,138
59,24,22,19,18,29,65,26,29,26,26,37,19,46,40,36,42,39,41,38,42,43,43,49,56,57,48,40,106,154,82,71,76,138,63,64,115,56,55,116,60,63,58,65,48,49,49,44,70,65,46,45,36,49,48,57,64,90,141,104,97,162,164,163,161,162,156,156,161,151,95,108,94,67,66,93,142,126,101,100,71,158,161,162,157,82,61,156,96,143,155,98,78,92,48,81,60,68,43,52,45,46,63,164,144,146,108,151,108,106,109,144,151,107,106,131,144,87,87,92,140,137,141,142,142,153,142,140,136,138,135,134,135,135,133,127,139,118,129,149,153,139,137,145,137,123,130,144,124,145,143,140,137,143,128,135,139,140,137,155,145,136,131,118,118,121,135,109,99,79,91,120,117,119,117,117,117,83,67,73,91,107,77,92,75,51,79,96,103,104,92,93,109,135,136,136,139,128,130,129
60,28,32,22,39,34,65,32,26,24,31,33,37,35,27,38,38,42,34,32,47,30,42,31,50,38,38,38,161,111,80,68,74,132,67,68,114,59,55,102,62,66,62,66,47,45,43,45,61,53,37,79,137,159,94,134,162,163,164,164,158,157,158,159,154,101,105,83,62,69,51,30,57,57,68,125,136,129,62,36,82,72,161,149,143,130,118,76,141,145,154,75,94,94,81,68,76,75,108,52,60,65,88,126,154,129,124,121,117,116,160,156,125,129,173,172,125,133,113,130,137,45,62,61,81,128,90,152,83,91,50,19,41,132,143,123,145,148,145,141,135,129,140,140,116,140,135,136,143,149,135,153,137,133,128,135,144,146,131,114,87,98,108,141,125,166,126,129,135,136,137,154,98,89,77,139,137,53,60,86,58,99,120,110,104,78,92,86,88,97,132,91,88,134,136,133,132,131,130,133
58,36,37,28,17,26,58,17,27,20,28,24,14,31,26,24,26,33,23,23,43,53,65,64,85,80,56,81,155,77,80,63,65,130,59,63,116,52,43,74,45,55,64,48,44,67,93,91,99,96,162,159,162,161,162,161,162,157,159,90,92,90,59,54,45,32,49,48,52,89,58,33,54,53,67,118,135,87,73,86,69,88,133,131,138,140,142,149,146,147,156,74,74,76,58,82,94,84,89,57,55,69,115,139,126,33,59,125,109,139,137,134,102,145,149,119,124,125,124,120,122,107,63,83,40,70,167,174,174,169,82,62,137,145,167,153,153,149,125,128,133,129,120,132,113,106,53,100,107,99,90,116,119,117,115,106,135,148,141,141,139,140,141,127,172,169,132,106,88,130,171,162,72,58,72,113,64,51,55,85,56,133,116,100,81,70,91,83,98,63,101,99,61,132,132,135,132,128,128,125
59,22,31,46,28,22,54,20,24,20,28,9,18,45,57,54,49,49,56,57,49,44,111,116,113,109,101,86,139,78,79,57,58,123,51,52,99,39,44,73,120,163,118,110,157,162,164,151,162,156,160,155,157,158,91,154,159,61,48,80,43,61,53,41,44,32,49,40,51,114,55,43,48,51,57,102,127,74,79,89,131,137,141,140,144,146,149,150,151,151,156,90,95,93,90,66,64,87,87,83,58,70,125,135,90,120,70,108,111,155,75,47,131,149,67,58,154,150,146,141,144,98,70,51,57,49,76,96,113,94,120,102,164,134,142,136,120,130,139,151,123,120,103,113,124,41,38,2,20,2,2,2,3,91,12,71,155,118,142,141,142,141,141,129,172,173,143,138,128,172,116,167,100,77,55,49,52,54,58,75,95,107,139,100,109,95,90,88,77,56,50,105,53,133,132,132,134,131,130,127
57,20,38,37,38,44,55,54,51,51,56,59,50,52,45,102,113,113,113,110,109,107,107,108,106,104,102,87,97,76,72,48,105,123,85,105,92,116,153,159,161,160,164,161,152,159,157,153,160,95,122,96,95,69,78,61,70,61,64,73,50,77,56,16,42,9,45,29,69,127,55,38,44,46,63,132,121,148,140,144,142,144,145,146,145,147,133,160,58,151,157,74,65,89,58,69,89,84,94,96,72,56,110,132,95,39,54,106,109,157,131,81,152,152,126,72,158,152,114,68,169,163,144,142,55,63,65,81,115,118,139,119,143,138,137,134,132,130,132,116,135,123,136,130,134,131,137,152,153,152,133,137,128,109,81,136,152,132,149,148,146,143,138,126,171,173,130,124,171,117,172,137,70,74,100,89,107,78,52,97,138,115,126,116,98,93,94,88,73,58,59,102,72,132,134,136,138,128,128,131
55,47,49,48,49,53,49,40,88,116,112,112,108,103,105,101,104,111,106,111,107,109,108,111,108,102,102,57,136,78,102,110,153,158,154,157,160,159,162,162,163,162,161,133,100,104,89,123,65,55,51,52,110,60,63,71,71,51,49,39,46,105,54,38,49,28,41,25,53,139,51,45,92,94,90,152,142,147,151,147,140,143,121,162,135,166,155,157,35,129,154,75,82,57,92,92,89,65,67,88,97,88,99,127,89,52,74,104,106,158,69,129,150,153,82,133,151,150,94,145,143,141,173,149,47,67,105,98,112,156,120,113,126,136,140,129,131,127,162,147,143,148,151,155,147,162,146,144,149,146,132,132,148,124,148,135,166,79,78,80,115,139,142,129,165,173,125,174,136,172,110,170,117,84,60,89,85,86,80,65,113,102,90,56,95,91,90,118,124,74,48,100,102,128,128,131,134,127,125,126
48,69,112,115,109,109,101,107,110,111,104,106,107,106,106,102,102,109,107,106,107,114,63,62,66,70,92,44,158,140,145,162,161,150,158,157,155,164,115,102,95,91,78,52,51,61,76,115,61,54,58,45,109,49,55,74,70,33,58,21,48,113,54,37,41,16,48,56,115,107,102,159,159,155,152,160,141,150,142,130,111,153,160,158,139,87,112,158,77,129,155,71,87,84,95,76,85,79,99,62,97,73,107,158,104,93,134,96,88,158,95,76,153,155,76,96,148,147,93,171,146,139,167,154,79,74,130,122,113,117,116,115,115,110,108,103,153,147,145,144,146,147,145,130,146,144,142,145,152,118,110,112,120,113,108,107,129,137,137,132,163,93,140,129,161,173,173,108,173,113,172,121,128,71,63,48,81,82,61,84,97,132,86,118,59,108,114,17,66,47,55,82,86,135,132,126,132,130,129,129
95,110,105,109,105,105,101,110,109,111,104,107,106,100,111,118,56,56,102,69,70,47,35,33,38,35,110,42,140,142,140,160,134,105,112,99,45,46,44,42,74,56,44,51,60,58,72,99,47,48,46,45,104,44,54,74,51,43,44,13,34,122,44,60,109,125,149,148,163,149,162,163,159,97,112,55,150,119,85,53,111,159,158,160,132,162,154,156,85,130,154,68,75,97,88,98,100,83,73,62,71,79,77,85,91,78,105,98,127,100,96,94,99,105,63,101,95,150,141,140,141,139,124,138,135,79,88,81,84,81,76,141,85,98,72,77,78,116,125,116,111,113,113,112,111,116,102,107,136,149,139,144,146,147,145,144,141,137,141,138,158,120,146,132,157,173,109,172,113,172,119,172,148,106,104,90,77,112,69,79,89,84,95,141,95,86,101,96,86,40,78,89,101,131,130,130,128,124,123,125
93,112,109,111,100,107,99,99,104,117,52,58,56,46,67,43,44,37,36,24,15,9,25,24,29,20,115,41,46,75,159,57,49,30,36,39,13,41,40,45,61,54,55,49,51,60,63,78,43,69,49,48,91,49,59,75,103,49,44,82,151,85,158,162,161,160,158,147,162,96,109,60,58,54,81,84,127,121,135,72,116,157,157,156,126,90,135,159,74,133,154,77,99,107,84,72,63,62,66,69,64,73,84,86,78,85,72,102,118,99,91,101,95,103,76,94,88,148,152,47,63,91,141,141,141,139,138,140,139,114,114,123,78,78,86,82,85,85,85,87,86,92,97,90,114,84,84,76,73,64,95,110,107,103,108,94,146,138,135,134,167,138,142,131,154,173,172,116,170,127,173,118,156,79,92,85,89,98,73,77,148,84,93,4,86,91,91,93,76,112,86,99,126,94,109,78,92,124,86,89
96,100,101,111,57,84,50,52,62,46,44,38,21,27,24,24,33,20,21,29,24,19,20,17,27,20,117,43,50,57,113,38,39,34,34,40,32,40,43,49,51,51,48,47,42,60,49,66,44,58,47,69,74,51,54,95,94,92,162,164,162,157,161,151,159,95,105,100,42,79,82,74,69,65,55,56,78,120,80,78,116,160,159,159,114,166,167,168,97,135,158,50,59,56,65,62,68,67,45,106,75,58,84,97,65,94,42,65,61,88,77,90,57,86,149,136,135,147,76,54,36,68,2,2,2,2,2,6,89,122,84,80,78,77,83,91,94,92,93,98,86,99,114,110,120,81,87,90,81,79,81,80,84,86,101,76,147,142,138,139,168,38,146,129,152,173,119,171,120,172,123,172,157,55,65,83,89,96,77,83,106,92,95,89,81,84,96,106,68,78,88,93,85,81,56,83,63,87,82,88
53,57,51,48,71,75,83,76,57,47,33,48,27,26,26,18,15,12,14,13,14,2,2,2,5,15,115,37,51,129,65,42,38,36,44,40,25,41,46,52,50,46,41,46,49,59,77,46,63,55,72,88,153,102,165,163,160,163,157,162,159,90,105,87,56,72,51,101,68,68,48,42,55,55,56,47,144,142,77,92,120,168,166,164,139,89,80,110,69,135,158,103,99,51,32,46,52,44,61,84,91,63,77,77,89,86,39,64,83,56,111,146,168,132,138,142,133,138,125,108,99,95,90,86,61,29,26,96,146,81,80,81,80,82,96,87,87,104,86,80,79,123,146,111,102,81,83,86,78,84,84,86,88,82,77,65,130,145,140,140,167,138,141,129,154,173,168,140,171,140,172,126,156,99,84,68,50,74,93,84,145,95,78,83,81,125,85,47,73,29,54,79,77,69,74,82,91,92,58,57
55,58,58,99,44,29,85,78,56,42,37,55,21,13,24,19,20,8,10,22,8,16,2,16,19,3,116,38,58,164,59,41,58,36,55,63,61,43,40,48,55,57,46,50,40,56,75,100,108,101,164,165,164,161,162,156,155,98,108,48,52,84,80,96,67,93,46,106,48,60,59,56,51,57,57,63,86,132,75,71,137,164,169,165,144,163,117,80,71,135,157,97,79,79,36,55,32,32,57,74,56,78,68,79,58,91,96,80,101,167,141,139,139,133,99,102,101,100,96,98,98,95,91,92,102,121,146,88,86,88,87,91,82,87,92,92,83,82,80,112,119,100,97,96,92,96,94,141,128,141,132,63,67,100,98,129,160,134,138,138,166,51,145,131,153,168,170,167,128,171,148,173,165,81,73,82,86,71,70,97,90,87,85,81,83,87,40,133,154,147,67,82,70,67,72,67,79,81,83,74
57,59,62,69,68,71,89,83,45,41,37,63,15,20,13,15,20,2,2,30,8,2,2,2,14,3,116,35,48,150,54,38,34,40,41,45,32,37,67,56,57,47,88,139,87,143,159,160,165,165,163,156,153,105,114,51,65,106,43,37,40,56,44,108,53,101,40,108,52,59,60,53,57,70,86,93,142,131,82,86,142,166,161,164,165,127,59,70,65,130,154,99,79,81,46,54,36,15,60,35,62,73,106,168,142,131,134,127,134,134,116,104,100,98,97,97,98,97,90,91,116,110,107,104,141,134,83,84,84,82,84,80,93,95,84,89,100,119,130,147,125,93,92,92,98,112,115,141,143,134,137,138,135,98,165,117,123,129,130,137,166,138,140,134,152,173,145,171,171,159,173,119,150,84,36,50,62,76,75,92,88,77,87,80,91,89,80,86,129,125,75,56,49,56,53,65,77,66,63,83
59,58,58,42,63,67,86,71,104,72,73,57,50,33,13,12,20,2,2,67,8,2,2,2,2,2,114,32,109,101,52,45,45,46,48,49,40,52,109,159,91,166,165,163,165,163,163,161,165,94,101,81,74,78,46,55,71,101,44,38,40,46,57,111,53,120,48,110,46,51,63,106,105,164,161,141,58,80,101,135,153,164,163,108,113,113,71,114,130,140,156,93,95,64,80,22,68,76,55,56,39,34,135,136,133,131,135,130,126,134,74,82,91,89,86,88,88,85,149,115,128,136,137,136,100,104,114,115,115,112,110,106,105,93,83,108,123,145,95,93,93,98,93,92,94,96,130,168,144,143,130,136,138,124,152,126,123,138,135,135,167,104,117,112,154,173,173,144,156,165,77,171,159,76,55,44,112,69,75,81,80,87,165,66,45,94,138,96,150,59,56,69,54,79,50,64,52,81,83,33
58,58,60,33,48,30,77,51,74,90,48,78,47,44,15,2,2,2,2,64,8,14,2,2,2,2,113,27,150,80,56,52,49,89,92,90,86,166,169,164,165,163,158,161,160,102,98,82,57,52,51,50,39,47,42,51,84,97,44,50,40,40,63,103,50,126,56,85,156,96,164,163,160,162,155,104,75,95,46,63,94,68,106,126,144,143,129,86,148,137,157,66,90,74,57,36,49,60,42,32,85,67,48,109,138,137,138,136,136,122,137,139,138,131,134,137,127,129,125,124,85,102,101,114,79,122,134,128,123,113,110,135,131,132,130,122,109,92,98,99,92,94,96,132,134,138,119,168,141,142,138,136,130,90,139,119,110,127,136,135,167,160,152,128,154,173,85,173,169,158,173,163,162,76,63,45,117,63,54,82,85,86,157,81,87,92,148,94,79,41,55,50,49,46,64,57,51,72,48,46
59,59,60,63,56,54,80,46,48,48,52,78,46,46,15,2,3,2,2,31,8,15,2,2,2,16,112,7,147,88,85,114,122,169,168,164,161,164,164,161,161,89,100,61,53,56,55,41,48,48,57,50,47,43,46,53,91,91,36,40,41,21,47,99,93,99,146,156,162,159,164,154,101,55,58,84,122,109,62,33,81,89,117,133,131,143,144,151,143,142,156,72,101,95,41,61,30,50,74,15,17,72,99,77,60,73,140,80,32,24,22,145,8,108,140,140,138,138,137,127,135,136,137,138,134,135,129,131,136,118,81,162,87,150,91,90,87,92,98,99,101,106,104,125,102,165,52,121,134,138,138,138,133,117,128,117,122,115,136,135,166,161,143,141,152,173,173,97,171,161,87,167,163,85,83,63,88,60,63,76,84,125,83,90,97,99,100,91,101,66,53,42,48,49,49,57,53,55,77,50
63,47,62,49,46,41,50,49,51,54,54,78,59,22,15,2,2,2,2,17,2,36,7,45,79,102,104,93,109,136,97,166,161,166,163,160,161,91,128,65,74,55,60,46,44,52,57,54,55,43,41,44,49,49,42,53,102,78,37,42,38,148,99,162,161,161,163,155,120,105,51,56,59,64,32,79,124,95,97,83,86,74,129,139,139,142,152,147,148,145,157,73,87,98,49,52,25,68,78,45,9,57,132,134,93,83,138,69,63,60,50,140,54,5,13,2,141,2,28,25,5,56,68,138,137,137,140,140,120,137,135,140,130,130,131,132,133,127,140,109,97,87,109,168,124,162,86,108,137,138,137,138,136,154,123,123,158,98,129,132,166,166,141,126,147,173,87,173,159,158,173,166,128,95,114,61,143,61,70,71,130,135,83,99,90,119,86,126,95,85,96,97,101,74,55,50,44,45,52,51
41,45,52,50,47,43,55,53,48,60,5,84,42,16,13,23,2,2,12,45,102,87,60,51,116,100,116,121,125,136,161,154,148,92,101,57,58,52,52,50,52,57,70,67,37,43,47,35,40,34,41,46,50,56,25,49,104,89,91,89,164,160,161,158,160,101,104,84,67,57,66,60,43,59,7,62,98,91,93,79,121,143,141,142,145,148,155,146,39,147,156,38,84,72,9,36,14,2,25,27,61,81,66,70,78,61,126,138,135,139,138,130,136,86,84,67,157,58,55,52,45,92,69,76,69,62,155,65,70,77,77,133,116,135,136,136,136,133,123,133,133,135,166,168,117,167,125,130,137,137,138,137,136,144,122,159,85,91,132,133,167,169,136,140,140,173,171,89,172,167,115,131,135,80,116,119,73,74,55,96,147,83,89,88,91,96,92,65,62,63,52,82,77,93,79,58,55,60,47,27
42,45,47,47,43,42,55,59,50,7,27,90,46,16,42,51,49,121,50,48,110,96,108,103,107,101,116,120,91,80,161,66,57,36,37,49,52,56,40,45,40,46,52,41,43,42,71,40,41,28,43,49,52,53,128,134,148,160,159,159,159,159,111,102,61,74,61,75,63,63,52,60,42,5,16,58,150,111,137,136,147,148,145,148,151,85,77,83,101,114,149,49,75,73,94,102,98,102,86,64,25,60,150,73,63,61,139,20,27,21,16,133,2,11,5,28,133,135,130,133,131,133,103,81,71,59,157,59,57,55,84,132,36,27,2,11,136,20,36,46,114,117,149,116,127,168,30,116,135,137,137,136,136,162,139,114,107,133,132,131,166,166,142,125,133,172,95,173,136,151,173,164,102,137,124,69,75,72,76,96,104,84,84,93,99,98,95,60,90,71,35,85,61,61,62,54,74,77,106,66
47,46,42,42,53,29,52,58,37,15,50,86,44,53,50,78,111,112,109,106,105,97,106,106,107,103,116,49,87,54,100,50,51,52,38,43,40,38,46,45,32,41,57,41,68,47,48,54,51,37,61,161,89,163,159,162,159,159,159,106,98,45,56,54,68,54,57,58,63,57,39,34,32,26,4,55,159,146,146,142,151,147,127,102,107,102,76,68,32,128,156,99,108,82,70,42,59,59,72,94,75,74,134,136,134,133,128,86,83,74,54,131,57,55,53,26,161,2,30,2,6,117,4,5,79,141,138,136,137,135,115,133,82,80,68,59,134,62,67,56,119,130,149,119,123,162,129,126,130,131,138,137,137,163,124,118,22,95,129,133,168,168,136,139,133,172,170,85,173,170,142,164,120,71,89,61,74,77,78,121,121,89,83,72,97,72,60,55,94,88,98,82,90,103,47,67,87,56,65,77
49,46,30,44,49,40,46,53,101,44,42,105,108,111,109,106,104,106,107,103,103,106,106,111,63,37,110,75,87,73,69,57,47,46,35,27,41,43,37,35,35,49,63,46,77,47,61,103,164,92,159,159,163,157,162,153,105,69,57,55,56,51,58,49,54,53,23,48,39,22,39,25,29,136,106,160,158,151,147,145,76,86,116,106,118,103,96,104,129,133,157,82,66,70,101,81,57,39,50,49,64,57,95,103,82,48,135,36,22,123,139,136,139,138,130,62,161,73,60,57,46,151,52,47,9,9,154,2,2,2,8,135,5,76,135,133,133,132,136,117,95,123,162,165,123,152,160,118,135,129,132,136,134,167,121,108,128,156,124,131,167,168,141,121,132,173,165,171,102,145,169,156,148,140,68,76,79,78,84,111,131,127,80,89,89,58,54,35,62,82,79,69,87,81,91,39,71,67,72,75
20,44,79,113,96,53,30,111,108,107,108,99,106,108,105,103,105,102,100,108,84,51,79,63,40,39,118,75,86,143,64,55,52,38,53,32,40,43,42,42,42,55,62,52,100,94,154,158,161,162,159,156,119,102,63,52,112,43,61,59,57,67,48,51,38,22,20,8,35,37,90,96,160,164,162,161,157,127,123,122,74,71,92,106,16,103,102,100,136,138,157,74,55,41,69,56,64,57,54,44,45,48,156,70,72,69,137,59,57,15,21,126,2,2,2,2,134,28,135,134,136,140,135,104,88,89,153,69,64,59,49,134,38,45,2,2,134,19,32,44,116,117,165,107,126,149,7,119,135,135,127,135,134,168,109,120,154,96,130,131,167,169,134,146,135,172,157,93,172,111,167,151,148,149,86,85,84,80,103,137,137,123,105,73,64,55,62,55,43,69,51,73,58,80,84,87,111,119,23,16
42,45,92,112,104,102,102,100,104,106,103,98,101,107,98,102,74,61,80,73,55,57,57,50,53,28,116,65,86,160,59,54,43,39,49,63,56,60,42,63,112,143,88,159,146,159,158,164,162,93,114,49,52,60,78,75,113,62,40,44,25,40,28,36,38,20,22,14,148,153,163,161,156,164,112,48,156,107,83,85,71,98,75,168,90,104,96,74,93,137,157,38,37,52,49,49,59,50,38,58,40,25,39,64,134,135,136,135,127,86,80,129,64,57,53,46,162,24,31,2,5,152,2,4,4,42,137,142,137,132,137,130,110,85,81,70,126,64,65,107,51,118,167,115,126,136,114,168,135,134,134,130,130,168,119,137,33,97,128,132,168,168,124,142,133,172,171,169,99,112,160,150,149,87,84,129,90,84,124,148,125,111,124,112,45,34,75,71,59,48,66,80,52,77,67,68,74,115,121,119
108,106,104,102,97,103,101,97,99,101,98,96,66,67,91,55,45,33,30,45,61,70,36,35,35,15,116,73,82,132,61,55,50,50,45,49,42,131,99,149,164,162,154,160,150,158,94,129,54,48,51,60,57,75,89,76,123,45,5,5,6,3,10,38,7,97,126,160,161,159,161,107,64,54,44,53,75,71,61,73,94,114,75,83,96,96,104,94,44,136,158,15,48,41,35,56,33,55,9,50,46,20,130,64,40,60,135,34,27,2,6,132,139,135,136,138,143,115,88,76,54,158,52,90,63,26,142,2,2,2,2,134,14,7,99,135,136,134,135,128,71,111,167,164,123,122,44,101,133,135,133,134,128,168,133,113,131,151,131,132,169,165,135,121,137,172,99,153,171,157,153,150,143,92,87,86,83,96,124,150,130,129,132,131,128,53,43,77,83,66,89,98,87,104,79,72,61,102,108,106
98,99,102,101,96,102,95,98,60,45,47,79,25,58,24,35,67,23,9,70,47,73,34,25,21,15,115,74,65,92,64,56,47,81,157,90,165,160,159,163,166,160,134,96,125,63,58,50,55,50,67,52,62,75,134,61,133,9,42,42,2,4,112,136,163,157,152,158,117,113,54,52,51,45,31,46,62,104,147,93,62,60,86,90,102,100,93,58,61,142,159,40,33,45,16,35,30,9,43,30,17,8,139,122,92,85,133,70,61,64,55,131,2,2,2,6,152,2,11,102,135,136,134,134,122,97,140,78,75,76,55,135,54,36,2,16,104,24,36,47,116,116,169,123,133,109,45,105,137,133,128,132,129,168,119,117,11,104,124,132,167,166,136,138,136,172,171,153,141,154,152,130,99,92,84,86,83,103,139,133,141,131,112,102,59,49,46,27,84,96,87,86,111,91,98,102,115,91,111,82
100,100,98,96,60,58,44,57,22,34,26,40,20,67,28,13,66,18,29,40,15,78,29,46,31,10,113,91,126,91,78,106,114,158,159,160,163,159,160,104,152,42,50,56,108,55,65,54,55,6,59,31,31,6,110,66,147,37,51,105,125,164,162,162,158,162,99,48,41,44,47,40,42,45,30,45,152,149,92,76,82,87,79,87,55,77,58,60,57,134,157,15,13,22,52,39,38,22,38,23,10,50,82,41,73,71,127,136,136,139,108,135,79,77,65,53,155,55,56,2,18,157,2,2,2,5,137,122,139,134,133,130,133,98,86,79,88,70,69,121,98,62,165,135,121,119,131,167,133,134,129,132,131,167,124,112,130,161,135,130,167,166,122,128,139,170,101,83,137,141,108,119,83,112,83,83,85,123,140,119,108,110,106,100,61,35,88,95,91,83,89,95,85,86,92,64,86,81,81,61
64,47,53,54,48,5,53,43,32,33,19,19,3,39,23,28,71,11,24,18,19,88,31,19,28,32,116,151,164,121,101,159,152,156,161,158,100,104,57,21,59,52,53,68,98,60,54,53,2,15,15,30,15,33,109,75,152,146,165,161,159,157,159,120,77,45,41,48,47,34,39,45,71,48,53,46,69,99,71,85,100,49,48,38,58,48,43,59,96,123,152,12,43,23,9,47,48,9,17,48,30,37,150,70,69,63,131,28,24,21,14,134,7,96,138,136,136,134,118,88,74,157,64,59,61,53,131,2,2,2,2,133,6,6,13,121,135,131,133,134,135,76,161,156,98,122,10,62,132,134,127,131,132,167,131,118,136,119,134,132,166,165,134,138,134,171,171,125,140,95,105,113,98,87,87,83,91,105,124,99,101,105,93,96,97,87,88,75,67,57,78,77,67,98,106,49,44,79,76,53
35,52,40,46,51,13,43,42,29,31,34,22,30,37,18,5,68,20,13,2,2,81,2,30,17,28,116,149,156,113,159,156,152,99,111,49,31,43,62,2,53,54,66,44,82,54,6,3,18,13,2,23,32,72,88,148,164,162,155,158,107,119,56,49,46,45,43,65,50,10,46,47,45,48,47,90,79,78,74,53,62,19,31,20,48,25,120,86,128,119,150,31,26,13,24,22,47,30,31,11,10,9,134,133,135,105,131,84,80,70,57,133,56,14,2,2,147,2,25,4,49,137,133,135,145,128,130,90,93,79,63,133,60,58,35,2,28,32,35,49,123,122,163,127,133,108,129,123,131,133,131,135,133,168,109,128,116,117,134,132,161,163,140,134,136,169,111,145,138,91,134,96,90,103,86,87,83,103,103,92,87,115,119,52,68,59,74,71,87,90,87,51,75,74,83,99,83,44,75,63
12,19,36,48,47,10,38,41,47,42,47,40,36,31,16,2,65,16,16,2,2,92,7,2,25,14,120,55,113,82,152,76,53,43,42,41,35,40,76,2,63,12,21,35,77,2,20,16,22,43,36,98,109,164,159,154,167,158,99,57,54,52,59,50,55,52,48,48,77,50,48,50,73,151,151,152,110,140,101,89,78,96,125,121,123,126,72,145,147,118,154,6,25,8,30,47,33,2,7,29,14,29,105,68,52,57,123,31,135,137,134,132,132,97,84,67,145,59,50,50,30,146,2,2,2,2,134,9,121,137,132,132,134,126,85,80,64,73,74,119,114,56,151,133,115,116,130,78,136,127,132,134,134,166,118,121,132,130,130,133,156,163,170,142,137,93,135,133,114,106,103,98,90,87,85,82,98,108,101,99,90,81,68,50,99,64,83,92,78,68,52,59,59,74,72,100,70,98,59,70
27,25,36,52,55,9,61,31,35,35,48,18,34,20,15,11,72,2,2,2,2,76,2,2,5,6,120,85,81,74,99,49,40,42,41,41,37,40,70,7,49,29,18,3,65,18,45,20,97,105,164,160,164,161,155,97,163,64,43,47,47,54,59,47,70,58,43,52,49,40,87,121,154,157,154,115,107,103,97,87,59,63,129,126,124,142,141,146,149,127,157,2,43,15,34,21,46,2,37,6,30,39,151,69,69,63,122,58,26,30,17,134,2,5,5,113,135,132,136,133,91,145,70,108,63,55,134,50,2,2,2,135,2,22,5,47,131,135,132,130,129,68,139,139,123,114,8,74,135,132,126,135,133,168,94,115,31,114,131,123,144,166,146,92,102,142,146,156,123,133,100,90,81,87,79,102,106,121,100,159,86,90,63,59,78,68,60,61,99,68,72,86,75,91,95,48,40,92,41,71
14,18,53,53,55,25,38,33,44,73,11,3,35,5,17,2,74,26,2,2,2,74,18,6,35,64,101,115,85,76,100,47,45,41,41,36,34,35,72,55,35,16,16,29,53,150,101,163,164,151,159,151,98,108,57,57,162,70,43,49,49,54,64,55,81,66,70,55,161,159,147,149,153,101,91,69,104,103,103,86,82,61,116,144,143,141,149,148,143,125,155,39,38,2,37,2,2,2,5,43,49,43,38,128,134,130,134,131,90,82,70,129,64,55,47,2,128,2,42,5,12,136,130,138,135,138,139,112,91,82,67,133,58,54,53,21,12,14,17,35,48,120,133,128,125,113,124,129,138,134,134,125,133,166,118,156,128,161,132,134,138,167,69,75,124,158,141,130,79,137,115,78,163,98,149,72,130,144,130,96,121,89,84,67,58,60,56,47,76,47,51,86,103,71,73,42,78,57,46,42
25,40,37,53,53,29,66,73,37,31,14,2,55,16,2,2,71,2,2,2,2,60,76,110,54,46,90,120,116,95,92,47,40,38,37,37,34,34,41,22,15,18,93,92,156,161,160,160,161,132,118,63,65,57,47,44,162,51,43,39,43,48,65,52,74,98,110,159,153,156,153,105,65,52,99,74,93,92,85,82,88,139,137,144,147,148,144,62,47,131,153,2,77,2,23,7,48,47,53,17,63,56,131,62,42,35,122,32,15,72,134,137,136,137,113,79,128,62,57,54,42,134,2,2,2,2,133,3,4,115,134,130,136,130,107,85,68,73,76,119,117,85,123,131,125,121,135,49,131,134,135,131,129,167,131,37,136,61,131,135,131,165,70,76,67,145,82,92,91,89,100,92,91,81,88,74,84,106,136,137,124,97,81,80,68,62,59,50,53,44,69,58,80,57,44,83,88,70,41,50
3,41,38,49,38,53,31,29,41,37,11,20,48,2,16,18,61,2,11,104,107,49,71,108,112,98,90,96,104,164,83,43,36,32,25,31,31,37,17,85,96,155,157,152,156,161,162,99,61,113,68,48,58,44,45,45,162,42,41,39,42,57,61,84,138,161,146,154,124,90,70,58,71,75,118,76,84,89,110,127,137,147,145,143,140,22,20,18,47,128,155,22,2,2,16,20,56,63,70,38,18,34,130,106,86,74,121,63,56,34,8,131,2,2,7,6,127,136,133,135,128,136,88,86,81,69,135,65,49,2,2,129,2,41,6,16,91,133,129,130,127,101,124,136,122,131,35,83,134,135,136,133,128,169,119,136,59,166,134,135,129,165,150,92,121,122,163,96,92,91,97,91,95,91,87,89,90,80,80,82,96,88,85,70,114,110,48,51,51,69,63,48,93,87,58,97,48,95,37,49
32,48,44,60,57,66,58,37,35,54,22,24,37,16,2,39,66,115,55,98,115,108,109,85,110,92,26,51,92,159,84,41,33,32,34,35,108,97,150,159,160,156,155,159,107,107,65,55,57,117,50,45,48,59,44,46,161,40,47,42,81,139,163,157,153,155,103,68,74,73,75,76,76,76,122,76,149,142,146,142,150,150,142,35,38,43,37,7,46,129,154,2,2,2,2,39,55,58,71,89,29,70,67,30,73,130,134,132,133,85,77,131,66,55,50,42,125,2,16,2,5,135,6,132,144,142,141,138,106,91,78,120,63,57,56,49,19,7,30,42,109,62,123,124,130,112,132,171,132,133,135,133,132,166,114,57,165,167,139,129,127,152,90,149,112,88,96,90,86,151,79,88,84,89,84,86,81,72,82,86,93,82,86,77,63,72,34,59,64,65,43,59,48,51,71,82,86,75,79,52
44,32,44,59,56,85,40,39,32,47,27,33,42,113,108,43,110,118,113,108,110,106,112,107,106,101,29,42,85,110,82,41,33,94,116,120,160,160,156,161,157,93,103,52,54,54,55,45,53,118,46,42,47,44,35,47,163,45,91,101,150,153,155,157,110,52,66,78,79,81,80,75,69,73,116,84,149,143,146,146,144,62,15,17,39,8,2,2,56,137,153,8,19,31,30,53,56,55,51,17,40,21,145,72,66,28,125,17,7,2,4,120,132,131,133,132,129,79,70,61,48,129,61,3,16,6,136,2,6,8,122,136,131,133,135,88,72,67,72,118,119,104,119,136,117,120,157,147,128,132,133,133,132,169,148,115,166,166,136,133,120,100,107,139,116,62,83,89,133,153,111,86,128,156,84,83,158,102,79,77,89,83,81,73,81,17,47,58,74,76,89,69,76,64,51,9,12,48,27,43
12,31,23,59,58,93,11,8,7,42,44,53,44,114,116,114,106,111,110,108,110,104,63,46,61,107,34,42,101,81,77,87,79,160,161,164,162,158,123,86,56,89,37,44,45,49,55,48,56,102,45,38,46,39,30,62,158,165,158,154,153,140,107,76,76,76,83,83,81,75,78,75,69,43,110,157,155,137,143,48,47,30,45,57,32,2,5,18,78,141,157,41,53,48,56,67,61,82,70,11,6,9,135,128,128,88,123,70,67,63,57,133,2,2,2,6,134,19,133,134,135,133,118,85,78,66,139,65,58,38,6,119,2,37,8,8,28,130,134,132,124,123,124,125,120,154,121,163,128,130,133,132,133,166,62,166,166,164,94,113,63,58,118,129,131,124,68,107,96,94,88,78,82,79,88,82,75,76,95,144,84,77,141,55,4,68,63,47,69,58,49,44,54,78,51,74,117,45,30,26
23,24,21,56,50,91,41,45,54,44,115,114,114,109,106,108,104,110,107,64,50,61,30,24,15,108,35,104,103,134,153,164,165,164,160,157,110,96,40,37,38,98,45,38,47,48,45,44,54,95,48,22,41,141,101,163,164,158,154,97,65,77,80,81,82,84,71,77,75,76,55,47,138,160,149,152,154,121,65,48,26,22,4,27,38,47,45,48,76,140,156,55,53,47,62,81,76,25,79,8,43,55,141,46,58,5,89,137,130,131,129,132,88,80,68,51,126,46,2,7,5,130,9,13,132,140,143,137,136,89,81,111,64,53,52,49,27,17,6,42,109,100,126,125,126,105,131,168,128,125,132,132,134,168,167,166,165,144,107,98,55,159,134,128,129,120,91,87,77,131,86,80,133,92,88,79,85,85,86,87,67,80,95,76,87,85,75,70,55,49,45,49,75,65,77,86,29,22,8,28
21,8,47,42,44,50,48,114,112,112,108,105,112,106,107,104,60,49,64,20,37,35,50,37,40,109,37,95,159,121,154,161,157,92,98,38,72,56,11,28,34,100,41,39,42,47,39,45,57,93,50,145,140,162,162,158,153,147,78,57,72,79,80,75,75,90,73,73,66,35,142,160,156,161,120,79,120,124,105,60,62,47,44,50,56,62,67,62,80,141,155,71,59,66,92,51,16,9,48,91,91,35,166,41,10,37,78,42,37,30,26,132,30,130,133,132,132,122,86,81,58,128,57,54,3,2,139,2,2,7,19,131,133,131,131,119,71,69,78,121,114,108,122,126,111,167,82,138,135,130,130,132,133,160,168,164,125,141,92,33,124,89,130,133,132,66,84,94,83,59,75,77,112,90,84,132,83,87,112,88,83,88,89,87,89,98,66,58,59,54,54,24,60,70,54,43,49,23,27,36
40,45,43,93,110,108,107,110,110,107,106,102,105,63,46,54,27,24,24,32,26,10,31,38,37,110,28,68,163,81,100,108,32,25,32,3,21,39,11,26,24,102,44,42,36,45,43,38,87,98,167,163,154,160,105,101,155,53,73,79,76,75,76,72,72,51,48,46,161,158,161,158,134,65,86,51,97,117,78,97,71,78,65,66,62,76,73,66,72,135,155,52,78,61,6,15,32,25,29,71,43,40,103,129,127,76,69,48,39,30,2,134,77,3,2,2,126,2,15,130,134,136,135,117,90,85,138,75,69,60,43,81,2,2,2,2,2,77,130,130,124,131,126,85,151,167,61,162,138,130,135,131,133,153,157,165,150,124,75,43,145,88,152,150,149,80,79,74,84,20,58,56,90,89,81,82,83,82,79,77,87,83,91,95,92,88,88,55,66,68,81,39,52,35,79,48,78,51,19,26
101,116,108,109,108,104,107,107,107,105,64,48,54,44,20,14,8,24,19,39,18,17,28,41,21,110,24,46,141,73,112,46,15,34,10,16,26,35,12,28,52,100,37,37,40,35,151,116,166,160,160,162,93,69,58,56,150,49,52,47,64,72,74,48,41,38,156,151,158,158,126,62,29,43,84,54,93,80,70,93,108,86,66,77,69,70,52,52,81,130,149,67,14,14,3,15,26,47,53,63,70,46,74,132,129,84,128,132,129,134,130,133,129,131,131,130,132,130,121,24,12,131,14,6,7,127,137,135,138,132,84,82,76,69,65,61,50,44,28,41,116,117,124,147,165,166,166,155,135,124,123,101,130,160,123,138,136,133,131,152,149,54,147,148,84,78,79,78,82,68,69,133,89,87,74,84,83,84,85,78,89,138,92,92,92,81,52,59,42,82,51,12,47,62,40,70,46,42,36,22
110,107,106,109,107,95,110,57,46,50,39,48,61,38,2,8,13,20,2,27,25,16,33,27,22,111,31,48,77,75,109,41,21,20,28,3,27,42,13,28,49,101,37,86,91,167,166,164,163,162,130,42,63,48,57,53,144,46,56,35,27,49,54,60,123,157,163,152,99,66,49,68,71,71,95,69,83,86,76,111,99,102,92,90,63,62,54,133,125,126,156,5,15,3,3,24,25,65,45,51,81,74,75,76,70,74,51,116,133,130,130,134,132,132,132,132,120,137,135,136,132,135,132,129,139,34,136,9,2,2,3,43,133,129,130,135,87,86,82,129,128,76,125,166,164,163,164,152,132,126,112,75,154,156,157,155,168,147,149,136,149,139,141,148,80,79,78,82,81,76,74,92,86,88,80,73,80,67,84,78,131,142,93,87,83,73,76,67,67,70,64,36,43,41,35,30,41,24,25,42
103,106,104,110,60,54,53,51,58,50,24,21,62,20,16,11,8,20,2,15,33,35,12,23,6,110,37,72,80,89,91,35,3,6,33,2,34,38,19,23,36,86,87,160,162,158,161,103,125,56,42,60,64,49,68,53,131,45,30,60,60,80,92,160,156,163,95,61,49,59,60,48,46,77,88,74,112,86,99,87,63,113,137,140,121,119,128,77,133,127,158,15,3,17,25,40,29,73,17,22,41,49,99,63,80,74,73,29,31,26,25,132,7,120,135,131,128,12,131,136,132,135,134,136,138,139,136,132,131,126,143,62,23,2,2,2,8,34,129,128,128,129,119,168,161,164,163,110,126,104,84,70,147,131,137,131,133,132,152,117,117,107,131,79,84,79,79,82,77,77,134,87,85,80,77,78,82,81,167,172,72,122,92,67,131,73,80,71,50,69,62,83,64,65,54,56,48,51,48,42
107,53,43,45,53,22,43,58,48,45,23,16,66,6,2,8,2,6,2,2,2,12,12,19,2,111,35,109,86,160,60,35,9,2,30,13,33,47,80,82,163,153,164,160,163,104,69,48,52,55,51,41,52,46,51,48,130,56,55,126,102,159,161,160,93,50,51,53,54,59,56,50,20,43,75,88,112,114,115,57,74,133,136,137,132,132,147,147,145,129,160,34,77,72,28,57,83,69,46,32,49,81,72,54,65,69,117,126,118,60,28,132,33,35,36,28,129,48,43,5,2,134,7,11,137,139,139,133,133,132,127,137,130,132,130,122,138,85,40,12,5,2,126,166,159,147,135,122,123,122,128,121,119,91,95,98,95,90,72,101,97,106,75,83,81,78,78,80,78,77,81,91,90,161,77,78,81,80,174,121,155,85,93,95,64,125,42,109,89,99,125,97,129,122,69,82,70,57,48,118
46,36,23,57,50,45,42,8,54,37,10,22,46,3,16,4,2,2,13,16,2,14,16,33,8,112,30,119,84,161,62,37,20,2,39,18,145,89,155,163,160,153,155,132,41,44,49,48,55,64,46,35,48,48,51,44,111,161,99,159,161,159,90,59,57,56,55,51,47,54,50,44,46,74,98,160,118,113,98,89,82,96,140,132,128,141,150,151,144,131,159,55,67,75,76,58,49,54,24,26,48,53,62,45,82,70,52,95,108,89,97,133,130,128,136,53,130,135,135,133,121,75,123,24,69,57,139,19,3,7,130,135,128,129,130,133,124,128,130,127,129,126,107,164,158,116,93,105,102,124,92,110,97,103,96,95,92,91,166,118,119,118,79,83,79,79,73,78,77,150,91,90,88,77,77,83,83,79,24,167,94,94,92,94,95,55,58,93,89,38,101,76,126,130,122,131,112,74,59,102
42,49,13,50,27,24,33,9,43,42,12,27,42,2,3,5,2,2,2,2,22,16,16,29,19,111,38,126,73,115,51,38,31,68,136,148,158,159,150,157,86,115,92,84,54,50,51,50,45,50,56,39,48,51,68,166,108,162,161,159,91,55,58,62,60,52,47,46,40,50,45,40,103,160,155,155,110,103,83,92,88,76,53,129,144,151,150,153,122,130,153,58,59,65,59,41,27,34,22,52,58,33,49,90,80,58,78,68,63,48,81,122,131,127,121,130,129,132,127,120,115,51,89,117,110,80,100,53,92,32,24,9,2,2,3,9,130,125,128,127,110,110,102,105,96,102,105,117,129,111,91,80,89,81,87,96,84,139,111,103,98,73,76,94,77,73,76,76,76,152,87,90,80,73,73,71,130,139,105,98,96,97,87,89,102,82,102,107,106,101,102,77,56,89,147,149,148,150,145,114
35,45,39,58,19,37,13,11,34,27,34,34,35,2,16,5,2,2,2,24,2,15,2,33,41,109,89,80,90,66,42,86,82,160,162,161,151,157,95,49,15,116,88,70,50,57,52,34,49,43,43,53,59,163,152,160,122,162,97,51,48,49,61,63,67,45,48,45,45,43,95,163,154,157,97,50,104,74,87,88,86,112,131,144,145,152,48,51,56,131,158,58,31,28,52,47,16,34,21,19,29,61,45,59,68,43,50,88,41,78,75,59,78,13,56,9,127,16,26,53,61,43,98,55,56,120,115,130,118,135,129,128,130,121,144,33,18,128,3,3,7,5,96,77,88,108,104,129,110,109,129,90,100,112,88,92,58,159,117,120,116,80,78,76,76,74,76,77,71,86,88,85,67,73,78,80,64,75,75,158,117,105,97,110,114,110,119,110,103,105,102,105,97,85,131,114,154,151,149,122
42,33,13,51,20,37,17,16,34,35,3,15,42,2,2,2,2,2,2,27,9,54,47,49,102,110,90,119,150,122,116,160,144,158,156,133,102,49,58,29,38,104,74,57,56,50,46,50,48,27,41,81,161,157,164,156,75,64,50,61,50,62,56,53,52,40,42,41,92,162,161,153,132,46,75,59,92,84,93,103,132,142,149,150,140,69,73,57,64,136,159,40,22,21,42,36,29,50,27,19,16,61,55,88,42,76,73,72,46,62,66,67,74,80,79,135,137,68,49,32,28,58,55,53,53,75,104,108,124,126,128,127,128,127,127,113,113,106,110,103,104,8,76,106,121,105,107,132,124,100,101,86,88,101,90,98,120,122,111,150,79,78,73,75,75,73,74,78,63,87,93,84,85,90,84,92,74,66,107,145,132,105,92,102,99,101,127,103,102,88,97,107,109,120,138,157,157,154,159,123
24,24,20,48,4,30,13,23,55,2,3,2,61,2,2,2,2,2,43,106,52,86,108,100,101,110,104,86,92,125,154,156,143,96,98,33,42,33,68,35,29,85,55,58,56,47,27,49,41,85,162,161,157,155,98,55,78,49,43,55,49,49,56,53,57,46,88,154,156,158,84,53,46,51,62,65,89,75,119,133,138,148,147,95,60,78,118,117,79,140,158,77,90,96,66,75,64,65,60,59,41,30,51,67,79,73,39,78,50,49,79,66,76,81,64,81,90,60,62,86,66,50,54,40,22,64,100,90,92,8,35,55,123,114,113,115,112,103,109,102,104,91,79,113,104,102,115,100,116,84,88,90,96,98,122,117,57,119,125,154,76,75,74,75,81,74,73,75,78,90,86,75,74,73,78,72,145,73,104,132,115,91,99,104,95,92,91,107,103,115,80,131,82,147,147,162,149,137,142,124
37,13,9,49,16,29,6,53,11,2,8,13,51,5,2,3,46,87,52,111,109,112,110,102,101,108,51,71,153,107,148,97,55,41,37,20,55,49,78,38,34,75,63,55,46,41,67,131,162,162,159,158,98,66,56,56,77,51,41,46,58,55,55,49,88,160,153,152,127,52,70,53,69,65,65,65,146,127,141,148,142,116,77,93,87,75,118,113,95,144,160,109,90,92,71,70,74,71,58,56,62,54,19,81,81,9,18,70,41,47,54,64,59,57,58,80,67,45,69,72,84,85,67,53,39,42,78,122,83,23,74,95,9,21,68,14,21,85,111,106,111,68,97,119,107,113,105,113,117,89,83,81,95,106,97,164,170,147,143,77,76,75,74,76,75,74,74,149,78,79,82,81,83,85,81,70,71,71,58,107,112,107,106,84,74,107,107,96,121,101,112,133,85,153,150,135,152,160,157,153
11,5,9,52,51,54,61,28,9,3,3,34,38,41,81,50,99,111,108,106,106,105,104,108,57,102,55,64,166,75,60,38,54,45,42,42,51,48,92,43,43,53,61,46,80,97,161,162,158,152,100,46,65,61,54,45,74,40,22,54,57,44,84,130,148,155,159,89,68,77,81,70,66,71,66,66,151,137,144,147,91,78,92,83,99,86,86,110,96,144,159,76,92,61,93,112,93,88,85,101,68,65,51,78,77,13,12,17,14,79,13,65,36,28,52,46,58,65,18,59,30,96,87,59,72,57,73,117,108,104,57,51,50,76,37,8,2,100,2,121,67,102,96,112,109,114,104,85,81,75,86,93,98,106,155,115,25,124,119,75,77,74,76,127,75,75,76,97,78,78,75,81,81,80,76,89,78,112,156,113,113,97,109,108,85,121,97,108,123,94,76,139,85,155,133,121,95,108,126,97
13,32,41,59,21,43,32,32,11,16,16,59,119,50,99,103,108,106,107,109,102,98,48,64,7,114,54,63,142,70,53,48,71,46,43,67,40,42,95,46,44,66,86,84,163,163,162,157,98,61,55,39,51,59,44,49,77,35,17,51,91,93,160,154,153,150,61,56,61,70,59,61,60,67,84,91,152,140,90,74,69,68,35,52,100,53,86,95,83,143,157,44,83,61,93,103,84,98,88,89,90,82,10,43,55,83,54,96,60,6,52,62,46,41,42,49,35,27,56,48,94,60,79,76,78,64,54,59,54,66,45,34,80,49,58,95,109,106,119,75,72,93,103,108,111,82,90,135,86,85,94,96,96,68,153,137,32,152,72,75,72,72,69,74,73,74,148,76,79,78,134,76,80,80,114,72,65,76,124,122,103,95,113,119,78,121,90,112,108,109,112,129,91,126,48,86,88,83,136,94
14,45,40,61,18,44,29,27,46,44,52,108,108,109,102,104,110,107,112,76,59,54,30,35,19,113,48,71,71,78,49,42,93,38,43,76,39,41,108,40,162,77,157,160,155,159,104,62,59,55,44,40,54,50,46,39,80,41,90,88,164,157,153,133,54,59,62,64,59,42,40,61,53,156,157,160,146,77,100,63,80,83,65,82,61,59,72,75,87,144,157,84,25,43,69,75,73,93,78,91,89,109,114,119,127,112,108,52,62,90,43,21,28,43,69,78,45,62,39,20,92,122,91,79,79,51,48,49,43,30,28,47,48,21,68,91,75,64,76,84,111,118,111,109,103,103,105,86,75,95,102,70,78,161,110,124,135,51,75,75,74,75,158,73,76,78,154,74,78,74,72,78,78,83,66,67,78,125,124,111,109,108,101,95,119,92,113,127,104,120,94,127,100,105,70,111,115,72,41,62
41,39,27,59,13,35,46,49,44,107,100,111,114,116,110,110,103,67,60,50,11,46,36,20,21,113,53,71,69,157,45,46,108,44,49,83,42,31,112,93,152,155,154,157,102,63,43,47,55,51,33,29,53,47,42,38,80,101,159,164,160,116,48,76,63,76,79,65,59,52,57,148,160,151,160,99,20,43,50,70,81,91,69,107,71,69,72,89,78,137,153,109,117,66,30,109,55,107,111,116,104,105,100,104,99,108,106,114,106,108,107,92,49,66,37,39,45,16,6,3,95,53,131,92,50,58,57,54,44,3,31,2,11,3,37,41,25,81,103,100,132,115,119,98,118,72,101,85,89,74,97,89,146,107,121,127,138,70,76,73,74,76,74,72,87,73,77,78,78,75,78,80,83,77,60,91,128,156,117,114,109,84,117,101,102,100,110,112,110,117,105,112,101,120,75,67,35,78,67,39
36,39,8,43,64,84,111,113,106,102,104,113,114,111,60,75,51,19,30,26,14,12,15,20,24,113,53,84,88,156,48,48,123,46,48,86,117,129,147,157,158,155,110,45,54,57,31,43,55,42,40,30,54,37,49,89,114,160,160,93,50,38,41,99,100,76,73,67,62,58,90,164,153,96,65,53,51,54,71,59,92,39,45,52,76,53,91,111,104,126,152,105,106,107,110,104,110,106,108,101,102,103,109,102,102,108,103,104,116,113,109,115,71,71,101,46,20,41,53,2,107,61,122,47,65,47,53,53,36,2,2,3,13,11,2,17,93,71,113,125,114,128,107,120,93,110,79,75,90,60,97,69,164,138,149,143,33,70,81,76,73,164,76,76,93,83,75,76,77,76,79,80,79,151,123,122,66,156,112,109,87,118,110,73,86,94,113,110,101,109,104,120,80,127,75,98,78,89,81,38
34,45,68,41,106,103,111,106,110,111,107,111,68,99,22,4,13,7,6,14,15,25,21,21,40,115,54,137,79,113,50,50,120,48,158,155,155,152,152,155,96,50,50,43,41,50,28,41,57,40,43,14,40,85,163,162,108,120,66,44,48,35,33,58,59,72,68,63,155,159,162,161,100,71,66,55,73,55,48,32,79,43,45,46,67,137,126,74,128,126,152,110,100,108,102,105,106,103,104,100,101,102,104,103,105,98,103,110,115,115,123,113,89,108,66,75,69,17,12,13,107,64,87,92,40,42,43,25,42,52,29,39,38,42,40,106,67,119,85,100,107,104,119,102,92,85,86,89,101,39,92,159,109,120,126,151,72,72,72,74,75,73,71,94,97,66,77,78,72,74,137,81,76,107,137,72,74,121,111,105,91,115,113,93,78,102,104,126,128,126,101,116,78,141,123,116,124,114,125,74
50,110,110,97,103,106,107,110,109,94,45,70,44,6,25,28,20,24,20,20,11,24,34,27,53,113,53,166,74,60,56,66,99,162,158,154,159,146,102,50,50,46,49,45,50,49,33,43,45,32,35,96,166,161,155,150,79,49,51,56,37,36,53,55,64,69,154,158,156,158,96,70,84,66,62,38,72,137,101,121,78,110,114,127,117,118,74,138,135,129,155,99,103,99,100,106,104,103,98,99,104,106,106,102,101,103,102,98,112,122,106,115,122,88,113,115,101,106,65,44,95,32,57,84,57,57,44,49,59,53,58,63,63,56,122,73,95,95,112,109,115,96,108,75,104,82,106,89,89,26,103,108,114,125,125,68,70,72,76,75,166,75,77,83,161,72,73,74,66,71,70,78,76,136,105,61,70,108,119,109,116,100,102,82,118,124,91,123,126,120,110,116,95,159,127,113,122,116,117,140
109,113,113,110,108,105,114,88,59,40,50,40,42,35,44,33,35,33,29,35,34,40,35,48,60,115,54,161,117,90,86,156,153,159,159,119,99,67,79,49,45,46,50,49,57,52,28,43,45,99,162,160,160,161,96,58,79,53,52,48,71,48,57,70,70,95,158,160,121,69,66,70,85,59,58,11,113,88,90,92,81,129,131,131,133,71,148,148,140,129,156,100,108,108,104,112,105,107,104,107,108,105,104,106,97,103,101,103,110,77,106,94,107,111,116,109,83,80,62,49,82,76,82,66,48,54,61,38,53,48,52,54,52,120,75,98,122,109,103,127,89,107,71,120,95,87,90,96,107,16,162,137,148,144,128,68,71,72,71,72,70,71,74,81,159,74,73,68,86,78,73,78,154,125,122,69,152,122,125,103,94,106,97,103,92,113,116,108,117,121,118,119,94,159,127,113,129,108,122,92
110,113,108,105,101,46,63,2,40,35,51,41,58,60,59,55,51,59,50,43,18,43,43,34,67,114,59,120,132,142,162,161,154,99,100,108,58,64,70,56,54,59,59,52,53,48,31,77,138,164,155,154,147,49,55,49,78,50,53,47,52,59,63,143,158,152,160,106,51,67,55,60,85,47,35,34,115,107,98,99,106,84,125,80,142,131,142,151,141,129,156,104,101,102,100,103,103,108,104,111,109,111,109,105,101,108,104,106,90,90,83,113,91,109,114,91,80,93,75,58,46,58,53,70,71,52,58,60,50,44,54,57,98,80,98,85,129,113,120,105,72,66,143,99,87,84,81,95,101,46,106,120,139,143,61,71,72,71,73,153,74,71,77,99,73,73,74,71,74,73,76,77,112,140,79,69,150,110,119,107,116,103,97,103,137,108,111,100,115,130,152,118,86,158,116,109,125,110,107,92
109,116,54,96,30,56,29,20,36,33,52,2,52,55,53,42,40,32,55,41,20,41,17,27,64,113,54,133,98,130,157,96,97,66,63,99,55,62,57,57,56,55,60,53,57,96,88,165,161,157,106,56,53,51,56,57,76,68,50,66,62,141,159,158,158,95,55,71,74,65,33,45,87,27,101,162,108,108,74,102,93,63,102,123,137,140,146,113,56,126,151,107,109,101,97,103,95,103,107,105,104,103,106,102,104,98,98,89,73,79,68,65,73,87,82,84,81,80,70,48,32,75,74,72,74,61,51,44,53,42,57,44,72,76,119,125,100,129,108,75,96,81,93,83,87,93,90,91,66,57,116,125,123,59,68,70,72,73,72,73,73,86,74,114,73,73,73,69,73,73,79,77,66,118,123,70,125,107,110,100,108,98,77,101,111,104,106,102,112,118,121,119,80,146,123,108,134,85,95,97
83,103,48,53,20,41,15,15,46,2,51,24,31,47,7,12,9,20,23,32,13,26,25,28,56,108,89,90,159,89,97,67,80,59,61,85,59,63,59,58,62,58,57,84,89,164,154,164,92,64,49,50,37,58,65,85,77,52,64,107,97,158,165,130,80,48,51,65,51,59,22,65,77,114,157,154,110,97,98,92,85,62,142,137,141,144,96,114,55,129,155,114,96,99,102,105,100,99,110,110,117,110,112,78,106,104,106,104,79,75,77,75,74,68,76,74,78,78,61,38,20,37,46,38,67,70,61,37,53,10,56,96,61,89,93,122,108,116,111,92,108,77,77,87,91,91,90,80,163,29,146,172,175,174,67,69,72,71,108,73,73,75,67,70,72,73,68,74,77,73,78,149,64,93,132,156,115,119,88,97,74,105,94,113,91,127,108,107,110,103,135,109,91,96,92,115,90,76,77,68
49,29,57,51,19,41,8,61,8,2,50,2,51,15,20,30,37,36,42,18,13,23,9,43,57,119,90,85,162,67,66,64,61,59,60,69,65,63,54,69,65,82,89,167,163,159,95,85,55,47,33,51,47,47,59,99,77,58,92,157,163,158,105,76,69,46,42,58,42,69,28,157,157,155,120,54,97,85,84,80,117,131,145,141,140,100,93,98,64,135,155,103,103,98,102,99,101,102,106,110,111,114,114,107,101,119,111,102,80,78,76,77,78,72,85,74,79,77,75,59,8,22,50,55,71,64,67,57,61,56,113,65,91,99,124,109,121,98,99,94,135,73,71,90,93,92,93,151,106,119,172,174,176,156,67,69,71,71,69,73,74,78,138,70,70,73,69,67,73,74,73,65,69,64,68,162,118,116,104,97,96,96,71,120,129,128,108,101,117,91,129,91,136,75,82,95,47,46,44,8
23,38,51,47,25,41,27,16,19,2,53,36,63,65,33,17,26,25,19,19,18,47,75,111,91,118,73,71,113,105,69,63,58,63,64,63,59,54,44,65,85,163,154,160,156,123,95,58,53,46,42,60,48,57,59,59,65,160,148,159,92,71,66,72,62,2,34,54,27,37,119,164,152,151,41,36,93,88,59,122,133,144,149,112,108,107,96,99,73,135,155,107,105,99,96,96,94,132,107,92,90,112,98,149,118,118,78,76,80,70,71,68,66,56,63,76,80,92,86,87,101,111,115,115,84,79,79,89,44,121,64,66,62,133,50,126,115,99,63,115,97,87,91,101,102,100,71,166,111,7,171,174,176,41,67,71,74,69,73,72,72,73,134,72,73,68,68,71,72,76,76,100,73,65,33,145,113,112,101,98,113,99,107,88,129,101,112,113,104,106,136,90,149,104,45,82,138,108,33,13
37,41,51,49,56,2,2,2,26,30,47,32,53,70,69,56,68,60,48,55,76,114,107,103,96,116,47,65,68,161,65,69,49,63,62,60,58,58,86,163,158,163,160,115,62,65,98,55,53,33,43,68,56,65,74,101,106,161,151,84,59,65,59,63,48,2,2,52,144,163,160,143,95,50,65,20,89,127,126,142,142,147,121,111,114,111,106,103,76,132,156,105,101,115,95,113,112,111,106,109,111,136,133,129,122,131,98,106,81,88,97,80,81,59,53,74,75,65,62,43,48,49,48,66,94,74,66,61,122,67,35,78,98,45,66,27,93,107,109,108,91,84,86,99,98,88,162,78,71,167,173,176,168,34,70,70,71,68,73,72,73,156,72,72,71,70,66,73,73,74,172,175,164,160,63,118,103,107,82,107,91,93,90,88,35,41,119,128,115,97,142,87,153,142,169,118,175,80,73,69
24,40,43,48,16,2,19,16,46,38,47,40,86,82,77,42,46,58,55,110,102,109,107,105,90,117,49,68,65,148,72,68,47,60,63,39,83,162,158,161,158,121,71,59,68,59,95,46,49,51,59,65,55,125,160,161,100,99,108,81,55,54,52,54,41,2,59,129,163,160,148,45,102,44,28,21,148,126,139,139,137,82,77,77,78,79,61,122,88,134,155,77,80,78,80,83,83,80,84,81,80,84,80,82,97,88,72,56,39,77,90,40,98,97,9,52,54,52,29,15,17,2,12,42,38,71,36,154,67,89,103,104,66,53,72,107,97,59,123,91,88,82,88,102,95,121,151,75,86,170,167,176,132,66,68,70,67,73,72,73,72,160,68,74,74,70,67,73,75,75,170,169,162,108,146,99,115,87,105,101,108,83,22,57,75,72,105,50,86,110,118,93,154,147,130,98,103,76,67,59
21,60,49,50,16,2,12,16,41,39,51,48,88,76,47,50,62,116,108,98,105,111,107,66,57,115,47,66,72,82,68,71,46,53,84,165,163,155,156,112,72,62,62,57,65,61,102,59,54,54,41,129,163,161,160,99,78,89,112,60,40,49,39,28,30,73,161,160,135,30,32,5,108,38,73,6,149,130,144,74,70,74,75,73,70,54,45,31,79,131,156,73,77,74,76,77,77,75,76,74,78,78,78,78,79,69,61,66,62,59,57,50,10,39,13,154,151,150,40,44,45,43,39,40,45,98,61,104,106,95,89,103,80,48,80,72,26,157,93,85,81,90,93,96,74,165,62,68,127,173,175,176,45,81,64,68,68,73,72,73,59,69,68,62,68,69,72,73,74,74,173,162,161,50,140,113,114,103,114,90,100,95,104,62,95,51,74,71,43,103,109,87,138,149,74,76,74,58,64,59
27,39,50,46,3,2,2,2,47,16,48,50,54,50,47,110,111,113,99,105,105,69,55,78,48,116,45,83,83,70,69,67,75,141,162,165,161,93,70,63,57,62,65,57,56,58,104,55,56,142,126,155,162,159,98,53,79,64,127,56,12,17,12,80,138,159,162,148,52,31,13,17,108,37,44,89,151,137,83,83,85,82,79,80,79,80,74,78,74,132,153,52,43,80,79,79,74,74,73,71,76,75,75,74,64,60,59,57,57,47,47,43,44,45,70,105,46,30,82,135,41,37,83,92,100,47,121,79,76,75,83,98,98,78,94,106,110,103,86,83,84,95,93,96,159,59,63,73,145,152,143,156,131,43,67,70,72,70,72,73,74,73,68,73,68,65,74,74,70,168,175,162,159,48,122,113,108,116,100,123,98,80,113,104,23,57,74,72,79,112,112,104,97,146,69,69,69,67,66,59
35,21,53,44,2,2,2,52,20,6,46,52,42,116,112,100,112,108,104,58,92,83,82,86,48,116,45,144,72,74,152,87,162,159,160,148,99,59,57,60,59,68,66,53,60,38,101,46,110,162,159,155,89,63,60,64,80,69,118,44,10,8,90,161,161,139,39,51,39,70,15,93,105,29,93,156,148,82,82,81,148,122,61,82,80,81,74,58,103,125,147,14,27,75,77,75,74,74,75,72,70,41,72,73,56,66,103,40,54,47,47,48,48,46,18,44,25,28,83,17,37,40,44,38,41,144,90,84,84,81,80,84,87,81,139,81,92,98,98,94,96,100,97,70,166,75,91,68,104,45,105,99,116,65,68,112,71,73,71,74,89,72,82,82,64,66,66,66,70,172,172,163,142,159,98,118,111,118,126,111,118,105,90,77,99,128,62,133,51,106,106,83,103,135,77,82,82,84,81,78
