156,156,156,156,156,156,156,156,156,156,155,155,155,155,155,156,157,158,158,158,158,158,158,158,158,158,158,158,157,157,157,157,156,156,155,155,154,154,154,154,154,154,154,155,155,155,155,155,155,155,155,155,156,156,156,156,156,156,156,156,156,156,156,156,156,156,156,157,157,157,158,158,158,158,158,157,157,157,157,156,156,157,157,156,156,157,157,157,158,158,158,158,157,157,157,158,157,157,157,156,155,155,154,154,154,153,152,151,151,151,151,150,150,150,151,151,151,151,151,151,151,151,151,151,151,151,151,151,151,151,152,152,152,152,153,153,153,153,153,154,155,156,156,156,157,158,158,158,158,159,159,159,159,159,159,159,160,160,160,160,160,160,155,142,130,126,124,118,111,104,108,124,134,131,127,130,131,132,135,134,131,135,139,139,142,147,150,144,130,124,122,128,141,148,146,138,127,120,124,128
156,156,156,156,156,156,156,156,156,156,155,155,155,155,155,156,157,157,158,158,158,158,158,158,158,158,158,157,157,157,156,157,156,156,155,155,155,154,154,153,153,154,154,155,155,155,155,154,154,154,155,155,155,156,155,155,156,156,156,156,156,156,156,156,156,156,156,156,157,157,157,158,157,157,157,157,157,157,157,156,156,157,157,157,156,157,157,157,158,158,158,158,158,157,157,157,157,157,156,155,154,154,154,154,153,152,152,151,150,150,150,150,150,150,150,150,150,150,151,151,151,151,151,151,151,151,150,150,150,151,151,152,152,152,153,153,153,153,153,154,155,156,156,156,157,158,158,158,158,159,160,160,159,159,159,159,160,160,160,160,158,153,147,138,129,128,127,120,110,102,108,120,129,131,129,130,131,133,137,134,130,135,140,140,143,149,150,138,124,123,129,136,145,144,132,123,123,126,130,132
156,156,156,156,156,156,156,156,156,156,155,155,155,155,155,156,157,157,157,157,158,158,157,157,157,157,157,157,156,156,156,157,156,156,155,155,155,154,153,153,153,154,154,154,154,154,154,154,154,154,154,154,155,155,155,155,155,155,156,156,156,156,156,156,156,156,156,156,157,157,157,157,157,157,157,157,157,157,157,157,157,157,157,157,157,157,157,157,158,158,158,158,158,157,157,157,157,156,155,154,154,153,153,153,152,152,151,150,150,150,149,149,149,149,149,150,150,150,150,150,150,150,150,150,150,150,149,150,150,150,150,151,151,151,152,152,152,153,154,154,155,156,156,157,158,158,159,159,160,160,161,161,160,160,160,160,160,160,161,159,150,138,134,133,132,132,131,124,107,96,100,110,123,131,131,131,131,134,139,136,130,136,141,141,144,146,142,133,127,132,140,142,139,129,114,109,121,132,137,137
156,156,156,156,156,156,156,156,156,156,156,155,155,155,155,156,157,157,157,157,157,157,157,157,157,156,156,156,156,156,156,156,156,156,156,155,155,154,154,154,153,154,154,154,154,154,154,154,154,154,154,154,154,154,155,155,155,155,155,155,155,156,156,156,156,156,156,156,156,157,157,157,157,157,157,157,157,157,157,157,157,157,157,157,157,157,157,157,158,158,158,158,157,157,157,156,156,155,154,154,153,153,153,152,152,151,151,150,149,149,148,148,148,148,148,149,149,149,149,149,149,149,150,150,149,149,149,149,149,150,150,150,151,151,151,152,152,153,154,155,155,156,157,157,158,159,160,161,161,162,162,161,160,160,160,159,160,158,154,149,139,130,130,135,136,136,134,124,107,92,90,103,123,133,133,132,132,135,140,137,132,137,143,140,138,138,136,140,144,142,137,130,124,120,119,122,130,135,137,138
156,156,156,156,156,156,156,156,156,156,155,155,155,155,155,156,156,157,157,157,157,157,157,157,156,156,156,156,156,156,156,156,156,156,156,155,155,155,154,154,154,154,154,154,154,154,154,154,154,154,153,153,154,154,154,155,155,155,155,155,155,155,156,156,156,156,156,156,156,156,156,157,157,157,157,156,157,157,157,157,157,157,157,157,157,157,157,157,157,157,157,157,157,156,156,155,155,154,154,154,153,153,153,152,151,151,150,149,148,148,147,147,147,147,147,147,148,148,149,149,149,149,149,149,149,149,149,149,149,149,150,150,150,151,151,152,153,154,154,155,156,157,158,159,160,160,161,162,161,161,161,161,160,160,159,159,157,149,139,135,134,133,134,138,137,135,131,123,115,99,90,102,125,136,135,134,134,137,142,137,129,136,146,142,135,138,145,148,145,136,126,123,125,129,131,135,140,138,136,137
156,156,156,156,156,156,156,156,156,156,155,155,155,155,155,156,156,156,157,157,157,157,157,157,156,156,157,156,156,156,156,156,156,156,156,155,155,155,155,155,154,154,154,155,155,154,154,154,153,153,153,153,153,154,154,154,155,155,155,155,155,155,155,156,156,156,156,156,156,156,156,156,157,157,157,157,157,157,157,157,157,157,157,156,156,156,156,156,156,156,156,156,155,155,155,154,154,153,154,154,153,153,152,151,151,150,149,148,147,147,146,146,146,146,146,147,147,148,148,148,148,148,149,149,149,149,149,149,149,149,150,150,150,150,151,152,153,154,154,155,156,157,158,159,160,160,160,160,160,160,160,160,160,159,158,155,147,137,131,131,136,139,139,139,132,126,127,128,123,105,91,103,126,137,137,136,136,140,144,134,118,125,145,149,144,144,147,142,134,129,129,132,136,137,133,137,144,140,135,135
156,156,156,156,156,156,156,156,156,156,155,155,155,155,156,156,156,156,156,157,157,157,157,157,156,156,157,157,156,156,156,156,156,156,155,155,155,155,155,155,155,155,155,155,155,154,154,153,153,153,153,153,153,153,153,154,154,154,154,154,155,155,155,155,156,155,156,156,156,156,156,156,157,157,157,157,157,157,157,156,156,156,156,156,155,155,155,155,155,155,155,155,154,154,154,153,153,153,153,153,152,152,152,151,150,149,148,147,146,146,145,145,145,145,145,146,146,147,147,148,148,148,148,148,149,149,149,149,150,150,150,150,150,150,151,152,153,153,154,155,156,157,158,159,159,159,159,159,159,159,159,159,159,157,150,142,134,131,134,136,139,139,136,133,126,124,128,128,118,101,89,102,127,138,138,138,139,139,135,120,104,114,141,153,146,134,128,130,133,134,136,139,141,140,136,138,141,137,134,135
155,155,156,156,156,156,156,156,156,155,155,155,155,155,156,156,155,156,156,156,156,157,156,156,156,156,156,156,156,156,156,156,155,155,155,155,155,155,155,156,156,155,155,155,155,154,154,153,153,153,153,153,153,153,153,153,153,154,154,154,155,155,155,155,155,155,155,156,156,156,156,156,156,156,157,157,157,157,157,156,155,155,155,155,155,155,155,154,154,154,154,153,153,153,152,152,152,152,152,152,151,151,151,150,149,148,147,146,146,145,144,144,145,144,144,145,145,146,147,147,147,147,147,148,148,149,149,149,150,150,150,150,150,151,151,152,152,153,153,155,156,157,158,158,158,158,158,159,158,158,158,159,157,149,138,132,130,134,139,141,140,132,125,126,127,127,125,110,102,100,89,100,128,139,139,136,132,127,116,105,106,123,141,144,134,120,116,128,139,139,136,138,142,143,140,136,135,135,136,137
155,155,155,156,156,156,156,156,156,155,155,155,155,155,156,155,155,156,156,156,156,156,156,156,156,156,156,156,156,156,156,156,155,155,155,155,155,155,156,156,155,155,155,155,155,155,154,153,153,153,152,152,153,153,153,153,153,153,153,154,154,154,155,155,155,155,155,155,156,156,156,156,156,156,156,156,157,157,156,155,155,155,155,155,154,154,154,154,153,153,152,152,152,151,151,151,151,151,151,151,150,150,149,149,148,147,146,145,145,144,144,144,144,144,143,144,144,145,146,146,147,147,147,147,148,148,148,149,149,149,149,150,150,151,151,152,152,152,153,155,157,157,157,157,157,157,158,158,158,158,156,153,147,138,131,134,137,139,142,144,138,127,122,126,128,128,117,96,93,98,88,99,128,140,140,132,115,111,114,110,113,125,132,129,130,133,131,136,142,139,136,138,143,146,142,134,131,133,138,140
155,155,155,156,156,156,156,156,156,155,155,155,155,155,155,156,156,156,156,156,156,156,156,156,156,156,156,156,156,156,156,156,156,156,155,155,155,155,156,155,155,155,155,155,155,155,154,153,153,153,153,153,153,153,153,153,153,153,153,153,153,154,154,155,155,155,155,155,156,156,155,155,155,155,155,155,156,155,155,155,155,155,154,154,154,153,153,153,152,152,151,151,150,150,150,150,150,150,150,150,149,149,148,148,147,146,145,145,144,144,144,144,143,143,143,143,144,144,145,145,145,146,146,147,147,147,148,148,149,149,149,150,151,152,152,152,152,152,153,155,157,157,156,156,157,157,157,157,157,155,148,140,136,134,135,140,141,139,140,140,132,125,125,128,128,128,116,98,93,90,84,100,130,140,137,129,111,111,118,115,114,118,122,128,140,151,145,140,142,140,138,140,145,146,141,134,131,135,137,136
155,155,155,155,155,156,156,156,155,155,155,155,155,155,155,156,156,156,156,155,155,156,156,156,156,156,155,156,156,156,156,156,156,156,156,155,155,155,155,155,155,155,155,155,155,155,154,154,153,153,153,153,153,153,153,153,153,153,152,152,153,154,154,154,154,155,155,156,156,155,155,154,154,154,154,154,154,155,155,154,154,154,154,154,153,153,152,152,151,150,150,150,149,149,149,149,149,149,149,149,148,147,147,147,146,145,144,144,144,143,143,143,142,142,142,142,143,143,144,144,144,145,145,146,146,146,147,148,148,149,149,150,151,152,152,152,153,153,153,155,156,156,155,156,156,156,157,155,152,145,137,133,136,139,139,140,136,130,129,128,125,124,126,127,128,128,119,103,96,90,87,101,129,141,135,129,120,113,110,112,121,125,128,135,146,154,146,140,142,141,140,142,145,144,140,135,130,130,125,118
154,154,155,155,155,155,156,155,155,155,155,155,155,155,155,156,156,156,156,155,155,156,156,156,156,156,156,156,156,156,156,156,156,156,156,155,155,155,155,155,155,155,155,155,155,155,154,154,154,154,154,153,153,153,153,153,153,153,153,153,153,154,154,154,154,155,155,155,155,154,154,154,154,154,153,153,154,154,154,153,153,153,153,153,152,152,151,150,150,149,149,148,148,148,148,148,148,148,148,148,147,146,146,146,145,144,144,143,143,143,142,142,141,141,142,142,142,142,143,143,144,144,144,145,146,146,146,147,148,148,149,150,151,152,152,153,153,153,153,154,154,154,154,155,155,156,154,148,141,136,133,135,140,140,136,131,126,123,122,121,122,124,125,127,128,129,123,110,105,100,95,105,128,142,136,122,109,102,107,121,131,133,135,136,144,153,145,140,142,141,140,141,142,142,139,133,121,112,107,103
154,154,155,155,155,155,155,155,155,155,155,155,155,155,155,155,155,155,155,156,156,156,156,156,156,156,156,156,156,155,155,155,155,155,155,155,155,155,155,155,155,155,155,154,154,155,154,154,154,154,154,153,153,153,153,153,153,154,154,154,154,154,154,154,155,155,155,155,154,153,153,153,153,153,153,153,153,153,152,152,152,152,153,152,152,151,150,149,148,148,148,147,147,147,147,147,147,147,147,147,146,145,145,145,144,143,143,143,142,142,141,141,141,141,141,141,141,142,142,143,143,144,144,144,145,145,146,146,147,148,148,149,150,151,151,152,152,152,152,152,152,153,153,154,152,150,146,139,137,137,136,138,138,131,125,122,120,121,122,120,121,124,126,129,132,133,129,121,117,110,103,115,134,138,127,110,97,102,122,136,137,135,135,135,142,151,144,139,141,140,139,139,139,138,130,118,107,100,103,106
154,154,154,155,155,155,155,155,155,155,155,155,155,155,155,155,155,155,155,155,155,155,155,156,156,155,155,155,155,155,155,155,155,155,155,155,155,155,155,155,155,155,154,154,154,154,154,154,154,154,154,154,153,153,153,153,153,154,154,154,154,154,154,154,154,154,154,154,153,153,152,152,153,152,152,152,152,152,151,151,152,152,152,152,151,150,149,148,147,147,147,146,146,146,146,146,146,146,147,146,145,145,144,143,143,142,142,142,141,141,140,140,140,140,140,140,141,141,142,142,143,143,143,143,144,145,145,146,146,147,147,148,149,149,150,150,150,151,151,151,151,152,153,152,145,137,135,136,139,141,137,133,128,119,117,119,118,121,122,120,119,119,123,133,140,137,128,119,118,115,111,122,133,129,118,114,117,126,140,145,140,135,134,133,140,149,144,140,142,140,137,137,131,124,114,103,101,105,109,111
154,154,154,154,155,155,155,155,155,155,155,155,155,155,155,155,155,155,155,155,155,155,155,155,155,155,155,155,155,155,155,155,155,155,155,155,155,155,155,155,155,155,154,154,154,154,154,154,154,154,154,154,154,154,153,153,153,154,154,154,154,154,154,154,154,153,153,153,153,152,152,152,152,151,151,151,151,151,150,150,151,151,151,151,151,150,149,147,147,146,146,145,145,145,145,146,146,146,146,145,144,144,143,142,142,142,141,141,140,140,140,139,139,139,139,140,140,141,141,142,142,142,143,143,144,144,144,145,145,146,146,147,147,148,148,148,149,149,150,150,151,150,147,142,135,132,134,137,140,139,127,119,117,116,118,118,116,120,121,119,119,118,121,132,137,134,122,108,110,116,118,119,124,127,128,131,138,144,148,147,141,136,134,134,139,146,144,142,142,137,128,122,116,108,107,106,105,109,107,103
153,153,154,154,154,154,154,154,155,154,154,155,155,155,155,155,155,155,155,155,155,155,155,155,155,155,155,155,155,155,155,155,155,155,155,155,155,155,155,155,155,155,154,154,154,154,154,154,154,154,154,154,154,153,153,153,153,153,153,153,153,153,153,153,152,152,152,152,151,151,151,151,150,150,150,149,149,149,149,149,149,149,149,150,150,149,148,147,146,146,145,145,144,144,144,145,145,145,145,144,143,143,142,142,141,141,140,140,139,139,139,139,139,139,139,140,140,140,140,141,141,141,141,142,143,143,143,144,144,145,145,146,146,147,147,147,148,148,149,150,149,143,135,131,132,137,140,136,132,126,115,111,115,117,119,117,113,118,124,126,130,129,124,123,123,129,125,111,108,112,110,109,122,135,139,140,143,147,149,147,141,137,136,136,139,142,142,140,133,123,112,105,106,107,110,108,99,99,101,99
152,153,153,154,154,154,154,154,154,154,154,154,154,154,154,155,155,155,154,154,154,155,155,155,155,155,155,155,155,154,154,155,155,155,155,155,155,155,155,155,155,155,154,154,154,154,154,154,154,153,153,153,154,153,153,153,153,153,153,152,152,152,152,152,151,150,150,150,150,150,150,149,149,149,148,148,147,147,148,148,148,148,148,148,148,148,148,147,146,145,145,144,144,144,143,144,144,143,143,143,142,142,142,141,141,140,140,139,138,138,139,139,139,140,139,139,139,139,139,140,140,140,141,141,142,142,142,143,143,144,144,145,145,145,146,147,148,148,148,146,143,135,130,132,137,141,140,127,115,113,113,114,117,117,119,114,109,118,131,138,140,134,122,118,123,132,132,122,112,105,95,99,125,141,142,143,145,148,149,147,141,138,138,138,137,138,134,127,116,106,104,105,108,108,105,100,90,96,111,117
152,152,153,153,154,154,154,154,154,154,154,154,154,154,154,154,154,154,154,154,154,154,154,154,154,154,154,154,154,154,154,154,154,154,154,154,155,154,155,155,154,154,154,154,154,154,154,154,154,153,153,153,153,153,153,153,153,152,152,152,152,151,151,151,150,149,149,148,148,148,148,148,147,147,147,146,146,146,146,147,147,147,147,147,147,147,147,147,146,145,145,144,144,143,143,143,143,143,142,142,142,141,141,141,140,139,139,138,138,138,139,139,139,139,139,138,138,138,138,139,139,140,140,140,140,141,141,142,142,143,143,144,144,144,145,147,147,147,143,137,134,133,134,138,139,135,127,114,108,112,116,117,117,117,117,113,112,124,133,136,134,126,120,122,130,135,136,133,120,101,84,93,126,143,144,145,146,148,149,147,141,138,138,139,136,129,121,111,108,106,107,108,106,104,103,102,104,116,130,135
152,152,153,153,153,154,154,154,154,153,153,153,153,153,153,153,153,153,153,153,153,154,154,154,154,154,154,154,154,154,154,154,154,154,154,154,154,154,154,154,154,154,154,154,154,154,154,154,153,153,153,153,153,153,153,153,153,152,152,152,151,151,150,150,149,149,148,148,147,147,147,146,146,146,145,145,145,145,145,145,146,146,146,146,146,146,146,146,146,145,145,144,143,143,143,143,143,142,142,142,141,141,140,140,139,139,138,138,138,138,139,139,138,138,138,138,138,138,138,139,139,139,139,139,139,140,141,141,141,142,142,143,143,144,145,145,144,141,136,133,133,134,137,138,132,120,111,108,110,114,116,117,116,116,120,121,124,133,130,123,122,121,121,126,132,135,133,131,122,96,76,90,126,144,145,145,145,147,148,145,140,138,136,136,132,121,114,111,112,110,105,103,104,113,120,123,127,133,136,136
152,152,152,153,153,153,153,153,153,153,153,153,153,153,153,153,153,153,153,153,153,153,153,153,153,153,153,153,154,154,153,153,154,154,154,154,153,153,154,154,153,153,154,154,154,153,153,153,153,153,153,153,153,153,153,153,152,152,152,151,151,151,150,150,149,148,148,147,147,147,146,146,145,145,145,145,145,144,144,144,145,145,145,145,145,145,145,146,145,145,145,144,143,143,143,143,143,142,141,141,141,140,139,139,139,138,138,138,138,138,139,139,138,138,138,138,138,138,138,138,139,139,139,140,140,140,141,141,141,141,142,143,143,144,144,141,137,134,134,137,138,138,138,132,119,112,111,112,112,114,115,114,113,119,131,135,134,131,125,121,121,122,122,127,133,136,125,111,106,89,70,87,126,144,145,145,145,147,147,141,131,129,133,131,127,118,114,115,109,102,101,109,120,130,135,135,135,135,135,135
152,152,152,152,152,152,153,153,152,152,152,152,152,152,152,152,153,153,153,153,153,153,153,153,153,153,153,153,153,153,153,153,154,154,153,153,153,153,153,153,153,153,153,153,153,153,153,153,153,153,153,153,153,153,153,153,153,152,152,151,151,150,150,150,149,149,148,148,148,147,147,146,146,145,145,145,145,144,144,144,144,144,144,144,144,144,144,144,145,144,144,144,143,143,143,143,142,141,141,140,140,140,139,138,138,138,138,138,138,138,139,139,138,138,138,138,138,138,138,139,140,140,141,141,141,142,142,141,142,142,142,143,144,143,140,136,133,133,136,138,135,133,132,122,111,113,119,116,113,114,116,117,121,129,133,136,135,127,123,124,125,123,124,129,133,131,118,98,92,86,70,86,126,145,145,145,145,145,139,127,115,118,132,133,122,113,107,107,106,106,117,129,135,138,136,135,134,134,135,136
152,152,152,152,152,152,152,152,152,152,152,152,152,152,152,152,152,152,152,152,152,153,153,153,153,153,153,153,153,153,153,153,153,153,153,153,153,153,153,153,153,153,153,153,153,153,153,153,153,153,153,153,153,153,153,153,153,152,152,152,151,151,151,150,150,150,150,149,149,148,148,147,146,146,146,146,145,145,144,144,144,144,144,144,144,143,143,143,143,143,143,143,143,143,142,142,141,141,140,139,139,139,138,138,138,138,138,138,138,139,139,139,139,139,139,139,139,139,139,140,142,143,144,144,144,144,143,142,142,142,143,142,141,139,135,134,135,137,135,129,121,118,119,115,111,115,121,116,114,120,127,132,133,130,122,126,134,128,124,126,126,125,127,130,131,128,120,104,97,92,75,87,127,145,145,143,138,131,122,110,110,121,130,126,112,105,104,107,119,128,135,139,139,138,136,134,133,133,134,136
151,151,152,151,151,152,152,151,151,151,152,152,152,152,152,152,152,152,152,152,152,152,152,152,153,153,153,153,153,153,153,153,153,153,153,153,153,153,153,153,153,153,153,153,153,153,153,153,153,153,153,153,153,153,153,153,153,153,153,153,152,152,152,152,152,151,151,151,151,150,150,149,148,147,147,147,146,146,145,144,144,144,143,143,143,142,142,142,142,142,142,142,142,142,141,141,140,140,139,139,138,138,138,138,138,138,139,139,139,139,139,139,139,139,139,139,140,140,141,142,144,145,147,147,146,145,144,143,143,143,142,138,134,134,135,137,136,133,125,114,108,109,112,114,111,115,120,118,122,134,139,132,125,120,114,122,134,130,125,126,126,125,127,133,135,138,131,111,102,95,78,91,128,144,138,130,121,112,111,110,112,119,116,108,104,109,118,125,134,139,138,138,138,137,135,132,132,132,133,134
151,151,151,151,151,151,151,151,151,151,151,152,152,151,151,151,152,152,152,152,152,152,152,152,152,152,152,153,153,153,152,152,153,153,153,153,153,153,153,153,153,153,153,153,153,153,153,153,153,153,153,153,153,153,153,153,153,153,153,153,153,153,153,153,153,153,153,153,153,153,152,151,150,149,148,148,147,147,146,145,144,144,144,143,142,142,141,141,141,141,141,141,141,140,140,140,139,138,138,138,138,138,138,138,138,139,140,140,140,140,140,140,140,140,140,140,141,142,143,144,146,148,149,149,148,146,144,144,143,141,138,133,131,135,139,139,131,119,111,106,105,108,112,113,111,115,121,127,134,139,132,118,113,115,115,123,132,129,125,128,132,131,132,142,144,141,130,107,96,88,77,96,125,131,123,113,111,111,113,111,104,103,102,104,114,125,133,135,138,138,137,137,138,137,134,132,131,131,132,133
150,150,151,151,151,151,151,151,151,151,151,152,152,151,151,151,152,152,152,152,152,152,152,152,152,152,152,152,152,152,152,152,152,152,152,152,153,153,153,152,153,153,153,153,153,153,153,153,153,153,153,153,153,153,153,153,153,153,153,153,153,153,154,154,153,153,154,154,154,154,153,153,152,151,150,149,148,147,147,146,145,144,143,142,142,142,141,140,140,140,140,140,139,139,139,138,138,137,137,137,137,138,138,138,139,140,140,140,140,140,140,140,141,141,141,141,143,144,145,146,148,149,150,149,148,146,145,144,140,135,134,134,135,136,134,129,118,108,106,106,105,107,114,120,122,124,127,132,133,125,116,109,112,116,116,122,129,128,125,129,142,147,141,140,138,132,122,102,92,82,76,98,116,113,112,112,113,112,105,98,95,99,110,118,127,135,135,134,137,138,137,136,136,136,134,131,131,131,132,132
150,150,151,151,151,151,151,151,151,151,151,151,151,151,151,151,151,151,151,152,152,152,152,152,152,152,152,152,152,152,152,152,152,152,152,152,152,153,153,153,152,153,153,153,153,153,153,153,153,153,153,153,153,152,152,152,153,153,153,153,153,153,154,154,153,153,153,154,153,153,153,153,152,152,151,150,149,148,146,145,144,144,143,142,142,141,141,140,139,139,139,138,138,138,137,137,137,137,137,137,137,138,138,139,139,140,141,141,140,140,140,141,142,143,143,143,144,146,147,148,148,149,149,148,147,145,142,140,136,133,136,140,138,128,117,111,107,105,105,105,105,107,116,132,141,140,131,126,121,114,109,107,112,116,116,121,125,128,129,132,143,148,139,128,129,132,122,103,95,86,80,100,113,111,113,111,101,96,94,98,108,116,122,126,129,133,133,133,135,136,135,133,134,136,134,132,131,130,128,126
150,150,151,151,150,150,151,150,150,151,151,151,151,151,151,151,151,151,151,151,152,151,152,152,152,152,152,152,152,152,152,152,152,152,152,152,152,153,153,153,152,153,153,153,153,153,153,153,153,153,153,153,152,152,152,152,152,153,153,153,153,153,153,153,153,153,153,153,153,152,152,152,152,152,151,149,148,147,146,145,144,143,143,142,141,141,140,139,139,138,138,137,137,136,136,136,136,136,136,137,137,138,138,139,140,141,142,142,141,141,141,142,144,145,145,146,147,148,149,149,148,148,147,147,145,141,136,134,135,136,137,135,126,113,105,104,104,105,105,107,112,115,123,139,149,142,128,121,117,113,108,106,113,116,116,122,129,135,139,139,137,136,133,130,132,136,126,106,99,95,92,106,115,111,104,96,88,94,110,121,127,128,126,126,128,131,132,131,133,134,130,127,131,135,134,131,127,122,111,103
150,150,150,150,150,150,150,150,150,150,151,151,150,150,151,151,151,151,151,151,151,151,151,151,152,152,152,152,152,152,152,152,152,152,152,152,152,152,152,153,153,153,153,153,153,153,153,153,153,153,153,152,152,152,152,152,152,153,153,153,153,152,152,152,152,153,152,152,152,152,151,151,151,151,150,149,148,146,145,144,144,143,142,141,141,141,140,139,139,138,137,137,136,136,136,136,136,136,136,136,137,138,139,140,141,142,143,143,143,143,143,144,146,147,148,148,149,150,150,149,148,147,145,144,141,136,132,133,136,136,129,118,110,105,104,105,105,105,108,118,129,132,130,135,139,130,123,121,118,114,108,107,116,122,125,133,139,139,135,132,131,133,135,136,135,135,127,111,104,103,105,111,112,106,99,99,109,121,132,136,133,130,127,126,127,130,131,131,131,131,126,120,127,130,126,122,113,104,96,89
150,150,150,150,150,150,150,150,150,150,150,151,150,150,151,151,151,151,151,151,151,151,151,151,151,152,152,152,152,152,152,152,152,152,152,152,152,152,152,153,153,153,153,153,153,153,153,153,152,152,152,152,152,152,152,152,152,152,153,153,152,152,152,151,151,151,151,151,151,150,150,150,150,149,149,148,147,146,145,144,144,143,142,141,141,141,140,139,139,138,137,137,137,137,136,136,136,136,136,136,137,138,140,142,143,144,145,146,146,146,146,146,147,149,150,151,151,151,151,149,147,146,144,142,140,137,135,134,133,127,116,108,105,104,105,105,105,108,120,135,139,131,120,119,122,120,120,121,118,114,109,112,126,137,141,143,139,130,122,125,131,135,137,136,135,135,131,120,111,105,105,110,112,116,122,126,133,139,140,137,135,134,129,126,127,129,130,130,130,131,120,108,117,119,108,108,100,96,100,101
150,150,150,150,150,150,150,150,150,150,150,150,150,150,150,151,151,150,150,151,151,151,151,151,151,151,151,151,151,151,151,152,152,152,152,152,152,152,152,152,152,153,153,153,154,153,153,153,152,152,152,152,152,152,152,152,152,152,152,152,152,152,151,151,150,150,150,149,149,149,148,148,148,148,148,147,146,145,144,143,143,143,142,141,141,140,140,139,139,138,138,137,137,137,136,136,136,136,136,136,137,139,141,143,145,147,148,149,150,149,149,149,150,151,151,152,152,152,151,148,146,145,144,143,142,141,138,129,119,112,109,108,106,105,108,114,115,121,133,137,128,118,110,111,115,117,120,120,120,122,122,128,141,146,142,137,131,126,124,128,134,136,137,136,135,133,130,125,117,104,97,112,127,135,142,141,139,141,142,139,137,137,131,126,127,129,130,129,130,126,107,88,97,106,100,103,104,102,106,107
149,149,149,150,150,150,150,150,150,150,150,150,150,150,150,150,151,150,150,150,151,151,151,150,150,151,151,151,151,151,151,152,152,152,152,152,152,152,152,152,152,152,153,154,154,154,153,153,152,152,152,152,152,152,152,152,152,152,152,152,152,152,151,151,150,149,148,148,148,147,147,146,146,146,146,146,145,144,143,143,142,142,142,141,141,140,140,139,139,138,138,137,137,136,136,136,136,136,136,137,138,140,143,145,147,149,150,151,151,151,151,151,151,152,152,152,153,152,151,147,144,144,144,143,143,142,135,118,107,105,107,108,106,109,121,133,135,133,130,121,115,112,111,113,116,117,120,121,125,136,142,141,141,136,127,125,128,130,131,131,135,137,137,136,133,131,125,121,122,107,95,115,138,145,145,142,140,143,144,139,138,138,131,126,126,128,125,116,112,107,92,81,89,103,104,106,109,103,96,93
149,149,149,149,149,149,150,150,150,150,150,150,150,150,150,150,150,150,150,150,150,150,150,150,150,150,151,151,151,151,151,152,152,152,152,152,152,152,152,152,152,152,153,154,154,154,153,153,153,152,152,152,152,152,152,152,152,152,152,152,152,152,151,151,150,149,148,148,147,147,146,146,145,145,145,145,144,143,143,142,142,142,141,141,141,140,140,139,138,138,138,137,137,136,136,136,136,136,136,137,139,142,145,148,150,151,151,152,152,152,152,152,152,152,152,152,152,150,148,145,145,146,144,141,137,135,126,111,104,105,106,107,110,121,134,139,135,125,114,109,111,113,111,113,116,117,122,129,134,143,142,131,125,120,119,122,127,131,132,133,136,138,138,138,135,135,132,124,124,114,102,118,139,146,146,143,142,144,145,140,138,137,130,125,124,120,106,90,89,94,95,96,101,104,96,94,98,94,90,89
149,149,149,149,149,149,149,149,149,150,150,150,150,150,150,150,150,150,150,150,150,150,150,150,150,150,150,151,151,151,151,151,151,151,152,152,152,152,152,153,153,153,153,154,154,154,154,153,153,153,152,152,152,152,152,152,152,152,152,152,152,151,151,151,150,149,148,148,148,147,147,146,146,145,145,144,144,143,142,142,142,142,141,141,141,140,140,139,138,138,138,137,137,136,136,136,136,136,137,138,140,143,146,149,151,152,152,153,153,153,153,153,153,152,152,151,149,147,146,145,145,147,145,133,121,119,118,109,104,105,110,116,125,133,130,122,119,114,107,106,111,113,111,113,120,125,130,137,136,133,120,107,109,115,119,122,125,130,134,134,134,137,140,143,145,145,141,126,118,116,110,120,138,145,145,143,142,145,146,141,136,134,125,115,108,101,92,88,96,104,106,106,104,98,88,86,91,97,107,113
149,149,149,149,149,149,149,149,149,149,149,149,149,150,150,150,150,150,150,150,150,150,150,150,150,150,150,150,150,151,151,151,151,152,152,152,152,152,153,153,153,153,153,154,154,153,153,153,153,153,152,152,152,152,152,152,152,152,151,151,151,151,151,150,150,150,149,149,148,148,148,147,147,146,145,145,144,144,143,143,142,142,142,141,141,141,140,139,138,138,138,138,137,137,136,136,136,137,138,139,141,143,146,150,152,153,153,153,153,153,154,154,154,153,152,149,145,143,145,146,144,141,135,121,109,110,113,108,104,110,123,133,135,129,113,106,112,112,107,106,111,112,112,120,132,136,135,131,121,116,107,98,107,116,120,122,124,127,131,132,133,139,147,147,144,143,135,116,109,113,113,121,135,142,142,142,142,145,145,134,124,119,109,100,93,92,99,106,110,107,99,93,89,90,96,98,102,114,125,130
148,148,149,149,149,149,149,149,149,149,149,149,149,149,150,150,150,150,150,150,150,150,150,150,150,150,150,150,150,151,151,151,151,152,152,153,153,153,153,153,153,153,153,153,153,152,152,152,152,152,152,152,152,152,152,151,151,151,151,151,151,150,150,150,150,150,150,149,149,149,148,148,148,147,147,146,145,145,144,144,143,143,142,142,142,142,141,140,139,139,138,138,137,137,137,137,137,138,139,141,142,144,147,150,152,153,153,153,153,153,154,154,153,151,150,147,143,141,140,138,133,124,117,111,107,109,112,112,115,123,130,131,124,115,105,104,111,112,107,108,118,121,124,135,140,133,122,116,111,111,107,102,109,117,120,120,121,126,130,136,143,145,145,140,132,131,125,108,109,116,113,120,133,138,139,140,142,140,131,114,100,100,100,102,103,103,107,106,100,94,87,79,80,92,103,105,110,121,128,129
148,148,148,148,148,148,149,149,149,149,149,149,149,149,149,149,150,150,150,150,150,150,150,150,150,150,150,150,150,150,150,150,151,152,153,153,153,153,153,153,153,153,153,153,152,152,152,152,152,152,152,152,152,152,152,151,151,151,151,151,151,150,150,150,150,150,150,150,150,150,149,149,148,148,147,147,146,146,146,145,144,144,143,143,143,143,142,141,140,140,139,139,139,138,138,138,139,140,141,143,145,147,148,150,152,153,153,153,153,153,153,152,149,146,145,145,143,140,132,122,116,112,108,107,109,114,121,127,132,130,120,114,113,110,105,105,111,115,116,122,135,138,133,131,127,118,111,111,112,113,109,105,111,116,119,121,124,135,140,140,143,141,135,134,132,130,121,106,112,123,117,121,133,137,137,134,128,115,100,94,92,98,107,111,109,101,94,90,90,95,95,85,87,99,103,103,108,120,127,128
148,148,148,148,148,148,148,149,149,149,149,149,149,149,149,149,149,149,150,150,149,149,149,149,150,150,149,149,150,150,150,150,150,151,153,153,153,153,153,153,153,153,153,152,151,151,151,152,152,152,152,152,152,152,151,151,151,151,151,151,151,151,150,150,150,150,150,150,150,150,150,149,149,148,148,147,147,147,147,146,146,145,144,144,144,143,143,142,141,141,141,140,141,141,141,141,142,143,144,146,148,149,150,151,152,153,153,153,153,152,151,150,148,145,142,141,138,131,121,112,109,110,108,106,111,127,137,136,133,122,109,107,112,111,105,105,110,118,131,141,145,136,115,103,107,110,111,112,113,113,112,110,112,115,124,133,140,147,146,134,129,133,134,135,135,132,122,106,109,119,116,122,130,130,128,119,105,92,87,97,101,102,105,103,98,92,88,94,108,117,111,97,97,102,102,102,107,119,126,127
148,148,148,148,148,148,148,148,148,148,148,149,149,149,149,149,149,149,149,149,149,149,149,149,149,149,149,149,149,149,149,150,150,151,152,153,153,153,153,153,153,153,153,152,151,151,151,151,152,152,152,152,152,151,151,151,151,151,151,151,150,150,150,150,150,150,150,150,150,149,149,149,149,148,148,148,148,147,147,147,146,146,145,144,144,144,143,143,143,142,142,143,143,144,145,145,146,147,147,148,150,152,152,153,153,153,153,153,152,150,146,145,147,146,139,129,120,116,114,110,110,111,112,114,119,130,133,125,119,113,107,108,112,110,105,110,119,127,138,140,133,115,93,89,101,110,111,112,113,113,112,113,117,125,137,142,140,143,138,124,122,130,135,136,135,132,123,108,102,106,111,119,115,107,111,107,102,102,102,103,99,93,91,91,93,103,113,122,131,134,121,104,104,106,102,101,108,120,127,127
147,147,148,148,148,148,148,148,148,148,148,148,148,149,149,149,149,149,149,149,149,149,149,149,149,149,149,149,149,149,149,150,150,150,151,152,152,153,153,152,152,152,152,152,151,151,151,151,151,151,151,151,151,151,151,151,151,151,151,151,150,150,150,150,150,150,149,149,149,149,148,148,148,148,148,147,147,147,147,147,147,146,145,144,144,144,144,144,144,144,144,145,146,147,148,148,149,149,149,150,151,152,153,153,153,153,153,153,151,148,145,143,144,139,125,111,106,109,112,111,113,120,127,131,125,119,117,114,113,111,107,107,113,117,118,127,139,142,133,121,113,101,88,91,103,110,111,110,109,111,114,119,129,134,136,134,127,129,125,116,121,130,133,135,134,131,125,112,99,96,105,111,101,95,104,110,111,109,103,99,94,87,88,96,102,115,131,137,137,138,125,107,109,111,103,102,111,123,129,130
147,148,148,148,148,148,148,148,148,148,148,148,148,148,148,148,148,148,149,149,149,149,149,149,149,149,149,149,149,149,149,149,149,149,150,150,151,151,151,152,152,152,152,152,151,151,151,151,151,151,151,151,151,151,151,151,151,151,151,151,150,150,150,150,150,149,149,149,148,148,148,148,148,148,147,147,147,147,147,147,147,146,145,145,145,145,145,145,145,146,146,147,148,149,149,150,150,150,150,151,151,152,153,153,153,153,153,152,151,149,144,138,134,125,111,102,103,108,111,113,123,135,139,132,117,110,111,111,113,111,107,109,122,136,141,143,144,137,120,107,104,97,87,91,103,109,109,109,112,121,126,126,130,127,123,127,127,126,118,110,118,129,132,134,132,129,128,118,99,91,101,109,106,105,107,108,104,98,97,105,109,102,100,106,108,116,129,136,138,138,125,106,110,113,106,105,113,126,131,130
147,148,148,148,148,147,147,148,148,148,148,148,148,148,148,148,148,148,148,148,148,148,148,149,149,149,149,149,149,149,149,149,149,149,149,149,149,149,150,151,151,151,151,151,151,151,151,151,151,151,151,151,151,151,151,151,150,150,150,150,150,149,149,149,149,149,148,148,148,147,147,147,147,147,147,147,146,147,147,147,147,147,146,145,145,145,146,147,147,148,149,149,150,150,150,151,151,151,151,151,152,152,153,153,153,153,152,152,150,144,131,119,115,111,105,102,104,110,117,121,127,132,129,121,111,109,111,111,116,120,119,122,134,140,140,136,126,116,107,103,103,97,86,89,102,111,115,121,129,134,130,123,122,122,122,129,133,129,117,106,115,128,129,126,124,130,135,124,102,90,100,110,110,109,109,108,100,100,113,123,121,111,105,106,107,115,128,137,140,139,123,103,106,110,106,104,112,126,130,127
147,147,148,148,147,147,147,148,148,148,148,148,148,148,148,148,148,148,148,148,148,148,148,148,148,148,149,149,149,148,148,149,149,148,148,148,148,149,149,149,150,150,150,150,150,151,151,151,151,151,151,151,151,151,151,150,150,150,150,150,150,149,149,149,149,149,148,148,147,147,147,148,148,148,147,147,147,147,147,148,148,147,147,147,147,147,148,149,150,151,151,151,150,150,151,151,151,151,152,152,152,153,153,153,152,152,152,152,147,132,112,102,104,106,102,103,112,121,126,124,117,114,113,114,112,110,109,109,119,137,140,132,125,117,114,113,110,106,104,103,103,98,92,99,114,126,132,132,131,124,119,119,122,124,126,130,132,128,114,103,111,120,120,121,126,139,138,123,107,96,103,108,102,108,121,123,114,118,128,130,121,107,102,103,106,115,127,136,140,138,119,98,101,104,101,101,107,117,123,124
147,147,148,148,147,147,147,147,147,147,147,147,147,148,148,148,148,148,148,148,148,148,148,148,148,148,149,149,148,148,148,148,148,148,148,148,148,148,149,149,149,149,149,149,150,150,151,151,151,151,151,151,151,151,150,150,151,150,150,150,150,150,149,149,149,149,148,148,148,148,148,148,148,148,148,148,148,148,149,149,149,149,149,150,150,150,150,151,152,151,151,151,151,150,151,151,151,152,152,152,152,152,152,152,152,152,152,152,143,120,102,99,103,105,105,114,126,129,121,111,106,105,107,112,111,110,113,117,128,143,139,117,97,91,97,102,105,105,103,108,113,114,115,123,135,141,134,121,115,113,116,122,125,125,126,129,131,127,113,105,115,120,122,134,139,141,136,125,116,105,105,106,105,122,137,129,115,122,130,128,121,107,101,102,105,114,126,133,137,135,116,94,97,102,97,93,92,94,103,111
146,147,147,147,147,147,147,147,147,147,147,147,147,147,148,147,147,148,148,148,148,147,147,148,148,148,148,148,148,148,148,148,148,148,148,148,148,148,148,148,148,148,148,148,149,149,150,150,150,151,149,146,145,148,150,150,151,151,150,150,150,150,149,149,149,148,148,148,148,148,148,148,149,148,148,149,149,149,150,150,151,151,151,151,151,151,152,152,152,152,151,151,151,150,150,151,151,152,152,152,152,152,152,152,152,152,151,151,140,116,101,99,106,114,119,125,128,121,109,104,104,104,107,111,114,120,130,136,135,131,121,103,86,83,94,101,105,105,106,121,137,139,140,141,137,135,125,111,109,113,118,123,125,125,126,127,125,124,120,121,135,138,134,140,138,132,133,133,125,106,102,113,125,137,141,122,103,116,129,127,121,108,100,100,104,113,125,130,133,134,115,90,92,100,92,83,80,79,87,96
146,147,147,147,147,147,147,147,147,147,147,147,147,147,147,147,147,147,147,147,147,147,147,147,147,147,148,148,148,148,148,148,148,148,148,148,148,148,148,148,148,148,148,148,148,149,149,149,149,150,146,135,131,142,150,150,150,150,151,150,150,150,149,149,148,148,148,147,148,148,148,148,149,149,149,149,149,150,150,151,151,151,152,152,152,152,152,152,152,152,151,151,150,150,150,150,151,151,151,151,151,151,151,151,151,151,151,151,140,117,101,101,117,131,126,116,113,109,105,105,106,108,117,124,129,137,142,136,123,115,111,102,87,83,94,106,115,117,120,136,147,143,139,133,121,121,122,114,111,113,118,123,125,123,121,120,121,129,138,140,142,139,130,129,131,133,133,127,114,99,98,118,136,140,139,119,98,114,130,128,121,108,100,100,102,112,124,129,130,131,114,84,83,98,93,85,89,90,92,97
146,146,147,147,147,147,146,146,147,147,147,147,147,147,147,147,147,147,147,147,147,147,147,147,147,147,148,148,148,148,148,147,147,147,147,147,147,147,147,147,147,148,148,148,148,148,148,148,148,149,143,127,123,140,150,150,150,150,150,150,150,149,149,148,147,147,147,147,147,148,148,148,148,148,148,148,149,149,150,151,151,151,151,152,151,152,152,152,152,152,151,151,150,150,150,150,150,150,150,150,150,150,150,150,150,151,151,151,143,126,113,112,125,130,116,106,106,105,103,105,110,123,139,144,141,141,136,121,109,108,110,103,88,88,105,123,137,140,139,139,135,126,123,119,110,117,125,116,110,113,118,122,124,126,124,126,134,141,146,143,131,124,125,129,132,137,132,115,103,95,97,118,137,141,139,118,96,113,130,127,121,108,100,99,100,107,118,127,124,118,108,86,82,98,100,97,98,97,98,100
146,146,146,147,147,146,146,146,146,146,146,146,146,146,147,147,147,147,147,147,147,146,146,147,147,147,147,147,147,147,147,147,147,147,147,147,147,147,147,147,147,148,148,148,148,148,148,148,148,148,139,119,117,138,150,150,150,149,149,149,149,148,148,148,147,147,147,147,147,147,147,147,147,147,147,147,148,148,149,150,151,151,151,151,151,151,151,151,151,151,151,150,150,149,149,149,149,149,149,149,150,150,150,150,150,150,150,151,148,139,128,121,119,113,108,107,107,103,100,106,123,138,142,138,128,128,130,117,108,110,110,108,102,109,130,144,150,147,136,125,119,116,116,113,108,118,126,116,109,112,119,126,131,140,141,135,136,137,139,140,130,125,130,134,134,136,130,112,104,99,97,117,137,141,139,118,97,112,128,126,120,108,100,96,93,93,103,119,115,103,101,96,94,102,103,102,99,94,92,92
146,146,146,146,146,146,146,146,146,146,146,146,146,146,147,147,147,147,147,147,147,146,146,146,146,147,147,147,147,147,147,147,147,147,147,147,147,147,147,147,147,147,147,147,147,147,147,147,147,145,129,105,102,127,146,149,149,149,148,148,148,148,148,148,147,147,147,147,147,147,147,147,147,147,147,147,147,148,149,149,150,151,151,150,150,150,151,151,151,151,151,150,149,149,149,148,149,149,149,149,149,149,149,149,150,150,150,150,147,134,119,113,110,107,107,108,105,105,108,116,128,130,120,113,110,118,130,118,108,109,110,121,133,141,145,143,138,129,117,110,111,115,116,113,108,116,120,111,108,119,132,142,143,143,138,125,117,121,132,141,135,130,133,135,134,135,128,111,108,105,98,114,135,140,137,117,97,111,125,124,116,101,94,90,87,86,92,107,109,102,101,101,101,101,96,92,89,88,89,91
146,146,146,146,146,146,146,146,146,146,146,146,146,146,146,147,147,147,147,147,146,146,146,146,146,146,146,146,147,147,147,147,147,147,147,147,146,146,146,146,146,147,147,147,147,147,147,147,147,138,115,96,94,112,138,148,148,148,148,148,148,147,147,147,147,147,147,147,147,147,147,147,146,146,146,146,146,147,148,149,149,150,150,150,150,150,150,150,150,151,151,150,149,149,148,148,148,148,149,149,148,149,149,149,149,149,149,149,140,118,105,107,109,107,108,113,116,119,126,124,117,110,105,103,104,117,130,121,116,119,122,135,145,142,133,120,113,110,105,106,111,115,116,112,111,119,121,115,121,138,149,150,139,125,120,116,112,117,132,143,136,129,131,133,134,134,127,110,110,112,98,110,133,137,135,116,97,107,118,117,104,90,89,91,96,98,98,103,106,105,102,95,92,94,91,87,82,84,99,109
146,146,146,146,146,146,146,146,146,146,146,146,146,146,146,146,146,146,147,147,146,146,146,146,146,146,146,146,146,146,146,146,146,146,146,146,146,146,146,146,146,146,146,146,146,147,147,147,147,136,111,97,97,111,136,148,148,148,148,148,148,147,147,147,147,147,147,147,147,147,147,146,146,146,146,146,146,147,148,148,149,149,150,149,149,149,150,150,150,150,150,150,149,148,148,148,148,148,148,148,148,148,148,148,148,148,149,149,137,114,105,108,112,117,121,131,137,133,127,117,106,102,103,103,104,117,133,134,137,140,135,134,129,118,112,107,103,104,103,105,111,115,117,119,124,136,139,135,134,138,145,144,127,114,115,117,117,119,133,145,137,127,128,129,128,130,132,121,115,109,92,105,130,134,129,111,92,93,101,105,95,89,97,102,106,107,105,102,96,96,100,94,89,95,103,105,95,89,106,120
146,146,146,146,146,146,146,146,146,146,145,145,146,146,146,146,146,146,147,147,146,146,146,146,146,146,146,146,146,146,146,146,146,146,146,146,146,146,146,146,146,146,146,146,146,147,147,147,144,131,110,97,96,109,132,145,148,148,147,148,148,147,147,147,147,147,146,146,146,146,146,146,146,146,146,146,146,146,147,147,148,149,149,149,149,150,150,150,150,150,150,150,149,148,148,148,148,148,147,147,147,147,148,148,148,148,148,148,137,116,108,116,127,140,142,141,136,125,117,110,104,103,103,105,109,124,141,145,142,136,124,115,112,108,107,106,105,104,103,105,110,115,125,137,145,147,141,134,123,116,128,137,123,114,116,117,117,119,132,145,136,124,121,121,123,131,143,138,122,101,85,99,122,125,115,97,85,84,91,101,102,100,104,105,102,97,98,99,92,93,104,108,107,110,117,119,106,93,106,119
146,146,145,145,145,145,146,146,145,145,145,145,145,146,146,146,146,146,146,146,146,146,146,146,146,146,146,146,146,146,146,146,146,146,146,146,146,146,146,146,146,146,146,146,146,146,146,146,138,119,104,96,94,103,121,139,147,147,147,147,147,147,146,146,146,146,146,146,146,146,146,146,146,146,146,146,146,146,146,147,148,148,149,149,150,150,150,150,150,150,150,149,148,148,148,148,148,147,147,147,147,147,147,147,147,147,147,147,137,116,116,135,145,146,139,127,117,114,115,110,104,106,113,120,129,137,138,133,122,113,108,105,108,109,109,107,105,104,102,107,115,124,137,143,142,134,120,114,109,107,121,134,123,114,117,117,116,118,131,144,138,128,123,124,133,139,142,137,120,103,89,91,105,112,102,91,92,97,101,106,105,98,94,96,96,87,88,102,108,107,114,118,119,119,119,118,105,93,105,117
145,145,145,145,145,145,145,145,145,145,145,145,145,145,146,146,146,146,146,146,146,146,146,146,146,146,146,146,146,146,146,146,146,146,145,145,145,145,146,146,146,146,146,146,146,146,146,143,131,114,101,96,98,103,112,129,143,147,147,147,147,147,146,146,146,146,146,146,146,146,146,146,146,146,146,145,145,145,146,146,147,147,148,149,149,149,149,150,150,150,150,149,148,148,148,147,147,147,147,147,147,147,146,146,147,147,147,147,139,125,126,138,138,127,120,116,110,111,114,109,108,120,137,141,138,131,118,111,108,106,106,107,109,110,109,110,115,116,114,121,129,130,131,125,116,112,108,107,109,110,122,132,123,115,117,116,114,119,134,145,144,141,137,137,145,142,133,122,112,106,95,87,93,103,104,101,105,108,104,97,92,87,86,94,105,96,86,104,118,116,117,118,117,117,118,117,104,93,104,116
145,145,145,145,145,145,145,145,145,145,145,145,145,145,145,145,145,145,145,145,146,146,146,146,146,146,146,146,145,145,145,146,146,146,145,145,145,145,145,146,145,145,145,146,146,146,146,140,127,112,101,100,108,110,104,112,135,146,146,147,147,147,146,146,146,146,146,146,146,146,146,146,146,146,146,145,145,145,145,146,146,147,147,148,148,148,148,149,150,150,149,149,148,148,148,147,147,147,147,147,146,146,146,146,146,147,146,146,141,132,125,120,116,111,112,115,111,110,116,119,126,138,144,136,121,111,105,104,108,108,107,107,109,109,112,123,137,142,138,135,129,118,112,107,103,104,106,108,110,111,122,132,124,116,115,113,116,128,141,146,145,140,133,135,142,139,130,119,115,110,98,91,96,103,107,104,99,100,99,89,83,87,98,108,116,104,88,102,115,114,115,116,115,115,116,116,103,92,103,114
144,144,144,145,145,145,145,145,145,145,145,145,145,145,145,145,145,145,145,146,146,146,146,146,146,146,146,146,145,145,146,147,147,146,146,145,145,145,145,145,145,145,145,145,146,146,144,137,124,108,98,103,114,111,99,103,126,143,146,146,147,146,146,146,146,146,146,146,146,146,146,146,146,146,146,146,145,145,145,145,146,146,146,147,146,147,148,149,149,149,149,148,148,147,147,147,147,147,147,147,147,146,146,146,146,146,146,146,138,122,111,106,106,107,111,117,116,119,130,137,139,137,126,114,107,103,103,106,108,108,109,110,110,116,128,137,140,140,136,126,114,107,106,105,103,105,106,108,110,111,122,134,129,124,123,123,131,138,139,139,137,124,115,124,133,135,130,125,126,118,102,94,96,100,100,94,84,91,105,105,95,91,106,117,118,106,92,102,113,112,114,114,112,113,115,114,102,89,101,113
144,144,145,145,145,144,144,145,145,145,145,145,144,144,145,145,145,145,145,145,145,145,145,146,146,146,146,146,145,146,149,150,148,147,147,146,146,146,145,145,145,145,145,145,145,144,137,124,111,102,95,94,101,101,96,100,116,136,146,146,146,146,146,146,146,146,146,146,146,146,146,146,146,146,146,146,146,145,145,145,146,145,146,146,146,147,148,148,149,149,149,148,148,148,147,146,146,147,147,147,147,147,146,146,146,146,146,146,136,115,102,100,104,108,117,128,134,140,141,135,129,127,116,105,105,103,102,105,110,115,121,123,124,129,135,131,119,113,114,111,107,107,109,109,106,105,105,106,107,110,124,138,139,140,141,139,137,132,125,124,126,116,107,118,127,128,128,126,125,117,104,90,92,99,99,93,85,98,115,118,104,89,102,116,116,108,99,105,111,110,111,112,110,112,113,113,100,87,99,111
144,144,144,145,144,144,144,144,144,145,145,144,144,144,145,145,145,145,145,145,145,145,145,145,145,146,146,146,146,147,151,152,149,147,147,147,147,146,145,145,145,145,145,145,145,142,134,123,113,107,97,89,91,94,95,101,109,126,142,146,146,146,146,146,146,146,146,146,146,146,145,145,146,146,145,146,146,145,145,145,145,145,145,146,146,147,148,149,149,149,149,148,148,148,147,147,146,147,147,147,147,147,146,146,146,146,146,146,136,116,101,98,106,120,135,144,144,139,128,115,115,123,116,105,104,102,103,112,123,133,140,140,136,129,119,113,108,105,107,108,107,108,111,113,108,108,111,111,112,121,136,143,142,140,140,135,125,120,118,118,122,113,102,114,122,122,125,120,110,106,97,85,95,109,109,99,91,105,118,117,101,85,99,114,114,109,102,106,109,108,109,110,110,111,112,112,98,85,97,110
144,144,144,144,144,144,144,144,144,144,144,144,144,144,144,145,145,145,145,145,145,145,145,145,145,145,146,146,146,148,151,151,148,147,147,147,147,146,145,145,145,145,145,145,144,137,132,132,129,117,102,94,90,88,94,104,103,110,134,146,146,146,146,146,146,146,146,146,146,145,145,145,145,145,145,145,146,145,145,145,145,145,145,145,146,148,149,149,149,149,149,148,148,148,147,147,146,146,147,147,147,146,146,146,146,146,145,145,136,120,111,112,124,139,145,142,130,116,108,104,112,123,115,104,103,104,114,131,140,138,137,134,125,115,108,107,109,109,109,109,108,109,113,113,110,119,128,128,134,141,140,136,129,124,123,122,118,117,119,119,121,109,97,109,117,116,121,116,101,96,88,78,96,114,114,100,89,106,118,116,100,84,98,113,112,109,104,106,107,107,108,109,109,109,110,110,96,81,90,102
143,143,143,143,143,143,144,144,144,144,144,144,144,144,144,144,144,144,144,145,145,145,145,145,145,145,146,146,146,148,150,148,147,146,147,147,147,147,146,146,146,146,145,145,143,136,124,116,117,111,98,94,88,80,84,93,94,102,126,143,146,146,146,146,145,145,145,145,145,145,145,145,145,145,145,145,146,145,145,145,145,145,145,145,146,147,148,149,149,149,148,148,148,147,147,147,147,146,146,146,146,146,146,146,146,145,145,145,139,133,136,140,143,139,132,128,114,102,100,101,111,120,114,107,112,121,131,138,135,121,113,113,111,108,108,109,109,109,109,108,110,117,123,122,123,136,141,136,138,137,126,118,116,114,114,117,118,118,118,119,119,108,96,107,112,109,115,114,103,95,81,70,90,110,111,97,88,105,117,114,98,82,97,111,110,110,108,106,105,105,107,107,107,104,99,97,86,72,79,90
142,143,143,143,143,143,143,143,143,143,143,143,144,144,144,144,144,144,144,144,144,144,144,144,145,145,145,146,146,147,147,147,146,146,146,147,147,147,147,147,147,147,146,143,135,127,110,94,100,103,91,90,87,77,77,87,98,108,121,138,146,146,146,145,145,145,145,145,145,145,145,145,146,146,145,145,145,145,145,145,145,145,145,145,145,147,148,148,148,148,148,147,147,147,147,147,146,146,146,146,146,145,145,145,145,145,144,144,144,142,138,136,132,119,116,121,111,98,95,99,112,125,123,123,131,137,137,125,114,107,104,106,108,108,108,108,109,108,107,108,118,132,141,138,135,137,132,120,116,117,114,111,112,112,114,117,118,118,118,117,117,109,101,108,113,115,121,121,114,107,87,69,84,106,108,96,89,105,115,112,95,80,95,109,109,110,109,106,104,102,99,98,96,87,79,81,80,74,83,92
142,143,143,143,143,143,143,143,143,143,143,143,143,143,144,144,144,144,144,144,144,144,144,144,145,145,145,145,146,146,146,146,146,146,146,146,146,146,147,147,147,147,147,137,116,102,94,92,99,100,89,79,74,72,81,96,106,106,111,128,142,145,145,145,145,145,145,145,145,145,145,145,145,145,145,145,145,145,145,145,145,145,145,145,145,147,148,148,148,147,147,147,146,146,146,146,146,146,146,146,146,145,145,145,145,144,144,144,143,134,114,103,106,104,112,122,112,98,98,109,125,136,134,131,130,131,131,115,104,105,106,107,108,108,107,107,110,115,116,121,133,140,141,134,124,118,113,107,106,110,112,113,112,112,114,117,118,117,116,117,122,121,118,122,128,136,142,140,134,131,109,75,80,102,107,98,92,106,114,110,94,80,95,108,107,108,108,105,98,88,83,88,87,79,79,89,93,93,100,106
142,142,143,142,142,142,142,143,143,143,143,143,143,143,143,143,143,143,143,144,144,144,144,144,145,145,144,145,145,145,145,146,146,146,146,146,146,146,147,147,147,147,147,131,104,90,91,94,96,99,89,69,63,70,79,90,94,88,91,110,134,145,145,145,145,145,145,145,145,145,145,145,145,145,145,145,145,145,145,145,146,146,146,145,146,147,147,147,147,147,147,146,146,146,146,146,146,146,146,146,145,145,145,144,144,144,144,144,137,120,99,89,95,101,113,123,114,109,119,134,144,141,124,113,111,118,126,114,103,104,105,106,106,109,115,117,123,134,140,140,136,128,120,115,111,108,105,105,106,109,112,112,112,113,114,115,112,110,114,126,139,143,144,145,143,141,139,134,136,143,121,77,73,98,106,100,97,106,111,108,94,80,89,100,100,97,98,103,95,82,81,93,98,95,98,105,105,105,106,106
142,142,142,142,142,142,142,142,142,142,142,142,143,143,143,143,143,143,143,143,143,144,144,144,144,144,144,144,145,145,145,145,146,146,146,146,146,146,146,146,146,146,146,130,102,92,92,88,91,100,90,69,66,73,72,72,73,72,79,98,129,145,145,145,145,145,145,145,145,145,145,145,145,145,145,145,145,145,145,145,146,147,146,146,147,147,147,147,147,146,146,146,145,146,146,145,145,145,145,145,145,145,144,144,143,143,143,143,134,115,98,90,100,114,124,128,125,129,135,137,142,140,117,102,103,114,124,112,102,104,105,107,113,123,136,139,135,137,142,137,123,112,107,107,109,108,105,104,106,109,112,112,111,110,112,113,115,116,125,143,155,152,144,139,131,118,108,101,112,131,112,69,67,94,105,102,101,105,105,103,93,76,77,91,96,89,89,103,107,100,98,103,107,108,106,100,95,93,93,92
142,142,142,142,142,142,142,142,142,142,142,142,142,143,142,142,142,143,143,143,143,143,143,143,144,144,144,144,144,145,145,145,145,145,145,145,145,145,146,146,146,146,146,129,102,93,92,87,91,97,86,66,67,76,72,68,67,68,78,99,129,145,145,145,145,145,145,145,145,145,145,145,145,145,145,145,145,145,145,145,146,147,146,146,146,146,146,146,146,146,145,145,145,145,145,145,145,145,145,145,145,144,144,143,143,143,143,143,134,114,100,101,118,139,142,134,130,131,127,117,125,136,119,104,104,114,122,111,104,114,118,122,130,135,139,137,124,117,118,117,110,106,105,106,108,108,104,103,105,108,110,111,110,115,122,127,135,140,143,143,141,134,121,110,101,93,87,82,93,108,91,60,63,91,104,105,103,98,91,93,95,82,80,96,105,101,99,108,114,112,106,97,94,96,94,86,80,79,82,86
142,142,142,142,142,142,142,142,142,142,142,142,142,142,142,142,142,142,142,143,143,143,143,143,143,144,144,144,144,144,144,144,144,144,144,144,145,145,145,145,145,145,145,129,102,95,94,87,90,93,82,65,66,74,75,75,71,69,79,100,129,145,145,145,145,145,145,145,145,145,145,145,145,145,145,145,145,145,145,146,146,146,146,146,146,146,146,145,146,145,145,145,145,145,145,145,145,145,145,145,144,144,143,143,143,143,143,142,133,115,113,128,143,149,142,129,118,114,112,105,117,134,119,104,106,117,126,119,120,135,141,139,132,120,115,114,109,105,106,107,106,105,104,105,107,107,105,106,110,115,118,119,123,135,141,139,140,137,129,115,102,106,110,97,87,85,81,79,85,89,75,57,65,89,98,102,105,94,86,93,102,100,100,108,113,111,104,101,101,99,93,83,79,81,85,87,88,88,91,94
141,141,141,141,141,141,141,141,141,141,141,141,141,141,142,142,142,142,142,142,142,142,143,143,143,143,143,143,144,144,144,144,144,144,144,144,144,144,144,144,144,145,144,130,105,97,93,86,87,89,85,79,74,74,75,78,72,70,80,100,129,145,145,145,145,146,147,147,146,146,146,146,145,145,145,145,146,146,146,146,146,146,146,146,146,146,146,145,145,145,145,144,144,145,145,145,145,144,144,144,144,144,143,143,143,143,142,142,135,123,123,132,138,133,128,128,114,105,106,104,117,135,120,105,116,131,138,137,134,137,140,133,117,105,103,104,104,104,105,106,105,104,103,103,105,109,116,122,127,137,143,140,136,136,130,119,112,103,95,89,82,93,108,97,86,88,82,84,93,87,72,63,77,95,94,97,106,104,100,106,110,110,109,104,99,96,89,82,82,82,83,85,87,88,92,97,99,98,98,98
141,141,141,141,141,141,141,141,141,141,141,141,141,141,141,142,142,142,142,142,142,142,142,142,143,143,143,143,143,143,143,143,144,144,144,144,144,144,144,144,144,144,143,128,106,98,93,85,84,84,90,97,85,72,76,80,70,66,79,101,130,145,145,145,146,149,152,152,149,146,146,146,145,145,145,146,146,146,146,146,146,146,146,146,146,146,146,145,145,145,145,144,145,145,145,145,144,144,144,144,144,143,143,142,143,143,142,142,138,127,113,105,109,110,119,131,117,104,104,103,117,137,129,120,132,140,141,134,121,116,119,116,107,103,104,104,104,103,104,105,106,109,112,115,117,124,138,146,146,144,141,135,125,113,99,90,87,83,81,81,80,92,106,95,87,91,83,92,110,94,73,74,92,106,105,104,107,109,109,105,100,98,96,88,81,80,80,81,85,87,89,94,98,99,99,100,99,98,98,98
141,141,141,141,141,141,141,140,141,141,141,141,141,141,141,141,141,141,141,142,142,142,142,142,143,143,142,142,142,143,143,143,143,143,143,143,143,143,143,143,143,144,138,119,102,99,94,84,81,81,90,100,84,65,72,77,65,63,80,97,120,140,146,147,150,153,155,154,149,146,145,146,145,145,145,146,146,146,146,146,146,147,147,147,147,147,146,145,145,145,145,144,145,145,145,145,144,144,144,144,143,143,143,142,143,143,142,143,136,119,100,92,96,101,116,132,121,112,113,114,125,138,134,129,130,127,125,116,104,103,108,109,105,103,105,107,104,106,111,111,116,127,136,141,141,139,141,142,138,124,113,110,109,101,86,80,80,80,79,78,78,91,104,93,87,91,83,93,111,96,80,85,98,109,110,104,98,98,100,93,83,79,85,88,86,87,89,91,95,97,96,96,98,99,100,101,100,98,98,98
140,140,141,140,140,140,141,140,140,140,140,140,140,140,140,141,141,141,141,141,141,141,142,142,142,142,142,142,142,142,142,142,142,142,142,142,142,142,142,143,143,143,133,109,97,100,94,83,79,80,88,96,79,62,70,76,63,63,81,88,101,131,148,151,153,154,155,152,147,145,145,146,146,146,146,146,146,146,146,146,148,150,151,150,149,148,146,145,145,145,144,144,144,145,145,144,144,144,144,143,143,143,143,142,143,143,143,144,134,113,98,94,99,102,113,127,130,134,138,135,134,131,120,112,110,113,117,108,100,103,108,109,106,103,107,114,114,121,131,130,136,143,144,147,141,128,118,116,113,106,101,101,106,101,85,79,80,80,78,75,77,89,102,92,86,92,88,91,99,98,97,93,91,98,99,92,85,86,92,93,84,78,86,95,96,97,97,96,97,99,98,96,97,99,100,101,99,98,97,97
140,140,140,140,140,140,140,140,140,140,140,140,140,140,140,140,140,140,141,141,141,141,141,141,141,141,141,141,142,142,141,141,141,141,141,142,142,142,142,142,142,143,131,106,95,99,94,81,79,79,87,94,79,62,73,85,68,63,82,84,93,128,151,154,155,154,154,152,147,145,146,146,146,147,147,147,146,146,147,149,152,154,154,153,152,150,148,147,146,145,145,145,145,145,144,144,143,143,143,143,144,143,143,143,143,144,144,145,135,114,99,95,104,112,115,126,139,142,138,132,125,119,110,102,101,109,116,107,100,102,107,111,111,109,120,134,137,145,148,139,136,132,126,127,118,106,102,101,101,102,102,102,105,100,85,79,80,80,79,76,80,94,104,98,99,108,112,106,99,110,113,91,81,88,92,90,88,91,95,98,92,85,91,97,96,98,98,97,98,99,98,97,98,99,100,100,99,97,97,97
139,139,139,139,139,139,139,140,139,139,139,140,140,140,140,140,140,140,140,140,140,140,141,141,141,141,141,141,141,141,141,141,141,141,141,141,141,141,141,141,142,142,129,103,94,99,91,79,78,78,86,95,79,61,75,91,73,65,82,85,95,132,154,156,155,154,153,152,149,148,148,148,147,148,150,149,149,149,150,152,155,156,155,155,154,153,151,149,148,146,146,145,145,145,144,144,144,144,144,144,144,144,144,144,145,145,145,145,139,125,112,109,121,131,129,132,136,124,110,109,111,114,111,104,101,108,114,105,102,110,116,125,131,129,139,150,148,145,138,123,114,111,108,107,102,98,98,99,100,101,101,101,105,100,85,78,79,85,88,87,100,119,123,123,131,139,144,132,117,125,113,81,80,90,92,93,95,98,100,100,94,89,93,97,96,98,99,97,97,98,98,97,98,98,99,99,98,97,96,96
139,139,139,139,139,139,139,139,139,139,139,139,139,139,139,139,139,139,139,140,140,140,140,140,140,140,140,140,140,140,140,141,141,140,140,140,140,141,141,141,142,142,130,106,98,101,91,77,76,77,85,94,80,60,74,91,74,67,82,85,97,134,155,156,155,154,153,152,151,150,149,149,149,150,152,152,151,151,152,154,156,157,157,156,156,155,153,151,149,148,147,147,146,146,146,145,145,146,147,147,146,146,146,146,146,146,146,145,145,144,136,128,131,132,127,128,122,106,96,100,107,112,110,104,101,109,118,116,120,132,138,143,143,139,140,140,132,120,113,107,104,104,102,100,98,98,99,99,100,101,101,101,104,103,95,89,96,110,116,120,137,151,149,145,145,147,145,134,123,124,99,71,81,94,94,94,96,99,101,100,95,92,95,96,96,97,98,96,96,98,97,96,97,97,97,97,96,96,95,95
138,138,138,138,138,138,139,139,139,139,139,139,139,139,139,139,139,139,139,139,139,139,139,139,139,139,140,139,139,140,140,140,140,140,140,140,140,140,141,141,141,141,133,115,105,104,92,78,77,77,83,93,81,62,73,85,72,68,82,86,98,134,154,154,153,153,153,152,152,152,151,150,151,152,153,153,152,153,154,155,157,158,157,157,156,155,153,152,151,150,149,149,149,149,149,148,148,148,149,148,147,147,147,146,146,145,145,144,143,140,133,120,116,114,115,121,114,101,96,100,106,107,107,107,113,123,133,140,141,139,138,135,126,122,120,116,110,103,102,103,105,105,102,100,98,99,99,100,100,101,104,109,116,123,124,124,134,146,146,143,145,149,147,137,130,132,123,111,112,113,87,65,79,94,96,95,96,99,101,100,98,95,95,96,95,96,97,96,96,97,96,95,94,95,96,96,95,95,94,94
138,138,138,138,138,138,138,138,138,138,138,138,138,138,138,138,138,139,139,139,139,139,138,139,139,139,139,139,139,139,139,139,139,140,140,140,140,140,140,140,141,141,135,121,110,106,95,82,80,77,80,89,81,66,72,80,69,69,84,87,100,135,153,153,152,153,153,153,154,153,152,152,153,154,153,153,153,153,154,156,157,158,158,157,156,154,153,152,151,150,150,150,150,151,150,150,149,149,149,148,148,147,147,146,145,144,144,143,135,121,110,102,102,105,112,121,115,101,97,104,110,113,116,124,138,143,137,134,127,114,109,109,107,107,107,104,101,101,102,103,106,106,103,101,99,98,100,106,114,118,123,131,143,152,151,145,144,146,141,129,120,121,124,117,119,125,113,100,109,114,83,61,76,92,95,94,95,98,100,100,99,97,96,95,95,96,97,95,95,96,95,91,89,91,95,92,87,85,86,87
137,137,138,137,137,137,137,137,137,137,137,137,138,138,138,138,138,138,138,138,138,138,138,138,138,138,138,138,138,139,139,139,139,140,140,140,140,140,140,140,141,141,131,116,109,108,98,87,84,80,78,85,82,71,71,75,69,72,86,88,101,135,152,152,152,153,155,155,155,154,152,152,153,154,153,154,153,153,154,156,157,158,158,157,155,153,152,151,151,150,150,151,151,151,151,150,149,149,148,147,147,147,146,146,145,145,144,142,132,113,101,98,102,105,113,121,114,104,111,123,127,130,131,133,137,133,114,98,91,89,94,99,102,105,106,104,100,100,102,104,106,109,111,109,110,112,115,126,142,149,146,144,150,149,137,123,113,114,115,109,105,109,113,110,116,126,113,101,110,113,81,59,73,90,94,94,95,97,99,100,99,98,97,95,95,96,96,94,94,93,88,81,78,82,85,79,70,72,81,84
137,137,137,137,137,137,137,137,137,137,137,137,137,137,137,137,137,137,137,138,137,137,138,138,138,138,138,138,138,138,138,139,139,140,140,140,140,140,140,140,140,140,124,103,105,111,101,90,87,81,78,82,81,72,67,75,72,75,87,89,103,135,151,151,152,154,156,157,156,155,154,153,153,154,155,154,152,152,154,156,157,157,157,156,154,152,151,151,150,150,150,150,150,150,150,150,149,148,147,147,146,145,144,145,145,144,144,143,133,114,101,97,103,112,120,128,124,121,131,136,133,128,118,110,106,104,92,78,75,82,94,100,102,104,105,103,100,101,103,107,115,126,132,130,136,142,138,137,143,146,138,129,129,118,99,87,87,97,104,104,104,110,115,110,115,124,112,100,101,98,77,59,69,88,93,93,94,97,99,98,98,98,96,95,92,87,87,90,92,85,73,67,73,80,82,77,74,82,96,103
137,137,137,137,137,137,137,137,137,137,137,136,136,137,137,137,137,137,137,138,137,137,137,137,137,137,138,138,138,138,138,138,139,139,140,140,140,140,140,140,140,140,121,98,104,112,103,91,87,81,78,80,79,69,67,79,75,77,89,90,104,135,151,151,152,153,156,156,156,155,156,155,155,155,156,154,151,151,153,155,156,156,156,155,153,152,151,150,150,150,150,149,147,146,148,149,149,147,146,145,145,143,144,145,145,144,144,143,133,116,110,111,118,130,137,142,140,133,126,117,114,109,94,86,88,92,85,77,76,83,94,100,101,103,104,104,108,115,120,126,140,152,149,144,148,147,134,120,115,116,113,107,107,97,80,72,79,96,104,103,103,110,117,110,113,121,110,101,100,92,76,59,66,85,93,92,93,96,98,95,90,88,87,86,80,72,77,92,98,88,76,76,90,100,100,98,99,103,111,115
136,136,136,136,136,136,137,136,136,136,136,136,136,136,136,137,137,137,137,137,137,137,137,137,137,137,137,137,137,137,138,138,138,138,139,139,139,139,139,139,139,140,122,101,105,112,103,89,86,81,78,79,77,67,69,83,78,79,90,92,106,136,151,151,151,153,154,156,156,156,156,157,156,156,155,152,150,149,150,153,155,155,154,154,153,152,151,150,150,150,148,146,144,144,147,148,147,145,144,143,143,143,144,145,145,144,144,143,136,126,131,135,133,134,136,139,135,117,98,93,100,100,87,79,86,92,83,76,77,83,94,104,110,115,118,121,131,144,145,142,146,149,138,130,131,124,112,106,103,103,102,99,98,92,77,69,78,95,103,102,102,109,114,108,112,120,108,104,108,96,79,60,64,83,91,95,96,91,88,82,75,80,84,84,80,79,89,105,111,107,103,102,107,112,112,110,110,110,107,105
136,136,136,136,136,136,136,136,136,136,135,135,136,136,136,136,136,136,136,136,136,137,137,137,137,137,136,136,137,137,138,138,138,138,138,139,139,139,139,139,139,139,123,103,106,113,104,90,86,83,82,80,75,69,76,86,77,80,91,93,110,138,151,151,151,152,154,156,157,156,156,156,156,155,153,151,150,148,148,150,151,152,152,152,152,151,150,150,150,148,145,144,143,144,146,147,145,143,142,142,143,144,145,144,144,144,143,143,141,136,134,131,121,110,111,120,117,98,83,85,98,99,85,79,86,93,87,85,90,99,112,123,134,144,144,138,140,146,140,128,122,120,114,110,109,107,104,104,104,104,101,96,95,89,76,71,81,97,103,102,103,107,109,108,113,119,115,116,115,100,83,62,62,76,83,97,104,93,84,79,81,95,104,103,104,105,110,115,116,115,115,111,102,98,97,95,97,97,87,81
136,136,135,135,135,135,135,135,135,135,135,135,135,136,135,136,136,136,136,136,136,136,136,136,135,133,131,133,135,135,135,135,135,135,136,135,135,136,138,138,139,137,120,103,106,113,106,93,89,89,91,84,71,68,79,82,72,80,90,95,113,139,151,151,151,151,154,156,157,156,155,155,155,154,153,151,149,148,147,147,148,149,150,150,150,149,148,148,147,145,143,143,143,145,146,146,143,142,142,142,143,145,144,143,143,143,143,142,140,126,109,106,106,96,97,111,109,93,80,84,98,98,88,85,96,108,111,115,124,137,141,140,140,143,138,125,117,117,113,107,104,104,105,102,101,103,104,103,102,102,100,95,95,89,78,75,85,97,102,103,107,115,119,122,128,130,138,141,124,107,94,72,70,79,84,100,111,106,101,100,104,112,116,116,117,115,108,101,99,98,98,92,78,72,72,71,74,73,66,63
135,135,135,135,135,135,135,134,134,134,134,135,135,135,135,135,135,135,135,135,136,136,136,134,131,128,127,128,128,128,129,131,131,131,131,129,127,130,136,138,138,135,115,98,104,113,107,95,93,94,96,84,68,62,68,70,68,80,90,94,110,135,149,151,151,151,152,154,155,155,155,155,155,153,151,149,147,146,146,145,146,147,148,148,147,146,144,144,144,143,142,142,143,144,146,145,144,143,144,144,144,144,144,143,142,142,142,141,134,111,92,96,104,97,97,111,108,91,84,92,106,111,110,114,127,137,138,137,139,143,138,122,108,105,107,104,101,101,101,101,101,102,103,101,100,102,104,103,102,101,99,96,101,101,88,86,99,109,114,118,126,139,145,148,150,147,146,144,125,109,102,86,86,98,102,108,114,114,113,112,106,99,99,102,105,101,87,74,71,72,73,65,53,58,64,62,63,62,62,62
134,134,135,135,134,134,134,134,134,134,134,134,134,134,135,135,135,135,135,135,135,135,135,133,129,127,128,127,125,125,129,131,131,130,130,126,120,124,133,137,138,133,111,93,101,112,107,95,94,96,98,86,70,61,61,65,70,82,89,88,98,127,146,150,151,151,152,153,154,154,155,155,153,150,147,145,143,143,143,144,145,146,146,145,143,142,142,142,142,142,142,143,143,144,145,145,144,144,145,145,144,144,143,142,142,141,141,141,132,108,91,96,103,97,97,109,111,105,109,119,128,134,134,135,140,137,126,120,116,113,110,97,82,81,93,99,99,100,100,100,100,101,100,99,98,101,103,106,111,111,107,108,120,128,118,117,132,140,143,147,148,148,145,144,143,136,123,116,105,101,104,92,94,106,105,101,98,98,98,96,85,73,72,80,83,79,71,64,63,64,64,55,46,56,65,63,63,63,63,63
134,134,134,134,134,134,134,134,134,134,133,134,134,134,134,134,134,134,134,134,134,135,135,133,130,129,129,123,115,113,115,116,115,113,114,115,115,122,133,137,137,132,110,90,98,111,105,95,96,97,99,90,75,65,65,69,74,83,88,84,90,121,143,147,149,150,151,151,150,150,152,151,147,143,142,141,140,140,141,143,145,145,144,142,141,142,143,144,143,143,144,144,144,144,144,144,144,144,144,144,144,143,143,142,141,141,140,140,132,109,92,96,107,111,112,119,127,133,134,133,134,131,122,118,116,106,96,96,98,97,97,90,76,77,92,98,99,100,100,99,100,99,102,109,108,107,113,122,135,136,130,137,148,154,148,142,143,143,143,144,137,124,114,111,110,107,100,94,88,98,109,90,84,93,90,82,74,73,74,73,70,65,65,69,71,70,68,66,66,66,65,56,48,57,64,63,62,62,62,62
134,134,134,133,133,133,133,134,134,133,133,133,133,134,134,134,134,134,134,134,134,134,134,133,130,130,127,115,96,85,85,86,85,79,78,90,108,122,132,136,136,132,108,87,95,108,102,93,95,96,100,95,79,70,73,74,75,83,85,82,89,120,142,144,145,146,147,146,144,144,145,144,141,140,140,140,140,141,142,144,144,144,143,141,142,144,145,145,145,145,145,145,145,145,144,144,144,143,143,143,143,142,142,141,141,141,140,139,134,119,108,113,126,136,136,133,136,132,117,106,104,105,101,98,98,91,85,91,96,96,96,91,79,79,92,98,100,102,102,100,103,110,120,136,135,130,140,148,155,153,143,143,147,146,139,126,117,113,111,110,106,100,96,94,94,94,94,90,86,101,108,80,68,80,86,85,77,69,66,65,66,68,68,69,69,69,68,66,65,64,63,57,51,58,63,62,62,62,62,62
133,133,133,133,132,132,133,133,133,133,133,133,133,133,133,133,134,134,134,134,134,134,134,133,132,131,129,118,97,78,71,70,71,67,61,73,102,122,132,136,136,131,107,84,90,105,98,88,92,95,100,97,82,72,77,76,78,83,82,81,89,122,143,145,145,144,143,142,141,140,140,140,140,141,142,144,144,145,146,145,144,144,143,143,143,145,145,146,146,145,145,145,145,144,144,144,144,143,143,142,142,141,141,141,140,140,139,139,139,136,129,128,135,137,129,121,116,104,86,77,82,93,97,96,96,90,84,90,96,96,97,93,86,88,97,104,113,119,118,117,124,139,151,154,146,143,150,148,144,139,125,116,117,116,109,101,97,95,94,93,93,93,94,95,94,94,93,90,92,108,103,71,64,81,92,93,87,74,68,67,66,66,67,68,68,67,67,65,63,63,62,57,53,58,62,61,61,62,62,62
132,132,132,132,132,132,132,132,132,132,132,132,132,132,133,133,133,133,134,133,133,134,134,133,133,133,132,127,114,94,77,70,70,70,65,72,100,123,133,136,136,131,107,83,87,101,93,85,90,94,101,100,85,72,75,77,81,83,79,80,93,124,144,145,145,143,141,140,140,139,139,140,141,143,147,150,151,150,149,147,145,144,144,144,144,145,145,145,145,144,144,144,144,144,143,143,143,143,143,142,141,141,140,140,140,139,139,138,138,133,119,111,114,114,108,104,100,90,75,71,81,95,98,96,96,90,84,93,105,105,105,109,110,114,119,125,141,150,144,137,138,145,147,138,122,123,130,122,115,112,103,98,100,100,96,94,94,93,93,92,92,93,94,95,95,93,92,88,98,119,102,66,65,85,94,93,86,74,67,66,65,65,65,65,64,64,64,63,62,62,62,58,54,58,61,61,61,61,62,62
132,132,132,132,132,131,131,132,132,132,132,132,132,132,132,132,133,133,133,133,133,133,133,134,134,134,133,131,125,111,91,76,71,71,68,73,101,125,133,136,136,131,109,83,85,98,91,85,90,95,102,103,89,69,67,76,84,83,74,80,97,124,141,141,141,141,140,139,139,139,139,139,140,144,149,152,152,151,150,149,146,144,144,144,144,144,144,144,143,143,143,143,143,143,143,143,143,142,142,142,141,140,140,139,139,139,138,138,131,116,100,93,97,101,101,100,98,89,75,70,81,96,102,104,103,102,103,115,131,129,128,140,146,143,139,138,143,147,139,126,121,118,114,106,95,99,107,106,103,102,100,98,101,102,99,95,94,94,93,92,92,93,94,93,93,93,91,88,97,114,96,63,65,85,93,93,86,74,68,67,66,64,63,62,62,62,62,62,62,62,62,58,54,58,62,61,62,60,57,57
131,131,131,131,131,131,131,132,132,132,132,132,132,132,132,133,133,133,133,133,133,133,133,134,135,136,134,132,130,123,109,92,77,71,66,71,101,126,134,136,136,131,110,84,84,95,90,86,90,95,103,105,92,64,55,72,87,83,71,79,98,123,138,138,138,139,139,139,140,139,139,140,141,145,149,152,152,151,150,148,145,143,143,143,143,143,143,143,143,142,142,142,142,142,142,142,142,142,141,141,140,140,140,139,139,138,138,138,128,108,95,90,95,100,100,98,97,90,83,87,100,113,123,130,128,133,142,144,143,137,136,143,145,136,125,117,112,113,112,106,104,102,101,94,88,94,102,104,105,104,102,101,104,105,101,96,95,95,94,93,93,93,92,92,92,91,91,94,101,102,85,62,65,85,93,92,86,74,69,69,68,65,62,61,62,63,63,62,62,63,62,59,56,60,63,63,63,57,51,50
131,131,131,131,132,132,132,132,132,132,132,132,132,132,132,133,133,133,133,133,133,133,134,134,135,136,136,134,132,129,123,111,93,78,66,70,101,127,134,136,136,131,110,82,81,94,88,84,88,92,102,107,96,64,54,73,88,83,72,79,96,123,139,139,141,141,141,141,142,143,143,144,145,148,151,152,152,151,148,146,144,142,142,142,143,143,143,142,142,142,142,142,142,141,141,141,141,141,140,140,140,139,139,139,139,138,138,138,127,107,93,89,94,99,102,110,113,110,113,128,140,143,143,144,141,143,147,139,121,114,112,112,112,108,102,97,95,97,100,102,102,102,103,97,90,95,103,105,106,105,104,103,105,105,100,96,94,94,94,98,104,103,96,93,97,106,109,116,122,114,92,65,65,84,92,92,85,74,70,70,68,65,63,62,62,64,64,64,64,64,64,61,59,62,64,63,63,55,46,46
131,131,131,131,131,132,131,131,132,132,132,132,132,132,132,133,133,133,133,133,134,134,135,135,136,136,136,135,133,131,129,124,113,95,75,74,103,128,135,136,135,130,107,79,78,91,83,78,82,88,101,110,98,69,62,76,87,82,73,79,95,125,143,143,145,145,144,145,147,148,148,147,148,149,150,152,152,150,147,144,143,142,142,142,142,142,142,142,142,142,141,141,141,141,141,141,140,140,140,140,140,139,139,138,138,138,137,137,127,111,107,107,112,115,122,138,144,136,134,141,146,141,130,123,119,117,117,111,100,96,95,94,96,95,94,94,94,97,100,100,100,101,101,95,88,94,102,105,106,105,104,102,103,105,103,98,98,107,111,119,134,132,119,114,123,139,145,140,135,136,116,73,64,83,91,91,85,74,69,70,68,66,66,65,64,65,65,65,65,65,65,66,67,64,61,60,60,53,46,46
131,131,131,131,131,132,131,132,132,132,132,132,132,132,132,132,133,133,134,134,135,135,137,138,138,137,136,136,135,133,133,131,127,116,96,90,109,130,137,137,137,132,107,75,74,87,78,73,76,82,98,111,99,74,72,80,86,82,73,77,92,126,146,146,146,146,146,148,150,150,149,148,148,148,149,150,149,147,144,142,142,141,141,141,141,141,141,141,141,141,141,141,141,141,140,140,140,140,140,139,139,139,139,138,137,137,137,137,131,127,134,135,133,130,132,142,141,127,117,114,115,113,109,107,103,102,104,99,96,96,94,94,95,95,93,93,94,96,98,99,98,98,98,93,88,99,111,112,112,113,115,115,116,120,123,118,122,138,147,151,157,156,150,144,140,142,144,131,118,128,115,72,63,82,91,91,85,73,69,70,69,66,67,66,63,64,64,63,62,63,63,66,69,62,56,57,64,68,67,66
131,132,132,132,132,132,132,132,133,133,133,133,132,133,133,133,133,134,134,135,136,136,139,141,140,137,134,135,136,136,135,134,133,129,119,111,117,132,139,140,140,134,107,74,74,87,77,72,73,76,93,110,99,75,76,80,84,80,72,74,89,124,146,147,146,145,146,149,149,147,146,145,145,146,146,145,143,142,140,140,140,141,141,141,141,141,141,141,141,141,141,141,141,140,140,140,139,139,139,139,139,138,138,138,137,137,137,137,134,134,134,126,119,114,112,115,112,106,101,97,98,101,104,110,108,104,105,100,96,96,94,94,95,95,93,93,95,102,111,109,101,102,110,110,108,122,135,135,132,134,143,147,146,146,147,143,139,145,151,151,147,146,146,137,119,110,110,103,98,103,89,61,61,79,84,85,82,71,66,68,66,64,64,62,59,61,68,72,73,75,75,75,75,72,69,75,87,98,100,99
132,132,134,133,133,133,133,133,133,133,133,133,133,134,135,135,135,135,135,135,135,137,139,141,140,134,125,127,135,137,137,137,136,135,132,126,123,132,140,141,141,134,107,76,79,91,83,78,75,75,90,107,95,69,69,78,83,76,69,73,87,122,145,145,144,144,145,146,145,143,141,140,141,141,141,140,139,139,138,139,139,140,140,140,140,140,140,141,141,140,140,140,140,140,140,139,139,139,139,139,138,138,138,138,137,137,136,136,131,119,108,99,97,98,99,101,101,103,104,98,97,100,104,111,110,104,104,99,96,96,98,102,100,98,104,109,114,127,140,136,120,121,137,142,140,145,153,149,140,143,156,158,148,142,141,136,122,115,119,119,115,113,112,106,97,92,93,91,92,93,77,55,61,77,73,73,81,78,74,76,76,75,75,72,71,76,88,98,102,103,103,101,99,100,101,104,110,113,113,112
132,133,134,133,133,133,133,133,133,133,134,134,134,135,136,136,136,135,135,134,135,135,136,137,139,129,108,110,127,136,138,138,137,136,135,130,125,133,141,142,142,133,107,80,85,98,93,89,82,79,90,104,93,62,57,74,81,72,69,75,87,121,143,143,144,144,144,143,141,139,138,138,138,138,138,137,138,138,138,139,139,139,139,140,140,140,140,140,140,140,140,140,140,140,140,139,139,139,139,138,138,138,137,137,136,136,136,136,127,108,95,90,94,99,101,103,102,102,102,97,97,100,102,109,114,107,105,110,113,113,120,128,122,119,131,143,149,154,156,146,133,133,141,141,133,130,134,133,122,125,141,138,120,111,111,107,99,95,96,99,99,98,96,94,93,93,93,93,94,94,80,65,74,88,82,80,93,101,102,103,104,104,103,101,100,102,107,112,116,117,115,112,110,112,115,115,114,108,100,97
132,132,132,132,132,132,132,132,133,133,133,134,135,136,136,136,136,135,134,134,134,134,134,134,139,125,93,88,110,126,135,137,138,137,137,130,126,134,143,144,142,133,107,81,88,102,99,95,88,84,89,102,93,61,54,72,80,71,73,80,90,123,144,145,145,145,145,142,140,139,138,138,138,138,138,138,138,138,139,139,139,139,139,140,139,139,139,139,139,139,140,139,139,139,139,139,139,139,138,138,137,137,136,136,136,136,136,135,126,108,94,89,93,99,100,102,102,100,102,108,114,116,117,125,133,124,123,138,147,147,147,143,136,136,141,146,149,148,141,128,118,118,118,107,91,86,95,106,107,109,117,114,104,98,96,96,95,95,94,97,102,100,98,97,96,95,95,95,95,97,94,88,95,104,103,105,112,117,118,119,119,117,116,115,115,113,107,100,100,101,97,93,95,104,110,112,109,98,83,75
131,131,132,131,131,131,131,132,132,132,132,132,134,135,135,135,135,134,134,134,134,134,133,134,139,124,87,74,89,108,123,131,136,138,138,131,127,135,142,142,141,133,107,79,86,101,99,96,91,86,89,100,92,65,61,74,77,70,76,84,94,126,147,147,146,147,146,145,143,142,140,139,139,140,140,140,139,139,139,139,139,139,139,139,139,139,138,138,138,138,139,139,138,139,138,138,138,138,138,137,137,136,136,136,135,135,135,135,130,117,102,98,107,112,112,113,115,115,119,135,145,142,135,137,145,142,137,142,147,148,140,124,116,118,118,116,117,118,115,109,102,102,104,94,75,69,78,95,104,105,105,104,102,99,98,99,98,98,98,100,104,103,102,101,100,98,97,96,95,102,106,100,105,108,104,102,103,102,103,110,116,116,113,109,106,103,93,81,80,81,77,72,80,95,104,106,103,90,76,71
130,130,131,130,130,130,131,131,131,131,131,131,132,133,133,133,133,133,133,134,134,134,135,137,140,125,91,74,77,89,103,118,130,136,138,132,127,135,141,140,139,132,106,76,81,97,97,97,92,89,89,99,89,69,72,77,74,69,79,86,94,127,147,147,147,147,147,146,145,143,141,140,140,141,141,140,139,139,139,139,139,139,139,138,138,138,138,138,138,138,138,138,138,138,137,137,137,137,137,137,136,136,136,136,135,134,134,134,138,137,124,124,136,135,121,115,118,118,120,131,144,145,130,119,124,132,126,116,114,115,112,104,98,99,101,101,102,103,103,103,101,100,103,98,82,73,81,96,104,104,104,103,103,100,98,100,100,99,99,100,104,104,103,102,101,100,98,98,104,114,107,94,101,104,90,82,79,77,81,95,108,110,106,97,91,89,84,80,81,83,82,80,83,91,96,97,96,86,77,76
129,129,127,126,128,130,130,131,131,131,131,131,131,132,132,132,133,133,133,133,134,134,137,141,142,125,96,81,78,80,87,102,117,127,133,130,127,134,139,138,138,130,102,72,78,92,95,97,93,89,89,97,86,69,76,79,72,69,82,88,94,126,146,146,146,147,146,145,144,142,141,141,140,140,140,139,139,139,139,139,139,139,139,138,138,138,138,138,138,138,137,137,137,137,137,137,137,137,136,136,136,135,135,135,134,134,134,134,140,144,135,137,147,127,88,70,72,71,69,73,89,103,101,96,101,113,115,104,97,98,101,100,97,97,99,101,101,102,102,102,100,99,101,97,83,74,81,96,104,103,103,102,102,99,96,99,100,99,98,101,104,102,100,104,109,109,104,106,123,132,106,81,93,99,88,83,83,82,83,89,96,98,95,90,87,86,85,84,88,91,92,92,92,92,92,92,93,85,77,78
128,127,123,120,124,129,130,130,131,131,131,131,131,131,131,132,132,132,132,133,133,133,138,143,143,123,98,88,84,83,85,92,100,112,121,124,127,132,137,136,137,126,94,70,77,88,93,98,95,91,89,95,85,68,75,78,73,71,84,88,93,125,145,144,144,144,143,142,142,141,141,140,140,140,140,139,139,139,139,138,138,138,138,138,138,138,138,138,138,138,137,137,137,136,136,136,136,136,136,136,135,135,135,134,134,134,134,134,139,141,124,118,131,112,71,56,56,53,50,52,59,69,78,89,97,108,118,108,98,99,101,100,97,96,98,100,100,101,101,101,99,98,99,96,84,74,80,95,101,104,110,109,101,96,98,105,108,103,103,112,120,116,114,123,133,133,126,127,138,133,97,74,91,99,92,92,94,96,93,91,91,91,90,90,90,90,85,80,86,91,92,94,95,94,93,94,94,87,79,80
129,128,125,119,120,127,130,130,130,131,131,131,131,131,131,132,132,132,132,132,132,133,136,141,141,121,99,94,92,90,90,91,92,98,103,115,126,131,135,135,136,122,89,70,79,86,92,99,97,95,91,94,84,67,69,76,77,77,86,86,90,122,142,142,141,141,140,140,140,140,140,140,139,139,139,139,139,138,138,138,138,138,138,138,138,138,138,138,138,137,137,136,136,136,136,136,136,135,135,135,135,134,134,134,134,134,133,133,139,145,124,106,120,123,108,103,103,101,99,100,100,99,98,97,99,109,119,109,99,100,102,101,97,96,98,98,98,103,111,113,108,100,97,95,91,92,99,110,114,120,133,132,116,109,116,128,130,124,124,138,149,148,147,150,153,153,150,147,137,114,84,72,93,101,94,93,94,96,94,92,91,92,92,92,92,92,83,75,84,93,94,97,98,96,95,96,96,89,82,83
132,132,130,124,121,125,129,130,130,130,131,131,131,130,131,131,132,132,132,132,132,132,133,136,137,119,99,97,97,95,95,94,94,95,94,110,126,131,136,135,135,122,91,73,79,82,87,94,96,98,94,94,84,65,63,73,81,84,89,84,87,119,139,139,139,139,139,138,139,139,139,139,139,139,139,139,138,138,138,138,138,138,138,138,137,137,137,137,137,137,136,136,135,136,136,136,136,135,135,134,134,134,134,133,133,133,132,132,139,146,133,120,126,132,131,131,131,131,130,130,130,130,120,103,101,114,122,114,103,100,104,110,112,112,113,112,111,119,136,141,130,117,110,108,113,129,140,143,144,149,156,155,146,141,142,150,152,144,142,147,149,147,146,145,143,142,143,138,120,101,80,71,92,101,94,93,92,93,93,91,91,93,93,94,94,94,79,66,81,95,97,98,99,98,97,97,97,90,83,84
123,127,128,124,123,125,128,130,130,130,130,131,130,130,130,131,131,131,131,132,132,132,131,132,134,116,98,99,98,97,96,96,96,96,95,111,127,131,136,136,136,126,97,77,77,78,80,85,92,100,95,93,84,69,67,74,83,88,90,83,85,117,138,138,138,138,140,141,136,131,131,131,131,131,131,130,130,130,130,130,130,130,129,127,128,127,130,135,133,133,131,130,133,135,135,135,135,135,134,134,134,134,133,133,133,132,132,132,138,142,134,130,131,131,131,130,130,130,129,129,130,129,124,114,119,131,136,133,123,116,121,134,144,145,144,143,140,145,155,157,146,132,125,123,126,137,143,143,144,146,147,146,145,141,137,141,142,134,128,125,118,112,112,113,112,111,112,107,98,96,80,68,90,100,93,92,89,87,89,90,91,93,93,93,94,93,75,58,77,97,98,99,100,99,98,98,98,90,82,82
98,111,121,117,119,124,128,129,130,130,130,130,130,130,130,131,131,131,131,130,126,124,126,130,133,115,98,99,98,97,96,96,97,97,96,111,127,131,135,135,136,129,105,81,77,75,75,77,88,99,92,89,83,75,76,76,83,88,88,82,85,117,138,138,138,138,141,144,132,118,114,115,115,115,115,115,115,115,115,115,115,116,116,114,114,112,120,131,124,121,119,119,129,135,135,134,134,134,134,133,133,133,133,132,132,132,131,131,137,141,134,129,131,130,130,130,129,129,129,129,129,129,131,133,134,135,135,137,137,134,134,138,143,145,145,144,142,142,144,144,135,119,111,110,111,112,113,113,114,115,115,115,114,111,107,111,114,110,108,105,101,97,96,98,99,97,96,92,89,93,80,69,90,100,93,92,86,79,85,91,91,93,93,92,93,93,77,62,80,97,98,99,100,99,98,97,93,83,76,77
96,111,123,117,117,123,127,129,129,130,130,130,130,130,130,131,131,131,131,126,115,110,116,127,134,115,97,97,96,95,95,95,96,97,96,111,126,130,135,135,135,131,108,83,77,76,74,72,84,96,85,81,82,81,82,77,82,86,82,80,87,117,137,137,137,136,139,142,132,114,106,106,108,108,109,109,109,109,108,109,110,111,115,116,112,112,119,127,117,110,111,115,128,134,134,134,134,134,133,133,132,132,132,132,131,131,131,131,137,142,135,129,130,129,129,129,129,128,128,128,128,128,130,130,120,114,116,115,115,117,114,110,110,112,114,114,113,113,114,114,109,101,97,101,106,102,99,99,99,99,99,99,99,96,93,97,100,101,102,102,100,99,98,99,99,97,95,92,90,94,84,76,93,100,94,94,82,71,82,93,93,95,95,94,93,94,86,77,88,97,96,94,93,92,91,88,81,73,70,71
107,118,131,126,118,122,127,129,129,130,130,130,130,130,130,130,131,131,131,125,112,105,108,125,135,116,99,97,94,93,93,94,95,95,95,110,126,130,134,134,134,131,108,85,81,79,77,73,83,96,81,73,81,87,86,78,83,84,76,78,89,118,139,143,144,142,142,145,138,123,114,110,109,112,114,116,117,117,118,119,120,120,122,122,118,117,117,117,113,111,114,120,132,138,139,137,134,133,133,132,132,132,131,131,131,131,131,130,136,142,136,129,129,129,128,128,128,128,128,128,127,127,123,110,99,107,117,106,95,96,94,93,95,96,97,98,98,98,98,98,97,96,97,104,110,104,99,99,99,98,99,99,99,97,95,97,100,102,103,102,101,99,98,99,99,97,96,92,90,93,87,83,96,99,94,94,80,64,79,94,95,95,95,94,94,95,92,90,95,98,93,82,76,75,74,72,68,67,68,68
80,99,127,127,115,118,126,129,129,129,129,130,130,130,130,130,131,131,130,124,114,106,107,124,135,121,108,104,100,98,96,96,95,94,93,109,125,130,134,133,134,130,108,88,88,87,85,80,88,99,82,71,81,90,86,77,85,84,73,77,88,112,134,145,151,151,149,151,145,132,128,119,113,115,117,123,123,118,120,124,125,123,116,111,108,104,105,110,110,114,117,121,130,137,140,136,133,132,132,132,132,131,131,131,130,130,130,130,136,142,137,130,128,128,128,127,127,127,127,127,127,127,119,102,94,110,126,110,93,92,92,93,95,96,97,97,97,98,99,99,97,95,96,103,108,103,98,98,98,98,98,99,99,98,98,98,100,102,103,102,101,100,99,99,99,97,96,92,90,92,89,90,99,96,88,86,72,61,82,98,97,96,95,97,100,101,100,99,100,100,92,80,73,75,76,75,75,76,77,78
48,76,117,121,107,111,124,129,129,129,129,129,129,130,130,130,130,131,128,120,113,106,107,124,135,128,121,117,112,109,106,102,99,97,95,110,126,128,130,130,127,121,104,89,93,96,94,88,95,104,85,73,82,89,82,75,85,83,72,76,83,98,121,138,150,152,149,152,144,130,130,119,111,111,111,122,118,105,108,118,122,120,112,106,104,100,109,121,121,123,123,122,127,131,133,129,129,132,132,132,131,131,131,130,130,129,129,129,135,142,136,129,128,127,127,127,127,124,116,110,110,117,114,100,94,110,125,110,93,92,92,93,95,96,97,97,97,98,99,99,98,96,95,101,106,102,98,98,97,97,98,98,98,100,102,100,99,101,102,101,100,99,98,98,98,96,95,92,92,96,95,94,97,86,73,68,59,58,80,92,89,87,87,94,103,107,107,104,106,106,102,96,93,99,102,102,101,99,98,99
61,84,117,118,103,104,117,126,128,128,129,129,129,129,129,129,130,130,128,122,114,106,106,123,135,132,130,127,123,120,117,114,111,109,106,115,122,120,125,125,115,109,97,86,93,101,100,94,100,106,87,74,81,85,77,72,83,80,71,76,81,91,112,134,148,152,149,151,143,125,119,106,99,103,107,119,111,99,108,119,122,122,121,120,118,112,121,135,134,131,127,127,133,133,130,126,128,131,131,131,131,130,130,129,129,129,129,128,134,142,137,130,128,126,126,126,126,117,95,80,86,106,113,99,92,107,122,108,91,90,91,92,94,95,95,96,97,98,99,101,104,103,105,110,109,102,99,99,97,94,95,96,95,99,104,102,100,105,107,105,102,100,97,97,100,100,96,94,101,115,114,103,97,85,74,71,68,69,79,84,83,82,83,90,99,106,107,106,110,113,112,110,109,112,114,114,113,110,109,109
85,97,118,118,100,94,106,121,128,128,128,128,128,128,129,129,129,129,129,125,118,109,109,124,135,135,133,132,130,129,128,126,125,124,122,122,114,112,123,120,111,109,92,81,91,99,100,94,101,107,88,75,81,85,78,71,78,74,69,75,77,86,107,126,139,148,150,148,137,118,110,97,90,93,102,113,99,88,104,116,113,110,115,121,115,105,114,129,128,124,120,122,132,133,130,126,127,130,130,130,130,130,129,129,128,128,128,128,134,143,143,137,132,131,130,130,129,120,100,89,98,119,127,114,106,117,129,118,106,107,108,109,110,109,108,110,112,113,114,118,124,125,131,136,128,118,117,118,114,109,110,111,110,113,117,116,118,127,130,125,120,117,114,114,119,121,116,113,123,140,138,117,105,100,97,99,98,96,97,99,99,99,99,102,106,109,109,105,108,112,113,112,111,110,110,110,109,107,106,106
78,85,107,114,92,82,93,111,122,126,128,129,126,123,126,129,128,129,128,125,119,109,110,125,136,136,135,134,133,133,133,133,132,132,130,125,112,113,124,117,115,113,86,76,88,94,94,89,100,108,89,76,80,86,82,72,73,69,68,75,72,77,98,115,127,143,147,141,125,102,100,99,87,83,95,107,95,86,99,109,97,89,103,115,105,90,99,116,115,112,116,124,130,127,124,124,127,130,129,129,129,129,129,128,128,127,127,127,133,145,148,143,141,141,141,140,138,135,129,127,132,140,145,142,139,142,148,145,142,143,144,144,144,141,139,141,141,141,142,145,150,151,153,155,151,147,146,146,144,141,144,146,145,143,142,143,148,153,154,151,149,148,147,147,150,151,148,144,144,147,138,119,109,106,105,108,107,105,107,109,109,108,107,108,109,110,107,103,105,109,109,109,108,107,106,107,107,105,103,103
74,72,91,104,86,76,83,94,103,110,117,123,116,111,120,126,126,126,125,123,115,104,107,125,135,135,134,134,134,134,134,134,134,134,131,124,113,114,120,114,115,111,81,74,88,89,85,83,99,110,94,79,78,83,83,73,70,67,71,78,72,76,92,105,119,139,144,136,119,92,91,97,84,75,92,108,99,90,101,108,88,76,99,117,101,75,82,102,98,94,107,124,125,114,111,115,123,129,129,128,128,128,128,127,127,127,127,126,133,145,145,132,130,138,142,141,139,139,139,139,140,143,145,143,140,138,139,142,143,143,143,143,142,140,139,140,139,137,138,140,141,141,139,139,140,141,140,140,140,139,142,145,145,142,138,140,144,145,144,144,144,144,145,145,145,144,143,139,133,127,116,108,105,97,93,95,93,90,94,97,97,93,90,96,99,98,94,90,92,96,96,94,92,90,91,92,93,92,90,90
86,77,83,94,81,72,79,87,92,98,108,118,114,111,120,124,124,125,124,120,112,104,110,126,135,135,134,134,134,134,134,134,134,135,130,121,114,109,109,106,103,98,79,80,91,85,78,79,98,111,99,81,72,73,75,72,70,65,75,81,76,82,91,99,116,138,139,130,118,97,91,92,81,71,89,109,100,89,99,108,90,77,98,114,96,71,77,96,91,83,94,115,119,105,101,108,119,127,126,126,126,126,126,125,125,125,125,125,131,138,125,108,108,122,129,128,128,127,127,126,126,130,128,113,104,103,103,105,104,105,106,104,103,103,103,103,103,102,103,103,102,101,99,100,102,104,104,104,104,103,105,107,107,106,103,105,105,104,105,107,108,108,108,106,106,106,107,104,100,99,96,98,101,90,83,82,77,74,79,82,81,75,72,82,88,85,78,69,70,74,73,70,67,66,68,70,70,68,68,69
99,88,86,94,85,75,80,89,97,108,119,123,120,121,126,119,120,126,123,119,112,107,113,127,135,135,135,134,134,134,134,135,135,135,128,117,113,103,94,97,98,93,85,91,96,83,71,73,94,109,101,77,58,57,64,69,70,65,77,82,76,82,87,96,120,140,132,123,118,103,95,92,84,71,86,109,103,91,99,110,96,82,97,111,95,75,81,97,92,85,93,112,118,105,102,108,115,119,119,121,121,120,117,116,116,117,118,117,125,127,109,101,106,113,117,117,117,118,117,116,115,116,109,91,82,81,81,80,76,79,81,80,79,79,80,79,80,80,81,80,78,76,76,78,80,82,83,83,86,91,87,82,83,83,80,80,78,76,79,83,85,86,85,80,78,80,83,84,84,87,88,93,98,84,74,72,68,67,71,73,73,69,66,73,78,76,68,58,60,64,62,59,58,59,61,62,61,60,61,62
108,95,87,95,92,83,79,85,97,115,128,119,108,111,114,108,110,115,114,116,109,101,110,126,135,135,135,134,134,134,135,135,135,136,127,114,112,105,99,109,117,110,97,100,103,87,69,68,88,106,100,74,51,52,65,73,74,72,79,78,68,73,87,105,132,144,125,114,116,106,95,90,88,76,86,108,105,95,97,105,93,80,96,112,101,87,93,105,103,100,108,120,122,111,107,110,111,107,102,107,112,110,106,102,98,99,103,102,114,127,115,104,104,104,105,107,107,109,108,105,103,102,94,80,74,72,70,69,65,68,71,72,72,72,70,69,70,72,73,71,70,68,69,71,72,74,76,76,86,97,86,75,76,75,72,72,70,68,71,75,76,78,77,73,69,71,75,78,82,86,85,89,93,77,64,64,64,66,68,69,70,70,68,70,70,70,64,58,60,62,61,60,60,61,62,62,63,65,65,65
104,88,73,78,82,80,75,79,94,117,129,112,96,99,104,105,110,108,107,113,103,93,106,125,135,136,135,135,135,135,135,135,136,136,126,112,110,114,121,129,133,123,106,107,109,92,71,68,84,101,98,75,57,60,76,81,80,80,80,71,58,66,93,122,146,149,120,104,112,111,97,90,91,80,84,105,106,99,97,100,90,83,100,116,115,112,115,120,121,122,124,128,124,113,109,111,110,101,83,85,97,101,99,92,85,88,93,92,107,130,123,102,95,95,95,96,98,99,98,95,94,93,85,74,69,65,62,61,60,63,66,66,66,65,62,61,64,66,67,65,63,60,61,66,67,69,70,71,86,100,84,69,70,69,68,68,66,62,65,68,69,70,70,68,66,66,69,75,83,87,83,83,85,71,60,59,60,64,65,65,67,69,69,68,66,65,62,59,61,64,63,62,60,60,62,64,66,68,67,65
98,79,58,59,69,76,75,79,95,121,132,116,103,105,107,106,111,111,111,111,100,94,108,126,134,135,135,135,135,134,134,134,134,134,125,111,109,115,126,134,135,126,111,111,112,95,74,72,81,94,92,74,65,69,82,83,83,85,78,63,51,64,102,138,156,152,117,97,110,114,98,91,94,79,82,105,110,108,104,106,102,99,112,123,125,124,123,121,118,115,115,120,117,104,105,112,115,107,85,76,84,89,89,84,83,93,96,90,106,131,124,103,95,94,94,94,95,94,92,92,92,92,90,90,90,86,78,69,67,71,73,72,72,70,68,68,71,73,72,66,58,54,58,64,65,66,67,66,84,102,82,63,65,66,66,66,63,59,60,63,64,66,66,64,64,64,66,73,84,87,79,76,78,67,58,55,55,60,62,62,64,68,72,68,64,63,61,58,61,66,67,67,64,59,60,65,65,67,67,65
106,92,71,63,69,75,76,82,94,116,125,113,104,103,103,101,101,107,111,108,103,107,120,130,134,135,135,135,134,133,132,131,129,127,119,109,108,107,109,119,128,126,114,110,111,95,77,77,79,88,85,71,69,74,84,83,85,86,71,56,49,68,114,150,163,154,117,96,112,118,99,92,97,79,81,106,114,116,111,116,121,120,125,127,125,120,114,112,103,93,91,105,111,100,104,112,108,103,93,87,86,86,88,89,89,91,97,97,110,132,126,105,96,96,96,96,97,96,92,92,92,93,104,125,137,133,120,104,99,104,106,107,107,105,104,104,105,105,102,94,82,76,80,86,86,85,82,78,91,106,94,83,85,85,81,75,70,66,65,66,65,65,64,61,61,61,63,71,81,83,74,70,72,63,53,50,51,57,59,60,62,68,73,69,63,62,59,56,58,64,68,68,64,59,60,62,61,64,67,66
119,119,108,90,85,83,77,81,97,113,108,97,96,95,97,102,104,109,113,110,112,123,131,133,134,135,134,133,131,129,126,122,115,107,101,103,109,105,101,108,120,124,114,106,108,95,79,81,79,82,78,66,65,75,87,85,87,82,61,49,49,75,126,157,165,157,122,101,117,124,103,95,100,81,81,106,115,121,119,121,126,122,121,120,117,112,107,108,98,82,79,97,110,102,106,106,88,80,79,85,95,99,104,110,99,82,89,107,118,132,126,104,95,95,97,98,99,98,94,90,95,101,109,125,137,138,135,130,129,130,131,132,132,132,138,145,145,143,143,140,134,129,129,133,134,130,120,116,119,123,127,131,132,129,120,108,101,99,99,98,95,91,88,84,80,74,71,79,86,84,73,65,67,59,48,46,48,55,58,58,59,63,66,64,61,59,56,54,55,61,65,63,59,57,60,61,58,60,63,64
116,127,135,124,117,105,83,81,105,117,100,89,94,96,99,109,116,119,119,120,123,127,129,131,134,134,132,129,124,118,112,103,91,78,77,94,108,107,106,114,122,119,108,99,102,91,79,82,77,76,71,57,57,75,91,87,88,80,57,52,56,82,133,161,165,160,129,103,118,129,106,96,101,81,81,108,117,126,129,126,125,116,110,110,111,113,111,111,94,72,73,94,108,103,106,102,77,66,61,70,93,102,112,120,108,88,95,113,118,131,125,102,94,91,93,97,96,94,96,103,118,128,114,95,91,94,99,107,109,108,106,107,108,111,125,138,140,138,140,141,140,139,142,150,153,146,137,133,134,138,149,156,157,155,150,145,141,140,142,143,141,139,138,136,128,114,106,110,112,105,85,63,58,55,51,48,49,56,59,58,57,58,59,57,56,55,53,51,52,55,58,57,55,54,56,57,55,56,59,60
110,125,139,135,133,123,99,85,100,109,95,90,96,100,108,118,123,123,123,124,125,122,123,129,132,131,127,121,111,100,89,79,69,59,64,90,105,103,103,113,118,108,96,90,93,85,78,83,75,72,65,53,57,79,93,86,87,79,61,63,69,93,139,163,165,162,133,102,116,132,114,103,105,90,92,115,123,129,131,126,122,113,107,108,113,118,115,112,93,72,77,98,111,106,108,102,79,70,61,66,88,95,108,119,112,102,109,115,114,129,127,103,90,86,90,93,91,87,92,118,147,146,111,78,69,66,64,67,67,70,70,71,75,79,86,94,97,96,99,99,96,101,111,121,123,115,106,103,111,127,134,133,135,136,135,136,139,140,144,145,144,145,147,150,148,143,142,145,143,134,110,73,51,53,57,53,52,57,61,61,58,57,57,54,53,52,50,48,50,51,52,54,54,51,53,55,54,57,61,62
119,128,132,127,134,138,120,90,82,87,85,85,87,94,107,109,106,105,104,105,104,102,109,125,131,125,117,107,92,77,65,59,56,52,61,89,102,95,92,99,108,104,89,79,84,80,78,83,75,73,63,56,70,90,98,90,86,75,64,72,81,101,143,163,163,161,134,101,114,133,120,109,109,98,102,123,129,131,130,121,114,107,103,106,114,114,107,107,99,89,95,105,112,108,109,106,93,85,69,68,88,95,108,118,110,100,110,118,119,134,136,116,97,92,91,88,88,81,78,107,151,143,93,67,68,62,53,49,50,58,63,66,72,71,68,70,72,73,76,76,72,77,88,89,85,79,73,71,87,106,98,86,89,90,87,89,98,106,107,104,100,100,104,109,114,119,127,136,143,148,136,94,56,51,58,55,53,56,60,60,57,56,55,54,53,52,50,48,50,51,52,54,50,43,48,54,54,59,63,63
136,133,126,125,136,146,129,92,72,72,76,77,75,85,97,91,81,74,71,73,72,71,86,117,129,117,101,91,82,65,52,50,50,50,61,88,99,88,81,90,104,103,81,67,75,72,72,76,71,71,62,61,83,98,101,96,84,70,69,79,80,96,140,164,160,158,135,103,114,128,112,103,107,98,101,123,129,129,127,116,108,104,101,105,113,112,104,108,107,103,104,106,111,107,109,111,100,90,74,73,86,89,105,117,106,96,110,127,133,142,144,134,125,118,104,95,96,94,88,101,132,133,91,62,62,62,55,51,52,61,67,71,76,71,66,66,69,70,73,71,67,75,86,81,71,69,65,62,80,95,76,59,60,58,56,58,71,83,78,67,62,62,64,67,71,73,78,92,115,137,143,113,75,66,71,70,69,72,73,73,71,70,70,69,67,63,55,50,50,52,52,53,48,41,44,48,50,56,57,54
143,136,126,125,131,139,127,94,71,64,65,66,65,74,89,94,90,78,67,65,64,63,80,114,124,104,81,80,93,82,65,62,62,66,79,100,104,91,82,91,104,97,75,67,73,68,69,71,68,71,61,70,94,98,97,94,84,81,86,87,82,97,141,162,156,154,135,105,114,122,100,94,104,97,101,122,127,122,120,113,108,108,106,107,111,115,115,117,114,109,106,106,114,112,111,111,94,82,78,86,95,93,105,116,112,108,118,132,141,147,146,143,143,139,128,121,121,121,119,117,119,123,106,74,67,73,72,67,60,60,60,63,68,66,63,62,63,67,71,69,66,77,91,84,75,74,69,63,76,86,67,52,51,50,50,52,65,80,71,54,48,49,50,50,52,52,54,69,91,111,127,118,96,92,96,97,97,99,101,100,99,99,99,99,96,86,73,65,65,66,67,68,67,63,63,63,64,67,65,62
138,135,129,125,125,133,129,98,68,58,58,59,60,64,75,87,93,84,70,63,62,62,78,112,119,97,77,84,112,118,105,100,100,106,114,115,107,96,88,92,100,93,79,76,78,79,86,85,82,85,77,87,102,100,102,94,88,98,103,98,87,101,143,162,152,150,134,108,114,120,99,94,101,93,100,122,123,116,115,112,110,112,109,110,115,120,123,122,116,111,108,107,113,111,111,113,101,94,100,112,120,117,120,125,126,124,122,125,134,145,141,132,139,147,144,139,138,137,136,134,130,133,128,107,101,108,109,102,90,81,78,75,71,69,69,68,68,68,70,69,63,77,93,83,72,72,68,61,65,70,57,46,46,47,48,49,63,81,72,53,44,47,52,53,56,56,58,70,83,91,104,105,96,99,106,107,107,108,110,110,110,110,109,111,110,105,98,94,94,96,97,97,96,95,97,98,97,96,94,93
132,132,130,128,126,129,122,91,65,57,56,60,65,64,61,66,71,67,59,55,58,65,86,115,121,108,100,109,130,141,132,125,125,126,119,102,90,85,80,83,92,96,84,75,84,100,115,114,110,109,102,106,111,110,113,104,91,92,98,94,78,93,138,153,142,143,133,109,115,119,100,97,101,89,98,120,118,105,106,111,113,113,108,111,117,120,122,122,115,108,103,105,111,107,109,117,111,105,116,132,133,124,122,125,126,125,124,123,130,142,134,119,131,143,140,142,147,147,144,142,142,144,140,130,128,132,137,138,132,130,132,123,107,101,102,104,103,95,92,87,75,81,97,95,83,75,66,56,52,52,49,45,45,50,54,54,67,81,72,56,44,47,56,60,63,62,62,71,80,81,84,81,73,80,92,96,95,94,94,96,97,96,94,97,104,107,107,106,106,106,107,106,105,105,109,111,109,107,105,104
132,133,133,131,129,129,114,82,66,60,54,59,67,64,59,59,62,65,71,74,81,98,116,129,133,127,124,127,133,136,130,126,123,116,106,93,85,83,87,97,105,108,96,83,97,120,131,131,129,124,113,111,113,112,113,110,99,90,90,87,76,93,136,146,132,138,133,111,116,117,93,90,99,90,99,120,113,94,97,111,115,113,110,112,115,115,118,121,115,103,91,94,106,103,107,117,106,86,92,117,121,107,99,100,100,106,121,126,130,139,136,131,139,140,137,147,159,155,143,133,127,130,127,111,105,107,114,129,136,136,138,137,132,129,133,142,144,139,136,131,117,110,120,131,125,108,93,81,72,67,66,64,61,65,70,68,74,80,71,56,47,51,61,64,62,59,58,66,75,77,74,64,54,59,67,68,67,66,66,68,71,71,69,74,85,92,93,93,92,91,91,91,91,93,96,97,98,99,99,98
135,134,134,134,134,135,116,83,70,66,58,59,64,67,68,69,67,75,98,104,105,120,131,134,135,133,130,128,124,123,126,126,123,115,110,104,98,93,91,101,117,121,114,106,116,135,141,136,130,127,118,103,98,100,101,103,101,99,101,97,89,106,140,146,135,139,133,111,116,115,86,83,96,91,100,119,109,86,93,110,112,113,114,117,118,115,117,123,117,101,85,85,99,99,105,116,104,77,71,92,105,94,83,83,82,89,105,114,123,137,140,145,146,141,145,155,163,153,133,118,108,112,109,85,72,71,73,89,103,94,87,97,108,109,114,127,135,134,136,140,138,132,139,153,155,147,140,133,126,117,112,109,101,100,102,97,94,93,83,72,64,65,74,74,68,60,57,64,72,76,73,61,53,58,57,48,44,45,46,47,49,52,55,58,62,64,63,63,64,67,66,66,69,71,72,73,78,85,87,87
133,131,131,134,136,137,118,83,67,70,71,69,69,73,78,80,71,83,114,118,114,120,119,111,114,118,111,109,112,110,114,121,120,121,115,99,92,87,74,80,105,118,119,114,118,130,136,132,124,132,136,113,94,95,97,94,92,96,100,94,89,111,142,147,138,141,133,112,115,113,87,87,98,89,98,120,109,83,91,109,110,113,119,121,119,114,117,125,113,89,73,80,99,101,105,117,108,85,73,81,93,89,81,80,81,86,96,101,115,135,141,145,145,141,150,159,161,151,131,115,105,107,103,79,62,59,57,70,84,68,51,60,72,75,75,79,84,85,86,95,104,106,113,128,134,134,138,143,145,140,139,144,144,142,142,138,135,131,119,110,103,100,103,102,97,90,83,80,79,81,79,67,63,70,62,48,41,39,41,44,46,48,50,50,49,45,41,40,46,52,51,49,53,55,51,54,61,65,63,61
130,129,130,133,134,135,117,78,59,69,81,80,75,75,76,74,70,88,119,128,126,125,113,95,98,104,85,82,97,87,91,105,106,119,115,86,77,84,91,94,97,109,117,113,110,112,115,119,126,140,149,130,100,92,95,91,91,96,94,84,83,107,140,147,139,139,127,106,112,112,91,94,101,89,100,122,110,82,91,111,108,112,121,123,117,110,116,127,113,82,65,78,103,108,109,117,107,85,74,77,83,85,78,73,77,86,97,107,120,138,143,146,147,142,147,158,162,152,133,117,106,107,104,81,61,56,55,68,81,64,45,51,59,61,59,56,59,61,54,54,63,67,72,80,84,85,90,101,106,105,113,128,135,136,139,141,142,140,139,142,143,142,141,140,140,136,129,117,103,99,100,83,72,78,64,47,41,38,41,45,48,47,45,45,45,42,39,38,44,49,47,46,50,51,44,44,51,49,40,35
129,129,130,131,132,134,117,80,64,74,87,85,75,71,66,63,64,84,120,135,134,130,120,113,115,113,94,90,100,91,94,106,107,123,120,93,81,95,121,119,109,118,123,119,117,115,116,120,127,136,140,127,107,103,111,107,103,111,102,84,78,98,135,145,138,133,117,102,111,113,96,97,104,94,103,124,113,84,92,114,111,110,119,124,116,107,116,129,116,86,69,81,110,117,113,113,99,77,67,69,76,78,70,64,69,77,92,111,128,141,143,147,149,142,143,156,162,153,134,116,105,106,108,97,79,61,54,66,79,65,47,50,56,58,58,56,59,59,50,46,52,55,56,60,61,61,60,62,63,64,74,84,86,86,94,100,100,102,112,130,139,140,141,143,144,142,141,142,134,129,128,99,76,79,64,45,41,40,41,43,45,43,42,43,43,42,41,39,43,45,43,43,49,51,44,38,38,37,30,26
129,129,130,132,134,136,122,94,80,81,87,86,75,66,61,61,59,78,118,135,133,126,115,116,124,121,109,107,114,113,114,119,123,131,130,119,106,111,130,126,124,133,131,127,128,128,128,129,128,132,134,129,126,132,140,133,120,124,116,98,88,102,139,152,142,132,123,118,123,122,105,101,105,98,108,126,118,94,100,120,116,112,121,127,120,109,115,128,118,93,82,97,116,115,113,114,97,73,58,58,67,69,60,57,64,68,75,92,115,137,141,144,144,137,143,157,162,152,133,116,104,106,117,127,120,95,80,81,87,82,64,53,53,56,57,55,56,57,49,50,59,56,55,60,63,61,55,49,48,53,62,66,61,58,63,68,68,67,74,91,102,96,98,106,105,106,122,139,144,145,133,94,71,75,63,49,44,39,38,38,38,40,42,42,42,40,40,42,43,42,40,41,47,52,46,35,31,34,33,31
129,130,131,134,137,138,127,105,89,84,88,90,84,72,61,58,57,75,115,133,132,120,93,90,111,112,92,93,108,106,105,114,119,128,132,130,129,134,142,138,133,137,134,133,136,133,132,132,131,132,134,133,134,136,137,137,135,135,136,130,121,128,151,159,148,136,131,132,132,128,107,99,103,99,112,130,122,102,108,125,119,115,124,129,122,109,111,128,127,111,111,124,127,116,114,116,98,68,53,52,57,63,61,62,69,68,67,78,105,133,134,130,135,132,142,158,162,153,134,117,105,105,120,139,145,139,132,121,118,121,105,83,74,70,73,76,71,58,46,54,66,58,53,61,63,60,54,47,47,54,64,67,61,55,56,63,64,60,59,73,85,71,70,82,76,83,111,123,125,136,123,81,63,68,59,50,45,36,33,33,35,41,44,44,42,39,39,42,41,39,39,40,46,53,47,36,36,38,38,38
132,132,133,135,137,137,128,108,94,92,96,99,96,82,63,58,61,76,108,121,118,106,83,83,106,107,88,91,102,89,85,97,104,120,127,122,131,142,148,146,140,139,136,137,141,137,135,137,135,133,131,129,128,124,121,131,142,145,148,150,144,143,150,152,143,135,133,133,133,129,111,103,107,106,122,137,129,112,115,125,116,112,121,131,127,115,118,133,135,126,126,134,136,127,123,121,100,66,50,49,50,58,67,73,74,69,73,83,106,134,129,119,128,128,136,155,162,154,132,111,100,101,118,130,132,134,138,135,134,140,141,135,125,112,116,126,115,89,70,70,80,74,64,63,61,57,51,45,45,53,63,67,59,53,55,62,66,62,59,73,86,69,67,82,73,80,108,104,96,117,122,85,58,59,56,51,47,40,37,37,38,40,43,44,42,41,39,37,35,33,34,35,42,51,43,33,34,34,37,40
132,131,132,135,136,136,127,107,98,100,102,100,95,83,70,74,82,89,99,97,89,82,83,101,114,108,100,107,114,102,95,103,111,124,129,123,126,130,131,134,137,139,139,140,138,135,136,140,140,139,137,133,132,128,125,131,141,143,143,147,145,140,140,140,136,134,128,115,108,112,113,116,122,122,129,129,119,110,113,122,114,107,116,133,138,130,127,137,141,131,121,124,131,130,132,137,117,78,54,50,53,62,70,74,72,71,80,87,106,135,135,120,118,112,121,146,158,151,123,94,83,94,118,127,112,94,92,98,101,108,126,137,136,133,140,153,151,139,123,111,114,115,102,89,77,70,70,64,54,52,60,62,53,49,50,56,63,63,61,74,85,69,70,87,77,82,104,92,78,99,122,101,60,49,52,51,46,42,40,41,39,39,41,41,39,39,38,33,31,30,28,29,38,48,40,28,26,27,34,42
130,130,131,133,134,135,122,100,97,103,97,92,90,84,80,89,101,107,98,81,73,66,74,104,113,97,90,107,131,134,122,117,120,133,144,139,130,123,118,120,128,137,141,138,130,127,130,134,135,132,132,131,125,121,122,127,133,135,134,137,139,138,141,141,139,140,127,93,71,85,111,129,138,130,112,95,85,84,96,117,120,114,119,132,144,144,133,132,141,137,123,119,119,112,117,134,128,94,67,56,62,76,79,76,73,74,83,85,100,134,144,130,117,114,124,140,149,138,106,79,70,83,112,127,109,77,62,60,57,68,84,89,93,100,108,122,133,136,136,131,136,147,145,135,120,113,120,115,92,75,69,67,61,55,52,51,58,62,61,69,77,65,70,88,78,82,101,86,72,85,113,114,72,48,53,54,49,45,43,40,35,34,37,36,34,33,33,31,30,28,26,26,36,46,38,28,26,28,37,44
128,129,130,132,133,133,116,91,90,90,81,84,88,86,85,92,105,117,106,83,72,62,60,79,89,78,74,101,139,150,136,120,121,139,158,155,139,132,130,129,134,138,140,132,111,101,104,100,92,86,87,90,83,81,96,115,124,124,126,131,135,137,141,143,145,147,138,110,81,90,120,138,140,120,85,64,65,72,94,120,128,129,131,128,125,132,133,122,119,127,128,120,107,89,90,115,126,106,76,61,69,83,85,80,76,76,81,83,99,134,149,143,136,136,139,140,140,130,106,87,77,78,98,119,107,75,56,49,45,59,73,63,57,58,58,68,77,85,94,100,110,126,141,152,148,142,150,152,140,125,109,101,98,94,85,75,72,77,79,75,69,56,65,84,73,77,96,81,68,77,101,116,90,68,75,78,73,64,52,42,37,35,37,36,35,35,31,25,24,25,24,24,32,42,35,27,30,33,39,45
128,129,131,133,134,133,114,89,83,73,66,77,87,89,92,98,109,120,114,98,79,63,61,68,72,72,75,100,136,148,142,133,130,143,163,161,142,137,141,142,143,140,138,131,99,77,81,73,62,60,65,69,67,69,87,112,121,119,123,129,134,135,134,134,139,143,144,135,115,111,120,122,112,90,66,61,76,93,116,131,128,132,142,129,101,108,132,121,97,109,129,121,99,79,80,103,122,110,78,67,77,86,85,78,73,77,83,84,101,136,146,139,144,146,144,142,140,136,128,116,104,96,103,116,104,71,53,47,46,65,83,65,46,40,36,38,44,55,64,67,75,81,97,123,127,120,130,141,144,142,137,138,141,141,137,125,115,119,125,113,93,75,74,83,75,79,96,81,65,72,91,107,98,91,99,103,101,90,71,62,62,62,61,60,56,49,39,30,28,31,31,30,36,42,35,31,35,33,36,42
128,128,130,134,134,132,117,96,83,68,66,83,92,93,95,98,104,112,115,109,87,70,74,82,81,78,81,102,134,146,146,147,141,144,162,160,141,137,140,136,131,126,129,137,119,97,100,103,101,104,111,116,115,114,120,129,133,131,131,132,135,136,132,130,134,137,139,134,125,123,122,110,92,76,63,72,107,132,143,140,121,123,144,136,106,109,137,132,104,111,131,120,96,74,70,95,117,105,80,77,85,85,82,80,76,76,79,78,97,134,131,113,133,148,147,146,144,142,140,138,132,129,128,129,114,81,61,54,48,69,92,70,42,35,32,34,39,54,66,60,59,59,66,83,86,83,92,104,107,107,113,130,142,144,144,142,144,152,156,151,139,125,113,108,104,106,116,102,80,76,88,98,94,97,105,108,110,105,96,94,96,97,96,94,84,70,61,59,60,61,59,52,48,47,43,40,40,37,38,42
127,127,129,132,132,131,121,102,84,66,69,86,91,94,94,89,89,99,110,105,85,74,81,85,79,75,84,111,137,144,146,149,146,149,162,158,141,134,133,127,116,109,119,135,133,122,123,129,130,131,140,147,147,145,146,145,144,144,143,141,142,143,138,133,129,129,130,125,120,125,128,116,103,93,73,83,130,156,152,145,128,120,138,141,115,111,137,140,112,111,127,116,98,82,74,96,118,105,87,85,85,80,79,83,84,81,77,76,95,130,119,99,127,144,140,144,147,144,140,139,141,146,145,143,133,111,98,91,76,82,98,77,46,35,32,36,41,60,76,60,47,51,56,65,68,65,72,83,75,67,72,92,112,110,104,107,120,136,144,145,147,148,147,144,142,142,144,135,116,103,106,104,88,89,96,97,97,100,106,109,109,109,109,106,100,93,91,94,96,97,94,82,67,63,64,62,62,58,52,50
127,127,128,130,130,130,122,102,82,65,62,71,79,92,95,90,96,100,103,97,81,76,82,80,73,74,92,122,141,144,144,145,144,151,163,156,141,131,129,133,129,122,127,132,129,126,127,129,127,126,134,141,138,136,138,137,135,137,138,137,139,140,135,124,110,108,111,114,115,113,112,109,108,101,86,98,135,151,145,146,141,129,134,132,106,99,124,128,104,104,120,112,103,100,92,101,115,101,86,82,78,79,82,85,88,88,84,79,95,127,120,106,129,137,130,139,151,153,143,126,120,129,139,140,133,128,130,135,127,116,117,105,81,65,56,52,49,65,81,56,36,42,49,61,67,59,66,78,64,52,54,71,91,85,71,69,75,88,99,104,105,113,126,133,140,144,145,148,146,135,133,117,85,79,77,69,68,74,89,97,100,101,97,96,102,106,105,106,107,108,109,103,94,90,92,94,95,90,76,68
116,118,122,120,119,122,119,105,89,75,68,73,83,93,93,90,95,95,98,97,83,79,88,85,82,88,104,132,146,146,145,143,142,149,161,155,141,134,135,144,143,137,138,135,128,126,128,129,126,122,121,119,112,110,115,117,115,115,116,115,116,118,113,99,88,87,92,102,112,105,99,104,107,105,105,120,137,137,129,124,126,134,134,115,93,89,104,108,97,99,110,111,104,98,91,92,96,88,79,73,70,74,80,84,87,90,91,84,95,128,124,112,133,140,130,137,152,158,146,115,95,107,127,125,108,104,112,126,135,132,134,138,132,121,111,99,85,85,91,69,45,42,50,63,68,58,63,74,61,50,52,63,79,75,61,55,53,56,65,69,63,63,68,75,92,101,105,118,134,138,129,102,78,74,57,41,40,43,53,63,72,76,70,72,88,95,92,93,93,97,106,109,105,104,105,107,109,107,98,92
96,100,104,99,95,99,103,104,96,87,83,84,91,94,89,80,75,83,97,103,88,82,90,90,86,86,101,133,148,147,147,145,143,151,161,153,140,132,132,144,144,137,140,133,116,111,112,111,109,101,93,89,89,89,97,105,105,103,99,95,96,96,93,87,83,82,82,90,103,105,106,106,97,91,94,101,104,102,93,80,88,120,132,114,101,97,94,92,92,93,97,100,91,81,80,83,84,81,73,71,71,68,68,73,76,82,87,81,94,128,126,115,138,146,132,133,149,158,147,114,90,102,117,108,86,75,76,82,95,106,114,126,136,139,140,141,136,127,120,112,92,73,69,78,76,60,61,70,61,52,54,57,67,66,58,53,50,51,55,56,49,43,38,37,47,53,55,66,92,113,97,68,67,74,48,27,27,25,25,30,38,43,42,46,56,62,59,60,63,72,88,94,91,91,95,98,104,108,104,101
79,83,87,83,79,78,82,90,89,81,75,76,85,92,92,82,76,84,100,106,92,83,85,82,79,76,94,133,150,149,150,148,147,153,161,152,139,126,122,140,145,139,141,126,99,90,92,90,89,84,79,80,84,84,91,104,111,111,102,91,89,91,91,90,88,85,81,82,88,95,106,101,70,47,45,51,56,64,70,66,74,106,130,129,126,121,106,99,99,92,84,80,69,65,76,82,84,79,71,77,78,65,59,62,61,63,69,74,94,130,128,114,131,138,129,133,151,160,150,119,93,98,113,100,73,61,61,62,67,76,80,87,102,107,112,128,139,138,137,146,144,126,111,108,102,84,77,82,72,59,56,55,59,61,56,50,47,48,51,51,48,44,37,33,36,37,36,40,60,87,80,55,62,73,44,19,17,15,15,19,22,23,25,28,30,32,32,35,41,49,61,69,70,75,79,81,88,92,90,88
70,74,82,82,77,72,72,77,77,71,75,85,84,85,92,88,83,86,98,106,95,83,77,73,74,78,101,137,153,153,153,151,153,160,163,152,139,127,123,141,146,140,141,127,99,87,86,82,84,92,95,95,95,90,90,100,111,117,110,96,91,90,91,90,90,89,84,81,82,85,96,100,77,54,49,56,64,73,82,87,93,108,123,128,129,128,126,129,126,111,94,81,68,66,77,81,79,75,71,77,77,61,50,50,49,49,61,79,105,135,126,101,105,116,125,139,156,165,155,124,92,93,115,103,69,56,57,57,56,60,63,71,81,78,78,89,102,109,114,126,137,139,137,139,142,130,120,120,107,87,73,68,67,66,58,49,46,46,49,51,49,45,41,40,43,42,40,41,50,78,92,66,61,71,39,13,10,8,10,15,17,15,15,19,21,23,24,30,39,42,46,58,69,72,67,66,70,69,66,66
72,74,78,78,72,68,66,68,70,80,104,117,97,80,85,87,83,84,90,96,91,80,74,71,70,72,100,138,154,157,158,155,159,165,164,152,140,128,125,141,145,137,138,133,118,106,97,90,96,114,123,123,118,104,96,97,100,105,107,109,108,99,94,91,90,90,88,86,85,85,89,94,95,98,101,99,96,95,99,101,101,103,107,109,110,113,123,132,132,129,124,107,93,93,94,94,92,83,73,68,65,54,40,40,45,50,67,85,110,136,123,89,83,102,128,149,161,166,158,128,93,92,115,107,78,64,59,55,53,57,59,69,78,72,72,77,83,82,78,76,82,100,118,129,137,141,143,148,147,133,116,107,103,93,77,64,63,58,53,53,51,47,44,46,50,47,42,43,47,78,104,74,61,69,36,11,9,6,7,12,16,12,11,16,19,20,20,29,42,43,44,57,74,75,61,61,68,63,57,57
71,72,73,70,65,61,60,60,64,79,109,124,106,90,85,80,84,93,89,86,85,78,75,73,61,59,92,135,147,149,157,160,160,163,164,151,136,127,129,144,143,134,133,130,130,129,118,115,123,131,137,141,137,120,104,97,94,94,100,113,118,115,111,103,94,90,91,92,91,91,91,92,96,107,119,119,112,111,113,110,105,102,98,96,96,98,103,107,108,118,130,126,120,122,121,124,125,102,72,56,53,50,43,42,47,57,72,85,108,135,126,96,82,92,122,144,153,161,159,137,104,96,107,108,100,96,86,73,66,61,56,66,77,75,77,81,81,70,55,47,46,65,89,90,89,102,117,131,141,142,140,145,145,137,122,110,109,99,80,72,74,66,49,44,47,46,43,42,45,73,101,77,63,67,33,8,6,4,5,15,22,12,8,15,17,17,21,33,48,50,52,63,77,78,67,63,65,62,59,58
59,66,69,63,59,59,59,57,59,63,82,105,110,109,94,75,89,111,99,84,80,73,77,79,61,57,91,137,149,142,153,161,156,155,161,150,132,128,138,149,143,134,130,124,129,134,126,129,136,136,139,147,147,130,112,106,101,96,96,101,105,111,117,115,106,100,103,107,106,105,106,108,110,112,112,112,118,121,119,115,116,117,107,101,102,101,102,103,102,108,123,131,132,134,134,136,129,100,67,52,50,52,55,50,47,59,74,85,105,134,137,117,98,96,116,130,134,141,141,129,107,92,90,96,116,135,132,115,102,87,73,79,82,79,83,82,81,66,47,42,41,57,80,75,60,64,75,85,93,100,111,130,141,144,144,147,150,145,129,118,121,110,79,59,56,57,53,47,47,65,93,87,70,66,31,4,3,3,5,20,31,16,5,11,12,17,30,44,56,62,69,75,76,74,66,57,53,56,59,58
54,60,64,58,57,57,54,52,53,54,65,88,106,114,100,83,95,114,104,86,76,67,74,83,68,65,96,142,155,145,154,160,147,144,157,152,137,139,150,154,143,133,126,120,124,126,121,127,135,137,140,144,139,125,122,122,113,103,97,96,97,99,104,107,109,114,119,122,121,114,114,122,126,125,117,111,117,121,116,115,122,128,124,121,124,122,112,107,110,103,100,109,122,129,124,115,104,83,65,52,44,50,56,50,46,58,77,85,100,132,144,133,120,120,131,131,126,117,106,95,79,74,84,92,108,127,134,136,141,131,117,117,106,95,93,86,82,64,43,40,43,56,79,79,58,49,50,53,58,62,67,79,92,101,112,128,138,143,145,150,156,151,130,105,97,99,91,74,65,69,94,97,75,64,32,3,2,4,8,21,31,16,3,5,8,19,36,52,62,65,70,70,66,65,56,49,50,55,59,58
56,58,57,53,54,55,56,59,60,63,72,88,101,105,101,94,94,103,108,96,78,66,73,84,78,79,103,140,154,146,154,157,142,142,157,152,141,146,159,157,142,129,122,122,124,124,125,131,136,138,138,135,118,110,127,132,123,111,99,99,102,105,104,104,108,118,125,127,128,119,118,128,132,133,130,127,124,115,104,97,100,104,112,120,113,102,84,84,99,79,60,70,97,115,102,92,95,89,65,39,38,54,54,44,46,59,81,88,98,131,146,142,139,140,141,137,130,112,91,76,65,72,95,103,91,81,87,107,126,133,136,142,138,129,117,109,99,75,55,45,41,52,77,81,60,47,45,46,49,50,50,52,57,63,69,76,87,98,111,129,143,149,148,144,145,147,139,122,104,93,104,102,79,72,50,22,13,10,12,17,20,10,2,2,5,18,36,54,64,60,57,55,56,59,53,50,54,57,58,58
51,53,52,51,54,61,72,79,79,76,78,88,96,98,100,97,91,96,112,111,86,68,76,91,93,95,106,131,148,148,156,156,140,141,156,150,138,145,159,158,141,124,116,123,129,130,136,138,137,138,137,132,114,114,133,139,138,126,109,108,114,121,122,122,122,126,128,128,128,119,113,115,123,130,124,120,112,95,76,59,56,58,77,98,78,57,57,79,101,85,70,77,97,109,92,85,99,96,66,37,38,52,45,36,40,54,77,84,94,130,141,133,141,148,144,140,136,123,103,88,80,85,100,102,75,50,55,68,78,89,103,120,134,139,137,141,134,117,103,78,57,59,80,84,61,45,47,48,46,45,45,47,49,51,50,49,57,66,73,82,95,105,113,126,139,145,148,149,140,124,120,112,97,94,85,63,40,29,34,32,22,10,3,3,8,16,30,52,63,54,50,51,52,53,49,49,53,55,54,53
53,57,60,57,59,68,77,81,78,69,69,76,82,91,97,95,91,90,103,113,94,72,74,86,98,106,110,124,141,149,156,153,138,141,154,146,136,144,160,158,141,125,112,115,128,136,141,140,137,137,137,133,118,118,136,141,145,142,126,116,109,105,112,119,111,103,104,110,115,102,86,82,99,116,100,86,87,85,80,68,64,66,85,100,69,45,56,86,109,99,89,90,101,106,86,77,89,91,71,47,44,48,45,44,48,54,70,73,84,124,128,108,119,133,135,141,142,137,128,115,103,100,104,99,66,36,39,50,56,62,70,82,97,106,116,131,140,142,144,129,104,97,104,101,78,59,53,50,46,41,39,41,45,49,46,45,53,59,56,54,57,63,69,77,86,95,106,122,136,137,125,115,113,110,105,93,72,64,73,68,44,27,24,21,21,21,26,49,60,44,41,49,53,51,46,46,49,50,48,46
70,72,72,68,63,66,73,77,74,67,71,75,72,81,91,93,89,85,94,106,99,80,73,75,87,103,110,123,144,154,156,150,137,142,153,144,135,144,160,158,141,127,109,100,116,137,146,142,137,137,136,132,114,111,134,136,134,140,131,109,82,65,80,96,74,56,64,84,106,98,83,80,98,116,96,72,66,80,96,89,81,84,99,103,64,38,42,68,92,77,63,66,83,103,94,84,96,102,77,56,60,66,67,68,69,70,76,76,89,122,118,89,89,98,111,129,137,140,144,138,129,124,124,113,67,26,25,39,50,55,59,65,70,73,77,89,101,114,129,137,136,139,141,135,122,105,83,70,65,51,38,40,47,51,49,47,50,53,48,44,45,46,49,50,51,53,60,74,98,116,105,97,105,109,107,103,97,94,98,92,71,65,72,61,48,37,33,50,62,41,30,43,54,51,45,45,47,46,45,44
75,73,71,70,64,67,79,83,80,79,82,76,64,65,78,87,85,86,99,112,106,87,77,73,75,89,106,128,151,159,155,145,138,150,157,142,133,144,160,159,140,127,109,93,106,133,148,143,136,135,133,130,122,127,140,135,134,140,129,104,81,73,87,101,83,67,63,75,100,94,82,83,99,116,95,60,42,61,87,68,52,57,81,99,71,55,63,81,99,84,66,59,75,104,106,103,114,109,80,65,70,70,67,67,71,78,82,84,102,129,120,88,79,85,100,114,120,126,131,134,139,142,144,133,88,49,41,39,38,43,50,56,57,54,57,62,66,70,81,97,112,128,137,144,150,148,130,116,111,86,64,66,65,56,53,54,51,50,45,39,41,43,43,43,40,40,45,51,68,84,82,79,87,97,96,96,104,105,103,100,95,98,103,95,78,66,60,68,72,49,35,47,55,49,43,44,44,43,45,46
59,64,74,76,70,75,83,80,76,77,76,64,53,55,66,78,83,93,113,124,114,93,81,78,76,89,117,141,154,156,146,137,140,158,161,143,134,144,160,159,139,128,122,114,113,129,147,143,135,133,132,130,122,126,136,135,140,145,128,105,92,89,100,109,96,80,64,67,87,68,49,51,76,103,80,51,52,78,100,80,64,62,78,98,77,70,82,96,109,98,75,58,72,99,94,91,105,101,75,61,59,55,53,58,69,75,73,74,100,133,132,110,97,95,97,97,103,107,101,106,128,141,147,148,130,110,97,71,51,46,41,41,39,37,44,51,53,54,57,64,72,80,93,114,129,137,140,143,146,131,115,118,106,81,70,67,59,54,49,40,39,41,41,39,36,40,45,50,59,73,83,82,84,87,72,72,91,97,95,98,104,106,106,104,99,95,94,94,87,68,63,74,67,49,47,56,57,49,44,43
58,70,90,90,78,78,76,70,68,66,62,56,56,58,57,67,86,104,120,130,126,105,87,86,88,97,123,145,155,151,135,131,140,157,160,145,136,143,159,159,139,125,117,117,119,130,146,142,133,132,133,134,117,105,123,130,134,143,124,96,79,67,79,93,73,56,57,73,94,79,63,67,89,107,78,54,64,93,113,97,84,75,79,90,63,43,50,71,94,80,63,66,87,106,97,84,89,86,62,48,49,49,53,58,64,64,57,56,86,129,138,120,103,99,91,86,99,98,83,87,107,121,133,144,139,140,144,126,103,87,71,53,31,23,30,40,45,49,52,52,53,55,68,90,92,93,104,115,130,138,141,149,146,127,109,97,82,73,69,59,47,44,45,44,42,43,44,48,56,78,102,94,87,85,59,51,68,75,74,82,94,96,95,98,102,105,107,105,99,93,94,99,86,65,66,83,87,70,48,39
92,97,100,87,75,77,76,73,74,69,61,62,65,60,56,73,101,117,122,131,135,117,94,92,97,95,110,137,152,148,135,135,144,154,157,145,135,141,158,159,140,125,109,103,115,134,147,140,132,133,134,136,121,104,117,128,136,144,118,89,85,79,86,100,84,64,61,81,103,94,82,85,101,106,70,45,47,74,100,76,57,61,79,102,82,61,63,82,93,67,56,77,101,116,108,89,79,69,48,42,46,44,49,53,52,50,47,44,71,123,131,101,91,97,94,95,104,96,87,85,87,92,107,113,100,107,129,134,135,136,130,105,67,46,39,35,35,34,33,33,35,41,64,88,83,74,74,73,84,99,111,131,146,145,140,137,125,114,114,105,81,66,63,56,50,48,45,48,54,81,111,97,85,83,54,42,50,56,60,65,71,71,69,76,88,96,97,96,98,102,104,104,98,90,91,100,103,88,66,57
108,107,99,84,79,84,88,88,87,81,75,72,64,53,59,87,113,124,127,133,137,124,101,90,91,90,100,126,145,150,148,148,149,150,154,144,132,140,158,159,140,129,114,100,111,135,148,140,131,133,134,131,108,91,108,129,144,148,118,93,94,94,99,107,93,66,46,66,91,71,52,54,77,96,75,63,71,88,106,85,61,59,83,112,99,82,83,96,96,61,44,57,83,106,95,79,86,79,46,35,39,35,37,42,43,40,41,39,63,120,124,85,80,94,98,99,96,90,88,85,83,86,89,81,62,61,75,88,108,131,143,141,125,107,86,66,54,39,19,14,20,28,57,90,91,85,74,60,60,64,68,85,105,114,128,141,141,141,149,148,128,113,104,84,69,66,58,51,55,77,100,89,84,80,47,32,37,46,58,59,52,43,43,54,64,72,73,74,84,88,88,92,97,100,101,101,102,99,92,89
93,95,95,91,89,90,94,95,92,88,86,78,64,54,56,77,102,116,124,130,133,128,108,90,85,88,96,110,128,142,148,146,139,145,154,144,133,140,158,158,140,130,115,97,106,133,147,140,131,131,133,131,110,92,106,127,142,143,118,97,85,72,76,85,70,50,50,76,98,82,70,72,88,101,82,75,84,99,115,97,67,49,70,99,76,52,54,74,94,78,65,72,90,104,89,78,93,88,47,25,31,31,28,33,36,35,35,32,61,121,123,79,69,84,91,90,86,83,79,79,89,104,103,83,54,41,45,54,64,82,101,114,126,135,135,127,114,90,55,40,41,36,55,90,96,89,71,53,53,52,48,55,66,73,91,110,112,117,136,150,149,146,146,129,114,112,95,72,67,76,89,87,89,80,42,25,31,43,56,54,44,30,32,45,43,45,50,51,59,60,57,66,80,87,88,91,97,101,101,101
76,80,84,80,80,89,91,88,87,85,82,80,77,70,63,73,93,106,112,115,121,126,112,92,84,88,94,101,112,122,131,130,124,138,154,144,133,139,157,158,140,133,127,114,114,133,147,140,131,131,132,132,116,100,108,123,139,137,109,102,100,83,82,89,75,57,62,89,107,95,86,86,97,98,66,46,49,76,104,81,55,58,83,106,85,65,59,70,95,92,86,90,101,106,88,74,82,83,51,25,28,29,26,33,38,33,28,25,56,117,123,82,62,65,70,72,73,73,74,79,87,102,115,97,59,41,45,48,47,49,56,64,78,101,125,139,144,141,124,108,97,79,84,103,99,82,53,34,39,39,33,39,52,58,72,87,80,72,88,109,116,128,143,146,148,150,136,115,100,92,100,110,110,87,44,27,32,44,53,42,33,26,31,44,34,33,40,34,34,35,34,42,55,59,59,69,82,87,88,89
67,71,71,66,73,87,87,78,77,78,76,77,80,79,75,79,89,100,105,102,107,114,107,92,85,88,93,98,106,110,116,126,129,142,154,144,134,141,157,157,141,132,130,127,123,133,148,141,131,131,132,125,102,90,105,122,141,138,113,110,109,96,93,91,74,49,43,69,91,72,54,57,75,95,80,65,65,87,106,76,56,71,96,113,98,81,66,70,88,73,60,66,84,101,92,82,93,92,54,26,28,25,27,37,37,27,24,25,55,112,124,95,73,62,55,51,49,50,60,74,78,84,95,87,63,49,49,52,47,40,38,44,52,60,74,92,112,133,143,143,141,134,133,130,110,84,50,28,26,22,17,23,36,47,64,77,68,55,59,62,60,77,97,108,127,142,144,143,136,119,121,138,135,98,48,27,27,40,51,33,19,20,30,43,32,28,32,25,22,27,30,34,42,41,35,47,59,62,62,64
67,68,68,73,82,85,79,69,66,72,77,78,79,76,74,74,77,92,100,96,98,104,102,92,86,88,92,95,103,109,111,124,135,138,142,140,139,148,159,154,140,130,125,124,122,131,146,142,133,132,132,123,106,102,112,122,138,137,118,107,92,73,67,61,52,49,58,81,99,84,73,69,76,97,94,84,84,98,106,70,45,49,74,97,76,55,57,78,99,85,74,73,81,99,98,95,108,96,47,19,22,21,25,35,34,23,20,24,55,111,129,116,100,82,68,61,57,53,56,67,74,82,90,90,87,79,70,60,49,41,38,49,53,48,48,56,68,86,103,115,129,144,155,153,134,110,82,56,37,23,18,17,19,26,48,65,58,48,49,41,34,48,57,58,76,97,108,123,136,132,126,132,129,96,47,22,18,32,47,26,9,14,30,41,27,21,29,28,27,32,34,36,41,35,29,39,47,44,41,40
64,67,73,75,80,82,76,69,65,67,75,81,80,73,72,72,68,76,88,95,104,106,104,98,89,87,88,91,97,106,113,124,134,132,127,127,135,151,160,151,137,129,120,112,114,127,144,142,133,131,131,122,103,100,112,122,135,128,106,105,102,85,77,69,57,60,75,95,108,97,86,74,74,88,70,54,57,77,97,76,58,63,84,103,78,51,58,87,108,99,92,83,80,93,86,77,92,90,48,20,19,17,20,31,34,26,20,20,52,110,134,134,126,109,104,103,100,93,77,72,80,95,106,111,120,126,116,92,69,55,49,54,54,49,51,53,53,59,66,70,81,103,134,151,146,140,131,111,88,66,50,36,23,20,34,50,41,30,36,36,34,47,47,38,45,54,62,74,98,115,108,101,102,85,42,15,10,26,44,23,4,10,27,38,23,17,27,32,35,39,40,39,41,35,29,40,46,38,29,25
55,60,68,65,65,77,81,79,75,66,69,76,71,65,68,70,66,71,85,102,115,117,116,108,97,94,95,97,97,106,117,123,135,140,131,117,112,133,152,146,133,130,118,104,110,126,143,141,132,131,132,123,95,85,104,123,133,123,100,98,100,93,88,77,55,45,50,72,92,73,54,55,75,97,82,71,78,92,103,84,77,86,97,107,80,46,42,68,94,80,67,69,83,100,91,81,90,86,54,30,24,17,14,22,28,25,23,24,54,112,138,141,141,134,132,131,128,112,84,74,86,100,108,110,118,132,139,130,112,92,80,73,60,53,59,62,57,56,54,51,52,63,100,129,124,128,141,140,137,126,107,86,64,52,53,49,30,19,28,34,39,50,46,38,39,41,42,47,67,89,89,85,94,85,44,15,8,24,42,21,3,6,25,40,25,14,22,27,28,36,43,40,39,37,32,43,49,38,26,21
47,52,63,66,62,67,77,83,77,63,60,64,59,57,62,65,70,79,93,110,120,125,124,108,97,101,106,106,100,106,112,109,119,133,133,110,88,106,140,143,133,130,121,113,113,128,145,140,131,132,134,125,106,102,113,124,130,123,104,87,76,65,59,54,49,54,62,81,99,85,64,58,80,106,97,87,90,100,99,66,52,59,75,90,70,55,61,82,101,86,65,66,90,108,100,94,94,80,57,42,32,23,19,18,18,20,23,31,61,114,132,124,130,140,143,140,136,117,91,80,86,95,100,97,94,101,111,124,132,132,130,118,91,75,73,69,61,58,54,48,46,49,83,113,92,83,101,113,130,142,142,139,125,112,106,80,49,32,27,30,42,50,43,36,37,40,41,43,59,81,88,93,103,90,56,35,31,40,43,19,2,5,26,41,24,10,19,24,18,25,42,44,44,42,37,46,51,42,29,23
45,51,66,75,71,63,70,77,69,60,56,54,53,59,70,75,77,83,96,110,116,116,109,95,89,93,97,99,97,99,99,95,103,120,124,103,86,106,138,141,133,128,118,108,106,127,147,139,131,134,134,120,99,103,119,125,128,120,106,101,95,81,70,61,58,69,82,96,107,94,70,50,66,92,74,55,56,76,95,77,63,68,83,91,70,66,80,96,110,93,65,54,74,96,84,78,91,88,63,43,38,40,41,31,20,15,19,29,59,113,121,86,83,104,122,137,141,133,119,103,96,95,94,89,85,87,83,88,107,127,140,142,130,114,103,88,69,60,53,45,42,45,78,106,77,53,63,73,87,111,129,138,143,149,148,128,101,81,58,45,44,42,37,34,35,36,37,41,56,84,103,108,106,90,71,69,73,66,53,36,22,11,22,38,23,9,19,28,19,19,35,44,49,47,42,46,49,42,32,26
49,58,71,77,76,69,69,70,61,59,59,56,52,59,79,86,81,83,91,98,98,93,87,85,85,86,88,90,91,96,99,95,101,116,117,108,106,124,142,138,133,136,130,110,102,125,146,140,132,134,134,124,103,97,114,126,128,117,105,108,105,93,83,66,49,49,57,74,90,72,53,56,81,103,89,75,69,76,98,92,81,84,95,93,59,43,48,71,93,76,59,65,84,100,88,74,85,88,61,40,47,59,59,47,28,13,10,14,50,112,115,62,39,49,72,102,123,137,140,130,120,112,105,96,92,93,81,71,78,90,104,118,128,133,135,122,100,86,73,55,44,42,73,103,74,47,51,54,59,80,100,98,107,131,144,143,140,135,119,98,81,63,52,47,37,32,33,37,52,90,120,111,90,81,85,95,96,83,74,77,64,37,36,45,28,12,19,30,24,21,33,40,42,46,48,49,48,43,35,29
52,58,65,64,64,64,64,64,61,62,65,63,54,52,64,76,78,82,86,88,85,81,87,93,90,90,99,98,91,102,116,107,98,100,101,113,122,123,130,131,131,143,152,134,111,127,147,141,133,134,133,135,133,122,119,125,127,114,101,99,87,67,56,51,54,62,68,82,97,79,58,67,94,113,104,93,78,76,89,69,51,56,74,91,74,59,62,81,91,66,57,76,96,108,96,75,74,78,57,41,53,62,60,52,36,18,9,8,44,112,116,59,22,21,36,54,72,102,128,139,140,136,132,118,102,98,86,73,73,75,80,87,94,108,126,137,138,133,117,89,64,53,75,103,74,45,49,49,48,67,86,73,68,86,102,112,127,139,141,142,136,119,104,89,66,52,45,39,50,89,118,99,64,60,86,103,101,97,99,105,94,77,77,68,44,34,37,36,28,29,38,39,38,49,58,57,52,46,39,35
41,44,51,53,50,55,62,63,63,66,69,66,57,49,48,57,73,86,87,89,91,88,94,102,93,93,108,104,93,104,121,114,96,86,92,115,126,113,105,111,122,136,156,153,128,129,146,141,133,133,132,137,146,142,129,125,126,118,109,109,100,81,65,55,62,79,86,95,105,82,50,44,71,96,78,59,59,78,96,79,65,63,73,95,91,79,81,93,93,59,41,51,75,95,87,78,89,88,53,30,39,54,61,57,48,35,27,22,52,115,121,65,21,11,20,30,39,54,82,110,127,138,145,136,117,100,80,71,75,77,78,78,78,80,90,111,133,143,143,128,107,92,101,112,75,42,44,46,44,62,82,68,52,57,64,68,80,96,112,129,141,145,145,137,118,105,85,59,58,83,101,85,52,51,81,95,92,98,106,109,105,104,107,93,75,79,76,52,36,36,38,33,31,47,65,64,54,43,36,34
27,30,43,60,62,62,66,63,56,57,61,62,60,60,56,53,72,93,89,89,99,94,89,91,87,89,99,99,90,96,107,104,93,90,105,123,127,116,96,90,103,122,148,161,146,135,144,141,133,132,130,136,145,140,130,126,125,122,117,114,104,91,74,50,42,51,58,71,87,68,51,60,85,104,89,67,61,83,105,94,83,73,74,88,70,51,54,74,94,79,65,68,82,89,79,84,105,99,52,21,29,52,63,64,62,53,46,42,68,122,127,76,32,16,20,31,35,33,41,60,84,114,137,145,137,115,92,80,74,73,76,79,79,76,76,85,98,112,124,129,131,135,142,135,94,62,56,48,40,58,77,65,50,50,50,48,48,62,79,85,93,114,136,148,150,149,132,104,94,98,99,89,61,57,76,71,60,71,87,95,100,107,110,105,102,108,99,74,61,56,43,30,25,42,66,65,50,36,27,26
24,24,33,53,66,68,67,61,49,48,53,58,63,71,76,73,80,91,86,83,93,94,86,85,89,89,95,99,89,88,94,91,89,92,107,124,130,126,109,88,86,108,138,156,157,153,151,141,132,131,129,137,141,131,126,125,124,121,114,105,85,64,53,48,53,62,66,80,87,67,60,77,99,114,100,75,54,67,90,72,55,57,75,94,79,67,66,77,100,98,88,92,95,80,56,57,85,99,67,40,43,51,49,55,66,65,57,54,80,127,129,85,52,41,40,40,36,30,31,40,59,91,123,138,137,133,130,116,93,78,72,73,76,78,80,80,81,86,91,93,107,133,152,153,133,114,102,78,57,62,74,63,48,46,47,45,42,55,69,57,47,64,93,114,129,141,144,143,141,133,121,109,81,66,71,52,35,46,59,63,72,88,95,98,105,109,106,100,96,87,68,57,50,51,62,59,46,33,23,21
26,25,33,47,57,62,62,54,47,52,58,59,64,75,87,89,88,88,85,82,87,91,88,90,95,91,94,97,83,72,72,80,85,85,97,123,136,129,115,96,77,93,127,146,159,164,155,140,132,131,131,137,132,120,129,129,120,119,116,111,99,77,58,54,67,77,80,90,88,59,44,50,75,98,78,58,60,80,97,83,65,61,81,103,93,83,78,83,92,70,54,61,68,66,52,51,81,98,73,60,62,46,30,34,49,59,61,62,86,128,128,88,65,62,60,54,47,44,48,56,69,91,114,114,106,116,135,140,133,114,92,82,73,70,75,77,77,78,76,73,78,98,126,146,145,142,141,128,109,93,83,66,48,43,44,42,41,56,69,49,28,32,53,65,71,87,103,124,141,136,129,124,90,67,71,52,35,37,37,36,43,55,61,69,85,93,99,106,108,105,98,96,87,73,68,64,55,40,27,24
26,30,43,55,58,57,54,46,44,58,65,60,61,73,86,91,92,93,93,88,84,85,85,86,88,86,88,90,80,63,58,72,81,79,90,120,141,129,111,107,92,96,124,142,152,154,149,136,128,128,131,139,134,127,143,142,123,120,122,117,106,89,64,44,43,49,51,63,72,63,62,69,88,106,84,61,70,94,109,98,82,68,79,97,82,67,70,89,96,67,53,61,71,77,80,93,106,93,63,59,62,45,30,26,25,32,46,56,83,126,125,87,66,66,68,65,63,64,71,79,84,90,101,93,78,83,94,111,132,139,135,120,94,75,65,64,69,74,75,71,68,70,93,122,117,114,130,142,147,136,115,93,72,60,48,40,40,56,69,49,25,23,33,32,27,36,48,67,97,107,113,118,81,59,71,54,36,32,24,26,30,32,31,37,50,59,72,87,92,97,105,109,106,97,93,91,80,65,54,52
29,31,40,50,53,50,49,42,40,56,67,61,60,69,80,88,91,100,110,100,84,81,81,81,80,81,85,92,91,74,66,75,79,79,84,106,136,131,116,125,128,125,134,145,146,147,148,133,116,119,128,138,147,150,158,156,140,124,117,109,90,71,60,56,61,66,68,71,67,65,76,86,100,114,96,70,66,86,103,89,82,94,106,113,106,99,104,117,120,109,105,107,104,94,92,106,107,83,63,61,59,50,41,29,16,12,20,33,70,121,126,96,75,65,66,70,73,78,86,95,92,84,87,83,73,72,66,69,89,113,132,137,131,114,86,67,63,66,65,59,55,54,77,104,88,73,86,105,130,146,147,136,123,109,80,56,48,57,71,54,28,22,28,24,16,19,24,33,62,88,97,97,65,54,68,49,32,28,20,23,27,22,19,18,20,28,46,61,65,72,86,93,98,103,105,106,102,96,93,92
35,35,37,42,45,45,49,48,48,59,66,63,65,71,80,88,89,101,118,112,103,97,84,79,78,80,84,90,94,88,79,79,80,79,80,93,121,130,125,132,139,141,144,147,146,146,148,131,104,104,120,131,145,159,164,163,153,127,112,114,105,82,66,65,77,82,84,81,66,60,64,68,87,107,102,99,102,110,118,112,112,118,116,121,130,131,123,116,118,111,105,104,95,82,79,84,85,77,68,61,50,47,48,35,22,13,10,14,53,115,131,115,96,80,77,84,94,98,98,96,93,86,86,84,79,78,69,59,62,73,87,105,126,137,128,108,86,70,60,49,45,47,71,96,77,57,59,68,85,111,135,145,147,148,130,104,83,72,73,54,29,24,30,26,16,19,20,23,50,82,89,80,58,56,67,44,26,26,23,25,21,15,15,13,10,16,35,49,46,47,58,65,74,86,91,97,105,108,108,108
52,48,46,51,54,59,69,75,76,77,74,71,73,76,86,92,88,95,109,117,132,127,96,79,78,84,92,91,93,94,84,79,80,79,80,85,99,113,117,118,122,126,129,130,130,130,132,124,103,101,114,123,133,149,159,162,154,124,97,94,98,87,69,61,64,66,69,74,83,95,99,99,110,122,125,123,111,110,118,109,104,94,85,103,112,107,89,81,90,74,63,73,77,76,74,71,72,75,66,50,37,41,53,48,36,27,25,23,54,115,137,126,116,111,110,113,122,123,108,88,86,93,97,95,86,79,67,53,52,57,60,67,82,104,125,133,125,107,87,72,61,51,68,92,75,55,54,55,57,66,87,105,116,132,144,144,130,109,94,72,45,36,37,28,18,19,14,16,42,79,94,85,67,64,66,38,18,21,22,21,14,9,11,10,9,12,28,43,36,33,44,52,56,60,62,72,87,91,95,99
73,64,61,74,82,89,103,106,98,93,84,83,81,75,83,90,89,92,101,120,136,124,94,81,79,88,101,97,91,95,91,83,79,78,79,81,84,93,104,108,110,110,105,103,105,105,109,113,110,110,116,117,120,130,144,157,153,117,79,67,73,81,88,95,97,97,100,106,118,120,108,101,112,125,124,101,70,75,93,79,73,77,85,95,84,78,74,78,90,70,64,85,93,86,76,68,64,68,64,47,34,40,57,60,52,48,53,51,71,121,140,136,136,137,133,131,135,132,112,84,81,98,108,109,101,82,59,43,46,54,56,54,56,65,81,104,124,132,128,117,100,79,86,95,69,52,51,50,48,49,58,65,70,85,106,130,145,144,136,121,97,77,64,47,29,20,12,15,37,79,109,103,81,70,65,36,16,17,15,12,8,7,6,6,7,9,22,37,29,26,40,48,46,43,43,52,59,58,67,76
93,88,91,108,118,118,115,104,95,91,85,89,90,77,78,88,92,92,96,113,117,99,91,90,82,82,89,90,89,99,107,91,77,76,77,80,82,86,98,108,114,118,106,95,94,94,96,100,103,107,114,115,111,111,122,139,138,115,96,94,99,107,117,118,106,98,98,99,102,89,62,54,75,99,98,80,67,75,86,90,99,108,116,109,92,96,106,112,110,88,80,92,92,78,71,70,64,59,56,48,37,36,47,53,55,61,68,64,82,124,139,140,147,148,141,135,129,117,100,86,86,97,109,120,126,110,84,60,48,50,51,50,50,52,56,68,84,104,124,135,133,123,122,110,80,59,50,46,43,49,55,53,51,55,63,84,118,138,143,142,140,127,112,96,70,47,30,24,38,76,110,108,88,74,66,40,20,18,13,9,8,7,4,3,5,7,17,31,27,22,36,40,33,34,38,44,44,37,43,52
119,123,132,137,137,127,104,87,88,93,94,98,101,94,91,96,96,94,97,108,110,98,99,97,82,75,76,80,86,100,108,90,76,76,76,79,82,82,89,103,114,124,117,96,90,92,93,93,94,101,111,116,113,107,106,110,109,101,92,90,95,104,113,93,66,62,66,66,71,69,64,67,79,94,92,84,86,83,78,92,105,104,110,110,100,99,106,111,105,85,71,71,73,67,64,71,68,55,47,45,36,30,33,36,46,57,58,56,81,125,132,120,122,131,141,141,125,103,90,88,89,91,99,112,124,130,126,103,76,60,50,46,47,49,53,59,63,69,81,102,123,138,141,130,116,95,73,55,46,48,51,49,48,49,50,61,85,108,111,107,122,137,143,141,127,107,77,52,48,67,90,97,89,80,73,46,24,18,14,13,10,6,3,3,5,7,14,28,28,25,34,33,23,26,32,37,40,36,38,43
135,143,152,148,139,125,104,93,97,100,101,104,109,110,106,105,102,98,104,118,121,102,88,84,81,79,77,78,84,92,91,80,75,75,75,76,78,78,84,101,116,124,121,100,89,93,96,94,95,105,111,118,119,111,104,98,93,77,53,51,59,76,94,77,67,87,97,96,99,103,107,110,108,105,94,77,73,72,62,61,63,59,76,97,87,71,71,79,80,73,64,60,67,65,59,65,65,56,47,37,28,28,30,31,40,45,40,40,75,125,124,90,78,92,121,140,136,121,109,100,93,88,89,92,91,105,125,133,124,101,76,57,48,46,50,57,60,58,56,63,80,105,121,128,140,141,121,88,60,47,44,45,46,49,52,57,70,89,87,65,70,100,125,141,149,149,128,100,83,78,87,99,95,91,87,62,35,24,19,15,12,6,2,3,5,6,13,27,29,25,31,29,20,21,27,33,39,37,38,41
138,144,151,151,147,136,118,107,105,100,99,102,108,110,105,102,101,99,106,124,128,103,82,83,85,82,80,80,83,87,83,76,74,75,75,76,75,76,79,99,123,127,116,102,97,100,99,94,93,99,105,115,118,111,107,106,98,73,54,66,80,89,98,96,101,118,125,122,113,105,104,109,110,101,80,56,53,58,54,49,48,49,69,97,93,73,68,70,69,68,61,58,65,66,63,65,65,58,46,33,29,37,42,42,46,48,44,44,77,127,124,84,71,80,96,117,134,140,135,122,108,96,88,82,72,72,86,109,126,128,121,99,73,56,49,53,56,56,54,53,56,65,79,98,124,145,149,130,99,71,52,46,45,46,50,55,62,77,77,49,43,62,78,96,118,136,139,135,129,116,111,113,104,99,100,85,63,53,43,34,31,18,5,2,3,4,14,27,22,16,25,30,22,20,25,30,35,32,31,35
141,145,149,151,151,147,130,112,108,104,102,106,104,102,98,95,97,99,104,116,117,97,86,91,86,79,80,79,81,85,84,82,84,79,75,76,76,75,76,91,118,128,120,113,114,110,101,94,89,89,97,109,113,109,108,109,104,86,79,95,106,106,99,92,93,98,97,92,82,65,62,85,100,89,63,44,46,56,60,63,65,62,68,86,88,75,72,71,68,64,55,55,60,54,57,69,66,52,43,43,47,53,59,61,62,66,72,75,96,133,130,100,97,97,86,89,108,127,136,136,129,114,101,90,74,62,61,69,82,103,124,131,119,96,76,63,56,54,54,53,51,49,57,72,86,105,128,140,139,123,96,76,64,50,47,53,57,67,67,47,42,53,53,54,67,87,104,121,137,137,126,113,98,94,102,100,93,90,79,71,66,45,24,13,5,2,15,30,19,7,16,29,27,21,22,26,31,26,24,28
139,141,141,138,140,145,133,114,112,107,104,110,105,102,99,91,94,101,105,110,109,96,87,85,80,79,80,80,80,81,81,89,97,85,75,79,82,78,75,81,100,124,127,121,126,120,105,96,88,85,90,101,105,107,109,110,108,96,89,97,100,92,77,52,47,60,59,57,64,58,58,84,100,82,57,47,54,67,73,71,66,59,58,67,68,61,57,59,59,55,49,47,44,32,38,65,67,49,49,59,65,68,72,77,79,79,84,90,109,139,134,110,107,103,88,84,91,101,114,129,138,133,126,112,82,64,63,61,63,74,91,115,133,136,124,98,75,62,55,53,48,43,52,63,62,68,86,107,128,140,139,130,112,84,63,56,56,62,60,45,48,60,55,44,40,48,60,77,100,114,119,115,88,78,92,98,101,106,102,100,94,77,64,46,25,18,25,32,22,7,8,21,30,29,29,32,33,22,17,21
123,124,118,111,114,124,124,114,113,106,103,111,107,105,103,96,100,106,104,108,115,113,96,80,80,84,83,81,83,85,82,85,95,92,79,81,88,81,74,75,85,110,112,99,117,127,107,95,91,87,85,92,100,103,105,109,108,100,90,89,87,80,72,49,37,47,52,52,55,62,74,89,91,74,61,62,67,77,77,66,55,48,49,54,54,49,43,48,51,46,43,42,39,32,39,61,61,51,59,74,81,83,84,89,93,86,79,81,100,134,135,109,100,93,85,86,81,78,86,103,122,131,138,127,91,70,68,66,66,70,73,82,102,129,144,135,115,92,70,60,48,36,46,60,56,54,61,68,79,103,128,143,147,132,107,85,69,64,58,47,54,67,58,47,44,42,47,54,62,74,100,115,85,70,81,78,85,96,102,106,104,100,97,83,64,54,49,48,35,14,7,15,30,40,41,42,39,25,16,16
98,98,95,95,93,95,106,111,113,109,106,111,109,106,104,101,105,107,103,107,118,120,100,79,79,85,83,80,85,91,84,79,93,105,89,78,85,87,78,74,77,91,95,90,114,129,109,93,91,90,87,90,100,100,99,105,108,104,97,88,84,85,85,78,68,58,54,55,48,49,60,67,66,61,63,71,76,81,83,71,52,43,44,47,51,49,42,42,46,44,45,52,59,63,70,75,67,62,75,86,89,89,89,90,92,82,68,65,88,130,133,103,89,80,75,78,70,64,71,80,91,106,126,132,113,97,85,68,62,62,63,64,70,92,117,131,138,130,108,90,65,43,47,59,54,49,54,52,50,63,83,106,130,144,145,130,106,89,75,64,65,71,57,48,53,48,51,58,54,56,83,100,78,70,74,56,54,68,82,93,100,106,107,103,95,86,79,80,62,32,20,22,29,38,40,40,44,38,26,21
68,71,78,87,85,85,98,108,112,111,110,112,113,108,103,103,104,104,103,107,115,120,113,92,78,77,79,80,81,83,79,77,91,104,91,76,85,94,84,74,74,76,87,107,122,125,118,101,90,92,89,87,94,97,97,103,108,110,110,102,93,88,81,75,72,55,38,37,36,33,36,44,51,53,59,70,83,92,92,75,43,34,40,47,55,54,47,43,49,61,70,74,81,93,101,101,95,92,95,96,94,93,89,83,79,69,59,65,95,134,131,98,82,74,67,72,73,70,75,76,74,80,92,111,128,135,122,95,74,58,53,58,63,70,80,93,114,128,134,130,107,83,69,64,52,45,50,49,43,45,56,68,84,106,130,141,141,128,114,102,86,76,56,49,59,52,55,67,57,60,82,85,69,71,73,46,32,43,55,64,78,93,100,104,105,102,102,104,90,65,49,40,35,36,34,34,44,44,35,30
54,63,72,74,78,88,101,107,108,109,110,111,112,109,102,98,100,103,103,104,111,124,129,110,91,86,88,85,79,77,76,77,82,86,84,80,82,91,91,80,75,73,80,104,124,127,129,119,98,88,84,83,87,91,96,103,109,113,119,116,106,94,75,58,46,32,19,16,18,17,21,36,50,53,55,63,84,97,90,68,34,23,33,40,50,59,58,60,75,92,100,99,99,104,108,107,107,106,104,103,103,103,95,87,83,72,73,89,112,136,128,100,86,77,68,72,76,72,74,77,71,64,59,69,100,128,136,133,113,76,56,59,66,71,72,77,84,87,105,125,133,128,108,82,59,46,47,46,39,39,48,53,53,61,82,105,127,138,143,136,117,98,74,65,68,55,60,76,61,69,99,90,69,73,75,45,25,30,33,34,48,62,72,87,97,101,109,112,106,95,82,67,59,56,46,40,41,37,35,37
68,79,88,86,89,99,107,104,106,110,111,112,112,108,98,90,93,105,106,101,106,121,123,104,99,111,108,90,83,86,80,76,77,76,80,85,81,87,97,85,75,75,72,87,122,135,133,128,109,87,76,81,85,87,93,101,108,114,117,116,111,101,86,67,45,26,18,17,15,15,21,35,46,49,51,57,77,90,85,68,36,24,32,39,54,71,76,82,100,111,112,112,108,105,104,103,103,104,104,103,105,106,104,100,99,95,97,105,119,135,128,108,98,91,81,72,63,55,61,70,64,57,53,54,67,87,109,136,140,110,87,79,72,72,76,80,72,55,58,77,103,127,128,109,92,74,57,44,35,37,46,50,44,42,52,64,78,103,126,138,140,132,117,107,97,75,72,83,66,72,105,100,81,79,77,47,22,22,21,20,26,30,36,51,62,75,96,107,108,106,102,96,94,90,77,62,46,36,36,39
97,103,110,111,111,119,120,106,105,111,116,121,117,108,101,93,93,104,107,103,106,115,109,88,90,115,113,90,86,91,81,73,75,75,83,96,90,83,91,91,81,74,70,81,112,129,127,124,117,89,68,79,89,89,91,95,102,109,110,110,107,102,95,84,71,54,41,37,35,34,38,42,42,44,48,57,74,78,76,70,44,34,48,63,77,86,92,98,109,115,116,113,107,103,102,103,104,104,104,102,101,103,104,105,105,104,104,104,117,135,133,118,107,105,102,86,70,63,65,71,68,68,71,65,58,64,82,108,129,132,132,121,100,85,76,70,61,46,39,47,63,86,103,114,129,124,98,70,48,39,43,47,42,38,45,47,50,62,79,101,124,138,144,144,138,119,100,90,68,67,88,100,99,88,80,54,27,22,20,17,17,16,17,23,28,43,66,82,92,97,102,108,109,107,101,86,67,61,55,49
116,116,118,119,119,130,131,113,108,115,119,123,116,109,108,102,96,101,105,105,109,115,110,91,85,107,116,99,85,82,77,73,73,73,90,111,97,77,85,97,85,73,72,76,94,117,126,125,123,96,66,78,94,92,91,94,97,99,102,106,108,105,102,95,90,84,70,58,53,51,51,50,45,47,51,59,71,69,67,70,55,54,74,89,99,102,102,107,110,110,110,109,105,102,102,102,103,105,105,104,102,102,103,105,105,103,103,103,116,135,136,130,122,112,109,109,106,102,94,87,87,91,94,76,54,56,70,84,95,110,131,141,138,120,88,66,58,49,44,47,51,57,69,93,122,139,140,125,96,70,55,47,41,38,45,49,48,48,51,61,80,105,127,140,148,149,135,113,87,72,77,103,114,95,83,62,36,30,26,22,20,20,21,22,24,29,38,52,64,70,82,95,103,107,106,100,94,95,88,78
111,112,116,119,119,130,134,115,113,123,122,118,112,110,112,108,101,100,103,105,110,116,121,111,93,103,124,114,88,75,75,75,73,73,89,109,96,77,79,89,88,78,72,71,80,107,131,135,130,105,72,81,95,91,89,95,100,99,94,98,109,111,110,107,97,92,87,71,59,53,51,51,51,53,55,59,67,67,66,66,61,68,83,92,103,110,108,106,104,99,97,101,103,103,102,102,104,106,107,107,105,104,105,106,106,104,104,104,116,135,138,138,140,125,114,119,123,120,109,97,96,99,102,84,51,47,63,74,73,75,91,115,140,141,113,92,79,62,53,53,52,51,58,72,84,103,131,148,143,125,98,72,50,40,46,52,51,51,50,49,58,76,90,105,124,139,143,140,127,106,100,117,117,94,86,68,44,37,34,30,31,34,35,36,38,39,39,44,48,50,55,64,78,90,96,102,107,110,108,103
101,103,111,117,117,127,129,112,115,129,125,114,108,108,112,112,104,97,101,106,109,113,122,118,96,100,118,108,85,76,75,74,72,73,79,90,92,81,74,83,93,82,72,71,73,88,115,131,128,103,75,81,92,88,87,91,101,101,89,87,100,111,116,114,104,96,89,76,60,52,49,50,52,55,58,64,68,67,63,56,57,70,81,86,94,103,101,95,92,88,86,92,99,102,103,103,104,107,107,108,107,106,105,104,103,102,103,104,117,135,133,127,136,137,130,125,117,109,99,95,96,95,102,97,73,55,58,69,64,58,65,82,107,125,129,131,120,94,75,62,54,53,60,66,62,65,87,116,133,142,139,119,87,60,55,56,54,55,55,53,58,64,66,77,98,106,114,132,142,138,128,125,111,90,87,70,43,37,35,32,37,45,45,45,48,52,53,47,41,42,42,38,42,56,70,84,97,102,108,112
91,91,98,110,114,118,118,105,112,125,120,111,106,107,110,110,102,95,97,101,103,106,114,115,106,109,106,92,86,81,75,73,72,72,73,79,86,81,76,80,85,82,74,72,70,78,106,131,133,106,79,84,91,89,89,89,91,92,87,87,95,108,116,114,111,102,86,73,63,52,44,46,50,54,62,67,65,62,54,44,49,67,79,82,84,87,85,81,78,77,79,84,94,101,102,102,101,105,108,108,108,106,103,101,101,101,101,104,118,136,121,101,114,132,137,133,122,105,87,89,94,94,102,113,116,95,73,69,57,47,57,67,75,84,103,130,142,136,114,83,66,60,63,69,65,58,59,69,84,106,128,139,128,106,89,72,61,59,57,57,58,60,61,69,81,78,81,98,115,129,128,121,106,90,88,67,37,29,30,28,36,42,38,36,38,45,50,42,34,37,36,30,26,33,45,57,72,83,98,107
67,69,76,90,101,102,101,102,111,118,112,108,107,110,114,111,103,95,94,94,95,102,112,122,126,114,91,83,91,84,75,74,72,71,72,74,80,83,79,75,77,81,76,71,69,86,128,157,157,127,97,102,104,93,91,90,86,81,86,97,99,104,112,113,114,106,89,77,73,61,46,46,51,58,66,64,56,50,40,32,45,64,76,78,78,77,76,74,74,75,76,83,96,104,106,102,99,106,110,111,110,107,102,100,101,101,100,103,119,137,118,89,96,114,128,137,135,120,97,90,92,91,97,110,126,125,110,96,73,50,52,59,58,56,66,94,123,144,140,118,98,75,65,73,75,64,53,48,52,63,81,107,128,134,128,110,90,73,63,62,60,59,61,67,72,67,66,73,83,94,109,121,106,93,91,65,35,25,23,22,28,32,28,25,23,27,36,34,30,31,26,26,27,27,32,38,50,64,77,84
37,48,67,82,87,84,95,110,113,114,110,107,108,111,118,118,106,95,95,96,97,103,112,126,126,95,72,76,83,80,74,73,70,70,71,71,83,96,86,74,75,76,73,71,70,84,127,164,172,143,106,112,121,101,92,94,89,81,88,103,102,97,104,113,112,104,96,83,77,77,66,58,61,67,70,70,68,61,49,44,58,73,79,78,76,74,71,72,74,75,76,83,93,104,110,110,109,110,110,108,106,107,106,102,100,100,100,102,118,138,122,91,91,101,113,128,136,135,123,109,95,86,90,90,89,109,133,138,114,73,52,50,50,45,46,66,89,111,128,135,129,106,84,79,76,65,52,49,48,46,51,69,92,117,139,145,132,109,90,75,63,58,59,64,67,64,62,64,67,74,97,116,100,92,96,76,52,36,26,20,22,29,29,27,23,24,35,37,33,30,19,20,28,27,29,33,44,52,51,50
36,51,85,107,100,93,111,122,115,115,111,108,113,108,101,100,98,95,98,101,100,101,108,119,112,82,80,97,104,96,80,73,70,69,70,71,84,101,96,78,72,71,71,71,70,68,94,148,174,148,105,104,120,108,97,98,95,88,89,100,101,94,99,105,94,86,89,82,71,75,80,75,72,73,76,82,85,81,73,68,70,76,80,78,74,67,65,70,75,77,78,82,88,99,112,121,123,118,112,105,102,108,111,105,100,100,102,104,117,138,124,94,92,100,107,115,124,136,139,130,112,94,92,80,58,74,115,140,140,112,80,63,49,31,29,51,69,78,90,109,129,136,121,93,75,65,56,54,52,46,45,54,69,93,116,134,144,143,131,107,84,65,58,60,63,63,61,60,63,77,100,103,83,83,98,94,84,71,53,37,30,32,36,36,35,40,51,49,40,34,22,17,20,22,27,36,45,48,40,35
57,65,95,121,121,124,137,132,116,115,111,104,107,99,77,70,77,82,91,99,100,98,102,110,106,99,116,140,149,131,93,73,71,69,70,72,76,95,108,88,72,72,71,70,70,63,79,135,171,161,128,99,105,118,108,99,97,90,87,93,101,100,97,91,77,67,71,78,76,72,80,89,83,72,72,75,69,59,54,52,52,59,67,70,63,56,65,74,76,81,80,77,82,94,109,117,118,115,111,103,99,102,105,103,99,97,98,98,112,136,125,99,96,98,100,103,107,117,129,136,131,120,113,88,51,49,77,105,126,137,132,110,72,31,20,41,59,61,63,75,102,132,131,110,99,92,75,63,58,50,45,50,64,81,85,91,112,134,145,143,127,102,81,67,60,61,60,58,63,87,108,92,67,73,95,102,101,100,90,73,58,49,49,49,50,60,67,59,46,39,32,23,15,11,19,34,46,47,40,35
65,67,82,99,109,124,142,134,113,110,104,86,83,84,72,66,65,68,85,98,101,100,101,107,113,115,125,150,168,146,99,74,72,70,70,71,70,86,103,87,72,72,71,69,69,67,78,119,160,172,151,107,93,115,117,101,95,90,86,88,97,103,95,83,77,68,62,76,89,87,86,96,94,74,65,58,44,32,27,29,33,47,71,82,68,50,60,67,65,74,72,64,68,79,91,96,94,93,93,89,87,87,87,88,87,85,85,85,102,132,126,98,85,78,79,84,85,89,100,116,126,131,131,103,54,40,60,77,86,108,132,137,114,69,37,37,48,52,53,59,81,107,110,109,124,132,115,91,74,58,49,50,63,77,71,66,75,93,115,135,144,141,126,101,79,68,58,56,64,86,102,84,62,70,91,94,95,105,106,99,87,75,67,58,55,65,75,69,52,43,40,32,19,10,11,26,43,47,41,36
62,64,69,76,82,100,129,126,107,106,97,75,69,72,67,68,75,83,91,98,103,105,106,109,117,112,106,137,165,152,110,79,73,71,69,69,68,74,80,74,71,72,71,70,68,67,72,104,149,167,155,120,87,92,110,107,97,93,88,86,89,101,100,84,81,77,69,80,94,93,89,94,95,82,71,62,52,43,36,41,51,63,85,103,90,56,44,45,49,58,60,58,60,65,72,77,78,78,78,77,76,76,77,78,78,78,75,71,90,128,125,89,67,61,66,73,76,77,81,88,101,120,135,115,66,45,60,68,50,48,76,114,139,124,87,61,48,40,39,45,70,95,92,89,109,136,146,136,110,82,68,59,66,79,71,61,61,66,77,92,112,131,140,140,127,102,76,63,65,76,83,78,65,70,85,80,79,92,100,103,101,97,91,76,63,61,69,69,55,45,40,33,20,9,7,19,39,48,43,37
67,68,70,73,73,91,117,114,102,106,97,80,77,76,69,70,85,97,97,102,109,111,112,112,115,108,107,137,163,164,134,90,72,70,68,68,71,72,72,73,73,72,71,73,74,68,72,104,135,140,133,115,85,75,97,115,103,93,93,88,87,96,101,94,92,92,84,87,92,86,83,85,89,92,84,73,66,57,45,51,70,71,64,74,78,58,42,41,45,49,52,55,60,65,66,68,73,73,71,72,73,74,74,75,77,78,70,55,74,121,124,89,68,67,73,77,77,79,88,91,89,99,123,127,96,62,60,71,48,28,42,77,114,130,128,113,82,47,26,28,62,92,86,74,79,103,130,143,139,125,108,79,70,78,67,57,59,62,63,65,75,88,109,138,152,142,120,94,81,82,79,81,78,75,82,73,70,77,86,95,97,102,107,101,87,73,67,61,52,41,31,29,20,7,4,15,37,47,39,34
71,73,75,76,75,91,114,109,99,105,98,85,85,83,79,76,86,97,99,106,114,115,114,113,113,110,117,142,162,170,146,95,70,69,67,69,74,75,75,77,75,72,72,76,80,70,75,107,126,119,111,105,86,73,93,119,106,93,95,92,90,93,99,99,101,102,92,89,89,83,79,80,87,97,92,75,66,58,45,48,68,68,44,44,57,52,45,46,46,47,49,52,58,68,67,64,70,70,66,69,73,73,74,75,77,78,67,45,63,115,124,93,75,74,79,80,78,81,98,104,91,89,113,133,116,73,60,75,58,33,40,60,86,112,137,142,110,59,22,21,58,90,84,71,69,82,107,129,145,148,132,92,72,76,64,55,58,63,63,61,61,66,86,123,151,157,145,116,96,93,83,85,87,80,81,74,70,74,80,89,91,99,109,110,100,87,73,58,49,39,26,26,22,8,2,13,36,45,36,31
