156,156,156,156,157,156,156,155,155,156,156,155,156,155,155,156,157,158,158,158,158,158,158,158,159,158,158,158,157,157,156,157,157,156,155,155,154,154,155,154,154,154,155,155,155,155,155,155,155,155,155,155,156,156,156,156,156,157,156,157,157,156,157,156,156,156,156,157,157,157,158,158,158,158,157,158,157,157,157,156,156,157,157,156,157,157,157,157,158,158,158,158,157,156,157,159,157,158,157,156,156,156,154,155,154,153,152,152,151,151,151,151,150,151,151,151,151,151,151,151,151,152,151,152,152,152,152,152,152,151,152,153,153,152,153,154,153,152,154,153,155,155,156,156,157,158,158,158,158,159,159,158,159,158,159,159,160,159,160,158,160,160,159,158,126,122,122,113,120,103,94,132,150,130,112,137,127,130,134,136,132,137,138,138,137,142,149,150,149,150,101,101,149,146,148,150,138,96,109,133
155,157,156,156,156,156,156,156,156,155,155,155,155,155,155,156,157,157,158,158,158,158,158,158,158,158,158,157,157,157,156,157,156,155,155,154,155,154,154,153,153,154,154,154,155,155,155,154,154,155,154,155,155,156,155,155,156,156,156,156,156,156,156,156,156,156,156,156,157,157,157,158,157,157,158,157,157,157,157,156,156,157,157,156,156,156,156,157,158,157,158,159,157,157,157,157,157,157,156,155,154,154,154,154,153,152,152,151,150,150,150,150,150,150,150,151,150,150,151,151,151,151,150,151,151,150,150,150,150,150,151,152,152,152,153,153,153,153,153,154,155,156,156,156,158,158,158,158,158,159,159,160,158,159,158,159,160,159,160,160,160,160,158,127,125,128,136,113,117,88,122,111,137,128,131,133,128,134,137,140,115,139,140,140,141,157,152,151,97,99,143,139,148,149,149,127,116,135,135,136
156,156,156,156,156,155,156,156,156,156,155,155,156,155,155,157,157,157,157,157,158,158,157,158,157,157,157,156,156,156,156,157,156,156,155,155,155,154,153,153,153,154,155,154,155,154,154,154,153,154,154,154,155,155,155,155,155,155,156,156,156,156,156,156,156,156,156,156,156,157,157,158,157,157,157,157,157,157,157,157,157,157,157,157,157,157,157,157,157,158,159,159,158,157,158,157,157,156,155,154,153,153,153,153,152,152,151,150,149,150,150,149,149,149,149,149,150,149,150,151,150,150,150,150,151,149,149,150,150,150,150,151,151,151,152,152,152,153,154,154,155,156,156,156,158,158,158,158,159,160,162,161,160,160,160,160,159,160,161,161,162,122,130,132,132,131,132,127,114,73,123,97,128,130,132,130,129,133,139,144,116,143,142,141,142,156,146,131,107,147,136,151,149,152,72,77,119,136,137,138
156,156,156,156,156,156,156,156,156,155,156,156,155,156,155,156,156,157,157,157,157,157,156,157,157,156,156,156,157,156,156,157,156,156,156,155,155,154,153,154,153,154,154,154,154,154,154,154,154,154,154,154,154,155,154,155,156,155,155,155,155,156,155,156,156,156,156,156,157,157,157,157,156,157,156,157,156,157,157,157,157,157,157,157,157,157,157,158,158,158,158,158,157,158,156,156,156,156,154,154,153,153,153,152,152,151,151,150,149,149,148,148,148,148,149,149,149,149,149,149,150,149,150,150,149,149,149,149,149,150,150,150,150,151,152,151,152,154,154,155,155,156,156,157,159,158,161,163,162,163,162,162,160,161,160,159,160,160,161,161,128,125,127,136,139,133,142,129,108,79,82,89,134,134,133,132,129,135,141,145,123,142,142,139,141,149,96,154,147,152,142,144,97,96,135,131,134,133,140,135
155,156,156,156,156,156,157,156,156,156,155,155,155,155,155,155,157,157,157,157,156,157,157,157,156,156,157,156,156,156,156,156,156,156,156,155,155,155,155,154,153,154,154,154,155,155,154,154,154,154,153,153,153,154,154,155,155,155,155,155,155,155,156,156,156,156,156,156,156,156,156,157,156,157,156,156,156,157,157,157,157,157,157,158,157,157,157,157,157,157,156,157,157,156,156,155,155,154,154,153,153,154,153,152,151,150,150,149,148,148,147,148,147,146,147,147,148,149,149,148,148,148,149,148,149,149,150,150,148,150,149,151,150,151,151,151,153,154,154,155,155,156,159,158,160,161,162,163,161,161,161,160,160,159,159,159,159,160,125,126,133,133,135,137,142,134,153,95,132,84,93,91,136,136,136,135,131,138,141,145,115,145,141,157,96,145,156,155,152,148,106,100,136,139,133,129,149,133,139,136
156,156,156,156,156,156,156,156,156,155,156,155,155,156,156,155,156,157,156,157,156,156,157,157,156,156,157,156,156,157,156,156,156,156,156,155,155,155,154,155,154,154,154,155,154,154,154,154,153,153,153,153,154,153,154,154,155,155,155,154,155,155,156,155,156,156,156,156,157,156,156,156,157,157,157,157,157,157,156,157,157,157,158,156,156,156,156,156,156,156,156,156,155,155,155,154,153,153,154,154,154,153,153,151,150,151,149,148,147,147,146,146,146,146,146,146,147,147,148,148,149,148,149,149,149,149,149,149,150,149,150,150,150,150,151,151,153,154,154,155,156,158,159,159,161,161,160,160,159,159,160,160,160,159,159,159,160,127,128,128,138,144,134,142,145,106,127,120,147,109,89,93,137,136,136,137,132,141,143,147,104,143,148,157,152,141,152,151,124,105,140,136,140,135,132,129,161,135,136,133
155,156,156,156,157,156,155,156,156,156,155,156,155,155,155,156,155,156,156,157,157,157,157,157,156,156,157,157,156,156,156,156,156,156,155,155,155,155,155,155,155,155,155,155,155,154,154,153,153,153,153,153,153,153,154,153,154,154,155,154,155,155,155,155,156,155,155,156,156,157,156,156,157,157,157,157,157,158,157,157,155,156,156,155,155,155,155,155,155,154,154,155,154,154,154,153,153,152,153,153,152,152,152,151,150,150,148,147,147,146,146,145,145,145,146,146,147,147,148,147,149,148,148,149,149,149,150,149,150,149,150,150,150,150,151,152,152,153,153,154,156,156,158,160,159,158,158,160,159,158,159,159,159,159,159,140,123,124,135,139,135,147,141,152,99,131,128,150,122,88,78,97,138,138,138,138,137,143,149,150,70,79,151,155,149,147,143,109,142,140,138,139,143,139,136,131,154,130,133,135
155,155,156,156,156,156,156,156,155,155,155,155,156,155,156,156,155,155,156,156,156,157,156,156,156,156,157,156,156,156,156,156,155,155,155,155,155,155,155,156,156,155,155,155,155,154,154,153,153,153,152,153,152,153,153,153,153,154,154,154,155,155,156,156,155,155,156,156,156,156,156,156,156,156,157,157,158,158,157,156,155,155,155,155,155,155,155,154,154,154,154,153,153,153,152,152,152,152,151,152,151,152,150,150,149,148,147,146,145,144,144,144,145,144,144,145,145,145,147,147,147,147,147,147,148,149,149,149,150,150,150,150,150,151,151,152,153,153,153,155,156,157,158,158,157,157,159,159,158,158,159,158,159,158,125,129,125,135,142,140,142,143,94,129,128,130,127,115,74,134,68,95,139,140,139,139,142,149,88,72,114,134,151,155,145,85,72,137,144,138,133,137,143,146,142,134,135,134,135,139
155,155,155,156,156,156,156,155,156,156,155,155,155,155,156,155,155,156,156,156,156,156,156,156,156,156,156,156,156,156,156,156,155,155,155,155,156,155,156,156,155,156,155,155,155,155,154,153,153,153,152,152,153,153,153,153,153,153,153,154,154,154,155,155,155,155,155,155,155,156,155,156,155,156,156,156,157,157,155,155,155,155,155,155,154,154,154,154,153,153,152,152,152,151,151,151,151,151,151,151,150,150,149,149,148,147,145,145,146,144,144,144,144,144,143,144,144,145,146,147,147,147,147,147,148,148,148,149,149,149,149,149,150,151,151,151,152,152,153,154,157,158,156,156,157,157,158,157,157,158,158,158,159,129,126,133,139,138,141,146,145,117,125,129,128,128,127,75,75,129,67,92,137,141,140,139,95,90,130,119,105,135,147,114,99,168,132,142,144,139,134,135,142,149,144,132,125,132,140,141
155,155,155,156,156,156,155,156,155,155,156,155,155,155,156,155,156,156,156,156,156,156,156,155,156,156,155,156,156,155,155,155,156,156,155,155,155,155,156,155,155,155,155,155,155,155,154,153,153,152,153,153,152,152,153,152,153,152,152,153,153,154,154,155,155,155,155,155,156,156,156,155,155,155,155,155,156,155,155,155,155,155,153,154,154,153,153,153,152,152,151,151,150,150,150,150,150,151,151,149,150,149,148,148,147,146,145,144,145,144,144,144,144,143,142,143,144,144,145,145,145,146,146,147,147,147,148,148,149,149,149,150,151,152,152,152,151,152,153,155,158,157,156,156,157,157,158,158,157,157,158,130,125,132,127,150,141,144,142,159,123,124,125,129,128,129,126,82,107,84,78,92,142,141,133,158,71,126,122,117,108,105,98,136,140,169,135,141,144,138,140,136,148,149,140,133,128,135,140,142
155,155,155,155,155,156,156,156,156,155,155,155,155,155,155,156,156,156,156,155,155,156,156,155,156,155,155,156,156,156,156,156,156,155,156,156,155,155,156,155,155,155,155,155,155,155,154,153,153,154,153,153,153,153,153,152,152,153,152,152,152,154,154,154,154,154,155,156,156,155,155,154,154,154,154,154,154,155,155,154,155,154,154,154,153,153,152,152,151,150,150,150,149,148,149,149,149,149,150,149,148,147,147,146,146,145,144,144,143,143,144,142,142,142,143,142,143,143,143,144,144,145,145,147,146,146,147,148,148,149,149,150,151,152,152,152,153,153,153,155,156,155,156,156,156,156,157,157,157,157,119,131,134,149,138,141,146,124,124,121,123,126,125,129,126,129,128,94,104,75,84,89,142,163,100,145,125,116,118,93,129,133,132,139,140,171,135,141,143,141,141,142,147,146,140,136,128,140,143,97
154,154,155,155,155,155,156,155,155,155,155,155,155,155,155,156,156,155,156,155,155,155,156,155,156,156,155,156,156,156,156,155,156,156,156,155,155,155,155,155,155,156,154,155,155,155,155,154,154,154,154,153,153,153,153,153,153,153,153,153,153,154,154,154,155,155,155,156,155,154,154,154,153,154,153,153,154,154,154,153,154,153,153,153,152,152,151,151,149,149,149,148,148,148,147,148,147,148,148,147,147,146,146,146,145,144,144,143,143,143,142,142,141,141,142,141,142,142,143,143,144,143,144,145,146,146,146,147,148,148,149,150,151,152,152,153,153,154,153,154,154,154,154,154,155,155,156,156,129,125,133,138,143,142,139,140,113,122,122,119,122,124,123,129,127,131,129,93,101,111,89,102,108,157,148,124,118,113,69,134,132,132,137,136,135,171,136,142,143,140,139,142,142,141,140,137,132,96,119,60
154,154,155,155,155,155,155,155,155,156,155,155,155,155,156,155,155,156,155,156,156,156,156,156,156,155,156,156,156,155,155,155,156,155,155,155,155,155,156,155,156,155,155,154,154,155,154,154,154,154,153,153,153,152,153,153,153,154,155,154,154,154,153,154,154,155,155,155,154,153,153,153,153,154,153,152,153,153,152,152,151,152,153,152,151,152,150,149,148,148,148,147,147,147,147,147,147,146,148,147,146,145,146,145,144,143,143,143,142,141,142,141,141,140,141,141,141,142,142,143,143,144,144,143,145,146,145,147,147,148,148,149,150,151,152,152,153,152,152,152,152,153,153,154,154,155,157,127,134,148,130,139,138,144,116,121,115,124,123,119,121,124,126,128,128,124,141,121,125,115,88,117,149,144,133,107,55,68,139,145,137,134,136,136,131,168,134,139,142,140,139,138,138,142,140,119,115,62,118,109
154,154,155,154,155,155,155,155,155,155,155,155,155,155,155,155,155,155,155,156,155,155,155,156,156,155,155,155,155,155,155,155,155,155,155,155,155,155,155,155,155,155,154,154,154,155,154,154,153,154,154,153,154,153,153,153,153,154,154,154,154,155,154,155,155,154,154,153,154,153,152,152,153,152,152,152,152,152,151,152,152,152,152,153,151,150,149,148,147,147,147,146,145,145,147,146,146,146,147,146,145,145,143,143,143,142,142,141,141,141,140,141,140,140,139,140,141,141,142,142,143,143,144,143,144,145,145,146,146,146,147,148,149,149,150,150,150,151,151,151,151,152,153,153,154,124,127,137,143,142,135,143,145,91,119,123,114,123,124,117,119,124,126,133,151,139,140,114,134,116,96,128,146,133,90,108,134,136,149,147,139,134,134,133,132,166,134,141,143,142,136,140,137,134,118,62,107,113,110,108
154,154,154,154,155,155,155,155,155,155,155,155,155,155,155,155,155,155,155,155,155,155,155,156,155,155,155,155,155,155,155,155,155,155,155,155,155,155,155,156,155,155,154,155,154,153,154,154,154,153,154,154,154,154,154,153,154,154,154,154,154,155,155,154,154,153,153,153,153,152,152,152,152,152,151,151,151,151,150,150,151,150,151,152,151,150,148,147,146,146,146,145,145,145,145,146,146,146,147,145,144,144,143,142,142,142,141,141,140,140,139,139,139,139,139,139,140,141,141,142,142,143,142,143,144,144,144,145,146,146,146,147,147,148,148,148,148,149,149,150,151,151,152,154,125,125,138,133,139,145,145,95,116,116,120,122,110,124,121,118,119,101,102,143,149,141,110,90,99,124,126,124,108,123,136,134,142,145,150,148,143,132,134,133,132,155,139,145,142,139,130,136,124,66,119,117,100,114,110,114
153,153,154,154,154,154,154,154,155,154,154,155,154,155,155,155,155,154,155,155,155,155,155,155,155,154,155,155,155,155,155,154,155,155,155,155,155,155,155,155,155,155,154,154,154,154,153,154,154,154,154,153,154,153,153,153,153,153,153,153,154,153,153,153,152,152,152,152,151,151,151,151,150,150,150,149,149,149,149,149,149,149,149,150,150,149,149,147,146,146,145,145,144,144,144,145,145,145,145,144,143,142,143,142,141,140,140,140,139,139,139,139,139,139,139,140,140,140,140,140,141,142,141,142,143,143,143,144,144,145,145,146,147,146,147,147,147,148,149,150,150,151,123,121,127,138,146,138,142,141,84,114,116,117,120,121,105,122,121,116,123,150,118,144,84,135,135,104,111,106,126,88,135,140,141,140,142,147,151,148,139,138,138,136,138,147,141,142,140,137,114,63,113,113,109,114,101,108,100,61
152,152,153,154,154,154,155,154,154,154,154,154,154,154,154,155,155,155,154,155,154,155,155,155,155,155,155,155,155,154,154,155,155,155,155,155,155,155,155,155,154,155,154,153,154,154,153,154,154,153,153,153,154,153,153,154,153,153,153,152,151,152,152,152,151,150,150,150,150,150,150,150,149,149,148,147,147,147,148,148,148,148,148,148,148,148,148,147,146,145,145,144,144,143,143,143,143,143,143,142,143,142,141,141,141,140,140,139,138,138,138,139,139,141,139,139,140,139,139,140,140,140,140,141,142,142,142,143,143,144,144,145,145,145,146,147,148,149,149,150,151,127,125,133,142,142,147,139,86,111,115,116,117,117,119,121,98,118,135,151,145,151,112,101,131,136,136,115,113,107,93,77,140,140,142,143,144,148,150,149,141,135,138,138,137,138,139,138,123,61,114,108,111,108,113,117,59,68,110,139
152,152,153,153,154,154,154,154,154,154,154,154,154,154,154,154,154,154,154,153,154,154,154,154,154,154,155,154,154,153,154,154,154,154,154,154,155,154,155,155,154,155,154,154,153,154,154,153,154,153,153,153,154,153,154,153,153,152,152,152,152,151,151,150,150,149,149,148,148,148,148,147,147,147,147,146,146,146,146,147,147,147,147,147,147,147,147,146,146,145,144,144,143,144,143,144,143,143,142,142,141,141,141,141,140,139,139,138,138,138,139,139,139,139,139,138,138,138,138,139,139,140,140,140,140,140,141,142,143,143,144,144,143,144,145,147,147,147,149,131,128,134,135,140,141,141,142,95,110,115,116,118,117,116,118,120,86,133,125,149,143,114,120,123,134,136,136,144,112,102,79,75,143,142,146,145,145,149,150,148,140,137,139,139,136,129,134,69,118,108,109,110,110,113,67,93,92,135,141,137
152,152,153,152,154,154,154,154,154,153,153,153,154,153,153,153,153,153,153,153,154,153,154,153,154,153,154,154,154,154,154,153,154,154,153,154,154,154,153,154,154,154,153,154,154,154,153,154,153,153,154,153,153,153,153,153,152,153,151,152,151,151,150,150,149,149,148,147,147,147,147,146,146,146,145,145,145,145,145,145,145,146,146,146,146,146,146,147,146,145,145,144,143,143,143,143,143,143,142,142,141,141,140,140,139,139,138,138,138,138,139,139,138,137,138,138,138,138,137,139,139,139,139,139,139,140,140,141,141,141,142,143,143,144,145,146,147,147,130,125,132,132,134,139,148,109,95,110,110,114,115,117,117,117,117,106,128,148,141,99,119,121,120,124,133,136,136,140,153,88,69,75,144,143,147,145,144,148,150,146,141,137,136,136,157,89,124,111,115,114,112,112,73,108,136,133,134,134,137,134
152,152,152,153,152,153,153,153,153,153,152,153,153,152,153,153,153,153,153,153,153,153,153,154,153,154,153,153,154,154,153,153,154,154,154,154,153,153,154,154,153,153,154,154,154,153,153,154,153,153,153,153,153,153,153,153,152,152,152,151,151,151,150,150,149,148,148,147,147,147,146,146,145,145,144,145,145,144,144,144,145,144,145,145,145,146,145,146,146,144,145,144,143,143,143,143,143,141,141,141,141,140,139,138,139,139,138,138,138,138,139,139,139,138,138,137,138,137,138,138,139,138,139,139,139,140,141,140,141,141,142,143,143,143,145,145,135,125,136,142,146,135,144,141,105,110,105,113,111,114,115,117,117,98,147,144,135,132,118,122,123,122,120,126,136,136,135,78,124,85,57,72,146,142,147,145,144,147,148,142,137,132,153,97,142,115,115,119,118,107,72,89,134,139,137,136,136,134,135,134
151,153,152,153,152,152,153,153,152,152,152,152,152,152,152,152,153,152,153,153,153,153,153,153,153,153,153,153,153,153,153,153,154,154,153,153,152,153,153,153,153,153,154,153,154,153,153,153,153,152,153,153,153,153,152,153,153,152,152,151,150,150,150,150,149,148,148,147,147,148,146,146,145,145,145,145,144,144,144,144,144,144,144,144,145,144,144,144,145,145,145,144,144,143,143,143,142,142,140,140,140,140,139,138,138,137,138,138,138,138,139,138,138,138,139,138,138,138,138,139,139,140,141,141,141,142,141,141,142,142,142,143,144,144,145,131,131,131,134,136,139,136,148,114,107,110,137,114,111,116,115,103,97,144,137,145,138,120,123,126,126,123,121,129,137,136,135,77,82,91,57,69,145,144,147,144,144,148,147,141,108,75,148,144,121,109,114,112,95,65,145,138,139,138,136,135,135,132,137,137
151,152,152,152,152,152,153,152,152,153,152,152,153,152,152,152,153,152,153,152,152,153,153,153,153,153,154,153,153,153,153,153,153,153,153,153,153,153,153,153,153,153,153,152,153,153,153,153,153,153,153,153,153,153,152,152,153,152,152,152,151,150,150,150,150,150,150,149,149,148,148,147,146,146,145,146,145,144,144,144,144,143,144,143,144,143,143,143,143,143,143,143,143,143,142,142,141,141,140,139,139,139,139,138,138,138,138,138,138,139,139,139,139,139,138,139,139,139,139,140,142,143,145,144,144,144,143,142,142,142,143,143,144,144,129,127,140,138,138,145,118,107,114,115,109,111,124,114,111,115,120,146,157,147,102,114,147,121,125,125,127,123,125,133,138,112,106,107,85,119,53,73,146,144,146,143,145,144,130,69,115,132,139,131,116,105,93,65,145,137,138,140,139,139,137,131,135,131,135,138
151,151,152,151,151,152,151,151,151,151,151,151,152,152,152,152,152,152,152,152,152,152,152,152,153,153,153,153,153,153,153,153,153,153,153,152,153,154,153,153,153,153,152,153,153,153,153,152,153,153,153,152,152,153,153,153,153,152,153,153,152,152,152,152,152,151,151,152,151,150,149,149,148,147,147,147,146,146,145,144,143,144,143,143,143,142,142,142,142,142,142,143,142,142,142,141,141,140,139,139,137,137,137,138,138,138,138,139,138,139,139,139,139,139,139,139,139,140,141,142,144,145,146,148,146,145,144,143,143,143,143,142,128,128,135,142,134,138,142,89,108,105,115,115,110,111,131,114,102,144,146,148,107,116,112,113,153,123,126,126,128,126,128,136,112,154,151,114,98,123,62,78,145,144,144,143,131,67,117,117,108,128,124,106,85,85,138,134,140,140,137,139,139,137,134,131,132,131,133,133
151,151,151,151,151,152,151,151,151,151,152,152,152,151,151,151,152,152,152,152,152,152,152,152,153,152,152,153,152,153,152,152,152,153,153,153,153,153,153,152,153,153,153,153,153,153,153,153,153,153,153,152,153,152,153,153,152,153,153,153,153,153,154,154,154,153,153,153,153,153,153,151,150,148,148,148,147,146,146,145,144,144,144,142,142,142,141,141,141,141,141,140,141,140,140,140,139,138,138,138,138,138,138,137,139,139,140,139,140,140,140,140,139,140,139,140,141,141,142,144,146,149,149,151,149,147,144,144,143,144,146,125,127,140,138,141,145,109,105,105,107,105,114,115,109,111,121,115,152,150,155,88,119,117,113,114,146,123,126,126,126,125,106,157,154,150,146,86,97,91,60,91,145,141,138,65,119,113,118,117,110,109,80,84,125,138,135,133,139,140,134,138,137,138,135,130,133,130,132,133
150,150,151,151,151,151,151,151,151,151,151,152,152,151,151,151,152,151,152,152,152,152,152,152,152,152,152,153,152,152,152,152,153,152,152,152,153,153,152,152,153,153,153,153,153,153,153,153,152,153,153,153,153,153,153,153,153,153,153,154,153,153,154,154,153,153,154,154,154,154,154,153,152,151,150,149,149,148,147,146,145,145,144,142,142,142,141,140,140,140,140,140,139,139,139,138,137,137,137,137,137,137,138,138,138,140,141,141,140,140,140,141,140,141,141,141,143,144,144,146,148,151,151,150,147,145,144,144,144,128,125,135,134,135,146,147,108,104,107,105,105,104,114,114,108,119,124,147,145,109,112,103,115,117,113,124,134,124,125,125,160,157,151,154,149,102,134,91,91,87,53,102,135,67,121,117,117,118,116,106,65,76,123,127,127,140,135,134,138,139,136,137,136,137,133,129,131,131,132,133
150,150,151,151,151,151,151,150,151,151,151,151,151,151,151,151,151,152,151,152,152,152,152,152,152,152,152,152,152,152,152,152,152,152,153,152,152,153,153,153,152,153,153,153,153,153,153,153,153,152,153,153,152,152,152,152,153,153,154,153,153,153,154,154,153,154,153,154,153,153,153,153,153,152,151,150,148,148,146,145,144,143,143,142,142,141,141,140,139,139,138,138,138,138,137,138,136,137,136,137,137,138,139,139,139,140,141,140,140,140,139,141,142,143,143,142,144,146,147,147,149,149,149,148,147,146,145,146,133,127,143,141,142,147,98,102,104,104,105,106,105,106,115,150,154,149,137,115,118,108,114,100,115,117,113,118,130,121,136,100,152,154,152,83,133,137,134,90,96,98,52,114,114,116,116,117,116,109,60,65,127,125,126,127,125,138,132,131,134,139,136,133,135,137,135,131,131,130,131,131
151,150,151,151,150,150,151,150,150,151,151,151,151,151,150,151,151,151,151,151,152,151,151,152,152,152,152,152,152,152,152,152,152,152,152,152,152,153,153,152,152,152,153,153,153,152,152,153,153,153,153,153,153,152,153,152,152,153,154,153,153,153,153,153,154,153,153,153,153,152,152,152,152,152,151,149,148,148,146,145,144,143,143,142,141,141,140,139,139,138,138,137,136,136,136,136,136,136,136,137,137,137,138,139,140,141,142,142,141,141,140,143,144,145,144,146,146,148,149,150,148,147,146,147,145,145,131,126,138,137,134,150,141,88,107,104,104,104,106,104,105,105,101,135,154,156,118,121,119,110,114,96,118,117,115,120,122,123,150,153,150,117,134,136,136,136,137,93,101,103,67,121,113,112,117,106,41,50,135,135,132,127,125,125,125,133,130,131,133,134,132,120,133,135,134,132,130,129,129,88
150,150,150,150,150,150,151,150,151,150,151,151,150,150,151,151,151,150,151,151,151,151,152,151,152,152,152,152,152,152,153,151,152,151,151,151,153,152,152,153,153,153,153,153,153,153,153,152,153,153,153,152,152,151,152,152,152,153,153,154,152,152,152,152,152,154,152,152,152,152,152,151,151,151,149,149,147,146,145,144,144,143,142,141,141,140,140,139,139,138,137,137,136,136,136,136,136,136,136,136,137,137,139,140,141,142,143,143,142,142,142,144,145,148,149,149,149,151,150,149,147,148,145,147,147,127,133,134,137,136,148,98,102,105,107,105,106,105,105,101,141,145,151,143,164,114,126,121,120,110,113,95,123,116,112,128,153,152,151,124,118,137,136,138,133,136,136,100,102,109,105,123,114,115,56,68,137,139,139,135,133,130,125,126,127,132,131,131,130,131,131,112,133,135,133,132,115,107,72,59
149,151,150,150,150,150,150,151,150,150,150,151,150,150,151,151,151,151,151,151,151,151,151,151,151,152,152,152,152,151,152,152,152,152,152,152,151,152,152,153,153,153,153,153,154,153,153,153,152,152,152,152,152,152,152,152,151,152,153,153,152,151,152,151,151,151,152,150,151,151,150,149,150,150,149,148,148,145,145,144,144,143,142,141,141,141,140,139,139,138,137,136,137,137,136,135,136,136,136,136,137,138,140,141,143,144,145,145,146,146,145,146,147,148,150,150,151,152,151,148,147,146,146,131,139,136,129,134,140,142,98,111,105,102,106,103,105,105,106,159,147,143,100,107,117,114,122,119,120,112,113,92,132,134,152,152,146,124,88,128,132,139,136,139,132,135,135,113,107,111,100,121,82,110,144,139,137,138,143,136,133,140,127,126,125,131,130,128,131,131,131,88,134,135,73,136,60,85,118,112
149,150,150,150,150,150,150,150,150,150,150,151,150,150,150,151,150,150,150,151,150,151,151,151,151,151,151,151,151,152,151,152,152,151,152,152,152,152,152,152,152,153,153,153,154,153,153,153,152,152,152,152,152,152,152,152,152,152,152,152,152,152,152,151,150,150,149,149,149,148,148,148,147,148,148,147,146,145,144,143,143,143,143,141,141,140,140,139,139,138,138,138,137,137,136,136,136,136,136,136,137,139,142,143,146,147,149,150,151,150,149,149,150,151,152,153,152,153,152,149,147,147,142,148,151,138,144,143,109,103,108,111,105,103,105,109,104,102,151,150,124,110,107,108,118,114,124,119,119,112,111,123,152,156,152,142,119,128,131,129,136,135,136,137,133,136,134,151,109,112,71,121,137,142,147,141,136,138,147,138,135,143,127,126,126,129,131,127,131,130,130,69,91,130,59,115,110,107,109,105
149,149,149,150,149,150,150,150,150,150,150,150,150,150,150,150,152,150,150,150,151,151,151,150,150,151,151,151,151,151,151,151,152,152,151,152,152,152,152,152,152,152,153,154,155,154,153,153,152,152,152,153,152,153,152,152,152,152,152,152,152,151,151,150,150,149,148,148,147,147,147,146,146,147,146,146,145,143,144,143,142,142,142,141,141,140,139,139,139,139,138,137,136,136,136,135,136,136,136,137,138,140,143,145,146,149,151,152,151,151,151,152,152,151,153,152,153,153,151,150,136,141,147,141,136,142,147,101,104,104,108,109,105,104,112,145,146,151,145,108,111,113,110,114,119,115,121,120,119,153,155,144,152,147,106,120,133,132,132,126,137,137,135,139,134,136,111,96,136,110,67,126,142,145,147,141,141,142,150,137,135,145,126,125,125,129,130,128,129,127,62,62,59,115,116,111,112,104,103,98
149,149,149,149,150,149,149,150,150,150,150,150,151,150,150,150,150,150,150,150,151,150,150,150,150,150,151,151,151,151,152,152,152,151,152,151,152,152,152,152,152,152,153,155,154,154,153,152,153,152,152,152,152,152,152,152,152,153,152,152,152,152,151,151,150,149,148,147,147,147,146,145,145,145,145,145,144,143,142,142,142,142,141,141,141,140,140,139,138,138,138,137,137,137,136,136,136,136,136,137,139,141,144,148,150,151,151,152,153,152,153,151,151,153,151,152,153,152,151,141,150,153,141,144,146,148,129,104,103,104,107,107,104,113,147,153,149,113,104,103,114,115,109,112,116,114,116,139,108,153,154,143,118,111,118,123,126,132,133,131,137,142,139,140,124,119,160,100,148,112,86,121,144,147,148,143,140,143,150,135,134,145,126,125,125,126,129,58,66,59,113,105,116,111,88,103,102,109,55,70
148,149,149,149,149,149,150,149,149,150,150,150,150,150,150,150,150,150,150,150,150,150,150,150,150,150,150,151,151,151,151,151,151,151,152,151,152,152,152,153,153,152,153,154,155,155,154,154,153,153,153,152,152,152,152,152,152,152,152,152,152,151,151,151,150,149,148,148,148,147,147,147,145,145,144,144,144,143,142,142,141,141,142,141,141,140,139,139,138,138,138,138,136,136,136,136,136,136,137,138,140,143,147,151,152,153,152,153,153,153,153,154,154,152,151,151,151,145,140,146,142,142,147,140,108,105,127,103,104,104,106,106,113,149,147,104,116,114,105,103,114,115,109,113,117,127,109,155,154,152,108,82,111,114,119,125,119,133,133,140,136,140,129,142,158,148,146,140,104,139,99,118,144,146,147,142,141,145,151,145,133,142,125,124,126,98,70,59,121,113,111,99,111,111,66,57,89,58,131,130
149,149,149,149,149,149,149,149,149,149,149,149,149,150,150,150,150,150,150,150,150,150,150,150,150,149,150,150,150,151,151,151,151,152,152,152,152,152,153,153,153,153,153,153,155,152,153,153,152,153,152,152,152,152,152,152,152,152,151,151,151,151,151,150,150,150,149,148,148,147,148,147,146,146,145,145,144,143,143,143,142,142,141,141,142,141,140,139,138,138,138,137,137,137,136,136,136,137,138,139,141,143,146,149,153,153,153,153,153,153,154,154,154,153,152,152,138,144,152,146,146,151,161,108,109,104,123,103,105,103,115,153,152,148,87,102,114,115,105,103,113,115,109,110,130,148,147,157,87,110,115,79,116,114,120,125,119,133,133,140,103,142,153,152,153,145,155,98,99,113,109,121,140,142,144,142,141,144,147,134,132,131,111,88,60,72,119,120,114,113,106,105,94,62,121,106,108,130,131,129
148,148,149,148,149,149,148,149,149,148,149,149,149,150,149,150,150,150,150,150,150,150,150,150,150,150,150,150,150,151,151,151,151,152,152,153,153,153,153,153,153,153,153,153,153,152,152,152,152,152,153,151,152,152,152,151,151,151,151,152,151,150,150,150,150,150,150,149,150,149,148,148,148,148,147,146,146,144,144,143,143,142,142,142,142,142,142,140,139,138,139,138,137,137,137,137,137,138,139,140,142,144,146,149,153,152,153,153,153,153,154,154,154,154,154,143,147,135,139,145,149,108,105,108,109,104,118,103,100,118,152,146,107,112,101,102,114,115,105,103,113,112,101,153,150,152,98,110,111,110,116,89,117,115,120,124,118,133,98,142,153,149,152,151,103,127,127,96,107,127,97,120,136,136,139,139,142,145,149,135,64,109,62,116,117,108,108,110,109,97,66,61,55,103,103,104,105,125,129,127
148,148,149,148,148,148,149,149,149,148,149,149,149,149,149,150,149,150,150,150,150,150,149,150,150,150,150,149,150,150,150,150,151,151,153,153,153,153,152,153,153,153,153,153,152,151,151,152,152,152,152,153,152,151,152,151,151,150,151,151,150,150,150,150,150,150,150,150,150,150,149,149,148,148,147,146,146,146,146,145,144,144,143,144,144,143,143,141,140,139,139,138,138,138,138,138,138,140,141,143,144,146,149,150,152,152,154,153,153,153,153,152,152,137,146,152,137,142,144,105,109,113,107,108,109,102,116,116,154,153,103,102,113,114,101,103,114,114,107,102,152,152,154,152,129,108,108,112,114,112,116,91,117,115,119,123,94,143,155,140,155,152,111,134,138,133,131,94,106,149,101,123,136,136,136,137,142,145,67,90,63,115,118,117,112,108,110,90,65,67,125,72,101,102,104,103,102,122,129,128
148,148,148,148,149,148,148,149,149,149,149,149,148,149,149,149,149,149,150,150,149,149,149,149,150,149,150,149,150,150,150,150,150,152,153,153,153,153,153,153,153,153,153,151,151,151,152,152,152,152,152,152,152,152,151,151,151,151,151,151,151,151,151,150,150,150,150,150,150,150,150,149,149,148,148,147,148,147,147,146,146,145,144,144,143,144,143,142,141,141,141,140,141,141,140,140,142,144,144,145,148,150,150,151,152,153,152,154,153,153,154,154,142,150,131,142,149,144,113,110,108,112,107,107,104,136,156,151,141,111,105,107,114,115,101,103,113,114,147,154,151,147,112,72,105,110,111,112,113,111,116,105,116,116,109,132,152,152,153,129,109,135,137,137,138,128,131,92,107,142,105,123,139,139,139,135,75,63,52,118,114,89,109,112,101,75,48,60,131,123,123,77,98,100,102,103,102,125,127,127
147,148,147,148,148,148,149,147,148,148,148,149,149,149,149,149,149,149,149,149,149,149,149,149,149,149,149,149,149,149,149,149,150,150,153,153,153,153,153,153,153,153,153,152,151,151,151,151,152,151,151,152,152,151,152,151,151,151,151,151,150,150,150,150,150,150,150,150,150,150,149,149,148,148,148,148,148,147,147,147,146,146,145,144,144,143,143,143,143,142,143,142,143,144,145,145,147,147,147,148,151,152,153,153,153,153,152,153,153,154,139,146,152,150,146,146,106,108,115,109,107,114,107,101,100,150,138,114,115,112,106,107,113,114,101,104,117,96,152,142,151,107,80,79,108,111,110,113,113,114,116,117,111,99,158,153,150,149,155,115,125,132,135,137,137,128,134,97,97,103,106,122,139,74,132,68,114,120,115,108,102,107,96,71,77,113,138,139,135,139,134,87,122,101,101,100,98,127,125,124
147,147,148,148,148,148,148,148,149,148,148,148,148,149,149,148,149,149,149,149,149,149,149,149,149,149,149,149,149,149,150,150,150,150,151,153,153,153,153,152,152,152,152,153,150,151,151,151,152,151,152,152,151,151,151,151,152,151,151,151,150,150,150,150,150,150,149,149,149,148,148,149,149,149,148,147,147,147,147,147,148,146,144,144,144,145,144,144,143,143,144,144,146,147,148,150,149,149,150,150,152,153,153,153,153,153,153,153,153,141,149,127,146,145,124,93,104,108,113,111,111,113,119,153,148,104,115,107,115,112,106,105,112,113,95,122,156,156,147,107,105,102,80,92,105,112,111,111,113,112,106,91,150,149,155,129,100,121,128,98,125,130,133,136,136,130,130,111,104,83,109,119,83,62,113,117,115,111,106,104,73,63,59,119,96,116,136,135,138,138,140,90,112,119,99,95,115,127,124,141
147,148,148,148,148,148,148,148,148,148,148,148,148,148,148,148,148,148,149,148,149,149,149,149,149,149,149,149,149,149,149,149,149,149,149,150,150,151,152,152,152,152,152,152,151,151,151,151,151,151,151,150,151,151,151,151,152,151,151,151,150,150,150,150,150,149,149,149,148,148,148,147,148,147,147,147,146,147,146,146,147,147,145,144,145,145,145,145,145,145,147,147,148,149,149,150,150,150,150,151,151,152,153,153,153,153,153,152,152,152,151,149,150,124,106,99,104,106,117,108,110,158,147,146,94,106,117,108,114,113,105,104,110,154,152,154,150,161,103,104,104,102,77,92,107,109,109,110,96,93,153,125,156,106,102,128,138,124,128,96,125,130,133,135,135,127,129,113,97,81,110,105,114,116,111,112,111,107,67,88,132,111,111,109,109,110,134,136,140,136,140,81,123,118,97,113,103,135,131,129
147,148,148,148,148,147,147,148,148,148,148,148,148,148,148,148,148,148,148,148,148,148,148,149,149,148,149,149,149,149,148,148,149,148,149,148,149,149,149,151,151,152,151,151,151,151,151,151,151,151,150,151,152,151,151,150,150,150,150,150,150,149,149,149,148,149,148,148,148,147,147,147,147,147,147,146,146,146,147,147,148,146,145,145,145,145,146,146,147,148,149,150,150,150,151,151,150,151,151,151,151,152,153,152,153,152,153,152,152,144,144,105,107,107,107,96,105,105,112,105,150,137,134,115,112,107,113,108,116,113,105,102,153,150,147,163,107,108,102,104,104,103,80,80,104,109,107,94,152,158,152,97,119,122,126,130,139,125,128,86,123,127,132,132,132,109,151,145,93,75,97,115,111,114,105,89,85,60,137,137,129,103,103,105,107,110,132,137,141,136,141,78,123,106,113,102,102,141,127,126
147,147,148,148,147,147,147,148,148,148,148,148,148,148,148,148,148,148,148,148,149,149,148,148,148,148,149,148,149,148,149,149,149,148,148,148,149,148,149,149,150,150,151,150,150,152,151,151,151,151,151,151,151,151,151,150,150,150,150,150,150,149,149,149,149,149,148,147,147,147,147,148,148,147,148,147,147,147,147,147,147,147,147,147,146,146,147,149,151,152,151,151,150,150,151,151,151,151,152,152,153,153,153,153,152,152,152,152,152,142,92,95,107,106,102,96,116,104,150,146,109,101,107,114,112,108,111,108,115,157,159,149,149,108,102,102,107,109,102,103,102,102,77,88,115,110,156,153,153,99,110,120,124,125,126,129,138,125,126,79,123,125,133,98,99,153,151,95,130,71,120,112,110,79,123,148,119,137,133,129,127,99,102,103,104,112,130,138,147,143,130,75,108,100,98,100,105,131,125,125
146,147,148,148,147,147,148,147,147,147,147,147,147,147,148,148,148,147,148,148,148,148,148,148,148,148,149,149,148,148,148,148,148,148,148,148,148,148,149,148,148,149,149,149,150,150,151,151,150,151,151,152,151,150,150,150,151,151,150,150,150,150,149,148,149,148,149,148,148,148,148,148,148,148,148,148,147,148,149,149,149,149,149,150,150,150,151,152,152,151,151,151,151,150,150,151,151,151,153,152,152,152,152,152,152,152,152,152,152,106,103,93,106,105,103,93,134,149,124,87,107,106,105,115,112,107,114,96,108,153,159,101,73,78,101,101,106,106,101,102,102,101,113,120,149,155,150,91,110,112,115,129,123,126,125,127,138,123,125,79,124,90,92,151,154,153,150,101,132,81,119,101,60,145,147,141,93,135,127,127,127,100,100,102,104,114,131,130,137,132,128,67,115,99,98,97,102,87,105,133
146,147,147,147,147,147,148,147,147,146,147,147,147,148,148,147,147,148,148,147,148,147,147,148,147,148,148,148,148,148,148,148,148,148,148,148,148,148,148,149,148,148,148,148,148,149,151,150,151,151,150,151,152,151,150,150,151,150,150,150,150,150,149,149,149,148,148,148,148,149,148,148,149,148,148,149,149,149,150,150,151,152,152,152,152,152,152,152,152,152,151,151,151,150,151,151,151,152,152,152,152,152,152,151,152,151,152,151,151,106,101,96,105,103,107,154,149,113,103,106,106,101,105,113,112,104,127,157,161,144,102,111,81,76,99,100,105,106,98,117,164,143,153,157,136,152,111,110,109,114,115,126,123,126,126,127,135,122,114,95,157,154,156,154,150,91,145,131,157,100,97,118,142,142,142,136,65,130,126,128,128,102,99,100,102,107,130,129,134,141,130,64,104,98,98,72,61,63,55,109
146,146,148,147,147,147,147,147,147,147,147,147,147,147,147,147,148,147,147,147,147,147,147,147,147,147,148,148,147,148,148,148,147,148,148,147,148,148,148,147,148,147,147,148,148,149,149,148,149,151,150,131,109,150,151,151,150,151,151,151,150,150,150,149,148,148,148,147,148,148,148,149,149,149,149,149,149,149,151,151,151,151,151,152,152,151,152,152,152,151,152,151,150,150,150,150,151,151,151,151,152,152,151,152,151,151,151,150,151,107,102,96,106,155,152,94,104,107,101,107,106,103,104,115,115,156,152,156,96,108,111,110,80,77,98,99,104,115,99,142,153,153,138,152,98,114,129,110,110,114,115,127,123,125,126,128,95,117,158,147,156,152,113,106,131,139,142,123,124,85,88,124,139,141,136,142,58,137,128,127,128,103,99,99,100,111,131,127,130,130,133,63,78,117,85,62,112,94,102,103
146,146,147,147,147,147,146,146,147,146,147,147,146,147,147,147,147,147,147,147,147,147,147,147,147,147,148,148,148,148,147,148,147,147,147,147,147,147,147,147,147,148,148,148,148,149,147,148,148,148,149,127,105,150,150,150,150,150,150,150,150,150,149,148,147,147,146,147,147,147,148,148,148,148,148,148,149,150,151,151,151,151,152,152,151,152,152,152,152,152,151,150,150,150,150,150,150,150,150,150,150,150,150,150,150,151,150,151,151,109,104,82,152,154,84,111,105,107,102,107,106,107,160,162,156,151,134,103,109,109,110,109,82,77,99,114,164,139,153,151,149,109,117,118,98,116,142,108,109,115,115,129,123,126,98,102,150,148,156,145,117,102,130,134,134,135,143,105,85,98,81,123,140,142,138,141,50,135,130,127,127,103,100,99,100,103,127,125,130,117,135,61,58,108,103,103,101,94,98,100
146,146,146,147,146,146,146,146,146,146,146,146,146,146,147,147,146,147,146,147,146,146,146,147,147,147,147,147,147,148,147,146,147,147,147,147,148,147,147,148,147,148,147,147,148,147,148,148,147,148,148,116,112,150,150,150,150,149,150,149,148,148,148,147,147,147,147,147,147,148,147,147,147,147,147,147,148,148,149,151,151,151,151,151,151,151,152,151,151,151,151,151,149,149,149,149,150,149,149,149,150,150,149,150,150,150,150,151,151,152,149,148,105,104,106,113,105,105,96,105,113,159,155,150,126,106,153,105,110,109,110,110,82,79,158,140,155,155,153,108,113,114,117,119,99,118,141,109,108,114,114,119,108,151,163,159,154,145,124,154,124,128,132,135,135,133,145,97,116,109,81,124,143,145,137,135,63,131,128,126,126,103,101,98,96,99,98,135,131,59,111,96,101,107,102,103,101,90,95,104
146,146,146,146,147,146,146,146,146,146,146,147,146,146,146,147,147,147,147,147,147,146,146,146,146,147,146,147,147,147,147,147,147,147,147,146,147,147,147,147,147,147,148,148,147,147,147,147,147,148,149,92,78,150,149,149,149,149,148,148,147,148,148,148,147,147,147,147,147,146,146,147,147,146,147,147,146,147,149,149,150,151,151,150,150,150,150,151,150,151,151,150,149,149,149,148,148,149,149,149,149,150,149,149,150,149,150,150,151,150,95,105,111,107,106,111,105,104,92,96,154,151,95,103,103,105,154,104,110,110,110,110,161,151,154,157,157,130,104,104,113,115,116,118,96,118,133,109,107,101,130,152,160,155,155,100,90,118,123,157,127,131,134,136,135,132,143,97,110,101,81,122,137,143,135,137,61,128,124,123,124,101,96,97,65,74,62,113,107,106,104,101,104,103,103,98,105,88,82,60
146,145,146,146,145,146,145,145,146,146,146,146,146,146,147,147,146,146,147,147,146,146,146,146,146,146,146,146,147,147,147,147,146,147,147,147,146,146,146,146,146,146,147,147,147,147,147,147,147,148,96,92,81,93,148,148,148,148,147,148,148,147,147,147,148,147,146,146,146,147,146,147,146,146,146,146,146,148,148,149,149,150,150,150,150,150,150,150,151,150,151,150,149,149,148,148,148,148,149,149,148,148,150,149,149,149,150,149,149,94,104,106,110,107,107,108,101,98,154,154,96,100,102,103,104,105,156,104,107,109,97,143,153,156,151,92,102,102,104,103,112,115,116,117,101,119,110,93,94,158,161,150,156,92,118,118,115,118,125,160,127,130,130,134,135,133,136,96,100,152,68,112,140,140,133,132,61,128,121,122,122,64,93,64,111,108,101,105,106,105,103,98,92,105,73,60,63,58,121,121
146,146,146,146,145,146,146,146,146,146,145,146,146,145,146,147,147,146,147,147,146,146,146,146,146,147,147,146,146,146,146,147,146,147,146,146,146,146,146,146,146,146,147,146,146,147,147,147,147,148,96,99,111,88,148,148,148,148,148,147,148,147,147,147,147,146,147,147,147,147,147,146,146,147,146,146,146,147,148,148,149,149,150,149,149,149,149,150,150,151,150,150,149,148,149,148,149,148,148,148,148,148,148,148,148,148,148,149,149,105,104,113,110,106,104,127,163,159,120,106,105,102,104,104,103,106,155,103,159,153,155,150,142,87,107,106,103,105,104,101,114,115,116,116,95,159,135,156,159,156,148,156,111,113,117,119,115,119,125,166,127,129,126,134,134,133,134,113,93,150,58,116,137,134,130,132,70,124,73,132,61,79,108,111,110,109,106,106,105,98,110,76,66,75,117,118,120,68,120,122
146,146,145,146,146,146,146,145,146,145,145,145,146,146,146,145,146,146,147,147,146,147,147,146,146,146,146,146,146,146,146,146,146,146,146,147,146,146,146,146,146,145,146,146,146,147,147,147,147,147,110,93,88,123,149,148,147,148,147,148,148,148,146,147,147,147,146,146,146,146,146,147,146,146,146,146,147,146,147,147,149,149,149,149,149,150,150,150,150,150,151,150,148,148,147,148,148,148,147,147,147,147,148,147,148,148,148,148,148,105,105,103,107,164,155,158,157,94,127,106,105,102,104,104,100,106,149,161,154,152,119,91,108,108,109,106,104,105,103,102,113,115,113,146,158,156,155,153,103,92,111,159,111,114,116,119,115,118,123,166,126,127,119,132,96,114,157,161,118,100,52,107,131,129,127,96,67,64,72,105,110,106,104,105,110,103,104,98,65,64,106,119,117,118,121,119,120,66,118,119
145,146,145,145,145,145,146,146,145,146,146,145,145,146,146,146,146,146,146,146,146,146,146,146,146,146,146,146,145,146,146,146,145,146,146,145,146,145,145,146,146,146,146,146,146,146,146,146,146,96,109,94,85,78,105,147,147,147,147,147,148,146,146,147,146,146,146,146,146,146,146,146,146,146,146,146,145,145,146,146,148,148,150,149,150,150,149,150,150,151,150,150,147,148,148,148,148,147,147,147,147,147,147,147,147,147,147,147,147,105,104,159,159,158,153,108,107,110,125,106,104,101,103,104,126,156,148,153,100,100,104,105,111,109,110,106,105,104,104,103,112,98,159,153,154,153,89,107,108,108,111,158,110,114,117,119,115,118,121,164,124,125,106,97,151,150,143,155,111,126,68,101,97,130,83,67,98,107,107,112,108,104,102,106,85,62,69,119,120,119,120,121,119,120,121,118,116,71,116,117
145,146,146,145,145,144,145,145,145,145,145,146,145,145,146,145,146,146,146,146,145,146,146,146,146,147,146,146,146,146,146,146,146,146,145,145,145,146,146,146,146,146,146,146,146,146,146,146,146,108,93,95,98,131,106,147,147,146,147,147,148,146,146,146,146,146,147,146,146,146,146,146,146,146,146,145,145,145,146,146,146,148,148,149,149,150,149,150,150,150,150,149,148,149,148,147,147,147,147,147,147,147,146,146,147,147,147,147,147,102,117,153,153,113,109,122,105,110,119,106,104,103,153,162,154,157,89,103,105,110,105,106,111,109,110,107,104,104,95,102,152,143,149,123,96,107,107,109,108,110,112,154,110,116,116,118,113,118,121,162,137,152,149,150,151,143,113,131,86,121,88,86,66,107,108,111,109,112,108,108,104,72,63,66,121,121,57,122,117,116,115,120,116,116,118,118,115,70,115,116
145,144,144,144,145,145,145,145,144,145,145,146,145,145,145,145,145,145,145,145,145,146,146,146,146,146,146,145,145,145,145,145,145,145,145,145,145,145,145,146,145,145,145,145,146,146,146,146,98,132,97,96,99,88,101,85,147,146,146,146,148,146,146,146,146,146,146,146,146,146,146,145,146,146,146,145,145,145,145,146,146,146,147,148,147,147,148,149,150,149,149,149,149,148,148,147,147,147,147,146,146,146,146,146,146,147,146,146,146,151,150,107,108,106,107,125,105,109,116,104,110,161,158,158,89,106,99,109,107,110,105,105,111,107,110,103,158,158,153,154,150,93,101,103,96,108,104,109,110,111,113,148,113,117,116,119,96,115,159,135,150,150,143,119,159,136,140,113,105,123,83,96,101,108,108,108,106,113,98,51,63,84,118,119,119,119,57,116,114,114,114,117,114,115,116,115,115,69,114,115
144,144,144,145,145,144,145,145,144,145,144,144,145,145,145,145,146,145,146,146,146,146,146,146,146,146,146,146,145,145,145,146,147,147,145,145,145,145,145,145,145,144,145,146,145,146,146,145,151,92,91,103,149,142,101,78,147,146,146,146,148,146,146,146,146,146,146,145,146,146,146,146,146,145,146,146,145,145,145,145,146,146,146,147,146,146,148,149,149,150,149,148,147,147,147,147,146,147,147,147,147,146,146,147,146,146,146,146,146,99,101,99,108,107,106,127,102,107,120,161,155,154,97,107,105,107,97,110,106,110,106,108,111,101,122,155,154,154,150,116,104,104,108,107,99,109,102,110,110,110,112,157,116,118,119,88,155,145,156,138,158,105,92,130,129,136,137,110,145,116,101,90,103,105,104,100,54,63,121,118,117,72,117,117,117,119,63,114,113,112,113,118,107,114,115,115,113,67,113,113
144,144,145,145,144,144,144,145,144,145,145,145,144,144,144,145,145,145,145,145,145,145,145,146,146,146,146,146,145,144,150,151,147,147,147,146,147,145,145,145,145,145,146,145,145,146,146,115,103,108,96,92,89,81,86,114,100,146,145,146,146,146,146,146,146,146,146,146,146,146,146,146,145,146,145,146,146,145,145,145,146,145,145,146,145,146,147,147,150,149,149,148,147,148,147,146,146,147,147,147,148,147,146,146,146,146,146,146,146,107,104,98,106,106,103,127,124,161,153,156,99,138,112,103,104,105,97,109,106,109,108,133,94,150,154,154,91,92,108,106,106,107,107,116,99,110,101,109,109,109,112,145,132,149,155,154,151,133,107,116,122,126,94,129,126,126,135,115,154,110,117,91,63,112,58,120,64,120,119,119,118,58,116,116,116,117,89,114,111,110,111,114,107,113,114,113,112,60,112,111
145,144,144,145,145,144,144,145,144,145,145,144,144,145,145,144,145,145,144,145,145,145,145,145,145,146,146,146,146,146,153,156,150,147,147,147,148,146,144,145,145,145,145,145,145,145,123,114,83,99,91,77,82,127,75,104,82,147,146,146,146,146,146,146,146,146,146,146,146,145,145,145,146,146,145,146,146,145,145,145,146,145,145,146,146,147,150,149,149,149,149,148,148,148,148,146,146,147,148,147,147,146,147,146,146,146,145,146,146,107,104,87,106,103,140,160,157,158,125,101,103,141,112,102,105,104,96,108,106,150,145,154,152,151,86,105,110,107,109,108,107,108,110,120,101,109,102,108,97,93,154,143,154,147,147,144,103,117,121,117,124,127,76,127,123,117,133,116,105,96,117,52,116,121,117,115,64,116,117,117,117,55,114,115,114,115,91,110,109,108,108,111,109,110,113,112,110,61,109,110
144,144,144,144,144,144,144,144,144,145,144,145,144,144,144,145,145,144,145,145,145,145,145,145,145,145,146,146,146,146,152,151,146,147,147,147,147,147,144,144,144,145,145,145,145,145,131,166,153,156,86,115,87,85,80,140,114,85,146,145,146,147,146,146,146,145,146,146,145,146,145,145,145,145,145,145,146,145,145,145,145,145,145,145,146,148,149,149,149,149,149,148,147,148,147,147,146,146,146,147,147,146,146,146,146,146,145,146,145,108,100,88,113,161,158,150,125,102,98,103,105,138,111,102,103,103,93,145,157,144,152,150,115,105,109,109,111,108,110,108,108,109,108,124,104,103,157,100,156,158,155,145,127,113,113,120,118,117,120,116,121,123,69,122,120,107,129,120,87,89,110,49,111,115,114,111,63,126,120,115,114,51,112,114,111,112,95,109,107,106,108,110,107,110,111,110,110,56,108,109
143,143,144,143,143,143,143,144,144,143,144,144,143,144,144,144,144,144,145,144,145,145,145,145,145,145,146,146,146,146,155,147,146,146,147,146,147,147,147,146,147,145,144,145,145,125,112,108,120,83,109,90,82,72,89,95,73,82,146,146,146,146,146,146,145,146,145,145,146,145,146,145,146,145,145,146,145,146,145,144,146,145,146,145,145,148,148,149,149,149,148,148,148,147,147,147,147,146,146,146,146,145,146,146,146,145,144,145,145,111,161,156,157,157,115,138,100,103,104,102,103,136,109,102,99,107,143,154,151,110,89,106,107,107,110,107,111,108,108,110,108,109,121,107,104,147,151,151,154,154,107,106,113,113,113,118,116,117,119,121,118,118,71,119,116,96,126,114,113,82,98,39,101,114,112,108,58,121,114,112,114,58,112,110,110,111,112,106,104,105,107,108,107,107,110,108,107,54,78,83
142,142,143,143,144,143,144,143,143,143,144,143,144,144,144,143,144,143,144,144,145,144,144,144,145,145,145,146,146,146,147,146,146,146,146,147,147,146,147,147,147,147,147,147,146,142,160,35,109,129,64,89,116,66,66,66,109,115,99,146,146,146,146,145,145,145,146,145,145,145,145,145,146,146,146,145,146,145,145,145,145,146,145,145,145,146,148,148,148,147,148,147,147,147,146,147,146,146,146,146,146,145,145,145,145,145,144,145,144,156,150,147,153,102,101,137,101,102,83,102,105,129,103,108,152,156,150,107,104,105,105,107,108,107,109,107,111,108,110,109,99,142,154,152,153,157,144,100,97,111,113,110,113,112,112,119,118,118,118,115,119,117,85,115,114,90,117,105,106,104,81,40,93,111,107,106,64,120,117,111,110,43,111,109,109,110,112,105,104,104,105,105,105,102,57,61,66,52,70,107
142,143,143,143,142,142,143,143,143,143,142,143,143,143,144,144,144,145,144,144,144,144,144,144,145,145,145,145,146,145,146,146,146,145,146,146,146,146,147,147,147,147,146,147,100,92,57,104,105,90,98,90,67,61,96,103,118,113,117,146,145,145,145,145,145,146,145,146,145,145,145,145,145,145,145,145,145,145,144,145,145,145,145,144,145,147,148,148,148,147,147,147,147,145,147,146,146,146,146,146,146,146,145,145,145,144,144,144,144,151,93,77,102,100,101,144,100,103,82,100,102,158,158,154,148,107,152,103,103,105,106,108,109,107,109,105,110,107,101,95,154,145,154,146,106,107,103,107,107,111,113,114,112,112,112,120,119,117,117,115,116,114,103,113,112,158,156,153,142,125,152,39,86,107,107,105,72,119,114,109,108,54,110,108,107,107,109,104,102,107,58,91,62,57,57,106,104,101,110,113
143,142,143,142,142,143,142,143,142,143,142,143,143,143,143,143,143,143,143,144,144,145,144,144,145,144,144,145,145,145,146,145,146,146,146,146,146,146,147,146,147,147,147,147,79,99,90,115,80,118,88,37,54,74,67,104,110,73,79,92,145,146,146,145,145,145,145,145,146,145,145,145,145,145,145,145,145,145,145,145,145,147,145,145,146,147,147,147,147,147,147,146,145,146,146,146,146,146,146,146,145,145,145,144,144,144,143,144,143,107,102,78,101,100,103,149,102,99,102,163,157,150,98,96,102,103,150,101,103,105,105,105,107,105,108,100,106,147,155,154,149,127,108,108,109,111,103,105,105,109,113,112,112,113,115,118,115,113,114,109,153,142,162,160,155,147,153,147,151,157,149,45,75,107,106,105,84,115,110,108,107,56,107,106,104,108,99,126,70,60,55,107,114,103,111,107,102,104,111,112
142,142,142,142,143,142,142,142,142,143,142,143,142,143,143,142,143,143,143,143,143,144,144,144,145,145,144,144,145,145,145,145,146,146,146,146,146,146,147,146,146,146,146,147,83,100,85,83,77,114,94,85,61,83,70,54,73,56,91,74,145,145,145,145,145,145,145,145,145,145,145,145,145,146,145,145,145,145,144,145,146,147,146,146,147,147,147,147,147,146,146,146,145,146,146,145,145,146,145,145,145,144,144,143,143,143,143,143,143,108,104,78,102,102,105,136,94,155,143,157,135,167,104,102,105,100,147,99,102,104,105,103,106,99,153,156,154,153,155,154,108,107,104,107,108,110,101,104,104,108,113,111,112,112,112,112,98,93,99,162,161,163,149,154,150,106,112,74,89,147,140,45,51,106,104,104,97,109,107,106,105,58,80,75,94,70,46,112,117,114,104,102,108,106,108,112,115,99,113,64
142,142,142,142,141,142,142,142,142,142,142,142,142,143,142,142,143,142,143,143,143,143,143,143,143,144,145,144,144,145,145,145,145,145,145,145,145,145,146,146,146,146,146,145,78,100,91,89,85,109,87,48,61,87,67,59,72,56,87,83,145,145,145,145,145,145,145,145,145,145,145,145,144,145,145,145,145,145,145,145,147,147,147,146,147,146,146,146,146,146,145,145,145,145,145,145,144,145,145,145,144,145,144,143,143,143,143,143,143,104,102,79,102,164,161,147,152,145,124,102,98,166,104,102,109,101,146,100,101,101,118,94,154,158,161,152,108,98,109,109,107,106,104,106,110,110,102,104,104,112,112,116,110,91,124,97,160,152,165,157,157,160,91,101,85,83,83,78,82,139,83,46,57,104,104,102,100,106,102,70,119,57,57,106,113,111,108,112,117,113,112,107,108,108,114,56,54,55,54,101
142,142,143,141,142,142,142,142,141,142,142,142,142,143,142,142,142,142,142,143,142,143,144,143,143,144,143,144,145,144,144,145,144,145,144,144,145,145,145,145,145,145,146,143,83,100,99,81,92,98,87,49,65,90,63,99,67,60,86,84,144,145,145,145,145,144,145,145,144,145,145,145,144,145,145,145,146,145,145,145,146,145,146,146,146,146,145,145,146,145,145,145,145,145,145,145,144,145,145,145,145,144,143,143,143,143,143,142,142,107,96,140,159,158,149,105,103,103,115,103,101,167,103,103,106,101,143,93,103,154,153,151,154,94,95,110,106,106,107,108,105,105,104,105,105,110,102,103,103,109,99,105,104,151,161,161,157,150,147,106,76,82,136,87,84,87,81,77,80,82,79,46,43,100,104,112,125,70,58,88,109,105,110,109,117,115,102,115,114,109,106,58,50,60,64,100,97,100,98,100
141,141,141,141,141,141,141,142,141,141,141,141,141,141,142,142,142,142,142,142,142,142,142,143,143,143,143,143,143,144,143,144,144,143,144,144,144,144,144,144,144,144,145,142,85,100,97,75,91,89,84,74,57,75,65,78,72,66,89,82,145,145,145,145,144,145,144,145,145,146,147,147,144,145,144,145,146,146,146,146,146,146,146,146,146,146,146,145,145,145,145,144,144,144,144,145,145,144,144,143,144,144,143,142,143,143,142,142,142,95,151,151,157,145,102,164,101,104,107,103,100,166,104,102,105,137,131,156,156,148,153,144,101,104,105,103,105,103,106,107,105,105,101,103,107,108,100,119,116,143,161,154,156,152,151,98,120,79,81,82,81,79,133,86,82,96,77,73,96,82,77,48,74,113,63,73,115,112,108,112,113,111,117,117,112,111,93,60,60,65,59,95,99,98,99,99,98,98,99,98
141,141,141,141,141,141,141,141,141,141,141,141,140,141,141,142,142,141,142,141,142,142,142,142,142,143,143,143,143,143,144,143,144,144,144,144,144,144,144,144,144,144,145,143,99,101,97,80,89,85,82,132,87,83,72,99,68,51,89,85,145,145,145,145,144,147,158,155,151,145,146,146,146,144,146,146,146,146,146,146,146,146,145,145,146,146,146,146,145,146,144,144,145,145,145,145,144,144,144,143,144,143,142,142,143,142,142,142,142,153,104,75,100,100,101,159,102,104,106,103,100,166,118,88,152,157,156,153,101,101,112,112,103,103,105,100,105,101,104,106,104,104,99,101,100,106,162,155,157,160,161,149,113,100,80,83,81,81,83,84,78,79,133,81,81,103,78,75,159,84,73,61,104,114,118,110,108,109,113,115,114,102,107,66,49,63,59,88,90,96,97,96,98,97,100,100,100,97,97,98
141,141,141,140,140,141,140,140,141,141,140,141,140,141,140,141,141,141,141,142,142,142,142,143,143,143,142,142,142,143,143,143,143,143,143,143,143,143,143,143,143,144,144,121,91,102,98,77,79,79,77,117,79,41,75,84,60,49,92,84,145,145,145,145,152,155,157,156,149,145,145,146,145,144,145,146,146,146,146,145,146,145,147,146,146,146,146,144,145,145,145,144,145,145,145,145,144,143,143,144,143,143,143,142,143,143,142,142,143,102,100,83,100,101,101,162,104,104,97,99,111,149,148,158,156,100,125,100,101,102,110,111,103,103,102,114,104,102,104,105,101,125,148,157,157,154,152,152,160,109,87,98,108,111,77,80,79,80,79,78,78,77,129,82,82,104,77,74,152,78,64,90,100,114,112,113,104,103,110,78,59,63,74,98,96,97,94,94,94,98,95,93,100,99,101,101,100,99,97,98
140,140,141,141,140,141,141,140,140,140,140,140,141,140,140,141,141,141,141,142,141,141,142,142,142,142,142,142,142,142,142,142,142,142,142,142,142,142,142,143,143,143,144,91,96,101,101,75,83,77,83,112,76,51,72,79,55,53,95,87,65,144,146,153,154,154,156,153,144,144,144,147,146,145,146,145,145,146,146,146,145,153,152,148,151,149,145,145,144,145,144,144,144,145,145,144,144,145,144,143,144,143,142,143,142,143,142,144,144,104,103,86,103,103,103,161,103,157,145,152,149,147,102,89,101,104,138,98,99,100,109,112,104,104,102,112,101,97,162,102,159,152,154,153,153,132,103,105,103,103,106,98,107,110,74,80,80,79,79,67,77,78,125,81,78,106,74,73,120,78,112,87,94,103,108,73,72,63,89,99,98,64,96,96,95,96,100,94,97,100,100,94,98,98,101,102,99,97,97,98
139,140,140,140,140,139,141,140,140,140,140,140,140,140,140,140,140,141,140,141,141,141,141,141,141,141,142,141,142,142,141,141,141,141,142,142,141,142,142,142,142,143,143,99,89,104,104,67,88,75,80,108,76,58,63,115,56,50,94,86,69,146,153,156,154,153,154,153,146,143,145,146,145,147,147,147,145,145,145,149,152,156,154,152,153,150,146,145,146,144,144,145,144,145,144,143,143,143,143,143,144,143,142,142,143,143,144,146,145,105,102,88,105,105,94,103,150,159,150,150,108,116,111,101,101,102,130,98,102,100,109,111,104,103,100,154,130,161,158,152,153,149,96,159,96,102,96,102,100,100,103,98,106,110,74,81,80,81,80,75,83,77,116,86,76,96,103,114,64,104,149,79,72,71,94,93,94,97,98,98,97,74,97,98,96,97,101,95,99,100,99,95,98,99,100,101,99,97,96,97
139,139,139,139,139,139,139,140,139,139,139,140,139,140,140,140,139,140,140,140,140,140,141,141,141,141,141,140,141,141,141,141,141,140,140,141,141,141,141,141,142,142,142,89,89,101,98,63,91,69,84,109,81,45,66,125,54,56,92,86,74,149,155,158,156,154,153,153,149,147,149,148,147,149,150,150,147,150,147,154,156,156,156,154,155,153,153,150,148,146,147,145,145,144,144,143,143,142,144,143,145,144,143,143,145,146,145,146,145,105,103,82,112,150,147,140,159,119,81,104,104,124,111,102,100,102,128,97,101,99,108,105,157,96,161,160,158,158,161,109,91,106,100,103,97,99,96,99,99,100,104,98,106,110,75,81,76,82,84,74,71,129,115,102,160,148,160,159,90,154,130,45,97,94,92,92,93,99,102,101,97,81,98,97,96,96,103,94,97,99,98,95,102,98,98,100,97,97,96,96
139,138,139,139,139,139,139,139,139,139,139,139,140,139,139,139,139,139,139,140,140,140,140,140,140,140,140,140,140,140,140,141,141,140,140,140,140,141,141,141,142,142,143,83,98,106,98,60,85,67,83,103,86,44,65,123,62,58,91,89,74,153,157,156,155,153,153,153,151,151,150,148,148,149,153,152,151,152,153,154,157,157,157,156,156,156,154,151,149,147,147,146,145,147,146,144,146,146,148,147,146,144,147,146,147,146,146,145,144,164,151,147,156,157,103,139,107,106,87,105,103,116,112,103,98,102,125,96,94,157,134,159,162,160,153,147,143,98,103,103,106,106,101,100,97,97,99,100,100,100,104,96,106,109,78,75,74,96,124,95,166,165,163,159,161,148,161,156,113,155,103,42,92,94,94,94,96,101,102,102,96,86,98,96,95,96,101,94,97,98,98,95,98,96,97,98,95,96,95,95
138,139,138,138,138,139,138,139,139,138,139,138,139,139,139,138,139,139,139,140,140,138,139,138,140,139,140,140,139,140,140,140,140,140,140,140,140,140,141,141,141,141,142,115,104,104,101,60,90,68,86,100,89,46,71,102,63,57,92,87,75,154,154,155,153,153,152,152,151,151,150,149,151,153,154,154,151,153,154,155,158,157,158,157,157,155,153,152,151,150,150,149,149,149,149,149,147,148,151,147,149,148,148,146,146,146,145,145,144,148,152,107,100,106,102,137,106,107,85,105,105,107,112,102,97,114,129,163,157,155,155,162,100,119,108,108,101,100,102,101,106,106,101,100,96,100,98,100,102,98,103,97,109,95,151,97,164,162,164,162,166,163,158,144,104,144,100,102,94,114,83,43,89,96,97,97,94,100,101,100,98,95,96,96,95,95,99,93,96,98,95,95,94,95,95,98,95,95,92,93
137,138,138,138,137,138,138,138,138,138,138,139,138,138,138,138,138,139,139,138,139,139,138,139,139,138,139,138,138,139,139,139,139,140,140,139,140,140,140,140,141,141,141,115,113,104,106,66,92,64,78,94,92,44,74,92,60,62,92,88,78,154,153,152,152,152,153,152,154,157,151,152,156,155,152,152,153,153,154,156,158,158,158,158,156,154,153,152,151,150,150,150,150,151,151,150,149,149,150,147,148,147,147,146,144,143,143,142,143,96,105,90,106,105,101,139,107,107,83,106,105,105,94,110,161,162,148,156,148,101,88,97,103,106,106,104,100,100,104,101,107,107,100,104,96,103,96,103,104,92,125,116,168,166,167,162,165,160,161,116,103,96,129,106,106,148,102,100,93,156,67,47,82,95,95,93,94,99,101,101,100,97,95,95,95,96,99,94,96,97,95,92,89,91,96,96,93,95,95,96
137,137,138,137,137,136,137,137,137,137,137,137,138,137,138,137,138,138,138,138,138,138,138,138,138,138,138,138,139,139,139,139,139,140,139,140,140,140,140,140,141,141,141,118,114,101,111,65,101,72,78,85,89,69,74,83,62,66,93,89,82,153,152,152,152,152,155,156,155,153,152,149,155,153,152,155,153,153,154,156,158,159,159,156,155,153,152,151,151,150,150,151,151,152,151,150,149,149,147,147,147,147,146,147,145,145,145,141,140,106,105,89,105,108,103,140,106,105,86,142,100,155,155,153,155,152,104,71,76,76,99,100,102,103,109,104,99,98,103,103,109,109,102,105,97,91,99,111,166,166,164,154,163,160,160,120,101,92,107,103,105,107,117,105,108,147,104,100,100,157,67,46,77,93,94,94,93,97,100,100,98,99,97,95,96,96,97,92,94,95,93,91,71,93,93,92,53,55,63,64
138,137,138,138,136,136,137,136,138,137,137,136,137,137,137,137,137,137,137,137,137,136,138,137,138,138,138,138,138,138,139,138,139,140,140,140,139,140,140,140,140,140,141,59,125,101,119,72,108,69,82,80,84,79,43,90,60,77,93,89,85,151,151,151,152,152,159,158,155,155,154,153,152,152,156,156,152,151,155,156,156,157,157,156,154,152,151,151,151,150,149,151,151,152,152,150,149,148,147,147,147,146,143,145,145,145,144,143,142,105,104,94,105,107,103,133,110,97,153,156,157,146,98,120,75,102,88,74,76,76,101,98,102,104,107,102,99,101,102,102,107,98,162,102,155,163,157,157,164,159,160,99,154,100,78,77,74,104,105,105,104,106,124,104,106,143,103,101,100,95,77,42,71,94,93,93,94,98,99,98,98,99,96,95,93,95,95,92,92,95,65,56,55,61,62,54,55,72,115,115
137,136,136,137,137,137,137,137,136,137,137,136,137,136,137,137,138,137,138,138,138,138,137,138,137,136,138,138,138,138,137,139,138,139,140,140,140,140,139,140,140,140,140,59,127,100,123,65,108,65,85,76,80,78,37,117,54,75,92,90,88,151,152,151,151,154,156,157,156,156,155,156,154,157,159,153,149,150,155,155,157,156,156,155,153,152,151,150,149,150,150,152,145,143,147,151,148,146,146,146,146,141,143,144,144,143,143,144,143,106,104,87,98,138,143,150,158,157,149,106,94,110,79,81,78,104,80,74,77,76,100,98,102,103,107,101,102,93,120,94,164,164,161,157,156,159,149,90,101,94,108,96,104,101,73,71,71,103,105,103,101,103,140,102,104,139,100,101,90,90,88,44,60,93,93,93,92,97,98,98,97,97,95,94,94,51,60,79,110,63,59,47,111,116,116,112,115,110,116,117
136,136,137,136,136,136,137,136,136,136,136,136,136,136,136,137,137,137,137,137,137,137,137,137,137,137,137,137,137,137,137,138,138,138,139,138,139,139,139,139,139,140,140,76,125,98,127,59,110,64,87,75,83,71,43,119,55,88,95,91,90,151,151,152,151,152,154,155,154,156,156,160,156,155,154,152,150,147,148,156,156,156,155,154,153,152,151,150,150,151,150,146,144,143,146,150,149,146,143,142,142,142,145,147,145,145,144,143,143,98,143,161,156,161,150,143,153,102,74,82,104,114,78,80,81,106,75,76,79,78,102,98,105,99,100,104,129,163,163,163,163,166,159,96,170,99,104,106,105,104,107,93,100,98,71,65,70,102,104,101,100,104,123,101,103,140,97,96,143,77,95,44,60,92,92,91,90,96,99,93,58,58,64,61,60,58,89,117,117,119,121,116,105,114,110,108,112,108,111,115
136,137,136,136,135,137,136,136,136,136,135,135,136,136,136,136,136,136,136,136,136,136,137,138,137,137,137,136,137,137,138,138,138,138,138,139,139,139,139,138,139,139,139,70,125,98,130,56,113,55,93,67,81,70,43,122,50,90,90,90,100,150,151,151,151,150,156,156,158,156,155,157,156,156,154,151,150,148,147,151,151,152,153,150,153,151,150,150,150,149,143,143,142,143,147,149,143,142,141,141,142,146,144,144,145,144,144,143,142,152,149,151,98,97,84,129,105,99,80,79,103,106,77,78,81,106,75,76,79,76,90,120,126,167,163,163,165,162,163,106,119,100,103,104,98,105,103,105,103,103,106,93,96,95,68,68,75,104,103,100,106,106,115,103,102,138,95,92,136,82,99,44,55,93,71,112,123,65,64,57,53,120,118,117,120,118,117,117,117,115,117,114,108,112,110,110,104,117,96,57
136,135,135,135,136,135,135,135,135,134,135,135,136,136,135,135,136,136,135,136,137,137,136,136,138,137,128,136,139,138,137,137,137,138,138,138,138,138,138,138,139,139,138,82,126,97,134,58,122,57,128,68,87,49,117,100,49,88,92,92,106,149,152,152,151,150,154,158,158,156,155,155,155,154,152,151,149,147,147,147,147,147,152,151,151,150,150,150,150,146,142,142,143,144,148,146,141,141,142,141,144,146,144,143,143,143,142,142,141,140,76,99,108,101,77,130,105,99,69,78,103,104,78,79,80,102,92,116,113,168,159,167,164,164,163,101,105,101,102,102,101,102,112,102,98,105,104,104,103,101,103,88,93,94,68,79,84,105,106,100,102,101,106,101,143,87,160,162,113,93,112,45,69,65,58,90,120,116,113,115,117,113,119,114,118,119,114,114,115,111,106,112,75,53,60,47,66,63,45,67
135,135,135,135,133,135,135,134,134,135,134,135,134,135,135,136,136,135,135,136,135,135,136,135,128,125,122,127,130,125,126,126,129,128,128,128,124,128,138,138,138,138,118,70,122,99,134,62,125,61,126,65,71,49,54,67,54,89,87,94,113,146,150,151,151,149,152,153,156,156,155,156,155,154,152,151,148,148,148,144,144,147,148,146,149,145,142,142,142,142,142,143,144,144,147,145,143,143,144,144,143,144,144,143,142,142,142,141,141,103,80,99,107,101,77,134,102,97,64,90,102,106,86,107,120,165,158,165,166,163,158,102,101,74,102,99,100,101,101,100,99,103,101,102,97,103,102,103,99,100,101,95,104,101,71,80,76,96,93,110,105,163,155,158,163,163,162,160,158,95,147,64,99,110,114,115,114,116,110,114,116,113,113,111,111,118,85,52,49,56,60,60,27,68,68,66,64,63,65,64
134,134,135,135,135,134,134,133,134,134,134,134,135,134,135,135,134,135,134,135,135,134,136,134,127,126,131,128,116,119,131,134,132,131,130,131,110,121,137,137,138,138,120,70,116,100,134,59,124,69,131,65,82,51,66,71,59,92,84,97,67,142,145,151,151,151,153,153,153,153,154,157,155,151,150,142,141,141,141,142,147,147,146,147,142,141,142,141,141,141,142,141,142,144,144,145,145,145,145,146,144,144,143,142,142,141,141,141,140,104,80,97,107,101,77,134,98,95,80,137,102,161,160,169,166,164,113,121,91,98,99,98,73,72,101,99,99,100,101,100,100,104,99,101,95,103,106,105,105,101,102,90,94,157,99,97,162,150,158,162,161,165,158,162,160,153,104,109,103,66,115,69,100,111,116,115,114,115,105,120,72,52,39,82,75,71,59,66,67,67,66,65,23,65,65,61,62,62,63,62
134,134,134,134,133,133,134,133,134,133,133,133,133,134,134,134,135,134,134,134,135,134,135,134,129,128,131,131,131,132,130,131,130,131,131,132,109,119,137,136,137,137,118,64,115,98,132,64,129,62,129,73,86,53,57,71,69,91,85,97,58,141,141,151,151,153,152,153,153,153,155,157,144,141,140,140,140,140,141,143,146,146,144,141,140,141,144,144,141,144,144,145,142,145,144,145,144,143,144,144,144,144,143,142,141,141,140,140,140,110,82,97,107,106,79,116,102,165,159,163,165,158,94,113,95,97,74,97,98,96,98,97,67,70,99,96,98,97,98,98,99,101,97,99,93,101,102,94,149,155,101,160,160,165,167,164,164,152,163,160,159,111,101,95,93,97,93,92,82,87,159,70,91,113,66,72,28,59,60,56,71,69,70,69,69,71,71,66,66,67,65,66,33,66,64,63,62,62,63,60
134,133,134,133,133,133,134,134,134,134,133,134,134,134,134,133,134,133,134,134,134,134,135,134,128,129,129,111,69,67,69,72,72,56,53,83,112,122,136,136,137,136,117,61,109,100,125,58,130,66,130,77,98,45,102,66,70,93,74,96,60,140,140,140,143,143,151,142,143,140,143,142,139,139,139,140,139,139,142,143,144,145,142,140,141,144,146,146,147,145,146,146,145,146,144,144,144,143,143,142,143,142,141,140,141,141,140,139,139,109,75,107,102,162,162,156,162,160,96,107,68,102,95,97,98,96,73,97,96,95,96,97,69,69,98,98,101,104,105,100,98,98,85,167,146,104,164,161,160,165,162,161,164,159,155,119,102,103,93,93,94,91,94,93,93,95,93,94,79,84,144,49,57,65,92,93,94,69,68,66,66,67,68,68,70,68,69,65,65,66,62,62,35,65,64,63,62,62,63,60
133,133,133,133,132,132,132,133,133,133,133,132,132,134,134,134,134,134,134,134,134,134,134,133,131,132,132,124,98,65,70,71,73,73,53,54,111,120,136,136,136,136,116,57,104,99,119,54,126,61,127,79,102,43,99,64,76,93,70,97,58,140,144,146,148,140,141,143,140,140,139,139,139,139,139,143,141,141,148,144,144,144,143,142,144,145,146,146,146,146,145,145,145,144,144,144,144,143,143,142,142,141,141,141,140,140,139,139,138,152,155,158,164,161,113,117,98,99,67,73,72,103,93,96,96,96,73,96,94,96,96,97,85,83,99,98,98,109,100,102,98,166,167,163,160,162,164,159,157,160,110,98,104,106,94,93,93,94,92,94,92,92,96,96,93,95,92,94,81,108,122,52,60,93,94,94,93,68,68,68,66,65,69,70,70,69,70,64,63,61,62,61,48,64,61,60,62,61,64,61
132,132,132,131,132,132,131,133,132,132,132,132,132,132,132,132,133,134,134,133,133,133,134,133,133,133,133,130,123,95,69,66,70,73,67,59,111,122,136,136,136,136,115,60,88,103,108,53,121,63,130,83,107,43,97,66,81,96,65,94,65,144,147,149,148,148,139,140,139,140,139,140,141,146,149,152,157,154,151,147,145,143,144,144,145,145,144,145,144,144,143,144,143,144,143,144,143,143,143,142,141,141,140,140,140,139,139,138,139,152,104,90,102,102,100,104,98,97,65,72,73,106,94,97,95,95,72,96,96,96,99,98,86,102,119,95,168,165,163,165,165,163,164,162,110,102,159,94,102,100,98,93,100,99,93,94,95,92,95,92,91,95,93,96,95,95,90,93,76,163,103,50,59,94,94,92,92,67,67,66,65,64,65,64,62,61,63,61,63,63,63,61,45,62,60,62,60,61,64,62
131,132,131,132,132,130,131,132,132,132,132,132,132,132,133,132,132,132,133,133,133,134,133,133,136,133,133,130,128,117,84,71,67,72,76,54,111,126,136,136,136,136,117,68,88,102,98,62,114,68,128,83,117,42,86,71,84,96,48,98,81,140,139,139,139,140,140,139,139,138,139,139,139,141,150,152,152,150,150,151,146,144,144,143,144,143,144,143,144,143,143,143,143,143,142,143,143,143,141,142,142,140,139,139,139,139,138,138,138,98,103,84,100,102,101,101,98,98,66,72,72,109,95,97,96,96,75,89,158,124,110,167,164,165,160,164,165,163,163,96,120,97,98,94,77,96,98,106,103,101,101,94,101,104,99,95,92,96,90,93,91,95,93,94,93,93,91,91,75,151,96,47,58,92,94,93,92,69,66,65,64,65,63,62,62,63,63,61,61,62,61,61,46,61,61,60,61,62,56,60
131,131,132,131,131,132,131,132,132,132,132,132,132,132,132,133,133,133,133,133,133,133,134,133,136,138,134,132,132,129,113,89,69,70,68,53,110,129,136,136,136,136,118,66,80,105,90,76,109,74,128,87,121,36,43,72,89,101,43,96,75,139,138,137,138,138,139,139,141,138,138,139,140,141,150,153,150,151,151,149,145,143,143,144,144,143,143,143,142,142,142,142,142,142,142,142,142,142,141,141,140,140,140,140,139,138,138,138,138,97,99,83,98,102,100,99,96,96,65,71,71,110,89,165,92,150,164,166,160,162,158,163,165,143,120,104,91,95,101,103,103,100,102,100,73,101,100,106,106,103,105,97,107,109,100,96,94,97,95,91,93,92,93,91,92,93,90,90,90,89,97,47,62,93,93,92,92,68,71,71,71,63,62,60,62,62,63,61,62,62,62,61,49,65,64,63,64,63,36,61
132,131,131,131,132,132,131,132,131,133,132,132,132,133,132,133,133,133,133,133,133,133,133,134,135,137,136,135,131,132,127,120,86,70,67,50,112,129,136,136,136,136,118,74,72,110,84,75,104,69,123,89,127,42,46,77,90,97,44,98,77,138,137,138,139,139,139,139,140,140,140,144,146,149,153,152,154,151,148,146,143,142,142,142,142,143,143,142,142,142,142,142,141,141,141,141,141,141,140,140,140,139,139,138,139,138,138,138,138,96,99,76,96,100,94,99,93,93,94,151,157,166,167,169,166,166,162,164,93,105,95,95,98,96,95,95,93,97,102,102,100,107,101,111,75,105,100,108,106,104,106,100,108,105,103,95,93,94,97,96,95,90,91,90,88,90,89,91,158,93,86,43,64,92,92,92,92,66,72,71,68,63,64,60,61,65,64,64,65,65,65,62,52,63,65,64,63,64,29,62
131,131,132,131,131,132,132,131,132,131,132,132,133,132,132,133,133,133,133,133,133,134,135,135,134,137,135,137,133,130,129,128,119,96,70,50,112,132,136,135,135,134,112,65,69,110,77,74,91,75,116,98,127,43,60,78,90,93,56,95,68,147,140,145,147,148,145,145,151,152,150,148,148,149,151,151,155,149,146,146,142,141,142,142,142,141,142,142,142,142,141,141,142,141,141,141,141,140,140,140,140,139,139,138,138,138,137,137,137,97,99,82,98,108,95,166,167,164,160,166,164,162,112,114,105,97,106,96,97,95,94,93,97,95,93,95,93,97,101,102,98,104,97,105,72,104,99,108,106,104,108,101,106,104,97,91,93,91,91,89,162,137,104,93,108,169,165,166,139,153,158,50,55,90,92,91,90,68,69,69,71,62,69,64,65,64,67,64,65,64,65,64,65,64,64,62,61,60,25,62
131,132,131,131,131,132,130,131,132,131,131,131,131,132,132,131,133,133,134,134,135,135,134,141,136,138,136,137,134,133,134,132,131,124,91,70,112,133,137,135,136,137,115,60,62,109,63,68,83,64,114,104,128,35,102,62,95,88,54,95,67,148,147,147,146,145,145,149,152,149,149,149,149,149,148,151,151,153,141,143,141,142,141,141,141,141,142,141,141,141,141,141,141,140,141,140,139,139,140,139,139,139,139,138,137,137,137,137,137,97,163,162,162,161,155,160,165,107,108,96,96,107,96,109,94,96,112,94,95,97,94,92,96,95,91,94,93,96,99,99,97,98,94,102,66,100,97,103,105,103,107,88,100,102,132,104,97,165,168,166,164,166,166,166,165,161,157,157,74,157,150,54,54,91,92,90,90,66,71,70,69,64,68,71,63,68,65,63,65,66,66,64,97,61,48,52,52,55,54,52
132,131,132,132,131,132,132,133,134,133,134,133,132,133,133,133,132,133,134,135,136,138,136,147,137,140,132,138,137,137,134,134,132,134,127,112,113,139,141,142,142,142,115,58,59,116,56,74,78,62,102,107,128,40,105,63,93,90,55,93,54,144,146,148,148,144,146,151,150,148,148,147,146,147,148,148,140,139,139,139,141,141,141,141,141,141,141,140,141,141,141,142,140,141,139,140,140,139,140,139,139,138,138,138,137,137,137,136,137,156,162,113,118,92,95,103,96,103,93,96,93,107,96,123,111,97,119,94,95,98,94,92,97,95,93,93,94,92,98,98,96,97,98,103,82,121,158,128,141,119,165,166,164,161,156,159,163,165,165,165,162,157,162,157,98,91,94,98,83,103,79,42,58,90,92,92,92,66,70,74,71,65,65,64,53,57,61,59,53,55,60,58,45,55,51,61,89,120,114,114
130,131,135,134,133,134,133,132,133,133,133,134,133,133,135,136,135,136,134,134,135,137,137,147,137,143,117,134,136,138,138,138,137,135,134,132,114,138,138,140,141,141,111,63,66,117,59,88,65,62,92,107,119,30,101,60,95,77,50,92,56,145,145,145,143,144,144,147,148,141,138,138,140,139,139,139,138,139,138,138,139,140,140,139,140,140,140,141,141,140,140,140,140,140,140,139,139,139,139,139,138,138,138,138,137,137,136,136,136,99,98,84,94,99,95,104,96,106,116,96,93,105,96,119,114,97,109,95,97,99,93,93,97,95,93,95,90,124,164,158,95,103,161,159,151,153,162,158,158,158,163,164,156,156,152,164,102,93,114,113,92,100,99,93,91,91,92,91,86,102,83,44,51,87,54,54,94,54,55,57,57,57,60,52,55,56,95,112,118,125,115,120,115,118,116,116,117,115,112,117
133,134,136,133,133,132,133,133,133,133,134,134,133,136,137,136,135,136,135,134,135,136,137,137,137,145,86,113,133,139,139,138,137,137,135,136,114,138,140,143,141,140,111,68,75,125,72,111,73,86,84,109,112,35,49,69,98,62,60,91,54,142,142,142,143,144,143,144,138,137,138,137,137,137,138,136,137,138,138,138,139,138,139,140,140,140,140,140,140,140,140,140,140,139,140,139,139,139,139,139,138,138,137,137,136,136,137,136,136,100,99,82,96,102,100,108,102,103,103,97,93,105,96,108,111,95,110,93,95,94,94,157,95,103,133,165,164,166,157,159,155,155,153,162,153,149,149,158,93,108,162,159,93,99,94,96,94,93,93,91,106,93,96,93,93,93,93,92,93,99,78,42,57,111,63,64,89,119,113,121,121,119,120,116,117,115,112,114,116,117,114,113,107,116,117,117,118,113,103,108
131,130,132,131,132,132,133,131,133,134,134,134,136,138,136,136,136,136,133,133,133,133,133,129,139,146,64,84,116,133,137,137,139,137,136,135,113,139,147,145,145,141,106,73,77,128,83,114,72,92,76,111,111,41,55,70,96,59,68,97,61,143,144,143,147,145,146,139,138,138,137,138,137,137,138,137,138,138,140,139,139,139,139,140,140,138,139,139,139,139,140,140,139,139,140,139,139,139,138,137,137,137,136,136,136,136,136,135,135,98,98,80,96,101,96,108,99,99,94,96,92,111,91,107,152,111,91,167,164,167,163,166,167,165,163,163,167,163,160,123,96,113,109,96,58,64,68,102,104,108,107,106,100,97,94,94,93,94,92,91,108,95,99,94,95,93,94,97,95,99,96,88,111,109,113,120,116,121,116,121,119,118,121,110,115,115,112,108,116,114,112,109,97,110,102,118,105,100,75,47
131,132,133,132,131,130,132,132,132,131,130,132,134,135,134,136,135,135,133,134,133,133,135,130,138,148,63,64,80,112,131,135,137,140,138,137,115,140,143,143,139,140,115,64,80,126,76,117,74,101,68,112,108,42,59,66,95,55,77,96,69,146,150,147,146,146,147,147,145,143,141,137,141,141,140,141,140,138,139,138,139,139,139,139,138,139,138,138,138,138,139,138,138,139,138,138,138,138,138,137,137,136,136,136,135,135,135,134,135,103,96,80,96,100,94,102,97,111,91,164,160,163,164,168,166,160,157,161,164,165,164,100,94,109,104,97,101,104,101,105,99,99,104,105,55,74,67,104,104,106,106,103,102,101,97,103,99,99,101,98,113,103,104,103,103,98,98,98,92,92,135,87,112,107,109,118,118,123,119,119,115,113,107,119,116,112,98,49,63,59,52,39,53,110,101,115,107,96,63,84
130,131,130,130,129,130,130,131,131,132,132,130,132,133,133,133,132,133,133,134,136,133,135,135,139,147,67,84,59,93,96,122,132,138,138,138,115,142,141,139,138,139,112,57,70,120,75,121,70,109,72,111,102,41,104,60,95,45,87,96,66,148,147,146,148,147,149,145,146,143,141,141,140,141,141,140,139,139,139,139,139,139,138,138,139,138,138,138,138,138,138,138,138,138,137,137,137,138,137,137,136,136,136,136,135,134,135,134,134,168,103,126,158,155,152,148,160,159,149,157,162,161,89,107,104,162,98,98,97,97,100,104,95,98,102,101,103,104,103,106,99,101,104,109,84,74,75,104,104,104,103,103,105,100,94,102,99,100,99,96,103,101,107,100,100,101,97,98,94,107,119,73,115,116,75,55,58,44,44,89,121,117,121,83,82,75,81,83,89,93,94,95,82,91,93,93,92,93,61,93
127,129,129,129,130,131,130,131,131,131,131,131,132,132,132,132,133,133,133,134,134,134,134,145,140,147,70,102,54,95,63,109,118,134,136,138,116,142,139,137,137,138,114,54,72,117,67,127,65,113,64,111,98,34,106,58,93,44,94,98,64,147,145,145,147,150,144,146,144,143,141,141,140,140,141,139,138,139,139,139,138,139,139,138,138,138,138,139,138,138,137,137,137,137,137,137,136,137,136,136,136,135,135,135,134,134,133,134,134,157,155,148,157,153,61,54,56,56,62,54,89,146,145,91,93,98,133,97,96,98,100,104,93,96,100,100,102,101,102,102,100,98,100,106,71,73,74,105,105,104,104,99,104,103,91,104,99,98,98,96,115,97,104,98,102,103,98,97,123,156,117,44,112,89,90,91,89,95,90,91,90,91,89,89,89,89,89,83,91,90,91,90,94,93,92,92,91,94,58,96
126,129,124,107,130,130,130,130,130,131,131,131,130,131,131,132,132,132,132,132,132,133,134,152,138,144,64,117,54,111,50,119,66,131,113,136,115,138,136,137,137,137,87,54,72,101,68,130,66,114,66,109,97,37,104,58,91,46,96,95,67,146,147,144,144,144,143,141,142,140,140,140,139,140,140,139,139,138,139,138,138,138,139,138,138,138,138,138,138,138,137,137,137,136,136,136,136,136,136,136,135,135,135,134,134,134,134,134,133,157,79,115,150,104,11,15,28,6,5,6,6,4,12,91,102,99,133,99,97,99,102,102,94,95,99,99,101,100,101,101,99,98,97,104,79,71,71,102,101,101,103,99,101,101,86,101,101,100,98,98,113,98,86,114,142,136,122,99,164,155,113,27,120,94,92,91,95,101,92,89,90,91,90,90,89,90,89,70,91,90,91,93,99,89,92,94,94,95,61,99
129,125,124,117,109,130,131,131,130,131,131,131,130,131,131,131,133,131,132,133,132,132,133,149,139,142,67,126,61,123,58,125,49,135,64,135,117,135,134,135,135,136,78,61,84,95,76,126,73,119,69,107,88,50,82,69,93,59,94,97,59,143,142,142,141,141,140,140,140,141,141,140,139,139,138,138,139,138,138,138,138,138,138,138,137,138,137,137,138,137,136,137,136,136,135,136,136,135,134,135,135,134,134,134,134,134,133,133,132,159,157,33,138,132,133,131,132,131,131,131,131,130,130,93,103,97,147,100,99,100,102,103,97,97,99,98,100,99,100,101,98,97,96,104,87,73,71,102,99,93,145,152,83,85,101,140,129,119,97,154,167,164,164,160,163,163,164,163,151,81,91,37,122,96,93,93,93,99,95,92,91,92,91,92,93,91,91,58,93,92,96,96,102,94,96,97,95,98,66,100
132,133,136,123,116,130,130,130,130,130,131,132,131,130,131,131,132,131,132,132,132,133,132,135,137,135,65,131,65,130,60,134,52,137,42,137,116,137,135,136,135,134,81,62,85,84,78,113,77,120,75,105,91,50,59,61,93,76,93,94,55,140,138,139,139,139,138,138,138,138,139,138,138,138,139,139,138,138,138,138,138,138,138,137,137,137,138,138,137,137,136,135,135,136,136,136,136,135,135,134,134,134,134,133,133,132,133,131,132,160,126,132,131,132,131,132,131,131,130,130,132,130,130,91,101,99,130,99,97,99,102,102,94,91,101,92,94,96,158,157,140,103,86,92,89,156,164,157,160,163,167,161,160,165,152,158,164,162,163,163,165,166,165,161,156,149,156,154,129,98,102,33,120,95,96,92,92,95,95,90,90,98,95,94,97,93,93,42,96,94,98,96,103,97,97,98,96,100,69,101
135,134,131,130,123,121,129,129,130,130,130,130,130,130,130,131,132,131,131,132,132,132,132,127,137,132,61,136,62,134,58,135,57,139,58,138,116,137,136,135,137,136,92,64,85,71,77,90,79,120,85,101,89,57,72,71,90,88,90,93,54,139,137,138,138,139,138,137,138,139,140,141,140,139,139,138,138,138,138,138,138,137,138,138,137,137,136,137,137,136,136,135,135,135,136,135,135,134,135,134,134,134,133,133,133,132,132,131,132,156,125,132,131,131,130,130,130,130,129,129,129,129,129,90,97,158,114,159,101,101,97,148,164,163,159,160,153,154,162,157,150,152,161,153,151,157,161,156,160,161,163,162,159,160,139,159,161,130,119,127,95,91,91,101,97,96,103,94,82,95,93,30,117,95,92,92,90,82,92,90,88,92,91,91,96,95,92,11,93,99,99,98,101,98,98,97,97,99,64,100
53,125,120,109,123,127,130,130,129,130,130,131,130,131,130,131,131,132,131,132,133,129,133,127,135,132,62,137,60,137,55,136,56,138,51,138,116,136,135,136,136,136,116,63,89,68,79,75,79,122,74,99,88,61,92,61,92,89,85,95,54,138,137,138,138,138,138,168,124,102,105,106,105,106,105,107,107,107,106,106,106,108,107,81,112,94,85,169,86,148,106,104,135,135,134,134,134,134,134,133,133,133,132,133,131,132,131,132,131,153,123,131,131,130,130,130,129,129,129,128,130,129,128,157,155,158,149,165,164,165,164,154,161,161,159,162,156,156,159,162,157,100,95,92,86,96,95,98,99,100,101,100,99,100,86,102,101,102,102,102,101,101,94,97,100,97,92,96,82,98,96,27,116,97,92,92,93,65,92,89,91,95,93,91,90,91,91,25,95,98,97,99,102,97,97,99,99,98,57,102
48,107,130,91,118,118,129,129,129,130,130,130,130,130,130,131,131,131,131,132,99,104,108,133,137,130,61,138,54,135,55,138,54,141,54,138,117,135,134,134,134,134,119,60,91,61,82,64,71,122,67,87,86,67,105,55,91,89,74,94,55,137,138,137,137,136,136,139,141,107,108,108,109,108,109,109,109,110,106,110,110,110,111,159,81,148,97,167,98,102,110,109,135,134,134,134,134,134,133,132,132,132,132,131,131,131,131,131,130,155,127,131,129,129,129,129,129,128,128,128,128,128,127,152,104,95,92,92,102,112,100,94,92,97,99,101,99,100,98,99,97,99,95,101,122,100,99,101,100,99,98,99,98,99,86,99,99,101,103,102,98,99,96,100,100,98,94,95,85,97,99,45,117,94,94,93,95,46,94,93,93,94,97,94,94,96,97,61,98,97,96,99,103,98,99,100,70,69,64,70
142,141,145,142,116,123,129,129,129,130,130,130,131,131,130,130,130,131,131,133,101,111,89,134,136,132,58,137,49,137,46,135,55,137,53,137,115,135,134,135,134,135,120,56,102,60,92,60,74,119,64,65,88,77,105,59,90,92,57,93,66,137,137,135,134,135,134,143,146,107,100,102,109,112,111,111,111,110,109,112,113,115,115,115,116,114,115,115,116,111,112,110,134,134,134,133,133,133,132,133,133,131,131,132,131,131,130,130,130,155,130,129,128,129,129,127,128,128,128,128,127,127,128,94,94,96,153,97,92,92,92,91,97,95,97,97,97,96,98,99,95,95,95,101,120,99,98,99,100,96,99,100,100,100,90,100,98,103,104,102,101,100,97,100,100,97,96,94,84,96,97,58,117,94,94,95,96,31,93,95,95,97,96,94,94,93,96,85,99,99,98,73,71,68,68,70,69,67,73,66
57,81,143,128,102,124,129,128,129,129,129,130,130,130,131,130,131,130,130,133,110,116,91,135,135,136,74,136,57,135,51,137,49,137,49,135,116,134,134,134,135,135,116,67,109,68,100,68,81,120,75,59,90,88,104,57,93,98,49,97,63,136,134,172,173,163,158,158,156,133,159,119,103,128,118,142,136,139,146,145,144,141,135,129,126,119,112,101,109,112,128,129,145,153,152,153,132,132,132,132,131,131,131,130,130,130,131,130,129,155,132,130,128,127,128,127,127,127,127,127,127,127,128,92,94,96,155,97,91,93,92,91,97,96,97,98,97,98,100,100,97,96,94,101,114,99,98,99,98,98,99,99,98,98,97,99,98,103,103,102,100,101,97,99,100,96,96,93,86,91,95,76,113,93,94,92,96,26,95,93,94,97,89,95,93,95,95,99,99,99,96,65,61,66,55,60,53,67,59,72
17,64,140,124,100,103,129,129,129,129,129,129,129,130,130,131,131,131,132,111,112,109,90,136,135,134,114,137,90,135,78,135,61,135,48,134,116,135,134,125,134,134,114,63,118,77,115,74,95,121,81,61,89,91,85,62,91,98,46,98,63,99,114,125,117,164,124,157,156,99,141,125,98,144,58,150,97,77,70,104,99,100,81,61,79,54,67,149,80,135,97,98,112,97,143,95,132,132,132,132,132,131,131,130,130,129,129,129,128,154,131,129,127,127,127,127,127,128,127,127,126,127,127,91,95,96,155,98,92,92,92,91,97,94,97,97,98,97,99,100,98,95,93,99,115,99,96,98,98,96,98,98,97,99,105,99,98,103,103,101,99,101,97,99,99,97,96,94,89,92,92,89,113,85,70,61,59,33,115,119,88,113,81,116,118,119,122,95,115,99,98,103,82,118,117,116,117,113,104,117
17,63,135,113,95,100,130,128,128,128,129,129,129,129,129,129,129,129,130,124,111,111,89,133,135,136,124,136,114,135,98,134,81,136,73,133,117,139,98,159,94,89,114,56,118,84,125,73,103,119,84,63,86,85,82,57,92,90,51,96,64,100,89,172,168,165,142,155,154,108,140,102,84,115,96,145,116,121,127,139,141,149,152,152,153,155,154,157,155,154,155,154,155,155,134,141,131,131,131,131,131,130,130,129,129,128,129,128,128,155,124,128,127,126,126,126,125,126,77,54,46,96,111,89,95,94,151,98,92,91,92,90,98,96,98,98,96,96,99,98,100,98,92,97,107,99,96,97,97,91,98,98,98,97,114,99,98,97,101,100,99,99,96,97,97,94,92,91,88,116,118,80,106,58,56,54,52,50,53,56,56,59,57,69,82,96,103,103,115,122,118,118,115,113,117,117,114,113,106,116
117,126,128,131,96,97,94,128,127,128,127,128,128,128,129,129,129,129,129,130,117,109,92,133,136,135,131,137,126,136,125,136,121,136,119,131,116,69,157,97,112,117,105,54,117,79,125,81,105,120,84,65,88,84,79,56,92,77,53,95,59,106,97,134,100,165,147,154,156,107,120,73,79,115,69,151,75,58,99,119,97,96,98,112,103,63,73,151,88,124,82,87,136,104,140,96,130,131,130,129,130,130,130,128,128,128,128,128,128,150,148,138,128,125,125,125,126,126,72,77,87,127,149,90,84,88,145,89,81,87,89,90,91,91,89,90,102,95,105,94,138,105,136,162,114,101,101,112,101,86,92,89,88,88,113,97,97,132,129,120,102,107,93,96,105,128,93,102,105,166,160,112,113,111,110,114,116,108,115,114,115,114,114,114,116,115,117,99,107,110,111,110,111,107,109,108,107,107,101,108
52,60,113,135,73,74,87,128,127,128,127,131,127,128,128,129,128,129,129,128,120,118,107,133,138,138,135,136,132,136,132,136,131,135,130,127,115,101,153,104,122,123,81,48,116,68,124,57,110,116,86,61,91,78,111,43,91,63,53,95,51,80,83,145,119,163,134,141,126,86,105,130,68,89,81,125,81,88,92,126,100,95,102,133,107,115,121,133,131,134,138,136,144,141,135,140,130,130,129,130,129,129,129,128,128,127,127,127,127,151,149,142,142,147,143,146,138,140,145,137,146,140,151,154,158,153,162,160,163,164,162,164,162,158,153,159,156,153,157,159,160,166,155,162,163,164,165,162,164,150,167,166,165,162,154,160,165,165,166,162,164,165,165,167,162,166,164,164,155,152,156,114,108,107,111,113,116,103,110,112,110,113,107,110,112,111,113,99,107,113,109,109,110,108,108,105,108,106,104,105
111,44,96,128,69,79,77,87,100,128,123,135,122,94,128,128,128,127,128,121,121,90,94,130,136,135,131,136,131,135,131,135,131,136,134,123,117,93,146,90,117,137,67,54,117,64,113,55,114,114,99,63,91,65,108,45,90,54,68,95,52,79,73,119,75,165,142,141,135,65,74,111,83,58,89,131,88,101,90,139,57,53,88,145,94,46,33,125,67,68,103,121,139,82,115,95,129,129,129,128,128,128,128,127,127,127,127,126,126,153,152,144,150,148,151,149,146,145,148,148,149,150,151,158,160,152,154,159,158,160,159,161,162,160,153,159,156,151,155,157,156,162,156,156,152,155,156,145,164,152,162,162,162,161,147,152,159,161,160,160,162,160,160,161,161,161,158,157,139,141,111,97,117,85,90,93,93,88,100,100,101,100,88,100,98,100,100,92,102,105,107,109,101,99,103,106,106,106,95,102
123,43,73,112,69,75,73,95,66,79,67,128,92,89,119,120,119,120,122,117,119,92,106,134,136,137,133,135,133,135,133,136,134,136,133,117,116,106,124,112,112,118,64,64,118,60,98,48,116,110,111,67,92,58,110,51,92,46,82,95,55,109,80,122,98,164,131,122,135,77,107,83,84,62,84,134,85,88,75,136,80,77,91,139,88,74,75,124,86,89,88,117,135,88,111,95,128,127,127,127,127,127,127,125,126,127,126,125,125,153,145,76,64,123,123,122,122,122,120,119,118,119,148,88,88,89,82,97,87,95,91,87,83,86,90,88,89,84,88,90,85,83,80,83,89,92,91,92,92,73,92,91,93,92,87,98,97,90,93,92,92,92,92,93,93,93,91,90,86,87,92,90,117,80,85,85,76,61,78,79,76,73,44,93,90,81,78,53,62,64,62,52,54,50,51,53,53,57,51,64
119,81,87,99,65,66,72,103,104,133,134,133,141,130,153,115,131,135,134,120,110,109,115,130,135,136,134,136,132,134,133,135,133,137,134,108,119,111,55,115,43,85,75,90,117,62,87,53,113,104,117,66,56,38,64,51,94,32,88,94,58,99,74,86,102,165,121,124,134,89,108,80,108,41,75,133,92,96,87,138,83,84,86,138,77,82,47,128,66,92,71,115,136,82,112,96,124,123,123,122,123,123,122,122,122,121,122,122,122,148,48,124,121,121,120,121,120,120,120,119,119,120,120,79,85,79,86,85,67,82,81,81,80,81,81,78,81,83,82,81,77,80,73,83,76,82,81,81,81,98,88,76,83,86,79,76,75,66,78,80,87,88,90,77,74,80,87,86,81,85,95,80,119,72,77,72,65,64,71,73,72,73,56,76,77,76,76,42,66,65,66,59,63,57,71,70,63,60,61,64
141,84,86,115,120,86,85,76,99,90,151,104,107,103,133,90,91,139,88,131,112,97,104,131,136,136,133,135,133,135,135,136,134,137,134,102,117,110,72,114,140,141,80,101,113,79,71,37,103,103,118,63,48,33,83,55,93,52,92,85,57,79,78,106,129,165,117,100,137,83,113,67,110,63,85,134,92,105,76,134,91,67,81,136,85,75,73,125,80,96,98,115,135,95,110,111,113,97,107,109,116,110,94,97,95,98,110,92,98,151,123,98,101,99,106,107,106,108,112,104,100,100,99,70,79,68,69,70,58,68,71,71,67,71,71,65,70,71,71,72,67,70,65,78,68,78,77,77,76,120,74,74,76,76,65,74,73,65,75,76,76,77,77,69,65,67,74,72,82,86,88,75,119,63,60,63,63,67,70,70,70,74,67,70,71,70,69,48,65,60,59,59,57,65,58,55,64,62,68,62
137,73,74,77,73,77,70,72,91,118,148,105,74,82,89,95,124,83,95,129,95,77,103,130,137,137,133,136,135,135,135,136,137,136,136,99,116,108,138,133,127,128,87,116,114,102,62,68,83,101,118,62,60,38,101,73,93,68,91,70,49,58,93,127,151,166,114,84,133,103,109,61,119,64,57,132,79,125,56,131,51,98,86,137,109,131,122,124,138,132,144,139,132,127,110,116,101,119,47,86,114,88,122,92,75,70,88,92,93,152,120,95,97,91,90,92,96,98,96,91,91,89,90,62,74,61,54,65,55,60,64,67,70,64,63,57,65,65,66,65,61,59,53,68,61,68,66,70,71,132,68,68,70,71,66,71,66,57,62,68,66,70,68,76,64,64,72,72,87,90,86,72,105,60,56,62,54,69,62,62,70,67,70,70,61,63,65,56,64,61,60,63,59,56,69,62,66,70,70,61
130,60,41,56,59,90,63,81,95,127,145,105,110,121,129,108,130,134,104,126,93,86,109,130,135,135,135,136,135,134,134,135,133,135,134,98,114,108,142,142,141,142,95,122,111,107,49,81,71,99,107,50,91,40,115,59,95,83,85,61,45,42,112,137,157,166,120,65,132,105,121,65,124,72,80,132,87,134,81,131,85,88,97,137,112,129,123,127,124,123,112,117,129,70,109,111,109,120,74,45,81,93,90,74,83,105,107,75,94,153,121,96,90,92,100,90,96,92,89,94,92,91,90,59,74,58,64,63,46,78,62,61,60,58,55,55,61,64,66,63,56,59,51,76,59,71,69,66,66,140,65,63,63,65,67,61,68,51,66,64,65,66,63,61,62,64,63,71,87,91,82,63,93,57,68,53,51,66,61,61,61,64,74,63,66,62,63,55,59,75,71,67,68,50,60,71,70,66,73,56
122,73,52,51,71,88,64,93,73,119,155,119,108,85,107,79,84,95,118,104,106,93,115,131,134,137,135,136,134,134,133,133,132,131,130,99,116,105,99,130,125,140,96,121,106,117,45,104,58,96,100,44,92,43,116,58,96,88,77,52,49,55,121,165,167,167,110,60,135,109,98,57,136,39,52,134,94,150,84,130,133,133,139,130,130,136,101,130,71,91,78,102,134,85,112,117,127,128,97,108,82,69,82,72,87,87,126,77,99,154,126,109,98,97,94,93,98,99,85,92,96,94,98,162,160,160,131,86,93,93,97,100,105,97,101,97,101,100,95,78,48,41,53,71,53,67,65,60,58,145,56,57,63,67,63,66,69,49,57,56,57,65,68,60,65,61,63,68,88,85,78,59,87,53,51,48,48,59,58,60,66,64,96,64,64,60,62,54,57,64,64,75,69,61,53,61,55,57,77,54
127,137,138,65,70,72,69,96,77,136,81,89,85,111,82,131,92,112,117,96,99,140,151,131,136,135,135,132,131,130,127,125,120,113,104,100,114,100,77,96,102,139,108,108,103,118,43,115,53,95,81,56,85,56,115,63,96,90,50,43,46,46,153,149,168,166,130,78,135,129,126,68,139,80,81,134,80,147,87,131,118,120,126,127,109,117,76,122,106,87,59,90,131,74,109,121,54,57,96,65,126,82,128,112,127,44,69,137,100,151,124,92,87,95,105,100,98,105,97,92,85,90,91,155,159,164,161,163,149,165,164,164,165,159,160,162,162,155,160,164,162,157,146,157,158,152,125,113,137,96,147,156,152,147,137,91,91,91,91,87,81,67,61,52,55,57,59,64,87,70,72,46,89,54,48,42,45,59,57,58,60,60,65,65,63,62,54,50,55,59,80,58,59,52,71,67,62,59,75,58
99,128,146,131,130,133,58,69,106,141,86,91,95,88,82,103,119,125,117,129,134,125,123,131,135,134,132,131,127,121,117,107,90,73,56,99,114,117,122,122,132,133,108,97,99,115,42,123,48,98,66,57,43,63,117,71,98,92,36,52,53,66,160,166,166,166,137,64,136,135,96,65,137,43,45,135,103,145,139,126,130,120,78,124,81,139,92,134,83,66,84,92,131,101,110,116,72,74,48,42,124,94,128,114,126,70,85,136,95,154,129,100,102,91,83,104,98,89,97,75,100,157,114,55,75,67,89,108,113,106,92,105,101,97,135,165,161,156,161,162,162,160,151,164,163,162,160,156,161,146,162,156,163,161,158,163,161,151,164,161,162,164,165,165,156,116,89,113,108,106,97,41,71,45,46,46,41,57,56,54,53,58,61,52,52,55,52,53,53,55,56,56,52,46,55,55,50,48,53,59
74,138,147,141,145,121,98,73,114,145,85,85,105,107,119,124,124,125,121,124,123,122,117,131,134,131,130,122,113,98,87,79,66,53,49,96,112,90,90,117,139,80,106,76,100,96,38,126,28,98,47,51,44,73,118,65,99,87,47,72,72,47,164,154,168,165,158,70,133,139,127,76,136,83,83,139,95,137,122,131,125,121,109,122,100,143,103,129,96,33,53,76,126,71,112,120,44,65,74,32,123,42,127,111,122,94,110,136,76,152,124,80,98,76,93,92,86,92,86,169,166,167,137,81,66,68,50,68,47,69,60,60,67,68,71,79,79,76,83,86,64,88,99,125,142,111,93,97,92,127,157,151,155,153,153,156,158,149,159,160,161,158,163,167,160,163,161,156,166,132,117,52,39,58,70,53,58,61,67,67,59,53,60,53,53,54,49,45,48,50,48,53,63,58,53,53,54,59,63,59
87,138,141,99,130,141,139,69,70,70,85,82,103,70,120,126,125,125,123,124,123,121,118,131,134,124,120,110,98,79,60,54,53,54,46,100,113,97,104,78,123,97,102,59,97,86,65,119,52,100,53,54,76,83,115,57,99,80,48,76,85,114,164,166,166,161,160,38,132,136,132,94,133,82,103,140,132,143,125,126,99,119,76,125,90,144,78,134,90,107,123,130,127,133,106,117,79,111,59,47,122,85,126,115,119,101,113,134,88,150,143,124,65,79,98,88,93,86,41,77,171,167,30,61,73,68,41,54,31,61,54,59,70,72,65,66,72,66,74,80,72,69,91,77,67,72,67,59,71,134,69,62,70,84,67,68,89,97,103,99,93,91,102,103,125,119,150,162,146,158,163,96,38,41,67,44,47,51,58,58,59,55,58,51,54,49,50,42,51,52,53,50,61,18,62,61,53,54,74,65
168,123,127,120,155,154,165,75,79,71,86,77,60,82,118,47,54,46,40,52,51,40,56,130,136,119,103,86,66,42,49,50,49,51,45,97,110,63,84,81,115,107,95,39,97,67,53,103,36,96,53,44,94,104,119,111,96,59,55,90,89,42,163,167,153,156,162,78,130,130,122,87,130,85,78,143,111,139,134,124,90,124,70,127,94,144,43,133,80,91,96,51,128,56,111,125,100,110,76,39,120,49,126,113,120,42,111,130,127,152,139,148,124,144,81,74,86,82,84,70,167,165,90,46,70,66,43,57,40,78,76,80,95,72,62,69,72,73,75,75,61,67,99,76,63,67,60,60,58,131,55,60,60,52,45,56,58,92,64,59,48,53,53,55,58,59,54,60,116,150,161,124,51,51,65,58,56,63,59,59,54,52,57,50,54,58,55,55,51,53,53,54,55,22,43,42,46,64,64,38
158,126,127,118,127,139,119,74,68,61,55,77,71,70,103,111,107,72,70,69,69,70,64,130,133,102,82,57,140,69,44,45,46,51,50,97,108,95,60,80,114,100,70,27,95,48,65,83,43,94,45,50,118,85,83,82,82,45,105,77,74,74,164,164,165,149,162,46,133,130,87,70,123,95,94,141,127,121,102,126,89,131,85,130,83,144,112,135,132,122,129,132,135,136,108,122,83,55,92,70,120,40,123,107,116,116,122,147,148,154,143,142,148,145,135,130,132,130,132,123,86,99,127,38,57,65,65,69,43,66,52,59,65,68,61,62,61,66,67,70,58,69,110,81,76,81,69,63,70,121,49,54,48,53,49,55,51,106,63,56,43,53,50,47,53,51,46,63,100,81,156,120,99,108,111,112,113,113,118,118,113,120,115,118,113,90,56,43,47,51,48,53,52,55,48,45,46,46,46,40
145,138,133,123,119,132,167,106,61,56,56,58,31,62,65,99,110,119,72,71,70,71,67,131,131,81,58,38,130,117,109,110,103,107,141,142,122,87,123,83,145,63,86,90,95,52,95,63,64,94,44,87,136,70,136,92,83,147,101,104,100,94,163,167,138,140,166,84,131,123,96,80,125,76,85,140,113,123,125,121,89,137,88,128,93,129,100,135,88,92,101,46,128,83,111,124,85,88,79,89,141,121,118,120,120,119,119,121,121,156,145,144,148,145,147,141,142,138,133,142,136,139,148,89,91,114,99,105,73,56,43,53,56,59,61,52,58,60,79,77,62,73,118,72,76,79,73,60,51,93,47,45,44,46,46,48,48,111,56,52,30,50,47,45,49,52,53,62,94,76,111,118,93,105,104,105,102,108,112,109,108,110,106,112,112,115,111,112,111,114,117,116,115,109,118,120,114,116,116,108
126,127,129,130,129,120,135,84,53,53,61,55,93,61,59,48,61,44,41,39,41,37,44,128,113,103,105,120,134,169,140,133,144,142,146,74,92,94,61,66,69,111,93,42,97,84,150,126,107,134,111,100,110,80,132,82,79,72,108,128,58,55,166,163,166,135,164,52,137,123,104,84,125,65,98,137,115,105,85,131,94,137,82,130,121,145,130,133,132,127,137,137,130,106,106,125,130,127,160,169,143,129,145,149,151,148,114,117,119,152,145,55,122,169,142,139,142,140,138,144,147,145,149,159,155,159,161,165,138,159,157,157,90,92,96,99,109,67,65,69,38,59,114,64,54,60,59,55,50,46,44,42,42,44,54,44,45,107,57,87,24,54,61,74,74,74,67,75,89,78,76,90,53,94,105,110,105,103,105,104,108,106,101,107,108,106,106,104,107,104,105,103,103,100,110,110,109,105,105,102
135,132,134,129,125,126,131,51,78,56,49,54,70,62,57,60,67,70,70,68,71,119,135,137,139,140,114,135,131,151,118,116,122,95,99,70,66,62,70,102,101,109,95,49,98,124,130,130,135,120,94,138,132,139,126,133,112,76,75,57,64,67,164,126,88,128,166,85,135,119,86,82,127,74,85,135,117,90,86,127,101,138,74,133,70,118,75,139,84,85,49,48,127,84,111,119,106,45,61,118,131,88,85,84,85,85,147,146,120,154,127,152,142,136,91,158,169,171,165,137,141,137,149,81,108,106,102,165,143,161,163,162,154,160,160,160,162,160,158,163,129,93,110,156,160,89,87,42,43,43,51,56,40,72,69,73,80,101,56,54,25,55,50,55,53,56,46,65,77,72,82,54,45,40,63,62,67,59,60,57,74,67,59,53,98,104,100,109,97,102,101,102,100,98,103,107,102,98,97,100
136,136,138,137,137,137,139,58,82,65,44,62,61,66,62,55,72,50,116,127,106,138,134,140,136,141,131,139,114,107,132,128,126,111,116,125,118,114,123,136,137,129,121,123,104,155,136,136,133,154,111,83,81,81,79,93,107,101,120,123,104,83,166,165,166,127,166,64,136,122,82,42,128,63,116,132,106,72,82,139,86,133,110,131,133,136,131,136,135,132,121,83,127,78,107,123,119,68,61,93,122,84,84,83,83,78,99,110,111,157,124,153,149,154,168,154,166,162,85,121,66,89,124,61,66,59,56,60,108,72,54,94,110,109,95,165,157,158,158,159,158,157,161,159,161,159,166,158,163,120,118,125,86,87,89,92,44,89,61,76,54,57,87,80,62,61,49,65,72,76,76,61,45,56,61,28,34,40,42,42,42,42,58,60,54,55,62,57,60,59,59,54,66,67,73,63,70,107,82,104
139,126,127,134,135,136,138,62,76,74,82,58,62,86,75,120,60,63,156,89,99,115,119,122,127,123,125,125,118,128,127,127,137,124,119,93,79,100,15,27,110,133,117,116,116,159,143,172,82,110,161,88,88,109,114,98,84,97,111,84,74,109,163,117,115,128,167,72,135,117,80,75,130,74,81,129,126,65,75,131,89,126,92,132,90,111,73,142,100,56,64,36,129,81,110,118,118,76,77,52,117,82,79,82,82,80,98,105,95,158,127,153,148,106,143,160,163,153,155,120,123,122,121,65,62,60,56,58,109,61,36,54,59,75,61,58,54,68,52,100,110,105,102,162,159,156,160,153,164,161,158,157,160,163,160,153,159,158,109,111,91,86,87,87,88,70,60,66,71,78,79,66,45,98,56,55,40,38,42,41,44,50,52,48,51,43,24,32,27,60,45,45,45,57,37,58,54,57,65,59
128,130,125,136,137,137,140,57,53,50,94,88,84,67,81,67,67,81,134,136,133,133,115,42,52,128,40,37,128,50,64,131,56,136,134,61,78,80,93,104,92,86,129,101,98,88,94,100,138,167,169,171,87,88,87,84,84,84,83,83,77,96,163,166,166,129,166,83,134,120,79,88,130,43,117,135,119,60,94,138,83,134,135,135,132,127,135,139,130,80,61,76,127,90,109,125,119,78,77,87,73,92,80,67,75,92,95,99,92,157,132,151,151,155,166,160,165,160,101,117,82,82,124,68,60,51,59,54,105,59,29,58,61,57,58,56,55,76,37,41,43,58,55,61,53,62,66,105,114,104,105,159,156,162,158,160,159,162,159,163,158,165,157,157,156,157,155,129,88,94,100,84,43,115,41,56,46,26,50,43,57,46,41,45,43,43,45,40,53,57,45,49,48,62,36,34,70,53,38,16
128,130,132,132,127,127,136,57,43,79,95,80,59,91,58,58,67,68,137,134,134,135,122,137,130,126,88,62,125,57,74,129,72,137,133,55,77,75,164,150,69,137,119,121,120,120,119,120,119,121,137,116,86,80,107,99,83,149,100,81,77,78,163,112,125,132,111,52,110,117,85,80,131,88,97,125,133,54,75,140,92,100,90,136,86,83,77,147,116,77,66,50,132,126,108,118,103,70,59,75,73,93,64,59,75,79,91,153,140,157,132,152,152,124,107,161,163,159,157,118,121,119,120,78,63,49,54,54,100,63,33,52,58,59,57,56,53,71,44,45,51,58,51,66,58,67,50,53,46,42,59,64,65,56,82,91,88,93,104,156,153,162,161,159,162,164,148,154,153,108,160,119,45,115,50,39,25,52,29,41,51,42,40,47,46,41,40,30,32,52,39,39,50,58,38,43,32,33,28,17
132,129,128,130,135,140,140,65,117,68,94,106,68,60,52,69,54,44,152,131,132,134,112,128,134,126,135,135,124,138,135,121,130,138,134,136,110,71,160,71,149,144,126,129,131,129,132,135,133,132,140,129,129,154,162,173,81,151,102,81,71,59,162,164,150,128,129,129,131,131,108,83,136,51,125,128,137,77,88,143,105,132,134,137,139,129,141,142,115,89,65,82,132,111,112,122,82,71,53,44,73,71,54,54,56,56,66,82,92,158,132,154,152,154,167,162,164,158,100,118,76,84,121,136,163,53,59,54,93,61,50,53,50,58,57,62,48,70,40,47,69,52,52,64,61,65,56,48,48,52,66,71,60,50,64,63,61,52,61,68,104,60,90,97,93,96,91,158,145,165,154,97,43,104,47,60,53,35,50,42,37,35,44,38,41,39,45,47,50,39,36,40,40,60,45,29,19,31,38,22
125,125,132,137,136,140,136,111,73,72,86,72,88,64,59,63,58,64,131,130,133,134,69,73,113,124,69,57,127,94,108,124,131,134,135,134,141,136,153,158,112,149,130,133,132,131,129,130,122,135,142,130,153,133,141,136,143,118,147,142,132,121,164,160,152,132,132,134,131,136,116,79,138,86,125,121,140,87,111,148,109,99,104,141,98,98,49,149,129,96,110,140,137,83,117,119,138,55,56,50,56,70,54,37,83,82,43,78,86,158,128,121,154,72,128,160,163,161,156,118,120,119,121,151,158,162,161,134,89,166,97,47,42,62,48,55,47,63,38,47,83,53,43,70,60,64,55,41,46,52,67,69,63,51,50,62,63,58,58,61,112,55,55,92,59,61,132,134,109,161,109,65,43,94,43,50,43,25,27,22,30,46,47,41,47,34,31,46,45,37,44,41,46,57,55,29,43,46,40,42
138,136,132,136,136,139,138,93,102,99,93,121,95,113,45,50,51,46,133,132,131,132,70,46,121,112,59,76,123,70,45,125,42,136,130,100,138,154,148,158,125,150,131,130,168,131,134,142,142,120,128,121,118,115,103,117,159,151,158,159,142,153,167,159,148,131,131,134,130,134,104,50,141,27,149,131,144,82,95,143,109,132,137,139,140,124,139,137,140,140,142,142,145,147,111,122,71,46,47,50,44,52,88,84,90,51,83,86,95,156,128,81,152,155,167,161,164,159,106,116,92,73,119,126,129,158,162,162,156,159,162,163,163,96,121,163,134,56,34,47,97,45,50,67,62,58,55,41,47,50,67,73,61,51,55,72,77,62,55,58,116,52,53,108,64,59,139,89,79,115,162,65,42,74,48,54,50,41,35,45,37,40,42,50,42,44,41,38,31,30,35,36,31,70,37,34,41,35,30,49
129,130,128,139,136,136,135,109,93,92,104,103,96,79,51,75,92,77,107,91,73,67,83,117,117,117,119,117,120,91,79,99,109,135,121,118,118,131,136,145,155,137,140,139,135,128,143,137,140,143,145,124,144,130,123,137,145,137,139,153,149,129,118,139,127,133,135,135,134,135,138,136,140,142,153,142,142,141,137,140,92,87,87,144,131,106,107,151,144,109,106,108,151,108,146,144,164,63,46,45,52,43,68,60,81,48,92,78,98,155,143,96,156,61,82,157,162,161,158,71,100,101,126,142,93,66,67,94,108,95,151,161,156,156,162,161,163,164,162,97,104,141,90,64,57,48,49,36,45,46,65,70,44,49,49,48,65,58,63,60,116,55,56,115,64,63,138,76,71,82,154,106,40,48,57,56,49,43,43,42,38,41,39,42,36,40,46,19,37,26,26,29,26,65,29,18,19,22,24,59
133,130,131,132,133,136,134,88,91,132,97,88,86,92,78,104,110,120,99,58,86,60,53,137,139,77,89,98,154,137,136,135,129,126,166,125,141,108,98,87,114,131,146,144,135,128,133,137,153,135,149,143,136,135,140,116,140,140,129,135,141,145,148,145,123,143,132,41,19,50,91,83,152,90,128,81,61,62,45,137,130,113,133,125,172,173,129,125,156,160,116,117,121,124,129,154,126,88,65,60,52,108,75,76,68,81,94,94,75,154,145,141,76,118,130,143,149,161,72,82,36,62,129,136,125,68,57,57,30,51,69,62,83,105,101,154,159,158,157,158,164,164,163,162,134,94,159,137,79,37,53,61,45,43,45,47,66,62,66,62,102,55,59,114,68,67,132,74,68,80,111,161,38,38,38,50,31,42,30,47,32,34,42,38,38,27,35,37,33,31,24,26,32,65,34,39,22,32,28,60
125,128,128,132,135,132,132,61,99,101,63,98,83,91,70,81,100,116,133,56,85,55,51,64,113,72,58,72,162,171,130,88,106,132,169,172,127,141,140,139,141,141,148,135,106,115,117,119,116,90,99,107,100,53,106,113,132,120,129,133,128,125,149,153,153,167,145,137,62,82,169,174,174,167,70,40,83,63,107,122,120,124,125,124,119,149,145,102,134,137,139,109,125,59,33,126,139,115,69,55,57,89,84,94,82,58,76,74,74,156,147,146,149,142,140,138,131,133,88,69,86,73,87,135,118,67,53,54,33,58,89,52,48,49,32,45,54,59,90,92,90,159,157,162,161,162,161,162,159,162,96,99,91,93,67,44,48,64,55,45,74,43,52,116,63,59,130,65,63,80,77,155,81,56,80,85,64,65,53,43,23,23,33,26,24,26,31,14,24,28,20,27,17,58,26,17,28,37,36,58
127,130,131,134,132,132,133,53,105,50,56,77,88,90,95,109,100,139,107,95,75,58,54,52,49,55,77,100,167,116,172,128,138,143,173,172,129,141,141,142,141,142,118,155,71,12,91,3,2,2,2,20,2,38,41,124,113,103,120,123,151,139,130,120,136,142,134,164,102,120,94,113,96,76,49,57,51,70,98,144,141,146,150,154,58,67,149,131,47,75,155,111,108,70,120,90,135,125,70,58,83,87,87,64,66,90,93,95,90,156,151,151,150,149,146,144,140,141,137,131,89,79,74,127,102,57,51,48,43,55,114,51,40,49,32,44,41,53,61,43,80,48,61,159,154,91,158,157,155,160,156,162,151,164,162,157,110,118,163,120,73,44,39,99,52,51,123,58,57,79,78,139,86,101,109,113,116,111,44,49,57,56,49,49,54,57,45,18,9,28,20,24,20,54,22,28,46,31,22,59
131,128,128,138,136,134,132,72,102,59,58,73,88,94,93,98,116,126,115,138,97,52,78,107,89,100,74,70,137,172,117,171,124,130,173,171,126,138,143,146,148,149,132,152,136,81,109,128,137,133,152,153,152,137,131,134,130,136,123,135,116,132,130,132,134,137,138,143,119,139,118,115,81,65,63,55,142,144,163,169,68,114,152,158,72,126,152,152,81,131,157,109,106,54,39,95,132,110,56,72,96,94,84,89,69,58,89,65,74,157,151,58,160,133,147,145,146,145,144,142,144,140,148,121,132,63,46,44,38,55,127,69,29,45,9,42,16,56,77,50,73,64,61,70,61,78,69,95,96,122,95,160,153,157,159,152,161,164,160,161,159,153,116,92,105,85,123,105,48,72,76,97,87,102,104,106,108,107,107,109,110,113,113,113,102,45,52,50,59,56,51,51,54,55,44,38,37,38,20,57
126,125,127,134,131,128,128,102,100,48,74,124,118,90,91,95,56,90,102,113,65,80,86,85,89,60,84,117,170,110,172,136,174,125,173,165,129,142,139,115,80,78,79,166,135,148,124,148,132,132,146,149,144,146,162,147,155,151,148,143,147,162,127,131,129,140,136,126,113,120,156,112,98,105,67,47,149,173,141,143,145,94,150,151,133,82,153,150,129,69,158,106,104,74,52,89,127,99,88,97,88,67,65,89,92,92,57,82,75,154,129,35,157,155,166,135,162,121,143,140,147,151,147,142,152,90,94,92,45,51,139,53,25,41,28,49,38,54,105,46,39,49,51,71,71,63,60,110,52,51,55,65,123,89,104,100,133,161,162,163,162,162,159,160,157,154,158,153,110,102,78,136,57,102,102,108,111,108,109,107,111,106,111,104,101,105,103,108,112,112,116,88,40,49,53,49,48,49,47,55
129,129,130,132,126,132,135,86,82,55,47,66,17,114,108,59,118,86,132,97,84,61,82,81,48,63,71,128,121,172,113,173,108,173,173,161,129,140,93,163,132,137,137,129,107,108,113,120,112,110,118,152,145,142,144,146,130,145,147,146,144,145,147,153,103,108,110,115,115,116,117,113,122,130,74,79,154,167,139,146,171,93,147,148,96,76,155,153,76,95,158,88,96,134,93,104,158,107,73,97,62,99,79,85,76,95,84,87,71,155,129,77,158,112,87,139,158,160,153,111,130,142,150,141,160,152,155,159,159,102,107,115,56,48,16,41,37,54,113,48,21,58,33,70,74,55,49,109,45,58,54,61,115,76,61,51,52,78,91,95,102,115,164,155,157,158,150,161,162,145,140,158,44,92,70,66,62,63,114,107,106,107,109,102,102,106,106,107,106,104,111,110,107,101,109,109,115,112,69,48
125,123,124,128,130,130,131,101,89,78,40,86,96,101,86,95,141,95,84,89,79,69,112,77,90,104,106,148,172,119,172,113,172,109,173,157,132,146,120,158,138,141,137,141,144,145,147,146,144,139,149,136,107,102,116,111,112,113,113,111,116,125,116,78,77,72,98,85,141,76,81,84,81,88,79,135,138,124,139,141,140,141,150,95,101,63,105,99,94,96,100,127,98,105,78,91,85,77,79,71,62,73,83,100,98,88,97,75,68,154,130,85,156,154,162,132,160,158,159,111,53,85,119,150,55,112,97,159,163,162,149,163,148,149,125,109,60,44,122,34,13,44,43,51,74,54,44,104,45,46,48,47,99,72,58,60,51,44,56,74,42,44,46,45,99,112,105,134,160,140,142,140,42,110,35,38,33,35,47,70,69,102,56,56,118,111,100,106,107,104,111,109,110,101,105,105,109,105,110,95
89,86,124,92,78,109,94,126,99,86,112,76,93,91,91,86,4,93,84,148,77,73,98,89,85,92,79,156,118,173,127,170,116,172,173,154,131,142,138,167,134,135,138,146,94,108,103,107,110,95,64,73,76,84,84,114,90,97,92,86,87,85,85,85,82,86,78,78,123,114,114,139,140,138,139,141,141,141,91,63,47,152,148,88,94,76,103,95,101,91,99,118,102,72,85,78,86,84,73,64,69,66,62,63,72,84,107,99,77,154,133,74,159,135,90,126,156,157,157,116,72,135,121,127,84,81,54,58,60,109,96,162,147,158,160,161,162,158,85,151,82,44,49,103,75,59,49,91,48,49,69,43,78,63,60,51,49,55,54,61,45,40,41,13,39,36,30,49,57,159,75,46,41,115,20,29,24,25,9,15,24,36,37,44,43,67,46,56,58,52,117,104,99,99,107,100,111,109,112,93
88,82,87,63,83,56,81,85,93,88,78,68,106,96,84,81,89,95,92,106,83,77,96,89,83,65,55,157,172,123,172,120,171,119,173,152,129,146,38,168,139,138,142,147,76,101,86,84,80,81,79,81,90,87,81,120,110,114,99,86,98,93,92,94,91,83,77,78,80,84,122,89,6,2,2,2,2,2,68,36,54,76,147,135,136,149,86,57,90,77,88,61,65,42,94,65,97,84,58,75,106,45,67,68,62,65,56,59,50,158,135,97,168,167,166,114,159,159,160,116,78,80,120,78,56,55,65,69,74,82,79,42,100,105,95,159,151,161,157,162,164,162,92,94,95,54,51,74,69,47,58,44,66,49,60,42,47,48,51,51,49,43,40,32,40,34,34,39,38,113,57,50,43,117,20,27,17,20,19,24,29,21,20,33,24,24,27,21,38,44,46,62,52,50,84,57,111,101,100,96
57,58,92,91,82,74,69,77,79,54,29,73,47,85,125,81,83,78,95,145,84,93,74,50,68,84,99,156,126,172,140,171,140,168,173,154,129,141,138,167,140,140,145,130,65,77,82,88,86,84,84,78,86,83,81,102,111,146,123,79,80,86,104,87,87,96,82,80,81,80,81,146,96,26,29,61,86,90,95,99,108,125,138,133,142,138,132,168,146,111,56,83,64,39,86,89,77,77,63,91,84,61,44,52,46,32,51,99,103,158,135,69,110,80,89,139,164,166,168,120,92,77,142,144,47,56,55,55,42,48,68,68,101,51,72,56,87,105,90,159,162,157,163,160,163,165,102,153,88,72,55,63,46,77,59,49,46,41,46,50,52,46,41,25,40,44,36,38,42,65,129,51,37,115,15,5,2,2,2,14,13,14,12,15,18,26,26,27,48,33,47,57,76,83,75,71,48,51,57,53
74,83,81,79,67,72,67,70,82,67,147,154,133,40,87,83,81,85,87,90,97,70,71,86,82,73,81,165,173,148,171,128,167,170,168,153,131,145,51,166,138,138,134,160,129,98,100,67,63,132,141,128,141,94,96,92,96,97,100,119,112,80,82,83,92,92,87,82,91,87,88,86,88,146,121,102,92,91,95,98,98,96,100,101,102,99,133,139,139,141,167,101,80,96,91,58,79,68,78,56,74,57,32,32,55,36,79,79,97,157,135,71,80,117,163,144,165,169,164,137,71,75,132,86,63,57,57,51,56,59,60,48,106,46,93,67,96,80,84,52,48,108,98,155,156,162,161,164,165,164,101,108,100,75,56,40,50,46,57,55,48,40,43,61,63,55,36,58,41,59,164,58,38,116,3,19,16,2,16,8,22,10,8,20,19,24,13,21,55,37,42,56,78,85,29,44,99,58,58,55
83,63,66,77,65,53,56,49,56,75,125,129,86,80,89,91,80,87,77,88,92,75,76,62,50,36,84,150,119,173,159,171,171,145,173,152,134,140,138,166,137,130,129,123,117,165,98,135,138,137,134,143,141,115,112,98,92,92,93,125,147,130,119,100,89,84,95,93,80,84,82,84,84,83,134,141,104,107,110,116,91,90,97,98,97,97,98,100,104,116,134,134,127,134,131,142,168,106,73,62,35,60,15,36,54,46,81,79,99,154,130,65,70,59,127,165,164,161,166,142,86,82,131,142,93,86,70,57,53,60,59,52,108,40,101,53,108,44,56,40,37,43,106,65,51,114,105,153,156,163,165,165,160,159,143,87,139,88,47,57,56,67,37,32,45,41,40,34,38,54,150,48,35,116,3,14,2,2,2,8,30,2,2,20,15,13,20,15,63,37,41,45,83,89,71,68,69,62,59,57
33,83,81,52,64,50,79,54,69,56,59,150,96,138,94,45,66,165,87,80,81,75,69,112,44,55,76,159,171,77,165,156,144,173,173,154,112,117,104,167,135,135,138,123,126,152,124,138,136,130,143,144,168,130,96,94,92,93,98,93,93,95,145,123,108,83,93,105,106,110,112,115,115,114,104,100,136,137,136,128,115,149,85,88,88,86,89,91,82,74,134,126,130,135,131,133,136,135,34,39,56,55,76,68,22,80,64,95,93,156,140,130,114,71,113,113,108,163,164,153,135,101,80,58,141,161,164,105,106,63,51,46,110,48,120,53,111,57,46,40,38,44,101,71,55,46,78,74,81,101,94,165,161,163,163,165,163,165,166,91,159,109,52,40,49,48,46,45,45,52,101,109,32,114,2,2,2,2,2,8,67,2,2,20,12,13,33,50,57,73,72,104,71,86,67,63,42,58,58,59
46,48,72,51,57,64,46,49,50,55,41,79,94,148,92,87,81,157,86,85,82,54,63,117,45,63,76,162,163,173,158,169,173,85,173,154,128,152,160,167,135,136,127,110,119,139,90,130,136,138,142,141,168,119,138,134,132,96,94,92,99,98,92,109,122,130,132,131,135,110,113,123,128,134,122,79,114,101,102,85,124,125,129,127,137,134,131,138,139,137,122,136,136,138,137,138,109,48,67,85,32,42,60,49,36,57,74,90,66,157,137,148,86,129,143,144,126,106,68,94,63,46,95,75,104,155,162,160,163,164,96,156,85,56,126,50,103,63,40,40,50,44,97,84,51,42,47,39,50,51,52,57,82,98,102,160,161,158,163,165,164,169,166,86,90,92,89,49,52,56,80,150,27,113,2,2,2,2,14,8,64,2,2,2,2,15,44,47,78,48,90,74,51,77,30,48,33,60,58,58
50,77,55,53,57,49,49,48,42,53,66,101,91,100,99,97,90,83,125,84,76,63,60,88,63,83,85,163,167,87,161,171,97,173,173,152,141,143,161,166,135,136,115,122,117,128,117,133,138,138,138,134,121,52,165,102,125,104,106,101,99,98,92,87,90,91,150,87,162,81,118,136,131,129,135,134,138,137,136,135,127,137,138,138,140,140,108,8,145,22,24,32,80,140,73,60,77,99,72,17,15,74,50,30,61,41,95,101,72,156,142,143,151,144,143,131,133,117,89,81,33,62,109,122,84,58,55,101,154,164,159,162,156,146,99,93,99,47,21,41,40,36,91,91,53,46,43,47,50,57,48,48,41,55,56,53,61,100,89,161,161,164,164,161,164,168,169,122,114,85,88,147,7,112,16,2,2,2,15,8,31,2,2,3,2,15,46,46,78,52,48,48,46,80,54,56,63,60,59,59
51,52,45,44,50,55,74,101,97,96,85,95,126,86,119,90,99,83,135,130,71,70,61,143,61,114,95,128,166,173,158,159,173,87,173,147,126,141,166,166,132,129,98,158,123,123,154,136,138,137,138,137,108,86,162,124,168,109,87,97,109,140,127,133,132,131,130,130,140,135,137,120,140,140,137,137,138,68,56,5,25,28,2,141,2,13,5,54,140,50,60,63,69,138,83,93,134,132,57,9,45,78,68,25,52,49,98,87,73,157,145,148,147,152,142,139,139,129,74,86,83,97,95,124,79,32,64,59,56,51,105,120,155,163,161,161,162,99,148,38,42,37,78,102,53,42,49,49,44,41,43,55,54,57,52,44,46,60,55,74,65,128,91,161,160,163,166,161,166,97,136,109,93,104,102,79,45,7,36,2,17,2,2,2,2,15,22,59,78,54,54,51,49,50,41,46,49,62,47,63
27,47,60,55,58,79,93,77,82,52,63,62,65,92,96,91,88,89,83,147,96,55,74,73,119,116,80,135,131,115,167,172,89,171,173,140,140,136,169,167,133,132,91,85,159,122,144,136,137,138,137,137,130,125,167,117,168,166,135,133,133,123,133,136,136,136,135,116,133,77,77,70,65,155,62,69,76,69,92,45,52,55,58,157,67,84,86,136,130,138,139,135,138,126,61,78,70,66,81,61,27,25,2,14,36,9,72,84,38,156,147,39,146,155,148,145,142,141,143,121,79,93,91,98,62,7,59,43,60,66,57,67,84,104,101,160,158,161,160,164,89,91,89,104,49,25,56,50,46,41,34,40,35,47,43,37,67,70,57,52,50,52,52,58,57,101,92,148,154,161,136,125,121,116,100,116,51,60,87,102,45,12,2,2,23,13,16,42,84,5,60,48,53,55,43,47,50,52,45,41
66,106,77,74,54,62,61,61,85,35,71,90,60,95,98,99,93,84,84,104,96,76,72,75,69,124,137,102,164,173,151,136,173,95,172,133,125,142,166,166,131,132,133,107,114,139,162,136,136,137,137,135,116,30,168,127,116,149,117,114,46,36,20,136,11,2,27,36,132,84,55,57,59,157,59,71,81,103,133,131,133,130,135,133,28,5,11,2,133,16,21,27,20,139,61,63,73,150,60,25,64,86,102,98,102,94,73,75,49,149,114,101,83,77,85,151,148,145,148,147,136,137,111,150,58,16,5,42,60,52,63,63,75,61,74,61,102,111,159,159,159,159,160,148,134,128,53,52,49,43,28,41,40,71,42,43,41,52,46,40,45,40,56,52,49,37,36,57,66,161,80,91,120,116,101,107,103,108,96,110,48,50,121,49,51,42,16,46,90,27,7,50,59,55,42,43,47,47,45,42
77,65,56,87,67,47,103,90,82,98,88,94,55,60,72,97,72,83,89,121,121,78,77,74,61,89,71,120,164,142,170,173,85,170,172,133,139,136,168,168,133,129,95,22,118,124,163,137,137,138,131,130,126,129,162,123,119,149,130,119,56,67,62,134,59,68,80,82,133,115,135,137,136,138,141,79,5,4,117,6,2,30,2,161,26,53,55,57,131,54,74,83,86,128,133,134,136,134,74,75,94,72,59,59,42,70,82,108,99,156,128,32,68,76,102,107,102,127,147,151,142,146,146,159,55,4,26,32,34,39,57,63,58,57,54,68,54,56,45,98,106,159,159,159,162,159,163,89,161,61,37,51,54,48,47,68,41,57,41,32,45,46,38,40,43,38,52,51,50,100,54,87,49,116,103,107,106,106,97,105,106,109,112,111,78,50,53,44,86,50,15,37,58,52,29,53,42,42,46,47
75,72,67,71,39,91,81,87,69,79,82,62,35,54,58,89,89,80,127,131,111,84,78,79,76,68,140,148,156,169,145,102,171,165,173,132,121,141,168,167,131,124,156,128,108,121,167,134,136,132,129,135,118,160,152,123,165,162,123,95,117,136,132,133,133,135,76,5,135,8,2,2,2,154,9,9,47,52,151,46,57,60,73,161,62,130,138,139,136,139,123,22,36,135,48,82,103,95,57,64,49,50,39,57,81,101,70,66,82,157,133,129,104,96,103,118,106,116,86,76,145,147,151,158,160,106,136,29,25,39,22,39,48,23,53,54,49,58,51,56,55,57,69,105,153,162,157,163,159,159,92,164,103,61,47,77,46,63,49,35,35,37,43,41,27,35,46,47,57,69,73,87,75,110,37,63,111,106,106,103,103,107,106,104,106,109,111,108,105,42,44,101,53,46,40,49,44,30,46,49
16,23,119,111,87,84,80,58,73,51,69,43,55,62,55,64,73,105,123,137,137,103,80,84,85,86,149,148,151,167,111,172,93,157,172,135,146,134,169,167,131,130,96,154,120,109,168,134,135,127,135,135,119,7,149,126,107,165,117,116,44,32,19,134,2,2,45,38,134,49,59,64,69,153,89,88,104,135,140,136,134,135,28,134,2,2,2,2,126,21,15,57,59,137,69,72,70,156,48,45,44,54,57,64,56,69,41,55,74,157,138,136,100,102,103,16,106,92,71,74,122,123,127,157,161,162,164,160,96,90,37,35,8,20,22,38,51,48,67,57,59,61,43,112,52,63,102,119,156,159,162,161,158,154,94,100,52,62,55,42,42,42,43,40,32,53,38,52,55,64,143,86,75,118,39,40,63,79,51,84,108,100,102,105,103,105,108,106,99,108,107,108,111,30,53,96,113,79,44,20
119,121,115,74,68,67,77,52,80,66,48,59,71,75,34,45,112,124,111,125,148,124,84,90,129,84,87,149,150,160,112,99,169,171,172,133,142,124,168,168,132,128,97,33,137,119,168,130,130,134,134,135,168,114,136,126,115,167,118,51,107,65,64,126,70,81,85,110,130,137,132,137,142,137,42,4,4,2,152,5,2,31,24,162,46,53,57,64,129,80,86,127,135,136,135,134,64,39,25,40,58,38,50,59,49,49,52,37,38,157,137,93,74,96,104,90,168,75,98,71,85,83,107,156,48,112,164,156,161,163,153,148,14,22,20,38,36,28,40,25,44,40,62,113,75,78,60,52,49,114,93,162,164,158,159,146,159,88,143,112,63,42,60,56,63,49,39,43,54,59,160,86,65,116,28,53,50,57,57,55,73,80,61,74,102,98,107,101,98,103,106,104,100,102,102,104,112,92,45,42
106,108,102,61,72,79,104,87,98,89,66,83,77,43,53,128,131,132,129,130,150,124,96,83,86,87,92,143,150,153,157,171,153,99,172,137,121,135,165,169,132,131,151,131,113,133,168,128,134,133,135,133,101,44,122,123,164,167,111,71,128,135,134,136,135,99,7,14,134,2,2,2,2,142,26,63,90,52,158,54,76,88,115,143,138,136,135,139,132,6,2,27,34,135,60,40,64,130,20,46,50,9,55,33,56,35,41,48,15,158,136,44,94,104,96,96,83,75,114,94,73,61,71,75,53,44,54,64,107,161,159,161,160,126,97,7,38,10,3,6,5,5,45,123,76,89,75,57,60,51,48,54,129,94,158,150,160,154,162,164,149,99,131,42,49,45,50,50,55,61,132,82,73,116,15,35,35,36,70,61,45,30,33,45,55,91,67,66,96,98,101,99,97,101,103,97,102,104,106,108
82,111,91,115,102,98,91,111,86,87,96,84,27,46,49,59,102,112,131,141,133,139,103,83,86,84,92,99,130,152,154,141,153,171,172,136,138,136,166,167,132,124,104,11,117,119,168,129,132,128,133,137,105,45,109,133,123,169,116,116,47,36,24,104,16,2,36,54,135,55,76,75,78,140,97,122,134,134,136,135,102,11,2,152,6,2,2,2,131,55,64,61,70,133,85,92,122,139,8,17,30,43,9,30,35,16,45,33,40,159,142,61,58,93,100,102,90,86,60,62,93,147,104,62,46,31,45,51,52,54,113,117,158,152,157,163,136,112,4,2,42,42,9,133,61,134,75,62,52,67,50,55,50,58,63,125,96,134,160,166,163,159,160,165,90,157,81,47,56,64,92,65,74,115,15,21,25,34,73,47,70,9,23,67,35,24,58,25,79,47,45,60,98,95,102,96,101,102,99,98
61,81,81,86,64,92,86,85,95,89,83,91,95,88,35,61,100,106,110,108,119,140,123,85,83,83,112,83,119,108,141,137,83,101,170,139,128,122,166,167,130,135,161,130,112,124,167,131,132,129,134,133,167,131,119,121,135,165,62,98,121,69,70,88,79,86,98,133,130,133,134,139,122,137,5,2,2,2,157,18,2,56,55,155,53,65,77,79,135,108,139,136,136,127,71,73,41,82,50,10,23,38,22,38,39,52,22,13,15,157,134,57,60,58,77,55,87,79,87,82,76,92,149,152,45,30,45,42,40,47,44,41,48,99,162,158,162,162,164,125,105,51,37,147,66,110,6,31,31,59,6,55,54,65,55,108,56,50,42,152,104,160,159,163,160,159,158,114,106,78,91,126,91,113,10,31,46,29,78,15,40,29,18,66,13,28,67,20,40,26,34,22,57,44,58,60,96,98,100,100
53,76,79,44,49,106,98,67,77,78,57,67,75,88,87,97,96,93,105,101,99,124,105,91,83,87,87,98,113,105,95,140,125,171,171,134,138,134,165,166,132,134,119,136,118,131,167,132,131,127,134,132,62,10,122,98,156,161,76,135,134,133,131,135,121,13,6,6,133,2,2,2,2,131,53,61,59,64,157,74,88,118,134,136,136,138,96,7,134,14,21,24,28,131,63,69,70,150,37,30,48,17,9,48,47,9,23,43,12,152,123,96,59,43,48,58,38,48,49,100,85,71,99,69,46,53,48,71,45,39,34,47,48,41,45,77,120,159,157,159,161,165,146,152,75,109,33,15,30,15,15,2,53,54,60,98,68,53,52,59,21,57,104,100,158,161,156,152,159,101,121,164,151,116,32,28,19,31,88,19,18,24,11,71,28,23,39,3,19,19,33,32,43,53,5,48,54,53,47,64
63,75,44,83,99,83,74,75,51,87,90,87,71,74,59,68,52,119,115,87,92,103,103,83,87,86,103,90,96,134,91,138,145,111,169,136,134,140,163,161,132,134,117,116,128,109,168,133,135,131,133,131,123,129,108,133,127,163,122,123,49,35,32,28,2,35,58,60,133,63,79,93,90,130,128,145,135,133,137,49,4,25,2,147,2,2,14,56,133,57,70,80,84,131,105,135,133,134,9,10,11,31,30,47,22,24,13,26,31,150,119,128,86,120,25,48,20,31,19,62,53,74,78,79,90,47,48,45,47,46,10,50,65,43,45,46,49,56,119,107,158,155,162,164,148,88,72,32,23,2,13,18,3,6,54,82,44,66,54,53,2,62,43,31,49,111,99,152,156,159,113,156,149,116,28,17,30,2,81,2,2,13,20,68,5,18,37,30,22,34,31,29,42,43,13,51,46,40,52,35
70,59,98,70,100,72,74,59,59,52,68,78,92,83,64,99,50,68,81,90,99,101,108,98,82,85,87,90,98,103,106,114,133,135,93,137,142,170,163,156,133,130,130,132,121,118,166,134,134,132,127,136,78,130,116,115,133,151,56,114,119,74,73,64,80,85,126,134,132,132,137,121,9,134,2,2,2,2,146,30,50,50,59,145,67,84,97,132,132,134,137,135,31,123,57,52,68,105,29,14,29,7,2,33,47,30,8,25,6,154,118,147,145,72,126,123,121,125,96,78,89,101,140,110,152,151,151,73,50,48,50,77,48,48,52,55,50,59,52,54,57,99,158,167,154,159,164,109,98,36,43,22,16,20,2,77,35,21,12,63,2,76,40,35,41,42,43,53,76,152,82,113,55,120,14,25,2,7,92,2,2,16,16,65,2,16,31,36,40,47,42,47,41,38,10,47,48,36,19,12
71,41,92,40,48,95,91,75,86,72,68,99,61,60,68,78,59,63,90,86,159,100,121,106,102,79,87,81,90,100,133,123,156,146,142,102,92,146,166,144,123,131,114,31,115,94,168,133,135,126,132,135,74,8,114,123,139,139,68,129,130,132,135,131,47,5,22,2,135,2,2,2,50,134,55,63,108,70,145,91,133,136,132,135,113,5,5,2,134,17,30,26,58,122,63,69,69,151,39,30,6,37,2,46,21,34,15,43,2,157,127,149,146,141,142,124,126,129,63,59,87,97,103,107,115,154,157,154,121,87,40,49,52,43,58,70,47,59,54,47,47,43,64,163,97,155,161,164,160,164,105,97,20,45,18,65,3,18,29,49,7,70,40,37,41,41,42,40,49,99,74,81,85,120,6,5,2,2,76,2,2,2,2,72,11,15,20,34,18,48,35,35,31,61,9,55,52,36,25,27
42,46,57,78,42,73,71,103,86,51,47,76,47,56,60,58,67,84,89,121,96,130,144,130,72,149,98,163,78,115,137,79,130,141,158,124,75,69,167,138,134,132,161,128,156,118,166,133,125,134,134,138,129,124,113,125,128,133,120,48,35,17,14,12,21,53,54,58,133,67,82,91,112,139,138,135,138,130,136,12,5,42,2,128,2,47,55,64,129,70,82,90,131,134,130,134,128,38,43,49,43,5,2,2,2,37,2,38,39,155,125,143,148,149,141,143,144,116,61,82,86,103,103,104,69,91,101,153,149,147,159,161,55,70,66,81,55,64,54,49,49,43,70,162,57,57,108,98,151,159,151,164,163,101,150,53,29,16,16,35,55,72,35,34,36,41,41,45,47,100,76,85,115,101,64,35,6,18,74,2,2,2,26,74,2,17,5,35,3,11,73,44,33,38,25,55,53,53,18,14
50,41,70,88,83,44,57,80,58,69,44,53,50,59,62,68,80,81,97,124,137,136,106,84,74,88,81,91,92,100,89,91,92,82,145,67,76,70,165,131,135,131,61,136,37,131,167,129,131,135,134,131,49,135,121,125,131,123,85,117,119,76,73,68,85,107,130,136,130,134,115,4,3,133,2,2,2,2,134,42,54,57,62,128,79,113,137,136,137,134,72,15,32,122,35,42,62,131,56,63,17,53,47,48,7,23,2,77,2,153,131,47,62,144,148,147,144,137,139,88,82,85,92,93,74,99,52,65,105,153,156,153,159,110,98,74,52,65,48,43,39,43,51,162,44,47,57,65,63,118,132,161,160,160,161,156,92,93,18,15,22,41,34,34,37,37,38,40,47,92,95,116,120,90,46,54,110,76,60,2,2,2,2,71,2,2,16,55,2,14,31,37,73,66,29,53,53,37,40,25
49,37,95,48,97,58,87,93,48,63,69,51,51,48,110,114,70,85,88,96,82,80,80,90,89,87,91,95,91,97,91,92,96,163,122,121,92,150,165,129,135,134,166,59,136,119,169,128,133,136,135,134,83,35,131,122,136,124,101,127,130,129,133,91,16,6,41,2,129,2,2,49,65,135,69,81,86,88,136,128,135,133,136,127,6,7,2,2,131,8,34,56,63,121,74,86,106,130,34,18,38,70,63,56,20,16,2,2,22,155,128,47,18,20,22,140,143,145,147,137,127,110,89,84,76,118,75,71,58,70,90,124,154,146,161,138,84,61,57,42,39,41,42,162,45,45,44,58,48,68,113,61,99,162,161,156,152,157,155,96,85,17,37,31,31,25,32,36,43,83,164,104,96,90,98,112,108,71,49,107,104,11,2,61,18,16,2,48,20,11,37,41,29,31,53,38,49,38,41,3
52,79,75,86,82,71,51,48,59,43,65,64,59,34,72,63,77,86,82,93,86,82,72,81,86,84,89,84,88,79,151,86,90,96,88,112,149,90,152,127,129,139,167,165,57,114,166,132,133,135,133,132,171,132,112,130,124,123,62,109,42,30,7,19,49,56,57,63,120,78,91,106,138,141,142,144,132,6,135,5,2,16,2,125,42,50,55,66,131,77,85,133,132,134,130,73,30,67,70,29,89,71,58,55,39,2,2,2,2,154,129,46,7,37,43,38,35,142,150,150,142,146,142,149,76,122,76,76,76,75,73,74,68,103,155,153,157,163,139,81,42,47,40,161,46,44,59,48,45,50,117,57,55,65,107,107,159,155,156,160,159,150,97,108,35,34,32,33,41,84,159,92,51,26,92,110,85,109,108,115,98,55,115,66,39,2,16,37,24,22,54,35,37,58,66,57,60,44,48,32
43,27,48,12,9,51,64,76,69,89,76,74,58,47,17,81,73,81,83,89,77,79,102,158,83,84,156,128,86,111,153,133,89,83,62,116,139,107,100,120,133,136,166,166,115,148,169,132,133,133,132,128,147,157,120,117,136,119,104,119,118,72,67,72,88,135,133,131,136,122,8,6,2,136,6,16,3,61,129,48,61,70,79,129,132,133,131,132,120,4,2,7,17,125,28,66,72,145,21,40,17,51,55,56,53,30,31,19,8,153,137,56,2,2,8,39,17,15,62,144,146,146,143,149,84,116,73,69,75,80,81,79,78,66,52,110,157,155,153,150,101,91,45,163,47,35,44,47,42,46,118,53,45,55,54,54,52,103,93,157,161,156,160,160,120,116,94,33,41,82,110,85,42,29,101,106,107,112,106,110,108,113,118,110,43,108,113,42,33,27,47,32,39,40,85,56,59,44,32,44
26,30,45,117,74,51,78,54,44,49,58,69,47,63,68,4,55,141,77,84,144,95,76,75,82,88,79,82,78,88,94,96,107,68,124,131,129,118,58,63,113,94,164,166,166,62,166,133,132,133,130,128,163,121,154,120,125,124,123,124,132,134,130,28,8,8,37,2,119,6,38,58,65,139,66,78,85,118,133,135,134,133,19,134,6,2,2,2,133,57,63,67,70,123,88,128,128,135,9,6,11,70,82,61,67,56,48,53,41,157,141,78,18,5,2,32,57,45,30,47,48,143,137,155,157,110,43,69,75,78,75,81,83,83,76,76,76,107,140,153,154,158,165,158,62,30,39,46,38,45,102,56,48,55,49,45,44,37,89,56,86,123,158,162,164,161,160,79,87,77,81,101,42,34,107,61,46,63,104,110,108,110,111,106,114,116,114,44,53,44,42,7,8,11,93,58,59,23,31,12
28,8,22,29,86,77,65,75,49,45,49,55,70,75,85,87,76,95,80,67,87,86,85,85,79,88,92,133,80,86,131,77,87,91,120,129,128,134,159,55,98,107,144,165,166,167,168,134,132,132,125,128,168,131,105,126,125,126,100,109,42,6,17,27,49,52,53,64,111,81,89,136,137,143,140,132,13,9,130,5,7,2,46,126,51,68,80,88,132,129,131,130,137,89,5,58,46,141,55,43,8,79,25,76,81,62,47,53,55,156,140,76,48,45,47,38,27,4,22,26,48,65,121,154,152,149,160,138,47,55,76,75,77,71,84,82,81,80,77,65,97,154,158,164,163,101,141,41,22,48,95,54,44,45,48,47,38,45,98,38,37,40,96,110,157,160,164,165,164,153,134,103,104,35,108,15,24,30,61,50,64,107,110,104,108,106,109,114,114,115,44,54,45,41,91,50,56,21,24,23
36,27,23,49,43,54,70,60,24,54,54,59,58,66,98,89,87,89,88,83,88,112,87,83,132,84,90,112,77,75,59,83,94,84,66,132,133,130,89,124,33,92,141,125,164,168,160,133,132,130,130,135,138,82,167,111,126,122,108,114,121,78,69,71,119,131,131,133,131,19,7,2,2,139,2,3,54,57,128,58,81,86,122,132,132,133,130,30,132,26,30,37,42,78,37,10,41,166,35,91,91,48,9,16,51,92,66,59,71,155,141,80,62,67,62,56,50,44,47,62,60,105,124,120,79,120,161,156,160,142,35,66,73,73,90,75,75,80,79,72,57,78,147,153,158,162,162,140,145,50,93,57,45,39,47,42,39,41,100,34,28,11,56,72,38,98,92,157,161,154,121,159,95,37,109,40,37,50,35,37,20,64,49,60,104,107,106,112,105,108,112,112,114,48,50,44,42,47,8,21
26,19,51,78,48,79,35,52,39,81,68,66,55,88,88,92,95,91,83,87,77,79,82,83,82,81,89,90,56,58,20,84,74,79,80,149,150,152,88,145,43,75,124,150,165,157,153,133,131,135,130,138,162,61,167,151,85,126,131,124,130,130,77,2,2,2,2,2,81,43,60,69,75,138,85,90,117,135,136,134,130,15,2,126,2,2,3,77,134,2,30,39,48,69,76,127,129,103,40,43,71,29,25,32,15,6,61,78,52,155,135,72,66,73,76,62,66,65,78,71,97,78,117,97,51,86,65,134,158,161,158,161,46,48,51,72,72,76,75,76,79,73,53,155,101,105,160,154,163,167,98,87,38,43,45,36,42,44,102,24,26,11,39,21,3,32,25,32,108,100,81,163,68,28,110,37,38,31,10,26,32,24,24,27,54,46,63,105,102,106,107,110,110,107,108,110,93,43,45,40
22,36,42,46,70,40,62,47,12,51,82,42,59,52,81,92,92,92,138,89,78,85,84,83,84,74,87,89,133,69,68,82,78,79,78,84,148,147,54,149,152,131,133,136,138,123,160,130,101,123,124,135,155,166,166,165,147,124,117,116,41,28,44,50,61,65,69,76,82,84,132,138,135,137,127,7,6,14,131,12,24,121,130,132,130,131,131,129,133,130,134,129,132,128,84,129,132,74,46,70,63,53,47,26,15,3,14,14,67,149,130,81,52,52,70,69,77,66,86,108,93,70,80,93,54,84,43,29,62,126,158,158,151,156,38,41,48,74,72,64,47,52,49,150,56,58,69,93,162,160,160,166,116,151,35,40,37,37,100,52,28,12,35,26,16,10,34,15,46,112,73,141,46,24,110,21,41,28,17,18,39,19,24,8,14,20,44,54,48,64,105,107,107,107,104,108,109,108,116,101
42,25,24,41,30,35,41,43,36,64,70,67,67,76,73,83,87,93,142,131,78,84,67,80,73,80,88,86,92,74,76,81,82,78,79,80,148,141,139,149,136,149,147,168,155,157,156,154,75,112,126,132,152,164,163,164,166,125,76,128,129,82,86,87,135,130,129,133,43,3,2,2,9,136,34,139,129,132,135,132,136,135,137,120,132,132,132,132,134,130,130,133,116,51,74,70,76,75,74,81,51,45,65,25,24,3,3,15,5,156,126,125,133,54,62,63,90,92,102,99,111,76,86,83,69,95,71,71,68,49,66,99,152,163,157,123,60,54,49,27,35,56,46,144,53,57,48,63,42,130,162,163,164,166,167,91,86,37,101,49,28,13,42,27,3,28,20,21,41,109,75,77,48,31,111,22,27,33,16,25,27,2,20,13,8,2,38,61,48,39,50,46,57,110,95,107,109,106,107,110
42,48,51,48,56,54,65,64,83,62,69,50,71,80,73,131,67,92,122,72,172,167,81,82,78,77,80,85,87,134,77,77,82,79,79,84,79,131,107,117,117,152,132,133,131,137,131,147,70,84,104,126,110,163,164,161,168,119,129,128,128,129,34,8,2,2,2,23,62,143,126,131,132,136,139,138,136,134,135,132,136,131,12,128,131,135,120,7,132,25,26,31,29,73,74,80,63,99,49,41,22,17,73,29,40,25,17,3,15,158,127,133,77,128,119,121,140,137,113,63,87,99,86,112,74,88,77,46,48,60,59,49,61,95,163,156,160,92,80,60,60,30,45,131,53,68,49,64,60,42,56,125,103,161,158,162,160,87,86,36,23,19,38,34,2,33,6,3,35,91,89,80,72,37,110,6,23,12,35,33,15,2,20,8,11,16,20,62,21,24,50,58,51,53,54,60,110,104,106,103
118,48,57,70,82,69,122,129,97,125,99,89,109,42,125,64,95,93,85,155,121,174,80,81,78,77,161,90,91,81,77,78,80,78,78,81,83,75,106,97,101,72,90,95,98,95,91,119,121,128,122,123,122,135,147,159,166,126,2,5,12,40,85,138,122,130,132,130,137,127,132,133,133,139,139,137,11,7,134,2,5,43,48,129,28,36,35,33,132,28,60,118,126,117,69,65,54,72,81,49,32,46,69,83,57,28,72,77,34,160,129,145,147,147,132,132,137,136,133,74,57,115,114,112,88,75,43,20,50,56,59,54,53,51,50,93,160,161,159,102,126,55,56,130,48,51,46,52,41,51,55,52,48,69,104,163,160,164,153,163,82,80,47,33,13,30,2,9,35,60,160,86,109,35,111,2,19,12,12,2,2,2,6,2,8,2,6,66,16,23,45,48,58,43,22,53,45,43,53,107
102,59,74,112,131,122,130,126,76,101,38,89,93,58,55,95,94,92,94,94,167,24,79,83,83,77,77,88,90,91,150,77,78,73,79,79,83,79,118,119,118,166,91,92,95,96,103,97,110,92,124,102,105,93,116,158,164,107,126,129,127,130,128,124,133,130,129,128,135,130,7,3,19,139,57,69,24,123,75,121,133,135,135,130,53,136,128,130,133,97,89,108,95,52,70,82,45,62,53,48,26,24,54,49,58,76,75,67,55,159,131,144,151,150,141,128,132,140,96,82,89,98,113,118,160,98,74,46,44,50,54,47,51,55,56,57,59,90,159,161,159,99,161,111,44,51,48,48,35,46,64,55,48,49,44,41,132,155,153,160,163,155,89,145,18,39,2,20,37,62,161,84,119,30,112,8,33,16,14,2,16,13,2,2,4,16,3,46,22,10,37,54,8,42,45,50,57,23,36,46
114,145,150,148,149,147,89,56,77,102,101,106,107,102,82,102,89,87,97,96,98,105,139,130,71,73,73,80,90,87,152,76,76,76,73,77,94,76,73,98,103,111,139,84,96,87,81,89,80,91,111,129,117,105,102,96,105,102,110,110,127,128,125,130,9,3,2,2,9,24,32,92,53,100,80,110,117,89,51,115,120,127,132,129,130,121,127,131,122,81,48,63,68,78,58,80,90,49,33,58,52,22,34,27,41,59,65,59,58,153,130,122,153,150,151,144,129,53,76,88,92,83,103,110,155,155,160,103,40,45,50,40,46,47,52,60,62,58,55,91,159,161,162,108,166,68,51,48,39,56,50,45,50,51,50,54,84,92,115,86,157,150,159,158,148,136,68,31,38,51,115,73,126,38,111,19,29,16,16,22,2,2,2,2,5,3,2,42,27,12,42,43,9,33,24,27,50,13,49,42
122,149,151,154,114,131,85,97,105,102,105,103,110,119,110,114,110,97,105,117,158,75,75,64,80,78,73,67,85,88,86,71,77,76,74,76,76,78,80,116,120,117,159,58,92,88,112,100,90,129,109,110,129,104,108,88,77,96,5,7,3,3,128,18,33,144,121,130,128,129,135,118,130,115,120,56,55,98,43,61,53,26,16,127,9,56,13,78,59,75,78,41,88,50,43,68,59,45,61,29,19,21,34,16,47,52,28,31,58,158,131,56,51,48,152,145,144,131,112,86,88,87,74,104,50,97,157,154,163,95,43,45,45,48,45,67,63,61,49,48,51,97,162,122,160,152,163,59,53,43,43,49,34,52,57,50,70,88,116,15,49,95,157,151,161,162,160,82,86,42,66,90,80,89,109,41,33,2,15,2,24,2,2,2,5,16,2,35,34,34,27,34,11,13,37,19,58,39,45,35
123,159,154,157,157,138,120,109,107,97,88,102,103,127,101,99,102,92,105,132,145,107,66,74,92,84,90,85,84,93,87,63,78,74,73,75,75,73,78,79,150,111,122,120,98,90,101,88,86,101,100,124,132,107,105,121,106,76,8,104,103,110,106,113,113,127,127,128,127,128,126,124,108,104,75,53,53,55,58,28,32,49,68,137,135,79,80,74,67,66,62,46,72,73,76,42,88,55,61,16,19,27,50,29,36,42,21,22,40,159,136,64,57,73,69,140,150,149,142,132,103,93,84,92,59,75,46,132,153,161,162,92,41,42,40,52,53,56,62,50,61,50,64,75,156,164,157,161,81,41,27,48,50,46,50,56,57,74,104,38,29,58,49,102,133,156,158,144,160,116,122,150,119,90,110,102,49,47,54,9,27,2,2,2,2,2,2,42,15,3,35,34,16,17,37,20,51,13,33,42
124,142,137,149,162,147,147,82,131,80,115,103,107,91,92,95,104,99,91,115,132,104,73,145,72,78,73,74,75,86,90,78,75,73,74,81,75,74,75,76,154,125,119,57,117,122,98,96,90,88,84,116,100,115,102,104,113,79,91,104,102,109,103,112,115,113,114,123,55,35,8,92,90,100,64,22,40,54,50,66,86,62,60,90,81,64,81,76,66,79,49,50,78,39,73,79,67,51,30,41,59,60,65,64,75,66,96,90,77,158,140,79,117,118,78,60,95,147,148,138,133,119,75,89,65,62,51,46,53,84,158,156,154,88,46,57,53,56,49,49,55,43,49,78,55,98,155,157,161,162,85,41,49,27,47,56,58,55,85,29,35,68,33,42,33,98,96,143,156,154,125,92,86,104,110,101,100,108,86,52,106,43,2,2,2,2,2,61,2,3,2,55,23,13,30,4,48,20,24,24
153,157,160,152,135,150,153,85,133,112,101,121,96,107,107,74,84,106,107,112,107,58,71,71,70,81,85,83,81,82,79,78,149,74,74,75,76,74,75,76,77,143,147,170,164,97,106,95,81,83,89,117,113,105,113,107,119,97,68,111,106,111,85,21,14,68,21,9,95,74,23,83,122,78,42,39,53,67,85,84,72,69,45,67,80,58,57,59,64,54,47,41,70,18,9,81,81,19,54,62,56,58,71,74,70,71,92,90,109,160,144,95,113,118,75,87,93,77,116,142,148,141,127,146,65,65,65,69,53,70,52,127,152,153,160,88,49,55,55,58,46,41,51,77,56,56,66,98,158,159,162,162,131,67,41,46,55,63,75,34,38,78,49,55,20,37,41,55,97,148,107,153,71,51,108,101,102,110,112,109,111,52,87,46,3,2,5,51,13,8,2,11,53,6,29,16,49,9,13,37
97,126,108,95,121,133,155,85,139,76,94,123,108,97,121,85,108,109,97,113,113,156,112,78,89,76,80,81,81,75,78,78,97,76,75,75,127,76,74,77,75,119,124,25,115,155,106,98,93,86,75,81,85,104,114,109,112,96,102,67,121,2,100,2,8,37,76,50,51,57,104,108,117,73,57,72,59,87,96,30,59,18,65,58,46,52,28,36,65,13,79,14,17,12,13,77,78,51,65,68,101,85,88,93,112,93,61,92,76,159,144,96,110,86,86,99,83,92,78,91,147,144,137,151,66,66,71,66,70,81,77,68,89,159,155,148,130,84,44,57,54,22,40,74,45,54,61,65,46,100,152,158,162,161,97,80,46,61,53,43,43,92,48,51,42,42,45,54,38,60,75,166,64,55,102,57,108,104,105,106,106,108,111,99,50,81,41,38,34,3,3,9,28,61,54,51,52,9,5,11
94,136,83,88,86,48,126,91,129,112,109,108,112,90,121,78,119,113,95,103,122,124,76,65,72,114,80,80,76,134,78,79,76,148,74,73,74,69,72,72,75,72,152,32,137,153,68,96,96,94,85,86,135,90,82,111,108,103,93,72,75,119,106,109,95,58,49,80,34,45,66,54,59,54,64,78,76,79,60,94,48,56,27,35,49,42,41,46,62,52,6,60,96,54,83,55,43,10,82,90,89,88,98,84,103,93,61,83,44,157,143,83,95,86,53,100,52,35,68,69,74,90,140,152,91,84,67,60,61,59,70,61,56,61,150,153,154,160,93,91,51,17,35,77,49,44,59,51,39,55,61,98,157,162,163,163,84,86,66,44,46,95,42,40,67,43,46,71,48,53,70,142,63,54,114,7,64,48,98,102,109,107,106,108,103,99,50,119,59,16,16,11,32,32,43,21,59,41,32,13
62,41,72,115,111,70,105,100,127,94,120,104,127,113,92,119,95,101,108,109,111,124,125,78,67,66,83,78,78,72,74,78,74,154,78,76,73,158,75,74,75,75,51,135,124,110,161,78,70,102,95,75,86,105,103,103,109,111,118,111,84,76,64,75,91,68,21,48,47,28,30,43,49,48,51,79,79,91,122,92,20,39,62,45,78,69,43,28,21,43,90,62,52,108,112,127,119,114,109,89,91,78,93,73,75,69,43,25,84,157,144,87,75,72,59,61,82,65,83,80,63,100,77,146,160,157,156,53,61,40,42,59,64,62,59,54,133,153,157,164,88,90,41,80,39,46,50,54,40,44,55,59,62,104,159,155,160,157,77,162,40,108,41,39,76,43,38,93,42,49,78,71,71,48,113,19,35,30,54,59,76,112,107,110,104,102,109,108,108,52,44,46,27,29,44,18,61,40,45,14
39,67,78,35,67,75,120,101,112,105,117,110,112,110,100,102,101,117,84,109,114,117,156,128,91,60,77,83,80,78,75,78,78,77,73,87,72,74,76,74,73,76,70,138,127,121,107,146,89,97,74,89,85,101,72,118,98,119,115,132,100,103,81,25,41,37,3,11,2,31,3,44,54,57,58,50,92,131,53,95,3,6,16,45,39,37,66,49,92,107,108,106,114,106,108,99,104,100,105,104,116,111,107,55,109,30,66,117,109,153,137,78,89,72,69,71,107,69,91,81,70,50,43,20,99,160,151,160,148,57,52,59,65,79,76,63,76,48,116,160,164,159,101,80,38,42,47,53,29,33,51,55,47,43,63,102,157,154,155,152,93,112,31,42,83,49,44,108,46,45,157,69,71,53,113,21,20,36,46,11,50,60,67,103,110,110,116,114,111,100,107,44,49,46,35,13,59,27,39,41
38,81,89,78,98,75,127,80,120,104,109,101,110,113,94,86,73,110,118,87,109,112,156,66,122,123,151,79,80,79,76,77,76,75,83,93,76,76,164,73,76,81,70,33,143,149,138,164,69,97,60,90,75,79,110,93,120,107,128,114,125,113,71,93,17,2,11,13,3,2,2,36,53,53,47,65,47,122,61,107,2,53,41,20,46,101,71,71,115,109,113,116,104,103,108,102,102,109,103,102,101,108,106,110,104,110,107,106,105,152,126,104,111,91,53,76,52,45,39,92,59,71,54,51,53,65,96,153,164,90,58,62,67,73,76,100,99,41,38,50,93,160,160,114,89,49,37,54,30,40,42,55,43,31,57,54,45,110,155,158,157,147,129,117,86,48,46,123,48,48,156,88,84,53,113,24,20,15,12,14,26,30,19,51,75,60,111,114,113,104,102,106,113,111,84,64,43,8,39,36
74,125,114,124,116,123,141,78,116,101,126,128,126,104,102,78,93,113,115,91,105,111,121,74,72,137,107,76,81,137,74,72,78,77,66,97,94,71,73,75,74,72,72,72,151,126,120,109,159,92,39,101,89,86,85,92,102,119,104,107,100,85,119,67,106,40,42,38,39,29,52,42,25,43,42,40,92,87,64,107,13,12,17,69,75,66,108,89,113,123,115,115,110,103,98,105,103,104,102,101,100,104,103,106,105,102,108,100,110,152,126,128,74,126,137,67,46,45,43,79,32,48,55,73,55,66,71,100,161,162,159,155,63,68,72,59,58,33,35,48,44,66,120,108,162,163,85,40,14,43,40,57,41,28,50,41,43,50,50,96,155,152,152,155,155,158,48,120,50,50,113,79,137,54,115,40,21,21,25,15,14,6,7,13,4,22,99,68,111,107,111,110,106,111,103,106,41,68,45,34
140,117,116,122,113,127,159,95,116,110,120,126,123,91,124,118,82,102,100,116,109,119,108,70,61,105,136,76,78,70,71,66,74,73,72,161,83,77,75,166,75,76,72,70,68,125,125,114,108,103,26,89,89,106,82,104,75,108,96,115,109,112,95,95,73,122,56,63,63,58,53,59,49,44,57,57,84,57,32,95,44,65,106,101,115,113,88,122,115,106,122,112,98,102,103,101,102,106,106,104,99,98,103,104,106,100,99,103,99,155,129,135,138,74,118,117,127,114,110,78,121,101,137,72,38,62,66,84,70,96,158,156,158,154,69,64,55,53,36,37,56,51,49,79,150,155,161,166,96,35,32,45,43,33,49,50,45,49,46,50,50,102,146,159,154,158,162,99,66,56,60,74,166,53,113,53,27,34,24,11,20,20,24,20,28,25,6,44,70,45,94,109,110,107,106,103,97,110,110,50
92,122,108,129,113,127,159,94,119,118,121,117,108,116,113,92,103,97,106,94,103,125,122,152,69,122,125,154,78,73,78,86,68,73,74,159,81,74,71,70,72,71,72,71,68,128,144,148,137,162,16,107,96,90,87,95,120,71,107,89,127,103,109,122,98,75,120,52,54,52,48,53,38,61,54,48,66,82,76,82,49,62,80,83,109,116,111,107,94,106,77,110,103,101,103,97,106,104,105,108,107,104,107,105,112,104,108,108,100,156,129,140,148,148,71,133,131,131,129,81,92,90,88,113,11,58,59,85,70,66,69,121,160,158,95,70,70,57,48,71,48,52,53,79,58,96,161,160,160,162,99,45,43,28,52,57,49,50,46,45,49,79,67,99,119,159,159,153,156,86,90,117,161,54,115,60,48,35,40,34,35,29,33,35,33,44,35,42,40,50,40,59,88,114,105,108,110,113,113,109
92,107,110,125,109,116,158,86,118,152,130,115,100,111,108,137,103,97,103,116,107,119,110,150,69,79,140,112,77,76,73,74,71,74,73,73,99,77,71,74,153,73,71,72,71,61,143,139,120,106,46,101,95,81,84,87,99,143,66,72,105,120,113,129,85,98,80,98,57,54,44,50,60,58,52,71,70,53,58,46,58,75,93,80,91,114,109,91,113,83,90,90,106,104,108,101,105,109,111,109,111,104,108,103,103,100,102,101,104,156,129,141,151,142,131,142,80,125,84,106,99,98,107,115,34,35,47,85,60,55,67,51,106,160,152,158,143,63,59,52,47,53,50,78,49,55,49,147,154,155,164,138,77,31,48,53,52,59,59,54,56,70,64,58,108,100,99,154,161,162,142,132,120,59,114,67,34,43,43,18,43,50,59,51,55,59,60,58,41,51,35,40,2,63,46,101,105,108,113,110
97,95,85,134,108,123,146,80,119,121,118,112,102,106,104,111,101,77,98,108,100,110,107,125,70,123,118,66,77,79,73,73,69,73,73,73,114,74,86,73,73,72,73,72,70,68,59,123,125,116,57,66,91,90,93,87,83,93,81,96,75,108,129,100,125,119,76,72,44,57,42,53,44,51,61,74,72,74,75,32,48,70,80,81,84,82,87,73,65,68,79,73,89,98,98,104,102,106,103,104,105,107,103,95,103,97,101,109,107,151,126,56,113,146,140,137,123,102,63,93,102,74,108,108,162,101,27,87,45,33,65,74,71,55,95,158,158,159,141,62,66,50,68,76,57,56,51,53,56,106,157,161,165,88,96,57,53,60,55,56,57,57,62,55,99,63,66,97,96,157,130,98,133,54,113,64,27,17,41,20,41,55,32,40,42,53,55,52,2,52,33,36,20,29,56,30,96,54,116,109
68,77,76,90,115,92,96,91,109,135,103,110,107,108,127,91,113,94,105,74,97,88,119,115,156,132,93,64,149,78,73,77,74,68,73,72,70,67,75,73,73,108,71,72,69,67,174,175,172,146,29,163,80,90,91,91,87,77,77,108,92,111,116,108,122,93,89,61,96,56,10,53,37,61,70,67,38,46,37,20,38,61,78,78,74,76,68,74,75,77,75,79,104,106,104,106,78,112,110,117,110,110,99,100,105,102,99,96,114,155,129,55,114,96,144,141,137,142,62,85,92,98,97,110,154,157,114,77,65,22,59,51,65,51,48,80,130,165,158,97,107,64,52,77,85,65,58,37,50,49,64,92,164,154,164,89,84,57,58,62,58,59,63,59,85,61,59,80,67,97,89,159,90,89,108,56,28,25,26,13,32,23,20,9,12,7,47,31,24,51,2,46,15,15,41,20,53,48,103,83
8,44,46,47,95,82,75,136,91,129,91,117,101,108,128,129,120,71,96,96,97,104,116,118,162,68,64,69,65,73,74,73,67,69,73,70,70,138,78,74,73,69,71,71,69,67,156,176,174,172,119,106,151,93,92,93,90,71,73,135,94,99,98,121,109,124,99,91,65,113,56,61,57,67,64,71,55,50,22,8,59,75,77,79,74,85,72,78,77,76,78,80,102,111,119,101,107,114,114,111,110,106,102,101,99,102,98,103,103,155,135,64,98,93,100,140,141,145,131,117,80,84,85,97,54,120,155,157,157,28,69,42,58,42,46,69,76,105,158,163,157,92,58,77,99,59,47,47,51,33,47,55,85,95,159,163,167,89,82,65,69,54,63,65,69,60,59,61,64,66,67,162,85,90,119,57,43,9,23,13,18,42,36,37,30,20,15,51,2,50,2,8,61,8,41,19,51,57,29,49
13,33,108,138,82,45,104,149,90,136,106,104,113,112,101,129,88,107,99,113,98,101,112,113,145,33,65,73,100,76,76,72,71,68,68,73,72,134,73,72,72,73,69,74,71,67,41,176,174,171,7,111,166,71,100,102,101,91,87,97,115,63,99,115,126,50,133,62,66,64,121,44,89,79,79,84,115,115,111,101,87,86,92,80,76,63,56,66,68,71,70,80,76,78,118,118,149,98,112,90,92,107,132,94,96,96,99,105,107,155,135,73,99,96,107,108,112,149,144,133,122,59,88,93,36,41,151,152,164,119,37,27,54,34,2,62,72,66,71,92,159,148,160,65,59,59,57,48,60,42,46,53,58,95,123,156,160,154,163,85,65,44,54,59,63,64,63,58,63,69,105,113,71,73,118,91,111,75,47,18,19,19,25,26,17,33,65,63,36,53,2,19,16,27,41,25,47,51,38,23
69,73,80,175,118,169,142,153,87,142,97,115,128,119,41,35,88,90,93,91,107,82,107,103,118,63,160,164,175,172,74,73,73,66,70,71,72,72,156,73,72,73,68,71,70,70,34,168,176,173,167,71,78,162,88,98,99,86,84,91,108,109,107,93,27,66,45,98,78,35,67,122,61,66,74,94,66,48,49,48,43,62,65,75,74,53,59,81,80,97,88,81,106,98,131,122,129,133,136,111,109,106,111,112,113,95,115,101,105,156,132,76,103,106,111,114,111,121,147,142,142,126,127,89,20,65,50,95,143,160,163,144,52,2,2,48,63,59,65,59,84,151,161,106,101,74,65,56,68,43,33,53,55,98,65,62,115,160,163,158,163,86,58,58,60,62,63,49,69,65,161,68,65,47,116,96,103,107,114,76,55,48,60,68,56,69,70,53,32,47,30,26,2,2,2,56,49,51,41,37
59,67,76,103,98,130,147,154,93,118,110,86,50,105,72,75,57,22,83,108,101,105,87,115,99,146,108,162,169,170,75,75,73,67,70,74,74,68,160,72,73,72,73,67,70,68,66,132,176,167,170,86,75,151,121,95,102,88,82,88,91,123,59,97,107,72,53,66,104,103,89,67,154,36,71,38,42,12,2,17,15,29,52,54,52,9,97,98,40,90,77,39,56,72,88,97,82,80,84,80,81,84,80,83,83,80,78,80,77,155,134,88,122,61,79,78,77,77,82,137,139,139,126,148,21,28,44,102,45,148,160,163,129,59,2,41,54,52,54,55,81,108,99,100,161,160,125,55,65,59,51,49,46,95,59,68,59,71,121,158,161,158,162,83,39,63,60,47,68,72,148,65,68,49,117,90,105,107,109,102,110,55,58,46,42,77,82,86,40,47,38,46,16,19,2,16,48,43,40,24
59,64,58,74,76,74,149,138,87,109,103,43,71,74,51,95,62,104,95,100,90,114,103,114,113,140,50,161,162,173,74,74,73,72,69,68,62,68,69,59,73,72,73,68,68,64,81,45,176,175,173,127,68,62,165,74,96,93,90,81,85,93,157,26,72,80,48,80,103,89,95,106,104,61,98,45,40,39,43,45,44,40,150,151,154,13,39,10,50,57,59,62,66,61,69,79,78,78,78,78,74,76,75,77,77,76,74,77,73,156,131,79,31,45,54,70,73,75,74,70,74,144,130,149,6,73,38,108,5,32,30,135,160,161,73,30,28,39,49,40,60,112,89,78,99,160,161,163,129,41,54,54,59,102,61,65,57,62,62,72,112,156,155,163,165,84,53,46,71,68,82,72,66,47,115,57,66,107,111,105,98,108,116,62,50,47,76,88,48,51,39,41,16,12,2,16,50,49,60,21
59,66,67,69,69,69,146,97,104,112,112,79,72,74,57,23,104,113,80,98,123,100,116,108,113,122,48,159,162,175,168,70,74,74,65,68,73,68,73,74,73,72,70,72,70,67,43,131,156,143,152,145,73,63,59,159,96,93,95,84,83,86,103,110,106,94,78,98,98,83,75,76,79,121,47,100,92,83,37,41,135,82,30,46,105,70,45,44,43,47,47,57,57,59,60,64,74,75,75,76,71,73,74,74,79,79,80,43,52,153,132,74,78,74,80,79,80,79,82,85,83,83,137,151,89,44,37,108,17,13,31,52,148,162,159,138,80,12,17,12,56,127,64,79,53,98,159,162,155,126,142,56,55,104,58,56,57,65,62,57,63,70,93,161,165,162,141,75,67,69,70,83,83,45,116,48,78,55,69,105,105,99,113,111,110,47,50,54,50,48,16,47,2,2,2,3,46,50,39,27
78,81,84,82,82,77,135,103,83,106,106,51,133,62,128,99,77,90,105,118,111,126,118,111,118,98,159,142,163,172,172,70,66,66,66,64,82,82,72,89,74,71,73,71,112,68,65,116,99,105,45,104,68,91,75,166,70,97,100,96,94,98,98,92,81,139,81,87,84,80,81,84,84,90,144,41,38,44,40,37,17,83,28,25,44,18,46,48,48,47,47,54,40,103,66,56,73,72,41,70,72,75,74,74,75,77,75,27,14,147,125,103,58,74,81,80,82,61,122,148,81,82,82,148,156,93,29,105,93,15,70,39,51,39,139,161,161,90,8,10,44,118,69,80,64,60,63,89,155,159,162,110,46,101,38,60,53,66,68,59,60,57,59,99,148,160,159,162,87,152,74,72,144,45,116,48,86,82,83,92,58,104,108,112,100,112,116,42,52,46,6,20,52,2,2,2,44,53,21,35
