156,157,157,157,157,157,156,156,156,156,156,156,156,156,156,157,158,159,159,159,158,159,159,159,159,159,158,158,158,158,157,157,157,157,156,156,155,155,155,154,155,155,155,155,156,156,156,155,155,156,155,156,156,156,156,156,157,157,157,157,157,157,158,157,156,156,157,158,157,157,158,158,158,159,158,158,158,158,158,157,157,158,158,157,158,158,158,158,158,158,158,158,157,157,157,159,158,158,157,157,157,157,155,155,155,154,153,153,151,152,151,152,151,151,151,152,152,152,152,152,152,152,152,153,153,153,153,153,153,152,153,153,154,153,154,155,154,153,155,154,155,156,156,157,158,158,158,159,159,159,160,159,159,159,159,159,160,159,160,159,161,161,160,158,125,121,121,113,120,103,93,132,149,130,112,137,128,131,135,137,133,138,139,139,138,143,150,151,149,150,100,101,148,145,148,149,137,97,109,133
156,157,157,157,156,156,156,156,156,156,155,155,156,156,155,157,158,158,159,159,158,158,158,158,159,159,158,157,158,158,157,157,157,156,155,155,155,154,154,154,154,154,155,155,156,155,155,154,154,155,155,155,156,156,155,156,157,157,157,157,157,156,157,157,157,157,156,156,157,157,158,158,158,158,158,158,158,158,158,157,157,158,158,157,157,157,157,158,158,158,158,159,158,157,158,158,157,158,157,156,155,155,155,154,153,153,152,151,151,151,150,150,151,150,151,151,150,151,151,151,151,152,151,152,152,151,151,151,151,151,152,153,152,152,154,153,154,154,153,155,156,156,157,157,158,158,158,158,158,159,160,160,159,160,159,160,160,160,160,160,161,160,159,127,124,127,135,113,116,87,122,111,137,129,132,133,129,135,138,141,116,140,141,141,141,157,153,152,97,98,142,138,147,149,149,126,116,135,135,136
157,156,157,157,156,156,156,157,157,156,156,156,156,156,156,157,158,158,158,158,158,158,158,158,158,158,157,157,157,157,157,157,156,156,155,155,155,155,154,154,154,154,155,155,155,154,154,155,154,155,154,155,156,155,156,156,156,156,157,156,157,157,157,157,157,156,157,156,157,157,158,159,157,158,158,158,158,158,158,158,158,158,158,158,158,158,158,158,158,158,159,159,158,158,158,157,157,157,156,155,154,153,153,153,152,152,152,151,150,150,150,149,150,149,149,149,150,150,150,151,150,151,150,150,151,150,150,151,150,151,151,152,152,152,152,153,153,153,155,155,156,157,157,156,158,158,159,158,159,160,162,162,160,161,160,160,160,160,162,162,163,122,129,131,132,131,132,127,113,72,122,97,128,131,133,130,130,134,140,145,117,143,143,142,143,156,146,131,107,147,135,150,149,151,72,76,120,136,137,139
156,156,157,157,157,157,157,157,157,156,156,156,155,156,156,157,157,158,158,158,158,158,157,158,158,157,157,157,158,157,157,157,156,157,156,155,155,154,154,154,154,154,154,155,154,155,154,154,155,154,154,154,154,155,155,156,156,156,156,156,156,156,156,156,157,156,156,157,157,157,158,158,157,157,157,158,157,158,158,158,158,158,158,158,158,158,158,158,158,158,158,159,158,158,157,156,157,157,155,154,154,153,154,152,152,152,151,150,149,149,149,148,149,149,149,149,149,150,149,149,150,150,150,150,150,149,149,150,149,150,150,151,151,152,153,152,153,155,155,155,156,157,157,158,159,158,162,163,163,163,162,162,161,161,160,160,160,160,161,162,127,125,127,136,138,133,141,128,108,78,81,89,134,135,134,132,130,136,142,146,123,143,143,140,142,149,96,153,146,151,141,144,98,96,135,131,134,134,141,136
156,157,157,157,157,157,157,156,156,156,155,156,155,156,156,156,158,158,158,158,157,158,158,158,157,157,158,157,157,157,157,157,157,156,157,156,156,155,155,155,154,154,154,154,155,155,154,154,155,154,154,154,154,154,154,155,156,156,156,156,156,155,156,156,157,156,157,157,157,157,157,158,157,158,157,157,157,158,158,158,158,158,157,158,158,157,157,158,157,158,157,157,157,157,156,156,155,154,154,153,154,154,154,152,151,150,150,149,148,149,148,148,147,147,148,147,149,150,150,149,149,149,149,149,149,150,150,150,149,150,150,151,150,151,152,152,153,155,155,156,156,157,160,159,160,162,162,163,162,161,161,161,161,160,159,160,160,161,125,125,133,132,134,136,142,134,153,94,132,83,93,91,137,137,137,136,132,139,141,146,115,146,141,158,96,145,155,154,152,147,106,100,136,139,134,130,149,134,140,137
157,157,157,157,157,157,156,157,156,156,157,156,155,156,156,156,157,158,157,158,157,157,158,158,157,157,158,157,157,157,157,157,157,156,157,156,156,155,155,155,154,154,154,155,155,155,154,154,154,154,154,154,154,154,154,154,155,156,155,155,155,156,156,156,156,156,157,157,157,157,157,157,158,158,158,158,157,158,157,158,158,158,158,157,156,157,156,156,156,156,156,157,156,156,156,154,154,154,154,154,154,153,153,152,150,151,149,149,148,148,147,147,147,147,147,147,148,148,149,149,149,149,149,149,149,149,149,150,150,149,150,150,150,150,151,152,154,154,155,156,157,158,160,160,161,161,161,160,160,160,160,161,160,159,159,159,160,126,127,127,138,143,133,142,144,106,127,120,147,109,89,93,138,137,137,138,133,142,144,148,104,143,148,156,151,141,152,151,124,105,140,136,140,135,133,130,161,136,137,134
156,156,157,157,157,157,156,156,156,156,156,156,156,156,156,156,156,157,157,157,158,158,158,158,157,157,157,157,157,157,157,157,156,157,156,156,156,156,155,155,155,155,155,155,155,155,155,154,154,154,153,153,154,154,154,154,154,155,155,155,155,155,156,156,156,156,156,157,156,157,157,157,158,158,158,158,158,159,158,158,156,157,157,156,156,156,156,156,155,155,155,155,155,155,155,153,153,153,153,154,153,152,152,151,150,150,148,148,148,147,147,146,146,146,146,147,147,148,148,148,149,148,148,149,149,149,150,150,151,150,151,150,150,150,152,152,153,153,154,154,156,157,158,160,160,159,159,160,160,159,160,160,160,159,159,140,123,123,135,139,134,146,140,151,99,132,129,150,122,89,78,97,139,138,138,139,138,144,150,151,70,79,151,154,149,146,143,109,142,140,139,140,143,140,137,132,155,131,134,136
156,156,157,156,156,156,156,156,156,155,156,155,156,156,156,156,156,156,157,157,157,158,157,157,157,157,157,157,157,157,157,157,155,156,156,156,155,156,155,156,156,156,155,155,155,155,154,154,154,153,153,153,153,154,153,153,154,154,154,155,155,155,156,156,155,155,157,157,157,157,157,157,157,157,158,158,158,158,157,157,156,156,156,156,156,156,155,155,154,154,154,154,154,154,152,152,152,152,152,152,152,152,151,150,150,149,148,147,146,145,145,145,146,145,145,146,145,146,148,148,148,147,148,148,148,149,150,149,150,150,150,150,150,151,152,153,153,153,154,155,156,157,159,158,158,157,159,159,159,159,159,158,159,159,125,129,124,134,142,139,142,143,95,130,129,130,128,115,74,134,68,95,140,140,139,140,143,150,89,71,114,134,150,154,145,85,72,137,144,138,133,138,143,146,143,135,136,135,136,140
156,155,156,157,156,156,157,155,156,156,155,155,156,156,156,156,156,157,157,157,157,157,157,157,157,157,156,156,156,156,156,156,156,156,156,156,156,156,156,157,156,156,156,155,155,155,154,154,153,153,153,153,154,153,154,153,153,153,154,154,154,154,155,156,155,155,156,156,156,156,156,156,156,157,157,157,157,157,156,156,156,156,156,155,155,155,155,155,153,153,153,153,153,152,152,151,152,152,152,152,150,150,150,149,149,148,146,146,147,145,145,145,145,145,144,145,145,146,147,147,147,147,147,148,148,148,148,149,150,150,150,150,150,151,152,152,152,152,154,155,157,158,157,157,157,158,158,158,158,158,158,159,159,128,125,133,138,138,140,145,145,118,125,130,129,129,127,76,75,129,68,92,138,141,141,140,96,90,130,119,105,135,146,114,99,169,133,142,144,139,134,136,142,149,144,133,126,133,141,141
156,156,156,156,156,156,156,156,155,156,156,155,155,156,156,156,156,156,156,157,157,157,157,156,157,156,156,156,156,156,156,155,156,156,155,156,156,156,156,156,156,156,156,156,155,155,155,154,154,153,154,153,153,153,153,153,153,153,153,154,154,154,154,155,155,155,155,155,157,157,157,156,156,156,156,156,156,156,156,156,156,156,154,155,155,154,154,153,153,152,151,151,151,151,150,150,150,151,151,149,150,149,149,148,148,147,146,145,146,145,145,145,145,144,143,144,145,145,146,146,145,147,147,148,148,147,148,148,149,149,150,151,151,152,153,152,152,153,154,155,158,157,156,157,157,158,158,158,158,158,158,129,125,132,127,150,140,144,141,160,124,125,126,130,128,129,127,83,107,85,79,91,142,142,133,158,71,126,122,117,108,105,99,137,140,169,135,142,145,139,140,137,148,149,141,134,128,135,141,143
155,155,156,156,155,156,156,156,156,156,156,155,155,156,156,156,157,156,156,156,156,157,157,156,156,156,156,156,156,156,156,156,156,156,156,156,156,156,156,156,156,156,155,156,155,155,155,154,154,155,154,154,153,153,154,153,153,154,153,152,153,154,154,155,155,155,156,156,157,156,156,155,155,155,155,155,155,155,156,155,156,155,155,155,154,154,153,152,151,151,150,150,149,149,150,149,150,149,150,149,148,148,148,147,147,146,145,145,144,144,145,143,143,143,144,143,144,144,144,145,145,145,146,147,146,147,148,148,148,149,150,150,151,152,153,153,154,154,154,156,157,156,156,156,156,157,157,157,157,158,118,131,134,149,137,141,145,123,124,122,124,127,126,129,127,130,128,94,104,75,84,89,143,163,100,145,125,116,118,94,129,133,133,140,141,171,135,142,144,142,141,142,148,146,141,136,128,141,143,97
155,155,155,156,156,155,156,156,156,155,155,155,156,156,156,156,156,156,157,156,156,156,156,156,156,157,156,156,156,156,156,156,156,156,156,156,156,156,156,155,156,156,155,155,155,155,155,154,154,154,154,154,154,153,153,154,153,153,154,153,154,154,155,154,155,155,155,156,156,155,154,155,154,155,154,154,155,155,155,154,154,154,154,154,153,152,151,151,150,149,150,149,149,149,148,149,148,148,148,148,148,147,147,147,146,145,145,144,144,144,143,143,142,142,143,142,143,143,144,144,145,144,144,146,147,147,147,147,148,148,149,150,151,152,153,153,153,154,153,155,154,155,155,155,155,156,156,157,129,125,133,138,142,142,139,139,114,122,122,120,123,125,124,130,127,132,129,92,101,111,89,101,108,157,147,124,117,113,70,134,132,133,138,137,136,171,136,142,144,141,140,143,143,142,141,138,132,96,120,61
155,154,155,155,156,156,156,155,156,156,155,156,155,156,156,156,156,156,156,156,156,157,156,156,156,156,156,156,156,156,155,156,156,156,155,156,156,156,156,156,156,156,155,155,155,155,155,154,154,154,154,154,154,153,154,154,154,155,155,154,155,155,154,155,154,155,155,155,155,154,154,154,154,155,154,153,154,154,153,153,152,153,153,153,152,152,151,149,149,149,149,148,148,148,148,148,148,147,149,148,147,146,147,146,145,144,144,144,143,142,143,142,142,141,142,142,142,143,143,144,144,145,145,144,146,147,146,147,148,148,148,149,150,151,152,153,153,152,152,153,153,154,153,155,155,155,157,127,134,148,129,139,137,143,116,122,116,124,123,120,122,125,126,129,128,125,140,120,125,115,88,117,149,144,133,106,56,68,139,146,137,135,137,137,132,169,135,140,143,141,140,139,139,142,141,119,115,62,118,109
154,154,155,155,155,156,156,156,155,156,155,156,156,156,156,156,156,156,156,156,156,156,156,156,156,156,156,156,156,155,156,156,156,156,156,155,156,156,155,156,155,156,155,155,155,155,154,154,154,154,154,154,154,154,154,154,154,154,155,155,155,155,154,155,155,154,154,154,154,154,153,153,154,153,152,152,152,152,152,152,152,152,152,153,151,151,150,149,148,148,148,147,146,146,148,147,147,147,148,147,146,146,144,144,144,143,143,142,142,142,141,142,141,141,140,141,142,142,143,143,144,144,145,144,145,146,146,146,147,147,147,148,149,149,150,150,151,151,152,152,152,153,153,154,155,124,126,137,143,141,134,143,145,92,120,123,115,124,124,118,120,125,126,133,150,138,139,113,134,115,96,127,146,132,89,108,134,137,149,147,139,135,135,134,133,166,135,142,144,143,137,140,137,135,118,62,107,113,110,108
154,154,154,155,155,155,155,155,155,155,155,155,155,156,155,156,156,155,156,156,156,156,156,156,155,156,156,155,156,156,156,156,155,156,155,155,155,156,156,156,156,155,155,155,155,154,155,154,154,154,154,155,155,154,154,154,154,154,154,155,155,155,155,154,154,154,153,153,153,152,152,153,153,152,152,151,151,151,151,150,151,151,151,152,151,151,149,148,147,147,147,146,146,146,146,147,147,147,148,146,145,145,144,143,143,143,142,142,141,141,140,140,140,140,140,140,141,142,142,143,143,144,143,144,145,145,145,146,146,146,146,147,148,148,148,148,149,150,150,151,151,152,153,155,124,124,137,132,138,144,144,95,117,117,121,122,111,124,121,119,120,101,101,142,148,140,110,90,98,124,126,123,108,123,136,134,142,145,151,148,143,133,135,134,133,156,139,146,143,140,130,137,125,66,120,117,100,114,110,114
153,153,154,155,155,154,155,155,155,155,154,156,155,155,155,155,155,155,155,156,156,155,155,155,156,155,156,155,155,155,155,155,155,155,155,155,155,155,156,156,155,155,154,155,154,154,154,154,154,155,154,154,154,154,154,154,154,154,154,154,154,153,153,153,153,152,152,152,152,152,151,151,151,150,150,150,150,150,149,150,150,150,150,151,151,150,150,148,147,147,146,146,145,145,145,146,146,146,146,145,144,143,144,143,142,141,141,141,140,140,140,140,140,140,140,141,141,141,141,141,142,143,142,143,144,144,144,145,145,145,146,146,147,147,147,148,148,149,149,150,150,151,123,121,127,138,145,137,141,141,85,115,117,118,120,122,106,122,122,117,122,149,117,143,84,136,135,104,111,106,126,87,135,140,141,141,142,147,152,148,139,139,139,137,139,148,142,143,140,138,114,62,113,113,109,114,101,108,100,61
153,153,153,154,154,154,155,154,154,154,154,155,154,154,155,155,155,155,155,155,155,155,155,155,155,155,155,155,155,155,155,155,155,155,155,155,155,155,155,155,155,155,155,154,154,155,154,155,154,154,154,154,154,154,154,154,154,154,153,153,152,152,152,152,152,151,151,151,151,151,150,150,150,149,149,148,148,148,149,149,149,149,149,149,149,149,149,148,147,146,146,145,145,144,144,144,144,144,144,143,144,143,142,142,142,141,141,140,139,139,139,140,140,142,140,140,141,140,140,141,141,141,141,142,143,142,143,144,144,145,145,146,146,146,147,147,148,149,149,150,151,127,124,133,142,141,147,139,87,112,116,116,118,118,120,122,99,119,136,150,144,151,112,102,132,136,136,115,113,107,92,77,141,140,143,143,144,148,151,149,141,136,139,139,138,139,139,138,123,62,114,108,111,108,113,117,59,68,110,140
153,153,153,153,154,154,154,154,154,154,154,154,154,154,154,154,154,154,154,154,155,154,155,154,155,155,156,155,155,154,155,155,155,155,155,154,155,155,156,155,154,155,154,154,153,154,155,153,154,154,154,154,154,154,154,154,154,153,153,152,152,152,152,151,151,150,149,149,149,148,149,148,148,148,147,147,147,147,147,148,148,148,148,148,148,148,148,147,147,146,145,145,144,145,144,144,144,144,143,143,142,142,142,142,141,140,140,139,139,139,140,140,140,140,140,139,139,139,139,139,140,141,141,141,141,141,142,143,144,144,145,145,144,145,146,147,148,148,149,130,128,134,135,140,141,140,141,95,110,116,117,119,118,117,119,120,85,133,124,149,142,115,121,123,135,136,136,144,112,103,79,75,144,143,146,145,145,149,151,149,140,138,139,140,137,129,134,68,118,108,109,110,110,114,68,93,92,136,141,137
153,153,153,153,154,154,154,154,154,153,153,153,154,154,154,154,154,154,154,154,154,154,155,154,154,154,154,154,155,154,154,154,154,155,154,154,154,155,154,155,154,154,154,155,154,155,153,154,154,154,155,154,154,154,154,154,153,153,152,152,152,152,151,151,150,149,149,148,148,148,147,147,147,147,146,146,146,146,146,146,146,147,146,147,147,147,147,148,147,146,146,145,144,144,144,144,144,144,143,143,142,142,141,141,140,140,139,139,139,139,140,140,139,138,139,139,139,139,138,140,140,140,140,140,140,141,141,142,142,142,143,144,144,145,146,147,147,148,129,124,131,131,133,139,148,109,96,111,111,115,116,118,118,118,118,106,128,148,140,100,119,121,121,125,134,137,136,140,153,89,69,75,145,144,148,145,144,148,151,146,142,138,137,137,157,89,124,111,115,114,112,112,73,108,136,133,134,135,138,135
152,152,153,153,153,153,153,154,154,153,153,153,153,153,153,154,154,153,153,154,154,154,154,154,154,154,154,154,154,154,154,154,155,154,154,154,154,154,155,154,154,154,155,154,154,154,154,154,154,154,154,154,154,154,153,153,153,153,152,152,152,152,151,151,150,149,149,148,147,148,147,147,146,146,145,146,146,145,145,145,146,145,146,146,146,146,146,146,147,145,146,145,144,144,144,144,143,142,142,142,142,141,140,139,140,140,139,139,139,139,140,140,140,139,139,138,139,138,139,139,140,139,140,140,140,141,142,141,142,142,143,144,144,144,146,146,135,125,136,142,146,135,144,141,106,111,106,114,112,115,116,118,118,98,146,144,134,132,118,123,124,123,121,127,137,136,135,78,123,85,58,72,146,143,148,145,144,148,149,142,138,133,154,97,141,115,115,119,118,107,72,90,134,139,137,136,136,135,136,135
152,153,153,153,153,153,153,153,153,153,153,153,153,153,153,153,153,153,153,153,153,153,153,153,154,154,154,153,154,154,153,153,154,154,154,154,153,154,153,154,154,154,154,154,154,154,154,154,153,153,153,153,153,153,153,153,153,152,152,152,151,151,151,150,150,149,149,148,148,148,147,147,146,146,146,146,145,145,145,145,145,145,145,145,145,145,145,145,146,146,146,145,145,144,144,144,143,143,141,141,141,141,140,139,139,138,139,139,139,139,140,139,139,139,140,139,139,139,139,140,140,141,142,142,142,143,142,142,143,143,143,144,145,145,146,130,130,130,133,136,139,136,149,116,108,111,137,115,112,117,116,104,97,143,137,144,138,120,124,127,126,123,122,130,138,136,135,78,82,91,58,69,145,145,148,145,144,148,147,141,109,76,148,144,121,109,114,112,95,65,145,138,140,139,137,135,135,133,138,138
152,153,153,153,152,153,153,153,153,153,153,153,153,153,153,152,153,152,153,153,153,153,153,153,154,154,154,153,154,153,153,153,153,154,153,154,154,153,153,153,153,153,153,153,154,153,153,153,153,153,153,153,153,153,153,153,153,153,152,152,151,151,151,151,151,150,150,150,150,149,148,148,147,147,146,147,146,145,145,145,145,144,145,144,145,144,144,144,144,144,144,144,144,144,143,143,142,142,141,140,140,140,140,139,139,139,139,139,139,140,140,140,140,140,139,140,140,140,140,141,143,144,146,145,145,145,144,143,143,143,144,144,145,145,128,126,140,138,138,145,117,108,115,116,110,112,125,115,112,116,121,145,157,146,103,114,147,121,126,126,128,124,126,133,139,112,105,107,86,119,54,73,146,145,146,144,146,144,131,70,115,132,139,131,116,105,93,65,145,138,138,140,140,139,137,131,135,132,136,139
151,152,153,152,152,152,152,152,152,152,152,152,152,152,152,153,153,153,153,153,153,153,153,153,153,153,153,153,153,153,153,153,153,153,153,153,153,154,153,153,153,153,153,153,153,153,153,153,153,153,153,153,153,153,154,153,153,153,153,153,153,153,153,153,153,152,152,152,152,151,150,150,149,148,148,147,147,147,146,145,144,144,144,144,144,143,143,143,143,143,143,144,143,143,143,142,142,141,140,140,138,138,138,139,139,139,139,140,139,140,140,140,140,140,140,140,140,141,142,143,145,146,147,149,147,146,145,144,144,144,144,143,128,128,135,141,134,137,142,90,109,106,116,116,111,112,132,115,102,143,146,147,107,117,113,114,153,124,127,127,129,126,129,137,112,154,151,114,97,123,64,78,146,144,144,144,131,68,117,118,108,128,124,106,85,85,138,135,141,141,137,139,140,138,134,132,133,132,134,135
151,151,152,152,152,152,152,152,152,152,152,152,152,152,152,152,152,153,153,153,153,153,153,153,153,153,153,153,153,153,153,153,153,153,153,153,153,153,153,153,153,153,153,153,153,153,153,153,153,153,153,153,153,153,153,153,153,153,153,154,154,154,154,155,155,154,153,153,154,153,153,152,151,149,149,149,148,147,147,146,145,145,145,143,143,143,142,142,142,142,142,141,142,141,141,141,140,139,139,139,139,139,139,138,140,140,141,140,141,141,141,141,140,141,140,141,142,142,143,145,147,149,150,151,149,148,145,145,144,145,146,124,126,140,137,141,144,109,106,106,108,106,115,116,110,112,122,115,151,149,154,89,120,118,114,115,147,124,126,126,127,125,107,157,154,150,146,85,96,91,62,91,145,142,138,65,119,113,118,117,110,109,81,85,126,139,136,134,140,140,135,138,138,139,136,131,134,131,133,134
151,151,152,152,152,152,152,152,151,151,152,152,152,152,152,152,152,151,152,153,152,153,153,153,153,153,153,153,153,153,153,153,153,153,153,153,153,153,153,153,153,153,153,153,154,153,153,153,153,153,153,153,153,153,154,153,154,154,154,154,154,154,154,154,154,154,154,154,154,154,155,154,153,152,150,150,150,149,147,147,146,146,145,143,143,143,142,141,141,141,141,141,140,140,140,139,138,138,138,138,138,138,139,139,139,141,142,142,141,141,141,142,141,142,142,142,144,145,145,147,148,152,151,150,148,146,145,145,145,127,124,135,134,135,146,146,108,105,108,106,106,105,115,115,110,120,123,147,144,110,112,104,116,118,114,125,135,125,126,126,160,157,151,154,149,102,134,91,91,87,53,102,135,67,121,117,117,118,116,106,66,76,124,128,128,141,136,135,139,140,137,137,137,138,134,130,132,132,134,134
151,151,151,151,152,152,151,151,152,152,151,151,152,152,152,152,152,153,152,152,152,153,153,153,153,152,152,153,153,153,153,153,153,153,153,153,153,153,153,153,153,153,153,153,154,153,153,153,153,153,153,153,153,153,153,153,153,154,154,154,154,154,154,154,154,154,153,154,153,154,154,154,153,152,151,151,149,148,147,146,145,144,144,143,143,142,142,141,140,140,139,139,139,139,138,139,137,138,137,138,138,139,140,140,140,141,142,141,141,141,140,142,143,144,144,143,145,147,148,148,149,149,150,149,148,147,146,146,133,127,143,140,141,146,98,103,105,105,106,107,106,107,116,150,153,148,136,115,118,109,115,101,116,118,114,119,131,122,136,99,152,154,152,83,133,137,135,91,95,98,53,114,114,116,116,117,116,109,60,66,127,126,127,128,126,139,133,132,135,140,137,133,136,138,136,132,132,131,132,132
152,151,152,152,151,151,152,151,151,152,152,151,151,151,151,151,152,151,152,152,152,152,152,153,152,153,152,153,152,153,152,152,153,152,152,153,153,153,153,153,153,153,154,154,153,153,153,153,153,153,153,153,153,153,153,153,153,154,155,153,154,154,154,154,154,154,154,154,154,153,153,152,152,152,152,150,149,149,146,146,145,144,144,143,142,142,141,140,140,139,139,138,137,137,137,137,137,137,137,138,138,138,139,140,141,142,143,143,142,142,141,144,145,146,145,147,147,148,149,150,149,148,147,147,146,146,131,126,138,137,134,149,141,89,108,105,105,105,107,105,106,106,102,135,154,156,118,122,120,111,115,97,119,118,116,121,123,123,150,153,150,117,134,136,136,136,137,93,101,103,67,121,113,112,117,106,41,50,135,136,133,128,126,127,127,134,131,132,134,135,133,120,134,136,135,133,131,130,130,88
150,150,151,150,151,151,151,151,151,151,151,151,151,151,151,151,151,151,152,152,151,151,152,152,153,152,152,153,152,152,153,152,152,152,152,152,153,153,153,153,153,153,153,154,154,153,153,153,153,153,153,153,152,152,153,153,153,153,154,154,153,153,153,153,152,154,153,153,153,153,152,152,151,151,150,149,148,147,146,145,145,144,143,142,142,141,141,140,140,139,138,138,137,137,137,137,137,137,137,137,138,138,140,141,142,143,144,144,143,143,143,145,146,148,149,149,149,151,150,149,148,149,146,148,148,127,133,134,137,136,147,98,103,106,108,106,107,106,106,102,141,144,151,142,164,115,127,122,121,111,114,96,124,117,113,128,152,151,151,124,119,138,136,139,134,137,136,100,102,109,105,123,114,115,56,68,137,140,140,136,134,131,127,127,129,133,132,132,132,132,132,113,134,136,134,132,115,107,72,61
150,152,150,151,151,151,151,151,151,151,151,151,151,151,151,152,151,151,151,151,151,152,152,152,152,152,152,152,152,152,153,153,152,153,153,153,152,153,153,153,153,153,154,154,154,154,154,153,153,153,153,153,152,153,152,153,152,152,154,154,153,152,153,152,152,152,152,151,152,151,151,150,151,150,150,149,148,146,146,145,145,144,143,142,142,142,141,140,140,139,138,137,138,138,137,136,137,137,137,137,138,139,141,142,144,145,146,146,147,147,146,147,148,149,151,151,151,153,152,149,148,147,147,131,139,136,129,134,140,141,99,112,106,103,107,104,106,106,107,158,146,142,101,108,117,115,123,120,121,113,114,93,132,134,152,152,146,123,89,128,133,140,137,139,133,136,135,113,107,111,101,121,82,110,144,139,138,139,144,137,134,141,129,128,127,132,131,130,132,132,132,89,135,136,74,136,60,84,118,112
150,151,151,151,151,151,151,151,151,151,151,151,151,151,151,151,151,151,151,152,151,152,152,152,152,151,152,152,152,153,152,152,153,152,153,153,152,152,153,152,153,153,154,154,154,153,154,154,152,153,153,153,153,153,152,153,152,153,153,153,153,152,153,152,151,151,150,150,150,149,149,149,148,149,149,148,147,146,145,144,144,144,144,142,142,141,141,140,140,139,139,139,138,138,137,137,137,137,137,137,138,140,143,144,147,148,150,150,151,151,150,150,151,152,153,154,152,153,153,150,147,147,141,148,150,138,144,143,109,104,109,112,106,104,106,110,105,102,151,149,124,111,108,109,119,115,125,120,120,113,112,123,152,155,151,142,120,128,131,129,137,136,137,138,134,136,135,151,110,113,71,121,137,143,147,142,136,139,148,139,136,144,129,128,128,130,133,128,132,132,131,69,91,130,60,115,110,107,109,105
150,150,150,150,150,150,150,151,151,151,150,151,151,151,150,150,152,151,151,151,152,152,152,151,151,152,151,152,152,152,152,152,152,153,152,153,152,152,153,153,153,153,153,154,155,155,154,153,153,153,153,153,153,153,153,153,153,152,152,153,153,152,152,151,150,150,149,149,148,148,148,147,147,147,147,147,146,144,145,144,143,143,143,142,142,141,140,140,140,140,139,138,137,137,137,136,137,137,137,138,139,141,144,146,147,150,151,153,152,152,152,153,153,152,153,153,154,154,152,150,136,141,147,140,136,142,146,102,105,105,109,110,106,105,113,146,146,150,145,109,112,114,111,115,120,116,122,121,120,153,155,143,152,147,107,120,133,132,132,127,138,138,136,140,135,136,112,96,136,110,67,126,142,146,147,142,141,142,151,138,136,146,128,127,127,131,131,129,131,127,63,61,58,115,116,111,112,104,103,98
149,150,150,150,150,150,150,150,151,151,150,151,151,151,151,151,151,151,151,151,152,151,151,151,151,151,152,152,151,152,152,152,152,152,152,152,152,153,152,153,152,153,153,155,155,155,154,153,154,153,153,153,153,153,153,153,153,153,152,153,152,152,152,151,151,150,149,148,148,148,147,146,146,146,146,146,145,144,143,143,143,143,142,142,142,141,141,140,139,139,139,138,138,138,137,137,137,137,137,138,140,142,145,149,151,152,152,153,153,153,154,152,152,153,152,153,154,153,151,141,150,152,141,144,146,148,130,105,104,105,108,108,105,113,146,153,149,114,105,104,115,116,110,113,117,115,117,140,109,152,153,142,119,112,119,124,127,133,133,132,138,143,140,141,125,120,160,98,147,111,86,121,145,147,148,144,141,144,151,136,135,146,128,127,127,128,131,58,66,60,113,105,116,111,88,103,103,109,55,70
149,150,150,150,150,150,150,150,150,150,151,151,151,151,151,150,150,151,151,151,151,151,151,151,151,151,151,152,152,152,152,151,152,152,153,152,152,152,153,153,154,153,154,155,155,155,154,155,154,154,153,153,153,153,153,153,153,153,152,152,152,152,152,152,151,150,149,149,149,148,147,147,146,146,145,145,145,144,143,143,142,142,143,142,142,141,140,140,139,139,139,139,137,137,137,137,137,137,138,139,141,144,148,151,153,153,153,154,154,154,154,155,155,153,152,152,152,145,139,145,142,142,146,140,109,106,128,104,105,105,107,107,114,149,147,104,117,115,106,104,115,116,110,114,118,128,109,155,154,152,108,83,112,115,120,125,120,134,134,140,137,141,129,142,158,147,146,139,103,138,99,118,145,146,147,143,141,145,152,146,134,143,127,126,128,99,70,60,121,113,111,99,111,111,66,57,89,59,133,132
150,150,150,150,150,150,150,150,150,150,150,150,150,150,151,150,151,151,151,151,151,151,151,151,151,150,151,151,151,152,151,152,152,152,153,152,153,153,153,153,153,153,153,154,155,153,153,154,153,154,153,152,153,152,152,152,152,153,152,152,152,152,152,151,151,151,150,149,149,148,149,148,147,147,146,146,145,144,144,144,143,143,142,142,143,142,141,140,139,139,139,138,138,138,137,137,137,138,139,140,142,144,147,150,154,154,154,154,154,154,155,155,155,154,153,153,137,143,152,146,145,151,161,109,110,105,124,104,106,104,116,152,152,147,89,103,115,116,106,104,114,116,110,111,131,148,146,156,86,110,115,80,117,115,121,125,120,134,134,141,104,142,153,152,152,144,155,98,99,112,109,121,140,142,144,143,141,145,147,135,133,132,112,89,59,72,119,120,114,113,106,104,94,62,121,108,109,131,132,131
149,149,150,149,150,150,149,150,150,149,150,150,150,150,150,150,151,151,151,151,151,151,151,151,151,151,151,151,151,152,152,152,152,152,153,154,154,154,153,153,153,154,153,153,153,152,153,153,153,153,153,152,152,152,152,152,152,152,152,153,152,151,151,151,151,151,151,150,150,150,149,149,149,149,148,147,146,145,145,144,144,143,143,143,143,143,143,141,140,139,140,139,138,138,138,138,138,139,140,141,143,145,147,150,154,153,154,154,154,154,155,155,155,154,154,143,147,134,139,145,149,109,106,109,110,105,119,104,101,119,151,146,108,113,103,103,115,116,106,104,114,114,101,153,150,152,98,111,111,111,117,90,118,116,121,125,119,133,99,142,153,149,152,150,103,127,127,96,108,127,97,121,136,137,139,139,142,146,150,136,65,109,62,116,117,108,108,110,109,97,67,61,55,105,105,106,107,126,130,129
148,149,150,149,149,149,150,150,150,149,150,150,150,150,150,150,150,151,151,151,151,151,150,151,151,151,151,150,151,151,151,151,152,152,154,154,154,154,153,153,154,153,153,154,152,152,151,153,152,152,153,153,153,152,152,152,152,151,152,152,151,151,151,151,151,151,151,151,151,150,150,150,149,149,148,147,147,147,146,146,145,145,144,145,145,144,144,142,141,140,140,139,139,139,139,139,139,141,142,144,145,147,149,151,153,153,154,154,154,153,154,153,153,137,146,152,137,142,143,106,110,114,108,109,110,103,117,116,154,152,104,103,114,115,102,104,115,115,108,103,152,151,154,152,129,109,109,113,115,113,117,92,118,116,120,124,95,143,155,139,155,152,111,135,138,133,131,95,107,149,101,124,136,137,137,137,142,146,67,91,64,115,118,117,112,108,110,90,67,66,127,73,103,104,106,105,104,123,131,130
148,149,149,149,149,149,149,150,150,150,150,150,149,149,150,150,150,150,151,151,150,150,150,150,151,150,151,150,151,151,151,151,151,152,154,154,153,154,153,154,153,154,153,152,152,151,152,152,152,152,153,152,153,152,152,152,152,152,151,151,152,151,152,151,151,151,151,151,151,151,150,150,150,149,149,148,149,148,148,147,147,146,145,145,144,145,144,143,142,142,142,141,142,142,141,141,143,145,145,146,149,151,151,152,153,153,153,155,154,154,155,155,142,150,131,142,148,144,114,111,109,113,108,108,106,137,155,151,140,111,107,108,115,116,102,104,114,115,148,154,151,147,112,73,106,111,112,113,114,112,117,106,117,116,110,132,152,151,153,129,109,135,137,137,138,128,132,93,108,142,105,124,139,139,140,136,75,64,52,118,113,89,109,112,101,74,48,62,132,124,125,78,100,102,104,105,104,126,129,129
148,149,148,149,149,149,150,148,149,149,149,150,150,150,150,150,150,150,150,150,150,150,150,150,150,150,150,150,150,150,150,150,151,151,153,154,154,154,154,153,154,153,153,152,152,152,151,152,152,152,152,152,153,152,152,152,152,152,152,151,151,151,151,151,151,151,151,151,151,151,150,150,149,149,149,149,149,148,148,148,147,147,146,145,145,144,144,144,144,143,144,143,144,145,146,146,148,148,148,149,152,153,154,154,154,154,153,154,154,154,138,145,152,150,146,146,108,109,116,110,108,115,108,101,101,150,137,115,115,113,107,108,114,115,103,105,118,96,152,142,151,108,82,81,109,112,111,114,114,115,117,118,112,98,158,153,150,149,155,116,126,133,136,138,138,129,134,98,98,103,106,122,140,75,132,68,114,120,115,108,102,107,97,72,77,114,139,140,136,140,135,87,123,103,103,102,100,128,127,125
148,148,149,149,149,148,149,149,149,149,149,149,149,150,150,149,150,150,150,150,150,150,150,150,150,150,150,150,150,150,151,151,151,151,152,153,153,154,153,153,153,153,153,153,151,151,152,151,152,152,152,152,152,152,152,152,152,152,151,152,151,151,151,151,151,151,150,150,150,149,149,150,149,150,149,148,148,148,148,148,149,147,145,145,145,146,145,145,144,144,145,145,147,148,149,150,150,149,150,151,153,154,154,154,154,153,154,154,154,141,149,127,146,145,124,94,105,109,114,112,112,113,119,153,148,104,116,108,116,113,107,106,113,114,96,123,156,156,147,108,106,104,82,93,106,113,112,112,114,113,106,91,150,148,155,129,101,122,129,99,126,131,134,137,137,131,131,112,104,83,109,120,84,62,113,117,115,111,106,104,72,63,60,120,97,117,137,136,139,139,141,90,114,121,101,97,116,128,126,142
148,149,149,149,148,149,148,149,149,148,149,149,149,149,149,149,149,149,150,149,150,150,150,150,150,150,150,150,150,150,150,150,150,150,150,151,151,152,153,153,153,153,153,152,151,151,151,151,152,152,152,151,151,152,152,151,152,152,151,151,151,151,151,151,151,150,150,150,149,149,149,148,149,148,148,148,147,148,147,147,148,148,146,145,146,146,146,146,146,146,148,148,148,149,150,151,151,151,151,152,152,153,154,154,154,154,153,153,153,151,150,149,149,124,107,100,105,107,118,109,111,158,147,145,94,107,118,108,115,114,106,105,111,154,151,154,150,161,104,105,106,104,79,93,108,110,110,111,98,93,152,125,155,106,102,129,138,124,129,97,126,131,133,136,135,127,130,113,98,81,110,105,114,116,111,112,111,107,67,88,132,112,112,111,110,111,135,137,141,137,141,81,124,119,99,114,104,136,132,130
148,148,148,149,149,148,148,148,149,149,149,149,149,149,149,149,149,149,149,149,149,149,149,150,150,149,150,150,150,150,149,149,150,149,150,149,150,150,150,152,152,153,152,152,152,152,151,152,152,151,151,152,153,151,151,151,151,151,151,151,151,150,150,150,149,149,149,149,149,148,148,148,148,148,148,147,147,147,148,148,148,147,146,146,146,146,147,147,148,149,150,151,151,151,151,152,151,152,152,152,152,152,154,153,154,153,154,153,153,144,144,105,108,108,108,96,107,106,113,106,150,137,135,116,113,108,114,109,117,114,106,103,153,150,147,163,108,109,104,105,105,104,83,82,105,110,108,95,151,157,152,96,119,123,127,131,140,126,129,88,124,128,133,133,132,110,151,145,93,76,98,115,110,114,105,89,85,61,138,138,130,104,105,106,108,111,133,138,142,137,142,78,124,107,114,103,104,141,128,127
148,148,149,148,148,148,148,149,149,149,149,149,149,149,149,149,149,149,149,149,150,150,149,149,149,149,150,149,150,149,150,150,150,149,149,149,150,149,150,150,151,151,152,151,151,153,152,152,152,152,152,152,151,151,152,151,151,151,151,151,151,150,150,150,150,150,149,148,148,148,148,149,148,148,148,148,148,148,148,148,148,148,148,148,147,147,148,150,152,153,152,151,151,151,152,152,152,152,153,153,153,154,153,154,153,153,153,153,153,142,93,96,108,107,103,96,117,105,149,145,108,102,108,115,113,109,112,109,116,158,159,149,148,108,103,103,108,109,103,104,104,103,80,90,115,110,156,152,152,99,111,121,125,126,127,130,139,126,127,80,124,126,133,99,99,153,151,95,129,71,120,112,110,80,123,148,119,138,134,130,128,101,103,105,105,113,131,139,148,144,131,75,109,102,100,102,106,131,126,126
147,148,149,149,148,148,149,148,148,148,148,148,148,148,149,149,149,148,149,149,149,149,149,149,149,149,150,150,149,149,149,149,149,149,149,149,149,149,150,149,149,150,150,150,151,151,152,152,151,152,152,152,152,151,151,151,151,151,151,151,151,151,150,149,150,149,150,149,149,149,149,149,149,149,149,149,148,149,150,150,150,150,150,150,150,151,152,152,153,152,151,151,151,151,151,152,152,152,153,153,153,152,153,153,153,153,152,153,152,107,104,94,107,106,104,93,134,149,123,88,108,107,106,116,113,108,115,97,108,153,158,101,74,79,102,102,107,107,103,103,104,103,114,120,149,155,150,91,111,113,116,130,124,127,126,128,139,124,126,80,125,91,91,151,154,152,149,101,131,80,119,102,60,146,148,142,94,136,128,128,128,102,101,104,105,115,132,131,138,133,129,67,116,100,100,99,104,88,106,134
147,148,148,148,148,148,149,148,148,147,148,148,148,149,149,148,148,149,149,148,149,148,148,149,148,149,149,149,149,149,149,149,149,149,149,149,149,149,149,150,149,149,149,149,149,150,152,151,152,152,151,152,152,152,151,151,151,151,151,151,151,151,150,150,150,149,149,149,149,150,149,149,150,149,149,150,150,150,150,151,152,152,153,153,152,152,152,153,153,153,152,151,152,151,151,152,152,153,153,153,153,153,153,152,153,152,152,152,152,108,102,97,106,104,108,154,149,114,104,107,107,102,106,114,113,105,128,156,161,144,103,112,82,77,100,101,106,107,99,118,164,143,152,156,135,152,112,111,110,115,116,127,124,127,127,128,136,123,116,96,157,153,156,154,150,91,145,131,157,101,96,118,143,143,143,137,66,131,127,129,129,103,101,102,103,108,131,130,135,142,131,64,105,99,99,73,61,63,56,109
147,147,149,148,148,148,148,148,148,148,148,148,148,148,148,148,149,148,148,148,148,148,148,148,148,148,149,149,148,149,149,149,148,149,149,148,149,149,149,148,149,148,148,149,149,150,150,149,150,152,151,131,109,151,151,152,151,152,152,152,151,151,151,150,149,149,149,148,149,149,149,150,150,150,150,150,150,150,152,152,152,152,152,152,152,152,153,153,153,152,153,151,151,151,151,151,152,152,152,152,153,152,152,152,152,152,152,151,152,109,103,97,107,155,152,94,105,108,102,108,107,104,106,116,117,156,152,156,97,109,112,111,82,79,99,100,105,116,100,141,153,153,137,152,98,115,131,111,111,115,116,128,124,126,127,129,96,118,158,147,156,152,112,107,131,139,143,123,124,86,88,124,140,142,137,143,59,138,129,128,129,104,100,101,101,112,132,128,131,131,134,64,79,118,86,62,112,94,102,103
147,147,148,148,148,148,147,147,148,147,148,148,147,148,148,148,148,148,148,148,148,148,148,148,148,148,149,149,149,149,148,149,148,148,148,148,148,148,148,148,148,149,149,149,149,150,148,149,149,149,150,127,105,151,151,151,151,151,151,151,151,151,150,149,148,148,147,148,148,148,149,149,149,149,149,149,150,151,151,152,152,152,153,153,152,152,153,152,153,153,152,151,151,151,151,151,151,151,151,151,151,151,151,151,151,151,151,152,152,110,105,83,151,153,85,112,106,108,103,108,107,108,160,162,156,151,134,104,110,110,111,110,84,79,100,115,164,139,153,151,149,110,118,119,100,117,144,109,110,116,116,130,124,127,98,102,150,148,156,144,118,102,131,135,135,136,144,105,85,98,81,123,141,143,139,142,50,136,131,128,128,105,102,101,101,105,128,126,131,118,136,62,59,107,103,103,100,94,98,100
147,147,147,148,147,147,147,147,147,147,147,147,147,147,148,148,147,148,147,148,147,147,147,148,148,148,148,148,148,149,148,147,148,148,148,148,149,148,148,149,148,149,148,148,149,148,149,149,148,149,149,115,111,151,151,151,151,150,151,150,149,149,149,148,149,148,148,148,148,149,148,148,148,148,148,148,149,149,150,151,152,152,152,152,152,152,152,152,152,152,152,152,150,150,150,150,151,150,150,150,151,151,150,150,151,151,151,152,152,152,148,147,106,105,107,114,106,106,97,106,114,159,155,150,126,107,153,106,111,110,111,110,84,81,158,139,155,155,153,108,114,115,118,120,100,119,142,110,109,115,115,120,109,151,162,159,154,144,124,155,125,128,133,136,136,134,146,98,116,110,82,124,144,146,138,136,63,132,129,127,127,104,102,100,98,101,99,136,132,58,111,96,101,107,102,103,101,91,95,104
147,147,147,147,148,147,147,147,147,147,147,148,147,147,147,148,148,148,148,148,148,147,147,147,147,148,147,148,148,148,148,148,148,148,148,147,148,148,148,148,148,148,149,149,148,148,148,148,148,149,149,91,78,151,150,150,150,150,149,149,148,149,149,149,148,148,148,148,148,147,147,148,148,147,148,148,147,148,150,150,151,152,152,151,151,151,151,152,151,152,152,151,150,150,150,149,149,150,150,150,150,151,150,150,151,150,151,151,152,149,95,105,112,108,107,112,106,105,92,96,153,151,95,104,104,106,154,105,111,111,111,111,161,151,153,157,156,130,105,105,114,116,117,119,97,119,134,110,108,101,129,151,160,155,154,100,90,119,124,158,128,131,135,137,136,133,144,97,110,101,82,122,138,144,136,138,61,129,125,124,125,102,97,98,66,75,63,113,107,106,104,101,104,103,103,98,105,88,82,61
147,146,147,147,146,147,146,146,147,147,147,147,147,147,148,148,147,147,148,148,147,147,147,147,147,147,147,147,148,148,148,148,147,148,148,148,147,147,147,147,147,147,148,148,148,148,148,148,148,149,95,91,81,93,149,149,149,149,148,149,149,148,148,148,149,148,147,147,147,148,147,148,147,147,147,147,147,149,149,150,150,151,151,150,151,151,151,151,152,151,152,151,150,150,149,149,149,149,150,150,149,149,151,150,150,150,151,150,150,95,105,107,111,108,108,109,101,98,154,154,94,101,103,104,105,106,157,105,108,110,98,143,153,156,151,93,104,104,105,104,113,116,117,119,102,120,111,93,94,158,160,150,155,93,118,119,115,119,126,160,128,131,131,135,135,134,136,96,100,152,69,112,141,141,134,133,62,129,122,123,123,65,93,65,111,108,101,105,106,105,103,98,92,105,73,60,63,58,122,122
147,147,147,147,146,147,147,147,147,147,146,147,147,146,147,148,148,147,148,148,147,147,147,147,147,148,148,147,147,147,147,148,147,148,147,147,147,147,147,147,147,147,148,147,147,148,148,148,148,149,96,99,110,88,149,149,149,149,149,148,149,148,148,148,148,147,148,148,148,148,148,147,147,148,147,147,147,148,149,149,150,150,151,150,150,150,150,151,151,152,151,151,150,149,150,149,150,149,149,149,149,149,149,149,149,149,149,150,150,106,105,114,111,107,105,127,163,159,120,107,106,103,105,105,104,107,155,104,160,153,155,150,142,87,108,107,104,107,105,103,115,116,117,117,96,159,134,156,159,156,147,156,112,113,118,120,115,120,125,166,128,130,127,134,135,134,134,113,93,150,59,116,138,135,131,133,70,125,74,132,61,80,108,111,110,109,106,105,105,98,110,76,66,76,118,119,121,68,121,123
147,147,146,147,147,147,147,146,147,146,146,146,147,147,147,146,147,147,148,148,147,148,148,147,147,147,147,147,147,147,147,147,147,147,147,148,147,147,147,147,147,146,147,147,147,148,148,148,148,148,109,93,87,123,150,149,148,149,148,149,149,149,147,148,148,148,147,147,147,147,147,148,147,147,147,147,148,147,148,148,150,150,150,150,150,151,151,151,151,151,152,151,149,149,148,149,149,149,148,148,148,148,149,148,149,149,149,149,149,106,106,104,108,164,155,158,157,95,128,106,106,103,105,104,101,107,149,161,154,152,119,92,109,109,110,107,106,107,104,103,114,116,114,146,158,156,154,153,103,93,112,159,112,115,117,120,116,119,124,167,127,128,120,133,97,115,157,161,117,101,53,107,132,130,128,97,67,65,72,105,110,106,104,105,110,103,104,97,65,64,107,120,118,119,122,120,121,65,119,120
146,147,146,146,146,146,147,147,146,147,147,146,146,147,147,147,147,147,147,147,147,147,147,147,147,147,147,147,146,147,147,147,146,147,147,146,147,146,146,147,147,147,147,147,147,147,147,147,147,96,108,93,84,77,104,148,148,148,148,148,149,147,147,148,147,147,147,147,147,147,147,147,147,147,147,147,147,146,147,147,149,149,151,150,151,151,150,151,151,151,151,151,148,149,149,149,149,148,148,148,148,148,148,148,148,148,148,148,148,106,105,159,159,158,153,109,108,111,126,107,105,102,104,104,127,156,148,153,100,101,105,106,112,110,111,107,106,106,105,104,113,98,159,153,154,153,91,108,109,109,112,158,111,115,118,120,115,119,122,164,125,126,106,97,151,150,143,155,111,126,67,101,98,130,83,67,98,107,107,112,108,104,102,106,85,63,70,120,121,120,121,122,120,121,122,119,117,70,117,118
146,147,147,146,146,145,146,146,146,146,146,147,146,146,147,146,147,147,147,147,146,147,147,147,147,148,147,147,147,147,147,147,147,147,146,146,146,147,147,147,147,147,147,147,147,147,147,147,147,107,92,94,97,131,105,148,148,147,148,148,149,147,147,147,147,147,148,147,147,147,147,147,147,147,147,146,146,146,147,147,147,149,149,150,150,151,150,151,151,151,151,150,149,150,149,148,148,148,148,148,148,148,147,147,148,148,148,148,148,102,116,152,153,113,110,123,106,111,120,107,105,104,153,162,153,157,90,103,106,111,106,107,112,110,111,108,106,105,96,102,151,143,149,123,98,108,107,110,109,111,113,154,112,117,117,119,114,119,122,163,137,152,149,150,151,142,113,131,86,121,87,86,66,107,108,111,109,112,108,108,104,73,64,67,122,122,58,123,118,117,116,121,117,117,119,119,116,69,116,117
146,145,145,145,146,146,146,146,145,146,146,147,146,146,146,146,146,146,146,146,146,147,147,147,147,147,147,146,146,146,146,146,146,146,146,146,146,146,146,147,146,146,146,146,147,147,147,147,98,131,97,96,98,87,101,85,148,147,147,147,149,147,147,147,147,147,147,147,147,147,147,146,147,147,147,146,146,146,146,147,147,147,148,149,148,148,149,150,151,150,150,150,150,149,149,148,148,148,148,147,147,147,147,147,147,148,147,147,147,151,150,107,109,107,108,126,106,110,117,105,111,160,158,158,89,107,100,110,108,111,107,106,112,108,111,104,158,158,153,154,149,94,102,104,97,109,104,110,111,112,114,148,114,118,117,120,97,116,158,134,150,150,143,118,159,137,141,113,105,123,83,96,101,108,108,108,106,113,99,51,63,85,119,120,120,120,58,117,115,115,115,118,115,116,117,116,116,68,115,116
145,145,145,146,146,145,146,146,145,146,145,145,146,146,146,146,147,146,147,147,147,147,147,147,147,147,147,147,146,146,146,147,148,148,146,146,146,146,146,146,146,145,146,147,146,147,147,146,150,91,90,103,149,141,100,77,148,147,147,147,149,147,147,147,147,147,147,146,147,147,147,147,147,146,147,147,146,146,146,146,147,147,148,148,147,147,149,150,150,151,150,149,148,148,148,148,147,148,148,148,148,147,147,148,147,147,147,147,147,100,102,100,109,108,107,128,103,108,121,160,155,154,97,108,106,108,98,111,107,111,107,109,112,102,123,155,154,154,150,117,104,105,109,108,100,110,103,111,111,111,113,157,117,119,120,88,155,145,156,137,158,106,93,131,130,137,138,110,145,116,101,90,103,105,104,100,54,64,122,119,118,73,118,118,118,120,65,115,114,113,114,119,108,115,116,116,114,66,114,114
145,145,146,146,145,145,145,146,145,146,146,146,145,145,145,146,146,146,146,146,146,146,146,147,147,147,147,147,146,145,150,152,148,148,148,147,148,146,146,146,146,146,147,146,146,147,147,114,102,107,95,91,88,80,85,114,100,147,146,147,147,147,147,147,147,147,147,147,147,147,147,147,146,147,146,147,147,146,146,146,147,146,146,147,147,147,148,148,151,150,150,149,148,149,148,147,147,148,148,148,149,148,147,147,147,147,147,147,147,108,105,99,107,107,104,128,124,161,153,155,99,139,113,104,105,106,98,110,107,110,109,134,93,149,154,153,91,92,109,107,107,108,108,117,100,111,102,110,110,110,112,145,133,149,155,154,151,133,108,116,122,127,95,130,127,127,136,115,154,110,117,91,63,112,59,121,65,121,120,120,119,60,117,117,117,118,90,115,112,111,112,115,108,114,115,114,113,60,113,112
146,145,145,146,146,145,145,146,145,146,146,145,145,146,146,145,146,146,145,146,146,146,146,146,146,147,147,147,147,147,154,156,150,148,148,148,149,147,145,146,146,146,146,146,146,146,123,113,81,98,90,76,81,127,74,103,82,147,147,147,147,147,147,147,147,147,147,147,147,146,146,146,147,147,146,147,147,146,146,146,147,146,146,147,147,148,151,150,150,150,150,149,149,149,149,147,147,148,149,148,148,147,148,147,147,147,146,147,147,108,105,88,107,104,140,159,157,158,125,103,104,142,113,104,106,105,97,109,107,151,144,153,152,150,87,106,110,107,111,109,108,109,110,120,102,110,103,109,99,93,154,143,154,147,147,143,104,117,122,118,125,127,77,128,124,118,134,116,105,96,117,52,116,122,118,116,66,117,118,118,118,56,115,116,115,116,92,111,110,109,109,112,110,111,114,112,111,61,110,111
145,145,145,145,145,145,145,145,145,146,145,146,145,145,145,146,146,145,146,146,146,146,146,146,146,146,147,147,147,147,152,152,147,148,148,148,148,148,145,145,145,146,146,146,146,146,130,166,151,156,85,114,86,84,79,139,113,84,147,146,147,148,147,147,147,146,147,147,146,147,146,146,146,146,146,146,147,146,146,146,146,146,146,146,147,149,150,150,150,150,150,149,148,149,148,148,147,147,147,148,148,147,147,147,147,147,146,147,146,109,101,89,114,161,157,150,125,103,99,104,106,139,112,103,104,104,94,145,157,144,151,149,115,106,109,110,112,109,111,109,109,110,109,125,104,104,157,101,156,158,155,144,126,114,113,121,119,118,120,117,122,124,70,123,121,108,130,121,88,90,110,49,112,116,115,113,64,127,121,116,115,52,113,115,112,113,96,110,108,107,109,110,108,111,112,111,111,56,109,110
144,144,145,144,144,144,144,145,145,144,145,145,144,145,145,145,145,145,146,145,146,146,146,146,146,146,147,147,147,147,156,147,147,147,148,147,148,148,148,147,148,146,145,146,146,125,111,106,119,82,108,89,81,71,88,94,72,81,147,147,147,147,147,147,146,147,146,146,147,146,147,146,147,147,146,147,146,147,146,145,147,146,147,146,146,149,149,150,150,150,149,149,148,148,148,148,148,147,147,147,147,146,147,147,147,146,145,146,146,112,161,156,157,157,115,139,101,104,105,103,104,137,110,103,100,107,143,154,151,110,90,108,108,107,111,108,112,109,109,111,109,110,121,108,104,147,151,151,154,154,108,107,114,114,114,119,117,118,120,122,119,119,73,120,117,97,127,115,113,83,99,40,102,115,113,110,60,122,116,113,115,59,113,111,111,112,113,108,106,106,108,109,108,108,111,109,108,55,78,84
143,143,144,144,145,144,145,144,144,144,145,144,145,145,145,144,145,144,145,145,146,145,145,145,146,146,146,147,147,147,148,147,147,147,147,148,148,147,148,148,148,148,148,148,147,141,160,32,109,128,60,88,115,65,65,65,108,114,99,147,147,147,147,146,146,146,147,146,146,146,146,146,147,147,147,146,147,146,146,146,146,147,146,146,146,147,149,149,149,148,149,148,148,148,147,148,147,147,147,147,147,146,146,146,146,146,145,146,145,156,150,147,153,103,102,138,102,103,85,103,106,130,104,108,151,156,150,108,105,105,106,108,109,108,110,108,112,108,111,110,100,142,154,152,153,157,144,101,98,112,114,111,114,113,113,120,119,119,119,116,120,118,86,116,115,91,117,105,107,104,82,41,94,112,109,108,65,121,119,112,111,44,112,110,110,111,113,106,105,105,107,106,106,103,58,62,66,52,70,107
143,144,144,144,143,143,144,143,144,144,143,144,144,144,145,145,145,146,145,145,145,145,145,145,146,146,146,146,147,146,147,147,147,146,147,147,147,147,148,148,148,148,147,148,101,90,56,103,103,88,97,88,66,60,95,102,116,112,117,148,146,146,146,146,146,147,146,147,146,146,146,146,146,146,146,146,146,146,145,146,146,146,146,145,146,148,149,149,149,148,148,148,148,146,148,147,147,147,147,147,147,147,146,146,146,145,145,145,145,150,95,78,103,101,102,144,101,104,83,102,103,157,158,154,147,108,153,105,104,105,107,109,110,108,110,105,111,107,102,95,153,145,154,146,107,108,104,108,108,112,114,115,113,113,113,121,120,118,118,116,117,115,104,113,112,158,156,153,142,125,152,40,87,109,109,107,73,120,115,110,109,55,111,109,108,109,110,105,103,107,59,91,62,57,56,106,104,101,110,113
144,143,144,143,143,144,143,144,143,144,143,144,144,144,144,144,144,144,144,145,145,146,145,145,146,145,145,146,146,146,147,146,147,147,147,147,147,147,148,147,148,148,148,148,76,98,88,114,79,117,87,35,54,73,67,102,108,72,78,91,146,147,147,146,146,146,146,146,147,146,146,146,146,146,146,146,146,146,146,146,146,148,146,146,147,148,148,148,148,148,148,147,146,147,147,147,147,147,147,147,146,146,146,145,145,145,144,145,144,108,103,80,102,102,104,149,104,100,102,163,157,150,97,97,103,104,151,102,105,105,106,106,108,106,109,100,106,147,155,154,149,127,110,109,110,112,104,106,107,110,114,113,113,114,115,119,116,114,115,110,153,142,162,160,155,147,153,146,151,157,149,45,77,109,108,107,85,116,111,109,108,58,108,107,106,109,99,127,70,60,55,107,114,103,111,107,102,104,111,112
143,143,143,143,144,143,143,143,143,144,143,144,143,144,144,143,144,144,144,144,144,145,145,145,146,146,145,145,146,146,146,146,147,147,147,147,147,147,148,147,147,147,147,147,81,99,84,82,75,113,92,83,60,82,70,54,71,55,91,72,146,146,146,146,146,146,146,146,146,146,146,146,146,147,146,146,146,146,145,146,147,148,147,147,148,148,148,148,148,147,147,147,146,147,147,146,146,147,146,146,146,145,145,144,144,144,144,144,144,109,105,80,103,103,106,135,95,155,143,156,136,167,105,103,106,101,148,100,103,104,106,105,107,100,153,156,154,153,154,155,109,108,106,108,109,111,102,106,106,110,114,112,113,113,113,113,99,94,99,162,161,163,149,154,150,106,112,75,90,147,141,45,54,108,106,106,97,110,108,107,106,59,81,76,94,70,47,112,117,114,104,102,108,106,108,112,115,99,113,64
143,143,143,143,142,143,143,143,143,143,143,143,143,144,143,143,144,143,143,144,144,144,144,144,144,145,146,145,145,146,146,146,146,146,146,146,146,146,147,147,147,147,147,145,75,99,90,88,84,108,85,45,61,86,67,57,70,55,86,82,146,146,146,146,146,146,146,146,146,146,146,146,145,146,146,146,146,146,146,146,148,148,148,147,148,147,147,147,147,147,146,146,146,146,146,146,145,146,146,146,145,146,145,144,144,144,144,144,144,105,103,80,103,164,160,146,151,145,125,103,100,166,105,103,109,102,147,101,102,102,119,95,154,158,161,151,108,99,110,110,108,107,106,107,111,111,103,106,105,113,113,117,111,92,124,97,160,152,165,157,157,160,90,102,86,84,84,79,83,139,83,46,58,106,106,104,101,107,103,70,119,57,59,106,113,111,108,112,117,113,112,107,108,108,114,56,55,57,55,102
143,143,144,142,143,143,143,143,142,143,143,143,143,144,143,143,143,143,143,144,143,144,145,144,144,145,144,145,146,145,145,146,145,146,145,145,146,146,146,146,146,146,147,143,81,99,98,79,91,97,86,48,65,89,64,98,66,59,85,82,146,146,146,146,146,145,146,146,145,146,146,146,145,146,146,146,147,146,146,146,147,146,147,147,147,147,146,146,147,146,146,146,146,146,146,146,145,146,146,146,146,145,144,144,144,144,144,143,143,108,97,140,158,157,149,106,104,104,116,104,102,167,104,104,106,102,144,94,103,153,153,151,153,94,96,111,107,107,108,109,106,106,105,106,106,111,103,104,104,110,100,105,104,151,161,161,157,150,147,106,76,84,137,88,86,89,83,77,80,82,80,46,48,101,106,113,126,71,59,88,109,105,110,109,117,115,102,115,114,109,105,59,50,61,65,101,98,101,99,101
142,142,142,142,142,142,142,143,142,142,142,142,142,142,143,143,143,143,143,143,143,143,143,144,144,144,144,144,144,145,144,145,145,144,145,145,145,145,145,145,145,145,146,142,83,99,96,74,90,87,83,73,56,74,66,77,71,64,88,81,146,146,146,146,145,146,145,146,146,147,148,148,146,146,146,146,147,147,147,147,147,147,147,147,147,147,147,146,146,146,146,145,145,145,145,146,146,145,145,144,145,145,144,143,144,144,143,143,143,94,150,151,156,146,103,164,103,105,107,104,102,166,105,103,105,137,131,155,156,148,153,144,102,105,106,104,106,104,107,108,106,106,102,104,108,109,101,120,116,142,161,154,156,152,151,97,120,81,82,83,82,80,133,87,83,97,79,74,97,83,78,49,75,114,64,72,115,112,108,112,113,111,117,117,112,111,93,61,60,66,59,96,100,99,100,100,99,99,100,99
142,142,142,142,142,142,142,142,142,142,142,142,141,142,142,143,143,142,143,142,143,143,143,143,143,144,144,144,144,144,145,144,145,145,145,145,145,145,145,145,145,145,146,142,97,100,95,79,87,84,80,131,86,82,72,97,66,49,88,84,146,146,146,146,145,148,158,155,152,146,147,147,147,146,147,147,147,147,147,147,147,147,146,146,147,147,147,147,146,147,145,145,146,146,146,146,145,145,145,144,145,144,143,143,144,143,143,143,143,153,103,76,100,102,102,159,103,105,106,104,101,166,118,87,152,156,156,152,102,102,113,113,104,104,106,101,106,102,106,108,105,105,101,103,101,106,162,155,157,160,161,149,113,101,82,84,83,82,84,85,80,80,134,83,83,104,79,76,159,85,74,61,105,114,118,110,108,109,113,115,114,103,107,67,50,64,59,89,91,97,98,97,99,98,101,101,101,98,98,99
142,142,142,141,141,142,141,141,142,142,141,142,141,142,141,142,142,142,142,143,143,143,143,144,144,144,143,143,143,144,144,144,144,144,144,144,144,144,144,144,144,145,145,120,89,101,96,76,77,79,75,117,77,40,76,82,59,47,91,82,146,146,146,146,153,155,157,156,150,146,146,147,146,145,146,147,147,147,147,146,147,146,148,147,147,147,147,145,146,146,146,145,146,146,146,146,145,144,144,145,144,144,144,143,144,144,143,143,144,102,100,83,101,103,102,162,105,105,98,99,111,149,148,158,156,100,126,101,102,103,111,112,105,104,103,115,105,103,106,106,102,126,148,157,157,153,152,152,160,110,88,99,109,112,79,82,81,82,80,79,79,79,130,84,83,105,79,75,152,79,65,90,100,114,112,113,103,103,110,79,60,64,75,99,98,98,95,95,95,99,96,94,101,100,102,102,101,100,98,99
141,141,142,142,141,142,142,141,141,141,141,141,142,141,141,142,142,142,142,143,142,142,143,143,143,143,143,143,143,143,143,143,143,143,143,143,143,143,143,144,144,144,145,91,93,100,99,74,81,76,82,112,75,50,71,76,53,51,94,86,65,145,147,154,154,154,156,153,145,145,145,148,147,146,147,146,146,147,147,147,146,153,152,149,152,149,146,146,145,146,145,145,145,146,146,145,145,146,145,144,145,144,143,144,143,144,143,145,145,104,103,86,104,104,104,161,104,157,145,152,148,146,102,89,102,105,138,99,100,101,110,113,105,105,103,113,102,98,162,102,159,152,154,153,153,132,104,106,104,104,107,99,108,112,76,81,82,81,81,69,79,79,126,83,80,107,75,74,120,79,112,87,94,103,108,74,72,64,90,99,99,65,97,97,97,97,101,95,98,101,101,95,98,99,102,103,100,98,98,99
140,141,141,141,141,140,142,141,141,141,141,141,141,141,141,141,141,142,141,142,142,142,142,142,142,142,143,142,143,143,142,142,142,142,143,143,142,143,143,143,143,144,144,98,86,103,102,66,86,74,78,108,75,58,63,113,54,49,94,85,69,147,154,156,154,154,154,153,147,144,146,147,146,148,148,148,146,146,146,150,153,156,154,152,153,151,147,146,147,145,145,146,145,146,145,144,144,144,144,144,145,144,143,143,144,144,145,147,146,105,103,89,105,106,94,103,150,159,150,149,109,117,112,102,102,103,130,99,103,101,110,112,105,103,101,154,130,161,158,152,153,148,95,159,98,103,98,103,101,101,104,99,107,111,76,82,81,83,82,77,85,78,117,87,78,96,103,113,62,104,149,80,73,72,95,94,95,99,99,99,98,75,98,99,97,98,102,96,100,101,100,96,99,100,101,102,100,98,97,98
140,140,140,140,140,140,140,141,140,140,140,141,140,141,141,141,140,141,141,141,141,141,142,142,142,142,142,141,142,142,142,142,142,141,141,142,142,142,142,142,143,143,143,88,87,101,96,61,89,68,83,109,80,44,66,123,51,55,92,85,74,149,155,158,156,154,153,153,150,148,150,149,148,149,151,151,148,151,148,154,156,156,156,154,155,153,153,151,149,147,148,146,146,145,145,144,144,143,145,144,146,145,144,144,146,147,145,146,146,105,103,83,112,149,147,139,159,120,82,105,105,125,112,103,101,103,129,98,102,100,109,106,157,96,161,160,158,158,161,109,92,107,102,104,99,100,97,101,101,101,105,99,107,111,77,82,78,83,86,76,72,130,116,102,160,148,160,159,89,154,129,44,98,96,94,94,94,100,103,102,98,82,99,98,97,97,104,95,98,100,99,96,102,99,99,101,98,98,97,97
140,139,140,140,140,140,140,140,140,140,140,140,141,140,140,140,140,140,140,141,141,141,141,141,141,141,141,141,141,141,141,142,142,141,141,141,141,142,142,142,143,143,144,83,97,106,96,58,82,66,82,103,85,44,64,121,60,57,91,87,74,153,157,157,155,153,153,153,151,151,150,149,149,150,153,153,151,152,153,154,157,157,157,156,156,156,154,151,150,148,148,147,146,148,147,145,146,147,149,148,146,145,148,147,148,147,146,145,144,165,150,146,156,157,103,140,107,107,88,106,104,117,113,104,99,103,126,97,94,157,135,159,162,160,153,147,143,99,104,104,107,107,103,102,99,99,100,101,101,101,106,97,107,110,80,77,75,97,124,96,166,165,163,159,161,148,161,156,113,155,103,42,93,95,96,95,97,102,103,103,97,87,99,97,96,97,102,95,98,99,99,96,98,97,98,99,96,97,96,96
139,140,139,139,139,140,139,140,140,139,140,139,140,140,140,139,140,140,140,141,141,139,140,139,141,140,141,141,140,141,141,141,141,141,141,141,141,141,142,142,142,142,143,115,103,103,100,59,88,68,84,100,88,45,70,100,61,56,92,86,74,154,154,155,153,153,152,152,152,152,150,150,152,153,154,154,152,153,154,155,158,157,158,157,157,155,153,152,152,150,151,150,150,150,150,150,148,149,152,148,150,149,149,147,147,146,146,145,145,148,152,107,100,107,103,137,107,108,86,106,106,108,113,103,98,115,129,162,157,155,154,161,99,120,108,109,102,101,103,102,107,107,103,102,98,101,100,101,103,99,105,98,110,96,151,97,164,162,164,162,166,162,158,144,104,144,101,103,95,114,84,42,90,97,98,98,95,101,102,101,99,96,97,97,96,96,100,94,97,99,96,96,95,96,96,99,96,96,93,94
138,139,139,139,138,139,139,139,139,139,139,140,139,139,139,139,139,140,140,139,140,140,139,140,140,139,140,139,139,140,140,140,140,141,141,140,141,141,141,141,142,142,142,113,112,103,105,66,90,63,77,94,92,44,74,91,58,61,91,86,77,154,153,152,152,152,153,152,154,157,151,152,156,155,152,152,153,153,154,156,158,158,158,158,156,154,153,152,151,151,150,150,151,151,152,150,150,150,151,148,149,148,148,147,145,144,144,143,144,96,106,92,107,106,102,139,108,108,84,107,106,106,95,110,161,162,148,156,148,101,89,99,104,107,107,105,102,100,105,102,108,108,102,105,98,104,98,104,105,93,125,116,168,165,167,162,165,160,161,116,103,96,130,107,107,148,103,101,93,156,67,47,83,96,97,94,95,100,102,102,101,98,96,96,96,97,100,95,97,98,96,93,89,92,97,97,94,96,96,97
138,138,139,138,138,137,138,138,138,138,138,138,139,138,139,138,139,139,139,139,139,139,139,139,139,139,139,139,140,140,140,140,140,141,140,141,141,141,141,141,142,142,142,117,112,100,110,65,100,71,77,85,89,69,73,81,60,65,93,88,82,153,152,152,152,152,155,156,155,153,152,150,155,153,152,155,153,153,154,156,158,159,159,156,155,153,152,151,151,150,150,151,151,152,151,151,150,149,148,148,148,148,147,148,146,145,146,142,141,107,106,90,105,109,104,140,107,106,87,142,100,155,155,153,154,152,104,71,77,78,100,101,103,104,110,105,100,99,104,105,110,110,103,106,99,92,100,111,166,166,164,154,163,160,160,120,101,93,107,104,106,108,118,106,109,147,106,101,100,156,67,47,78,95,96,96,94,98,101,101,99,100,98,96,97,97,98,93,95,96,94,92,72,94,94,93,54,56,63,64
139,138,139,139,137,137,138,137,139,138,138,137,138,138,138,138,138,138,138,138,138,137,139,138,139,139,139,139,139,139,140,139,140,141,141,141,140,141,141,141,141,141,142,58,124,100,118,73,106,69,81,79,83,79,42,88,58,76,93,88,85,151,151,151,152,152,159,158,155,155,154,153,153,152,156,156,152,151,155,156,156,157,157,156,154,152,151,151,151,150,150,152,152,152,152,150,150,148,148,148,148,146,144,146,145,145,145,144,143,106,105,94,105,108,104,133,110,96,153,156,157,145,97,120,76,103,89,75,78,78,103,99,103,105,108,104,100,102,104,103,108,99,162,102,155,163,157,157,164,159,160,97,154,101,79,79,75,105,106,106,105,106,124,105,107,143,104,102,101,95,77,43,72,95,94,94,95,99,100,99,99,100,97,96,94,96,96,93,93,96,66,57,56,61,63,55,56,72,115,115
138,137,137,138,138,138,138,138,137,138,138,137,138,137,138,138,139,138,139,139,139,139,138,139,138,137,139,139,139,139,138,140,139,140,141,141,141,141,140,141,141,141,142,59,126,99,122,66,106,64,83,76,79,78,37,115,52,74,92,88,87,151,152,151,151,154,156,157,156,156,155,156,154,157,159,153,150,150,155,155,157,156,156,155,154,152,151,151,150,150,151,152,146,144,148,151,149,147,147,147,146,142,144,145,145,144,144,144,144,106,104,88,98,138,143,149,158,157,149,107,95,111,80,81,79,105,81,75,78,77,101,99,103,104,108,103,103,94,120,94,164,163,160,156,155,159,148,89,102,94,109,96,105,103,74,73,73,104,106,104,102,104,141,103,105,139,101,102,91,91,89,44,61,94,94,94,93,98,99,99,98,98,96,95,95,51,60,80,111,64,60,47,111,116,116,112,115,110,116,117
137,137,138,137,137,137,138,137,137,137,137,137,137,137,137,138,138,138,138,138,138,138,138,138,138,138,138,138,138,138,138,139,139,139,140,139,140,140,140,140,140,141,141,75,124,97,127,59,109,64,85,75,82,71,42,117,53,87,94,89,89,151,151,152,151,152,154,155,154,156,156,160,156,155,154,152,150,148,149,156,156,156,155,154,153,152,151,150,150,151,151,147,144,144,147,150,150,147,144,143,143,143,145,148,146,146,145,144,144,99,143,161,155,161,150,142,153,103,75,84,106,115,79,81,82,107,77,77,80,80,103,99,106,100,101,104,129,163,163,163,163,165,158,96,170,101,105,106,106,104,108,93,102,100,72,67,72,103,105,102,101,105,124,102,103,140,99,97,142,78,96,44,61,94,94,92,91,97,100,94,59,59,64,62,61,58,89,117,117,119,121,116,105,114,110,108,112,108,111,115
137,137,137,137,136,138,137,137,137,137,136,136,137,137,137,137,137,137,137,137,137,137,138,139,138,138,138,137,138,138,139,139,139,139,139,140,140,140,140,139,140,140,141,69,124,97,130,56,112,55,90,66,80,70,42,121,47,90,90,89,100,150,151,151,151,150,156,156,158,156,155,157,156,156,154,151,151,149,148,151,152,153,153,150,153,151,151,150,150,150,144,144,143,144,148,150,144,143,142,142,143,146,145,145,146,145,145,144,143,151,149,151,98,98,86,129,106,100,81,80,105,107,78,79,81,107,76,77,80,77,91,120,126,167,163,162,164,162,163,106,120,101,105,105,99,106,104,106,104,104,107,94,97,96,70,70,77,105,104,101,107,107,115,104,103,138,96,93,135,83,100,44,56,95,73,113,123,66,65,57,53,120,118,117,120,118,117,117,117,115,117,114,108,112,110,110,104,117,96,57
137,136,136,136,137,136,136,136,136,135,136,136,137,137,136,136,137,137,136,137,138,138,137,137,139,138,129,137,140,139,138,139,138,139,139,139,139,139,139,139,140,140,140,81,125,95,134,59,121,58,127,65,85,48,116,98,45,87,92,90,106,149,152,152,151,150,154,158,158,156,155,155,155,154,152,151,150,148,148,148,148,147,152,151,151,150,150,150,151,146,143,143,144,145,149,147,142,142,143,142,144,147,144,144,144,144,143,142,142,140,77,100,109,102,79,130,106,100,71,79,105,105,79,80,81,103,93,116,113,168,158,167,164,163,162,101,106,102,103,103,102,103,113,103,99,106,105,105,104,102,104,89,94,95,70,81,86,106,107,101,103,102,107,102,143,88,160,162,113,94,112,45,70,65,58,91,120,116,113,115,117,113,119,114,118,119,114,114,115,111,106,112,75,53,60,48,67,65,47,68
136,136,136,136,134,136,136,135,135,136,135,136,135,136,136,137,137,136,136,137,136,136,137,136,128,125,123,127,130,126,126,127,129,128,129,128,125,129,139,139,139,140,117,70,121,97,134,63,124,62,125,60,69,48,53,67,52,88,87,93,113,146,150,151,151,149,152,153,156,156,155,156,155,154,152,151,149,149,149,144,144,148,149,147,150,146,143,143,143,143,143,144,145,145,147,145,144,144,145,145,144,145,144,143,143,143,143,142,142,104,81,100,108,102,79,134,104,98,66,91,103,107,87,107,120,165,158,165,166,163,158,102,101,74,102,99,101,102,102,101,100,104,102,103,98,104,103,104,100,101,102,95,105,103,73,82,78,97,94,111,106,163,155,158,163,162,162,160,158,95,147,64,99,110,114,115,114,116,110,114,116,113,113,111,111,118,85,54,50,57,62,62,34,70,69,67,66,65,66,66
135,135,136,136,136,135,135,134,135,134,135,135,136,135,136,136,135,136,135,136,136,135,137,135,127,126,131,128,117,120,132,134,132,131,130,131,110,121,138,138,139,139,118,71,115,98,134,59,123,70,130,62,80,50,64,70,58,91,83,96,67,143,146,151,151,151,153,153,153,153,154,157,155,151,150,143,142,142,142,143,148,147,147,148,143,142,143,142,142,142,143,142,143,145,145,146,146,145,146,147,145,145,144,143,143,142,142,142,141,105,81,98,108,102,79,134,100,97,81,137,102,161,160,169,166,164,112,121,92,99,100,99,74,73,102,100,100,101,102,101,101,105,100,102,96,104,107,106,106,102,103,90,95,157,100,97,162,150,158,162,161,165,158,161,160,153,104,109,104,67,116,69,100,111,116,115,114,115,105,120,72,53,42,83,76,72,61,68,69,69,68,67,29,67,67,63,64,64,65,64
135,135,135,135,134,134,135,134,135,134,134,134,134,135,135,135,136,135,135,135,136,135,136,135,130,129,131,131,132,132,131,131,130,131,131,132,110,120,138,137,138,138,116,64,114,95,132,64,128,63,127,70,84,52,54,70,68,91,84,96,59,142,142,151,151,153,152,153,153,153,155,157,145,142,141,141,141,141,142,144,147,147,145,142,141,142,145,145,142,145,145,146,143,145,145,146,145,144,145,145,145,144,143,143,142,142,141,141,141,111,83,99,108,107,80,116,102,165,159,163,165,157,93,113,96,98,75,98,99,97,99,98,68,72,100,97,99,98,99,99,99,102,98,100,94,102,103,94,149,155,101,160,160,165,167,163,164,151,163,160,159,111,102,96,94,98,94,93,83,87,159,70,90,113,66,72,32,61,62,58,73,70,72,71,70,73,72,68,68,69,67,68,36,68,66,65,64,64,65,62
135,134,135,134,134,134,135,135,135,135,134,135,135,135,135,134,135,134,135,135,135,135,136,135,129,130,129,111,70,67,70,73,73,56,53,83,112,122,137,137,138,137,116,60,108,98,124,58,129,67,128,74,96,44,101,66,69,93,73,95,60,141,141,141,143,144,151,143,143,141,143,143,140,140,140,141,140,140,143,144,145,146,143,141,142,145,147,147,148,146,147,147,146,147,145,145,144,144,144,143,144,143,142,141,142,142,141,140,140,110,76,107,102,161,162,156,162,159,96,108,69,103,96,98,99,97,74,98,97,96,97,98,70,71,99,99,102,105,106,101,99,99,86,167,146,104,164,161,159,164,162,161,164,159,154,119,102,103,94,95,95,93,95,94,94,96,95,95,80,84,143,50,57,66,93,94,95,70,70,68,68,69,70,70,72,70,71,67,67,68,64,64,38,67,66,65,64,64,65,62
134,134,134,134,133,133,133,134,134,134,134,133,133,135,135,135,135,135,135,135,135,135,135,134,132,132,132,124,98,66,70,71,74,74,53,54,111,121,137,137,137,137,115,58,104,96,118,53,125,61,126,77,101,42,98,64,75,92,68,95,58,141,145,146,149,141,142,144,141,141,140,140,140,140,140,144,142,142,149,145,145,145,144,143,145,146,147,147,147,147,146,146,146,145,145,145,145,144,143,143,142,142,142,142,141,141,140,140,139,152,154,157,163,161,113,118,99,100,68,74,74,104,94,97,97,97,74,97,95,97,97,98,86,84,100,99,99,110,101,102,98,166,167,163,159,161,164,159,156,159,110,99,105,107,95,94,94,96,93,95,94,93,97,97,94,96,93,95,82,108,122,52,60,94,95,95,94,70,70,70,68,67,71,72,72,71,72,66,65,63,64,63,50,66,63,62,64,63,66,64
133,133,133,132,133,133,132,134,133,133,133,133,133,133,133,133,134,135,135,134,134,134,135,134,133,134,133,130,123,96,70,66,69,73,68,60,111,123,137,137,137,137,113,60,88,101,107,52,120,62,129,81,105,42,96,66,80,96,63,92,66,144,148,149,148,149,140,141,140,141,140,141,142,147,150,152,157,154,151,147,146,144,145,145,146,145,145,145,145,145,144,145,144,145,144,144,144,144,144,143,142,142,141,141,141,140,140,139,140,151,105,91,103,103,101,105,99,98,66,74,75,107,95,98,96,96,73,97,97,97,100,99,87,103,119,95,168,165,163,165,165,163,163,161,110,102,159,94,102,101,99,94,101,101,94,95,96,94,96,93,93,96,94,97,96,96,92,94,77,163,103,50,60,95,95,93,93,69,69,68,67,66,68,66,65,63,65,63,65,65,65,63,47,64,62,64,62,63,66,65
132,133,132,133,133,131,132,133,133,133,133,133,133,133,134,133,133,133,134,134,134,135,134,134,136,133,133,130,128,117,84,71,68,73,76,54,112,127,137,137,137,137,116,68,88,100,97,61,113,67,127,81,116,42,85,71,83,96,45,96,82,141,140,140,140,141,141,140,140,139,140,140,140,142,150,152,152,150,150,151,147,145,145,144,145,144,145,144,145,144,144,144,144,143,143,144,144,144,142,143,143,141,140,140,140,140,139,139,139,99,103,85,101,102,102,102,99,99,67,73,73,110,96,98,97,97,76,90,159,124,110,167,164,165,160,164,165,163,162,95,120,98,99,95,78,97,99,107,104,102,102,95,102,105,100,96,93,97,91,94,92,96,94,95,94,94,92,92,76,150,96,47,58,93,95,94,93,71,68,68,67,67,65,64,64,65,65,63,63,64,63,63,49,63,63,62,63,64,58,63
132,132,133,132,132,133,132,133,133,133,133,133,133,133,133,134,134,134,134,134,134,134,135,134,137,138,134,132,132,129,114,90,70,71,68,54,111,130,137,137,137,137,117,66,80,103,89,75,108,73,127,85,119,34,42,71,88,100,40,94,75,140,139,138,139,139,140,140,142,139,139,140,141,142,150,153,150,151,151,149,146,144,144,145,145,144,144,144,143,143,143,143,143,143,143,143,143,143,142,142,141,141,141,141,140,139,139,139,139,98,100,84,99,103,101,100,97,97,66,72,72,111,91,165,93,150,164,165,160,162,158,163,165,143,120,105,92,96,101,104,104,101,103,101,74,102,101,106,106,104,106,98,108,110,101,97,95,98,96,92,94,93,94,92,93,94,91,92,89,89,97,47,63,94,94,93,93,70,73,73,73,65,64,62,64,64,65,63,64,64,64,63,52,67,66,65,66,65,41,63
133,132,132,132,133,133,132,133,132,134,133,133,133,134,133,134,134,134,134,134,134,134,134,135,135,138,136,135,131,132,127,120,86,70,67,51,112,130,137,137,137,137,117,73,72,108,84,74,104,68,122,88,126,41,44,77,88,97,41,96,78,139,138,139,140,140,140,140,141,141,141,145,146,149,153,152,154,151,148,147,144,143,143,143,143,144,144,143,143,143,143,143,142,142,142,142,142,142,141,141,141,140,140,139,140,139,139,139,139,97,100,78,97,101,95,99,94,94,94,151,157,166,167,170,166,166,161,164,92,105,96,96,99,97,96,96,94,98,103,103,101,108,102,112,76,106,100,108,106,104,106,101,109,106,104,96,94,95,98,97,96,92,92,91,90,91,90,92,158,94,87,44,64,93,93,93,93,68,74,73,70,65,66,62,63,67,66,66,67,67,67,64,55,65,67,66,65,66,33,63
132,132,133,132,132,133,133,132,133,132,133,133,134,133,133,134,134,134,134,134,134,135,136,136,135,137,136,137,134,130,129,128,119,97,70,51,112,133,137,136,136,135,111,65,70,108,76,73,90,74,115,97,126,42,58,78,88,92,55,93,68,147,140,145,147,148,145,145,151,152,150,148,148,149,151,151,155,149,146,147,143,142,143,143,143,142,143,143,143,143,142,142,143,142,142,142,142,141,141,141,141,140,140,139,139,139,138,138,138,98,100,83,99,108,94,166,167,164,160,166,164,162,112,114,106,99,107,97,98,96,95,94,98,96,94,96,94,98,102,103,99,104,98,106,73,104,99,108,106,104,108,102,107,105,98,92,94,92,93,90,162,137,105,93,108,169,165,166,138,153,158,52,56,91,93,92,91,70,71,71,73,64,71,66,67,66,68,66,67,66,67,66,68,65,65,64,63,62,31,64
132,133,132,132,132,133,131,132,133,132,132,132,132,133,133,132,134,134,135,135,136,136,135,141,136,138,136,137,134,134,134,132,131,124,92,71,112,134,138,136,137,138,113,60,62,107,63,67,83,63,113,103,126,34,100,62,94,87,53,93,66,148,147,147,147,146,145,149,152,149,149,149,149,149,148,151,151,153,142,144,142,143,142,142,142,142,143,142,142,142,142,142,142,141,142,141,140,140,141,140,140,140,140,139,138,138,138,138,138,98,163,162,162,161,155,159,165,106,109,97,97,108,97,110,95,97,113,95,96,98,95,93,97,96,92,95,94,98,100,100,98,99,95,103,67,101,98,104,106,104,108,89,101,103,132,105,98,165,168,166,164,166,166,166,165,161,157,156,73,157,150,54,55,92,93,91,91,68,73,72,71,66,69,72,65,70,67,65,67,68,67,66,98,63,50,53,53,56,55,53
133,132,133,133,132,133,133,134,135,134,135,134,133,134,134,134,133,134,135,136,137,139,136,147,138,140,133,138,137,137,134,134,133,134,127,112,113,139,142,142,142,142,114,56,60,114,55,73,78,60,100,106,127,40,104,63,92,90,53,92,53,144,146,148,148,144,146,151,150,148,148,147,146,147,148,148,141,140,140,140,142,142,142,142,142,142,142,141,142,142,142,143,141,142,140,141,141,140,141,140,140,139,139,139,138,138,138,137,138,156,162,113,119,93,96,104,97,104,94,97,94,108,97,124,112,98,120,95,96,99,95,93,98,96,94,94,95,93,99,99,97,98,99,103,83,122,158,129,142,119,165,166,164,161,156,159,163,165,165,165,162,157,162,156,98,91,94,99,83,104,79,42,58,91,93,93,94,68,72,76,72,67,67,66,55,58,62,61,55,57,61,59,45,56,52,62,89,120,114,114
131,132,136,135,134,135,134,133,134,134,134,135,134,134,136,137,136,137,135,135,136,138,138,148,137,143,118,134,137,139,138,138,138,135,134,132,114,138,139,140,141,141,109,62,67,115,58,88,65,61,91,106,117,31,100,60,94,76,48,91,55,145,145,145,143,144,144,147,148,141,139,139,141,140,140,140,139,140,139,139,140,141,141,140,141,141,141,142,142,141,141,141,141,141,141,140,140,140,140,140,139,139,139,139,138,138,137,137,137,101,98,85,95,100,96,105,97,107,117,97,94,106,97,120,115,98,110,96,98,100,94,94,98,96,94,96,91,125,164,158,95,103,161,158,150,153,162,158,158,158,162,164,155,156,151,163,102,92,114,114,93,100,100,94,92,92,93,91,86,102,83,43,51,88,55,56,95,55,56,58,58,58,61,53,56,57,95,112,118,124,115,120,115,118,116,116,117,115,112,117
134,135,137,134,133,133,134,134,134,134,135,135,134,137,138,137,136,136,136,135,136,137,137,137,137,145,86,114,134,139,139,138,137,137,135,136,114,138,141,143,142,140,110,69,76,123,71,111,73,85,83,108,111,36,48,68,97,60,58,90,53,143,142,142,144,144,144,145,139,138,139,138,138,138,139,137,138,139,139,139,140,139,140,141,141,141,141,141,141,141,141,141,141,140,141,140,140,140,140,140,139,139,138,138,137,137,138,137,137,101,101,83,97,103,101,108,103,104,104,98,94,106,97,109,112,96,111,94,96,95,94,157,96,103,132,165,163,165,156,159,155,155,153,162,152,148,148,158,92,108,162,159,93,99,95,96,94,94,94,91,107,94,97,94,94,94,94,93,93,99,78,41,57,111,62,63,89,119,113,121,121,119,120,116,117,115,112,114,116,117,114,113,107,116,117,117,118,113,103,108
132,131,133,132,133,133,134,132,134,135,135,135,136,139,137,136,137,136,134,134,134,134,134,130,139,147,64,85,116,133,137,138,139,137,136,135,113,140,147,145,145,141,104,74,78,127,83,113,71,91,75,109,109,40,54,69,95,57,66,96,60,143,145,143,147,145,146,140,139,139,138,139,138,138,139,138,139,139,141,140,140,140,140,141,141,139,140,140,140,140,141,141,140,140,141,140,140,140,139,138,138,138,137,137,137,137,137,136,136,99,99,81,97,102,97,109,100,100,95,97,93,112,92,107,153,111,91,167,163,167,163,166,167,165,163,163,166,162,159,123,97,114,109,97,58,64,68,102,104,108,107,106,100,97,94,95,94,95,93,91,109,96,99,94,96,94,95,97,95,99,96,88,111,109,113,120,116,121,116,121,119,118,121,110,115,115,112,108,116,114,112,109,97,110,102,118,105,101,75,46
132,133,134,133,132,131,133,133,133,132,131,133,135,136,135,136,136,136,134,135,134,134,136,131,139,149,63,65,80,113,131,135,137,140,138,138,115,140,143,143,140,140,114,65,80,125,76,116,73,100,67,111,106,41,57,66,94,53,76,95,69,146,150,147,146,146,147,147,146,143,142,138,142,142,141,142,141,139,140,139,140,140,140,140,139,140,139,139,139,139,140,139,139,140,139,139,139,139,139,138,138,137,137,137,136,136,136,135,136,104,97,81,97,101,95,103,98,112,92,164,159,163,164,168,166,160,157,161,163,165,164,100,95,109,105,97,102,104,102,106,100,99,104,105,55,75,68,105,104,107,106,103,102,101,98,103,99,99,101,98,114,103,105,103,103,98,99,99,92,92,135,87,112,107,109,118,118,123,119,119,115,113,107,119,116,112,98,51,65,60,53,40,54,110,101,116,108,97,64,84
131,132,131,131,130,131,131,132,132,133,133,131,133,134,134,134,133,134,134,135,137,134,136,136,139,147,67,84,60,93,96,123,132,138,138,138,116,142,142,140,139,140,110,58,69,119,74,120,70,107,71,110,100,41,102,60,94,43,86,95,66,148,147,146,148,147,149,145,146,144,142,142,141,142,142,140,140,140,140,140,140,140,139,139,140,139,139,139,139,139,139,139,139,139,138,138,138,139,138,138,137,137,137,137,136,135,136,135,135,168,103,126,158,155,151,147,159,159,148,157,161,161,88,107,104,162,99,99,98,98,101,105,96,99,102,102,103,104,103,106,100,102,105,110,84,75,75,105,104,104,104,103,105,100,94,103,99,100,100,96,104,101,108,100,100,101,98,98,94,107,119,72,115,116,75,55,59,46,45,90,121,118,122,84,83,76,82,84,90,94,95,96,83,92,94,94,93,94,62,94
128,130,130,129,131,132,131,132,132,132,132,132,133,133,133,133,134,134,134,135,135,135,135,146,140,147,71,102,54,96,64,110,119,134,136,138,116,142,140,138,138,139,112,55,72,116,66,127,65,111,64,110,96,34,104,57,91,42,93,96,64,147,145,145,147,150,144,146,144,143,142,142,141,141,141,140,139,140,140,140,139,140,140,139,139,139,139,140,139,139,138,138,138,138,138,138,137,138,137,137,137,136,136,136,135,135,134,135,135,156,155,147,157,153,59,54,56,56,62,54,88,144,144,92,94,98,134,98,97,99,101,105,94,97,101,100,102,101,102,103,101,99,101,107,71,74,74,106,105,104,104,99,104,103,92,104,100,98,99,97,115,98,104,98,102,104,99,97,123,156,117,44,112,90,91,92,90,96,91,92,91,92,90,90,90,90,90,84,92,91,92,91,95,94,93,93,92,95,59,97
126,130,124,108,131,131,131,131,131,132,132,132,131,132,132,133,133,133,133,133,133,134,135,153,138,144,65,117,55,112,50,120,67,131,114,136,116,139,137,137,137,138,85,55,72,100,67,129,66,112,66,108,95,35,102,57,90,44,95,94,67,146,147,144,144,144,143,141,143,141,141,141,140,141,141,140,140,139,140,139,139,139,140,139,139,139,139,139,139,139,138,138,138,137,137,137,137,137,137,137,136,136,136,135,135,135,135,135,134,156,80,114,149,103,2,15,28,0,0,11,9,0,7,92,102,100,133,100,98,99,103,103,95,96,100,100,102,100,102,102,100,99,98,104,80,72,72,103,101,101,103,99,101,101,86,101,101,100,99,98,113,98,87,114,142,136,122,99,164,154,113,31,120,95,93,93,96,102,93,90,92,92,91,91,90,91,90,72,92,91,92,94,100,90,93,95,94,96,62,100
130,125,124,118,110,131,132,132,131,132,132,132,131,132,132,132,134,132,133,134,133,133,134,149,139,142,67,126,62,123,58,125,49,135,65,135,117,136,135,136,136,137,75,61,83,94,76,126,72,117,68,106,86,49,80,69,91,58,94,95,58,144,143,142,142,142,140,141,141,142,142,141,139,140,139,139,140,139,139,139,139,139,139,139,138,139,138,138,139,138,137,138,137,137,136,137,137,136,135,136,136,135,135,135,135,135,134,134,133,158,156,34,138,133,134,132,133,132,132,132,132,131,131,94,104,98,148,101,100,101,103,104,98,98,100,99,101,100,101,102,98,97,97,105,88,74,72,102,99,93,145,152,84,85,101,140,129,119,97,154,167,164,164,160,163,163,164,163,151,80,90,38,122,97,94,94,94,100,96,93,92,93,92,93,93,92,92,61,94,93,97,97,103,95,97,98,96,99,67,100
132,134,137,123,117,131,131,131,131,131,132,133,132,131,132,132,133,132,133,133,133,134,133,135,137,135,66,132,65,130,60,135,52,137,43,137,116,138,136,137,136,135,78,62,84,84,77,113,76,118,74,104,89,49,58,62,91,75,92,93,55,141,139,140,140,140,139,139,139,139,140,139,139,139,140,140,139,139,139,139,139,139,139,138,138,138,139,139,138,138,137,136,136,137,137,137,137,136,136,135,135,135,135,134,134,133,134,132,133,160,126,133,132,133,132,133,132,132,131,131,133,131,131,93,102,100,130,100,97,100,103,103,95,92,102,93,95,97,158,157,141,103,87,93,89,156,164,157,160,163,167,161,160,165,152,158,164,162,163,163,165,165,165,161,156,149,155,154,128,98,101,35,120,96,97,93,93,96,96,91,91,99,96,95,98,94,94,44,96,94,99,97,104,97,98,99,97,101,69,102
135,134,131,130,123,122,130,130,131,131,131,131,131,131,131,132,133,132,132,133,133,133,133,127,138,133,62,136,62,134,59,135,58,139,58,138,116,138,137,136,138,137,90,64,84,71,76,90,78,118,84,100,86,56,71,72,89,87,89,91,54,140,138,139,139,140,139,138,139,140,141,142,141,140,140,139,139,139,139,139,139,138,139,139,138,138,137,138,138,137,137,136,136,136,137,136,136,135,136,135,135,135,134,134,134,133,133,132,133,156,124,133,132,132,131,131,131,131,130,130,130,130,130,91,97,158,114,159,101,101,97,148,164,163,159,160,152,153,162,157,149,152,160,153,151,156,160,155,160,161,163,162,158,159,138,158,160,129,119,127,95,91,91,101,97,96,103,95,82,95,93,30,117,96,93,93,91,83,93,91,89,93,92,92,96,96,93,18,93,99,100,98,101,98,99,98,97,100,65,101
54,126,121,109,123,127,131,131,130,131,131,132,131,132,131,132,132,133,132,133,134,130,134,127,135,132,63,138,60,138,55,136,57,139,52,138,116,137,136,137,137,137,115,63,87,67,78,75,78,120,73,98,87,60,90,62,91,88,84,94,53,139,138,139,139,139,139,168,125,104,107,108,107,108,107,108,109,109,108,107,108,110,109,83,113,96,86,169,87,149,108,106,136,136,135,135,135,135,135,134,134,134,133,134,132,133,132,133,132,153,122,132,132,131,131,131,130,130,130,129,131,130,129,156,155,157,149,165,163,165,163,153,160,160,158,162,156,155,158,161,157,99,94,93,86,96,95,98,99,100,102,101,100,100,87,103,102,103,103,102,102,101,94,97,100,97,93,96,82,98,96,27,116,98,93,93,94,67,93,90,92,96,94,92,91,92,92,29,96,99,98,99,102,98,98,99,100,99,57,103
50,107,130,91,118,118,130,130,130,131,131,131,131,131,131,132,132,132,132,133,100,104,109,133,137,130,61,138,56,136,56,139,55,141,55,139,117,136,135,135,135,135,118,60,89,60,81,64,70,120,66,86,85,67,103,55,90,88,73,93,54,138,139,138,138,137,137,140,142,109,109,110,110,110,110,111,111,112,108,112,112,112,113,159,83,149,99,167,100,104,112,111,136,135,135,135,135,135,134,133,133,133,133,132,132,132,132,132,131,154,127,132,130,130,130,130,130,129,129,129,129,129,128,152,103,95,92,93,103,113,100,95,93,98,100,102,100,100,99,99,98,99,96,102,122,101,99,101,100,99,99,99,99,99,87,100,99,102,104,103,98,100,97,100,100,98,95,96,85,97,99,45,117,95,95,94,96,50,95,94,94,95,98,95,95,96,97,61,98,98,96,99,103,98,99,100,71,70,65,71
142,141,145,142,116,123,130,130,130,131,131,131,132,132,131,131,131,132,132,134,101,111,89,134,136,133,58,137,51,138,47,135,56,137,54,137,115,136,135,136,135,136,119,56,100,59,91,61,73,117,63,63,86,76,104,59,88,91,56,92,66,138,138,136,135,136,135,144,148,109,101,104,110,113,113,112,113,112,111,113,115,116,116,116,117,115,116,117,117,112,114,112,135,135,135,134,134,134,133,134,134,132,132,133,132,132,131,131,131,155,130,130,129,130,130,128,129,129,129,129,128,128,129,94,95,97,153,98,93,93,93,92,97,95,98,98,98,97,98,99,96,95,96,101,120,99,99,100,100,97,100,100,100,100,91,101,98,104,104,102,101,100,97,100,100,97,96,94,84,96,97,58,117,95,95,96,97,33,94,96,96,98,97,95,95,94,97,85,99,99,98,73,70,68,68,69,70,68,74,67
58,82,143,128,102,125,130,129,130,130,130,131,131,131,132,131,132,131,131,134,110,116,92,136,135,136,74,136,57,136,52,137,50,137,50,136,116,135,135,135,136,136,115,67,108,67,99,69,80,118,73,58,88,88,103,57,91,97,47,96,63,137,135,172,173,162,159,158,156,134,159,120,105,129,119,143,137,140,146,146,145,142,136,130,126,119,113,102,110,113,129,130,146,153,153,154,133,133,133,133,132,132,132,131,131,131,132,131,130,155,132,131,129,128,129,128,128,128,128,128,128,128,129,93,95,97,155,98,92,94,93,92,97,96,98,99,98,99,100,101,98,97,94,101,114,100,98,100,98,99,100,99,98,98,98,100,99,104,103,103,100,101,97,99,100,96,97,93,87,91,95,76,114,93,95,93,97,30,96,94,95,98,90,95,94,95,96,99,100,100,97,65,61,66,55,60,54,67,60,73
21,65,139,124,100,103,130,130,130,130,130,130,130,131,131,132,132,132,133,111,111,109,90,136,135,135,115,137,90,136,79,136,63,135,50,135,116,136,135,125,135,135,114,62,116,76,114,73,94,120,80,61,87,91,84,62,89,97,45,97,63,101,115,126,117,163,124,158,157,100,142,126,100,144,60,151,99,79,71,105,100,101,83,63,81,56,69,150,81,136,98,100,113,99,144,96,133,133,133,133,133,132,132,131,131,130,130,130,129,154,130,130,128,128,128,128,128,129,128,128,127,128,128,92,96,97,155,99,93,92,92,91,98,95,98,98,99,98,99,100,99,96,94,99,115,100,96,99,98,96,99,98,98,99,106,99,99,103,103,101,100,101,97,99,99,96,97,95,89,92,92,89,114,85,71,62,60,34,115,120,89,114,82,117,119,120,122,95,116,99,98,104,82,119,118,117,118,114,104,117
18,64,135,113,96,102,131,129,129,129,130,130,130,130,130,130,130,130,131,123,111,111,89,134,135,137,124,136,114,136,98,134,82,136,74,134,117,141,99,159,95,89,113,55,116,83,124,72,103,118,83,63,85,85,80,57,90,89,50,94,65,100,91,172,169,165,142,156,155,109,141,103,85,116,98,146,117,122,128,140,142,150,153,153,153,156,155,158,156,155,156,154,155,155,135,142,132,132,132,132,132,131,131,130,130,129,130,129,129,155,123,129,128,127,127,127,126,127,77,54,48,97,111,90,96,95,151,99,93,92,92,91,98,97,99,99,97,97,99,98,101,99,93,98,108,100,96,98,98,92,99,99,99,98,114,99,99,98,101,100,99,99,96,97,98,94,93,92,89,116,118,80,107,59,57,55,53,50,54,56,56,59,57,69,82,97,104,103,115,122,118,118,115,112,116,116,113,113,106,116
117,126,128,131,97,98,95,129,128,129,128,129,129,129,130,130,130,130,130,130,117,109,93,133,136,135,131,137,126,137,125,136,121,137,119,132,116,70,157,98,113,117,103,53,115,78,124,81,104,118,82,64,87,84,77,56,90,76,52,94,59,106,98,135,102,165,147,155,156,108,121,74,80,115,70,152,76,61,101,120,98,97,100,113,104,64,75,152,90,124,84,88,137,106,141,97,131,132,131,130,131,131,131,129,129,129,129,129,129,150,147,137,128,126,126,126,127,127,72,77,88,127,149,91,86,89,146,90,82,88,90,90,92,91,89,90,103,96,105,95,138,105,136,162,114,101,101,113,101,87,92,89,89,88,113,97,97,133,129,120,102,107,94,97,105,128,93,102,105,165,160,112,113,111,110,114,116,108,115,114,115,114,114,114,116,115,117,99,107,110,111,110,111,107,109,108,107,107,101,107
54,62,114,135,74,75,88,129,128,129,129,132,128,129,129,130,129,130,130,128,120,118,107,133,138,138,136,136,132,137,133,137,131,136,130,128,116,101,154,104,122,123,79,47,114,67,123,56,109,114,84,62,90,77,110,44,89,62,51,94,51,80,84,145,120,163,134,141,126,86,106,131,68,90,82,125,82,90,93,127,101,96,103,134,108,116,122,133,132,135,138,137,145,141,135,141,131,131,130,131,130,130,130,129,129,128,128,128,128,150,148,141,142,146,143,146,138,140,145,137,146,140,151,154,158,153,162,160,163,164,162,163,162,158,153,159,155,152,157,159,160,166,155,162,163,164,165,162,164,150,167,166,165,162,154,160,165,165,166,162,164,164,165,167,162,166,164,164,155,152,156,114,108,107,111,113,116,103,110,112,110,113,107,110,112,112,113,99,107,113,109,109,110,108,108,105,108,106,104,104
112,47,97,128,70,80,77,87,101,129,120,132,120,95,129,129,129,128,129,121,121,90,95,131,136,136,132,136,131,136,132,136,131,137,134,123,117,93,147,91,117,137,64,53,115,63,112,54,113,112,98,64,90,64,107,45,89,53,67,94,51,80,73,120,76,165,141,140,134,65,74,111,83,57,90,131,89,103,91,139,58,56,88,145,95,47,36,126,68,75,105,121,139,82,115,95,130,130,130,129,129,129,129,128,128,128,128,127,127,153,151,143,150,148,151,149,146,145,148,147,149,150,151,158,160,152,154,159,157,159,158,160,161,159,152,158,156,151,154,156,156,162,155,156,151,155,156,145,163,151,161,162,161,160,147,152,159,161,160,159,161,159,159,161,160,160,157,156,138,141,110,97,117,86,90,93,94,88,100,101,102,101,88,100,98,100,100,92,102,105,107,109,101,99,103,106,106,106,95,102
123,44,73,112,70,76,74,95,64,78,67,126,92,91,120,121,120,121,123,117,119,92,105,134,136,137,133,136,133,136,133,137,134,136,133,117,116,107,124,113,112,118,62,63,117,59,97,48,115,108,111,67,90,58,108,50,91,44,80,94,54,107,79,122,98,164,132,121,134,77,107,82,84,61,85,134,85,88,75,136,81,77,91,138,88,75,76,124,86,90,89,117,135,89,111,95,129,128,128,128,128,128,128,126,127,128,127,126,126,153,145,74,64,123,124,123,122,122,121,119,118,119,148,89,89,91,84,98,88,96,92,88,84,87,90,89,89,86,89,91,86,84,81,84,89,92,91,93,93,73,93,92,93,92,88,99,97,90,93,93,92,92,93,93,94,94,92,90,87,87,93,91,118,81,85,86,77,62,79,80,77,74,46,94,91,81,78,55,64,66,64,53,55,51,52,54,54,58,52,64
119,82,88,99,66,67,73,102,103,133,134,133,141,130,153,116,132,136,135,120,110,109,115,130,135,136,134,136,133,135,133,135,134,137,134,108,119,111,56,115,44,85,74,90,116,61,85,52,112,103,117,66,54,35,62,51,93,29,86,92,58,97,71,86,102,165,120,123,133,89,109,81,108,43,76,133,93,96,87,138,83,85,86,138,77,83,50,128,68,94,73,115,136,84,112,96,125,124,124,123,124,124,123,123,123,122,123,123,123,148,45,125,122,122,121,122,121,121,121,120,120,121,121,80,86,80,88,86,68,83,82,82,81,82,82,79,82,84,83,82,78,81,74,84,77,83,82,82,82,98,89,78,84,87,80,77,76,67,79,81,87,89,91,78,75,80,88,87,81,86,95,80,119,74,79,74,66,65,72,74,73,74,56,77,78,77,77,43,68,67,68,61,65,58,72,71,64,61,62,65
141,85,87,115,120,86,86,77,99,91,151,105,107,104,134,91,92,139,88,131,112,97,104,131,136,136,133,135,133,136,135,136,135,137,135,102,117,110,73,114,140,141,78,101,111,78,69,35,102,102,117,63,46,29,80,55,92,51,90,83,56,78,74,106,129,164,116,99,136,81,114,66,110,63,85,134,91,105,77,134,92,69,81,136,85,76,74,125,80,97,99,115,135,96,110,111,114,98,108,110,117,111,96,99,96,99,111,94,100,151,123,100,102,101,108,109,108,109,113,105,102,102,101,71,80,69,71,72,59,69,72,72,68,72,72,67,71,72,72,73,68,71,66,79,69,79,78,78,77,120,75,75,77,77,66,75,74,67,76,77,77,78,78,70,65,67,75,72,82,87,88,75,119,66,62,65,65,68,71,71,71,75,67,71,72,71,70,49,66,62,61,61,59,66,59,56,65,63,69,62
137,73,75,78,74,78,70,72,91,119,148,106,74,83,90,96,125,84,95,129,95,77,103,130,137,137,133,136,135,136,135,136,137,136,136,99,116,108,138,134,127,128,85,116,112,101,61,67,82,100,117,61,58,36,99,73,92,67,90,68,49,57,90,127,151,166,113,84,132,104,110,62,118,65,57,132,80,125,57,132,53,99,87,137,110,132,122,124,138,132,145,139,132,127,111,116,100,119,50,87,115,90,122,93,76,72,90,93,95,152,120,97,99,93,92,94,98,100,98,93,93,91,92,64,75,62,57,67,56,62,65,68,71,65,65,59,66,66,67,66,63,60,55,69,63,68,67,71,72,132,69,69,71,72,67,72,67,57,63,69,67,71,69,77,64,64,73,73,87,90,86,72,105,62,59,63,55,70,64,64,71,68,71,71,62,65,67,58,66,63,61,65,61,57,70,63,67,71,71,61
130,60,43,56,60,90,63,80,95,127,145,106,110,121,130,109,131,135,105,126,92,87,110,130,135,136,135,136,135,134,134,135,133,135,134,98,114,109,143,142,142,142,93,121,109,106,47,80,69,97,106,50,90,37,113,59,94,82,84,59,46,42,111,138,157,166,119,65,131,105,121,65,124,73,81,132,88,135,81,132,86,89,99,138,113,130,123,127,124,124,113,117,129,70,110,111,109,120,73,46,81,94,90,74,83,105,107,76,96,153,121,98,91,94,102,92,98,94,91,96,94,93,92,60,75,59,67,64,48,79,64,62,62,59,57,57,63,65,67,65,58,60,52,77,61,72,70,67,68,140,66,65,64,67,68,62,69,52,67,65,66,67,64,62,62,64,63,72,88,91,82,63,93,59,69,54,52,67,63,63,62,65,75,64,67,63,64,56,61,76,73,68,69,51,61,71,71,67,74,57
122,73,53,51,72,89,65,92,73,120,155,119,108,84,107,80,85,96,119,105,107,93,115,131,134,137,136,136,134,135,133,133,132,131,130,99,116,106,100,130,126,140,94,120,103,116,44,103,57,94,99,45,91,41,114,58,95,87,76,50,49,55,120,165,167,166,109,61,134,109,99,58,135,39,52,134,95,150,84,130,133,134,140,130,130,137,102,130,71,92,79,102,134,85,112,117,127,129,97,108,82,69,82,73,87,87,126,78,100,154,126,111,100,99,96,95,100,101,87,93,97,96,100,162,160,160,131,86,93,93,97,100,105,97,102,97,102,100,96,79,49,42,54,72,55,68,66,61,60,145,57,58,64,68,63,67,70,50,58,57,58,66,69,61,65,61,64,69,88,85,78,59,88,55,53,50,50,61,59,61,67,65,97,65,65,61,63,55,59,66,66,77,70,62,54,62,56,59,78,55
127,137,139,66,71,73,70,95,77,136,81,88,84,111,82,131,92,112,117,96,99,140,151,131,136,135,135,132,131,130,127,125,120,113,104,100,114,101,78,97,103,139,106,107,101,117,42,114,52,93,79,57,83,54,113,63,94,89,47,41,46,46,152,150,168,165,130,77,134,129,126,69,138,81,82,134,82,148,86,131,118,122,126,127,109,117,76,122,106,88,61,90,131,73,109,121,55,57,97,66,127,82,128,112,127,46,70,137,101,151,124,94,89,97,107,101,100,107,99,94,87,92,93,155,158,164,161,163,149,165,164,164,165,159,160,162,162,154,160,164,162,156,145,157,158,152,125,113,137,96,147,156,152,147,137,91,91,91,91,87,82,68,62,53,56,58,60,64,87,70,73,46,90,56,50,44,47,60,58,59,61,62,67,66,64,63,55,51,56,61,81,59,61,53,72,68,63,60,76,59
99,128,146,131,130,133,58,68,106,141,86,91,95,88,81,102,119,124,117,129,134,125,123,131,135,134,132,131,127,121,117,107,90,73,57,100,114,117,122,122,132,132,107,96,97,114,41,122,47,97,65,58,41,62,115,70,97,91,30,50,54,66,159,166,166,165,136,64,135,135,97,66,137,44,45,135,104,145,138,125,130,121,79,124,82,139,92,134,83,67,85,93,131,100,110,116,72,74,48,43,124,95,129,114,126,71,86,136,97,154,128,103,104,93,86,106,100,91,99,78,101,158,115,56,75,69,89,108,113,106,92,105,101,96,135,164,160,155,160,162,162,160,151,164,163,162,160,155,160,145,162,156,162,161,158,163,161,151,164,160,162,164,165,165,156,116,89,113,108,106,97,43,73,47,48,48,43,58,58,56,54,60,63,53,54,57,53,54,54,56,58,57,53,47,56,56,51,49,54,60
74,138,147,141,145,121,98,73,114,145,84,85,105,107,119,124,124,125,121,124,123,122,117,131,134,131,130,122,114,98,87,79,66,52,49,96,112,91,91,117,139,78,105,75,98,95,36,125,28,97,46,52,43,71,116,64,98,86,46,71,72,47,163,154,169,165,157,69,132,138,127,77,135,83,84,139,96,137,122,131,125,122,109,122,101,144,103,128,96,35,54,77,126,72,112,120,44,65,74,33,123,43,127,111,122,94,110,136,78,152,123,82,100,78,95,94,88,94,87,169,166,166,137,83,67,69,51,69,47,69,60,60,67,69,71,79,79,77,84,86,64,88,98,125,142,111,93,97,91,126,156,150,154,153,152,156,158,148,159,160,160,158,163,167,160,163,161,156,166,131,116,55,44,59,71,54,59,62,68,68,61,55,61,54,55,55,51,46,50,51,50,54,64,59,54,54,55,60,64,60
87,138,141,99,130,141,139,70,71,71,84,82,103,70,120,126,126,125,123,125,123,122,118,131,134,124,120,110,97,79,61,55,54,54,45,100,113,97,104,78,123,96,101,57,95,85,63,118,50,99,52,54,73,81,114,55,98,79,47,75,84,114,163,165,166,161,160,37,131,135,132,95,133,82,104,140,132,144,125,125,98,119,77,125,91,145,79,134,90,108,123,130,127,133,106,117,79,111,59,47,122,85,126,115,119,101,113,134,90,150,142,125,66,82,100,90,95,88,43,77,171,167,27,62,74,69,44,54,30,61,54,59,70,73,65,67,73,67,74,80,72,69,91,77,68,73,68,59,71,134,69,62,71,84,68,69,90,98,103,99,94,92,102,103,125,119,150,162,146,158,163,96,38,42,68,46,49,52,59,59,61,57,59,53,55,51,51,44,52,53,54,51,62,20,63,62,54,55,75,65
168,123,127,121,155,154,165,77,80,73,85,77,60,83,119,49,56,48,43,53,52,41,56,130,136,119,103,87,67,40,48,50,49,52,47,97,110,63,84,81,116,106,94,37,95,65,50,102,35,95,53,45,93,104,117,110,95,58,54,90,88,42,162,167,153,155,161,77,129,130,123,88,130,86,79,143,111,140,135,124,90,125,71,127,94,144,42,133,82,92,96,52,128,56,111,125,100,110,76,40,120,51,126,113,121,44,111,131,127,151,138,148,123,143,82,76,88,84,82,67,167,165,90,47,71,66,44,57,41,78,76,80,95,73,62,69,73,73,75,75,61,67,99,76,63,68,61,60,58,132,56,60,61,53,46,57,59,93,65,60,49,53,54,56,59,59,55,61,116,149,161,124,52,52,66,59,57,64,60,60,54,53,57,51,56,60,56,56,52,54,54,55,56,25,44,43,47,64,65,39
158,126,128,119,128,139,120,76,70,63,56,78,71,71,106,115,112,73,71,70,69,70,64,130,133,102,82,57,140,69,45,46,47,51,50,97,108,96,61,80,114,99,67,24,93,46,63,82,42,93,44,51,115,82,80,79,81,44,102,75,72,72,163,163,165,149,161,46,133,130,89,71,123,96,95,141,127,121,103,126,89,131,85,130,83,144,112,134,132,122,129,132,135,136,108,122,83,55,92,70,120,42,124,107,116,116,123,147,148,153,143,141,147,145,134,129,131,129,131,122,85,98,127,38,57,65,65,69,44,67,53,59,65,69,61,63,62,66,67,70,59,70,110,81,76,82,69,63,70,121,50,55,49,54,50,56,52,107,64,57,43,54,51,47,54,52,47,64,100,81,156,120,99,108,111,112,113,113,118,118,113,120,115,118,113,90,56,44,48,51,48,53,52,55,49,46,47,47,47,40
145,138,134,124,119,133,167,107,62,58,57,59,33,63,67,103,113,121,72,72,70,71,67,131,131,81,57,38,130,117,108,109,102,106,140,142,122,87,123,83,145,60,84,89,93,52,93,61,62,92,42,79,134,67,136,90,81,147,101,103,100,94,162,167,138,139,166,84,131,123,97,81,124,77,86,140,114,123,126,121,89,137,89,127,93,129,100,135,89,93,101,49,128,84,111,124,85,88,79,89,141,121,118,120,120,119,119,121,122,155,145,144,148,144,146,141,141,138,133,142,135,139,147,90,91,114,99,105,74,57,43,54,57,59,61,52,58,60,79,77,62,73,118,72,76,79,73,60,52,93,48,46,45,47,47,49,49,112,57,53,31,51,48,45,50,53,53,62,94,76,111,118,93,105,104,104,101,108,112,109,108,110,106,112,112,115,111,112,111,114,117,116,115,109,118,120,114,116,116,109
127,128,130,131,129,120,135,85,54,54,62,56,93,62,59,50,62,45,42,39,42,36,45,128,112,103,105,120,134,169,140,133,144,142,146,75,92,94,62,67,70,109,91,39,95,83,150,125,106,135,107,96,108,76,131,79,75,71,108,128,57,53,166,163,166,134,163,53,137,123,105,84,124,66,99,138,115,104,86,131,94,136,82,130,121,146,130,133,132,127,137,137,130,106,106,125,130,127,160,169,143,130,145,149,151,148,114,117,119,151,144,54,123,170,142,138,141,140,138,144,146,144,149,159,155,159,161,164,138,159,157,157,89,92,96,99,109,67,65,69,38,59,114,64,54,60,59,55,49,45,45,43,43,45,55,45,46,108,58,88,27,55,61,74,74,74,67,75,89,78,76,90,53,94,105,110,105,102,105,104,108,106,101,107,108,106,106,104,106,104,105,102,103,100,110,110,109,105,105,102
136,132,135,129,126,126,132,52,79,58,51,55,71,63,58,62,68,71,71,69,72,119,135,137,139,140,113,134,131,151,118,115,122,95,99,71,68,64,72,103,102,108,93,47,95,124,130,130,134,117,92,138,132,139,125,133,111,75,75,56,63,66,163,127,90,127,165,85,134,119,86,83,127,75,86,135,117,90,87,127,101,138,74,133,70,118,75,139,85,86,50,48,127,84,111,119,105,44,62,119,131,89,86,85,87,87,147,146,120,153,126,152,142,135,91,157,169,172,166,137,141,136,149,81,108,106,102,165,142,161,162,162,154,159,160,160,162,159,158,162,129,93,110,156,160,89,87,41,43,44,51,57,41,72,69,74,80,102,57,54,27,55,50,55,53,56,46,65,77,72,82,54,45,42,64,63,68,59,60,58,74,67,59,54,98,104,100,109,97,102,101,102,100,98,103,107,102,98,97,100
136,136,138,137,137,138,139,59,83,66,45,64,63,67,63,57,73,51,115,126,105,138,134,140,136,141,131,138,113,106,132,128,125,111,116,125,118,114,123,136,137,130,122,123,104,155,136,136,132,152,107,80,76,77,75,91,106,100,120,123,103,81,165,164,166,126,165,64,135,122,83,45,127,66,116,132,106,72,83,139,87,134,110,130,133,136,131,136,135,132,121,83,127,78,107,123,118,67,62,94,122,85,85,84,84,80,100,110,111,157,123,154,148,153,168,153,165,161,85,120,65,89,124,61,66,59,57,60,108,72,54,94,110,109,94,164,156,157,158,159,157,157,161,159,161,159,166,157,163,120,118,125,87,88,90,92,45,89,62,76,54,57,87,80,62,61,49,65,72,76,76,61,46,56,62,30,35,41,43,42,42,43,59,60,54,56,62,58,61,60,60,55,67,68,73,63,70,107,83,104
140,127,128,134,136,136,139,63,78,76,83,60,64,89,78,122,62,64,156,89,99,115,118,121,126,122,125,125,118,127,127,127,137,124,119,93,80,101,17,30,110,134,117,116,116,159,143,173,83,107,160,85,84,108,114,96,81,94,108,81,71,110,162,117,116,128,167,71,135,116,80,76,130,75,81,130,126,67,75,131,90,127,92,132,90,112,76,143,100,58,66,35,129,81,110,118,117,75,79,53,118,83,82,85,83,82,99,105,95,157,126,154,148,105,143,160,163,153,155,119,122,122,120,65,62,59,57,58,109,61,34,53,58,75,61,58,54,68,52,100,110,105,101,162,159,156,160,153,163,161,158,156,159,163,160,153,159,158,109,111,91,87,87,87,88,70,60,67,72,78,80,66,45,98,56,56,41,39,43,41,44,50,53,49,52,44,28,34,30,61,46,46,46,58,38,58,54,57,65,59
129,131,126,136,138,137,141,59,54,51,94,88,86,69,83,70,69,81,134,136,133,132,114,42,51,127,38,37,127,52,64,131,56,135,133,61,79,80,93,104,93,87,129,101,98,88,94,100,138,166,169,171,84,85,84,81,81,81,80,79,73,94,162,166,165,128,166,82,134,119,80,89,130,47,118,135,119,60,94,138,83,135,135,135,132,127,135,139,130,81,62,76,127,92,108,125,118,81,80,90,76,92,82,70,77,93,96,100,92,156,132,151,150,154,166,160,164,159,101,117,82,82,124,67,59,50,60,54,105,59,27,58,61,57,58,56,55,76,37,41,43,58,54,61,53,62,66,105,114,103,104,159,156,162,158,160,159,162,159,163,158,165,157,157,155,157,155,129,88,94,101,84,43,115,42,56,47,29,51,44,58,47,42,46,44,44,46,41,53,58,46,50,49,63,37,34,70,53,40,22
129,131,133,133,128,127,136,59,45,80,95,80,62,93,60,60,69,68,136,134,134,134,122,137,130,125,87,61,125,57,74,129,72,137,133,55,77,75,164,150,69,136,118,121,119,119,118,119,118,120,137,115,84,78,106,97,79,148,99,78,73,75,163,113,125,131,109,50,109,116,85,80,131,89,97,125,133,55,75,140,92,101,91,136,87,85,79,147,116,78,68,51,131,126,107,117,103,73,62,77,76,95,66,62,78,81,92,154,140,157,131,152,152,123,107,161,162,159,156,117,120,118,119,78,62,48,53,53,99,62,31,52,58,59,57,56,52,71,44,45,51,58,50,65,57,66,49,53,44,41,59,64,65,56,83,92,89,93,103,155,153,162,161,159,162,164,148,154,153,108,159,119,45,115,51,40,29,53,32,42,51,42,42,49,47,42,41,33,33,53,41,40,50,58,39,44,34,35,31,21
133,130,129,131,135,141,140,65,117,68,94,106,69,62,54,70,56,44,152,131,132,133,112,128,134,125,135,134,123,137,134,120,130,137,133,136,110,71,160,70,149,143,125,128,130,128,131,134,132,131,139,128,128,154,162,173,78,151,101,78,68,58,162,163,149,127,128,128,130,130,109,83,136,52,126,129,137,78,88,143,105,133,134,137,139,129,142,142,114,90,67,83,132,112,111,122,83,74,56,47,76,74,57,57,58,58,69,84,91,158,131,154,151,154,167,161,163,157,100,118,77,85,120,137,163,52,58,53,93,60,49,52,50,58,57,62,48,70,40,47,69,52,52,63,60,65,55,46,47,51,66,71,60,50,64,63,61,52,62,69,105,61,90,96,93,95,90,158,144,165,154,97,44,104,48,61,54,37,51,43,38,36,45,40,42,40,46,48,50,40,38,41,42,61,46,32,26,33,39,27
125,125,132,137,137,140,137,111,73,72,86,72,88,65,61,64,60,63,131,129,132,134,70,73,113,124,69,56,126,94,108,123,131,133,135,134,141,136,153,158,111,148,130,132,131,130,128,129,121,135,142,129,153,133,141,136,142,117,145,142,132,121,163,159,152,132,131,133,130,135,116,79,138,87,125,122,139,88,112,147,108,100,105,141,99,101,51,149,129,97,111,140,137,84,117,119,138,57,58,53,59,72,57,42,87,85,46,80,85,158,127,122,154,71,128,159,163,160,156,118,119,118,120,150,158,162,161,134,90,166,97,47,42,62,48,55,46,63,38,47,83,53,42,69,59,63,54,39,45,50,67,69,63,51,49,62,63,59,58,61,112,56,55,93,59,61,132,135,109,161,109,65,43,94,44,51,44,28,30,27,31,46,47,41,48,36,34,46,46,39,45,42,47,57,56,32,44,47,41,44
138,136,132,136,137,139,138,93,101,99,93,121,96,114,46,52,52,45,133,132,130,131,68,45,120,112,60,76,123,71,43,124,41,135,130,100,138,154,148,158,124,149,130,129,168,130,133,141,141,119,127,121,118,115,102,116,158,150,157,159,141,152,167,158,147,130,130,133,129,133,104,50,141,34,149,132,143,84,95,142,108,132,137,139,139,123,139,137,139,139,141,141,145,146,111,122,72,48,50,53,47,55,91,88,93,55,87,89,97,156,127,84,151,154,167,160,163,158,107,115,94,74,119,126,128,158,162,162,156,158,162,163,163,96,122,163,134,55,34,47,97,45,49,66,61,57,53,39,45,48,67,73,60,51,54,72,77,63,55,59,116,53,54,108,64,59,139,90,80,115,162,65,42,74,49,55,51,42,37,45,38,40,43,50,42,45,42,38,32,33,37,38,34,70,39,36,42,37,33,50
130,130,128,139,136,136,135,109,93,93,104,103,96,80,51,75,92,76,106,91,74,67,83,117,117,116,119,117,120,91,79,99,108,134,121,117,117,131,136,145,155,136,140,139,135,128,143,137,139,143,145,124,143,130,123,136,144,136,138,153,149,129,117,139,126,132,134,135,134,134,138,136,139,141,152,141,142,141,137,140,92,87,88,144,131,106,107,151,144,111,108,109,151,108,146,144,164,64,49,49,56,46,72,65,84,51,96,81,101,155,142,95,156,61,82,156,162,160,158,69,99,100,125,143,94,67,68,94,109,94,151,161,156,155,162,161,163,164,162,97,104,141,90,63,57,47,47,34,43,44,65,69,43,49,48,47,65,57,63,60,116,56,56,115,64,63,138,76,71,83,154,106,40,48,58,57,50,44,44,43,39,42,40,43,36,41,46,22,38,30,30,32,30,65,32,25,26,28,29,60
134,130,131,133,134,137,134,88,91,132,97,88,86,93,80,105,107,120,98,58,85,60,54,137,139,76,89,97,154,137,136,135,129,126,165,125,141,107,97,87,114,131,146,144,135,128,133,137,152,135,149,143,136,135,140,116,139,139,129,134,140,144,147,144,122,142,131,47,22,52,91,84,152,91,129,84,63,63,47,137,130,113,133,125,172,173,130,126,156,160,116,117,120,124,129,154,127,88,65,63,55,111,80,80,71,85,96,97,79,154,144,140,74,117,129,142,149,160,71,81,37,62,128,136,126,68,57,57,30,50,69,63,84,106,101,154,159,158,157,158,164,164,163,162,134,93,159,137,79,36,52,61,45,42,44,46,65,62,66,62,102,55,59,114,68,66,133,74,68,81,110,160,38,39,40,52,34,43,31,47,32,35,43,40,40,31,38,38,35,34,26,27,33,65,36,40,28,35,31,61
125,128,128,133,136,132,133,61,99,101,64,99,83,91,71,82,100,115,132,56,85,56,53,65,114,74,59,72,161,171,130,88,105,131,169,172,127,141,139,139,141,140,147,134,106,115,117,119,116,89,99,107,100,52,105,113,131,119,128,132,127,125,149,152,152,166,145,138,63,83,169,174,174,167,73,45,85,65,108,122,120,124,125,124,118,149,145,102,134,138,139,109,126,60,32,127,138,116,70,57,61,93,88,98,84,61,80,78,78,156,146,145,148,141,139,138,130,133,86,68,85,72,86,135,119,67,52,54,33,58,88,52,48,49,32,46,55,59,90,93,89,159,157,162,161,162,161,162,159,162,96,98,91,93,67,43,47,63,55,45,75,43,52,116,63,59,131,66,63,80,77,155,81,57,81,85,65,66,54,44,27,25,35,30,27,31,34,19,26,29,22,30,24,58,30,24,31,38,37,59
127,130,131,134,132,132,133,52,105,52,58,78,88,91,95,110,100,139,107,95,75,60,56,54,51,57,78,100,167,115,173,128,137,142,173,172,129,141,141,141,141,142,118,155,71,18,91,0,2,2,2,20,2,38,40,124,113,102,120,123,151,138,129,119,135,142,134,164,102,121,95,113,96,80,54,60,53,71,98,144,142,147,150,154,60,68,149,131,50,76,155,110,108,71,121,93,134,126,70,60,88,92,91,68,69,94,96,98,93,156,150,151,150,149,146,144,139,140,136,130,88,79,74,127,103,58,49,47,43,55,114,51,40,49,31,45,42,54,61,44,80,47,60,159,154,90,158,157,155,160,156,162,151,164,162,157,110,119,163,120,74,44,39,99,53,52,124,59,58,79,78,139,87,102,110,113,116,111,45,50,58,56,50,49,55,58,45,21,11,29,23,26,23,54,28,29,46,32,24,60
132,129,128,138,136,134,132,72,103,60,60,73,88,94,93,98,116,126,115,138,97,55,81,109,92,102,77,71,136,172,116,171,123,130,173,171,126,137,142,145,147,149,132,152,135,81,108,128,136,132,151,153,152,137,131,134,129,136,123,135,116,132,130,132,134,137,138,142,118,139,118,116,85,70,66,58,142,144,163,169,69,115,153,158,73,126,152,152,83,132,157,109,106,55,42,97,132,111,59,77,100,97,88,93,73,61,93,69,78,156,150,56,160,132,147,145,146,144,143,142,144,140,147,121,132,63,45,44,39,54,127,69,32,46,8,43,21,56,78,50,73,64,61,71,61,78,69,95,96,122,95,160,153,156,159,152,161,164,160,161,159,153,116,91,104,86,124,105,49,72,76,97,87,102,104,106,108,107,107,109,110,113,113,113,102,46,53,51,60,56,52,52,55,56,44,38,38,39,24,58
126,126,128,134,131,128,128,102,100,49,76,124,118,90,91,95,56,90,102,113,65,84,89,88,91,62,87,117,170,110,172,136,174,125,174,165,129,141,139,114,80,78,78,166,135,148,124,147,132,132,146,149,144,145,162,147,154,151,148,143,147,162,127,131,129,140,136,125,113,120,155,112,98,106,70,48,149,173,141,143,145,95,150,151,133,82,153,150,131,71,158,106,104,75,53,90,127,101,91,101,92,72,70,93,97,95,60,85,77,153,128,38,156,154,166,134,161,120,143,140,147,151,147,140,152,90,94,92,46,52,139,53,29,42,30,50,39,54,105,47,39,49,50,71,71,63,60,110,51,50,54,65,123,90,105,101,133,161,162,163,162,162,159,160,157,154,158,153,111,102,79,137,57,102,102,108,111,108,109,107,111,106,111,104,101,105,103,108,112,112,116,87,41,50,54,50,49,50,48,55
130,129,131,132,126,132,135,86,83,55,49,65,15,113,108,59,118,86,132,97,84,64,84,84,51,66,73,127,121,172,113,173,108,173,173,161,129,140,93,163,131,137,137,129,107,108,113,120,112,111,118,152,145,142,144,146,129,145,146,146,144,145,146,152,103,108,110,115,114,116,117,113,122,130,73,78,155,168,139,146,171,94,147,148,98,82,155,153,77,96,158,88,97,134,94,106,159,110,78,101,66,102,84,90,81,98,88,90,75,154,128,80,157,113,87,138,157,159,152,111,130,142,150,141,160,152,155,159,159,102,107,116,56,48,23,42,38,54,114,49,20,57,32,71,74,54,49,109,45,57,54,61,115,76,62,51,51,77,90,94,102,115,164,155,157,158,150,161,162,145,140,158,44,92,70,67,62,64,114,107,106,107,109,102,102,106,106,107,106,104,111,110,107,101,109,109,115,112,70,49
126,124,124,128,130,130,131,102,90,78,41,86,96,101,86,95,141,95,84,89,80,72,114,80,94,107,110,147,172,119,172,113,172,109,174,157,132,145,119,158,137,140,137,141,144,145,147,145,143,138,149,136,106,101,115,111,112,113,113,111,116,125,116,78,76,71,97,85,140,76,81,84,81,87,79,134,138,123,139,141,140,140,149,97,105,69,108,102,99,100,104,127,98,108,81,94,88,82,84,77,70,79,88,104,101,93,100,79,72,154,130,87,155,153,162,130,159,158,159,110,54,87,119,150,56,112,97,158,163,162,149,163,148,149,125,110,60,44,123,35,18,44,44,51,74,54,44,104,45,46,48,47,99,73,59,59,51,43,56,74,42,45,47,45,99,112,105,134,160,140,142,140,43,110,36,38,34,36,48,71,70,102,56,56,118,111,100,106,107,104,111,109,110,101,105,105,109,105,110,95
91,88,124,93,81,111,95,126,99,86,113,75,94,91,91,86,1,93,84,148,78,75,102,92,88,96,82,156,118,173,126,170,116,172,173,153,130,141,137,166,133,134,137,146,95,107,102,107,109,94,63,72,75,83,83,114,89,96,92,86,87,85,85,85,82,86,77,78,123,114,114,139,139,137,138,140,140,140,89,62,47,151,147,90,97,81,106,98,105,96,103,121,104,77,88,82,89,88,77,69,76,71,66,66,76,87,111,102,80,154,132,77,158,135,89,126,156,157,156,115,73,135,120,127,84,81,54,58,60,109,95,162,147,158,160,161,162,158,84,151,83,44,50,104,76,59,49,91,48,49,69,43,79,64,61,51,49,56,54,61,45,41,42,13,39,35,31,50,57,159,75,46,41,115,23,30,27,26,11,23,30,37,39,45,44,68,46,56,57,52,117,104,99,99,107,100,111,109,112,93
90,85,90,66,86,59,82,86,94,89,79,68,106,96,84,81,89,94,91,106,84,80,99,93,85,66,57,157,172,123,172,121,171,119,173,151,129,146,37,168,138,137,141,147,76,101,86,84,80,80,79,81,90,87,81,119,110,113,98,86,97,92,92,94,91,83,77,78,80,84,122,89,10,2,2,2,2,2,68,36,53,76,147,135,136,149,88,60,93,82,92,66,70,48,97,69,100,88,63,80,110,52,71,73,65,70,64,64,56,158,135,99,168,167,166,114,158,158,159,114,78,82,119,80,57,55,66,68,74,82,79,42,100,105,95,158,150,161,157,162,164,161,92,95,95,55,51,74,68,47,58,43,67,49,60,43,48,49,51,52,49,43,40,31,40,35,35,39,38,113,56,50,44,117,23,27,17,20,22,27,31,24,24,34,27,27,28,23,39,44,47,63,53,51,85,57,111,101,100,96
61,62,95,93,85,75,71,78,80,55,30,74,47,85,125,81,83,78,95,145,87,96,76,54,70,86,101,156,126,173,140,172,140,168,173,153,128,141,137,167,139,140,144,130,64,77,81,88,86,84,84,77,85,82,80,101,111,146,123,78,79,86,104,87,87,96,82,79,81,80,81,146,96,25,28,60,84,89,94,99,108,124,138,133,142,138,132,168,146,113,56,86,68,44,90,93,82,81,70,95,89,65,48,56,51,39,59,104,107,158,135,71,111,79,90,139,164,166,168,119,93,79,141,144,47,56,55,55,42,48,68,68,101,51,72,56,87,105,90,158,162,157,163,160,163,165,102,153,88,73,55,63,48,78,59,49,46,41,46,51,52,46,41,25,39,43,36,39,42,65,129,50,37,115,13,2,2,2,2,20,19,20,18,15,22,28,28,29,49,34,48,58,77,83,75,71,48,51,57,53
77,86,84,81,69,73,68,71,83,68,146,154,133,40,87,83,81,85,87,90,98,73,73,88,84,74,83,165,173,147,171,128,167,170,168,153,131,144,49,166,137,137,133,159,129,97,99,67,64,132,140,127,141,93,95,92,96,96,100,120,112,80,82,83,92,92,87,82,90,87,87,86,87,146,121,102,91,90,94,97,97,96,99,101,101,98,133,139,139,141,167,102,83,97,93,63,82,70,82,59,77,62,40,39,59,42,83,84,100,156,134,75,83,118,163,144,165,168,164,136,69,75,131,85,63,57,57,51,55,59,60,48,106,46,93,67,96,80,84,52,48,108,98,155,155,162,161,164,165,164,101,108,100,76,57,41,50,46,57,55,49,40,43,61,63,54,37,58,41,60,164,58,39,116,0,17,16,2,16,14,25,15,14,19,19,25,18,24,56,37,43,57,79,86,29,45,99,58,58,56
86,66,69,79,67,54,57,50,57,75,125,129,87,81,90,91,80,87,77,87,94,77,78,64,53,38,85,149,119,173,158,171,171,145,173,152,133,140,137,166,137,129,129,123,117,165,97,134,137,136,133,143,141,114,111,98,92,92,92,125,146,129,118,99,89,84,95,93,80,83,81,84,83,82,134,141,104,107,110,116,91,89,96,97,96,96,97,100,104,115,134,133,127,134,131,140,168,106,76,66,40,64,24,41,57,51,86,84,101,153,130,68,72,61,126,164,164,160,166,142,86,83,130,142,93,86,70,58,52,60,59,52,108,40,101,53,108,44,56,40,37,44,106,65,50,114,105,152,155,163,165,165,160,159,143,87,139,88,48,57,56,68,37,33,45,41,40,35,38,55,150,48,35,116,0,12,2,2,2,14,32,2,2,19,13,18,24,21,64,37,42,46,84,90,71,68,69,62,59,57
39,86,84,55,66,51,81,56,70,58,61,150,96,138,94,44,66,165,87,80,80,77,71,111,44,56,76,158,171,77,165,156,143,173,173,154,112,117,103,167,135,134,137,122,126,152,124,137,136,129,142,144,168,129,95,94,92,93,98,92,93,95,145,122,108,83,93,105,106,110,112,115,115,114,104,100,136,137,136,128,115,148,85,88,88,86,89,90,82,72,134,125,129,135,130,133,136,135,39,44,59,60,80,72,29,85,71,98,95,156,139,129,114,73,112,113,108,162,163,153,134,100,79,58,141,161,164,105,106,63,51,45,110,48,120,52,110,57,46,40,39,45,102,71,56,46,78,74,81,101,94,165,161,163,163,165,163,165,166,91,159,109,53,41,50,49,46,45,46,53,101,108,32,114,2,2,2,2,2,14,68,2,2,20,12,18,34,50,57,74,72,104,72,87,67,63,43,59,59,59
47,52,75,54,59,66,47,50,52,56,44,78,95,148,92,87,81,157,86,85,82,53,62,116,44,63,75,161,163,173,158,169,173,85,173,154,127,151,160,167,134,135,126,110,119,139,89,130,136,138,141,140,168,119,138,133,131,95,93,91,99,98,92,109,122,130,132,131,135,109,113,123,128,134,121,79,114,101,102,85,124,124,129,126,136,133,131,138,139,137,121,136,136,137,137,138,109,51,72,88,39,49,63,53,37,61,78,93,68,157,136,147,86,128,143,144,126,105,67,93,62,47,95,75,104,154,162,160,163,164,96,156,85,56,126,49,103,63,40,41,51,45,97,84,52,42,47,39,50,52,53,57,83,98,101,160,160,158,163,165,164,169,166,86,90,92,89,49,52,57,81,150,27,113,2,2,2,2,9,14,65,2,2,2,2,13,45,47,78,49,90,74,51,78,28,47,33,60,59,58
52,79,57,55,58,50,50,48,43,54,67,101,92,100,99,97,90,83,125,85,76,63,60,87,62,82,84,163,167,87,160,171,97,173,173,152,140,142,161,166,135,136,115,122,117,129,116,133,137,137,138,134,121,52,165,102,125,104,106,100,99,98,92,86,89,90,150,87,162,80,118,135,130,129,134,134,137,136,136,134,127,137,138,138,140,139,107,0,145,21,19,30,79,139,73,60,79,99,74,18,19,76,54,35,63,41,96,103,76,156,142,142,150,143,142,130,132,116,88,80,27,62,110,122,84,58,55,101,153,164,159,162,155,146,99,93,99,47,21,42,41,37,92,91,54,47,43,48,50,57,48,48,41,55,56,54,62,101,89,160,161,164,164,161,164,168,169,121,114,85,88,147,4,112,16,2,2,2,12,14,33,2,2,3,2,13,46,46,78,52,49,48,46,80,54,57,63,60,59,59
53,54,47,47,52,56,76,104,100,99,88,96,126,85,119,90,99,83,135,130,71,70,61,143,59,114,95,129,166,173,157,159,173,88,173,147,126,140,166,165,132,129,98,158,123,123,154,135,137,136,138,136,107,86,162,123,168,109,86,97,108,140,126,133,131,130,130,130,139,134,137,120,139,140,137,137,138,67,54,0,24,28,2,141,2,13,5,54,140,49,60,63,69,138,83,93,133,132,58,14,47,82,69,29,53,50,99,89,76,157,144,147,146,152,141,138,138,129,73,85,82,96,94,124,79,32,64,59,56,51,105,120,155,163,161,161,162,100,148,39,42,38,79,103,53,43,49,49,44,42,43,55,55,57,52,44,46,60,55,74,65,128,91,160,160,163,166,161,166,96,136,109,94,104,102,79,45,8,35,2,17,2,2,2,2,13,21,59,78,54,54,51,50,50,41,46,50,63,47,63
30,48,61,57,60,82,96,81,84,56,67,65,67,91,97,91,88,89,83,147,96,55,74,72,118,115,80,135,130,114,167,172,89,171,173,140,140,135,169,167,133,132,91,84,159,122,144,135,136,137,137,136,129,125,167,116,168,166,134,132,132,123,132,135,135,136,135,115,132,77,77,70,65,155,62,69,76,69,90,45,52,55,58,157,67,85,86,135,130,138,139,134,138,125,61,78,72,65,81,61,27,25,2,20,37,14,73,86,43,155,146,38,145,154,148,145,142,141,142,121,78,93,90,98,62,4,59,43,60,66,58,67,84,104,101,160,158,161,160,164,90,91,89,105,50,26,57,51,46,42,33,40,35,47,43,38,67,70,57,52,50,52,52,58,57,101,92,148,153,161,136,125,121,116,100,116,51,61,88,102,45,15,2,2,22,17,16,42,84,5,60,49,53,56,44,47,51,52,45,41
67,106,78,75,57,66,65,66,87,40,76,93,63,97,99,99,93,84,84,104,96,76,72,75,70,124,137,101,164,174,150,136,173,94,172,133,125,141,166,166,130,132,132,107,114,139,161,135,135,136,136,134,115,33,168,127,116,149,117,114,45,35,21,135,11,2,27,37,132,84,55,57,59,157,59,72,81,103,132,131,132,130,135,133,26,0,10,2,132,16,21,27,20,138,61,63,74,150,59,23,64,86,102,97,101,94,73,77,51,148,114,101,82,77,85,151,147,145,148,147,136,136,110,149,58,14,0,42,60,52,64,63,75,61,74,61,102,111,159,159,159,159,160,148,134,128,53,53,50,43,28,41,40,71,42,44,41,52,46,40,44,40,56,52,49,38,37,57,66,161,79,91,120,116,101,108,103,107,96,110,47,50,121,49,51,42,15,46,90,27,7,50,59,56,43,43,47,47,45,42
78,67,58,89,72,54,107,95,86,102,92,98,59,62,74,97,72,83,89,121,121,78,77,74,60,88,70,120,164,141,170,173,85,170,172,132,139,136,168,168,132,129,94,26,118,124,162,136,137,137,131,129,126,128,162,122,119,149,129,118,55,68,63,133,60,68,80,82,133,115,134,136,136,138,141,79,0,5,117,10,2,30,2,161,26,53,55,57,131,54,74,83,85,127,133,133,135,134,75,76,94,73,60,61,43,70,81,108,99,156,127,31,67,75,102,107,101,126,146,151,142,146,146,158,55,1,26,32,34,39,58,63,58,57,54,68,54,56,45,98,106,159,159,159,162,159,163,88,161,62,37,51,54,48,47,68,41,57,41,31,44,46,38,40,44,38,52,51,51,102,54,87,49,116,103,108,106,106,97,105,106,109,112,111,78,51,53,45,86,51,20,39,59,53,29,53,43,42,46,47
76,73,68,75,44,95,85,90,72,83,86,66,40,57,60,90,89,80,127,131,111,84,78,79,76,68,139,148,156,170,145,100,171,165,173,132,120,141,168,167,130,123,156,128,108,121,166,133,135,131,129,134,118,160,152,122,165,162,122,94,116,136,132,133,133,135,75,0,135,0,2,2,2,154,9,9,47,52,151,46,57,60,74,161,62,130,138,139,135,138,122,21,36,135,48,82,102,94,59,65,51,52,42,59,82,101,71,67,83,157,132,129,104,95,103,118,106,118,91,77,144,147,151,157,160,106,136,28,24,40,25,41,48,23,53,54,50,58,52,56,55,57,69,105,152,162,157,162,159,159,93,164,103,61,47,77,46,63,49,36,34,36,43,42,29,35,46,48,57,68,74,87,75,111,37,63,111,106,106,103,103,107,106,104,106,109,111,108,105,42,45,102,54,47,40,49,44,31,46,50
19,23,120,114,91,89,83,63,77,56,73,50,59,64,58,66,73,105,122,136,136,101,79,84,85,86,149,148,151,167,111,172,92,157,172,135,145,133,169,167,131,129,96,154,120,109,167,133,134,127,134,134,119,0,148,126,107,164,117,115,42,32,21,133,2,2,45,38,134,49,59,64,69,153,89,89,104,135,140,136,133,135,26,133,2,2,2,2,126,21,13,56,59,137,69,72,70,155,51,47,46,56,59,66,57,70,42,56,76,156,137,136,100,102,103,18,108,97,77,79,122,123,126,157,161,162,164,160,96,90,37,35,14,17,21,39,51,49,68,57,59,61,42,112,52,64,103,118,155,159,162,161,158,154,94,100,52,62,55,42,41,42,43,40,31,53,39,52,56,64,143,86,75,118,40,42,63,79,51,84,108,100,102,105,103,105,108,106,99,108,107,108,111,31,53,97,113,80,44,22
119,121,116,79,74,71,80,59,82,69,51,61,74,77,39,47,111,124,110,124,148,123,83,90,129,84,87,149,150,160,111,100,168,171,172,133,141,123,168,168,131,127,97,33,137,119,168,130,130,133,133,134,168,114,136,126,115,167,117,51,106,65,63,126,70,81,85,110,129,136,131,137,142,137,38,2,4,2,151,0,2,31,28,162,46,54,57,64,128,80,86,126,135,136,135,134,64,37,29,41,59,39,50,60,50,49,53,39,41,157,137,93,73,96,104,90,169,82,103,75,84,82,106,155,47,112,164,156,161,163,153,148,20,19,23,38,37,28,40,24,43,39,62,113,76,79,60,53,49,114,93,162,164,158,159,146,159,88,143,112,64,42,60,56,64,51,40,45,55,60,160,85,65,117,29,55,52,59,58,56,74,81,62,74,102,98,107,101,98,103,106,104,100,102,102,104,112,92,45,42
106,108,105,67,77,83,107,90,101,91,71,86,80,45,55,127,131,132,128,129,150,123,96,83,86,87,92,143,150,153,157,171,153,99,172,137,120,135,165,169,131,130,150,131,113,133,168,128,133,132,134,132,102,44,122,123,164,167,111,70,128,134,134,136,134,98,0,18,134,0,2,2,2,142,26,63,90,52,158,54,76,88,115,142,138,136,135,139,132,0,0,26,33,135,60,41,64,130,24,47,51,13,56,34,57,36,41,49,22,158,136,43,94,104,96,96,86,81,117,97,74,62,71,77,52,44,54,64,107,161,159,161,160,127,97,6,39,10,2,0,0,0,44,123,76,89,75,58,60,51,49,54,129,94,158,150,160,154,162,164,148,98,131,44,51,47,52,52,56,61,132,82,73,117,18,37,36,36,71,62,46,32,34,46,56,91,67,66,96,98,101,99,97,101,103,97,102,104,106,108
84,114,95,119,105,102,95,114,89,90,98,86,31,48,51,61,102,111,131,140,133,139,102,83,86,84,92,99,129,152,154,141,153,171,172,136,138,135,166,167,131,123,104,3,117,119,168,129,131,128,133,136,106,46,108,133,123,169,116,116,46,36,22,104,16,2,36,54,134,54,76,75,78,139,97,122,134,133,135,135,101,7,1,152,9,2,2,2,131,55,64,61,70,133,85,92,122,139,13,25,31,45,16,30,36,23,47,34,42,159,141,62,59,93,100,102,94,91,67,67,97,147,105,65,46,29,45,51,53,56,114,117,158,152,157,163,137,112,4,2,42,42,12,133,61,134,75,63,52,67,51,55,51,58,63,126,96,133,160,166,163,159,160,165,90,157,82,48,57,63,93,64,74,115,18,25,26,35,74,48,70,16,25,68,37,28,58,27,80,48,46,60,98,95,102,96,101,102,99,98
65,85,84,90,68,94,89,88,98,92,85,93,97,89,39,62,100,105,109,107,118,140,122,84,82,83,112,83,118,107,141,137,81,100,170,138,128,121,166,167,129,134,161,130,112,124,167,131,131,128,133,133,167,131,119,120,135,165,62,98,121,69,70,88,79,86,98,133,130,132,134,139,121,137,7,3,2,2,157,18,2,56,55,155,53,65,77,79,135,108,139,136,136,127,70,73,41,81,51,13,27,39,27,39,40,54,28,19,19,157,133,57,62,59,78,56,91,83,90,87,79,93,149,153,45,29,44,41,40,48,45,42,49,99,162,158,161,162,164,125,105,50,37,147,66,110,10,31,31,59,0,55,53,65,55,108,56,51,41,152,103,160,159,163,160,159,158,114,106,78,91,127,91,114,14,34,47,31,78,20,41,32,20,67,16,31,68,21,40,27,35,26,58,45,59,60,96,98,100,99
58,80,82,51,53,109,100,70,79,81,60,69,76,89,88,97,95,92,104,100,98,123,104,90,83,87,87,98,112,105,94,140,124,171,172,133,137,134,165,166,131,134,119,136,118,131,167,131,130,126,133,131,65,0,122,98,155,161,75,134,134,132,130,134,120,14,10,10,133,2,2,2,2,130,53,61,59,64,157,73,88,117,133,135,135,138,95,0,134,9,22,22,26,131,63,69,70,149,38,31,49,24,16,50,49,16,27,45,17,152,122,95,61,44,49,58,40,50,51,104,88,71,99,72,46,53,48,71,45,39,35,47,48,41,44,77,120,159,157,159,161,165,146,152,76,109,34,18,29,13,18,2,52,54,60,98,68,53,52,59,23,57,104,100,158,161,156,152,159,101,121,164,150,116,33,29,21,32,88,18,23,24,11,72,28,26,40,0,23,22,35,34,44,54,3,48,54,53,47,64
68,79,48,85,102,86,77,77,56,89,91,89,73,76,60,69,50,118,114,84,91,102,103,82,87,86,103,90,95,134,90,138,145,110,169,135,133,139,163,161,132,133,116,115,128,109,168,133,134,131,132,130,123,128,107,133,127,163,121,122,49,34,31,24,2,35,58,60,132,64,79,93,90,129,128,145,135,133,136,47,0,25,2,147,2,2,14,56,133,57,70,80,84,130,105,134,133,133,15,12,18,31,30,48,25,28,20,30,33,150,118,127,84,119,27,49,23,33,20,64,56,75,79,80,91,48,48,45,46,46,13,50,66,43,45,46,49,56,119,107,157,155,161,164,148,89,73,32,23,2,13,18,3,0,54,82,44,66,54,53,2,62,44,32,51,110,99,151,156,159,112,156,149,116,27,20,30,2,81,2,2,13,20,68,5,18,37,31,28,35,33,32,43,44,16,52,47,40,52,35
72,62,101,74,103,74,76,62,62,55,70,80,94,84,65,99,52,67,78,89,97,100,108,98,81,85,86,90,97,102,106,114,133,135,93,136,141,170,163,156,132,130,130,132,122,118,166,134,133,131,127,135,77,130,116,114,132,151,55,114,119,73,73,64,81,85,126,134,132,131,136,121,3,133,2,2,2,2,146,30,50,50,58,145,67,84,97,132,132,134,137,135,30,122,56,52,69,104,29,14,29,7,2,33,47,31,14,27,10,154,118,147,144,70,125,123,121,124,95,77,88,100,140,108,152,151,151,74,50,49,50,77,48,48,53,55,50,59,52,54,57,99,158,167,154,159,164,108,98,36,43,24,16,20,2,77,34,20,9,63,2,76,40,35,41,43,44,53,77,152,82,113,54,120,9,25,2,7,92,2,2,16,16,66,2,16,31,37,40,48,43,49,43,39,12,48,48,37,22,8
73,44,95,46,51,98,94,78,89,76,71,101,64,62,69,79,58,62,87,85,159,99,121,106,101,79,87,80,89,99,133,122,156,146,141,101,92,145,166,144,123,130,114,30,114,94,168,133,134,126,131,134,74,4,114,123,139,139,68,129,130,132,134,131,48,0,22,2,135,2,2,2,50,134,55,64,108,70,144,91,133,136,131,134,113,1,1,2,133,17,30,26,57,122,63,69,69,150,39,30,6,37,2,46,21,34,21,44,2,157,126,149,146,140,142,123,125,129,63,58,86,97,103,107,115,153,157,154,121,87,40,49,52,43,58,70,47,59,54,47,47,43,64,163,96,154,161,164,160,164,105,98,25,46,23,65,3,19,30,49,2,71,40,37,42,42,43,40,50,99,74,81,85,120,0,5,2,2,76,2,2,2,2,73,11,15,20,34,18,49,38,38,35,62,13,56,52,36,26,25
45,48,60,81,47,76,74,105,88,53,52,78,50,57,61,60,66,83,87,121,94,128,144,130,72,149,98,163,77,114,137,77,129,140,157,123,74,69,167,138,133,132,161,128,155,118,166,132,125,133,133,138,129,123,113,126,127,133,119,48,35,17,16,12,21,53,54,58,133,67,82,91,112,138,138,134,137,130,136,9,0,42,2,128,2,47,55,63,128,70,83,90,131,134,130,133,128,37,43,49,42,8,2,2,2,37,2,38,40,155,124,142,148,148,140,143,143,116,60,81,85,102,102,103,69,91,101,152,148,147,158,161,54,70,66,81,55,64,54,49,49,43,70,162,57,58,109,98,151,159,151,164,163,101,150,53,29,16,16,34,55,72,36,34,36,42,42,46,47,100,76,85,116,101,64,35,6,18,74,2,2,2,26,75,2,17,5,35,3,17,74,45,35,40,27,56,52,54,23,10
53,43,73,90,86,48,60,83,62,71,45,54,51,60,63,69,80,79,95,123,136,135,105,85,74,88,81,91,91,99,89,90,91,82,145,67,75,70,165,130,134,131,61,136,35,131,167,129,131,134,133,130,49,135,120,124,130,123,84,117,118,76,72,68,86,107,130,135,129,134,115,0,0,133,2,2,2,2,134,42,54,57,62,128,79,112,137,136,137,134,72,15,32,122,35,41,62,130,55,62,12,50,44,47,1,23,2,77,2,153,131,47,63,143,148,147,143,137,139,88,81,84,92,92,74,99,52,65,105,153,156,153,159,110,97,73,51,65,49,43,39,43,51,162,44,47,57,65,63,118,131,161,160,160,161,155,92,93,20,18,24,42,34,36,37,38,39,41,48,92,95,116,120,91,46,54,111,77,61,2,2,2,2,71,2,2,16,55,2,20,33,39,74,66,32,54,52,39,41,24
51,41,98,49,99,61,90,95,50,65,70,52,52,50,110,114,70,85,88,96,82,80,80,90,89,87,91,95,91,96,90,91,95,163,122,121,89,149,165,128,134,134,166,57,136,119,169,128,133,135,134,133,84,35,131,122,135,124,101,126,129,129,133,91,17,10,41,2,128,2,2,49,65,135,69,81,86,89,135,128,134,133,135,127,0,12,2,2,130,14,34,56,63,121,74,85,105,130,31,14,37,68,61,54,21,16,2,2,22,155,127,48,20,22,24,139,143,145,147,136,127,109,89,84,76,118,75,71,58,70,90,124,154,146,161,138,84,61,58,42,39,41,43,162,45,45,45,58,48,68,114,63,99,162,161,156,152,156,154,96,85,20,37,33,32,26,32,37,44,83,164,104,96,90,98,112,109,71,49,107,104,14,2,61,18,16,2,48,20,17,38,42,32,34,54,39,49,39,42,0
54,81,77,88,84,73,52,49,60,45,67,66,61,38,73,64,77,86,82,93,85,82,72,81,86,84,89,83,87,78,151,85,90,95,87,111,149,90,151,126,128,138,166,165,57,114,166,132,133,135,133,132,171,133,112,130,123,122,62,109,41,31,0,20,49,56,57,63,120,78,91,106,138,141,141,143,132,1,134,0,2,16,2,125,42,50,55,66,130,77,85,133,132,133,129,71,28,65,69,27,88,69,56,53,37,2,2,2,2,154,129,46,11,37,43,39,37,141,149,150,141,145,141,149,76,122,76,76,76,75,73,73,67,103,155,153,157,163,139,81,42,47,40,161,46,44,59,49,45,51,118,58,56,65,108,107,158,155,156,160,159,150,97,109,37,36,33,34,42,84,159,92,50,26,92,110,85,109,109,115,99,55,115,67,39,2,16,37,24,25,55,37,38,59,67,57,60,45,49,31
45,32,50,14,14,56,67,78,71,91,78,76,60,48,16,81,73,81,83,89,77,79,103,158,84,84,156,128,86,111,153,132,88,83,61,115,139,107,100,119,132,135,166,166,114,148,169,132,132,132,132,127,146,156,120,116,136,119,104,119,117,72,67,72,88,135,132,130,136,122,0,10,2,136,10,16,3,61,129,48,61,71,79,128,132,132,130,131,120,5,2,5,15,125,30,66,72,145,19,38,13,51,53,54,51,26,30,17,0,153,136,55,2,2,8,40,20,19,64,143,146,146,143,149,84,116,73,69,76,80,81,79,78,66,52,110,157,155,153,150,100,91,45,163,47,35,44,48,43,47,119,53,46,55,55,55,54,104,92,156,161,156,160,160,119,116,94,35,42,82,111,85,42,29,101,106,107,112,107,111,108,113,118,111,43,108,114,43,34,28,47,33,39,41,85,56,60,44,33,44
32,34,47,119,76,53,81,58,49,51,60,70,49,64,68,4,55,141,77,84,144,95,76,74,81,88,79,81,78,87,93,96,106,67,124,131,128,118,58,63,113,94,164,166,166,62,166,133,131,132,130,128,163,121,154,119,124,124,123,123,132,134,130,27,13,14,37,2,119,8,38,58,65,139,67,78,86,118,132,134,134,133,11,133,0,2,2,2,133,56,63,68,71,122,88,128,127,135,2,0,8,69,81,59,65,55,45,51,39,157,141,77,13,0,2,33,57,45,33,48,47,143,136,155,157,110,43,69,76,78,75,81,82,83,76,76,76,107,140,153,154,158,165,158,62,31,40,46,39,47,103,57,49,55,50,47,45,39,90,56,86,122,158,162,164,161,160,79,87,78,81,101,42,33,107,61,46,63,105,111,108,110,111,106,114,116,114,44,54,45,42,6,10,14,94,58,60,25,32,16
32,13,26,33,88,79,68,78,51,46,50,57,70,75,85,87,76,95,80,67,87,86,85,86,78,88,92,133,80,86,131,77,87,90,120,129,128,134,159,56,99,107,144,165,165,167,168,134,131,132,125,127,168,131,105,125,125,126,100,109,40,3,18,26,49,52,53,64,111,81,89,135,137,143,139,131,8,16,129,0,2,2,46,126,51,68,80,88,132,129,131,130,136,89,6,58,47,141,57,42,0,79,25,75,80,60,45,51,54,156,139,74,47,44,45,37,27,5,22,27,46,64,119,154,152,149,160,138,47,55,76,75,77,71,84,81,80,79,77,66,97,153,158,164,162,101,141,42,28,49,95,55,45,46,49,48,40,47,98,39,38,41,96,110,157,160,164,165,164,153,134,102,104,36,109,20,28,31,61,51,63,107,110,104,108,106,109,114,114,115,44,54,46,41,91,50,56,23,26,25
38,29,24,52,47,56,72,62,24,56,56,61,59,65,98,89,87,89,88,83,88,112,87,82,132,84,89,110,77,75,60,83,93,84,65,132,133,130,86,124,36,92,141,124,164,168,160,132,132,129,129,135,138,81,167,111,126,122,107,114,120,78,69,70,118,130,130,132,130,17,3,2,2,138,2,3,54,57,128,59,80,86,121,132,131,133,130,25,131,23,30,37,42,78,37,10,41,165,39,93,94,48,9,12,50,91,65,58,70,155,140,80,62,66,61,55,49,43,45,61,60,104,123,119,79,119,161,156,160,142,36,66,73,73,90,75,74,79,79,72,57,78,147,153,158,162,162,140,145,50,94,59,46,40,48,42,40,43,101,35,30,11,56,72,38,98,92,157,161,154,120,159,96,37,109,41,39,52,37,37,20,64,50,60,104,107,106,112,105,108,113,112,114,48,50,44,42,47,10,23
31,24,53,80,50,81,38,54,40,83,70,68,56,88,88,92,95,90,84,87,77,79,82,83,81,81,89,90,56,58,20,84,73,78,79,149,150,152,88,145,45,76,124,149,164,157,152,132,130,134,129,138,161,59,167,151,83,126,130,124,129,130,76,2,2,2,2,2,81,43,61,69,75,137,85,90,117,134,135,133,130,11,2,125,2,2,3,76,133,2,30,39,48,68,76,126,129,105,47,50,75,32,24,31,13,0,60,78,51,155,135,72,66,72,75,62,66,65,77,71,98,81,117,97,51,86,66,133,158,161,158,161,45,48,50,72,72,76,75,76,79,73,53,155,101,105,160,154,163,167,97,88,40,44,46,37,44,46,103,27,28,16,40,23,3,32,26,33,109,101,82,163,68,27,110,38,40,34,16,26,32,27,26,29,55,46,63,105,102,106,107,110,110,108,108,110,93,43,45,40
25,37,43,47,70,43,64,46,9,52,84,45,61,51,81,92,92,92,139,89,78,85,84,83,84,74,87,89,132,68,67,81,78,78,77,84,148,147,52,149,152,131,132,135,138,122,160,130,100,122,123,135,154,165,166,165,147,124,117,116,41,28,42,49,61,66,69,76,82,84,131,137,134,137,127,6,6,13,131,6,22,120,130,131,130,131,131,129,133,130,133,128,131,128,85,129,132,77,51,74,66,55,51,25,13,0,12,13,66,148,129,80,53,53,70,69,77,67,86,109,95,74,83,95,53,84,43,28,62,126,158,158,151,156,38,41,48,74,72,64,48,52,49,150,57,59,70,93,162,160,160,166,116,151,37,41,38,38,100,53,30,17,36,27,16,10,35,13,46,112,73,141,45,22,110,25,43,31,22,18,39,23,27,10,20,23,44,54,48,64,105,107,107,107,104,108,109,108,116,101
42,25,23,41,31,36,43,43,36,63,70,67,67,75,72,83,86,93,142,131,78,84,67,80,72,80,88,85,93,73,76,81,82,78,78,80,148,141,139,149,136,149,147,168,155,157,156,154,75,111,125,132,152,163,163,164,166,125,76,127,129,82,85,87,135,130,129,133,42,0,2,2,6,136,33,139,128,131,135,132,135,135,136,119,132,131,132,132,134,130,130,132,116,49,77,72,78,77,76,84,53,47,67,24,23,0,0,13,2,156,125,124,132,54,63,63,90,93,103,101,111,78,88,85,68,94,70,71,68,49,66,98,152,163,156,123,60,54,49,25,37,56,47,144,54,59,49,64,43,130,162,163,164,166,167,91,86,39,102,49,30,18,43,27,3,28,20,20,41,109,75,77,48,30,111,24,29,34,16,25,29,2,24,18,10,2,38,61,48,40,51,47,57,110,95,107,109,107,107,110
42,48,51,48,56,54,65,64,83,61,68,49,70,79,73,131,66,92,122,72,172,168,80,82,78,77,80,85,86,133,77,77,81,78,78,83,79,131,106,117,117,152,132,132,131,137,132,147,70,84,104,126,109,162,164,161,168,119,129,128,128,128,34,10,2,2,2,19,61,142,125,131,132,136,139,138,136,134,134,132,135,131,11,128,131,135,120,6,132,24,26,30,31,76,78,84,67,101,53,46,25,23,74,29,40,23,15,0,13,158,126,132,76,127,118,120,139,137,113,62,88,101,87,113,73,87,76,46,48,60,59,49,61,96,163,156,160,92,80,61,61,30,46,131,54,69,50,66,61,45,57,125,103,161,158,162,160,86,87,37,26,19,39,35,2,33,6,1,35,91,89,80,72,37,110,6,26,18,35,33,15,2,24,14,17,16,21,62,21,28,50,58,51,53,55,60,110,105,106,103
119,49,57,71,82,68,121,128,97,125,98,89,109,41,123,64,95,93,85,154,121,174,80,80,78,77,161,90,90,81,76,78,80,78,77,80,82,74,106,96,100,70,90,95,97,94,90,118,120,128,122,123,122,135,147,159,166,126,2,0,9,40,84,138,121,129,131,130,136,126,132,132,132,139,138,136,15,11,134,1,0,42,47,129,25,35,35,31,131,28,59,119,126,119,73,69,59,77,84,52,35,48,70,84,57,25,74,79,35,160,128,144,146,146,132,132,136,135,132,73,56,115,114,111,87,74,43,17,50,56,59,53,53,50,50,92,160,161,159,101,127,56,56,130,49,52,47,53,44,53,57,54,50,69,104,163,160,164,153,162,82,80,49,34,16,31,2,12,35,61,160,86,109,35,111,2,19,12,12,2,2,2,6,2,14,2,6,67,21,24,45,48,58,43,22,54,45,44,52,107
103,59,74,112,131,121,130,125,76,100,37,89,93,58,56,95,93,92,94,93,167,23,79,83,83,77,76,88,90,90,149,76,78,72,79,78,83,78,118,118,117,166,90,91,94,95,103,96,109,91,124,103,105,93,115,158,164,107,125,128,126,130,127,123,133,130,129,127,135,130,0,0,19,139,57,69,21,123,76,121,133,135,134,129,51,135,128,129,132,97,89,108,97,59,73,86,53,67,56,50,31,30,57,51,60,78,77,70,56,159,130,143,150,149,141,128,132,140,95,81,88,97,112,118,159,98,74,47,44,50,54,47,51,54,56,57,59,90,159,161,159,99,161,111,46,53,50,50,39,48,65,57,50,50,46,42,132,154,153,160,163,155,88,145,20,40,2,22,37,62,161,84,120,29,112,9,34,16,14,2,16,13,2,2,0,16,3,46,25,13,38,54,10,42,45,51,58,25,37,46
114,145,150,148,149,147,89,56,77,102,101,106,107,102,82,102,89,87,97,96,98,105,140,131,71,72,73,80,89,86,152,76,76,76,73,77,94,75,71,98,103,111,138,83,95,86,80,88,79,91,111,129,117,105,102,95,105,102,110,110,127,127,125,129,6,0,2,2,15,25,33,93,55,102,82,110,117,89,53,115,120,126,132,128,130,120,127,131,122,84,54,65,72,81,62,84,93,56,37,60,56,28,37,32,43,61,67,61,60,152,130,121,152,150,151,143,129,53,75,87,91,82,103,110,154,154,160,103,39,45,51,40,46,47,51,60,62,58,55,90,159,161,162,108,167,69,53,50,41,58,51,48,52,52,52,55,85,93,115,85,156,150,159,158,148,136,69,32,38,51,115,73,126,38,111,19,30,16,16,22,2,2,2,2,7,3,2,42,29,10,43,43,11,34,22,29,51,18,49,42
122,149,151,154,114,131,85,97,105,102,105,103,110,119,110,114,110,97,105,117,158,74,74,63,80,77,73,67,85,87,85,70,77,76,74,76,75,77,79,116,120,116,159,57,91,87,111,99,89,129,109,111,130,104,108,88,77,96,1,0,0,0,128,16,32,143,120,129,128,129,135,119,131,117,120,55,54,99,45,62,54,27,16,127,2,55,4,77,61,79,81,45,91,58,47,73,64,48,64,31,21,21,35,16,51,53,32,33,60,158,131,55,50,47,151,145,144,130,112,85,87,86,73,103,50,97,156,154,162,95,43,45,45,48,44,68,63,62,50,48,51,97,162,123,160,152,163,60,54,45,45,51,39,52,58,52,71,89,117,18,48,95,157,150,161,162,160,82,86,42,66,90,80,89,109,41,33,2,15,2,24,2,2,2,7,16,2,35,34,33,29,35,13,18,36,23,58,40,45,35
123,159,154,157,157,138,120,109,107,97,88,103,103,127,102,98,102,92,105,132,145,106,65,74,92,84,89,85,83,93,87,63,78,73,73,74,74,73,77,78,150,110,122,120,97,89,100,87,85,100,100,124,133,107,105,121,106,76,10,104,103,110,106,113,113,127,127,128,127,128,126,125,108,104,75,50,53,58,59,30,34,50,71,136,133,77,79,76,70,70,65,49,75,78,79,45,92,58,64,19,17,26,49,28,37,42,22,21,42,159,135,64,57,72,72,139,150,148,142,131,102,92,83,91,58,75,45,132,153,161,162,92,40,41,39,52,54,57,62,51,62,51,65,75,156,164,157,161,82,43,30,50,52,47,53,57,58,75,105,38,30,59,50,103,132,156,157,144,160,116,122,150,118,90,110,102,49,47,55,9,27,2,2,2,0,2,2,42,15,0,36,35,20,20,36,21,52,18,33,42
124,142,137,149,162,147,147,81,131,81,115,103,107,91,92,95,104,99,91,114,132,104,73,146,74,77,73,74,75,86,89,78,75,73,74,80,75,73,75,76,154,125,119,54,117,122,97,95,89,87,85,116,100,115,102,104,113,79,90,104,102,109,103,112,115,113,114,123,56,36,9,92,90,100,66,24,43,57,53,68,89,65,63,93,84,67,81,79,70,83,53,52,82,43,75,83,72,59,33,40,57,58,63,61,72,64,94,89,76,158,139,79,118,119,81,66,97,147,148,137,132,118,74,88,64,62,51,47,53,83,158,156,154,88,46,58,53,57,50,50,56,45,51,78,56,98,155,157,161,163,85,43,50,30,49,57,59,56,86,30,36,68,33,43,32,98,96,143,156,154,125,92,85,104,110,101,100,108,86,53,106,43,2,2,0,2,2,61,2,0,2,56,25,18,28,1,48,23,25,25
153,157,160,152,135,150,153,84,133,112,101,121,96,107,107,73,84,106,107,112,107,58,71,71,71,81,84,83,81,82,79,77,148,74,73,75,76,74,75,75,76,143,147,170,164,97,106,94,80,82,88,117,113,105,113,107,119,97,68,111,106,111,84,18,10,71,20,8,98,79,22,84,122,82,47,42,58,71,89,88,76,72,47,71,82,62,60,62,68,58,51,43,73,20,9,84,84,18,53,60,54,56,69,71,68,69,91,88,106,160,144,96,116,120,78,90,97,81,117,142,147,141,126,146,64,65,65,69,54,70,53,126,152,153,160,88,49,55,56,59,48,43,53,77,57,57,66,98,158,159,162,162,131,68,42,48,56,64,76,34,39,78,50,55,24,37,42,55,97,148,106,153,70,51,108,101,102,110,112,109,111,53,87,46,1,2,5,51,13,1,2,17,54,4,27,14,49,11,16,37
96,126,108,95,121,133,154,84,139,76,94,123,108,97,121,84,108,109,97,112,112,156,112,79,90,76,80,81,80,75,78,78,95,76,75,75,127,76,74,77,74,118,124,23,116,155,105,97,92,85,73,80,85,104,114,109,112,96,102,67,121,2,99,2,13,42,79,55,56,60,103,108,117,77,61,75,63,92,99,36,62,22,67,62,50,56,32,38,68,11,83,14,17,9,12,81,80,51,63,67,100,84,90,94,113,94,65,93,76,159,144,97,113,89,89,102,88,96,82,93,146,144,137,150,66,66,71,67,71,82,78,69,89,159,155,147,130,85,46,58,55,25,41,74,46,55,61,66,47,100,152,158,161,160,97,81,47,62,55,44,44,93,48,51,42,42,45,54,39,60,75,166,64,55,102,56,108,104,105,106,106,108,111,99,51,81,41,38,34,0,5,15,29,61,54,51,53,11,3,14
93,136,85,91,90,53,126,90,129,112,109,108,112,90,121,78,119,113,94,103,122,124,77,64,73,115,80,80,76,134,78,79,77,147,73,73,74,68,72,72,74,72,152,36,137,153,67,95,95,93,84,85,135,90,82,111,108,104,93,72,75,119,106,109,95,60,52,83,40,49,69,58,62,59,68,83,82,83,69,96,50,59,31,38,53,45,43,47,64,53,9,61,97,54,81,60,49,1,81,90,90,90,100,85,104,95,63,85,45,157,143,82,99,90,60,103,59,39,72,73,78,92,140,152,91,84,67,60,61,59,71,61,57,62,150,152,154,160,93,91,53,20,36,77,50,45,59,53,40,55,62,98,157,162,162,163,84,87,67,45,47,96,42,41,67,44,46,71,48,53,71,142,64,54,114,5,64,49,98,102,109,107,106,108,103,99,50,120,60,20,16,17,32,33,43,25,59,41,33,16
66,48,76,117,113,73,105,99,126,95,120,104,127,113,93,119,94,101,108,108,110,124,125,78,67,66,83,78,77,72,74,78,74,153,78,76,72,158,75,74,74,75,48,135,124,110,161,77,69,101,94,74,86,105,103,103,109,111,118,112,84,75,65,76,91,70,25,50,50,28,32,47,53,55,59,84,84,96,124,92,23,39,63,45,81,71,45,31,28,46,91,63,54,108,112,126,118,112,108,88,93,81,96,75,78,72,42,28,86,157,143,90,80,77,65,67,84,69,86,84,65,102,79,146,160,157,156,54,62,41,42,59,65,62,59,55,133,153,157,164,88,91,42,80,40,47,52,55,41,46,56,59,62,104,159,155,160,157,77,162,40,109,42,40,76,44,39,93,43,50,79,71,71,48,113,18,36,31,54,59,77,112,107,110,104,102,109,109,108,52,45,47,27,30,44,22,60,41,46,20
45,71,81,40,71,77,120,101,111,105,118,110,112,110,100,102,101,117,84,109,114,117,156,128,91,60,77,83,80,77,75,78,78,77,73,86,71,73,76,74,73,75,70,138,127,121,107,146,88,96,72,88,84,100,72,118,98,119,115,132,100,103,81,28,42,38,3,13,2,31,3,46,57,61,62,56,95,131,60,95,3,10,18,46,44,43,70,49,91,106,108,105,115,108,110,102,107,103,108,107,116,109,108,57,110,32,66,118,112,153,137,81,92,77,73,75,108,72,95,83,72,53,45,15,99,160,151,159,148,58,52,59,65,79,76,64,76,49,116,159,164,159,101,80,39,43,48,54,33,35,52,56,48,43,63,103,157,154,155,152,93,113,33,43,83,50,45,108,47,46,157,70,71,53,113,20,22,37,46,6,50,60,67,103,110,110,116,114,111,101,107,45,50,47,35,11,59,28,40,42
43,84,90,79,99,76,127,79,119,104,109,101,110,113,94,86,73,110,118,87,109,112,156,66,122,123,152,79,80,79,76,77,76,75,84,93,76,75,163,73,76,81,70,29,143,149,138,164,69,96,58,89,74,78,109,93,120,107,128,115,125,113,70,92,17,2,11,14,3,2,2,37,55,57,51,68,51,122,65,108,2,55,44,26,50,100,70,68,114,108,112,115,105,105,110,104,105,112,107,105,103,110,108,112,107,113,110,109,108,152,125,103,111,93,58,80,54,45,43,93,60,73,55,51,54,65,95,152,164,89,58,62,67,73,76,100,98,41,38,48,93,160,160,113,89,49,39,54,33,42,44,56,45,32,58,54,46,110,155,158,157,147,129,117,87,50,47,124,49,49,156,88,84,53,113,23,20,15,15,9,24,31,23,51,75,61,111,114,114,104,102,107,113,112,84,64,44,10,39,37
74,125,114,124,115,122,141,77,115,101,127,128,126,104,102,78,93,113,115,91,105,111,121,74,72,137,107,76,81,137,74,72,78,77,65,97,93,70,72,75,74,72,72,72,150,126,120,109,159,91,38,100,88,85,84,92,102,119,105,107,100,85,119,66,106,40,40,35,36,28,50,41,26,47,49,47,91,88,69,108,14,20,15,70,73,64,106,88,112,122,114,114,110,105,100,107,106,107,105,104,103,107,106,108,108,105,111,103,113,152,125,127,73,126,138,71,47,45,44,79,32,48,55,72,56,66,71,100,161,162,159,156,63,68,73,59,58,34,35,48,45,66,120,107,162,163,85,41,20,45,41,58,42,29,52,42,44,51,51,97,155,152,152,155,155,158,51,121,52,51,113,78,137,54,115,39,21,22,26,11,9,3,1,16,3,24,99,68,111,107,111,110,106,111,103,106,42,69,46,36
140,117,116,122,113,126,159,95,116,109,120,126,123,92,124,118,82,102,100,116,109,118,107,71,61,105,136,76,78,70,71,66,74,73,72,161,82,77,75,166,75,76,72,70,68,125,125,114,108,103,20,88,89,106,81,103,75,108,96,115,109,112,96,95,73,122,53,61,61,56,51,58,48,48,61,62,87,61,37,96,44,63,104,98,114,111,87,121,114,106,122,112,100,104,105,103,105,109,109,107,102,101,106,107,108,103,102,106,102,154,129,135,137,75,118,116,127,114,110,78,120,100,137,75,40,62,66,84,70,96,157,156,158,154,69,64,55,53,36,37,57,52,50,78,150,155,161,166,96,36,34,46,44,35,50,51,46,50,47,51,51,102,146,159,153,158,161,100,67,57,59,74,166,53,113,53,28,35,25,9,19,19,23,19,28,25,6,45,70,45,94,109,110,107,107,104,98,110,111,51
91,122,108,129,112,127,159,94,119,118,121,117,108,116,113,92,103,97,106,93,103,124,122,152,69,122,125,154,78,73,77,86,68,73,73,159,80,74,70,70,72,71,72,71,68,127,144,148,137,162,9,107,95,89,86,94,120,71,107,89,127,103,110,122,98,74,120,50,51,50,45,51,39,61,58,48,69,85,76,83,48,60,79,81,107,115,110,107,94,106,76,109,105,103,105,99,108,106,107,111,109,107,109,107,114,107,111,111,103,155,129,140,147,148,71,132,131,131,128,81,91,90,87,113,17,58,59,85,70,66,69,120,160,158,95,70,70,57,48,71,49,52,53,78,59,96,161,160,160,162,99,46,44,31,53,58,50,51,47,46,50,79,68,100,118,158,159,153,155,86,90,117,161,54,115,60,50,37,40,33,35,30,33,35,34,45,36,43,40,50,40,59,89,114,106,109,111,113,113,109
92,107,110,124,108,115,158,86,118,152,130,115,100,111,109,137,103,97,102,116,107,118,109,150,68,79,140,112,77,76,73,74,71,74,73,74,99,77,70,73,153,72,71,72,71,61,143,139,120,106,48,100,94,80,83,86,97,143,66,72,105,120,113,130,86,98,80,98,55,52,42,48,58,57,51,73,73,55,59,47,58,73,92,79,89,113,108,91,112,82,90,89,107,105,110,104,107,111,113,111,113,106,110,106,106,103,105,104,107,156,129,141,151,141,130,141,78,125,84,105,98,98,107,114,34,35,47,85,61,55,67,51,106,160,152,158,143,63,59,52,47,53,51,78,49,56,50,147,154,155,164,138,78,33,49,54,53,61,61,56,57,71,66,60,109,100,98,154,161,162,142,132,120,60,114,67,34,44,44,17,44,50,60,52,55,59,61,58,41,51,35,40,0,64,47,101,106,108,113,110
97,95,85,134,107,123,146,80,118,120,119,112,103,107,104,111,101,77,98,108,100,110,106,124,70,123,118,66,77,79,73,73,69,73,73,72,113,74,85,72,72,71,73,72,70,68,58,123,125,116,58,65,90,89,92,86,82,92,81,96,75,108,130,100,125,120,76,72,43,55,40,51,42,49,60,75,75,75,76,34,49,69,78,80,83,82,87,74,66,70,81,73,87,101,100,106,104,108,106,107,108,110,106,98,106,100,104,112,109,151,125,56,112,146,140,137,123,102,62,92,102,73,107,107,161,102,29,87,45,34,65,74,71,55,95,158,158,159,141,62,66,50,69,76,57,57,51,53,56,106,156,161,165,88,96,58,54,61,56,58,59,59,65,58,100,66,68,97,95,157,129,98,133,53,113,64,30,21,42,22,42,54,31,40,42,53,55,52,2,52,33,36,18,30,56,32,96,54,116,109
68,77,76,89,115,92,95,91,108,135,103,110,107,109,127,92,113,94,105,73,97,87,118,114,156,132,93,64,149,77,72,76,73,68,73,71,69,67,74,72,72,108,71,72,69,67,174,175,172,146,30,163,79,89,90,90,86,76,75,108,92,110,116,108,122,94,89,61,96,55,0,51,36,59,69,68,40,47,38,22,38,59,76,77,74,77,69,75,76,78,76,80,105,108,106,107,81,113,110,117,110,110,102,103,108,105,102,99,116,154,128,56,115,97,143,141,137,141,61,84,91,98,96,109,154,157,114,78,65,22,59,51,65,52,48,80,129,165,158,97,108,64,52,77,84,65,58,38,51,50,64,92,164,154,164,90,84,58,59,64,60,61,66,62,86,64,62,82,69,97,88,159,90,89,108,56,30,28,29,16,32,27,22,14,11,3,47,31,24,51,2,46,13,19,41,22,54,48,104,83
5,44,45,46,95,82,74,136,90,128,92,117,101,108,128,129,120,71,96,95,97,104,116,117,162,67,64,69,66,73,74,72,67,69,73,70,70,138,77,74,73,68,71,71,69,67,156,176,174,172,119,106,151,92,92,92,89,70,72,135,94,99,99,121,110,124,100,91,64,113,54,59,54,66,64,72,55,50,25,7,57,74,76,78,73,85,72,79,78,77,79,80,103,112,119,102,108,114,114,112,111,107,105,104,102,105,101,106,105,155,134,65,101,96,102,140,141,145,130,116,79,83,84,96,53,119,155,157,157,28,69,42,58,42,47,69,76,105,158,163,157,92,58,77,98,60,47,47,52,36,48,56,85,95,159,163,167,89,83,67,71,57,65,67,70,62,62,63,66,68,67,162,84,90,119,57,43,9,27,16,20,43,37,38,29,19,13,51,2,50,2,8,61,10,41,21,51,57,29,49
13,35,108,137,83,44,103,149,89,136,106,104,113,112,101,129,88,107,98,113,98,101,112,113,144,32,65,73,100,76,75,72,71,68,68,73,72,133,72,71,72,72,69,74,70,66,40,176,174,171,0,111,166,71,99,101,100,90,86,96,115,63,99,115,127,49,132,62,65,63,121,43,89,78,78,84,115,115,110,100,86,86,92,79,75,62,55,65,67,71,70,80,76,78,119,118,149,99,114,93,95,108,131,97,100,99,103,108,109,154,135,74,101,98,109,110,113,149,143,133,122,57,88,93,36,39,151,152,164,119,38,26,54,34,2,62,72,66,71,91,159,148,160,65,59,59,58,48,60,43,47,54,59,96,123,156,160,154,163,85,66,48,57,61,65,66,66,60,65,71,105,113,71,73,118,91,111,75,47,13,21,21,27,29,20,34,65,63,36,53,2,19,16,27,41,25,47,52,39,25
69,73,79,175,118,169,142,153,86,141,97,115,128,119,42,34,88,90,92,91,107,82,107,102,117,62,160,165,175,172,73,73,72,66,70,71,71,73,155,72,72,72,67,70,69,69,35,168,176,173,167,71,78,162,87,97,98,85,83,90,107,109,107,93,26,65,45,97,78,35,66,122,60,65,73,94,65,47,49,47,42,60,63,72,71,47,52,77,79,97,87,80,105,96,130,120,128,131,135,111,109,106,111,113,114,96,115,102,106,155,131,76,104,107,111,114,111,121,146,142,141,126,126,88,22,64,50,95,142,160,163,144,52,2,2,48,63,59,65,59,84,150,161,105,101,73,65,56,68,44,37,54,56,99,67,63,115,160,163,158,163,86,60,61,62,64,66,52,71,66,161,68,66,47,116,96,103,107,115,76,55,48,60,68,56,69,70,52,32,47,30,26,2,2,2,56,50,52,42,38
58,67,75,103,98,130,147,154,92,118,110,86,50,105,71,75,57,19,83,108,101,105,87,114,98,146,109,162,169,171,75,75,72,67,70,74,73,68,159,71,72,71,73,66,69,67,67,132,176,167,170,86,75,151,121,94,101,87,81,87,90,123,59,96,106,72,52,65,104,103,88,66,154,34,71,37,41,7,3,17,15,27,53,32,48,0,93,88,40,90,77,39,56,71,87,97,81,79,83,80,81,84,80,83,83,80,77,80,77,155,133,85,115,59,78,77,76,76,81,136,138,139,125,148,21,26,44,101,44,148,160,162,129,59,2,41,54,52,54,55,81,108,99,100,161,160,125,56,65,60,52,50,47,96,61,69,61,72,121,159,161,158,162,84,43,66,63,50,70,74,149,65,68,49,117,90,105,107,109,102,110,55,58,46,41,77,81,86,40,48,38,46,16,19,2,16,48,44,41,26
59,63,57,73,76,73,149,138,86,108,103,43,71,74,50,95,61,104,95,100,90,114,102,114,112,140,50,162,162,173,74,74,73,71,68,68,61,68,69,59,72,71,72,67,68,63,81,44,176,175,173,127,69,63,165,74,95,92,89,79,84,92,157,24,71,79,47,79,102,88,94,106,104,60,98,44,40,39,43,45,44,40,150,151,155,0,39,0,50,57,59,62,65,60,67,78,77,77,77,77,75,77,76,77,77,75,73,76,74,156,130,74,19,36,54,70,73,75,74,70,73,143,129,149,7,73,38,108,0,32,28,134,160,161,73,30,28,39,49,40,60,112,88,78,99,160,161,163,129,42,55,55,60,103,63,67,59,64,64,73,112,156,155,163,165,85,56,49,73,71,83,72,66,47,115,56,66,107,111,105,98,108,116,62,50,47,76,88,46,51,39,41,16,12,2,16,51,50,60,25
59,66,66,68,68,68,146,96,104,111,112,79,72,74,57,21,104,113,80,97,123,99,115,107,112,121,48,159,162,175,168,70,74,74,64,68,72,68,73,76,72,71,69,71,70,67,42,131,156,144,152,145,73,63,59,159,95,92,94,83,82,85,102,110,105,93,77,97,96,82,73,74,78,120,46,100,92,83,36,41,135,83,30,46,105,70,44,44,43,47,47,57,57,59,60,63,74,75,74,76,71,73,74,74,78,79,79,43,52,153,132,73,78,73,80,78,79,78,81,84,82,82,137,151,89,44,36,108,15,11,30,52,148,162,159,138,80,12,17,9,56,127,64,79,53,98,159,162,155,126,142,57,56,105,60,58,59,67,64,60,65,71,93,161,165,162,141,76,69,70,71,83,83,45,116,47,78,54,68,105,105,99,113,111,110,47,51,54,51,47,16,47,2,2,2,3,46,50,39,27
77,80,83,82,81,76,135,102,82,106,106,51,132,61,128,98,76,89,104,118,111,125,118,110,118,98,159,142,163,172,172,70,66,66,66,65,82,82,71,88,74,71,73,71,111,68,64,116,98,105,46,104,68,91,75,166,70,96,99,95,94,98,97,91,79,138,80,86,83,79,80,83,83,89,144,41,38,43,39,37,17,83,27,24,43,16,45,48,48,47,47,54,39,102,66,55,72,72,41,70,72,74,73,73,75,77,75,27,12,147,125,102,58,73,80,79,81,61,122,148,81,82,82,147,156,94,28,105,93,14,70,38,49,39,139,161,161,90,8,13,43,118,68,80,64,60,63,89,155,159,162,110,46,101,41,62,55,68,69,61,62,60,61,99,148,160,159,162,87,153,73,71,144,45,116,48,86,82,83,92,57,104,108,112,100,112,116,42,52,46,4,20,52,2,2,2,44,53,21,35
