153,154,154,154,154,154,153,153,153,153,153,153,153,153,153,154,155,156,156,156,156,156,156,156,157,156,156,156,155,155,154,154,154,154,152,153,151,151,152,151,151,151,152,152,152,152,152,152,152,152,152,152,153,153,153,153,153,154,153,154,154,153,154,153,153,153,154,155,154,154,155,155,155,156,155,155,155,155,155,154,154,155,155,154,155,155,155,155,156,156,156,156,155,154,155,157,155,156,155,154,154,154,152,152,152,151,150,150,148,148,148,148,148,148,148,149,148,149,148,148,149,149,149,150,149,149,149,149,149,149,149,151,151,150,151,152,151,150,151,151,153,153,154,154,155,156,156,156,156,157,157,156,157,156,157,157,158,157,158,156,158,158,157,155,131,128,127,116,122,106,97,137,156,132,114,139,124,127,132,134,130,135,136,136,135,141,148,149,148,149,102,101,154,152,154,156,144,96,111,133
153,154,154,154,153,153,153,153,153,153,152,152,153,153,152,154,155,155,156,156,156,156,156,156,156,156,156,155,155,155,154,154,154,153,152,151,152,151,151,150,150,151,151,151,152,152,152,151,151,152,151,152,152,153,152,152,153,153,153,153,153,153,153,153,153,153,153,153,154,154,155,155,155,155,156,155,155,155,155,154,154,155,154,154,154,154,154,155,156,155,156,157,155,155,155,155,155,155,154,153,152,152,152,151,150,149,149,148,147,147,147,147,147,147,147,148,147,147,148,148,148,148,148,149,149,148,147,148,148,148,149,149,149,150,151,150,151,151,151,152,153,154,154,154,156,156,156,156,156,157,157,158,156,157,156,157,158,157,158,158,158,158,156,131,130,133,141,117,120,92,127,113,137,127,130,136,126,131,135,138,112,137,137,139,139,156,151,150,97,100,148,146,154,155,155,131,117,135,134,134
154,153,154,154,153,153,153,154,154,153,153,153,153,153,153,154,155,155,155,155,156,156,155,156,155,155,155,154,154,154,154,154,154,153,152,152,152,151,150,150,150,151,152,151,152,151,151,151,150,151,151,151,152,152,152,152,152,152,153,153,153,153,153,153,153,153,153,153,154,154,155,156,154,155,155,155,155,155,155,155,155,155,154,155,155,155,155,155,155,156,157,157,156,155,156,155,155,154,153,152,151,150,150,150,149,149,148,147,147,147,147,146,146,146,146,146,147,146,147,148,147,147,147,147,148,147,147,147,147,147,148,148,148,148,149,150,150,151,152,152,153,154,154,154,156,156,156,156,157,158,160,159,158,158,158,158,157,158,159,159,160,124,135,137,137,136,138,130,118,79,128,98,128,129,131,132,127,130,136,142,114,141,140,139,141,156,145,132,110,154,142,157,156,157,71,79,118,134,135,136
153,153,154,154,154,154,154,154,154,153,153,153,152,153,153,154,154,155,155,155,155,155,154,155,155,154,154,154,155,154,154,154,153,153,153,152,152,151,150,151,150,151,151,151,151,151,151,151,151,151,151,151,151,152,151,152,153,152,152,152,152,153,152,153,153,153,153,153,154,154,155,155,154,154,154,155,154,155,155,155,155,155,155,155,155,155,155,156,156,156,156,156,155,156,154,154,154,154,152,151,150,150,150,149,149,148,148,147,146,146,145,145,145,145,146,146,146,146,146,146,147,146,147,147,146,146,146,146,146,147,147,148,148,149,150,149,150,151,152,153,153,154,154,155,157,156,159,161,160,161,160,160,158,159,158,157,158,158,159,159,133,130,132,141,144,139,147,132,112,83,85,89,134,133,132,134,126,133,139,143,121,140,140,137,140,150,96,160,154,158,149,150,97,98,133,130,134,131,138,133
153,154,154,154,154,154,154,153,153,153,153,153,152,153,153,153,155,155,155,155,154,155,155,155,154,154,155,154,154,154,154,154,154,153,153,152,152,152,152,151,150,151,151,151,152,152,151,151,151,151,150,150,150,151,151,152,152,152,152,152,152,152,153,153,153,153,153,154,154,154,154,155,154,155,154,154,154,155,155,155,155,155,155,156,155,155,155,155,155,155,154,155,155,154,154,153,153,151,151,150,150,151,150,149,148,147,147,146,145,145,144,145,144,143,144,144,145,146,146,145,145,145,146,145,146,146,147,147,145,147,146,148,147,148,148,149,150,152,152,153,153,154,157,156,158,159,160,161,159,159,159,158,158,157,157,157,157,158,127,131,138,138,140,142,148,140,157,100,135,88,94,92,135,134,134,135,128,136,139,143,114,144,140,157,96,151,162,161,159,155,108,101,135,137,131,126,149,131,137,134
154,153,154,154,154,154,153,154,153,153,154,153,152,153,153,153,154,155,154,155,154,154,155,155,154,154,155,154,154,155,154,154,154,153,153,152,152,152,151,152,151,151,151,152,151,151,151,151,150,150,150,150,151,150,151,151,152,152,152,151,152,152,153,152,153,153,153,154,154,154,154,154,155,155,155,155,155,155,154,155,155,155,156,154,154,154,154,154,154,154,154,154,153,153,153,152,151,150,151,151,151,150,150,148,147,148,146,145,144,144,143,143,143,143,143,143,144,144,145,145,146,145,146,146,146,146,146,146,147,146,147,147,147,147,148,149,151,151,151,153,154,156,157,157,159,159,158,158,157,157,158,158,158,157,157,157,158,133,133,133,143,149,140,148,150,108,128,123,149,110,88,94,136,135,134,137,130,139,141,146,103,142,149,161,158,148,159,158,128,106,141,135,139,133,130,127,162,132,133,130
153,153,154,154,155,154,153,153,153,153,153,153,153,153,153,153,153,154,154,155,155,155,155,155,154,154,154,154,154,154,154,154,153,153,153,152,152,152,152,152,152,152,152,152,152,151,151,150,150,150,150,150,150,150,151,150,151,151,152,151,152,152,152,152,153,152,152,154,153,154,154,154,155,155,155,155,155,156,155,155,153,154,154,153,153,153,153,153,153,152,152,152,152,152,151,150,150,150,150,150,150,149,149,148,147,147,145,144,144,143,143,142,142,142,143,143,144,144,145,144,146,145,145,146,146,146,147,147,147,146,147,147,147,147,148,149,150,150,151,152,154,154,156,158,157,156,156,158,157,156,157,157,157,157,157,141,129,129,140,144,142,152,147,155,97,130,127,152,124,89,76,99,137,137,137,138,136,142,147,148,70,79,157,161,156,153,148,109,142,140,136,138,142,137,134,128,153,127,130,132
153,153,154,153,153,153,153,153,153,152,153,153,153,153,153,153,153,153,154,154,154,155,154,154,154,154,154,154,154,154,154,154,152,152,152,152,152,152,152,153,153,152,152,152,152,151,151,150,150,150,149,150,149,150,150,150,150,151,151,151,152,152,153,153,152,152,153,154,154,154,154,154,154,154,155,155,156,156,155,154,153,153,153,153,153,153,152,152,152,151,151,151,151,151,149,149,149,149,148,149,149,149,148,147,146,145,144,143,142,141,141,141,142,141,141,142,142,142,144,144,144,144,144,144,145,146,146,146,147,147,147,147,147,148,148,149,150,150,151,153,154,155,156,156,155,155,157,157,156,156,157,156,157,155,130,134,130,140,148,146,148,149,93,128,127,128,126,116,74,136,65,96,138,139,138,139,141,148,86,72,117,139,157,161,151,87,72,136,143,137,132,136,142,145,141,132,133,131,131,137
153,152,153,153,153,153,154,152,153,153,152,152,153,153,153,153,153,154,154,154,154,154,154,154,154,154,153,153,153,153,153,153,153,152,152,152,153,152,153,153,152,153,152,152,152,152,151,150,150,150,149,149,150,150,150,150,150,150,150,151,151,151,152,152,152,152,153,153,153,154,153,154,153,154,154,154,155,155,153,153,153,153,153,152,152,152,151,152,150,150,150,150,150,149,148,148,149,149,149,149,147,147,146,146,145,144,142,142,142,141,141,141,140,141,140,141,141,142,143,144,144,144,144,144,145,145,145,146,146,146,147,146,147,148,148,148,149,149,151,152,155,156,154,154,155,155,156,155,155,156,156,156,158,134,131,138,144,143,147,152,148,116,124,127,126,126,126,74,74,131,63,93,136,140,140,139,94,91,132,121,108,140,153,114,99,169,131,141,143,138,133,133,141,148,143,130,123,129,138,139
153,153,153,153,153,153,153,153,152,153,153,152,152,153,153,153,153,153,153,154,154,154,153,153,154,153,153,153,153,153,153,152,153,153,152,152,152,152,153,152,152,152,152,152,152,152,151,150,150,149,150,150,149,149,150,149,150,149,149,150,150,151,151,152,152,152,152,152,154,154,154,153,152,153,153,153,154,153,153,153,153,153,151,152,152,151,150,150,149,149,148,148,148,147,147,147,147,148,148,146,147,146,145,145,144,143,142,141,142,141,141,141,140,140,139,139,141,141,142,142,142,143,143,144,144,144,145,145,146,146,147,147,148,149,149,149,148,149,151,153,156,155,154,154,155,155,156,156,155,155,156,135,130,137,132,156,147,149,148,159,120,123,123,127,126,127,125,80,106,82,76,93,141,141,133,159,73,129,124,120,109,105,97,135,139,170,135,140,143,137,139,135,147,148,139,131,126,133,138,140
152,152,153,153,152,153,153,153,153,153,153,152,152,153,153,153,154,153,153,153,153,154,154,153,153,153,153,153,153,153,153,153,153,152,153,153,152,152,153,152,152,152,152,152,152,152,151,150,150,151,150,150,150,150,150,149,149,150,149,149,149,151,151,151,151,152,152,153,154,153,152,152,152,152,152,152,152,152,153,152,152,152,152,152,151,150,149,149,148,148,147,147,146,145,146,146,146,146,147,146,145,144,144,143,143,142,141,141,140,140,141,139,138,139,140,139,140,140,140,141,141,142,142,144,143,143,144,145,145,146,146,147,148,149,150,149,151,151,151,153,154,153,154,154,154,154,155,155,155,156,124,136,139,154,144,147,151,127,122,117,120,124,123,127,125,128,127,93,103,72,83,91,142,164,100,150,129,119,121,92,130,133,129,137,139,172,133,140,142,140,140,141,146,145,139,134,127,138,141,95
152,152,152,153,153,152,153,153,152,152,152,152,153,153,153,153,153,153,154,153,153,153,153,153,153,154,153,153,153,153,153,153,153,153,153,152,152,152,152,152,152,153,151,152,152,152,152,151,151,151,151,150,150,150,150,150,150,150,150,150,150,151,151,151,152,152,152,153,153,152,151,152,151,152,151,151,152,151,151,151,151,150,151,150,150,149,148,148,146,146,146,145,145,145,144,145,144,145,145,144,144,143,143,143,142,141,141,140,140,140,139,139,138,138,139,138,139,139,140,140,140,140,141,142,143,143,143,144,145,145,146,147,148,149,150,150,151,151,151,152,152,152,152,152,153,153,154,154,133,130,137,143,149,148,145,145,111,120,120,117,119,122,121,127,125,130,129,95,102,110,87,104,108,162,153,127,121,115,66,134,132,130,135,134,132,171,134,141,142,139,138,141,141,139,139,136,130,94,119,56
151,151,152,152,153,153,153,152,153,153,152,153,152,153,153,153,153,153,153,153,153,154,153,153,153,153,153,153,153,153,152,152,153,152,152,152,153,152,153,152,153,152,152,151,151,152,151,151,151,151,150,150,150,149,150,150,150,151,152,151,151,151,150,152,151,152,152,152,152,151,151,151,151,152,150,150,150,150,150,150,149,149,150,149,148,149,147,146,145,145,145,144,144,144,144,144,144,143,145,144,143,142,143,142,141,140,140,140,139,138,138,138,138,137,138,137,138,138,139,139,140,141,141,140,142,143,142,144,144,145,145,146,147,148,149,150,150,149,149,150,150,151,151,152,152,153,155,132,139,152,136,145,144,150,120,119,113,122,121,115,117,122,124,126,127,122,147,126,128,117,87,121,155,150,137,109,53,69,139,145,136,132,132,133,127,168,132,137,141,139,137,137,136,140,139,118,115,59,119,110
151,151,152,152,152,153,152,153,152,153,153,153,153,153,153,153,153,153,153,153,153,153,153,153,153,153,153,152,152,152,152,153,153,152,153,153,152,152,152,152,152,152,151,151,151,152,151,151,150,151,151,150,151,150,150,150,150,151,151,151,151,152,151,152,152,151,151,151,151,151,150,150,151,150,149,149,149,149,148,149,149,149,149,150,148,147,146,145,144,144,143,143,142,142,144,143,143,143,144,143,142,142,140,140,140,139,139,138,138,138,137,137,136,137,136,136,137,138,138,138,139,140,141,140,141,141,142,143,143,143,144,145,146,146,147,147,147,148,149,149,149,149,150,151,152,127,132,142,148,147,141,149,150,89,117,121,112,121,122,114,116,122,125,134,155,145,146,118,136,120,98,133,151,137,91,109,134,136,149,147,139,131,131,130,128,166,132,140,141,141,135,138,135,132,118,61,107,114,111,110
151,151,152,152,152,152,152,152,152,152,152,152,152,153,152,153,153,152,153,153,153,153,153,153,152,152,153,152,152,152,152,152,152,152,152,152,152,152,152,153,152,152,151,152,151,150,151,151,151,150,151,151,151,151,151,150,151,151,151,151,151,152,152,151,151,151,150,150,150,149,149,149,150,149,149,148,148,148,148,147,148,148,148,149,148,147,145,144,143,143,143,142,142,142,141,143,143,143,144,142,141,141,140,139,139,139,138,138,137,137,136,135,135,136,136,136,137,138,138,138,138,140,139,140,141,141,141,142,143,143,143,144,144,145,145,145,146,146,146,148,148,149,149,152,130,130,143,139,145,151,151,95,115,114,118,120,108,122,119,114,116,100,106,149,154,147,111,91,101,126,131,129,110,125,137,134,142,145,150,148,143,129,132,129,129,155,137,144,141,138,129,135,124,64,119,118,101,115,111,115
151,150,151,152,152,151,152,152,152,152,151,152,152,152,152,152,152,152,152,153,153,152,152,152,153,152,153,152,152,152,152,151,152,152,152,152,152,152,152,152,152,152,151,151,151,151,150,151,151,151,151,150,151,150,150,150,150,150,150,150,151,150,150,150,150,149,149,149,148,149,148,148,147,147,147,146,146,146,146,147,147,146,147,147,147,146,146,144,143,143,142,142,141,141,141,142,142,142,142,141,140,139,140,139,138,137,136,136,135,135,135,135,135,135,135,136,136,137,137,137,138,138,138,139,139,140,140,141,141,142,142,143,144,143,144,144,144,146,146,147,147,148,127,127,132,143,151,144,148,146,80,112,113,114,118,119,103,120,119,112,126,155,124,151,86,135,134,106,112,106,131,88,135,140,141,140,142,147,151,148,138,135,136,134,135,147,140,141,139,136,113,63,113,114,111,115,102,109,100,59
149,149,150,151,151,151,152,151,151,151,151,152,151,151,152,152,152,152,152,152,151,152,152,152,152,152,152,152,152,151,151,152,152,152,152,152,152,152,152,152,151,152,151,150,151,151,150,151,151,150,150,150,151,150,150,151,150,150,150,149,148,149,149,149,148,147,147,147,147,147,147,147,147,146,145,144,144,144,145,145,145,145,145,145,145,145,145,144,143,142,142,141,141,140,140,140,140,140,140,139,140,139,138,137,137,136,136,135,134,134,134,135,135,136,135,135,136,136,136,137,136,137,137,138,139,139,139,140,140,141,141,142,142,142,143,144,145,146,146,147,149,132,130,138,146,148,153,146,85,108,112,114,114,114,117,119,96,116,134,155,151,156,115,100,130,135,135,118,116,105,94,74,140,140,142,143,144,148,150,149,141,133,135,135,135,139,138,137,123,58,116,110,112,110,114,118,59,67,110,137
149,149,150,150,151,151,151,151,151,151,151,151,151,151,151,151,151,151,151,150,151,151,151,151,151,151,152,151,151,150,151,151,151,151,151,151,152,151,152,152,152,152,151,151,150,151,151,150,151,150,150,150,151,150,151,150,150,149,149,149,149,148,148,147,147,146,146,145,145,145,145,144,144,144,144,143,143,143,143,144,144,144,144,144,144,144,144,143,142,142,141,141,140,141,140,141,140,140,139,139,138,138,137,137,136,135,136,134,134,134,135,135,135,135,135,134,134,135,135,136,136,136,136,137,137,137,138,139,139,140,141,141,140,141,142,144,144,144,146,134,133,139,140,146,147,147,147,93,107,112,114,114,114,113,115,118,86,137,132,154,149,112,118,122,133,135,135,146,114,101,78,74,143,142,146,145,145,149,150,148,139,134,137,137,134,129,134,69,118,111,111,111,112,114,67,92,91,134,139,135
149,149,150,149,151,151,151,151,151,150,151,150,151,150,150,150,150,150,150,150,151,150,151,150,151,150,151,151,151,151,151,150,151,151,150,151,151,151,150,150,151,151,150,151,151,151,150,151,150,150,151,150,150,150,150,150,149,150,148,149,148,148,147,147,146,146,145,144,144,144,144,143,143,143,142,142,142,142,142,142,142,143,143,143,143,143,143,143,143,142,142,141,140,140,140,140,140,140,138,138,137,137,136,136,136,135,134,134,134,134,135,135,134,133,134,134,133,134,133,135,135,135,135,135,136,137,137,138,138,138,139,140,140,141,141,143,144,144,135,130,137,137,140,146,154,108,92,107,107,112,112,114,115,114,115,105,134,153,146,97,118,120,118,122,132,135,135,141,154,87,67,74,144,143,147,145,144,148,150,145,140,135,134,134,158,89,126,113,116,115,113,114,73,107,135,132,133,132,134,130
149,149,149,150,149,150,150,150,150,150,149,150,150,149,150,150,150,150,150,150,150,150,150,151,150,151,150,150,151,151,150,150,151,151,151,151,150,150,151,151,150,150,151,151,151,150,150,151,150,150,150,150,150,149,150,150,149,149,149,148,148,148,147,147,146,145,145,144,144,144,143,143,142,142,141,142,142,141,141,141,142,141,142,142,142,143,142,143,143,141,142,141,140,140,140,140,140,138,138,138,137,136,136,134,135,135,134,134,134,134,135,135,135,134,134,133,134,133,134,134,135,134,135,136,136,136,137,137,138,138,139,139,140,140,142,142,136,131,141,147,151,141,150,144,102,107,102,111,109,112,112,114,115,96,151,148,141,136,117,121,121,120,119,124,134,135,134,77,126,85,54,70,146,142,147,145,144,147,148,141,136,129,154,96,146,118,117,120,119,109,72,87,134,138,136,135,135,132,132,130
148,150,149,150,149,149,150,150,149,149,149,149,149,149,149,149,150,149,150,150,150,150,150,150,150,150,150,150,150,150,150,150,151,151,150,150,149,150,150,150,150,150,151,150,151,150,150,150,150,149,150,150,150,150,149,150,150,149,149,148,147,147,147,147,146,145,145,144,144,145,143,143,142,142,142,142,141,141,141,141,141,141,141,141,142,141,141,141,142,142,142,141,141,140,140,140,139,138,137,137,136,136,135,135,134,133,134,134,134,134,135,134,134,134,135,134,134,135,134,135,135,136,137,138,138,138,138,138,138,138,139,140,141,141,140,136,136,136,139,142,145,142,146,110,102,107,135,111,109,113,112,100,98,150,144,149,136,118,121,124,124,121,120,128,135,135,134,76,82,91,53,68,145,144,147,144,144,148,146,140,107,73,151,148,123,111,117,113,94,64,144,137,138,136,135,133,134,130,134,133
148,148,149,149,149,149,150,149,149,150,149,149,150,149,149,149,150,149,150,149,149,150,150,150,150,150,151,150,150,150,150,150,150,150,150,150,150,150,150,150,150,150,150,149,150,150,150,150,150,150,150,150,150,150,149,149,150,149,149,149,148,147,147,147,147,147,147,146,146,145,145,144,143,143,142,143,142,141,141,141,141,140,140,140,141,140,140,140,140,140,140,140,140,140,139,138,138,137,136,136,135,135,135,134,134,134,134,134,134,135,135,135,135,135,134,135,135,135,136,136,138,140,142,141,141,140,139,138,139,139,139,140,141,143,134,132,144,142,144,151,123,102,111,112,105,109,122,112,109,112,120,152,162,152,99,112,146,119,123,124,125,121,123,132,136,115,107,110,85,122,49,72,146,144,146,143,145,144,130,66,115,135,142,134,117,105,92,63,144,136,137,139,138,137,135,129,133,128,132,135
148,148,149,148,148,149,148,148,148,148,148,148,149,149,149,149,149,149,149,149,149,149,149,149,150,150,150,150,150,150,150,150,150,150,150,149,150,151,150,150,150,150,149,150,150,150,150,149,150,150,150,149,149,150,150,150,150,149,150,150,149,149,149,149,149,148,148,149,148,147,146,145,145,144,144,144,143,143,142,141,140,141,140,140,139,139,139,139,139,139,139,140,139,138,138,137,137,136,135,135,133,133,133,134,134,134,134,135,134,135,135,135,135,135,135,135,135,136,137,139,141,142,143,145,143,142,141,140,139,139,140,139,132,133,140,147,140,144,147,85,104,102,111,112,106,109,129,112,100,148,151,154,111,114,110,111,152,121,124,125,127,125,126,135,110,159,156,119,104,124,57,77,145,144,144,143,131,66,117,118,111,130,127,108,84,84,137,132,139,139,136,138,137,135,132,129,130,128,129,129
148,148,148,148,148,149,148,148,148,148,149,149,149,148,148,148,149,149,149,149,149,149,149,149,150,149,149,150,149,150,149,149,149,150,150,150,150,150,150,149,150,150,150,150,150,150,150,150,150,150,150,149,150,149,150,150,149,150,150,150,150,150,151,151,151,150,150,150,150,150,150,148,147,145,145,145,144,143,143,142,141,141,141,139,138,139,138,137,137,137,137,136,137,136,136,136,135,135,134,134,134,134,134,133,135,135,136,135,135,136,136,136,135,136,136,136,137,137,139,141,143,146,147,148,146,144,141,141,140,140,144,130,132,144,144,147,151,114,102,103,103,101,110,112,105,108,118,118,158,156,158,85,117,115,111,112,145,121,125,125,125,124,105,161,160,156,150,88,102,94,53,90,145,141,138,67,120,114,119,118,112,109,78,82,122,135,133,130,138,139,133,136,134,136,132,127,130,127,128,129
147,147,148,148,148,148,148,148,148,148,148,149,149,148,148,148,149,148,149,149,149,149,149,149,149,149,149,150,149,149,149,149,150,149,149,149,150,150,149,149,150,150,150,150,150,150,150,150,149,150,150,150,150,150,150,150,150,150,150,151,150,150,151,151,150,150,151,151,151,151,152,151,149,148,147,146,146,145,144,142,142,142,141,139,139,138,137,136,136,136,136,136,135,135,135,134,133,133,133,133,132,133,134,134,134,136,137,137,136,136,136,137,136,137,137,137,139,140,141,143,145,149,148,147,144,142,141,141,141,133,131,140,139,141,152,153,110,100,104,102,102,100,111,111,104,119,131,153,151,108,110,101,113,115,110,122,132,122,124,124,161,159,157,160,154,102,134,91,92,86,50,101,135,67,122,118,118,119,118,107,63,75,120,123,122,136,131,131,136,137,133,135,134,134,130,126,128,128,128,129
147,147,148,148,148,148,148,147,148,148,148,148,148,148,148,148,148,149,148,149,149,149,149,149,149,149,149,149,149,149,149,149,149,149,150,149,149,150,150,150,149,150,150,150,150,150,150,150,150,149,150,150,149,149,149,149,150,150,151,150,150,150,151,151,150,151,150,151,150,151,151,151,150,149,148,147,145,145,143,142,141,140,139,139,138,137,137,136,135,135,134,134,134,134,133,134,132,133,132,133,133,134,135,134,135,136,137,136,136,136,136,137,138,140,140,139,141,143,143,144,146,146,146,146,144,143,142,144,138,132,147,146,147,153,99,98,101,101,101,102,101,103,111,152,158,155,143,117,116,106,112,98,114,114,110,116,128,119,135,105,158,160,156,82,133,137,134,90,97,98,50,114,115,117,117,118,117,109,58,63,125,120,122,122,120,134,129,127,131,136,133,131,132,134,132,128,127,127,127,127
148,147,148,148,147,147,148,147,147,148,148,148,148,148,147,148,148,148,148,148,149,148,148,149,149,149,149,149,149,149,149,149,149,149,149,149,149,150,150,149,149,149,150,150,150,149,149,150,150,150,150,150,150,149,150,149,149,150,151,150,150,150,150,150,151,151,151,151,151,150,149,149,149,149,148,146,145,145,143,142,141,140,139,138,138,137,136,135,135,134,134,133,132,132,132,132,131,131,132,132,133,133,134,135,136,137,138,139,137,137,137,139,141,142,141,143,143,145,146,147,145,144,143,144,142,142,136,131,143,142,140,155,147,86,104,101,101,101,102,100,101,101,102,142,159,159,119,119,117,108,111,94,116,114,112,117,121,124,156,159,156,118,135,136,135,135,136,93,100,103,66,122,114,113,119,106,41,48,133,133,128,122,120,120,120,129,127,127,129,131,128,117,131,132,131,128,128,126,127,86
147,147,147,147,147,147,148,147,148,147,148,148,147,147,148,148,148,147,148,148,148,148,149,148,149,149,149,149,149,149,150,148,149,148,148,148,150,149,149,150,150,150,150,150,150,150,150,149,150,150,150,149,149,148,149,149,149,150,150,151,149,149,149,149,149,151,150,150,150,150,149,148,148,148,146,146,144,143,142,141,141,140,138,138,138,137,136,136,135,134,133,133,132,131,132,131,131,132,132,132,133,133,135,136,137,138,139,139,138,139,139,141,142,145,146,146,146,148,147,146,144,145,142,144,144,132,138,139,142,142,153,98,99,102,104,102,103,102,102,97,141,151,157,149,164,112,125,118,118,108,110,92,122,114,109,127,158,158,157,125,118,137,136,137,133,136,135,103,101,109,106,123,116,116,54,67,136,138,136,132,131,125,120,121,122,127,127,127,126,126,127,109,130,132,130,130,113,107,70,55
146,147,147,147,147,147,147,148,147,147,147,148,147,147,148,148,148,148,148,148,148,148,148,148,148,149,149,149,149,148,149,149,149,149,149,149,148,149,149,150,150,150,150,150,151,150,150,150,149,149,149,149,149,149,149,149,148,149,150,150,149,148,149,148,148,148,149,147,148,148,147,147,147,147,146,145,145,142,142,141,141,139,138,137,137,137,136,135,135,134,133,132,133,133,132,131,132,132,132,132,133,135,136,137,140,140,142,142,143,142,142,143,144,145,148,147,148,150,149,145,144,143,143,137,145,139,135,140,146,148,94,109,102,99,103,100,102,102,105,164,153,149,100,105,115,111,121,117,117,110,110,91,132,134,158,158,152,128,87,127,131,138,136,138,132,135,134,116,107,110,100,122,82,109,144,139,136,136,141,133,131,136,122,121,120,126,126,124,127,127,127,83,130,133,68,135,59,86,119,113
146,146,146,147,147,147,147,147,147,147,147,148,147,147,147,148,147,147,147,147,147,148,147,148,148,148,148,148,148,149,148,149,149,148,148,149,149,149,149,149,149,150,150,150,151,150,150,150,149,149,149,149,149,149,149,149,149,149,149,149,149,149,149,148,147,147,146,146,146,145,145,145,144,145,145,144,143,142,141,140,140,139,139,137,138,136,136,135,135,135,133,133,133,133,132,132,131,132,132,132,133,135,138,140,143,144,146,147,148,148,146,147,148,148,150,151,149,151,149,146,144,144,148,153,156,144,150,148,109,100,105,109,102,99,102,106,102,102,156,156,126,107,105,106,116,110,123,116,117,109,108,122,157,161,158,146,118,127,130,128,135,134,135,137,133,135,134,154,111,112,71,122,137,142,147,141,135,137,146,135,133,140,122,120,120,124,127,123,127,126,126,66,89,130,56,115,112,108,110,106
146,146,146,147,146,147,147,147,147,147,147,147,147,147,147,147,149,147,147,146,148,147,147,147,147,148,148,148,148,148,148,148,149,149,148,149,149,149,149,149,149,149,150,151,152,151,150,150,149,149,149,150,149,150,149,149,149,149,149,149,149,148,148,147,147,146,145,145,144,144,144,143,143,144,143,143,142,140,141,139,138,139,138,137,138,136,136,135,135,135,134,133,132,132,132,131,131,132,132,133,134,136,139,142,143,146,148,149,149,149,149,150,150,149,150,150,150,151,149,147,138,147,153,147,142,148,151,98,101,101,105,107,102,100,109,145,152,156,151,104,108,111,108,111,117,112,120,118,117,153,159,151,158,151,105,119,132,131,132,125,136,136,135,139,134,135,111,98,140,110,66,126,142,145,147,141,140,141,150,134,131,142,120,119,119,124,126,124,125,125,60,62,59,116,118,112,113,106,105,100
146,146,146,146,147,146,146,147,147,147,147,147,148,147,147,147,147,147,147,147,147,147,147,147,147,147,148,147,148,148,149,149,149,148,149,148,149,149,149,149,149,149,150,152,151,151,150,149,150,149,149,149,149,149,149,149,149,150,149,149,149,149,148,148,147,146,145,144,144,144,143,142,142,142,142,141,141,140,139,138,138,138,137,138,137,136,136,135,134,134,134,133,133,132,131,132,132,132,132,134,135,137,140,145,147,149,149,150,151,150,151,149,149,151,149,150,151,150,149,147,154,158,148,150,151,148,126,101,99,101,103,104,100,111,151,158,153,112,101,99,110,112,107,110,114,110,113,139,111,159,160,149,117,110,117,122,125,131,132,130,137,141,139,140,125,120,165,106,151,115,85,121,144,147,148,143,139,143,150,133,131,142,120,119,119,121,125,55,63,56,113,106,117,112,90,105,102,108,53,69
145,146,146,146,146,146,147,146,146,147,147,147,147,147,147,147,147,147,147,146,147,147,147,147,147,147,147,148,148,148,148,148,148,148,149,148,149,149,149,150,150,149,150,151,152,152,151,151,150,150,150,149,149,149,149,149,149,149,149,149,149,148,148,148,147,146,145,145,145,144,144,144,142,142,141,141,140,139,139,139,137,138,138,138,137,136,135,135,134,134,134,134,132,132,132,132,132,132,133,134,137,139,144,148,150,151,150,151,151,151,151,151,151,150,149,149,149,146,146,152,148,149,153,143,105,100,123,100,101,101,104,104,112,154,153,107,113,111,102,100,110,112,107,111,115,126,111,161,160,157,108,80,108,112,118,124,118,132,132,139,135,140,129,144,163,154,152,143,108,142,100,118,143,146,147,142,140,145,151,143,129,140,119,118,121,94,67,56,123,115,112,100,112,114,67,57,87,53,126,125
146,146,146,146,146,146,146,146,146,146,146,146,146,147,147,147,147,146,147,146,147,146,146,147,147,146,147,146,147,148,148,148,148,149,149,149,149,149,150,150,150,150,150,150,152,149,150,150,149,150,149,149,149,149,149,149,149,149,148,148,148,148,148,147,147,147,146,145,145,144,145,144,143,143,142,142,140,140,140,138,138,138,138,138,138,137,136,135,134,134,134,133,133,132,132,132,132,133,134,136,137,140,143,147,151,151,150,151,151,151,152,151,151,151,150,150,143,149,157,152,152,157,161,105,106,100,119,99,101,100,114,159,157,154,83,98,110,112,102,100,109,112,106,108,132,154,153,162,89,108,113,77,114,112,118,124,118,132,133,139,103,142,159,158,158,150,157,100,100,115,110,120,139,141,143,142,140,144,147,132,129,129,108,87,59,70,120,121,115,114,107,107,94,60,120,102,103,125,126,124
145,145,146,145,146,146,145,146,146,145,146,146,146,147,146,147,146,146,146,147,147,147,146,147,147,147,147,147,147,147,147,148,148,149,149,150,150,150,150,150,150,150,150,150,150,149,149,149,149,149,150,148,149,149,149,148,148,148,148,149,148,147,147,147,146,147,147,146,147,146,145,145,145,144,144,143,143,141,140,139,139,138,138,138,138,138,138,136,135,134,135,134,133,133,133,133,133,134,135,136,138,140,143,146,150,150,151,151,151,151,152,152,151,151,154,149,153,142,145,151,154,104,103,104,105,100,114,99,96,118,158,152,104,110,97,98,111,112,102,99,110,108,100,158,156,158,98,108,109,108,114,86,115,113,118,123,117,132,97,143,159,155,158,157,102,127,126,97,106,130,95,120,136,135,138,138,141,145,149,133,61,108,59,116,119,110,111,113,111,99,63,59,53,97,96,97,98,120,124,122
145,145,146,145,145,145,146,146,146,145,146,146,146,146,146,147,146,146,146,146,146,147,146,146,147,147,147,146,146,147,147,147,148,148,150,150,150,150,149,150,150,150,150,150,149,148,148,149,149,149,149,150,149,148,149,148,148,147,148,148,147,147,147,147,147,147,147,147,147,147,146,146,145,145,144,143,143,143,143,141,141,140,139,140,140,139,138,137,136,135,135,134,134,133,134,134,134,136,137,139,141,143,146,148,150,150,152,151,151,151,151,150,150,141,152,157,144,149,151,103,107,110,104,104,105,98,112,115,160,159,104,99,111,111,97,99,110,111,103,97,154,157,159,157,130,106,106,109,111,109,113,88,115,113,117,122,92,144,160,146,161,156,111,134,138,132,130,93,106,151,99,123,135,135,135,136,141,145,66,88,58,117,120,119,114,111,112,91,60,67,120,67,96,95,98,97,96,117,124,123
145,145,145,145,146,145,145,146,146,146,145,145,145,146,146,146,145,146,146,146,146,145,146,146,146,146,146,146,146,147,147,147,147,149,150,150,150,150,150,150,150,150,150,148,148,148,149,149,149,149,149,149,149,149,148,148,148,148,148,148,148,148,148,147,147,147,147,147,147,147,147,146,146,145,145,144,145,144,144,143,143,142,141,140,139,140,139,138,137,137,137,136,137,137,136,136,138,140,140,142,145,147,148,149,150,151,150,152,151,151,151,152,148,156,138,148,155,148,110,108,106,109,104,103,100,135,162,157,146,111,102,105,111,111,97,99,109,110,145,158,157,153,117,71,103,108,109,109,110,108,113,103,114,114,107,133,158,158,158,132,108,134,137,137,138,128,131,90,106,144,104,123,138,138,138,134,73,61,51,120,116,92,112,114,104,76,46,56,126,118,118,73,91,93,96,96,96,120,122,122
144,145,144,145,145,145,146,144,145,145,145,146,146,145,146,145,146,145,145,145,146,146,146,146,146,145,146,146,146,146,146,146,146,147,150,150,150,150,150,150,150,150,150,149,148,148,148,148,149,148,148,149,149,148,149,148,148,148,148,148,147,147,147,147,147,147,147,147,147,147,146,146,145,145,145,145,145,144,144,144,143,143,142,141,140,139,140,139,139,138,139,138,140,141,142,142,144,144,144,145,149,150,151,151,151,151,150,151,151,151,144,152,158,156,152,152,102,106,113,107,105,111,104,100,102,156,143,112,113,110,104,105,111,111,97,100,116,98,158,148,154,108,74,74,106,109,107,110,110,111,114,115,112,100,163,158,156,153,157,113,124,131,134,137,137,128,133,96,97,102,104,122,138,72,132,66,116,122,117,110,103,108,97,69,75,111,136,136,133,137,130,85,118,94,94,93,91,122,120,119
144,144,145,145,145,145,145,145,146,145,145,145,145,145,145,145,145,146,146,146,145,145,145,145,146,146,145,146,146,146,146,146,146,147,147,150,150,150,150,149,149,149,149,150,147,148,148,148,149,148,149,149,148,148,148,148,149,148,148,148,147,147,147,147,147,147,146,146,146,145,145,146,146,146,145,144,144,144,144,144,145,143,141,141,140,141,140,140,139,139,141,141,143,144,145,147,146,146,147,148,149,150,151,150,150,151,150,151,150,147,155,135,152,152,127,90,101,106,111,109,109,110,121,159,154,107,112,105,112,109,104,103,109,110,93,121,161,162,151,103,100,97,74,87,102,109,108,108,110,109,106,92,155,155,160,132,100,120,127,95,123,128,132,136,136,129,129,112,104,81,107,119,82,60,114,118,117,114,109,106,73,62,56,115,92,114,134,132,136,136,138,89,108,115,93,90,112,124,119,139
144,145,145,145,145,144,145,145,145,145,144,144,145,145,145,145,145,145,145,145,146,145,145,146,145,146,146,146,146,145,145,146,146,146,146,146,147,147,149,149,149,149,149,149,148,148,148,148,148,148,148,147,148,148,148,148,149,148,148,148,147,147,147,147,146,146,146,146,145,145,145,144,145,144,144,144,143,143,143,143,144,143,142,141,141,142,141,141,141,142,144,144,145,146,146,148,147,148,147,148,149,150,150,151,151,150,151,150,150,157,157,155,156,126,103,96,100,103,115,106,108,161,153,150,92,102,115,106,111,110,102,101,108,155,157,159,155,161,99,100,99,97,70,87,104,106,106,107,93,97,159,131,161,107,101,127,137,123,127,93,122,127,132,134,134,126,128,117,96,80,108,105,117,117,113,113,112,108,66,86,130,108,107,105,105,107,132,133,138,134,138,79,120,116,91,110,100,132,128,126
144,145,145,145,145,144,144,145,145,144,145,144,144,144,145,145,145,145,145,144,145,145,145,145,145,145,146,145,145,146,145,145,145,145,145,145,145,145,146,147,148,148,148,147,148,148,148,148,148,148,147,148,149,148,148,147,147,147,147,147,147,146,146,146,145,146,145,145,145,144,144,144,144,144,144,143,143,143,144,144,145,143,142,141,141,142,143,143,144,145,146,148,147,148,148,149,148,149,149,148,149,149,151,150,151,150,150,150,150,151,151,108,104,105,104,94,101,101,110,106,157,143,133,112,110,105,111,105,113,110,102,101,159,156,153,164,105,105,97,99,99,98,73,74,100,105,105,96,158,163,158,98,118,120,125,128,137,124,126,80,121,125,131,131,132,109,153,147,95,73,97,115,113,115,106,89,83,57,135,135,126,99,99,101,103,107,129,134,139,134,139,76,120,102,110,97,98,140,124,122
144,144,145,145,144,144,144,145,144,144,144,145,144,144,144,145,145,145,145,144,145,145,145,145,145,145,145,145,144,144,145,144,144,144,144,144,145,144,144,145,146,147,147,147,146,148,148,148,148,148,148,148,148,148,148,147,147,147,147,147,146,146,145,145,146,145,144,144,144,144,144,144,145,144,145,144,144,144,144,144,144,144,144,144,143,143,144,146,149,149,149,148,148,148,149,149,149,149,150,149,150,150,151,150,150,150,150,150,150,149,88,91,104,103,99,94,113,102,156,152,113,97,103,112,109,105,109,105,112,157,162,155,155,111,98,97,104,106,97,98,96,97,69,83,114,114,161,158,158,101,109,119,121,123,123,126,137,123,124,74,121,123,132,97,100,159,158,101,136,80,121,113,111,76,123,147,117,134,130,126,124,95,98,99,101,109,127,136,145,141,127,74,105,96,93,95,101,129,122,121
143,144,145,145,144,144,144,143,144,144,144,143,143,144,144,144,144,144,145,145,145,145,145,145,145,145,145,145,144,145,144,144,144,144,144,144,144,144,145,144,144,145,145,145,146,147,147,148,147,148,148,149,149,147,147,147,148,148,147,147,146,147,146,145,145,145,145,145,145,145,145,145,145,145,145,144,144,145,145,146,146,146,146,147,147,147,148,149,149,149,148,148,148,148,148,149,149,149,151,150,150,150,150,149,150,150,149,150,149,102,100,89,103,102,100,91,136,155,129,87,105,103,102,112,109,104,111,93,111,159,164,103,69,72,96,97,103,102,96,97,96,96,111,123,155,160,154,91,108,108,113,127,121,124,123,125,136,121,123,74,121,89,96,158,160,159,157,104,138,88,120,102,59,144,146,140,91,132,124,124,124,96,96,98,100,111,128,127,134,129,125,65,113,94,93,92,98,85,102,131
143,143,144,144,143,143,144,144,144,143,143,144,144,144,144,144,144,144,144,144,145,144,144,144,144,144,145,144,144,144,144,144,144,144,144,144,144,144,144,145,144,144,144,144,144,146,147,146,147,147,147,148,150,147,147,146,148,147,147,146,147,146,146,146,145,145,145,145,145,145,145,145,146,145,145,145,145,146,147,147,148,149,149,149,149,149,149,149,150,149,149,148,148,148,149,149,148,149,149,150,150,150,150,149,150,149,149,149,149,102,97,93,102,100,105,160,155,109,100,104,103,98,101,111,109,100,127,163,166,149,97,108,75,70,95,95,100,102,94,115,165,146,158,162,142,153,110,107,106,110,113,124,121,124,123,125,134,120,113,94,160,160,162,161,155,92,146,132,160,101,99,118,141,141,141,134,62,127,123,125,124,98,95,96,98,104,127,126,131,138,127,62,101,94,95,67,58,60,51,111
143,143,144,143,143,144,144,143,144,143,143,144,143,144,144,143,144,143,143,144,144,144,144,144,143,143,144,143,143,143,143,144,143,144,144,143,144,144,144,143,144,143,143,144,144,145,145,144,145,147,147,130,108,147,148,147,147,148,148,148,147,147,146,145,144,144,144,143,144,144,145,145,145,145,145,145,145,146,148,148,148,148,149,149,149,148,149,149,150,149,149,148,147,147,147,148,148,149,149,149,149,150,149,149,149,148,149,148,149,103,98,92,103,159,158,97,102,105,99,105,103,100,100,112,112,161,157,160,96,105,107,107,75,71,94,94,100,112,94,145,159,159,144,153,96,110,127,107,107,111,112,124,120,123,123,126,93,118,163,154,162,157,116,106,132,139,142,123,125,86,87,124,138,139,135,141,55,134,124,123,124,99,95,95,96,107,128,124,127,127,130,59,75,115,83,59,113,96,105,105
143,143,143,143,143,143,143,143,143,143,143,144,143,143,143,143,144,143,144,143,144,143,144,144,143,143,144,143,143,144,143,144,143,143,143,143,143,143,143,143,143,143,143,143,144,144,143,144,144,144,146,128,105,147,146,147,147,147,147,147,147,146,145,144,143,143,142,143,143,143,144,144,144,144,144,144,145,146,148,148,148,148,149,150,149,149,149,149,149,149,149,147,147,147,147,148,148,147,147,148,148,148,148,147,148,148,148,148,149,106,100,82,158,160,80,108,102,104,100,105,103,105,161,165,162,156,133,101,106,106,107,106,76,70,94,111,165,141,159,157,154,107,114,115,94,113,140,105,106,111,113,126,120,124,98,103,156,154,162,151,116,102,130,134,134,135,143,105,83,98,80,124,138,140,136,140,47,132,128,123,123,99,96,95,96,99,124,122,128,115,134,57,55,109,106,105,103,97,101,102
143,143,143,143,143,143,143,143,143,143,143,143,143,143,143,143,143,143,143,143,143,143,143,143,143,143,143,143,143,143,142,142,143,143,143,143,143,143,142,143,143,143,142,143,143,142,143,143,143,144,144,117,113,147,147,147,147,146,147,145,145,144,144,142,142,142,142,142,142,143,142,142,142,142,143,144,144,144,146,148,148,148,148,148,148,148,149,148,148,149,149,148,146,146,146,146,147,146,146,147,147,147,147,147,147,147,147,148,148,154,155,154,102,102,104,111,103,102,94,102,111,163,160,155,125,103,152,101,106,105,106,107,76,72,160,144,160,161,157,109,109,110,114,115,95,115,139,106,104,110,110,116,106,154,168,164,160,150,123,154,124,127,132,135,135,133,145,96,116,109,80,125,142,144,136,134,60,127,125,122,122,99,97,94,92,95,95,133,130,58,111,99,104,108,105,106,102,91,97,106
143,143,143,143,143,143,143,143,143,142,142,143,143,143,143,143,143,143,144,143,143,143,142,143,142,143,142,143,143,143,143,143,143,142,142,142,142,142,142,142,143,142,143,143,143,143,142,143,143,143,146,92,78,147,145,145,145,144,144,144,143,143,143,143,142,142,142,142,142,141,142,142,142,142,142,142,142,143,145,146,147,148,148,147,147,147,147,148,147,148,148,147,146,146,146,145,145,146,146,146,146,147,146,146,147,146,147,147,147,157,100,103,107,104,104,109,102,101,91,98,159,157,96,100,100,102,153,101,106,106,106,106,164,154,159,163,161,129,100,101,109,111,113,115,92,115,131,106,104,101,133,157,165,161,160,101,90,117,122,157,126,130,133,135,135,131,143,97,110,105,79,123,136,142,134,136,58,125,120,120,120,98,93,94,61,72,59,114,109,109,106,104,106,106,105,101,105,87,81,56
142,142,143,142,142,143,142,142,142,142,142,143,143,143,143,143,142,143,143,143,143,143,143,143,142,142,143,142,143,143,143,143,142,142,143,142,141,142,142,142,142,142,142,142,142,143,142,142,143,143,96,92,81,90,144,144,144,144,143,143,143,142,142,142,143,142,141,142,142,142,141,142,142,141,141,141,142,144,144,145,146,146,147,147,147,147,147,147,148,148,148,147,146,146,145,145,145,145,146,146,145,145,147,146,146,146,147,146,146,91,101,103,107,104,104,104,99,98,160,160,102,98,100,100,100,102,155,101,105,106,93,147,159,162,155,88,98,98,100,99,109,111,113,113,97,116,107,91,95,162,167,156,161,91,117,116,116,117,124,159,126,129,130,134,135,132,136,96,100,156,65,113,139,138,131,130,58,124,118,118,120,60,91,60,112,110,103,108,109,108,106,101,94,105,72,59,60,55,118,118
143,142,143,142,141,143,142,143,143,142,142,143,142,142,143,143,143,143,143,143,142,142,143,143,142,143,143,142,142,142,142,143,142,142,141,142,141,142,141,142,141,142,142,142,142,142,143,143,143,143,96,99,111,88,144,143,143,144,143,142,143,142,142,142,142,142,142,141,142,142,141,141,141,142,140,141,141,142,144,144,145,146,147,146,146,146,146,147,147,147,147,147,146,145,146,145,146,145,145,145,145,144,145,145,145,145,145,146,146,102,101,109,107,103,101,126,168,164,121,102,103,100,102,101,100,103,154,100,160,156,161,156,146,85,103,103,99,100,100,96,110,112,114,113,91,162,138,162,165,162,151,155,110,112,114,117,115,118,124,165,126,128,126,133,134,132,135,114,93,152,55,117,136,131,127,129,68,122,68,132,59,77,110,113,112,112,108,109,107,101,110,75,65,72,115,115,118,67,117,119
142,142,141,142,142,142,142,142,142,141,142,142,142,142,142,142,143,143,143,143,143,143,143,143,143,142,142,142,142,142,142,142,142,141,141,142,142,141,141,141,142,141,141,142,141,142,142,142,142,144,111,93,88,123,145,143,143,143,142,143,143,143,141,142,142,142,141,141,141,140,141,141,141,140,140,140,141,141,142,142,145,146,145,145,146,147,147,147,147,147,148,147,145,145,144,145,145,145,144,144,144,144,145,144,145,144,144,145,145,102,101,100,104,166,160,163,160,91,125,104,102,100,101,102,97,103,149,164,160,158,124,90,105,105,106,102,100,100,99,98,110,112,110,147,163,162,161,159,103,89,109,159,109,112,113,118,115,117,122,166,125,126,119,132,96,113,161,165,122,100,51,108,130,127,125,92,67,63,73,107,112,108,106,107,112,106,105,98,64,63,103,116,115,116,118,117,117,66,115,117
141,142,141,142,141,142,142,142,142,143,142,142,142,143,142,142,143,143,142,142,143,143,143,143,143,143,142,142,141,142,142,142,141,141,141,141,141,140,141,141,141,142,142,142,141,141,141,141,142,96,110,94,85,78,107,143,142,142,142,142,143,141,142,142,142,141,141,141,141,141,141,140,140,140,140,140,139,140,140,141,144,145,146,146,146,147,146,147,147,148,147,147,144,145,145,145,145,144,144,144,144,144,144,144,144,144,144,144,144,102,101,160,163,163,158,105,104,106,123,103,101,99,101,102,124,159,154,159,105,96,100,102,108,106,107,104,100,100,100,99,110,99,165,159,160,159,87,105,106,105,109,158,106,112,114,117,114,116,120,164,123,125,106,99,156,155,149,159,115,129,76,102,96,130,83,66,100,108,109,114,110,106,104,107,84,59,67,117,117,116,116,118,116,118,118,115,114,70,114,115
141,142,142,141,141,141,142,141,142,142,141,142,142,142,142,142,142,142,143,142,142,142,142,143,143,144,142,142,142,142,141,141,141,141,141,140,140,141,142,142,142,141,141,141,141,141,142,142,141,109,94,95,98,131,107,143,142,142,142,142,144,141,141,141,142,141,141,141,140,140,141,141,141,141,140,140,140,140,140,141,140,144,144,145,145,146,145,147,147,147,147,146,145,146,145,144,144,143,143,144,144,144,143,143,144,144,144,144,143,102,121,158,158,111,105,119,101,107,116,103,101,101,154,166,160,162,89,100,102,107,101,102,108,106,107,103,99,100,91,106,158,150,156,127,94,103,107,106,106,107,109,154,107,113,113,117,112,116,119,162,137,157,155,155,156,148,116,132,87,124,94,87,66,109,110,112,111,114,110,109,105,70,59,63,118,117,52,119,114,112,111,117,114,113,116,115,113,70,113,114
141,140,141,140,141,141,141,141,141,142,141,142,141,141,141,141,142,142,142,142,142,143,143,142,142,143,143,140,141,141,141,140,141,140,141,140,141,140,141,141,141,141,141,140,141,141,141,141,99,132,97,96,99,88,101,84,142,141,141,142,144,141,141,141,141,141,141,141,141,141,141,140,140,140,140,140,140,140,140,140,140,141,143,143,143,142,145,146,147,146,146,146,146,145,145,144,143,143,143,143,143,143,143,143,143,144,143,143,143,156,156,106,106,103,103,122,102,106,114,101,107,164,162,163,89,104,97,107,104,107,101,102,109,104,107,101,160,162,159,160,157,91,99,100,93,106,104,106,106,107,110,148,110,114,114,118,94,116,163,141,155,156,148,124,160,135,138,112,106,123,83,97,103,110,110,110,109,114,97,49,61,81,115,115,116,115,54,113,110,110,110,113,111,112,114,113,113,69,112,113
141,141,141,141,141,141,141,141,141,142,140,140,141,141,141,141,142,142,142,143,142,142,142,142,143,143,143,142,141,141,141,142,143,143,140,140,141,141,140,141,140,140,140,140,140,141,141,142,158,99,92,103,149,142,102,79,142,141,141,142,142,141,141,141,141,141,141,140,141,141,141,140,141,140,140,140,139,140,140,139,140,141,141,142,141,142,145,146,146,147,146,145,144,144,144,144,142,143,143,144,144,143,143,144,143,143,143,143,143,96,98,95,105,103,101,124,99,104,117,165,160,159,97,103,103,104,94,107,104,107,102,104,108,99,123,161,160,160,155,113,102,102,106,105,96,107,102,107,108,108,110,157,114,116,118,93,159,150,161,143,162,104,92,129,128,136,136,109,149,115,102,91,105,108,105,99,54,62,119,116,115,67,113,114,114,115,57,111,109,108,109,114,103,110,112,112,110,65,110,111
141,141,141,141,141,140,141,141,141,141,141,141,140,141,140,141,141,141,141,141,141,141,142,142,142,143,142,142,141,140,147,148,143,144,144,142,143,140,141,140,141,140,141,141,141,141,142,116,104,109,98,92,91,82,87,114,97,141,140,141,141,141,141,140,140,140,140,141,141,141,141,141,140,140,140,140,140,140,141,139,140,140,140,141,140,141,142,144,147,146,146,145,144,145,144,143,143,144,144,144,145,144,143,143,142,143,142,142,143,104,101,94,103,103,100,124,123,164,158,161,98,135,109,100,101,102,94,106,103,106,105,133,99,156,161,160,93,92,105,102,104,105,106,115,96,108,101,106,106,107,110,145,132,154,160,159,156,138,108,115,121,125,93,129,126,126,133,114,159,110,118,92,62,112,53,116,60,116,116,116,115,53,112,112,113,113,85,110,107,107,108,110,103,109,111,110,110,58,110,108
141,140,141,141,141,140,140,141,141,141,141,141,141,141,141,141,141,141,141,141,141,141,142,141,142,143,143,142,143,142,151,154,147,144,144,144,144,141,140,140,140,141,141,141,140,141,123,115,85,100,93,77,84,128,76,104,82,143,140,140,141,141,140,140,141,140,141,140,141,140,140,140,140,140,139,140,140,140,140,140,141,140,140,141,141,142,147,146,146,146,146,145,145,145,145,143,143,144,145,144,144,143,143,142,142,142,142,142,142,104,101,83,103,100,140,165,161,163,125,98,100,139,108,98,101,101,92,105,104,151,149,160,159,157,84,103,108,105,106,105,105,106,109,119,99,107,103,106,95,92,158,149,159,153,153,146,102,117,120,116,123,126,73,126,122,116,131,115,106,96,118,54,114,117,113,111,58,113,114,114,113,50,110,111,110,112,87,106,105,104,104,108,105,107,110,109,107,58,106,107
140,140,140,140,141,140,141,140,140,141,140,141,141,141,141,141,141,140,141,141,141,141,141,142,141,142,142,143,143,142,149,149,143,143,144,143,144,143,140,139,139,140,140,140,141,140,134,168,161,160,92,116,88,86,81,141,114,85,141,140,140,141,141,140,140,140,141,140,140,140,140,140,140,140,139,140,140,139,140,140,140,140,140,140,141,143,146,146,146,146,146,145,144,144,144,144,143,143,143,144,144,142,142,142,142,142,141,142,141,104,96,84,111,165,163,155,124,99,96,99,102,135,107,98,99,100,91,145,162,150,158,154,114,104,108,107,109,107,106,105,106,107,107,124,103,100,158,103,161,163,160,150,131,112,112,119,117,116,119,115,120,122,66,120,119,104,128,119,86,87,109,50,109,110,110,106,58,122,116,112,111,47,108,110,107,108,90,105,103,102,104,108,104,107,108,107,107,53,105,106
139,139,140,139,140,140,140,140,140,140,140,140,140,140,140,141,141,141,141,140,141,141,141,141,141,141,142,142,142,142,153,144,142,142,143,143,144,144,144,143,143,140,139,140,140,125,115,111,123,87,112,93,83,72,90,96,74,81,141,140,140,141,140,140,140,140,140,140,140,140,140,139,140,140,139,140,140,140,140,140,140,140,140,140,140,144,145,146,146,146,145,145,145,144,143,143,143,142,143,143,142,142,142,142,142,141,141,141,141,108,163,160,162,161,113,136,96,100,102,98,100,134,105,98,95,108,149,160,158,114,87,103,105,105,108,104,109,107,105,106,106,107,120,107,106,152,156,156,159,157,106,105,111,112,112,117,115,116,117,120,117,117,67,117,115,93,125,113,113,81,96,40,98,109,108,103,53,118,110,109,111,55,108,106,106,107,108,102,100,101,103,105,104,105,107,105,105,51,77,81
139,139,139,139,140,139,140,139,140,140,140,139,140,141,140,140,140,140,140,141,141,141,141,141,141,142,141,142,142,142,144,142,142,142,143,143,144,143,144,143,144,144,144,143,142,149,165,53,111,131,72,92,116,66,66,66,109,115,98,140,140,140,141,140,140,140,140,139,139,140,140,139,140,140,140,139,140,140,139,139,140,140,140,140,140,142,144,145,145,144,145,144,144,143,143,143,143,143,143,143,143,142,142,142,142,141,141,141,141,160,156,152,154,98,98,134,97,99,79,98,102,126,101,110,158,162,155,108,102,103,103,103,106,105,107,104,109,106,107,106,98,142,157,157,158,162,148,99,95,108,111,108,111,110,110,117,116,116,117,114,118,115,81,112,112,87,116,105,106,105,77,40,89,106,102,101,59,116,113,107,105,39,107,106,105,105,109,101,100,100,101,101,103,100,54,59,63,49,68,107
139,139,139,139,139,138,139,140,139,139,139,139,139,140,140,140,140,141,141,141,141,141,141,140,141,141,141,142,142,142,142,142,142,142,142,143,143,143,143,144,143,143,143,143,97,96,58,106,108,95,101,94,68,61,97,105,120,114,116,141,140,140,140,140,140,140,139,140,140,140,140,140,140,139,139,140,139,139,138,140,140,140,140,140,140,143,144,145,145,144,144,144,143,142,143,142,143,142,142,142,142,143,141,142,141,141,140,140,141,156,90,73,99,95,98,142,96,100,78,96,101,162,164,160,152,104,152,99,100,103,104,104,107,105,107,103,108,105,98,95,159,151,159,151,107,105,100,103,104,108,110,112,110,110,110,119,118,116,116,114,115,113,100,113,113,162,160,158,145,131,154,39,82,102,102,100,68,115,110,104,103,49,106,104,103,103,106,100,98,105,55,90,60,54,56,108,106,103,111,114
139,139,139,139,138,139,138,139,138,139,138,139,140,139,139,140,140,140,139,140,140,141,141,141,141,141,141,141,142,142,142,142,142,142,142,142,143,143,143,143,143,143,143,142,85,102,94,116,85,120,93,41,50,73,64,110,115,74,80,92,140,140,141,140,140,139,140,140,140,140,140,140,139,139,140,140,139,139,139,140,140,142,140,140,142,144,144,144,144,144,143,143,142,143,142,142,142,142,142,142,142,141,141,141,140,140,139,140,140,105,99,74,98,96,99,148,98,97,104,168,163,156,101,93,101,100,149,97,99,104,103,101,105,103,105,99,105,151,160,159,154,130,104,105,107,107,100,101,101,106,110,109,110,111,114,116,114,112,113,108,153,144,166,163,160,153,159,152,154,163,151,45,70,102,101,100,81,110,105,104,103,49,103,101,100,106,97,125,69,57,54,109,117,105,113,109,105,107,114,114
138,139,138,138,139,139,138,139,138,139,138,139,139,139,139,139,140,139,139,139,140,140,141,140,141,141,141,141,141,141,142,142,142,142,142,142,143,143,143,142,143,143,143,146,87,103,89,84,81,116,98,87,58,82,67,53,76,56,91,79,140,140,140,139,140,139,140,139,139,140,140,139,139,140,139,139,140,140,139,139,141,143,141,141,144,143,143,143,143,142,143,143,141,142,142,141,141,142,141,142,142,141,140,139,140,139,140,139,139,106,102,74,100,98,101,138,95,161,150,162,135,166,102,100,104,97,147,95,98,102,101,99,104,98,155,161,159,158,159,154,106,105,100,104,106,107,98,99,100,104,110,109,110,110,111,110,95,91,101,166,165,167,154,159,155,107,112,74,88,151,140,45,45,101,99,99,94,104,102,102,101,53,78,72,92,67,43,112,119,117,106,105,111,108,110,115,117,101,114,64
138,138,139,138,138,138,139,139,139,139,138,138,138,139,138,139,139,138,140,139,139,140,140,140,140,140,141,141,141,141,141,141,141,142,142,142,142,142,142,143,142,142,142,145,84,103,94,91,88,112,93,51,58,86,63,61,74,56,87,85,139,140,140,140,140,139,140,139,139,139,140,139,138,139,139,140,139,139,140,140,143,143,144,143,144,142,142,143,142,142,142,141,141,141,141,140,140,141,141,141,140,140,140,140,139,139,139,139,139,102,99,75,98,165,164,153,158,149,122,99,93,166,100,100,108,98,145,96,97,98,116,95,158,162,165,157,108,96,106,107,104,103,100,103,107,107,99,100,99,108,109,114,108,89,123,99,164,157,169,162,162,164,94,102,83,78,79,78,81,140,81,46,53,99,99,97,96,103,99,67,117,54,52,106,114,113,110,115,118,115,114,109,109,111,116,58,49,51,51,98
138,138,139,138,138,138,138,138,138,138,138,138,138,139,139,137,138,138,138,139,139,139,140,140,139,140,139,140,141,140,140,141,140,142,141,141,141,141,141,141,141,142,142,143,89,102,101,83,95,100,92,48,62,89,58,101,67,60,85,86,138,140,140,139,140,139,140,139,139,140,139,140,139,139,139,140,141,140,140,140,142,142,142,142,142,142,141,141,142,141,141,141,141,141,141,141,141,142,141,141,141,140,140,139,139,139,139,139,139,105,94,142,164,163,155,105,98,101,114,101,96,166,100,101,105,97,141,92,105,158,158,156,159,98,93,109,102,103,104,105,103,103,100,102,102,106,100,99,98,105,96,105,107,156,166,166,162,155,150,106,76,78,135,83,80,83,77,76,79,83,77,46,31,95,99,108,123,68,53,89,111,107,113,112,118,116,105,117,117,111,108,56,47,56,61,98,94,97,95,95
137,138,137,137,138,137,138,138,137,138,138,137,138,137,138,139,138,138,138,139,139,138,138,139,139,140,139,140,139,140,140,140,141,139,140,140,140,141,140,140,141,141,142,142,92,102,100,77,94,91,89,76,54,74,60,78,73,66,89,84,139,139,140,139,139,139,139,140,140,142,142,142,139,139,139,140,141,141,141,142,142,142,142,142,142,142,142,141,141,141,141,140,140,141,140,141,141,140,140,140,140,140,140,139,139,139,138,138,139,99,157,157,162,145,98,164,96,102,108,101,96,165,100,100,104,137,134,161,161,154,157,144,98,101,102,101,102,99,102,104,102,102,96,99,104,105,97,117,117,146,165,159,161,157,156,103,120,75,76,77,76,75,131,82,78,92,72,71,99,80,74,46,70,112,59,73,117,115,110,114,115,113,119,119,114,112,94,57,58,63,56,92,95,94,96,96,95,95,95,95
137,138,137,137,137,137,137,137,137,137,138,137,136,137,138,138,138,138,138,138,138,138,138,138,138,139,139,140,140,139,140,139,140,140,140,140,140,140,140,141,140,140,141,144,105,104,100,81,92,87,87,136,86,82,70,102,70,51,88,87,139,140,140,139,139,143,156,153,148,141,142,142,141,139,141,142,142,142,142,142,142,142,142,141,142,142,142,142,141,142,140,140,141,141,141,141,141,140,141,139,140,139,139,139,139,139,138,139,139,159,109,72,100,96,97,159,98,102,106,100,96,166,119,90,157,162,161,158,100,98,109,109,99,100,101,98,101,97,100,102,101,101,94,97,97,105,164,160,162,164,166,153,115,97,75,79,77,76,80,80,74,75,131,77,77,101,73,72,163,82,71,60,105,116,120,113,110,111,116,117,117,103,107,64,44,61,56,86,85,93,94,93,95,94,97,97,97,93,93,95
136,137,137,136,136,137,137,136,137,137,136,137,137,137,136,137,138,138,137,138,138,138,138,139,139,139,138,138,138,140,139,139,139,139,139,139,139,139,138,140,140,140,140,125,96,104,101,79,82,79,82,117,80,37,72,89,62,48,92,86,139,140,140,140,150,153,155,155,146,141,142,142,141,139,142,142,142,143,142,142,142,141,143,143,142,142,142,140,141,141,141,140,141,141,141,141,140,139,140,140,140,139,139,139,139,139,138,139,139,100,99,81,97,97,97,163,99,101,95,97,111,153,154,163,161,102,124,97,99,98,107,108,99,99,98,112,100,99,100,101,97,124,151,161,162,159,157,157,163,108,85,96,106,109,71,74,75,75,75,74,73,72,127,78,77,102,72,72,156,77,62,91,101,116,114,116,107,106,111,76,55,61,69,94,91,92,89,89,90,95,92,90,97,95,97,97,97,96,93,95
136,136,137,137,137,137,137,136,136,136,136,136,137,137,137,137,137,136,137,138,137,138,138,138,138,138,138,138,138,138,138,138,138,138,138,139,137,137,138,138,139,138,139,90,101,103,104,77,86,77,87,113,77,48,72,86,58,53,95,89,61,139,142,151,152,152,154,151,141,140,141,144,142,141,142,141,141,142,142,142,141,151,150,146,149,146,141,141,140,141,140,140,140,141,141,140,140,141,140,139,140,139,139,139,139,139,139,141,140,102,101,85,100,99,100,161,99,158,147,157,154,153,105,87,99,102,137,93,96,97,106,109,100,100,98,110,98,95,163,102,164,158,159,159,158,135,101,101,99,99,102,95,103,107,68,76,76,74,75,62,72,73,123,77,73,104,69,70,120,75,113,88,96,106,110,71,69,61,87,96,96,59,91,92,90,92,96,89,94,97,97,91,95,95,97,98,96,94,94,95
136,137,136,136,136,136,137,136,136,136,137,136,137,136,137,136,137,137,136,137,137,137,137,137,137,137,138,137,138,138,138,138,138,137,137,137,137,137,137,137,138,138,139,98,95,104,107,68,91,75,84,108,76,54,62,121,60,51,93,89,68,142,151,154,152,151,152,151,143,140,141,142,142,143,143,144,142,141,141,146,150,155,152,150,151,147,143,142,141,141,140,141,140,141,141,140,140,140,139,139,140,139,139,138,139,139,140,143,142,103,100,86,104,102,92,105,156,165,156,154,105,113,108,99,99,100,129,93,98,96,106,108,100,101,97,155,131,165,162,157,158,154,101,161,91,97,92,97,95,95,99,96,102,107,68,76,75,77,76,70,78,72,115,82,73,97,104,118,70,103,152,80,69,67,91,88,91,92,95,95,93,70,92,93,92,92,97,90,95,97,96,92,96,95,97,98,96,94,92,94
135,135,135,135,136,136,136,136,135,136,136,136,136,136,136,136,136,136,135,136,136,136,137,136,136,136,136,136,137,137,136,137,137,136,136,136,137,136,137,137,137,138,137,89,95,102,101,63,95,68,87,110,83,41,64,131,57,56,92,89,73,147,153,157,154,153,151,151,147,144,147,145,144,146,148,148,145,148,143,152,155,156,155,153,154,151,152,148,146,143,144,141,142,141,141,140,139,139,141,140,141,140,139,140,142,143,142,143,141,103,101,80,114,155,153,146,163,119,77,101,101,122,108,99,97,99,126,93,98,95,105,102,159,96,165,164,163,163,165,109,88,103,95,99,91,94,92,94,95,95,100,97,102,107,69,76,72,78,80,69,69,129,114,104,165,155,166,165,99,158,133,45,94,89,87,87,89,94,99,97,94,77,93,93,91,92,99,90,94,96,95,90,100,95,95,97,93,93,92,92
135,135,135,135,135,135,135,136,135,135,135,135,136,135,136,135,135,136,135,136,136,135,135,135,135,136,135,135,135,135,135,136,136,135,136,136,136,137,136,137,137,137,138,85,102,107,102,60,89,67,87,104,88,41,64,129,65,58,90,91,73,151,155,155,153,152,151,151,149,149,148,146,146,147,151,150,149,150,151,153,156,156,156,155,155,155,153,149,147,144,144,143,142,144,143,141,143,144,146,144,143,141,144,143,144,143,143,142,141,165,155,152,161,162,102,138,105,104,83,103,101,114,109,100,96,99,123,92,93,159,136,164,166,165,158,150,143,95,99,99,103,102,96,96,92,92,95,95,96,95,100,95,103,107,73,70,71,93,125,95,170,170,167,164,167,154,167,159,116,159,104,42,88,89,89,88,91,97,99,99,93,81,93,92,90,91,96,89,93,93,93,90,96,93,94,95,92,93,91,90
134,135,134,134,134,135,134,135,135,134,135,134,135,135,135,135,135,135,135,135,135,134,135,134,135,134,135,135,134,135,135,135,136,135,136,135,135,136,136,137,137,137,138,117,108,106,103,59,94,65,90,100,91,42,70,108,66,57,91,89,75,153,153,154,151,151,151,150,149,149,148,147,149,151,152,153,149,151,152,154,157,157,157,156,156,154,152,150,149,148,148,147,147,147,147,147,145,146,149,145,147,146,146,144,144,143,142,142,141,154,158,112,102,104,97,137,104,105,82,102,101,104,109,99,94,114,132,166,161,161,160,166,104,119,106,106,97,97,98,97,103,102,96,96,91,96,94,96,99,93,99,96,107,94,151,100,167,166,169,167,171,168,163,147,106,144,96,99,92,115,81,43,86,91,92,92,90,96,98,97,94,91,92,92,90,90,95,88,92,93,91,90,92,91,91,95,92,91,87,88
133,134,134,133,133,134,134,135,135,134,134,135,134,134,135,134,134,134,134,134,134,134,134,135,134,134,134,134,134,134,134,135,135,135,135,135,135,136,136,136,136,137,137,120,116,106,108,65,96,63,82,92,92,39,73,96,63,62,91,90,78,152,152,151,150,150,151,150,152,156,149,150,154,153,150,151,151,152,153,155,157,158,158,158,155,153,151,150,149,148,148,148,148,149,149,148,147,147,148,145,146,145,145,143,141,140,140,139,139,95,104,87,103,103,97,138,105,105,80,103,101,101,91,109,165,167,154,161,153,104,85,93,99,104,104,102,96,97,100,97,104,104,96,100,90,99,91,99,101,89,124,116,171,171,172,167,170,165,166,119,103,94,128,104,104,147,98,96,91,160,67,47,77,90,89,87,90,95,97,97,95,94,90,90,90,91,94,89,91,92,90,87,87,88,92,91,88,91,91,92
133,133,134,133,133,132,133,133,133,133,133,133,134,133,134,133,133,133,133,133,134,134,134,134,134,133,133,133,134,134,134,134,134,135,135,135,135,136,135,135,136,137,137,121,118,104,114,64,105,71,82,84,89,65,73,90,64,66,92,92,82,151,150,150,150,150,154,155,154,152,151,147,153,152,150,154,151,151,153,156,157,159,159,156,154,152,151,149,149,148,148,149,149,150,149,148,147,147,145,145,145,145,144,144,142,142,142,137,137,104,102,87,104,106,100,138,104,102,82,142,101,160,160,158,160,155,105,70,71,70,94,97,99,101,107,101,95,95,99,99,106,106,97,101,93,86,97,111,169,170,169,160,169,166,165,123,101,90,105,101,103,104,115,103,105,146,100,96,98,161,66,44,73,88,89,89,88,93,95,96,93,96,92,90,91,92,92,87,89,90,88,86,68,90,90,88,50,52,60,61
134,133,134,134,133,133,133,132,134,133,133,132,133,133,133,133,132,132,132,132,132,131,133,132,133,133,134,133,134,134,134,133,134,135,135,135,135,135,136,135,136,137,137,57,127,104,121,70,112,67,86,80,84,75,42,97,62,77,92,92,85,149,149,149,150,150,159,157,154,155,153,151,151,150,155,156,151,149,154,155,156,157,157,155,153,151,150,149,149,148,147,149,149,150,150,148,147,146,145,145,145,143,140,142,142,142,141,139,139,104,103,92,104,105,99,132,109,100,158,161,162,151,102,120,71,99,84,69,70,70,97,94,98,101,104,99,95,99,98,98,105,96,164,103,158,169,163,163,169,165,165,106,155,98,74,72,71,102,103,103,102,104,122,102,104,142,99,96,96,96,76,41,66,88,87,87,88,94,94,94,93,96,91,90,88,90,91,87,89,91,59,53,52,58,59,49,51,71,116,117
133,132,132,132,133,133,133,133,132,133,133,132,133,131,132,132,133,132,133,133,133,133,132,133,132,132,134,133,133,133,132,134,133,134,135,135,136,135,135,135,136,136,135,54,129,103,125,63,112,63,88,76,81,75,34,122,56,75,92,93,89,149,151,150,149,152,156,157,156,155,155,156,153,157,158,152,147,148,154,155,156,156,155,154,152,151,150,148,147,148,148,150,142,140,144,149,146,144,144,144,143,137,140,141,141,140,140,141,139,104,102,84,97,137,144,156,163,161,154,106,91,108,76,78,75,102,75,69,72,71,96,94,99,101,105,98,98,89,120,97,166,169,167,163,162,166,155,95,101,94,107,97,100,97,68,64,65,101,103,101,99,101,139,99,101,139,96,98,92,89,86,42,54,87,87,87,86,93,94,94,92,93,90,91,90,47,57,76,107,59,55,44,111,118,118,115,117,112,118,119
132,132,133,132,132,132,133,132,132,132,132,132,132,131,132,132,132,132,132,132,132,132,132,132,132,132,132,132,132,132,132,133,133,134,134,133,134,135,135,136,135,136,136,74,127,101,129,56,114,63,90,74,84,68,40,124,58,88,95,94,90,150,149,150,149,150,154,155,154,156,156,160,156,154,153,150,148,145,146,155,155,155,154,153,151,150,149,148,148,149,148,144,141,139,143,148,147,144,140,139,138,139,142,144,142,142,141,140,139,96,145,165,161,166,155,146,153,98,69,77,100,112,73,75,78,104,71,71,75,73,99,95,101,96,97,103,130,168,168,168,169,171,164,99,170,97,103,104,103,102,106,93,95,93,66,60,64,98,100,98,96,100,121,99,101,139,92,92,149,75,93,43,55,86,86,85,84,91,96,90,54,55,61,57,57,55,88,119,119,121,122,118,107,117,112,111,115,110,113,117
132,133,132,132,131,132,132,132,132,132,131,131,132,131,131,131,131,132,132,132,131,132,132,133,132,132,132,132,132,132,133,133,133,133,134,134,134,135,135,134,135,136,134,67,127,101,131,53,116,53,99,68,82,67,43,126,53,90,90,93,99,149,149,149,149,149,155,156,158,155,155,157,156,156,153,149,148,145,145,149,150,151,152,149,151,149,148,148,148,147,139,138,139,139,145,147,140,138,137,137,139,143,141,142,142,141,141,140,138,157,155,157,101,94,79,127,101,95,76,73,98,103,72,74,78,104,71,71,75,71,88,119,129,172,168,168,170,167,167,108,119,99,100,101,97,103,101,103,101,101,104,91,91,90,62,62,70,101,99,97,102,104,113,101,100,138,90,88,139,80,97,42,50,88,64,110,122,63,62,54,51,121,120,119,122,120,119,119,119,117,119,116,110,114,112,112,106,118,96,56
132,131,131,131,132,131,131,131,130,130,131,131,131,131,130,131,132,132,131,132,132,132,132,131,133,134,124,133,136,134,133,132,132,135,134,133,133,133,134,134,134,134,133,85,128,101,135,55,125,51,131,76,91,47,120,104,54,89,91,95,105,148,151,150,149,148,154,158,158,156,155,155,155,154,151,149,147,145,144,144,145,145,151,150,149,148,148,148,148,144,138,139,140,141,145,144,137,137,138,138,141,143,141,140,140,140,139,139,137,142,73,97,106,97,72,128,101,94,63,74,99,101,73,75,77,100,90,117,116,172,164,172,168,169,167,102,104,100,99,98,98,100,110,100,96,103,102,102,101,98,101,86,88,89,62,73,79,101,104,98,99,99,104,99,142,85,162,167,115,98,112,44,66,64,55,89,121,117,115,117,119,116,121,116,120,121,116,116,117,114,108,114,75,53,57,42,61,58,38,62
131,131,130,130,129,130,131,130,130,130,130,130,130,130,130,131,131,130,130,131,130,131,131,130,127,124,121,126,130,124,125,125,128,127,128,127,122,124,133,133,133,133,122,65,123,105,135,59,128,55,130,75,77,48,53,66,56,89,87,96,113,145,148,149,149,148,152,153,156,155,155,156,155,153,151,149,146,145,145,141,141,144,145,143,147,142,138,138,138,138,138,139,141,141,144,142,139,140,141,141,141,141,141,140,139,139,138,138,138,100,77,97,104,97,72,132,98,93,59,86,98,103,85,108,123,170,162,169,171,168,161,103,100,73,100,98,98,99,98,97,96,99,98,100,95,101,100,101,97,98,99,93,100,97,65,74,70,93,91,109,104,165,161,164,169,169,167,165,161,103,151,64,100,112,117,117,117,118,113,116,119,115,115,113,114,120,86,47,43,52,55,55,6,63,63,61,57,58,61,57
130,130,130,130,130,130,130,129,130,130,130,130,130,130,130,130,130,130,130,130,130,130,131,130,127,125,130,127,111,113,131,133,131,130,129,130,109,119,132,132,133,133,125,66,117,107,135,56,127,65,135,72,87,49,69,70,61,92,83,101,65,139,142,149,150,150,153,153,153,153,154,156,154,150,148,139,137,137,137,138,144,144,144,144,139,137,138,137,137,137,138,137,138,141,141,143,142,142,142,143,142,141,140,138,138,137,137,137,136,101,75,94,103,98,72,132,94,91,76,136,107,166,165,173,170,168,120,121,89,96,97,96,68,68,99,97,97,98,98,97,98,100,96,98,92,101,104,102,103,99,100,88,91,158,97,98,165,156,164,167,166,170,164,168,165,157,109,110,103,68,115,71,103,113,118,117,116,117,106,121,73,49,30,77,71,66,54,60,60,60,59,58,4,58,58,54,55,56,56,55
129,129,130,130,129,129,129,129,129,129,129,129,129,130,129,130,130,130,130,130,130,130,130,130,129,128,130,130,130,131,130,130,129,130,130,131,108,117,132,132,132,132,122,62,115,104,133,63,131,59,133,80,91,52,61,70,70,91,84,100,54,137,137,149,149,152,152,152,152,152,155,157,141,137,136,136,137,136,137,140,144,144,140,138,136,137,140,141,138,141,141,141,139,142,142,142,142,141,141,142,141,141,140,138,138,137,136,136,137,107,78,94,104,102,76,116,105,170,165,169,170,164,100,112,94,95,70,94,96,94,96,95,63,64,96,94,95,95,95,94,97,97,95,96,91,98,99,92,150,157,104,163,166,170,171,169,170,158,168,165,163,112,98,92,88,92,88,88,80,86,162,73,93,115,67,69,15,54,55,48,65,64,64,63,63,65,66,60,59,60,59,58,23,59,57,56,55,55,56,53
129,128,129,128,128,128,128,129,129,129,128,129,129,129,129,128,129,128,130,130,129,130,130,130,128,129,128,110,67,64,65,70,68,52,51,82,111,120,132,132,132,132,122,58,109,106,125,56,131,62,134,84,102,43,104,65,72,93,74,100,56,136,136,136,140,141,150,140,140,136,141,138,135,135,135,135,135,135,138,139,141,142,139,136,137,141,143,143,145,142,143,143,142,143,142,142,141,140,140,140,139,139,138,137,137,137,136,136,136,106,73,107,105,167,167,162,167,165,99,107,65,100,90,95,96,94,70,93,94,92,94,95,64,64,96,96,99,101,103,98,95,95,85,168,146,106,167,167,165,170,168,166,168,164,160,124,102,102,91,90,89,86,89,88,88,90,88,90,77,83,148,47,55,62,90,91,90,64,61,59,59,60,60,62,62,61,63,58,58,59,55,55,23,58,56,56,54,55,57,53
128,128,128,128,127,127,128,128,128,128,128,127,127,129,129,129,129,129,129,129,129,129,130,129,131,132,132,123,96,63,67,69,71,69,52,52,110,117,131,131,131,131,121,53,104,105,119,54,128,61,131,84,105,41,102,62,78,94,71,100,53,136,141,144,146,136,138,139,136,136,135,135,135,135,135,140,137,137,145,142,141,141,140,139,141,142,144,144,143,143,143,142,142,142,141,141,141,140,140,139,139,138,137,137,137,136,136,136,134,158,162,164,169,166,114,116,96,96,63,68,66,101,90,94,93,94,70,94,92,93,94,95,81,80,96,96,94,107,98,100,98,170,171,168,165,167,169,164,162,163,113,96,101,103,89,88,88,88,87,92,87,87,92,91,88,90,87,89,79,109,125,50,58,90,90,90,89,60,60,61,59,58,61,62,62,63,64,56,56,54,55,54,41,57,54,53,55,54,58,52
127,126,127,126,126,127,126,128,126,126,126,127,127,127,127,127,128,129,129,128,128,128,129,128,133,133,132,129,122,94,66,64,69,70,64,56,110,119,131,131,131,131,119,55,88,109,109,53,122,63,134,87,111,38,99,63,83,96,66,97,61,141,145,147,146,146,135,136,136,136,136,136,138,143,147,152,157,154,149,145,143,140,141,141,142,142,141,142,141,141,141,141,140,141,141,141,140,140,139,138,138,138,137,137,136,135,136,135,135,156,104,88,101,100,98,102,96,94,62,67,67,104,89,95,93,93,69,94,93,94,97,96,83,100,121,97,172,170,168,170,170,168,169,167,117,104,159,94,101,98,96,90,96,95,88,89,90,87,90,90,86,90,89,92,90,90,85,88,74,168,102,48,56,90,90,89,88,59,59,59,58,57,57,57,54,54,56,54,56,56,56,54,38,55,53,55,54,54,56,54
127,128,127,128,128,126,127,127,126,127,126,127,127,127,128,127,128,128,128,128,128,129,128,129,136,133,132,129,127,116,82,70,63,69,74,51,110,121,131,131,131,131,121,64,88,108,100,62,115,68,132,87,121,38,88,69,86,96,52,101,78,136,136,135,136,137,136,135,136,134,135,135,135,138,149,152,152,149,148,149,144,140,141,140,141,140,141,140,141,140,140,140,140,140,139,139,140,140,138,139,138,137,136,136,136,135,135,135,135,94,101,81,98,100,98,99,96,96,62,68,68,107,90,95,93,94,71,89,159,125,113,171,169,170,165,169,170,168,167,99,121,96,94,90,73,92,96,104,101,99,98,91,98,100,95,90,87,91,85,91,86,90,88,89,88,88,86,87,73,156,95,45,55,88,91,89,88,61,58,57,56,58,56,55,55,56,56,54,54,55,54,54,38,53,54,53,54,55,48,52
127,127,128,127,127,127,127,127,127,127,127,126,127,127,127,128,128,128,128,128,128,128,129,130,136,138,133,131,131,128,111,86,65,67,66,51,109,125,131,131,131,131,121,62,78,111,90,76,110,75,131,91,125,34,42,71,91,101,45,100,71,134,133,132,134,134,135,135,137,134,134,135,136,138,150,153,150,150,150,147,143,140,140,140,140,140,140,139,138,139,138,139,139,139,138,138,139,138,138,137,136,136,136,136,135,135,135,134,134,93,97,81,95,100,98,96,93,94,61,66,66,107,85,167,94,152,168,171,166,167,164,168,170,146,122,103,89,94,99,101,100,97,100,97,69,99,98,106,105,102,103,95,105,106,97,91,89,92,90,89,88,87,88,86,87,88,85,86,95,90,96,46,59,89,89,89,88,61,63,63,63,56,55,53,55,55,56,54,55,55,55,54,41,59,57,56,57,56,19,54
127,126,127,127,127,127,127,128,127,127,126,126,126,128,127,128,128,128,128,127,128,128,129,131,135,137,136,135,130,131,126,118,85,68,65,48,111,125,131,131,131,131,122,71,69,116,83,75,104,71,126,92,131,41,49,76,92,97,45,102,74,134,133,134,135,135,135,135,137,137,136,141,144,148,154,152,155,151,146,144,140,139,138,139,139,139,139,139,138,138,138,138,138,138,137,138,137,137,136,137,137,136,135,135,135,135,135,135,134,91,95,72,94,98,92,97,91,90,94,153,160,171,172,172,171,171,167,168,98,105,93,94,96,93,91,91,88,93,99,101,98,105,98,110,73,104,99,108,105,103,105,99,107,103,99,90,88,89,92,94,90,85,86,85,82,86,86,89,163,92,84,40,61,88,89,88,88,59,64,63,60,56,57,53,54,58,57,57,58,58,58,55,44,56,58,57,56,57,15,57
127,126,127,127,127,127,127,126,127,127,126,127,128,127,127,128,127,128,128,129,128,130,130,133,134,137,135,137,132,129,128,128,118,94,67,48,111,128,131,130,130,129,115,62,66,116,76,74,91,76,119,101,131,42,65,76,92,93,57,99,66,146,138,143,146,146,143,143,151,151,149,147,147,149,151,151,155,149,144,144,138,138,138,138,139,138,139,138,138,138,138,138,138,138,138,137,137,137,136,136,136,135,135,135,135,134,134,134,133,92,95,78,97,108,98,169,172,170,166,172,169,166,117,114,103,94,102,92,95,92,91,90,94,92,88,91,88,93,99,99,96,102,93,104,69,102,98,108,105,103,108,100,104,101,94,86,88,87,86,87,164,138,103,93,112,172,170,171,143,156,161,45,51,87,88,87,86,61,61,61,64,56,63,57,60,59,62,57,58,57,60,58,58,59,59,55,54,54,7,56
127,127,127,127,126,127,126,127,127,127,127,127,127,127,128,127,128,129,129,130,131,131,131,139,136,138,135,137,134,133,133,132,130,123,89,68,111,130,132,131,132,133,119,56,58,115,62,68,83,65,117,107,132,30,106,60,97,88,54,99,66,146,145,145,144,143,143,147,151,148,148,148,148,147,147,151,152,153,138,140,138,138,138,138,138,138,138,138,138,138,138,137,137,137,137,137,136,135,136,136,135,135,135,135,134,133,134,134,132,100,168,168,168,167,161,165,169,110,107,92,94,104,94,107,92,93,110,91,92,95,91,89,94,91,86,89,88,92,97,96,93,94,90,100,63,98,96,102,104,102,107,87,99,101,132,105,99,168,171,171,169,171,170,171,170,166,163,163,81,160,153,52,51,89,88,86,86,58,63,62,63,59,64,66,58,63,60,58,58,60,61,59,93,55,42,47,47,51,49,47
127,126,127,128,127,128,129,129,130,129,129,128,128,128,128,128,129,130,131,132,132,135,133,145,137,140,132,137,137,137,134,135,132,134,126,112,112,137,139,140,140,140,119,56,54,120,54,75,77,65,105,110,132,35,108,62,95,90,57,96,52,143,144,146,146,142,144,151,149,147,147,146,144,145,147,147,137,136,135,136,138,138,137,137,137,138,137,137,137,137,137,138,137,137,136,137,136,136,136,135,135,135,135,134,133,134,133,133,132,162,167,119,118,91,93,101,94,101,90,92,90,105,94,122,110,93,115,90,93,96,91,89,94,91,88,88,89,89,96,96,92,93,95,101,81,120,159,128,142,123,168,171,169,166,161,165,169,170,170,170,166,163,167,161,103,92,93,97,84,103,79,40,56,87,88,88,88,59,64,68,65,60,60,59,47,53,58,54,48,50,56,54,42,51,47,59,90,122,116,115
126,127,131,131,130,130,129,129,129,130,129,130,129,129,131,132,131,132,131,131,132,134,134,146,137,143,116,134,136,138,137,138,137,135,133,132,113,136,136,138,139,139,115,61,61,121,59,89,65,64,94,111,124,21,103,59,97,77,53,95,55,143,144,144,141,142,143,146,146,138,133,135,137,134,135,134,134,135,134,134,135,136,136,136,137,136,136,137,137,137,137,137,136,136,136,136,136,135,135,136,135,134,134,134,134,134,133,133,132,95,96,83,92,97,93,102,93,103,114,93,91,102,94,117,112,93,105,91,94,96,90,90,94,93,88,90,86,124,165,158,96,104,166,165,158,160,168,165,164,164,169,169,162,162,157,168,106,95,115,113,90,98,96,91,89,88,89,89,87,104,83,44,49,84,49,49,91,50,51,53,53,53,57,49,53,54,96,113,121,127,116,121,116,120,117,117,118,117,115,119
129,131,133,130,130,129,129,129,130,130,130,130,130,133,134,133,132,133,131,130,131,132,134,136,137,145,85,112,133,139,139,138,136,137,135,136,113,136,138,141,139,138,116,63,71,129,71,112,73,88,86,113,117,27,48,68,100,64,62,94,54,140,140,140,141,143,141,142,135,133,134,133,133,133,133,132,132,133,134,134,135,135,136,136,136,136,137,136,136,136,136,136,136,136,136,135,135,135,136,135,134,134,133,133,133,132,133,132,132,96,96,81,94,99,98,106,100,100,101,94,90,103,93,107,109,91,107,89,92,91,94,157,94,103,137,169,169,171,163,165,162,162,160,168,160,157,155,163,99,111,164,160,92,99,93,94,92,91,90,90,104,90,94,89,91,90,91,89,94,100,79,42,58,110,62,64,89,120,114,122,122,121,121,118,119,117,114,117,118,119,116,116,109,118,119,118,119,116,106,110
128,127,128,128,128,128,130,127,129,130,130,130,133,135,133,133,133,133,129,130,129,130,130,128,139,146,64,84,115,132,137,137,139,137,136,135,112,137,146,145,143,139,110,67,74,131,83,115,71,96,78,114,116,36,54,68,99,61,69,99,60,141,142,141,146,145,144,136,134,133,133,134,133,133,133,133,133,135,136,135,135,135,136,136,136,135,136,135,136,136,136,136,135,136,136,136,135,135,134,134,134,133,133,132,132,132,132,132,132,95,94,78,94,99,93,106,96,97,91,93,89,110,89,106,152,112,94,171,169,171,169,170,171,170,168,168,172,168,165,127,98,113,109,96,58,64,68,103,104,108,108,107,100,97,93,93,91,92,90,90,106,93,97,92,93,91,92,95,96,100,97,89,113,111,116,122,117,122,117,122,120,119,122,112,117,117,114,110,118,116,113,111,99,112,103,119,105,100,74,48
127,128,129,128,127,127,128,128,128,127,127,129,131,132,131,133,132,132,129,130,129,130,131,129,138,148,61,63,80,112,131,135,137,140,139,137,114,138,142,142,137,138,119,57,77,129,76,118,73,105,70,116,113,38,61,64,98,58,79,99,68,145,149,146,145,146,147,146,143,141,138,133,138,138,137,138,137,134,135,135,135,136,135,135,135,136,135,134,134,135,135,135,135,135,135,135,135,135,134,133,133,133,132,132,132,132,131,131,131,99,92,77,93,97,91,100,94,109,92,166,165,169,169,173,171,166,162,167,169,170,167,105,94,109,104,97,100,104,101,105,98,98,103,105,55,73,67,104,104,106,106,104,102,101,97,103,99,98,100,97,112,102,103,102,102,96,96,96,92,93,137,89,113,109,111,120,119,124,120,120,116,114,108,121,118,112,97,45,59,55,48,35,49,109,100,114,106,95,61,83
127,127,126,126,126,126,127,127,127,127,127,127,129,130,130,129,128,129,130,130,133,130,131,134,139,147,65,83,55,92,94,122,132,138,139,138,114,140,139,137,136,137,116,50,70,123,75,122,68,114,72,114,107,37,108,57,97,47,88,99,63,148,146,145,148,147,149,144,145,141,139,139,137,138,138,137,135,135,136,135,135,135,135,135,136,135,134,135,135,135,135,134,134,134,134,134,133,134,134,133,132,132,132,132,131,131,131,131,131,169,104,130,163,161,158,155,166,165,155,164,168,166,99,108,105,163,97,95,96,95,98,102,92,95,101,101,103,104,102,105,98,100,103,108,84,73,75,104,105,105,103,104,105,100,94,102,99,99,98,95,102,100,107,100,99,100,95,97,94,108,125,76,117,117,75,54,54,38,40,87,120,116,120,81,80,73,80,81,87,91,91,93,80,89,91,91,89,91,57,90
124,126,125,126,125,126,126,127,126,127,126,126,128,129,128,128,129,129,130,130,130,130,130,144,140,147,67,101,52,94,61,109,116,134,136,138,115,140,137,134,135,135,118,47,73,120,68,128,64,118,64,114,103,30,110,55,96,47,95,101,62,147,144,144,146,149,143,144,142,141,139,138,137,137,138,136,135,135,136,135,134,135,135,135,134,135,135,135,134,134,134,134,134,133,133,134,132,134,132,133,132,132,131,131,131,131,129,130,129,163,161,155,163,158,70,59,60,59,63,57,95,152,152,88,90,96,132,94,94,96,98,101,90,93,99,99,101,101,101,101,98,97,99,106,71,72,74,105,105,104,105,100,104,104,91,104,99,98,97,95,114,96,103,98,102,103,97,96,124,162,122,42,111,85,87,88,85,93,87,87,86,88,86,87,87,87,87,80,88,87,88,87,92,90,89,89,88,91,55,94
125,128,123,105,125,126,125,126,126,126,126,126,127,127,128,128,128,129,129,129,128,130,130,151,139,144,60,116,49,110,49,118,64,131,112,136,114,136,133,134,134,134,93,48,73,103,68,131,65,119,66,111,103,35,107,55,94,49,97,99,65,145,146,143,142,142,141,139,140,138,138,137,136,137,136,135,135,135,135,135,135,134,135,134,134,134,134,134,134,134,133,134,134,133,133,132,132,133,132,132,132,131,131,131,131,130,130,130,129,164,83,121,154,111,33,14,28,19,18,0,0,14,24,88,100,98,132,98,95,97,99,100,91,92,98,97,99,99,100,99,97,97,96,104,77,70,70,101,101,102,103,100,101,102,87,101,101,100,98,98,113,97,85,114,143,136,122,99,168,160,114,17,119,91,88,87,91,100,88,85,86,87,87,87,87,87,87,65,88,87,88,90,96,86,89,91,92,94,58,98
128,124,123,115,105,127,126,127,126,127,126,126,127,127,127,128,129,128,128,129,128,128,129,148,139,143,64,125,58,123,57,125,49,135,61,135,116,132,131,131,131,131,86,58,86,98,77,127,73,124,69,110,94,49,84,65,96,60,94,101,57,141,140,140,139,139,137,137,137,138,138,138,136,135,134,135,135,134,134,134,135,134,134,134,134,134,134,134,134,134,133,133,132,132,131,132,132,132,131,131,131,130,131,131,130,130,129,129,129,165,163,39,136,127,128,127,128,127,128,127,127,126,126,90,101,96,146,98,98,99,100,101,94,94,98,96,98,96,98,99,96,95,94,103,87,71,70,102,99,94,147,153,83,85,101,141,131,121,100,156,170,168,169,166,168,168,169,168,157,85,100,32,121,92,89,89,89,97,91,88,88,89,88,90,91,88,88,50,90,89,94,95,100,93,94,95,95,97,65,99
131,132,135,122,114,127,126,126,126,127,128,128,127,127,127,127,128,128,128,128,128,129,128,134,137,135,61,131,62,129,57,134,50,137,37,137,115,133,131,132,132,131,88,58,88,85,79,113,77,125,77,108,96,48,60,55,96,77,94,98,52,137,135,135,136,136,135,135,135,135,135,135,135,135,136,135,134,134,134,134,135,134,134,133,134,133,134,134,133,133,132,132,132,132,132,132,132,131,131,131,130,130,130,129,129,129,129,127,127,165,130,129,127,127,126,127,127,127,126,125,127,126,125,88,100,98,129,97,96,98,100,99,91,90,100,90,92,94,161,157,139,103,87,94,93,158,168,162,166,169,172,167,166,170,158,164,169,168,168,169,170,171,170,167,162,156,162,161,132,105,110,28,119,93,93,88,88,92,91,87,87,95,92,92,95,92,91,38,95,94,98,95,102,96,96,97,95,100,68,100
134,133,130,129,122,119,125,125,126,126,126,127,127,127,127,127,128,127,127,128,128,128,128,126,137,132,58,136,60,134,53,135,53,139,55,139,115,134,133,132,133,133,98,60,88,72,79,89,79,126,86,104,94,55,75,67,94,89,91,97,51,136,134,135,135,136,135,134,135,134,136,137,137,135,135,135,135,134,135,134,134,134,135,134,133,133,132,134,133,132,132,132,132,132,132,131,131,131,131,130,130,131,129,129,129,128,128,128,127,162,130,129,127,127,126,126,126,125,125,125,125,125,125,87,96,159,116,161,102,102,100,150,167,168,164,166,159,160,167,163,158,159,168,160,158,163,167,162,166,167,168,167,164,165,145,164,166,135,124,129,97,91,91,101,97,96,103,93,81,96,93,27,117,92,89,88,86,79,88,86,84,89,88,90,95,94,90,0,92,99,99,98,100,97,97,97,96,98,63,99
50,123,118,108,121,127,126,126,125,126,126,127,127,127,126,127,127,128,128,128,129,126,130,127,135,132,59,137,57,137,51,136,52,137,46,138,115,134,132,133,133,132,120,58,94,68,80,75,79,128,76,101,92,60,97,56,96,90,86,99,52,135,135,135,135,135,135,170,120,94,97,99,97,98,97,99,100,100,99,98,99,100,100,75,106,86,80,169,80,145,98,97,131,131,130,130,131,130,130,129,129,129,128,129,127,128,128,128,127,160,129,127,127,126,126,126,125,125,125,124,126,125,124,163,162,164,156,170,169,170,169,160,166,166,164,167,161,161,164,166,161,106,99,93,87,97,95,98,99,99,100,99,98,99,85,101,100,102,102,102,101,101,94,97,100,97,90,94,81,98,96,23,116,95,89,88,89,60,88,87,89,93,91,88,87,89,90,13,94,98,97,99,101,96,97,98,98,97,56,101
42,107,130,89,116,116,126,125,125,126,127,126,126,126,127,127,128,127,127,128,95,102,105,133,137,130,60,138,49,134,51,138,50,141,49,138,116,132,131,131,131,131,123,55,96,62,83,62,72,128,68,89,90,64,111,50,94,90,75,98,54,135,135,134,134,133,133,133,135,100,100,100,101,101,101,102,102,103,99,103,103,103,104,158,76,144,90,166,90,94,103,102,131,130,130,131,130,130,129,128,128,128,128,128,128,127,127,127,126,162,133,126,125,125,125,125,125,124,124,124,124,124,122,155,109,99,93,92,101,111,98,93,91,97,99,100,97,99,97,98,96,98,95,101,122,100,100,101,100,98,97,98,97,98,85,99,98,100,102,102,98,99,95,100,100,98,91,93,84,97,99,44,116,91,91,91,92,36,91,90,90,91,95,92,92,95,96,61,98,97,96,99,102,98,99,100,68,66,62,67
141,141,145,141,116,121,126,125,125,126,126,126,127,127,126,127,126,127,127,129,100,109,86,134,136,132,57,137,44,136,41,135,52,137,48,136,114,131,131,132,131,132,123,53,107,61,93,58,75,125,65,67,92,76,109,55,94,93,59,97,63,134,134,133,131,132,131,139,141,100,95,96,102,105,104,104,105,103,102,105,106,108,108,108,109,107,109,109,109,104,105,103,130,130,130,129,129,129,128,129,129,128,127,128,127,127,126,126,126,162,137,125,124,124,124,123,124,124,124,124,123,123,124,94,92,94,152,96,90,91,90,90,96,94,95,96,95,95,97,98,93,94,94,101,119,99,98,99,100,95,99,99,100,100,89,99,97,102,104,102,101,100,96,100,100,97,94,92,83,96,97,58,116,91,91,92,93,24,91,93,93,95,94,92,93,93,95,84,99,99,98,73,71,68,68,70,66,64,71,63
52,78,143,127,101,122,124,124,124,125,125,126,126,126,127,126,127,126,127,129,109,114,88,135,136,136,72,136,55,135,48,136,46,136,44,135,115,130,131,131,131,131,118,65,113,70,101,66,82,125,77,60,93,88,108,53,98,98,51,101,61,132,132,173,174,167,158,157,155,133,160,118,99,125,115,140,133,137,145,144,143,139,134,127,125,118,110,99,107,110,126,127,144,152,151,151,129,128,128,128,127,127,127,126,126,126,127,126,125,162,138,125,124,123,123,123,123,123,123,123,122,122,124,90,92,93,154,96,90,91,90,90,96,95,96,96,95,97,99,99,95,94,93,101,114,99,97,99,98,97,99,98,98,98,96,99,97,103,103,102,100,101,97,99,100,96,94,91,85,91,95,76,112,91,91,89,93,15,93,92,92,95,87,94,93,94,95,99,99,99,96,63,60,65,53,58,50,66,56,70
5,60,141,123,98,101,125,125,124,124,125,124,125,126,126,127,127,127,128,111,112,107,88,136,136,134,112,137,90,134,76,135,56,135,44,134,115,131,131,123,131,131,116,63,123,77,116,74,97,126,83,59,93,91,86,57,95,98,47,102,62,96,112,125,120,168,126,157,155,97,140,124,95,142,52,148,92,72,67,102,96,97,76,55,74,49,63,148,77,134,94,94,109,94,141,91,128,128,128,128,128,127,127,126,126,125,125,125,124,161,138,124,123,123,122,122,122,123,122,122,122,122,122,89,92,94,154,96,90,90,90,90,96,93,96,96,96,95,98,99,96,93,92,98,114,99,96,97,98,95,97,97,97,99,105,98,97,102,103,101,99,101,97,99,99,98,94,92,88,91,92,88,113,83,68,58,56,29,114,119,86,112,79,116,118,119,122,95,114,98,97,102,81,118,117,117,118,113,104,117
9,59,135,112,90,95,127,125,124,124,124,124,125,125,125,125,125,124,127,125,111,110,87,133,136,136,124,136,113,134,97,134,79,136,71,133,116,135,96,161,89,87,116,57,123,84,127,74,105,124,87,60,90,84,85,52,96,91,51,100,60,97,86,173,169,169,143,154,154,108,141,101,82,114,92,143,115,118,124,138,139,149,151,152,152,155,153,156,154,153,154,153,154,154,131,139,127,127,127,127,127,126,126,125,125,124,125,124,124,162,131,123,123,121,121,121,121,122,79,52,40,92,108,87,92,91,150,96,90,89,90,88,97,95,97,96,94,94,98,97,98,96,91,97,107,99,96,97,97,91,97,97,97,97,114,98,97,97,101,100,99,99,96,97,97,94,90,89,86,115,117,79,106,56,53,51,49,49,50,54,54,57,55,69,82,96,103,104,116,123,118,118,116,115,119,119,116,116,109,119
116,125,129,130,92,93,89,125,123,125,124,124,125,124,125,125,125,125,126,130,116,108,89,133,136,135,130,137,126,136,124,135,120,136,119,131,115,66,156,94,109,115,109,56,123,79,126,81,107,125,86,63,89,84,85,51,96,78,55,98,56,104,94,135,100,169,148,153,155,107,120,71,77,114,66,150,72,52,96,117,94,95,96,110,101,61,69,150,85,122,77,83,133,101,138,92,126,127,126,125,126,126,126,124,124,125,124,123,124,157,154,144,128,121,121,121,121,122,73,75,82,125,154,89,82,85,144,88,79,85,87,88,89,90,88,89,101,94,104,93,139,104,136,164,115,102,102,112,103,85,92,89,88,88,112,97,97,132,130,120,102,106,93,96,105,128,93,103,105,170,165,114,114,113,112,116,118,110,118,116,117,116,116,116,118,117,119,101,110,112,113,112,113,109,112,111,110,109,105,111
51,55,113,134,67,69,82,125,124,124,122,126,123,124,124,124,124,124,125,129,119,118,105,133,138,139,135,136,131,136,131,136,130,135,130,127,115,102,153,103,121,121,86,50,122,70,125,57,113,121,88,57,95,79,116,36,96,64,55,98,49,78,81,146,121,167,137,142,128,89,106,130,69,87,77,125,79,84,90,126,98,93,102,133,105,114,119,132,129,133,137,135,143,140,134,139,126,126,125,126,125,125,125,123,124,123,122,122,123,158,156,149,149,154,150,151,144,147,151,144,152,146,158,161,164,160,168,166,168,168,167,169,167,163,159,165,162,159,163,165,165,171,161,168,168,169,170,167,169,157,172,170,170,167,160,165,170,170,171,167,169,170,170,172,168,171,169,169,160,158,162,117,110,110,113,115,117,106,112,114,112,115,109,112,114,113,115,101,109,115,111,111,112,111,111,109,112,109,107,108
110,35,94,127,64,73,73,84,95,125,130,142,128,89,123,124,124,123,125,121,120,90,92,130,136,135,131,135,131,135,131,135,130,136,133,122,116,92,146,87,117,138,73,55,123,66,114,55,118,119,101,59,95,67,113,42,93,56,69,98,50,76,73,120,76,170,146,143,139,67,76,112,84,60,88,132,88,99,88,139,55,51,90,147,94,42,28,124,66,55,99,120,139,80,115,95,125,125,124,124,124,123,124,123,122,122,122,122,122,160,158,151,156,154,157,155,152,152,154,154,155,156,157,163,165,157,159,163,163,165,164,166,167,165,158,164,161,157,161,162,161,167,161,162,158,161,162,151,169,159,167,167,167,166,153,158,164,166,165,165,167,165,166,166,166,166,163,163,145,146,117,99,118,85,91,93,93,88,101,100,101,100,88,102,100,102,102,94,104,106,108,110,103,100,104,106,107,107,96,103
123,39,70,111,64,69,67,94,66,78,66,134,91,83,115,116,114,116,118,118,119,90,106,134,136,137,133,135,133,135,133,136,134,136,134,116,115,105,123,111,112,119,69,66,123,61,100,46,119,115,112,65,95,57,114,49,94,47,84,97,56,113,83,125,105,169,134,125,138,81,110,85,86,66,85,136,88,91,77,137,81,80,92,141,90,75,76,125,86,89,88,119,135,87,113,98,124,123,123,122,122,123,123,121,122,122,121,121,120,160,152,85,65,121,121,120,120,122,120,119,118,119,155,86,86,87,79,94,84,92,89,85,80,83,88,86,87,81,85,87,82,80,77,81,88,91,90,91,91,73,90,90,92,91,85,97,97,90,93,91,92,91,91,92,92,92,90,89,85,87,92,89,118,78,83,83,72,57,75,75,72,70,38,90,88,78,75,48,57,59,57,47,49,45,46,48,48,52,46,61
120,80,84,98,60,61,68,103,104,133,133,134,140,130,153,114,129,133,132,119,110,108,114,130,135,136,133,136,132,134,133,135,133,137,134,107,118,110,50,113,40,84,80,92,122,63,91,55,114,109,119,65,59,42,68,48,96,36,90,97,56,102,82,89,105,170,126,127,138,93,109,81,109,38,74,134,91,96,87,138,83,83,87,140,77,82,44,129,64,90,66,115,137,80,112,96,119,118,118,118,118,118,118,118,117,117,118,118,117,155,61,122,116,116,116,116,116,115,115,115,114,115,115,75,81,76,82,82,63,79,79,79,77,78,76,73,79,80,79,78,73,77,69,80,75,78,79,79,77,97,85,72,81,83,78,73,71,62,74,78,85,86,88,74,70,78,86,84,80,84,95,78,120,66,71,66,60,60,66,68,67,68,53,71,72,71,71,35,61,60,61,54,58,53,67,67,59,56,57,61
141,83,84,113,119,84,81,71,99,88,151,101,104,101,132,88,88,137,86,131,111,96,103,131,137,136,133,135,133,135,135,136,134,137,134,101,116,109,68,112,139,141,86,102,118,82,75,40,105,108,120,62,50,38,89,53,95,54,94,88,57,80,88,111,132,170,125,106,141,89,115,70,112,65,87,135,93,107,77,134,89,63,81,136,85,75,73,127,81,96,97,117,136,95,110,111,111,92,103,104,111,105,88,91,89,92,104,86,92,158,129,91,95,93,100,101,100,102,106,98,94,93,91,65,75,64,66,65,54,64,68,67,63,67,66,59,67,68,68,67,63,66,61,75,67,75,72,73,72,120,69,69,72,72,62,69,68,58,70,71,72,74,74,66,62,64,72,69,81,85,88,73,120,56,53,56,56,62,65,65,65,69,64,65,66,67,65,44,60,55,54,54,51,61,54,51,60,58,63,59
137,72,71,75,70,74,67,68,91,117,148,103,71,78,85,93,122,79,94,131,94,74,101,130,138,136,133,136,135,135,135,136,137,137,136,98,116,107,138,133,126,128,92,117,119,104,64,70,85,105,121,61,63,40,107,71,97,68,92,73,47,60,101,132,154,170,122,85,136,105,110,59,122,64,57,133,78,126,56,131,46,96,85,138,108,130,122,126,138,132,143,139,132,127,110,118,102,119,39,81,111,84,121,89,71,62,83,87,86,159,126,88,91,84,84,86,89,93,90,84,84,82,82,57,70,57,51,60,50,55,60,63,66,60,58,51,63,61,62,61,57,55,49,64,58,65,62,66,67,131,63,63,67,68,61,68,62,53,57,64,63,66,64,73,61,61,69,70,86,89,84,70,106,52,47,57,48,64,57,57,65,64,67,66,57,58,60,50,59,56,56,58,54,52,66,58,62,68,68,58
130,58,34,53,55,87,60,82,95,126,144,103,112,122,128,105,128,132,102,128,92,84,107,130,135,134,135,136,135,134,134,135,133,135,134,98,114,106,141,141,140,142,99,123,116,110,49,83,72,105,109,46,92,44,120,56,97,84,86,65,42,41,119,138,159,170,127,68,136,108,124,67,126,72,81,134,85,134,83,132,85,88,96,138,111,129,122,128,124,123,111,118,131,70,109,112,109,120,74,42,80,92,89,72,82,104,106,71,88,159,126,90,83,86,94,84,90,86,82,87,85,84,83,54,70,53,61,58,41,74,58,57,55,55,49,49,57,61,62,59,52,56,48,74,57,69,65,62,62,140,60,58,59,61,65,58,64,48,62,60,62,62,59,58,59,61,61,69,86,90,81,62,94,50,63,47,44,61,55,56,57,60,71,59,62,58,59,52,53,70,66,63,64,45,57,68,67,64,71,53
122,74,47,48,67,84,59,95,73,118,155,119,108,86,106,76,79,92,114,101,104,92,113,131,135,137,135,136,134,134,132,133,132,131,131,99,116,102,97,129,124,141,100,122,112,119,46,106,60,102,102,40,94,45,122,56,99,88,78,57,46,53,127,167,169,171,118,61,139,112,99,57,138,40,53,137,94,150,86,130,133,132,139,131,130,136,101,133,73,91,77,103,135,84,112,118,127,127,97,107,82,68,81,70,86,87,126,77,97,160,131,107,96,95,93,91,95,96,81,89,93,92,96,166,164,163,133,88,93,93,97,99,105,97,100,96,100,99,94,76,45,36,50,67,50,64,61,55,53,144,52,53,60,64,63,63,67,46,54,52,54,61,64,57,62,58,60,65,87,83,77,58,87,46,45,42,42,54,54,56,62,60,94,60,61,56,59,50,52,59,59,70,66,57,49,57,52,53,74,51
127,137,137,62,66,68,66,96,77,135,82,90,86,112,83,131,93,113,118,97,100,139,153,131,136,136,135,132,132,130,128,125,120,114,104,100,114,98,75,95,100,139,111,110,109,121,44,116,54,100,84,50,88,59,120,61,99,90,53,47,43,45,157,151,170,170,135,81,138,132,128,68,141,80,81,134,78,146,89,132,119,118,126,128,109,117,77,125,107,85,56,92,133,75,110,122,58,58,97,65,126,82,128,113,127,46,69,137,99,158,130,90,85,94,104,99,95,103,94,90,82,87,89,160,164,169,166,167,154,169,169,169,169,164,165,167,166,160,165,168,167,162,151,160,162,156,128,115,138,97,148,157,153,148,139,93,91,91,91,86,79,65,59,49,52,55,56,61,86,69,71,44,89,48,42,35,38,55,53,54,56,56,61,63,59,58,50,45,50,53,77,54,55,49,69,65,58,55,71,55
99,128,146,131,131,133,57,68,107,141,87,92,96,90,85,104,120,126,118,129,134,126,124,131,135,134,132,131,127,121,117,107,89,73,54,99,114,116,122,122,135,135,111,99,104,117,44,126,47,102,68,54,47,65,123,71,101,93,41,55,50,64,164,170,170,170,143,67,139,137,95,64,139,43,45,137,102,144,141,129,130,119,77,125,81,139,94,136,85,66,85,93,132,104,112,117,76,76,50,40,124,93,128,115,126,71,83,137,95,161,134,99,100,90,79,103,97,88,94,72,98,158,114,54,75,65,89,107,113,107,93,106,104,103,139,168,166,161,166,166,167,165,157,169,168,167,165,162,166,152,168,161,168,166,163,167,165,157,169,166,167,168,168,168,159,117,91,114,109,107,97,40,70,38,39,40,36,53,52,49,48,53,57,47,48,50,47,48,48,50,51,51,47,44,52,52,47,45,50,56
75,139,148,143,145,121,98,72,116,146,85,86,106,108,119,124,124,124,121,124,123,122,117,131,134,132,130,122,113,97,87,77,65,53,49,96,112,89,89,117,142,85,109,78,106,97,42,128,24,102,48,48,47,77,124,67,102,87,47,72,70,45,168,155,169,169,162,77,136,143,128,76,138,83,82,140,95,137,124,133,126,120,110,124,100,142,103,131,98,36,53,77,127,70,112,122,48,68,77,29,123,41,127,112,123,95,111,137,75,159,130,79,97,73,95,91,83,90,89,173,172,172,141,78,64,66,48,67,47,69,60,60,66,67,70,79,79,76,82,85,67,90,102,127,144,111,94,99,96,133,161,156,160,158,159,162,164,156,164,165,166,163,167,172,165,167,166,161,169,136,121,64,32,55,66,48,54,57,63,63,55,49,56,48,48,49,44,40,43,45,43,48,59,56,50,50,51,56,60,56
88,139,141,100,132,142,140,66,67,66,87,80,103,68,119,126,125,125,123,124,123,121,118,132,135,124,119,110,98,78,59,53,52,54,46,100,113,96,103,77,125,101,105,61,103,87,70,121,53,104,53,52,81,86,122,60,101,80,48,75,84,113,168,170,170,165,165,40,135,140,132,93,136,82,102,141,131,143,126,129,102,119,76,126,89,143,78,137,92,107,125,131,129,135,107,119,82,113,63,45,122,85,126,116,120,102,114,136,86,157,148,126,62,76,97,86,92,84,49,88,174,170,42,57,71,67,39,52,31,61,54,59,68,71,63,65,71,65,73,79,72,69,91,77,66,71,66,57,70,134,68,60,69,83,66,66,89,97,102,98,93,91,102,105,128,124,154,167,151,163,165,98,39,36,64,39,40,46,55,53,55,51,54,46,49,45,45,37,47,47,48,45,57,8,59,59,50,50,71,62
168,124,127,119,155,155,167,72,76,68,88,74,59,79,117,42,51,37,30,46,45,37,54,131,136,118,102,84,63,42,49,48,46,48,40,97,110,62,83,80,118,110,99,40,102,69,59,105,38,99,53,39,98,107,124,115,98,59,54,90,88,41,167,168,154,160,166,82,134,131,123,86,131,83,76,143,112,138,134,126,90,124,70,129,94,144,45,136,79,89,96,52,129,57,111,126,102,111,78,37,121,47,126,113,122,45,111,131,128,158,145,154,131,149,81,73,86,82,93,83,170,169,96,43,68,64,43,55,38,78,76,80,95,71,61,67,71,72,75,73,61,67,99,76,63,66,59,58,57,131,52,59,57,50,41,53,55,90,61,56,46,51,50,54,57,58,51,58,117,156,166,124,51,48,62,55,53,60,56,56,51,47,54,47,49,54,51,50,46,48,48,49,50,11,40,39,43,61,61,34
158,126,127,117,127,140,119,71,64,56,51,72,69,67,100,107,102,69,66,66,66,67,63,130,134,102,82,59,142,69,39,42,43,50,48,97,108,94,58,80,117,104,75,28,99,50,71,85,46,97,45,47,129,94,93,91,85,44,113,81,79,79,168,169,169,154,167,47,137,133,85,67,126,94,92,141,128,122,103,128,90,132,85,132,85,145,113,138,133,122,131,133,138,137,109,123,85,57,94,69,121,36,123,107,117,117,123,147,150,160,149,149,154,151,142,137,138,136,137,129,92,103,131,36,55,63,65,68,40,65,51,58,64,67,59,60,60,65,66,69,57,68,110,81,76,80,68,61,68,122,45,51,46,50,45,52,48,105,60,53,41,50,46,45,50,48,44,61,101,80,161,121,100,109,114,115,115,115,120,120,115,122,117,120,114,90,55,40,43,48,47,51,50,52,45,42,43,43,43,38
145,138,133,122,118,132,168,105,57,50,51,54,24,60,61,95,107,117,69,69,68,68,66,131,132,81,58,36,131,120,113,112,105,109,143,143,122,87,123,84,148,71,90,92,100,52,99,66,70,98,47,106,141,80,137,98,88,150,104,107,103,97,168,168,141,145,170,86,135,127,96,79,128,75,85,141,114,125,124,123,90,138,88,131,94,130,100,137,87,90,101,43,131,82,111,124,87,91,80,88,141,121,117,120,120,118,118,120,120,162,151,150,155,152,154,148,149,145,140,148,142,145,154,92,91,115,99,105,72,55,41,51,55,57,59,52,56,60,79,77,62,73,118,72,76,79,73,58,49,94,44,41,40,43,43,45,45,110,53,49,26,46,44,43,46,49,52,60,95,76,112,120,95,107,106,108,105,111,115,112,111,112,108,114,115,116,114,114,114,117,120,118,117,110,120,122,116,118,117,108
126,127,129,130,128,119,134,82,49,48,58,52,91,59,56,43,58,39,37,36,38,37,42,130,116,106,108,122,136,171,143,136,147,144,147,71,90,92,59,63,65,116,99,47,104,90,152,129,111,132,122,110,118,89,135,92,88,82,111,130,62,58,171,168,170,141,170,49,140,127,105,83,129,62,98,137,116,107,84,132,95,138,83,133,123,146,131,135,134,128,138,139,132,107,106,126,133,130,161,169,143,129,145,150,151,148,114,117,119,159,151,60,127,173,148,147,148,147,145,150,153,151,156,165,161,165,166,170,145,165,161,159,93,93,96,99,108,68,65,69,38,59,114,64,54,60,59,55,50,49,41,38,39,40,51,40,41,106,54,86,18,51,59,72,73,74,67,74,90,78,76,90,54,95,107,112,108,106,109,107,110,109,105,110,111,109,109,106,110,107,108,106,107,104,112,112,111,107,107,105
135,132,134,129,125,126,131,49,75,50,43,48,66,60,53,56,64,67,67,65,67,123,138,139,141,142,116,137,133,153,121,120,126,98,99,70,64,59,67,101,98,112,100,54,105,128,133,133,138,132,101,141,134,140,129,135,115,82,76,61,67,70,169,128,91,134,171,85,138,122,89,81,130,71,85,135,117,91,87,128,101,137,75,135,70,117,75,139,84,85,47,48,129,84,113,121,112,50,62,118,131,85,83,81,80,78,146,146,119,160,133,151,145,143,98,165,173,175,170,144,146,142,155,83,110,107,105,170,149,166,168,167,159,165,166,165,168,165,163,167,132,95,111,159,162,90,87,42,43,42,49,54,38,70,67,71,78,100,53,53,19,54,49,54,52,56,46,64,77,72,82,54,43,34,60,59,64,57,58,55,72,65,57,52,98,105,102,110,100,105,103,105,102,100,106,110,105,102,99,102
136,136,138,137,137,137,139,56,81,61,39,57,57,63,59,51,69,46,119,129,109,140,136,142,138,143,133,141,117,110,133,130,129,112,117,125,118,113,122,135,137,128,120,123,103,158,139,139,138,160,124,94,93,93,90,100,110,104,123,126,109,91,170,170,170,132,171,64,139,126,80,36,132,58,116,132,107,74,81,139,87,133,112,135,135,138,133,139,138,133,123,86,129,80,108,125,124,72,60,92,122,81,82,81,80,74,98,109,110,163,130,152,156,161,173,163,172,169,89,127,67,91,127,63,67,61,56,60,108,74,56,95,110,109,100,169,162,163,163,164,163,162,166,164,165,164,170,163,167,122,118,126,86,87,88,90,43,87,59,75,52,57,87,80,60,61,49,63,72,76,76,61,44,53,58,19,28,37,39,41,41,39,55,57,51,52,59,54,57,56,56,51,64,64,72,63,71,107,83,105
139,126,126,134,135,136,138,61,74,71,79,54,58,83,72,119,57,61,159,90,100,116,121,124,129,126,128,128,120,131,129,130,140,127,122,92,78,99,6,17,110,133,116,116,116,162,144,173,82,123,166,97,99,114,115,105,93,106,117,93,83,109,169,120,116,133,172,77,138,122,82,76,131,72,82,128,127,64,75,132,88,125,93,134,90,110,69,143,101,53,62,35,132,82,113,120,124,79,76,49,117,80,78,80,81,76,96,104,94,164,133,152,153,114,149,167,170,160,162,126,128,127,126,68,64,61,56,58,110,63,39,55,60,75,61,58,54,68,52,100,110,107,107,166,164,161,165,159,169,166,164,163,165,168,165,159,164,162,111,111,91,86,87,87,88,70,60,65,71,78,79,66,43,96,53,52,37,35,39,39,42,48,49,46,48,39,13,27,17,57,41,41,41,54,33,56,52,56,63,58
128,130,125,136,137,137,140,55,50,46,93,87,82,63,77,64,66,81,138,138,136,136,118,44,58,131,40,42,132,47,64,133,59,139,137,59,76,78,91,102,90,84,131,101,98,90,96,101,140,169,171,173,97,98,97,94,94,94,93,94,87,104,168,171,170,134,171,86,136,125,78,87,133,36,117,135,120,60,94,139,84,134,135,137,134,128,135,141,132,81,62,78,130,89,111,126,125,78,76,86,70,96,80,67,74,91,93,98,90,163,139,152,159,162,172,168,172,167,104,123,82,84,128,69,63,54,60,54,106,61,32,59,61,57,58,56,55,76,37,41,43,58,58,64,56,64,67,105,114,107,113,164,161,166,163,165,164,167,164,168,162,169,162,163,161,162,159,132,90,96,100,85,41,113,37,53,42,17,47,39,54,43,37,41,39,39,41,36,51,54,41,45,45,60,31,31,69,51,34,0
128,129,131,132,127,127,136,55,38,75,95,79,55,88,54,55,67,70,142,137,137,139,126,140,134,130,93,66,128,60,78,133,74,140,137,53,75,73,166,152,70,142,124,126,125,125,125,125,124,126,141,121,95,87,111,105,93,152,105,91,87,87,168,113,126,137,116,58,114,122,89,82,134,88,96,127,135,56,75,142,94,98,89,138,86,80,74,147,119,75,64,53,136,127,110,120,107,68,58,74,70,92,62,56,73,78,91,154,140,163,139,153,156,133,114,167,170,166,164,123,126,124,126,78,66,53,57,55,101,66,36,53,58,59,57,56,53,71,44,45,51,58,54,68,60,68,52,55,49,46,61,66,67,56,81,91,88,95,108,161,158,166,166,164,167,169,154,160,158,113,164,125,43,114,46,35,15,49,22,37,49,40,37,44,43,37,36,23,29,48,35,36,48,57,35,42,26,27,20,6
132,129,128,130,135,140,140,65,118,67,92,106,68,57,47,66,49,46,156,134,135,136,114,131,137,129,138,139,129,141,138,125,133,141,137,138,113,76,164,77,151,148,131,133,135,133,136,139,137,136,144,133,134,156,163,174,89,152,104,90,81,61,167,169,156,132,133,133,135,136,108,82,138,51,124,128,139,77,89,145,108,132,135,139,141,132,142,144,119,87,63,82,135,110,114,123,82,70,52,40,71,69,51,51,53,54,64,80,95,164,139,155,160,161,172,169,171,166,106,123,74,83,127,137,163,56,62,55,94,64,51,54,50,58,57,62,48,70,40,47,69,52,54,66,64,66,58,51,51,55,67,72,62,52,64,63,61,52,60,67,104,59,90,98,93,98,95,162,150,168,157,102,41,103,43,57,50,30,47,39,35,33,42,33,37,35,41,44,48,35,32,36,35,58,41,21,2,24,34,9
124,124,131,137,136,140,136,110,71,69,84,71,87,63,56,61,55,65,136,133,136,135,69,74,115,127,72,63,130,96,111,129,133,138,138,138,144,137,154,159,114,154,134,137,136,135,134,134,127,139,146,134,155,136,143,138,146,123,151,145,135,124,170,166,158,137,137,139,136,140,118,81,140,85,125,121,143,86,112,151,112,99,104,142,97,95,45,149,131,96,109,139,140,84,119,121,138,54,53,46,53,68,50,36,83,82,41,76,90,164,135,122,157,83,134,166,170,168,163,124,125,125,126,156,163,167,165,136,92,167,98,47,42,62,48,55,47,63,38,47,83,53,46,72,63,66,58,45,49,55,69,71,64,53,51,62,63,58,57,60,112,54,53,92,59,61,133,133,108,165,110,65,42,94,39,47,39,15,18,8,27,44,45,39,44,28,25,44,43,33,40,37,42,56,52,22,39,42,36,38
138,136,132,136,136,139,138,92,102,98,91,119,94,111,44,45,49,47,138,135,134,135,75,54,124,115,58,81,125,70,51,129,43,138,132,101,140,157,151,160,128,154,135,135,169,135,139,146,145,124,132,125,122,118,108,123,165,159,165,163,145,156,170,165,154,136,136,139,136,139,105,51,144,18,149,131,148,79,96,146,112,134,139,142,144,129,142,140,144,144,147,146,149,150,114,124,70,44,44,47,39,47,88,85,90,52,84,89,97,163,134,84,160,162,173,168,171,166,109,123,87,72,124,127,135,163,167,167,161,164,167,167,166,98,123,165,135,56,34,47,97,45,54,69,65,61,58,45,50,53,69,74,62,53,56,73,78,62,53,57,115,50,51,107,64,59,139,88,78,119,165,65,40,72,45,52,46,38,30,43,35,38,40,48,40,40,37,36,29,24,30,32,25,68,33,29,37,31,23,46
129,130,128,139,137,137,136,109,93,90,103,101,94,77,50,75,93,79,110,93,74,70,85,117,119,120,122,119,122,94,82,102,112,137,124,121,123,133,138,146,158,140,142,140,137,130,146,140,142,145,147,127,147,135,129,142,150,143,145,158,153,134,124,141,132,137,139,140,138,139,142,140,144,146,156,146,146,144,139,142,97,91,88,146,134,108,108,153,146,109,107,108,154,110,146,144,164,62,44,40,48,38,68,60,81,47,92,79,99,162,149,104,160,70,89,163,169,168,165,80,108,107,131,141,92,66,67,95,109,100,155,166,161,161,166,166,168,169,164,97,106,141,91,66,60,51,54,40,48,49,66,72,46,51,51,50,67,59,63,60,116,55,56,115,64,63,138,76,71,82,159,107,39,45,54,53,46,39,39,40,36,39,37,40,34,38,44,10,35,17,17,22,16,63,22,1,3,8,13,56
133,130,131,132,133,136,134,88,91,131,95,86,84,90,75,105,117,122,105,58,88,60,52,136,138,81,91,101,157,140,139,139,134,131,170,128,143,111,100,89,116,133,148,146,136,130,137,142,157,139,153,147,141,140,145,121,146,146,135,141,146,151,154,150,128,147,136,32,10,47,92,85,155,93,129,82,62,62,45,138,132,114,133,126,173,173,129,125,157,162,117,119,124,127,132,156,127,91,68,55,48,108,75,77,68,82,94,96,78,161,151,148,87,125,138,149,155,167,78,86,39,62,133,136,125,67,57,57,30,51,69,62,83,104,103,158,163,163,162,163,168,168,168,166,136,98,162,138,80,41,54,63,47,44,46,49,68,63,66,62,102,55,59,114,69,68,132,74,68,80,118,164,36,34,34,47,25,39,26,47,32,32,40,34,35,18,30,33,27,25,19,21,29,63,28,35,8,26,19,57
125,128,128,132,135,132,132,60,98,100,61,96,82,89,68,79,99,119,136,58,86,54,49,62,113,72,61,77,166,174,133,93,110,134,173,174,130,145,144,143,145,145,152,141,110,117,119,122,119,94,102,109,102,56,108,116,135,126,135,139,134,131,153,157,157,170,149,137,60,81,171,174,175,167,72,42,85,66,108,124,123,127,128,127,122,151,147,105,134,136,139,110,124,57,36,125,141,114,71,52,56,90,84,95,82,58,78,76,76,163,154,153,156,149,146,144,138,139,93,75,91,77,91,137,119,67,54,54,33,58,89,51,48,47,29,43,53,59,90,91,97,164,162,166,166,167,165,166,164,166,98,102,93,94,68,45,49,66,55,45,74,43,52,116,63,59,130,64,63,80,77,159,81,53,78,83,62,62,50,39,13,17,30,19,19,15,24,0,19,23,12,19,1,56,17,1,20,35,34,55
127,130,131,134,132,132,133,54,105,46,52,75,86,88,95,108,100,142,111,97,75,56,52,49,46,54,77,104,170,121,174,131,142,146,175,175,132,145,145,145,145,146,123,158,70,0,91,2,2,2,2,20,2,38,43,126,115,107,125,128,156,144,137,128,141,147,139,167,103,120,94,115,98,76,51,57,51,70,99,144,140,145,149,156,57,67,149,133,45,74,155,113,108,66,119,86,138,123,72,57,84,88,87,64,67,91,94,97,91,163,157,158,157,156,153,151,147,147,143,137,94,82,78,130,103,57,51,48,43,55,115,51,40,47,30,42,39,50,61,41,80,48,63,160,156,97,163,161,160,165,161,166,157,169,167,159,113,119,165,121,73,44,39,99,50,50,123,57,56,79,79,143,87,102,110,115,117,111,41,46,54,53,46,46,51,55,43,9,0,23,13,19,13,52,8,23,44,28,16,56
131,128,128,138,137,134,132,73,101,57,57,72,86,93,93,97,116,128,116,139,97,48,79,108,90,101,75,76,142,174,122,173,128,134,175,173,129,142,146,150,152,153,135,155,140,86,113,132,142,138,156,157,155,141,135,138,134,140,127,139,120,137,135,137,139,142,143,148,124,143,120,114,84,66,63,55,145,144,164,169,68,113,152,159,73,126,152,153,79,130,157,111,106,49,32,92,135,109,52,73,97,94,84,90,69,57,88,65,74,163,157,62,164,140,154,152,153,152,151,149,150,147,154,123,133,63,46,42,36,55,127,68,23,43,1,40,9,56,77,48,73,64,61,70,60,78,69,95,97,122,98,164,158,162,164,158,165,168,165,166,164,156,117,95,107,85,124,105,48,72,76,98,88,104,105,107,109,109,109,111,111,114,115,115,102,43,49,46,56,53,48,48,51,52,43,36,35,36,13,54
126,125,127,134,131,128,129,103,102,48,73,123,117,89,90,94,55,91,103,114,65,79,87,86,89,61,84,121,173,114,174,139,176,129,175,168,131,146,144,116,80,78,79,168,138,151,127,150,135,135,149,153,148,150,164,150,158,154,149,146,150,164,131,136,135,145,141,132,119,125,159,114,99,105,67,53,153,174,144,146,148,93,150,151,133,83,154,151,128,67,158,109,105,73,49,86,129,99,89,98,89,68,65,91,93,92,57,83,75,160,135,41,164,163,172,144,168,130,150,147,154,157,154,150,157,91,94,92,44,49,139,53,16,39,23,48,36,54,105,44,39,49,51,71,71,63,60,110,53,52,56,65,123,89,104,100,138,166,166,168,167,166,165,166,162,160,164,155,111,103,77,136,57,103,103,110,113,110,112,109,113,108,114,106,104,107,105,109,113,113,117,89,37,46,50,46,45,46,44,52
129,129,130,133,127,132,136,86,82,55,45,66,17,114,107,58,117,86,132,99,85,61,82,82,47,63,71,133,127,175,118,175,110,175,176,164,132,143,96,168,137,141,141,132,107,107,113,120,112,110,120,155,149,146,148,149,134,148,150,149,148,149,151,156,107,112,112,118,118,119,120,116,125,133,78,82,157,169,142,149,173,93,149,148,97,79,155,154,77,96,158,91,96,135,93,104,159,107,73,97,64,100,79,85,76,95,83,86,73,161,136,80,164,117,95,148,165,167,161,117,135,148,157,148,165,158,161,164,164,106,108,114,56,48,4,39,32,54,112,46,21,58,33,70,74,56,49,109,45,59,54,61,115,76,60,53,56,80,93,97,104,118,169,161,163,164,156,165,167,148,144,162,41,91,69,64,59,61,114,109,109,109,112,104,104,108,108,109,107,105,112,111,108,103,111,110,117,113,67,45
125,123,124,129,130,130,131,101,89,78,40,86,94,101,85,93,140,95,84,90,80,69,112,78,91,105,107,151,176,123,175,119,174,111,175,160,134,150,123,164,143,145,141,144,147,149,151,150,148,144,152,140,111,106,119,114,113,115,116,114,119,127,118,81,79,74,101,87,143,77,82,86,83,90,80,138,142,129,144,146,145,146,154,98,104,66,106,101,96,98,102,127,100,106,80,92,86,78,79,72,64,74,84,100,98,88,97,76,69,160,136,87,163,162,167,143,168,165,162,117,52,83,124,156,55,111,100,164,168,167,155,168,154,151,126,109,60,43,122,31,0,42,42,51,74,54,44,104,45,46,48,47,99,71,57,61,53,46,56,74,42,43,44,46,100,112,107,139,164,140,146,144,39,109,32,36,31,33,45,68,66,100,54,55,118,114,103,108,108,106,112,111,111,102,106,107,110,107,112,97
89,87,125,93,79,109,95,126,99,86,112,78,90,89,89,84,0,92,83,148,78,74,100,91,86,94,81,159,120,175,132,173,121,174,175,159,134,146,143,172,139,140,142,150,94,110,106,110,112,99,68,76,78,86,86,117,93,99,94,88,89,87,86,86,83,87,79,79,127,116,117,143,145,143,143,146,146,144,96,67,50,156,152,92,97,79,105,96,103,94,100,120,101,74,86,80,88,85,74,65,71,66,63,63,73,84,108,100,78,160,139,76,165,140,96,135,162,165,164,122,70,138,126,132,84,82,56,60,62,110,100,166,153,163,165,166,166,162,87,151,81,42,47,103,75,59,49,91,48,49,69,43,77,62,59,51,51,54,54,61,45,38,40,13,38,36,30,48,57,163,76,47,39,114,13,26,19,20,0,0,13,33,32,41,40,65,42,53,57,53,118,105,101,101,108,101,112,110,114,94
88,82,87,63,83,57,84,86,94,88,78,68,105,94,82,79,89,96,93,106,84,79,96,90,84,66,57,159,174,126,175,124,174,123,175,158,132,150,50,173,143,142,146,151,78,102,87,85,81,82,80,82,92,89,82,123,110,116,101,88,100,95,94,95,92,84,78,79,81,86,124,91,2,2,2,2,2,2,70,38,57,81,151,137,139,150,88,60,91,80,89,62,66,46,95,67,99,84,59,76,106,47,66,67,62,66,61,58,52,164,141,99,172,173,172,125,168,167,166,124,79,77,126,80,56,55,65,70,76,83,80,44,101,106,98,163,156,166,163,167,168,166,93,94,95,52,51,74,69,47,58,44,65,47,59,40,46,45,51,50,49,43,40,35,38,32,31,37,36,119,58,50,41,116,13,27,17,20,12,19,26,14,13,30,19,19,22,14,35,42,43,60,49,47,82,56,112,103,101,97
56,57,91,91,83,76,71,78,80,56,27,72,46,83,123,81,82,77,94,147,84,93,74,51,68,84,100,160,129,174,144,173,145,170,175,159,132,145,142,172,145,145,151,132,68,79,83,90,87,85,86,80,90,86,83,104,113,147,126,80,81,87,106,88,88,97,82,81,82,81,83,150,97,29,32,64,91,95,100,103,113,130,143,138,147,143,137,170,149,110,67,83,65,41,89,90,81,78,63,92,85,60,43,49,45,31,53,100,105,164,141,72,111,88,91,144,169,171,172,126,92,78,147,148,48,55,55,55,43,48,69,68,101,51,73,58,88,106,93,164,167,162,168,165,169,170,104,154,88,71,55,63,44,76,58,47,46,41,46,49,52,46,41,25,40,44,36,37,40,66,129,51,35,114,16,4,2,2,2,0,0,0,0,13,9,21,22,23,46,31,43,56,73,81,75,70,46,49,55,51
73,82,80,78,68,73,68,71,83,68,150,156,135,36,86,82,80,84,86,89,97,71,71,86,83,73,81,169,175,151,174,134,170,173,171,157,134,148,63,171,143,143,139,163,133,104,106,69,62,132,144,133,144,98,99,95,99,100,104,118,114,81,83,85,93,93,88,83,92,89,89,88,90,149,123,104,95,94,98,101,102,100,103,104,106,105,138,144,143,145,170,103,78,98,94,59,80,68,77,56,75,57,29,31,54,34,79,81,98,163,141,73,81,121,167,148,170,174,168,142,76,77,136,90,63,56,57,51,58,59,60,48,106,46,94,69,97,81,86,52,48,108,101,161,162,168,166,169,169,168,104,110,100,73,55,38,50,46,57,55,47,40,43,61,63,55,36,57,39,59,168,58,36,115,2,19,16,2,16,0,15,0,0,19,19,19,0,14,53,35,40,55,76,81,29,43,99,58,58,54
82,63,66,77,66,55,58,50,58,79,128,132,85,77,87,90,78,86,76,88,92,75,76,62,51,39,85,155,122,175,163,175,173,148,175,156,137,144,143,170,142,135,133,126,123,168,103,139,142,141,138,146,145,118,116,101,95,95,97,128,151,133,121,102,90,85,96,94,82,85,83,85,86,85,137,143,107,110,113,120,94,93,99,100,99,100,101,103,108,120,138,138,132,138,133,150,172,109,74,62,37,61,3,33,53,46,83,80,101,160,137,66,72,62,133,171,170,167,170,146,86,82,134,144,94,86,70,57,54,60,59,52,108,40,102,55,108,44,56,40,37,43,106,64,54,115,108,159,162,168,169,170,164,163,145,89,140,88,47,57,56,67,37,32,45,41,40,32,36,54,154,48,32,115,2,14,2,2,2,0,27,2,2,19,16,0,13,3,59,35,37,44,80,87,71,68,69,62,60,57
32,82,80,51,64,50,79,54,69,56,57,153,96,140,92,45,65,165,86,80,81,75,69,117,47,55,77,162,174,83,168,160,148,175,175,158,115,122,109,171,140,140,143,126,128,155,129,142,140,135,147,149,173,135,100,97,95,96,100,96,95,98,146,125,110,86,96,108,109,112,114,117,118,117,108,104,139,140,140,133,116,152,87,90,90,88,91,93,84,79,136,130,134,139,136,138,140,139,36,40,56,56,78,67,15,81,65,97,95,162,146,135,116,74,118,117,114,168,168,156,138,106,86,66,148,167,167,109,107,63,51,46,110,48,120,54,112,57,46,40,36,42,101,71,55,46,79,75,82,101,96,170,166,168,167,170,168,169,169,92,162,109,51,40,49,48,46,45,43,52,104,111,29,114,2,2,2,2,2,0,66,2,2,20,12,0,29,50,57,73,72,103,70,83,67,63,42,58,58,59
44,47,71,49,56,64,46,49,50,55,40,80,91,152,91,86,80,159,86,84,82,54,67,122,55,62,78,165,165,175,163,173,175,88,175,158,132,156,163,171,140,141,130,111,123,141,98,134,140,143,146,146,173,123,141,137,135,101,99,95,101,101,95,111,124,131,135,135,138,114,118,127,131,137,125,83,116,105,105,89,127,129,133,131,140,137,135,141,142,141,127,140,140,142,141,142,112,58,69,85,32,45,58,48,33,58,74,91,69,163,144,154,90,135,149,149,130,112,71,97,66,45,101,76,105,160,167,166,168,169,98,156,85,56,127,51,104,63,40,38,48,42,97,84,52,42,47,39,50,51,52,60,82,98,106,165,166,163,168,169,169,174,171,87,90,92,89,49,52,56,80,154,24,113,2,2,2,2,23,0,63,2,2,2,2,16,44,47,78,48,90,73,51,76,33,50,33,61,58,58
49,77,55,53,57,49,49,48,42,53,71,105,88,98,98,96,89,83,127,83,76,63,64,96,72,89,89,166,169,92,166,172,101,175,175,156,144,147,164,171,140,140,119,126,120,131,123,137,142,142,142,138,125,54,169,106,128,108,109,104,101,99,93,90,94,96,153,89,164,85,121,139,134,133,138,138,141,140,140,139,130,141,142,141,144,143,112,27,146,27,32,35,81,143,73,59,78,105,74,17,13,74,49,29,59,41,95,102,74,162,149,150,157,151,149,138,140,125,94,84,51,69,111,125,85,59,57,102,158,169,165,167,161,148,101,92,99,47,21,39,38,34,92,91,53,46,43,47,50,57,48,48,43,55,56,53,61,100,90,164,166,168,168,166,169,172,172,125,115,85,89,152,5,112,16,2,2,2,16,0,28,2,2,3,2,16,46,46,78,52,48,48,46,80,56,55,64,61,59,59
49,50,45,42,49,55,74,102,98,96,85,98,128,87,121,89,99,82,137,133,71,70,61,145,72,118,98,127,169,175,163,162,175,90,175,152,130,144,169,171,137,134,99,161,126,127,159,140,142,141,142,141,112,89,165,130,173,113,91,101,113,143,130,136,135,134,134,134,143,139,141,125,144,144,141,141,141,73,63,18,26,28,2,145,2,13,5,54,144,51,59,63,68,140,83,95,137,136,59,0,45,79,67,19,50,47,97,88,75,163,152,155,154,159,150,146,145,136,80,91,88,102,101,128,80,33,66,60,56,51,105,124,160,168,166,166,166,102,148,37,42,35,79,101,53,42,49,48,44,40,41,55,54,57,52,44,46,60,54,74,65,129,92,165,165,168,170,166,171,106,141,113,93,105,102,77,43,0,36,2,17,2,2,2,2,16,21,59,77,54,54,51,49,50,41,46,49,62,47,63
24,47,61,55,57,79,94,79,83,52,64,63,68,98,95,89,87,88,82,152,98,55,74,74,123,122,83,137,136,121,171,174,91,175,175,145,144,140,172,172,137,137,93,88,161,127,148,140,141,142,142,141,136,130,170,123,173,171,138,136,136,127,136,139,139,139,137,118,137,76,78,70,65,157,60,68,75,67,99,45,52,55,58,162,68,84,88,139,133,140,142,138,141,129,63,80,69,74,84,63,27,25,2,0,34,2,74,85,42,162,153,50,151,161,155,152,149,148,149,126,84,97,96,103,63,15,60,45,60,66,57,68,84,104,105,165,163,167,165,168,91,91,89,103,48,25,56,51,46,40,33,40,35,47,43,37,67,70,57,52,51,52,52,58,57,101,93,152,159,164,141,127,122,118,102,117,49,59,86,101,43,2,2,2,22,0,16,42,84,5,60,48,53,53,43,47,50,54,45,41
65,110,78,75,55,62,63,62,85,39,73,91,61,96,97,97,92,83,83,105,101,75,70,73,69,128,140,105,167,175,156,140,175,100,174,139,129,146,170,171,136,137,137,110,118,142,167,140,140,141,141,139,120,30,172,130,120,153,122,119,49,38,26,139,11,2,27,34,135,83,55,58,59,159,57,71,81,105,137,134,136,133,138,136,35,17,14,2,137,16,21,27,20,141,61,63,73,154,63,29,66,87,105,101,105,97,76,77,49,156,120,102,84,79,89,157,154,152,155,154,143,143,117,156,60,24,18,42,60,52,63,63,76,61,74,61,103,112,164,164,164,164,164,150,135,128,53,52,49,42,26,41,40,71,42,44,41,52,46,40,46,40,56,52,49,37,36,57,66,166,82,91,122,118,103,109,105,111,99,111,48,49,120,47,48,39,16,46,90,27,7,50,59,53,42,43,47,47,45,42
77,64,57,88,68,51,105,92,84,100,88,95,56,60,72,96,71,82,90,124,123,77,76,73,61,91,76,123,168,148,173,176,87,173,174,138,143,140,172,172,137,133,99,23,122,127,167,141,141,142,136,134,128,132,165,128,123,153,134,123,61,67,62,138,59,68,81,84,136,117,138,141,139,140,144,83,17,2,120,2,2,30,2,164,26,53,55,57,135,54,74,83,88,131,136,138,139,137,75,76,95,73,59,59,44,75,88,113,103,162,134,36,72,79,104,110,105,133,153,158,149,153,153,166,55,12,26,32,31,37,57,63,61,57,54,68,54,56,45,99,108,163,164,163,168,165,168,93,162,61,36,51,54,48,47,68,41,57,41,32,45,46,38,38,42,38,53,51,50,102,56,88,49,118,104,109,108,108,100,108,108,111,114,113,78,47,51,40,84,47,0,33,55,48,29,53,42,42,46,47
75,71,68,73,42,93,83,89,70,81,82,62,38,54,58,87,87,80,127,132,115,85,77,79,76,68,143,152,160,172,150,110,173,168,175,136,125,143,172,172,135,129,159,132,111,125,171,138,140,136,134,139,121,162,154,128,169,166,128,100,121,138,135,136,136,137,81,18,138,18,2,2,2,158,9,9,47,52,155,46,57,60,72,165,65,132,141,142,139,144,126,31,36,136,50,83,106,100,56,64,50,51,40,58,83,103,75,71,85,163,139,131,107,99,106,120,109,117,87,80,151,154,157,165,165,107,137,29,23,35,17,35,50,23,53,54,49,58,51,56,56,58,70,107,157,167,163,168,164,164,93,165,105,61,47,77,46,63,47,33,35,37,43,39,23,35,48,47,57,70,73,88,75,109,35,64,113,108,109,106,105,109,108,106,108,112,113,111,106,39,41,99,50,43,38,49,42,26,46,48
16,23,119,112,89,86,81,60,74,52,69,46,55,62,55,65,72,110,128,142,142,112,80,84,85,86,153,152,156,170,117,174,100,160,175,139,149,138,173,172,136,135,99,157,124,113,172,138,139,132,139,139,121,23,153,130,112,169,122,121,49,35,19,136,2,2,45,38,137,50,59,64,69,157,90,89,105,138,143,139,137,137,36,137,2,2,2,2,130,21,16,57,59,138,69,72,70,160,47,45,45,54,58,64,56,70,43,57,75,163,145,138,103,105,101,0,106,94,73,77,123,124,132,164,167,167,169,164,96,91,37,32,0,21,22,36,51,48,67,58,60,62,45,113,53,63,101,123,161,164,166,166,163,156,93,100,52,62,55,43,42,42,43,40,32,53,38,52,55,64,145,87,73,118,37,38,61,78,48,85,109,103,104,108,105,108,110,108,101,111,110,110,112,25,49,95,112,77,42,12
122,125,117,79,71,70,79,56,81,65,49,59,71,74,34,47,119,130,119,131,153,130,86,90,130,85,88,154,155,164,117,103,173,175,174,137,145,128,172,173,136,132,100,38,141,122,172,134,135,138,139,139,171,119,139,130,120,171,123,62,111,66,66,127,70,82,86,113,133,139,135,141,145,140,53,9,4,2,154,17,2,31,17,166,46,52,57,64,133,81,89,130,138,139,138,137,67,51,22,40,58,38,52,59,49,50,52,38,38,163,144,94,76,97,104,92,170,79,99,73,87,85,109,163,50,112,169,161,166,168,156,148,6,23,12,36,34,28,40,29,47,43,63,115,75,78,61,52,51,114,95,167,169,164,164,153,164,88,144,113,62,42,60,56,64,49,39,43,54,59,165,88,65,116,28,53,50,57,57,54,71,76,60,74,105,101,109,103,101,105,108,106,103,104,105,107,114,92,44,39
111,114,106,66,74,82,105,88,100,91,67,83,77,43,53,133,137,138,134,135,154,130,99,84,87,89,93,147,154,157,161,174,157,103,175,141,125,139,169,173,136,135,155,134,117,137,172,133,138,137,139,137,102,57,125,127,168,171,116,78,131,138,138,139,138,102,22,7,137,2,2,2,2,146,26,63,90,52,161,56,76,89,116,147,141,139,137,141,136,21,2,27,36,136,60,40,64,135,15,46,51,6,55,34,56,35,41,48,7,164,143,50,95,105,97,98,87,78,116,95,76,62,74,75,55,44,54,64,108,166,164,166,165,129,97,7,36,10,4,18,18,18,48,123,76,89,75,57,60,51,48,54,130,94,163,156,165,159,167,169,152,102,133,40,50,45,50,50,55,60,136,83,73,116,16,36,35,36,69,62,45,30,33,43,54,90,65,64,98,100,104,101,100,104,105,100,104,106,108,110
87,114,94,118,104,100,93,113,88,89,99,86,28,46,49,59,106,117,136,145,138,144,111,84,87,85,93,102,136,157,157,144,157,175,174,139,141,140,171,172,136,128,106,32,120,122,173,133,136,133,137,141,106,46,114,136,127,172,120,121,51,38,27,107,16,2,36,54,138,58,77,77,80,144,98,125,137,137,139,137,105,23,2,155,0,2,2,2,133,55,64,61,70,135,86,94,125,143,0,6,26,42,0,30,35,8,45,33,40,165,148,62,60,93,101,104,94,89,65,66,95,154,107,64,46,31,45,52,51,51,112,122,164,157,163,167,137,113,5,2,44,46,5,134,61,134,75,62,52,67,50,55,50,59,64,125,97,138,165,171,168,164,166,170,92,159,81,47,56,65,93,66,74,115,16,22,25,34,73,47,70,0,24,66,33,19,59,19,77,43,42,61,99,98,104,99,103,105,102,101
63,83,84,88,66,95,88,88,98,92,86,94,97,89,34,63,104,112,115,113,125,145,129,86,85,84,114,86,122,112,143,140,89,105,174,142,133,125,170,171,135,139,164,132,116,127,172,135,136,134,138,138,171,134,122,126,139,168,72,102,124,69,70,90,79,86,101,136,133,136,137,142,125,141,1,2,2,2,160,18,2,56,55,158,53,65,76,80,137,111,142,139,139,129,76,75,41,87,50,7,17,36,15,36,37,50,17,0,12,163,141,60,60,58,77,56,90,80,89,83,77,96,155,154,43,28,45,42,39,45,42,39,48,99,166,163,167,167,168,127,106,55,43,148,66,110,2,31,30,60,19,56,55,67,56,109,57,50,45,153,110,165,164,168,165,165,164,118,107,79,91,127,91,113,7,32,46,30,78,6,38,26,19,65,13,24,67,17,38,21,29,11,55,41,55,60,98,100,103,104
56,77,79,45,50,108,100,71,81,79,59,68,77,90,88,100,101,97,109,106,103,127,110,94,84,89,88,100,116,107,98,142,128,174,174,137,142,139,170,170,136,138,122,140,122,135,171,136,135,132,138,136,62,25,125,102,160,163,83,138,136,136,134,138,123,17,2,2,135,2,2,2,2,134,53,61,59,64,160,76,91,121,137,139,140,141,99,23,137,23,21,29,31,133,63,71,70,154,36,30,46,7,0,46,45,0,17,41,8,158,130,102,58,43,48,59,38,48,51,101,87,73,101,71,46,52,48,71,43,37,31,47,48,41,46,79,122,164,163,164,166,169,147,153,75,109,33,16,30,23,16,2,54,55,61,98,69,55,52,59,22,57,104,103,162,166,162,159,165,107,125,168,155,116,32,28,20,31,88,20,14,24,11,70,28,18,39,2,8,11,28,25,40,50,0,47,52,51,46,62
64,75,45,84,101,86,76,77,56,89,91,90,74,75,60,71,57,121,119,95,98,107,107,89,88,87,104,92,99,136,94,141,148,114,172,139,138,145,168,165,137,138,120,118,131,113,173,137,139,135,137,135,125,132,112,136,132,165,127,129,50,37,34,39,2,35,58,60,135,63,80,94,92,134,130,148,138,136,140,56,13,25,2,149,2,2,14,56,136,58,70,80,85,133,109,139,137,137,0,8,0,31,30,48,23,20,3,22,32,156,127,134,97,125,26,49,20,32,23,64,54,75,79,80,91,44,48,45,47,44,1,50,65,43,44,46,51,58,119,113,163,161,167,169,150,89,72,32,23,2,13,18,3,18,55,83,46,68,54,53,2,62,43,31,46,113,101,158,161,162,119,161,151,116,34,18,30,2,81,2,2,13,20,67,5,18,37,27,7,31,25,22,39,40,0,50,45,39,50,32
70,59,98,72,102,75,76,60,60,52,71,82,95,85,66,100,49,73,89,97,105,105,112,102,84,86,89,92,100,106,108,118,137,139,99,140,145,172,168,160,137,135,134,134,123,121,171,138,138,136,132,140,87,133,120,120,137,154,65,118,123,76,73,66,79,85,128,137,135,135,140,124,25,138,2,2,2,2,150,30,50,52,61,148,67,84,100,135,135,137,139,137,37,125,58,52,68,111,29,14,29,7,2,33,47,30,0,20,2,160,126,153,151,82,132,130,128,131,102,82,97,106,143,115,158,157,155,72,50,47,48,77,48,48,52,55,50,59,52,54,59,98,163,172,160,163,168,112,99,36,43,15,16,20,2,79,38,27,21,63,2,76,40,35,41,42,43,53,76,158,84,116,56,120,23,25,2,7,92,2,2,16,16,64,2,16,31,36,39,46,37,42,35,35,0,45,47,34,11,14
71,42,92,43,52,97,93,77,88,73,70,99,63,63,70,81,63,68,100,91,161,103,124,110,107,80,89,83,92,103,135,129,160,150,146,105,96,151,171,149,128,135,116,40,119,100,173,137,139,131,136,139,77,15,117,126,145,142,75,132,133,135,138,132,46,11,22,2,137,2,2,2,50,138,55,63,108,70,148,94,135,139,135,138,115,14,11,2,138,17,30,26,59,124,64,71,69,155,41,33,6,37,2,46,21,34,3,41,2,163,134,155,153,148,148,131,133,136,68,64,91,102,107,112,120,160,163,160,124,88,40,49,52,43,59,71,47,59,54,47,47,45,67,167,100,161,166,168,165,168,106,97,14,43,9,65,3,19,30,51,19,70,40,37,41,41,42,40,49,105,75,81,85,120,18,5,2,2,76,2,2,2,2,71,11,15,20,34,17,47,28,26,21,59,0,53,51,34,20,27
41,46,57,80,46,74,74,105,88,53,50,77,49,59,63,61,72,90,97,122,103,136,148,134,75,151,102,166,80,117,139,87,137,144,166,131,81,73,171,143,139,136,165,131,159,123,171,137,129,138,138,142,134,127,117,128,133,136,124,60,36,17,5,15,21,53,54,58,135,67,83,93,114,142,141,139,141,132,139,21,12,42,2,131,2,47,55,65,133,70,82,90,134,137,134,137,131,48,45,51,47,2,2,2,2,37,2,38,38,161,133,149,154,155,147,149,150,124,66,87,91,108,108,109,72,91,104,159,156,154,164,164,57,72,69,83,57,64,54,49,49,45,72,166,58,57,107,102,157,164,157,169,167,100,151,53,29,16,16,37,57,73,35,34,36,41,41,43,47,101,77,86,116,101,64,35,6,18,74,2,2,2,26,73,2,17,5,35,3,0,72,42,28,33,18,54,53,51,3,16
49,40,70,90,85,47,59,81,60,70,46,55,51,60,64,71,85,88,104,129,141,140,109,83,74,89,82,93,95,104,92,94,96,85,148,75,80,71,170,137,140,136,64,140,43,134,171,133,135,139,138,136,55,139,124,130,135,126,90,120,123,76,76,68,86,110,133,139,133,137,117,15,2,136,2,2,2,2,137,42,54,57,61,130,80,115,140,139,140,137,76,16,30,123,35,44,62,136,60,67,33,62,55,52,14,23,2,77,2,159,137,49,62,150,154,154,151,144,145,92,87,90,97,98,76,100,53,67,105,157,162,159,165,111,101,77,55,66,48,43,39,43,53,166,46,47,57,65,63,119,137,166,165,165,166,161,93,93,15,16,23,41,34,32,37,37,38,38,45,91,96,117,121,90,45,52,109,74,59,2,2,2,2,71,2,2,16,55,2,1,26,33,72,65,19,51,53,33,36,25
48,36,95,53,98,61,88,94,50,65,71,52,53,50,112,115,74,90,88,96,82,80,80,90,89,89,92,97,93,99,94,96,99,165,125,125,102,154,169,135,140,139,171,62,138,123,173,132,137,140,139,138,87,36,134,126,141,127,104,130,133,133,136,91,19,2,41,2,131,2,2,49,66,138,70,82,86,88,140,130,139,138,139,130,19,0,2,2,134,0,34,56,63,122,74,88,109,134,40,29,43,77,71,64,22,16,2,2,22,160,134,46,19,20,23,147,150,152,153,143,133,115,93,87,78,119,76,72,61,73,89,129,159,153,166,141,84,61,57,42,39,41,42,165,45,45,44,58,48,69,114,61,99,166,165,162,157,162,158,97,85,16,37,28,31,25,32,34,41,84,166,105,98,93,99,113,109,69,47,105,102,0,2,61,18,16,2,48,20,0,33,37,22,25,51,36,49,36,40,2
50,79,76,89,83,72,52,49,61,43,67,66,61,38,73,65,78,87,82,93,86,82,72,81,86,86,90,86,90,82,152,90,95,100,92,117,152,93,155,133,135,144,172,169,60,118,171,136,137,139,137,136,174,134,114,134,129,126,68,112,45,30,23,19,49,56,58,63,122,79,92,108,141,145,146,148,135,19,138,17,2,16,2,129,42,50,55,66,135,78,86,136,135,137,133,78,34,76,71,32,94,76,66,62,46,2,2,2,2,160,135,47,3,37,43,38,35,147,156,156,148,152,147,155,78,123,78,77,78,78,76,77,71,105,161,159,163,168,142,81,42,47,40,165,46,44,59,48,45,50,117,57,55,65,107,108,164,161,161,165,164,152,99,108,33,32,29,30,39,83,164,93,54,31,93,111,86,110,109,115,97,53,114,64,39,2,16,37,24,16,52,31,32,56,63,57,60,43,47,32
41,26,48,10,3,52,64,77,71,90,78,75,60,48,25,82,72,80,82,88,76,78,102,158,83,84,157,129,88,113,155,138,94,85,62,120,143,108,101,126,138,141,171,171,119,151,173,136,137,137,136,133,150,161,124,122,140,123,108,122,121,73,72,73,90,138,137,135,139,125,28,2,2,139,2,16,3,61,133,48,61,70,79,134,135,137,135,135,123,2,2,7,18,127,25,66,72,150,28,45,25,54,62,64,61,38,36,29,25,159,143,59,2,2,8,39,18,13,62,149,153,152,149,155,86,117,74,71,76,82,82,81,80,68,56,112,163,161,159,157,103,91,45,167,47,35,44,47,42,46,119,53,45,55,52,54,50,103,99,162,166,162,165,165,123,117,94,30,39,83,114,86,42,32,102,107,107,112,107,110,110,114,119,110,41,107,112,40,32,23,45,30,37,38,83,58,59,42,29,42
24,29,45,117,75,53,79,56,46,50,60,70,49,64,69,4,54,141,75,83,144,95,76,75,82,88,81,84,79,90,97,99,109,74,127,135,133,119,61,65,116,99,169,171,171,65,171,137,136,137,135,133,167,125,156,125,131,128,127,128,136,136,133,37,0,0,36,2,121,3,38,58,65,143,66,77,86,121,137,138,138,136,36,137,18,2,2,2,136,57,63,67,70,125,91,130,131,137,20,18,21,72,84,68,73,62,56,61,48,163,148,82,30,17,2,32,57,45,30,49,53,149,144,161,160,112,45,70,76,79,77,83,86,85,79,78,78,108,145,159,160,163,167,163,62,30,39,46,38,43,102,56,48,55,48,45,43,35,88,56,86,129,163,167,169,165,165,80,88,77,84,102,44,36,107,59,44,63,105,110,110,111,113,107,115,117,114,42,50,41,40,0,0,0,92,60,59,18,28,0
26,2,24,33,88,79,67,76,51,47,50,57,72,78,87,88,77,95,79,65,86,85,84,84,79,88,92,138,81,87,131,80,90,93,124,131,131,137,162,55,99,110,147,170,171,172,172,138,136,137,130,133,172,135,109,133,128,129,104,112,44,5,18,29,49,52,54,63,113,81,91,139,141,147,144,135,27,0,133,16,18,2,46,130,51,68,80,88,135,131,134,134,140,92,5,56,46,144,56,45,18,79,32,78,84,68,55,61,61,162,147,82,54,50,53,42,30,2,22,34,56,72,132,160,157,155,162,139,48,57,78,78,79,74,86,85,84,83,80,65,99,160,163,169,168,103,142,39,13,48,95,54,44,44,46,47,36,44,97,36,37,40,96,111,161,165,168,169,168,157,138,106,110,35,108,3,19,26,60,47,65,108,111,105,110,107,111,116,114,115,42,52,41,39,89,50,56,14,19,18
34,28,23,49,45,54,72,61,29,56,55,61,60,70,101,92,89,89,87,83,87,111,86,83,133,84,91,122,77,75,57,85,96,86,70,133,135,133,96,126,30,93,143,130,169,173,164,137,136,134,135,139,143,90,171,116,130,126,112,118,125,78,74,74,122,134,134,136,135,26,10,2,2,142,2,3,54,57,132,58,82,87,125,135,135,136,132,43,136,31,30,37,42,80,37,10,41,170,37,91,92,50,9,23,54,94,68,65,76,161,147,85,67,73,68,61,56,50,54,69,68,116,133,129,79,126,166,162,164,142,35,69,76,74,92,77,78,83,81,73,58,81,147,157,164,167,167,142,148,50,93,58,45,37,45,42,37,39,99,31,25,11,56,72,38,98,93,161,165,159,126,162,104,39,109,39,35,49,33,37,20,63,46,60,105,109,108,113,107,109,112,113,114,46,49,42,41,45,0,14
23,18,51,80,49,81,39,53,41,82,69,69,58,90,92,94,97,93,81,85,76,78,81,83,82,81,89,90,57,58,20,87,76,81,83,153,154,155,91,148,41,76,126,153,169,162,158,137,135,139,135,142,167,65,172,155,93,129,134,127,134,133,82,2,2,2,2,2,84,43,60,70,75,141,86,90,120,138,139,137,132,28,2,129,2,2,5,80,137,2,30,39,48,74,80,132,133,105,42,45,73,34,25,32,16,18,63,80,56,161,142,77,71,79,81,68,71,71,84,79,105,84,125,107,53,85,64,139,163,166,161,162,47,49,54,73,74,78,78,77,80,74,54,159,101,110,165,159,168,171,100,87,38,41,43,36,40,43,101,19,21,3,38,22,3,32,25,32,108,104,82,168,69,32,111,37,36,28,1,26,32,19,19,20,51,43,66,106,104,108,108,111,111,108,108,110,92,42,44,38
22,37,44,50,76,43,64,49,22,54,84,45,59,58,84,95,94,93,138,88,77,84,83,81,84,74,87,89,142,70,69,84,79,81,80,86,152,152,61,153,155,133,137,140,142,128,163,135,105,127,129,140,161,171,171,170,150,127,121,121,41,28,52,50,61,65,69,75,85,86,135,141,139,141,129,10,0,22,135,21,28,123,134,135,134,135,135,133,137,134,138,133,136,131,88,133,136,76,45,72,64,54,48,26,16,2,15,14,69,155,137,85,56,56,73,74,81,71,93,114,100,75,84,98,55,85,43,32,63,129,163,163,156,157,38,43,50,77,74,65,47,54,50,154,57,59,69,95,166,165,165,170,118,152,31,39,35,35,99,50,24,4,33,27,16,10,34,15,46,111,75,146,48,28,110,22,40,24,6,18,39,10,19,0,0,14,43,52,46,66,107,107,107,108,105,109,110,109,116,101
44,30,28,43,31,38,43,44,38,68,73,71,72,80,76,85,89,95,143,130,77,83,65,80,73,80,88,88,88,75,78,81,84,80,81,82,152,146,143,153,139,152,151,170,159,160,159,158,75,117,131,137,158,169,168,169,171,127,78,133,133,84,91,89,138,133,133,136,52,11,2,2,9,139,38,142,134,136,139,136,139,138,140,124,136,136,136,136,138,134,134,137,120,57,78,74,79,77,76,82,51,46,64,26,24,2,2,16,4,162,133,130,138,58,65,68,95,98,110,108,118,82,91,88,74,98,76,75,70,51,66,105,157,168,162,124,61,54,51,31,33,57,46,149,54,59,51,64,42,131,167,167,168,170,170,91,86,35,100,49,25,6,40,27,3,28,20,21,41,108,74,80,46,33,111,22,23,30,16,25,23,2,13,0,0,2,38,62,48,36,47,43,58,111,97,108,109,107,108,110
44,50,52,49,59,57,68,66,84,67,73,55,75,83,75,133,69,93,123,71,171,167,81,82,78,77,80,86,90,147,79,79,85,81,81,86,81,134,111,120,121,155,135,135,133,139,134,150,72,86,108,130,115,168,169,166,173,122,132,131,131,131,43,0,2,2,2,27,67,147,131,135,136,140,143,142,140,138,139,136,139,133,17,131,135,139,123,11,135,25,26,31,27,76,76,82,66,100,54,45,22,11,76,29,40,25,17,2,16,164,134,139,82,135,127,128,146,142,119,71,92,104,94,117,79,91,81,49,50,61,61,51,62,98,167,161,165,94,80,61,60,33,47,137,54,69,52,66,61,45,57,126,108,165,163,167,165,90,85,36,18,19,36,34,2,33,6,3,35,91,87,81,70,37,110,6,17,0,35,33,15,2,13,0,0,16,21,63,21,13,48,56,49,50,51,61,110,105,107,105
116,48,58,73,84,72,126,132,99,127,102,91,111,46,131,66,96,94,86,157,121,174,80,81,78,77,163,91,93,94,81,80,81,78,80,84,85,85,109,101,105,76,94,98,102,98,94,122,124,130,125,125,124,137,150,164,171,129,2,16,16,40,92,141,127,134,136,134,141,131,136,137,137,143,143,140,6,0,136,2,8,44,53,132,31,36,35,35,135,29,65,121,130,119,71,67,59,76,84,49,33,46,72,86,60,31,73,78,34,166,137,151,153,152,139,139,143,142,138,81,68,119,118,118,91,78,45,26,52,58,60,56,54,52,50,99,165,166,164,105,127,56,59,135,49,52,47,53,42,53,57,54,48,70,106,168,165,169,158,166,82,80,46,33,12,30,2,5,35,60,162,87,108,35,111,2,19,12,12,2,2,2,6,2,0,2,6,67,5,18,45,46,56,41,19,52,43,41,56,109
102,60,78,116,133,125,133,129,78,103,42,91,96,62,58,94,94,92,94,96,167,24,79,83,83,77,77,89,91,93,157,78,80,78,80,81,85,82,123,124,122,169,94,96,100,100,107,101,113,96,126,103,106,96,121,161,169,110,129,132,130,134,131,128,137,134,133,132,139,133,23,2,19,141,60,74,37,126,79,123,136,139,138,133,61,140,133,134,137,103,95,113,98,57,71,84,48,64,56,48,23,20,53,49,58,77,75,66,55,165,139,150,157,156,148,132,139,147,100,88,95,103,118,122,165,100,74,46,46,52,54,47,51,56,57,57,59,92,164,166,164,102,163,117,44,52,48,48,37,48,65,55,50,51,46,45,133,160,158,165,167,160,91,145,18,39,2,18,37,64,166,85,120,30,112,8,34,16,14,2,16,13,2,2,13,16,3,46,15,0,35,52,0,40,46,49,56,17,31,45
117,148,153,152,153,150,93,59,79,103,101,106,108,104,83,101,89,87,97,96,99,106,139,130,71,73,73,80,91,88,161,77,77,77,73,79,96,78,81,102,107,115,142,88,100,92,86,93,85,95,111,129,118,107,105,100,106,104,111,113,130,131,129,132,15,2,2,2,2,23,38,97,62,104,85,111,120,90,52,116,122,130,135,132,134,126,132,134,124,84,53,67,71,80,60,82,90,53,37,59,51,19,32,29,42,60,65,59,58,159,138,126,159,156,157,151,136,58,82,93,97,89,108,115,160,161,166,104,42,45,50,40,46,49,53,60,62,58,56,93,164,165,166,114,167,70,51,47,40,57,52,45,52,52,52,55,83,90,117,91,162,155,164,164,151,139,68,30,38,54,121,75,127,38,111,19,29,16,16,22,2,2,2,2,2,3,2,42,23,12,40,41,0,30,26,22,49,0,47,41
125,153,155,157,117,134,85,100,106,102,105,103,111,122,111,115,111,98,106,119,159,75,76,65,81,78,73,67,86,89,86,75,78,77,77,77,78,80,83,119,123,121,162,60,96,93,115,104,95,130,109,110,129,105,110,89,80,98,16,16,2,2,130,20,36,146,125,134,131,132,137,121,131,116,121,51,50,99,44,62,54,27,16,131,25,63,28,85,64,78,80,45,89,53,44,69,60,46,63,30,20,21,34,16,48,52,30,32,59,164,138,59,53,58,158,152,150,137,117,92,95,93,81,109,50,97,163,159,168,96,43,45,44,50,46,67,63,61,51,50,52,98,167,127,165,155,165,61,53,44,45,49,36,53,58,52,70,86,116,16,51,96,162,157,166,166,165,83,86,43,67,90,82,90,110,39,34,2,15,2,24,2,2,2,2,16,2,35,32,36,23,32,3,0,38,11,58,38,43,33
127,162,157,160,160,142,122,111,109,98,89,102,104,131,102,100,103,93,106,135,146,107,66,74,92,84,90,85,85,94,88,82,79,75,75,76,77,75,80,82,153,115,125,123,101,94,105,93,91,104,101,125,132,107,106,122,107,78,6,104,105,111,108,114,116,130,131,131,131,130,127,125,107,103,69,51,47,57,61,26,29,53,70,140,140,89,91,79,69,67,63,46,74,74,76,42,88,56,63,15,26,34,53,35,38,44,22,33,44,165,143,68,57,80,72,145,156,155,148,138,109,99,90,96,60,76,48,134,159,166,167,92,43,44,41,55,54,57,64,52,62,52,63,80,161,169,162,164,81,42,26,48,50,46,50,57,58,73,104,38,29,58,49,102,138,162,163,150,165,118,124,153,127,91,111,103,48,45,52,9,27,2,2,2,2,2,2,42,15,1,32,32,4,8,38,14,50,0,30,40
127,144,140,152,166,151,150,85,132,81,115,103,108,93,93,95,104,100,92,117,134,104,71,145,72,78,73,74,75,86,91,82,77,75,75,85,76,76,77,78,158,127,122,64,118,126,102,100,94,92,84,116,101,115,102,106,114,82,93,105,104,110,104,113,116,115,116,125,60,38,3,88,90,99,57,23,42,54,51,68,89,65,60,93,85,73,89,79,66,80,52,51,79,40,73,79,68,54,35,46,67,68,75,75,85,78,105,96,83,164,146,87,124,124,81,63,99,153,153,144,139,125,80,92,67,63,53,46,54,89,163,161,159,89,49,60,55,59,52,52,56,45,49,83,55,98,160,163,165,164,85,38,49,26,47,57,58,55,85,30,35,68,33,42,33,98,98,148,161,159,131,95,98,106,112,103,102,111,85,50,105,43,2,2,2,2,2,61,2,1,2,54,16,0,33,3,46,13,19,19
155,159,162,155,140,154,155,88,135,112,102,121,96,108,110,75,85,107,108,114,108,58,71,71,69,81,85,83,81,82,79,79,160,75,75,75,77,75,76,78,79,148,150,172,167,102,111,99,86,88,94,118,115,106,113,107,120,98,71,112,108,113,87,27,16,69,25,14,99,77,25,77,127,79,42,38,54,68,88,87,74,69,45,67,82,63,59,60,64,55,48,40,73,19,9,81,82,29,59,69,64,66,79,84,80,83,100,101,121,166,151,102,120,124,79,91,97,81,121,148,153,147,134,151,68,67,67,69,53,70,54,132,158,159,162,89,51,58,58,59,48,43,52,80,56,56,67,98,163,164,166,166,133,67,41,46,55,63,75,34,38,78,49,56,16,39,42,57,97,153,111,155,73,51,109,103,104,111,112,111,113,49,86,45,0,2,5,51,13,22,2,0,52,4,29,16,47,1,0,35
101,130,111,99,124,136,158,89,142,77,95,123,108,97,125,86,109,110,98,114,115,157,112,77,89,74,79,82,81,75,78,78,116,78,75,76,129,77,76,79,77,125,127,32,116,158,110,102,97,91,81,87,86,106,114,110,112,96,104,70,121,2,102,2,2,39,77,51,52,59,106,111,121,75,59,74,63,90,99,31,60,18,64,58,47,53,30,36,67,21,79,14,17,15,20,79,81,53,71,74,106,92,94,99,117,97,70,97,81,164,151,104,116,90,88,101,86,95,81,95,152,150,142,156,68,68,73,66,70,81,77,68,90,163,160,154,132,85,46,58,54,22,40,78,45,54,63,65,46,100,157,163,167,166,100,80,46,61,54,42,43,92,49,53,42,44,46,56,38,60,76,171,64,54,104,58,110,107,107,108,109,110,112,99,47,80,40,38,34,1,1,0,25,61,54,49,51,1,0,0
98,139,86,88,86,49,129,94,132,112,110,108,112,92,126,80,119,114,96,105,124,126,75,65,70,114,79,78,76,134,78,79,74,153,75,73,74,70,73,74,77,72,155,32,140,157,73,100,100,98,90,91,136,92,83,112,109,104,94,74,76,120,108,111,97,60,50,80,36,47,68,56,61,57,66,81,78,80,65,97,48,56,24,36,50,43,41,46,63,54,2,63,100,60,96,66,48,31,89,95,94,92,101,89,107,97,66,86,46,163,150,94,98,89,60,102,58,40,70,73,77,93,146,157,93,85,69,62,61,59,70,61,56,61,151,158,159,165,96,91,52,16,35,80,49,45,60,51,37,55,61,98,162,167,168,167,86,86,66,45,46,95,43,42,69,43,47,73,48,53,69,147,63,52,115,5,62,46,100,105,112,109,108,110,105,101,47,119,57,5,16,0,29,29,41,14,58,39,29,0
64,41,71,115,112,70,109,102,130,94,120,104,126,113,93,119,96,103,109,110,113,126,125,78,66,65,81,76,78,72,74,78,74,164,80,76,74,162,76,75,77,77,65,137,126,113,164,83,77,105,100,81,90,106,104,103,109,111,118,111,87,80,64,76,93,68,22,48,47,28,30,44,50,52,56,82,80,92,122,96,21,39,62,45,79,69,43,28,13,48,97,69,58,116,123,136,130,125,121,98,94,81,95,76,78,72,46,29,84,163,151,91,78,75,63,63,86,69,86,82,66,102,78,151,165,161,159,53,60,38,42,59,64,62,59,54,133,158,162,168,91,90,41,84,39,46,50,54,39,44,55,59,63,103,164,160,165,162,78,163,41,107,42,41,76,43,40,94,42,50,76,74,71,46,113,19,35,30,54,57,75,114,109,112,105,104,110,109,108,49,40,43,24,26,42,9,62,38,43,1
41,67,78,39,69,75,124,102,115,105,117,110,112,110,101,102,102,117,85,110,116,119,157,128,91,60,75,82,80,78,75,78,78,75,76,89,74,75,77,75,75,78,71,140,129,123,111,148,94,101,80,93,90,105,74,118,99,119,115,132,101,105,83,27,41,36,3,10,2,31,3,44,54,57,58,52,93,135,40,97,3,2,16,45,41,39,67,55,103,118,119,117,122,115,115,106,110,106,112,108,125,121,115,62,113,36,75,123,114,159,143,83,91,75,72,75,113,73,93,83,73,54,45,37,99,165,156,163,149,55,52,60,67,79,76,63,77,48,119,165,168,164,102,83,38,42,47,53,31,34,51,56,47,43,63,101,161,159,160,158,96,112,32,43,83,49,46,108,46,45,158,66,71,51,113,21,21,36,46,21,52,59,66,105,111,111,117,115,112,101,108,41,46,43,32,13,59,22,37,39
40,81,91,81,102,78,129,81,123,105,109,101,109,113,95,86,74,111,119,88,111,114,157,66,122,123,151,77,80,79,76,77,76,75,106,95,77,77,167,75,77,82,72,39,146,152,141,167,73,101,67,95,81,84,113,94,121,107,127,114,125,114,73,95,17,2,11,13,2,2,2,36,54,51,46,64,44,126,57,107,2,53,42,16,51,110,82,85,125,120,124,129,113,110,114,109,108,115,108,108,107,114,112,115,110,116,112,111,111,157,133,111,115,94,58,79,57,50,46,94,62,74,58,56,51,66,103,158,169,95,61,64,69,73,77,102,101,41,38,56,97,164,165,120,91,49,37,55,31,40,42,55,43,31,57,54,46,110,160,163,162,153,132,118,86,48,47,123,48,48,161,89,84,51,114,24,20,15,11,23,30,31,10,49,73,60,113,115,114,106,104,107,114,111,83,63,41,0,37,34
79,128,120,129,121,128,144,78,119,103,126,127,125,103,101,79,94,114,116,92,107,113,124,74,73,137,107,75,79,137,74,72,78,77,84,100,96,72,74,76,75,74,74,74,156,129,123,111,162,96,51,105,94,91,90,95,103,120,104,107,100,85,121,69,108,45,50,47,48,42,59,48,25,42,42,41,100,88,58,108,13,0,28,75,87,80,119,102,125,132,127,127,120,110,105,111,109,110,108,108,106,110,110,113,111,108,112,106,115,157,133,134,80,130,140,72,50,51,49,82,41,55,58,79,52,68,72,101,166,167,164,156,63,68,72,60,59,33,35,48,45,67,125,114,167,167,85,40,6,43,40,57,41,28,50,41,44,50,51,95,160,157,157,160,157,160,45,120,50,51,120,81,139,52,115,40,21,21,25,21,23,13,19,13,8,21,98,67,113,109,111,110,106,112,104,106,38,66,41,30
143,122,121,127,118,132,162,95,118,112,120,125,122,91,125,118,83,104,101,117,110,121,112,69,60,105,136,77,78,70,71,66,74,73,72,169,85,79,76,167,76,78,74,71,68,126,127,117,112,104,43,93,94,110,88,107,77,110,96,115,108,112,95,96,75,122,66,72,72,66,63,66,55,41,56,51,82,51,29,95,46,73,115,113,125,125,101,132,126,118,132,122,106,110,110,108,108,112,112,111,105,105,110,111,112,106,105,109,105,160,136,141,144,77,124,124,133,120,117,82,125,109,141,76,33,64,68,85,71,98,163,161,162,155,69,64,55,53,36,39,58,53,52,81,153,161,165,170,96,35,33,45,43,33,49,50,45,49,46,50,50,101,149,163,160,164,165,99,66,56,63,76,168,51,114,52,27,34,26,16,26,26,28,26,28,25,6,44,70,43,94,109,110,107,107,104,98,111,110,47
95,127,113,134,118,131,162,95,121,120,121,117,107,116,114,93,104,98,107,95,104,127,124,153,69,121,124,154,78,73,78,86,68,73,75,169,85,76,72,71,72,73,74,73,69,138,147,150,139,165,34,111,100,94,91,100,122,73,107,89,126,103,109,123,99,79,122,63,64,61,59,60,49,67,51,50,62,78,77,82,57,71,89,96,122,128,122,118,104,115,87,120,111,109,109,104,112,110,111,114,113,111,113,112,118,111,114,114,106,161,136,145,153,153,73,138,137,137,134,84,96,95,94,116,0,59,60,86,71,67,70,126,165,162,100,71,70,57,48,72,51,55,56,80,58,97,166,165,165,164,99,45,45,29,52,57,48,50,46,45,49,80,68,98,124,164,164,157,161,87,89,120,165,52,115,60,48,35,42,36,37,32,35,39,35,45,35,42,40,50,40,57,87,114,106,109,111,113,113,109
93,109,115,130,115,121,162,86,120,154,131,115,99,110,107,139,104,98,104,117,108,121,112,153,69,78,139,112,77,76,73,74,71,74,73,67,106,78,72,75,155,74,72,74,72,60,146,142,123,109,46,104,99,87,89,91,104,145,67,73,106,120,113,129,86,100,83,99,66,64,54,59,67,65,60,68,67,52,59,47,64,83,101,90,101,124,121,102,121,91,98,97,115,112,116,108,111,116,117,115,117,111,114,110,110,107,109,107,110,161,136,146,157,148,137,146,89,132,88,109,103,102,112,120,33,35,47,85,60,55,67,53,107,164,157,163,144,64,60,54,50,56,53,78,52,56,50,147,159,160,169,140,77,31,48,55,54,60,59,55,56,70,64,59,109,100,107,160,166,166,147,135,126,57,115,67,36,45,44,25,45,52,61,54,58,63,65,59,41,51,35,40,0,61,43,102,106,109,114,110
98,95,88,138,115,127,150,80,122,124,118,112,101,105,103,113,103,78,99,109,101,111,110,127,69,123,117,66,76,77,73,73,69,73,73,74,128,75,87,74,76,73,75,73,72,69,70,125,126,118,56,69,95,95,97,92,88,99,83,97,76,109,129,100,125,119,77,75,49,65,53,62,54,59,68,74,69,74,74,32,51,79,88,89,92,90,94,81,71,74,84,80,108,105,106,111,110,113,110,111,112,113,110,102,108,103,108,115,113,158,131,66,121,152,146,143,130,112,67,97,106,80,113,113,167,102,24,87,45,33,65,75,72,57,96,163,162,162,144,63,68,51,69,77,60,57,54,54,58,109,162,166,169,90,96,59,54,61,56,55,58,57,63,56,100,63,66,97,101,162,136,101,136,55,114,64,28,17,41,21,41,57,37,42,46,58,59,54,2,52,33,36,20,26,54,24,94,53,116,110
70,78,78,93,120,99,102,91,112,138,103,110,106,107,126,92,114,95,106,75,98,90,121,117,157,132,93,64,149,78,73,77,74,68,73,72,76,68,76,74,74,110,73,74,70,69,175,175,172,148,35,166,84,95,95,96,91,81,82,110,94,113,116,108,122,93,90,64,98,63,33,61,48,70,75,67,39,46,37,21,42,69,86,87,82,82,75,79,79,81,79,85,112,112,112,113,86,121,120,125,120,120,106,107,111,109,105,103,120,161,136,66,121,105,150,147,143,147,69,90,96,102,101,114,160,163,117,76,65,22,59,52,66,51,50,81,135,169,163,101,108,65,53,77,89,67,61,39,50,50,65,94,169,159,169,90,85,58,59,64,60,59,64,60,86,62,60,80,67,96,90,161,91,90,109,56,29,26,27,11,32,25,21,2,18,19,48,36,24,51,2,46,16,5,40,12,52,48,102,82
7,43,46,50,98,86,81,137,94,132,91,117,100,107,128,130,121,72,97,97,98,104,118,120,164,68,64,69,65,72,74,73,65,69,73,70,70,151,79,75,74,71,71,72,70,69,156,176,175,173,120,111,153,98,96,97,95,76,78,138,94,101,98,121,109,124,100,92,67,115,63,70,67,72,66,70,58,51,18,13,66,82,84,86,82,91,79,84,83,82,84,86,109,119,126,110,114,123,123,120,119,114,109,108,105,108,104,109,110,161,141,73,105,100,108,146,147,150,137,121,84,88,89,101,58,126,161,164,159,25,69,44,59,42,45,71,77,105,163,168,162,94,60,77,102,62,50,48,53,36,48,56,87,102,163,167,171,90,83,68,70,53,64,66,69,61,59,61,64,66,66,165,87,92,119,57,42,9,23,12,19,42,37,37,33,26,23,53,2,50,2,8,61,0,39,11,51,57,29,49
13,31,109,139,83,49,108,151,93,139,106,104,113,111,101,130,90,108,100,114,99,102,114,116,147,34,65,73,100,75,76,72,71,68,68,73,72,146,74,73,72,74,71,75,72,68,43,177,174,172,23,112,169,74,104,106,105,95,92,101,117,64,100,115,126,52,135,64,70,68,122,50,92,82,81,86,115,115,113,104,91,90,94,86,83,72,65,73,75,79,77,86,82,88,124,123,150,106,119,98,100,115,140,102,102,102,105,110,113,161,141,81,106,104,115,116,119,154,149,139,127,66,92,97,36,46,154,158,170,121,34,30,56,34,2,63,73,67,72,95,164,153,162,64,62,62,60,49,61,44,47,54,59,96,123,160,165,160,166,87,66,45,55,60,63,65,64,57,63,69,106,118,73,76,119,92,113,73,45,24,19,20,26,27,17,36,67,66,36,53,2,19,16,27,39,24,47,51,37,17
69,75,81,176,118,169,145,156,88,144,97,115,128,119,41,37,90,91,94,92,108,83,109,106,121,63,159,163,175,172,75,73,73,66,70,71,72,70,164,74,72,74,72,72,71,71,32,168,176,173,167,73,79,165,94,102,103,91,89,95,111,110,108,94,31,68,48,100,82,40,72,123,66,70,76,94,69,52,53,52,47,67,71,82,82,68,75,93,86,102,94,89,111,105,139,133,138,143,143,119,118,116,119,120,121,105,122,110,113,162,138,84,112,115,120,124,121,129,152,148,147,132,131,93,15,69,54,98,148,166,167,144,54,2,2,50,64,60,66,61,86,156,165,110,103,76,67,57,69,45,37,54,56,97,65,63,116,165,167,162,167,87,58,58,62,63,63,50,68,66,164,70,65,45,117,97,105,110,115,75,53,48,62,71,58,72,72,56,32,47,30,26,2,2,2,56,49,51,39,35
61,68,78,104,99,133,150,157,94,121,111,87,51,107,74,76,59,28,84,109,102,106,89,117,102,148,107,161,169,170,75,75,73,67,70,74,74,68,167,73,74,73,74,68,71,69,62,133,176,167,170,87,75,154,123,100,106,92,88,93,95,125,62,99,113,76,55,68,105,104,91,70,155,39,73,40,43,20,2,17,15,33,52,102,61,23,108,117,40,90,76,39,56,74,90,99,85,82,86,82,84,87,82,84,85,82,80,82,78,161,140,97,140,66,82,80,80,79,85,143,145,145,132,153,20,32,46,103,53,148,166,168,132,59,2,41,56,53,55,57,82,109,101,103,166,164,127,56,66,60,52,51,47,95,59,68,59,71,121,162,165,163,164,83,40,64,60,47,68,72,152,64,68,48,118,91,107,110,111,104,111,53,58,47,46,80,84,87,42,45,38,46,16,19,2,16,48,43,39,18
61,66,61,76,75,76,153,142,88,113,104,45,73,75,53,96,63,105,96,101,92,116,105,117,116,142,50,160,162,173,73,74,73,72,69,68,62,68,69,65,74,73,74,73,68,65,78,47,176,175,174,127,68,62,168,77,100,97,95,86,90,98,159,41,78,84,54,83,106,94,99,109,108,65,100,46,40,39,43,45,44,42,151,150,151,42,39,28,50,57,59,62,66,63,71,82,80,80,80,80,74,75,75,79,80,78,76,79,73,160,137,95,65,65,55,72,76,77,75,72,81,149,136,154,4,74,40,108,18,34,39,141,165,166,75,30,28,39,50,42,61,112,91,77,103,165,166,167,131,43,58,55,60,103,61,66,57,62,62,73,114,161,160,167,167,84,54,47,70,68,87,72,66,45,115,57,67,108,113,106,101,110,117,62,50,47,78,89,50,51,39,41,16,12,2,16,50,49,60,14
61,68,69,71,71,72,150,103,105,116,114,81,73,75,58,29,105,113,81,100,126,103,119,111,116,125,48,159,161,175,167,70,74,73,65,66,73,68,71,94,75,73,71,73,70,67,44,131,156,143,152,145,73,63,61,161,100,97,99,89,88,91,107,113,109,99,84,103,103,89,81,82,84,124,49,100,92,83,37,41,135,80,26,44,104,70,45,44,43,47,47,57,57,59,59,65,76,76,77,77,73,74,76,76,80,80,81,45,54,158,138,78,80,77,81,82,82,82,84,87,85,85,143,156,89,46,39,108,25,22,37,54,149,167,164,140,80,12,17,22,58,127,65,78,53,98,163,166,160,129,143,57,56,104,58,56,57,65,62,58,64,71,97,165,169,166,143,75,67,70,70,83,83,43,116,48,79,54,71,107,107,101,114,113,112,45,47,54,49,48,16,47,2,2,2,3,46,52,39,27
80,83,86,84,84,79,140,108,84,109,108,55,135,68,131,103,83,93,108,121,114,128,120,113,121,102,160,141,162,172,172,70,66,64,66,63,82,82,72,109,75,71,73,71,115,68,66,117,100,106,45,105,70,92,76,169,72,101,104,101,98,102,102,96,86,141,86,93,90,85,86,89,89,95,146,41,38,44,40,37,17,83,28,25,44,19,46,48,48,47,47,55,40,103,66,56,74,74,43,70,73,77,75,76,77,78,77,30,14,153,132,107,58,76,83,82,84,63,122,149,82,83,83,153,161,95,33,105,94,24,72,43,55,43,144,167,166,91,8,8,48,118,71,79,65,61,64,91,160,163,166,113,48,101,39,60,53,66,69,60,61,59,60,100,152,164,164,166,89,152,75,76,147,43,116,46,87,84,84,92,59,105,109,113,101,113,117,40,50,44,4,20,52,2,2,2,44,55,21,35
