-2.00,2.00,0.00,1.00,-4.00,1.00,-1.00,3.00,3.00,-3.00,-3.00,2.00,-4.00,1.00,1.00,0.00,0.00,-3.00,0.00,0.00,0.00,0.00,0.00,1.00,-4.00,1.00,0.00,-3.00,1.00,-1.00,2.00,-1.00,-3.00,-2.00,1.00,-3.00,3.00,1.00,-4.00,-1.00,-2.00,1.00,-3.00,-2.00,0.00,0.00,0.00,-2.00,-2.00,0.00,-2.00,1.00,-3.00,0.00,-2.00,-2.00,1.00,-4.00,2.00,-3.00,-3.00,2.00,-4.00,1.00,0.00,0.00,1.00,-3.00,0.00,1.00,-3.00,0.00,-2.00,-3.00,4.00,-4.00,1.00,0.00,-1.00,1.00,1.00,-1.00,-1.00,2.00,-3.00,-2.00,-2.00,1.00,-1.00,-2.00,0.00,1.00,0.00,4.00,1.00,-8.00,3.00,-4.00,-2.00,-1.00,-4.00,-6.00,3.00,-4.00,-2.00,-2.00,1.00,-3.00,-1.00,-2.00,-2.00,-3.00,2.00,-3.00,-2.00,0.00,-2.00,-2.00,0.00,0.00,1.00,-4.00,0.00,-3.00,-2.00,-4.00,-4.00,-4.00,-5.00,0.00,-2.00,-3.00,-3.00,2.00,0.00,-4.00,0.00,5.00,-5.00,5.00,-2.00,3.00,-1.00,1.00,2.00,-1.00,0.00,0.00,1.00,-1.00,-1.00,6.00,-4.00,4.00,-3.00,1.00,-2.00,2.00,-3.00,8.00,-2.00,-1.00,-2.00,-93.00,26.00,16.00,19.00,16.00,-30.00,-22.00,103.00,-62.00,-64.00,-2.00,81.00,-43.00,15.00,9.00,4.00,2.00,-25.00,0.00,3.00,3.00,14.00,32.00,0.00,0.00,-102.00,-152.00,133.00,124.00,-53.00,11.00,2.00,-60.00,-74.00,133.00,63.00,-42.00
6.00,-5.00,1.00,0.00,1.00,-1.00,0.00,-1.00,-2.00,3.00,1.00,0.00,2.00,0.00,1.00,1.00,-1.00,2.00,-2.00,-1.00,0.00,0.00,-1.00,0.00,0.00,-1.00,-2.00,1.00,-1.00,-2.00,2.00,-2.00,1.00,3.00,-1.00,4.00,-3.00,1.00,-1.00,2.00,2.00,-1.00,2.00,2.00,-1.00,-1.00,-2.00,2.00,1.00,-3.00,3.00,-2.00,2.00,-3.00,2.00,2.00,-2.00,0.00,0.00,1.00,1.00,0.00,1.00,0.00,0.00,0.00,0.00,2.00,-2.00,0.00,2.00,-2.00,2.00,2.00,-4.00,2.00,0.00,0.00,-1.00,2.00,2.00,-1.00,-1.00,2.00,2.00,2.00,3.00,0.00,-3.00,4.00,1.00,-4.00,3.00,-1.00,1.00,2.00,0.00,-1.00,0.00,0.00,2.00,1.00,-1.00,-1.00,0.00,2.00,-2.00,0.00,1.00,1.00,1.00,0.00,-1.00,0.00,1.00,-4.00,2.00,1.00,-2.00,0.00,-1.00,-1.00,3.00,-1.00,0.00,2.00,1.00,2.00,2.00,2.00,0.00,-1.00,0.00,0.00,-2.00,0.00,-1.00,-1.00,3.00,-1.00,0.00,-2.00,0.00,2.00,-3.00,0.00,0.00,0.00,2.00,0.00,4.00,-4.00,6.00,-2.00,5.00,1.00,-3.00,3.00,0.00,-1.00,2.00,-40.00,-56.00,65.00,13.00,2.00,-49.00,41.00,-33.00,63.00,-72.00,44.00,-31.00,16.00,-19.00,-6.00,11.00,-8.00,-1.00,-28.00,67.00,-21.00,-1.00,0.00,12.00,-37.00,-5.00,-74.00,118.00,141.00,-97.00,-13.00,-6.00,-1.00,-100.00,-16.00,55.00,-57.00,-23.00,-3.00
-1.00,1.00,0.00,0.00,-1.00,4.00,-1.00,0.00,0.00,-3.00,2.00,2.00,-4.00,2.00,2.00,-4.00,-1.00,0.00,1.00,2.00,-2.00,-2.00,2.00,-3.00,2.00,0.00,-1.00,2.00,2.00,1.00,1.00,-2.00,1.00,-2.00,2.00,-1.00,-1.00,0.00,2.00,1.00,1.00,0.00,-4.00,2.00,-3.00,2.00,1.00,-1.00,4.00,0.00,0.00,2.00,-2.00,1.00,-1.00,0.00,2.00,2.00,-2.00,-1.00,-1.00,0.00,-1.00,0.00,0.00,0.00,0.00,0.00,3.00,-1.00,1.00,-3.00,0.00,0.00,0.00,0.00,-1.00,0.00,0.00,-1.00,-1.00,0.00,0.00,-1.00,-1.00,-1.00,-1.00,1.00,3.00,-1.00,-3.00,-2.00,-2.00,3.00,-5.00,0.00,-2.00,1.00,0.00,1.00,2.00,1.00,1.00,-1.00,2.00,-2.00,1.00,1.00,3.00,-2.00,-3.00,1.00,0.00,0.00,1.00,3.00,-3.00,3.00,0.00,-4.00,2.00,0.00,0.00,2.00,-5.00,3.00,2.00,-2.00,-1.00,0.00,2.00,-1.00,0.00,2.00,0.00,0.00,2.00,1.00,-2.00,2.00,0.00,-1.00,0.00,3.00,-1.00,0.00,3.00,6.00,2.00,3.00,-6.00,0.00,-1.00,0.00,-2.00,-3.00,4.00,-1.00,-2.00,0.00,-77.00,89.00,19.00,-3.00,-1.00,1.00,8.00,-20.00,-31.00,112.00,-118.00,63.00,-14.00,2.00,-4.00,6.00,4.00,5.00,-1.00,-36.00,61.00,-33.00,-2.00,-1.00,11.00,-30.00,-49.00,34.00,94.00,-94.00,39.00,-36.00,-48.00,-142.00,225.00,141.00,-13.00,-20.00,1.00,-7.00
-1.00,0.00,0.00,0.00,0.00,-1.00,1.00,0.00,-1.00,4.00,-3.00,-3.00,3.00,-4.00,2.00,-1.00,3.00,-1.00,0.00,0.00,0.00,0.00,4.00,0.00,-2.00,2.00,2.00,1.00,-4.00,1.00,1.00,-3.00,1.00,0.00,-2.00,1.00,-1.00,1.00,4.00,-3.00,2.00,-1.00,1.00,0.00,2.00,1.00,0.00,0.00,-1.00,0.00,-1.00,-1.00,1.00,-3.00,3.00,0.00,-4.00,1.00,1.00,1.00,2.00,-3.00,4.00,-1.00,0.00,0.00,0.00,1.00,-3.00,-1.00,-1.00,0.00,3.00,-2.00,3.00,-3.00,3.00,-1.00,0.00,0.00,0.00,0.00,0.00,1.00,0.00,0.00,1.00,-3.00,-2.00,-1.00,-1.00,-1.00,3.00,-6.00,4.00,0.00,0.00,-4.00,3.00,-2.00,1.00,1.00,-1.00,2.00,-2.00,1.00,-2.00,-1.00,0.00,-1.00,2.00,1.00,0.00,0.00,-3.00,-2.00,0.00,0.00,1.00,2.00,-4.00,2.00,-2.00,-3.00,3.00,0.00,1.00,2.00,1.00,-1.00,-1.00,2.00,2.00,0.00,-3.00,3.00,2.00,-3.00,1.00,-2.00,1.00,-1.00,4.00,1.00,-3.00,7.00,-3.00,-8.00,-2.00,-7.00,0.00,-5.00,3.00,-5.00,-1.00,3.00,-3.00,1.00,-37.00,-68.00,69.00,10.00,18.00,-9.00,-13.00,14.00,-21.00,-44.00,22.00,31.00,56.00,48.00,-49.00,-3.00,2.00,-1.00,11.00,1.00,-4.00,-27.00,26.00,-15.00,-4.00,25.00,-38.00,-58.00,221.00,-87.00,-23.00,-24.00,-30.00,-86.00,137.00,139.00,-108.00,-49.00,-4.00,11.00,-16.00,14.00
4.00,-1.00,0.00,0.00,0.00,1.00,-4.00,1.00,0.00,-3.00,3.00,1.00,0.00,2.00,1.00,3.00,-4.00,0.00,-1.00,-1.00,3.00,-2.00,-1.00,-1.00,2.00,1.00,-3.00,1.00,1.00,1.00,0.00,1.00,0.00,0.00,-1.00,1.00,0.00,-1.00,-4.00,1.00,3.00,-1.00,0.00,2.00,-3.00,-3.00,1.00,0.00,-1.00,-2.00,2.00,1.00,3.00,-1.00,1.00,-2.00,1.00,0.00,0.00,-1.00,0.00,2.00,-2.00,-1.00,0.00,0.00,0.00,0.00,2.00,1.00,2.00,-3.00,3.00,-2.00,2.00,2.00,2.00,-1.00,-1.00,0.00,0.00,0.00,2.00,-5.00,0.00,-1.00,-1.00,0.00,0.00,-1.00,4.00,-1.00,-3.00,2.00,-2.00,1.00,-2.00,2.00,-1.00,3.00,2.00,-4.00,0.00,-1.00,0.00,3.00,-1.00,0.00,1.00,-1.00,2.00,-4.00,0.00,4.00,0.00,2.00,0.00,-3.00,-2.00,2.00,3.00,2.00,-1.00,5.00,-1.00,1.00,-3.00,-4.00,7.00,-4.00,5.00,-5.00,2.00,-2.00,1.00,2.00,-2.00,-1.00,1.00,-1.00,2.00,4.00,-7.00,3.00,-1.00,-3.00,-3.00,-6.00,1.00,0.00,-1.00,3.00,-1.00,3.00,1.00,0.00,3.00,-69.00,75.00,43.00,-7.00,5.00,-9.00,7.00,-13.00,-2.00,-114.00,154.00,-94.00,77.00,-26.00,47.00,-46.00,-2.00,-4.00,-4.00,10.00,-4.00,3.00,-32.00,57.00,-39.00,28.00,-95.00,211.00,-38.00,-76.00,-7.00,-34.00,-77.00,106.00,122.00,-68.00,-56.00,3.00,26.00,-39.00,24.00,-11.00,2.00
-2.00,0.00,0.00,0.00,1.00,0.00,0.00,0.00,-1.00,4.00,-4.00,2.00,1.00,-3.00,-3.00,3.00,0.00,-3.00,3.00,-2.00,2.00,3.00,-1.00,-1.00,1.00,1.00,-2.00,2.00,1.00,-4.00,1.00,0.00,0.00,0.00,-2.00,1.00,0.00,-1.00,4.00,-3.00,1.00,1.00,2.00,-3.00,3.00,1.00,0.00,-2.00,2.00,1.00,0.00,1.00,-4.00,3.00,-1.00,1.00,-2.00,-1.00,-1.00,3.00,-1.00,1.00,-3.00,3.00,-1.00,-1.00,-1.00,1.00,-4.00,2.00,0.00,2.00,-2.00,0.00,-1.00,-1.00,-1.00,0.00,4.00,-1.00,-2.00,0.00,-6.00,3.00,0.00,0.00,0.00,0.00,0.00,-1.00,-2.00,-1.00,2.00,0.00,-1.00,0.00,3.00,1.00,-2.00,-2.00,-4.00,1.00,-3.00,2.00,3.00,-5.00,1.00,0.00,2.00,-1.00,2.00,1.00,0.00,-1.00,1.00,2.00,0.00,3.00,0.00,0.00,-3.00,2.00,-2.00,-1.00,0.00,0.00,2.00,2.00,-4.00,3.00,-2.00,1.00,0.00,2.00,-1.00,3.00,-2.00,-2.00,0.00,-1.00,0.00,-5.00,-2.00,2.00,-5.00,-4.00,1.00,2.00,3.00,2.00,-1.00,-1.00,-2.00,1.00,0.00,-18.00,-72.00,64.00,3.00,19.00,-12.00,-24.00,26.00,0.00,-91.00,113.00,-1.00,39.00,-105.00,-28.00,17.00,42.00,-45.00,3.00,3.00,-7.00,18.00,-8.00,6.00,-46.00,59.00,-96.00,0.00,-16.00,-65.00,32.00,-17.00,-64.00,54.00,132.00,-75.00,-25.00,-10.00,10.00,5.00,37.00,-77.00,20.00,-4.00,11.00
3.00,-2.00,0.00,1.00,-4.00,0.00,4.00,-1.00,-1.00,-3.00,3.00,-4.00,2.00,1.00,3.00,-3.00,3.00,-1.00,1.00,-2.00,-2.00,-1.00,-1.00,-2.00,1.00,1.00,-1.00,-3.00,1.00,1.00,0.00,0.00,-1.00,-2.00,2.00,0.00,0.00,0.00,-1.00,1.00,0.00,-1.00,-1.00,0.00,-2.00,1.00,-1.00,2.00,0.00,0.00,-1.00,0.00,0.00,1.00,-3.00,3.00,-1.00,2.00,-3.00,2.00,-1.00,0.00,2.00,2.00,-3.00,2.00,3.00,-1.00,2.00,-4.00,1.00,1.00,-2.00,-1.00,0.00,0.00,2.00,-3.00,0.00,-3.00,5.00,-1.00,0.00,2.00,1.00,1.00,1.00,0.00,-1.00,3.00,3.00,-3.00,1.00,0.00,-2.00,1.00,-2.00,3.00,-2.00,-1.00,2.00,1.00,-2.00,-1.00,0.00,-3.00,1.00,1.00,-3.00,0.00,-3.00,1.00,1.00,1.00,-3.00,0.00,-3.00,-1.00,-3.00,4.00,-5.00,0.00,1.00,-3.00,-1.00,1.00,-4.00,2.00,-2.00,3.00,-1.00,0.00,0.00,2.00,0.00,-2.00,3.00,0.00,2.00,3.00,-2.00,5.00,1.00,-6.00,0.00,3.00,5.00,-4.00,-1.00,3.00,0.00,0.00,1.00,-1.00,-53.00,10.00,57.00,24.00,-7.00,-18.00,26.00,-25.00,-37.00,-97.00,160.00,-61.00,23.00,-115.00,-29.00,91.00,30.00,16.00,-41.00,0.00,-1.00,-1.00,7.00,4.00,-72.00,-162.00,167.00,182.00,-71.00,-8.00,3.00,-70.00,-92.00,137.00,-51.00,-37.00,0.00,-2.00,-11.00,4.00,0.00,29.00,-59.00,36.00,4.00,-2.00
0.00,2.00,-2.00,0.00,1.00,0.00,-1.00,-2.00,3.00,2.00,0.00,2.00,-4.00,2.00,-2.00,-2.00,1.00,3.00,-1.00,1.00,2.00,-3.00,2.00,1.00,0.00,1.00,-3.00,2.00,0.00,0.00,0.00,-1.00,2.00,1.00,0.00,0.00,1.00,0.00,2.00,-2.00,-3.00,2.00,0.00,0.00,-1.00,2.00,-1.00,1.00,0.00,-1.00,3.00,-3.00,4.00,-1.00,1.00,0.00,2.00,-2.00,0.00,1.00,-2.00,0.00,-3.00,-3.00,2.00,1.00,-3.00,-1.00,-1.00,1.00,-1.00,0.00,0.00,2.00,-2.00,0.00,-3.00,-2.00,-2.00,0.00,1.00,1.00,1.00,0.00,-1.00,-1.00,-2.00,2.00,0.00,-1.00,-3.00,2.00,0.00,-2.00,2.00,0.00,0.00,-2.00,4.00,-2.00,2.00,-5.00,3.00,-1.00,0.00,1.00,-1.00,0.00,3.00,3.00,2.00,2.00,-3.00,2.00,2.00,-1.00,1.00,4.00,-2.00,0.00,2.00,1.00,1.00,3.00,1.00,-2.00,0.00,1.00,-2.00,-2.00,-1.00,-1.00,1.00,-2.00,1.00,-1.00,-3.00,-1.00,2.00,-3.00,1.00,0.00,-3.00,-1.00,3.00,3.00,-4.00,-2.00,1.00,1.00,-3.00,3.00,-2.00,-60.00,72.00,7.00,26.00,-11.00,-17.00,9.00,-5.00,-72.00,162.00,-13.00,-26.00,-6.00,-8.00,-34.00,150.00,-177.00,102.00,16.00,-46.00,-3.00,1.00,2.00,-48.00,-133.00,148.00,183.00,-75.00,-57.00,-17.00,-55.00,-92.00,192.00,209.00,-81.00,-15.00,4.00,15.00,2.00,-4.00,-11.00,-8.00,4.00,7.00,-4.00,6.00,-10.00
0.00,0.00,2.00,-1.00,0.00,0.00,-2.00,4.00,-3.00,-3.00,2.00,0.00,1.00,1.00,-2.00,2.00,2.00,-2.00,0.00,0.00,0.00,1.00,0.00,-1.00,0.00,0.00,0.00,0.00,0.00,-1.00,-1.00,-2.00,2.00,1.00,0.00,1.00,-4.00,2.00,-2.00,-2.00,3.00,-4.00,1.00,0.00,0.00,-2.00,0.00,1.00,0.00,-2.00,2.00,3.00,-3.00,-1.00,0.00,-1.00,0.00,0.00,1.00,-2.00,0.00,2.00,-1.00,1.00,0.00,0.00,1.00,1.00,3.00,-2.00,4.00,-3.00,3.00,-2.00,0.00,1.00,-1.00,-3.00,4.00,1.00,0.00,0.00,-2.00,-2.00,2.00,0.00,0.00,-2.00,1.00,-1.00,2.00,0.00,-2.00,2.00,0.00,0.00,0.00,1.00,0.00,-2.00,2.00,0.00,1.00,-1.00,0.00,-1.00,4.00,1.00,-5.00,2.00,0.00,0.00,1.00,-2.00,2.00,-1.00,2.00,-1.00,0.00,-3.00,-2.00,-1.00,-1.00,1.00,-2.00,0.00,2.00,-2.00,1.00,1.00,1.00,3.00,1.00,0.00,1.00,3.00,-1.00,2.00,0.00,4.00,-2.00,-5.00,4.00,3.00,-1.00,1.00,-1.00,4.00,2.00,-2.00,1.00,-27.00,-65.00,59.00,10.00,12.00,-19.00,7.00,4.00,1.00,-52.00,69.00,-35.00,-5.00,1.00,2.00,-52.00,99.00,85.00,-156.00,99.00,23.00,-34.00,-6.00,-8.00,-24.00,62.00,140.00,-101.00,-52.00,56.00,-49.00,-90.00,81.00,171.00,-187.00,-11.00,-14.00,-7.00,-2.00,11.00,9.00,7.00,-15.00,-13.00,8.00,27.00,6.00,-12.00,-3.00
0.00,0.00,1.00,-2.00,-1.00,-1.00,4.00,-3.00,3.00,2.00,-4.00,1.00,0.00,1.00,-3.00,3.00,-2.00,0.00,0.00,-1.00,-1.00,0.00,-1.00,3.00,-1.00,-2.00,3.00,-1.00,-1.00,3.00,2.00,3.00,-2.00,-3.00,2.00,1.00,1.00,1.00,-2.00,2.00,0.00,1.00,0.00,0.00,0.00,-1.00,0.00,1.00,-1.00,5.00,-2.00,-2.00,3.00,3.00,-2.00,3.00,-3.00,3.00,2.00,-1.00,1.00,-1.00,2.00,-2.00,-1.00,-1.00,0.00,2.00,-2.00,-1.00,-3.00,1.00,-1.00,0.00,0.00,1.00,-3.00,3.00,0.00,-1.00,0.00,-3.00,6.00,0.00,-2.00,2.00,0.00,-1.00,1.00,-2.00,1.00,-1.00,2.00,-1.00,0.00,0.00,1.00,-3.00,-3.00,5.00,-4.00,-1.00,1.00,-2.00,0.00,0.00,-1.00,3.00,-3.00,0.00,0.00,-2.00,-3.00,0.00,4.00,0.00,-2.00,1.00,-2.00,1.00,2.00,-1.00,1.00,-1.00,0.00,1.00,-2.00,2.00,-2.00,0.00,1.00,-1.00,-1.00,-2.00,-1.00,-2.00,5.00,1.00,1.00,0.00,-7.00,-1.00,1.00,1.00,-2.00,0.00,-2.00,-3.00,1.00,2.00,-68.00,52.00,55.00,2.00,38.00,-58.00,15.00,-31.00,0.00,-104.00,59.00,-5.00,3.00,-5.00,0.00,-5.00,-38.00,74.00,-83.00,53.00,15.00,33.00,-56.00,15.00,7.00,-144.00,220.00,-105.00,3.00,-26.00,24.00,54.00,128.00,-53.00,-16.00,-62.00,37.00,-2.00,-10.00,12.00,-11.00,21.00,-18.00,-13.00,6.00,4.00,9.00,0.00,0.00,-50.00
-1.00,-1.00,0.00,1.00,2.00,-2.00,-1.00,-1.00,-3.00,1.00,1.00,0.00,0.00,0.00,2.00,-2.00,0.00,-1.00,-1.00,2.00,2.00,-2.00,-1.00,2.00,-2.00,3.00,1.00,-1.00,0.00,-1.00,-1.00,-2.00,-1.00,4.00,-2.00,-3.00,1.00,1.00,-3.00,1.00,0.00,1.00,-1.00,0.00,0.00,-1.00,1.00,2.00,2.00,-4.00,2.00,0.00,-1.00,-1.00,-1.00,2.00,3.00,-3.00,2.00,2.00,4.00,-2.00,0.00,1.00,2.00,3.00,0.00,-2.00,-2.00,1.00,-1.00,2.00,0.00,1.00,0.00,0.00,3.00,-2.00,-2.00,2.00,-3.00,1.00,-2.00,-2.00,1.00,-2.00,1.00,-1.00,-1.00,2.00,0.00,-2.00,0.00,4.00,-2.00,0.00,-1.00,2.00,-3.00,-2.00,1.00,2.00,-1.00,3.00,-1.00,0.00,2.00,-2.00,3.00,2.00,-5.00,4.00,1.00,1.00,-4.00,2.00,-1.00,0.00,3.00,-1.00,2.00,-2.00,2.00,-5.00,2.00,2.00,0.00,-2.00,2.00,-2.00,1.00,0.00,0.00,-1.00,0.00,2.00,-3.00,0.00,2.00,-2.00,-2.00,3.00,-3.00,-2.00,0.00,1.00,-1.00,0.00,-28.00,-70.00,103.00,-3.00,12.00,-50.00,4.00,10.00,-65.00,40.00,13.00,41.00,0.00,-8.00,3.00,-7.00,9.00,-2.00,-34.00,31.00,-39.00,83.00,-5.00,64.00,-66.00,-112.00,189.00,-73.00,-50.00,18.00,-72.00,126.00,-50.00,-34.00,-21.00,-12.00,25.00,-69.00,43.00,-3.00,-3.00,-2.00,-2.00,-2.00,-10.00,-7.00,2.00,-6.00,24.00,-58.00,-76.00,100.00
1.00,2.00,-1.00,0.00,0.00,2.00,-3.00,2.00,1.00,1.00,0.00,0.00,0.00,0.00,2.00,-2.00,-2.00,4.00,-3.00,2.00,1.00,3.00,-2.00,3.00,-1.00,-3.00,3.00,-1.00,0.00,-1.00,-2.00,3.00,-1.00,-2.00,-2.00,2.00,0.00,0.00,2.00,0.00,2.00,-5.00,5.00,-2.00,-1.00,0.00,-3.00,0.00,-1.00,0.00,-3.00,1.00,0.00,-1.00,0.00,-1.00,-1.00,1.00,1.00,0.00,1.00,-1.00,-1.00,1.00,-3.00,-1.00,1.00,-3.00,0.00,1.00,0.00,-2.00,3.00,-2.00,2.00,1.00,-2.00,0.00,-2.00,2.00,-4.00,1.00,1.00,-1.00,1.00,0.00,1.00,-3.00,3.00,0.00,-1.00,2.00,0.00,-2.00,4.00,-2.00,4.00,-2.00,1.00,3.00,-1.00,1.00,1.00,-2.00,0.00,1.00,-2.00,2.00,-1.00,-3.00,3.00,-2.00,2.00,1.00,-2.00,3.00,-1.00,2.00,-2.00,2.00,-3.00,5.00,1.00,0.00,-2.00,0.00,1.00,1.00,-2.00,2.00,-1.00,-1.00,-1.00,-2.00,1.00,-3.00,1.00,-5.00,1.00,-2.00,0.00,0.00,1.00,3.00,-1.00,2.00,1.00,-55.00,56.00,67.00,-20.00,-6.00,-20.00,7.00,-20.00,-46.00,71.00,-5.00,0.00,8.00,-1.00,-1.00,12.00,-9.00,6.00,-15.00,-23.00,73.00,29.00,-64.00,29.00,-5.00,118.00,-65.00,-78.00,22.00,-55.00,-81.00,228.00,-97.00,4.00,8.00,-12.00,3.00,38.00,-74.00,38.00,-9.00,-5.00,3.00,6.00,-7.00,0.00,6.00,-2.00,-21.00,-52.00,69.00,-59.00,204.00
0.00,1.00,-1.00,-1.00,0.00,0.00,1.00,0.00,1.00,-4.00,1.00,0.00,0.00,1.00,-4.00,2.00,2.00,-4.00,3.00,-2.00,-2.00,-2.00,-1.00,-1.00,-1.00,3.00,-3.00,-1.00,-2.00,2.00,1.00,1.00,-3.00,2.00,1.00,0.00,0.00,1.00,-4.00,2.00,-4.00,2.00,-3.00,2.00,2.00,-2.00,2.00,0.00,-1.00,-1.00,3.00,0.00,0.00,4.00,-1.00,0.00,1.00,-1.00,-5.00,0.00,-1.00,0.00,4.00,0.00,3.00,-2.00,-1.00,-2.00,1.00,2.00,0.00,0.00,1.00,-4.00,-1.00,3.00,-1.00,-1.00,2.00,0.00,6.00,1.00,-3.00,2.00,3.00,-5.00,1.00,1.00,1.00,0.00,-1.00,1.00,-1.00,-1.00,0.00,0.00,-2.00,5.00,-4.00,-1.00,0.00,3.00,-5.00,-1.00,0.00,1.00,0.00,-3.00,0.00,4.00,-4.00,2.00,-2.00,3.00,-2.00,-1.00,2.00,-2.00,2.00,-2.00,2.00,-3.00,-1.00,5.00,-1.00,-3.00,4.00,-3.00,1.00,-3.00,1.00,0.00,0.00,-1.00,-3.00,0.00,-5.00,2.00,0.00,1.00,2.00,-1.00,2.00,-2.00,2.00,-30.00,-63.00,76.00,11.00,-61.00,35.00,-7.00,19.00,-89.00,59.00,10.00,12.00,-13.00,-3.00,4.00,0.00,-1.00,-3.00,4.00,18.00,43.00,-50.00,-11.00,-29.00,-20.00,65.00,-1.00,-81.00,-4.00,-43.00,-8.00,207.00,171.00,-125.00,-23.00,2.00,3.00,-3.00,-8.00,47.00,-70.00,41.00,3.00,-3.00,3.00,-3.00,7.00,7.00,-15.00,-41.00,-22.00,-40.00,194.00,-72.00,-32.00
0.00,1.00,-3.00,3.00,-1.00,0.00,0.00,0.00,0.00,1.00,0.00,0.00,0.00,0.00,1.00,0.00,0.00,1.00,1.00,-3.00,2.00,1.00,2.00,-1.00,-2.00,1.00,1.00,1.00,1.00,0.00,0.00,0.00,1.00,0.00,0.00,0.00,0.00,0.00,1.00,1.00,1.00,-1.00,2.00,1.00,1.00,-4.00,1.00,-1.00,4.00,-2.00,-2.00,3.00,-3.00,1.00,1.00,0.00,2.00,-1.00,1.00,0.00,1.00,-3.00,2.00,-3.00,-3.00,1.00,-1.00,4.00,-3.00,-1.00,2.00,2.00,-3.00,3.00,0.00,-1.00,0.00,-1.00,2.00,-3.00,-2.00,-2.00,1.00,-5.00,1.00,2.00,0.00,0.00,1.00,0.00,-1.00,0.00,3.00,4.00,-5.00,2.00,1.00,1.00,-1.00,0.00,1.00,-3.00,5.00,1.00,-1.00,2.00,-1.00,3.00,0.00,-2.00,3.00,-4.00,1.00,-2.00,4.00,0.00,-2.00,2.00,-2.00,2.00,-2.00,2.00,-4.00,2.00,1.00,-1.00,0.00,-1.00,1.00,3.00,0.00,0.00,-2.00,2.00,-1.00,0.00,2.00,-2.00,-1.00,0.00,2.00,0.00,-2.00,3.00,-60.00,65.00,48.00,-18.00,-20.00,3.00,20.00,-58.00,-92.00,160.00,-26.00,-16.00,15.00,-6.00,-12.00,12.00,5.00,-26.00,-19.00,16.00,-55.00,0.00,-56.00,29.00,-82.00,5.00,74.00,-29.00,-66.00,-29.00,150.00,33.00,-95.00,-48.00,-24.00,-7.00,5.00,3.00,1.00,3.00,34.00,-75.00,44.00,-3.00,-5.00,-10.00,7.00,-13.00,-12.00,-73.00,-17.00,213.00,-38.00,-59.00,9.00,11.00
-1.00,-1.00,1.00,1.00,-2.00,-1.00,-1.00,-1.00,0.00,-1.00,-1.00,0.00,-1.00,0.00,0.00,0.00,0.00,-1.00,0.00,1.00,0.00,0.00,1.00,-3.00,2.00,-1.00,0.00,0.00,0.00,0.00,0.00,-1.00,0.00,0.00,0.00,0.00,0.00,0.00,1.00,-4.00,1.00,-1.00,2.00,-4.00,0.00,5.00,-2.00,0.00,-2.00,4.00,-1.00,-2.00,0.00,-2.00,-3.00,2.00,-3.00,-1.00,-1.00,-1.00,1.00,-3.00,-4.00,1.00,-2.00,1.00,0.00,-1.00,-2.00,1.00,-1.00,-1.00,-1.00,-3.00,1.00,-1.00,-1.00,-2.00,1.00,2.00,-3.00,3.00,-1.00,-3.00,-1.00,-2.00,3.00,1.00,2.00,1.00,-1.00,2.00,-1.00,-1.00,2.00,-2.00,-1.00,0.00,-5.00,1.00,1.00,-2.00,0.00,2.00,0.00,-3.00,1.00,-2.00,1.00,-1.00,2.00,2.00,1.00,1.00,0.00,3.00,1.00,-2.00,1.00,-3.00,1.00,-3.00,3.00,-1.00,-2.00,0.00,1.00,0.00,-3.00,-1.00,1.00,-1.00,3.00,-2.00,1.00,1.00,2.00,0.00,3.00,1.00,-2.00,2.00,-27.00,-65.00,60.00,25.00,-21.00,20.00,7.00,-13.00,-121.00,138.00,8.00,-20.00,-3.00,-14.00,25.00,-20.00,3.00,1.00,-15.00,91.00,80.00,-44.00,-77.00,-31.00,66.00,67.00,63.00,-49.00,-34.00,-46.00,96.00,25.00,-56.00,-10.00,-13.00,-5.00,-7.00,-4.00,-14.00,21.00,1.00,3.00,30.00,-36.00,19.00,-16.00,-1.00,-5.00,5.00,-87.00,-44.00,226.00,-66.00,-73.00,39.00,-25.00,-2.00,-67.00
0.00,1.00,-2.00,0.00,1.00,1.00,2.00,2.00,-3.00,2.00,2.00,-3.00,3.00,-2.00,-1.00,0.00,-1.00,4.00,-2.00,0.00,-1.00,0.00,0.00,1.00,-1.00,4.00,-1.00,0.00,0.00,-1.00,-2.00,4.00,-1.00,0.00,0.00,0.00,0.00,0.00,0.00,1.00,-1.00,-1.00,1.00,0.00,0.00,-2.00,3.00,-1.00,0.00,-2.00,-2.00,3.00,-2.00,2.00,1.00,1.00,1.00,1.00,1.00,1.00,-5.00,2.00,1.00,-1.00,2.00,-1.00,-1.00,-2.00,2.00,0.00,0.00,-1.00,2.00,1.00,-2.00,1.00,0.00,0.00,0.00,0.00,1.00,0.00,2.00,-1.00,-2.00,1.00,-4.00,1.00,1.00,-2.00,2.00,-2.00,2.00,0.00,1.00,-2.00,-1.00,-1.00,-1.00,-1.00,1.00,4.00,-4.00,-1.00,1.00,3.00,1.00,-1.00,1.00,0.00,-1.00,0.00,0.00,2.00,1.00,-3.00,0.00,0.00,0.00,3.00,0.00,-3.00,2.00,0.00,-1.00,0.00,1.00,-1.00,2.00,-1.00,1.00,0.00,-4.00,3.00,-1.00,1.00,3.00,2.00,0.00,-1.00,3.00,-53.00,57.00,53.00,18.00,-12.00,-23.00,8.00,-64.00,-82.00,179.00,-45.00,0.00,1.00,-3.00,-16.00,31.00,-20.00,10.00,49.00,38.00,-107.00,36.00,-130.00,223.00,-44.00,-55.00,35.00,-22.00,44.00,-91.00,110.00,-64.00,-21.00,-6.00,0.00,5.00,-2.00,-9.00,-5.00,14.00,-8.00,-6.00,3.00,0.00,-16.00,3.00,-4.00,-16.00,-94.00,-12.00,219.00,-41.00,-56.00,23.00,-12.00,-23.00,-49.00,-11.00,209.00
1.00,2.00,1.00,-2.00,0.00,1.00,-4.00,1.00,1.00,0.00,0.00,1.00,0.00,1.00,2.00,-2.00,-1.00,-3.00,3.00,-4.00,3.00,-2.00,-1.00,-1.00,-1.00,-2.00,0.00,-1.00,-2.00,1.00,2.00,-3.00,-1.00,-1.00,-1.00,-1.00,0.00,-1.00,0.00,-1.00,3.00,-2.00,0.00,4.00,-2.00,-1.00,3.00,-2.00,-1.00,2.00,1.00,1.00,-2.00,1.00,2.00,-4.00,1.00,-1.00,-2.00,1.00,6.00,-1.00,0.00,-2.00,0.00,2.00,1.00,0.00,-1.00,-1.00,-1.00,-3.00,0.00,-2.00,1.00,2.00,1.00,2.00,-2.00,0.00,0.00,0.00,0.00,1.00,1.00,0.00,-1.00,-1.00,0.00,2.00,-2.00,2.00,-2.00,3.00,1.00,3.00,2.00,2.00,0.00,4.00,-4.00,-1.00,3.00,1.00,-2.00,0.00,-2.00,0.00,2.00,1.00,3.00,-1.00,2.00,-8.00,2.00,1.00,-4.00,1.00,1.00,-2.00,0.00,2.00,2.00,0.00,-2.00,-1.00,1.00,-1.00,2.00,-1.00,2.00,-1.00,0.00,1.00,0.00,0.00,-2.00,-4.00,1.00,-19.00,-49.00,53.00,18.00,-4.00,-25.00,0.00,-19.00,-90.00,158.00,13.00,-33.00,0.00,-2.00,1.00,0.00,-26.00,38.00,16.00,-25.00,-59.00,-12.00,-83.00,42.00,106.00,-69.00,-6.00,-22.00,37.00,-7.00,-14.00,17.00,88.00,-65.00,4.00,2.00,-1.00,2.00,-2.00,-2.00,-9.00,-1.00,14.00,-2.00,-2.00,2.00,0.00,-5.00,-79.00,-35.00,238.00,-64.00,-34.00,-5.00,18.00,-51.00,-89.00,142.00,140.00,8.00,-138.00
0.00,1.00,-1.00,1.00,-1.00,0.00,1.00,0.00,0.00,-1.00,-1.00,-1.00,0.00,-1.00,-1.00,0.00,0.00,0.00,-2.00,4.00,-1.00,0.00,1.00,0.00,1.00,1.00,-3.00,2.00,0.00,4.00,-1.00,0.00,1.00,1.00,0.00,2.00,-3.00,3.00,-3.00,-2.00,2.00,-3.00,0.00,-2.00,4.00,-1.00,-3.00,4.00,-3.00,1.00,1.00,1.00,-3.00,2.00,-4.00,2.00,-2.00,3.00,0.00,0.00,-3.00,2.00,-1.00,3.00,-1.00,2.00,-1.00,2.00,1.00,1.00,0.00,3.00,1.00,1.00,-2.00,1.00,0.00,0.00,2.00,-2.00,-1.00,0.00,0.00,0.00,0.00,0.00,-1.00,3.00,-1.00,0.00,3.00,-1.00,3.00,-4.00,2.00,-4.00,1.00,-1.00,2.00,-1.00,3.00,1.00,-1.00,-2.00,0.00,2.00,-1.00,2.00,0.00,1.00,-2.00,0.00,-1.00,0.00,-2.00,2.00,2.00,1.00,1.00,0.00,2.00,-2.00,-1.00,0.00,1.00,3.00,0.00,0.00,-3.00,0.00,-3.00,-1.00,4.00,1.00,2.00,-3.00,1.00,4.00,-39.00,28.00,36.00,-14.00,-7.00,-12.00,7.00,-30.00,-90.00,121.00,-34.00,-9.00,-1.00,-6.00,0.00,5.00,0.00,-49.00,135.00,-55.00,58.00,-78.00,-45.00,79.00,-11.00,-13.00,-13.00,-2.00,8.00,-73.00,64.00,-22.00,23.00,74.00,-71.00,4.00,-8.00,-1.00,2.00,-5.00,-3.00,-7.00,7.00,3.00,-6.00,-7.00,18.00,-19.00,-75.00,225.00,-57.00,-30.00,8.00,-1.00,-33.00,-59.00,187.00,37.00,53.00,-105.00,-45.00,7.00
0.00,1.00,-3.00,5.00,-4.00,-1.00,-1.00,-1.00,-2.00,2.00,0.00,2.00,-3.00,1.00,1.00,1.00,1.00,1.00,1.00,1.00,-3.00,3.00,-3.00,4.00,-3.00,4.00,-1.00,-1.00,0.00,-1.00,-2.00,3.00,-1.00,-1.00,4.00,-1.00,0.00,-2.00,5.00,0.00,-1.00,-1.00,4.00,-1.00,-1.00,-2.00,3.00,-3.00,2.00,1.00,-4.00,1.00,1.00,0.00,1.00,-1.00,3.00,-5.00,5.00,-3.00,2.00,-1.00,2.00,-1.00,2.00,-2.00,1.00,2.00,1.00,1.00,-1.00,2.00,0.00,-1.00,2.00,1.00,1.00,0.00,0.00,1.00,3.00,-2.00,0.00,0.00,0.00,1.00,1.00,-4.00,0.00,0.00,-2.00,0.00,1.00,1.00,0.00,1.00,0.00,-3.00,0.00,-2.00,1.00,-2.00,1.00,-2.00,2.00,-1.00,2.00,0.00,0.00,1.00,-1.00,-1.00,2.00,5.00,0.00,-1.00,0.00,-2.00,5.00,-3.00,0.00,0.00,1.00,1.00,2.00,-1.00,3.00,-1.00,2.00,3.00,2.00,0.00,1.00,-1.00,0.00,0.00,-13.00,-39.00,37.00,35.00,3.00,7.00,14.00,7.00,-98.00,58.00,86.00,-27.00,5.00,-2.00,2.00,-1.00,0.00,-20.00,20.00,85.00,-37.00,-58.00,-74.00,135.00,10.00,-9.00,5.00,6.00,-2.00,-3.00,3.00,-49.00,-148.00,57.00,23.00,60.00,-69.00,3.00,-7.00,1.00,6.00,-2.00,-8.00,-3.00,-4.00,-2.00,21.00,-15.00,-125.00,169.00,-47.00,-17.00,1.00,-14.00,-41.00,-64.00,172.00,29.00,-99.00,-33.00,-41.00,4.00,-4.00,9.00
-1.00,1.00,2.00,-3.00,4.00,-1.00,1.00,1.00,0.00,-2.00,3.00,-2.00,-1.00,3.00,-2.00,-1.00,0.00,-1.00,0.00,0.00,1.00,0.00,2.00,-4.00,3.00,-4.00,2.00,2.00,-2.00,-2.00,2.00,1.00,-1.00,0.00,-2.00,-2.00,1.00,2.00,-3.00,-2.00,2.00,2.00,-2.00,-1.00,-1.00,2.00,1.00,-3.00,1.00,-1.00,1.00,0.00,0.00,0.00,-1.00,-1.00,2.00,1.00,-2.00,2.00,-1.00,-2.00,1.00,-1.00,0.00,2.00,-1.00,1.00,0.00,0.00,2.00,-1.00,2.00,0.00,4.00,-1.00,-2.00,2.00,1.00,2.00,-3.00,4.00,-1.00,0.00,2.00,-4.00,2.00,-2.00,-3.00,5.00,-2.00,0.00,2.00,0.00,0.00,0.00,-3.00,5.00,0.00,0.00,-2.00,1.00,1.00,4.00,-2.00,-3.00,1.00,0.00,0.00,1.00,-1.00,-1.00,-3.00,0.00,0.00,4.00,-2.00,4.00,-2.00,3.00,-2.00,5.00,1.00,2.00,3.00,2.00,-3.00,4.00,0.00,2.00,0.00,-1.00,1.00,4.00,-2.00,-23.00,8.00,49.00,-13.00,-25.00,-36.00,18.00,-18.00,-62.00,86.00,-11.00,35.00,-12.00,4.00,0.00,1.00,-16.00,-39.00,133.00,-92.00,-43.00,2.00,-7.00,46.00,-22.00,-3.00,-1.00,9.00,5.00,-12.00,-1.00,-55.00,164.00,-98.00,20.00,55.00,59.00,-81.00,12.00,-7.00,0.00,4.00,0.00,-6.00,4.00,-25.00,-26.00,-99.00,187.00,-78.00,-5.00,12.00,-20.00,-36.00,-59.00,165.00,100.00,-96.00,-39.00,-1.00,-3.00,-5.00,1.00,2.00,5.00
5.00,-5.00,2.00,-3.00,1.00,2.00,-1.00,-2.00,2.00,2.00,0.00,1.00,2.00,0.00,1.00,2.00,-2.00,3.00,-1.00,-1.00,-1.00,0.00,0.00,1.00,0.00,1.00,1.00,0.00,1.00,1.00,0.00,1.00,-2.00,-2.00,2.00,0.00,4.00,-1.00,1.00,1.00,0.00,1.00,-3.00,2.00,-3.00,1.00,0.00,1.00,-1.00,4.00,-1.00,0.00,0.00,-1.00,3.00,-2.00,-2.00,1.00,-1.00,1.00,3.00,1.00,0.00,-1.00,1.00,3.00,1.00,3.00,3.00,-4.00,4.00,0.00,2.00,1.00,-1.00,0.00,3.00,0.00,0.00,0.00,1.00,-1.00,1.00,1.00,-3.00,2.00,0.00,2.00,-2.00,-3.00,-3.00,0.00,-3.00,1.00,-1.00,-2.00,1.00,-4.00,3.00,0.00,0.00,-2.00,0.00,1.00,0.00,5.00,-1.00,0.00,0.00,2.00,-2.00,3.00,2.00,2.00,-4.00,1.00,1.00,0.00,2.00,-1.00,4.00,1.00,1.00,1.00,2.00,-2.00,3.00,1.00,-2.00,-1.00,2.00,0.00,-2.00,0.00,-31.00,24.00,13.00,4.00,5.00,16.00,-20.00,-15.00,-84.00,55.00,10.00,25.00,-95.00,19.00,8.00,-9.00,-6.00,63.00,133.00,-97.00,-10.00,-47.00,-5.00,34.00,-3.00,-8.00,-5.00,0.00,13.00,1.00,-9.00,-24.00,-86.00,94.00,49.00,-21.00,42.00,71.00,-75.00,2.00,-7.00,3.00,5.00,-10.00,-21.00,-98.00,36.00,220.00,-81.00,-79.00,27.00,19.00,-27.00,-55.00,60.00,224.00,-167.00,-39.00,-7.00,1.00,3.00,-2.00,-2.00,9.00,-9.00,-2.00
2.00,-1.00,0.00,0.00,-1.00,1.00,-4.00,1.00,0.00,-5.00,0.00,0.00,-4.00,1.00,0.00,1.00,-3.00,2.00,-3.00,2.00,2.00,-2.00,-1.00,-1.00,0.00,1.00,-4.00,1.00,0.00,0.00,0.00,0.00,1.00,1.00,0.00,-1.00,-1.00,1.00,0.00,0.00,0.00,0.00,-1.00,4.00,0.00,0.00,0.00,-1.00,0.00,-1.00,0.00,-1.00,-1.00,-1.00,2.00,3.00,-2.00,1.00,1.00,-1.00,0.00,3.00,2.00,2.00,1.00,-1.00,-2.00,2.00,-1.00,3.00,-2.00,1.00,2.00,-1.00,4.00,-2.00,0.00,3.00,1.00,0.00,-2.00,4.00,-3.00,3.00,-2.00,1.00,0.00,0.00,1.00,1.00,1.00,1.00,0.00,-2.00,2.00,-1.00,2.00,-1.00,-1.00,2.00,-1.00,-1.00,-3.00,1.00,0.00,-1.00,0.00,1.00,1.00,-2.00,0.00,-1.00,-1.00,-2.00,4.00,-2.00,-1.00,0.00,2.00,2.00,-2.00,0.00,-6.00,2.00,-1.00,-2.00,-1.00,1.00,1.00,2.00,-2.00,0.00,-17.00,-31.00,35.00,34.00,-30.00,-5.00,7.00,-99.00,27.00,45.00,29.00,-8.00,7.00,10.00,-3.00,7.00,-2.00,31.00,42.00,-56.00,-131.00,-69.00,102.00,51.00,-62.00,31.00,-5.00,4.00,-6.00,9.00,5.00,-4.00,-58.00,86.00,81.00,-46.00,66.00,-124.00,99.00,54.00,-77.00,4.00,-6.00,6.00,-18.00,-86.00,-43.00,227.00,-43.00,-71.00,-21.00,-19.00,-22.00,-17.00,50.00,224.00,-143.00,-60.00,7.00,-6.00,1.00,-5.00,-8.00,14.00,-11.00,9.00,-1.00,-12.00
0.00,2.00,-3.00,2.00,2.00,-2.00,3.00,1.00,1.00,2.00,2.00,3.00,0.00,-1.00,-1.00,-1.00,1.00,0.00,1.00,0.00,0.00,1.00,1.00,2.00,-1.00,-1.00,0.00,0.00,-1.00,0.00,-1.00,-1.00,-1.00,0.00,-1.00,4.00,0.00,-4.00,1.00,-1.00,0.00,-1.00,4.00,-2.00,0.00,0.00,-1.00,4.00,-1.00,0.00,-1.00,2.00,3.00,-2.00,-1.00,-1.00,-2.00,3.00,-2.00,-2.00,1.00,-1.00,0.00,0.00,-1.00,2.00,2.00,-4.00,0.00,1.00,4.00,-1.00,0.00,1.00,-1.00,-1.00,1.00,-3.00,0.00,1.00,4.00,-3.00,3.00,-1.00,-1.00,2.00,0.00,0.00,0.00,0.00,1.00,-5.00,1.00,-1.00,-3.00,1.00,-3.00,-1.00,1.00,-3.00,5.00,3.00,4.00,-2.00,1.00,1.00,3.00,-3.00,4.00,0.00,1.00,1.00,0.00,1.00,-1.00,1.00,3.00,0.00,-1.00,1.00,-1.00,2.00,3.00,-5.00,2.00,1.00,-1.00,1.00,-1.00,0.00,2.00,-29.00,29.00,35.00,-3.00,-31.00,29.00,-29.00,-98.00,144.00,-13.00,15.00,-12.00,-5.00,4.00,19.00,-54.00,6.00,113.00,-63.00,-17.00,-105.00,112.00,19.00,-4.00,41.00,-83.00,31.00,-4.00,1.00,-7.00,0.00,-19.00,-14.00,134.00,-91.00,-84.00,-14.00,27.00,-122.00,66.00,59.00,-67.00,-2.00,-5.00,-89.00,-50.00,237.00,-36.00,-57.00,38.00,-39.00,-43.00,0.00,92.00,126.00,-105.00,-60.00,-2.00,-6.00,3.00,-2.00,-4.00,2.00,4.00,3.00,2.00,2.00,-1.00,5.00
-1.00,-1.00,1.00,0.00,1.00,-3.00,1.00,0.00,0.00,1.00,-3.00,-1.00,-1.00,2.00,1.00,2.00,-1.00,-1.00,0.00,0.00,0.00,0.00,0.00,1.00,-3.00,2.00,2.00,-2.00,3.00,-3.00,2.00,1.00,3.00,-2.00,-1.00,-2.00,0.00,1.00,-2.00,3.00,-1.00,0.00,-1.00,0.00,0.00,0.00,0.00,-1.00,-1.00,0.00,-1.00,3.00,-3.00,4.00,-1.00,-1.00,4.00,-2.00,0.00,1.00,-1.00,0.00,-3.00,-2.00,-4.00,-1.00,-1.00,0.00,-1.00,-2.00,-5.00,1.00,-1.00,4.00,1.00,-1.00,1.00,3.00,-1.00,0.00,1.00,1.00,-3.00,3.00,1.00,-1.00,2.00,0.00,0.00,0.00,-1.00,5.00,-3.00,2.00,1.00,-2.00,0.00,2.00,0.00,0.00,-2.00,-2.00,-2.00,5.00,-4.00,1.00,-3.00,4.00,-3.00,-1.00,-1.00,-1.00,3.00,-2.00,4.00,0.00,-1.00,3.00,2.00,0.00,1.00,-5.00,1.00,-8.00,-5.00,-5.00,3.00,-2.00,3.00,-16.00,-47.00,50.00,19.00,-32.00,10.00,8.00,-88.00,56.00,43.00,-14.00,-5.00,10.00,-7.00,-8.00,8.00,16.00,-3.00,74.00,-96.00,-40.00,-124.00,173.00,-49.00,-3.00,4.00,40.00,-60.00,27.00,-4.00,-1.00,35.00,15.00,137.00,-78.00,-48.00,-44.00,-63.00,104.00,-22.00,3.00,57.00,21.00,-68.00,-70.00,-81.00,257.00,-50.00,-30.00,-9.00,-17.00,-41.00,-42.00,120.00,102.00,-66.00,-67.00,4.00,10.00,-5.00,-8.00,15.00,-5.00,3.00,-6.00,-5.00,8.00,-9.00,7.00,0.00,-2.00
1.00,2.00,-1.00,0.00,0.00,1.00,0.00,-1.00,0.00,0.00,2.00,-2.00,-2.00,1.00,0.00,1.00,-3.00,4.00,-2.00,0.00,0.00,0.00,0.00,0.00,1.00,0.00,1.00,-3.00,1.00,1.00,0.00,1.00,-4.00,2.00,2.00,2.00,-2.00,-1.00,3.00,2.00,-2.00,0.00,0.00,0.00,0.00,0.00,0.00,-1.00,4.00,-2.00,0.00,-1.00,-1.00,-2.00,-1.00,-1.00,-1.00,0.00,2.00,-4.00,1.00,1.00,-1.00,-1.00,2.00,2.00,-3.00,-1.00,-2.00,-2.00,-3.00,-2.00,-1.00,-2.00,-1.00,1.00,-4.00,-2.00,-2.00,-2.00,-1.00,-4.00,-2.00,2.00,0.00,-2.00,0.00,2.00,0.00,0.00,-1.00,-3.00,2.00,0.00,-2.00,2.00,2.00,1.00,0.00,1.00,1.00,3.00,0.00,0.00,4.00,-2.00,-2.00,-4.00,1.00,0.00,0.00,-3.00,3.00,0.00,0.00,2.00,-2.00,-2.00,3.00,-1.00,0.00,-7.00,-5.00,-3.00,3.00,4.00,2.00,2.00,-28.00,28.00,52.00,-15.00,3.00,27.00,-66.00,-91.00,68.00,12.00,-9.00,3.00,1.00,14.00,-9.00,31.00,64.00,16.00,28.00,-89.00,-54.00,79.00,33.00,3.00,-6.00,-6.00,15.00,-17.00,-12.00,7.00,11.00,11.00,-80.00,-38.00,-35.00,-76.00,-53.00,162.00,-63.00,37.00,7.00,-15.00,89.00,-15.00,-112.00,245.00,-46.00,-48.00,2.00,-17.00,-62.00,-61.00,159.00,118.00,-83.00,-47.00,9.00,-22.00,1.00,1.00,-6.00,-3.00,2.00,-5.00,2.00,-4.00,4.00,9.00,0.00,-1.00,-1.00,-4.00
1.00,1.00,-1.00,0.00,-1.00,-1.00,-1.00,3.00,-2.00,0.00,0.00,1.00,1.00,0.00,-1.00,0.00,2.00,-4.00,3.00,-2.00,0.00,-1.00,-1.00,0.00,0.00,0.00,0.00,1.00,0.00,0.00,0.00,0.00,1.00,1.00,-4.00,1.00,2.00,-1.00,-1.00,-3.00,3.00,-2.00,0.00,0.00,0.00,-1.00,-1.00,0.00,-2.00,4.00,-1.00,-1.00,3.00,1.00,2.00,2.00,-2.00,1.00,-3.00,2.00,0.00,1.00,-2.00,-2.00,3.00,-4.00,3.00,-3.00,2.00,0.00,0.00,-1.00,-3.00,-1.00,-1.00,-3.00,3.00,-2.00,2.00,1.00,1.00,3.00,0.00,1.00,-2.00,2.00,-2.00,-1.00,2.00,-1.00,3.00,1.00,-1.00,-2.00,3.00,-5.00,4.00,-3.00,3.00,-1.00,1.00,-2.00,-3.00,-1.00,1.00,1.00,-1.00,4.00,1.00,0.00,5.00,1.00,0.00,-1.00,-2.00,6.00,1.00,-1.00,-2.00,4.00,-4.00,0.00,-2.00,1.00,-2.00,-2.00,-13.00,-36.00,23.00,33.00,-45.00,6.00,-5.00,-125.00,110.00,45.00,2.00,1.00,3.00,-5.00,2.00,5.00,11.00,-82.00,-55.00,-30.00,-42.00,63.00,15.00,19.00,-22.00,28.00,-10.00,-6.00,11.00,15.00,-25.00,29.00,-48.00,166.00,-44.00,-38.00,-86.00,243.00,-27.00,-43.00,-38.00,54.00,-4.00,-54.00,124.00,-67.00,22.00,-55.00,7.00,-13.00,-80.00,-92.00,185.00,168.00,-121.00,-44.00,-4.00,-5.00,17.00,-22.00,6.00,7.00,5.00,-13.00,-4.00,-4.00,-1.00,-6.00,-5.00,3.00,-2.00,2.00,-2.00,-41.00
-4.00,2.00,-2.00,-2.00,2.00,2.00,-2.00,1.00,3.00,-2.00,0.00,0.00,-1.00,-2.00,4.00,-1.00,0.00,0.00,0.00,2.00,-3.00,2.00,3.00,-2.00,0.00,0.00,0.00,0.00,0.00,0.00,1.00,-1.00,0.00,-1.00,0.00,-1.00,2.00,-2.00,-2.00,3.00,1.00,3.00,-1.00,0.00,-1.00,3.00,3.00,-2.00,0.00,-1.00,0.00,-1.00,-3.00,1.00,-4.00,1.00,2.00,0.00,-3.00,2.00,-1.00,-1.00,0.00,1.00,-5.00,3.00,-1.00,0.00,-2.00,2.00,1.00,0.00,0.00,-2.00,-3.00,2.00,0.00,-4.00,0.00,-1.00,0.00,1.00,-2.00,-1.00,2.00,-2.00,1.00,2.00,-1.00,2.00,-2.00,1.00,3.00,2.00,1.00,2.00,0.00,1.00,1.00,-2.00,0.00,2.00,2.00,1.00,0.00,0.00,-1.00,-2.00,1.00,-1.00,5.00,-3.00,-1.00,-1.00,7.00,-3.00,3.00,0.00,-1.00,-7.00,1.00,3.00,4.00,-2.00,6.00,-31.00,25.00,45.00,-19.00,-13.00,42.00,-86.00,-82.00,148.00,-31.00,2.00,2.00,3.00,-6.00,2.00,35.00,37.00,102.00,8.00,-7.00,-89.00,68.00,-11.00,-7.00,11.00,-23.00,43.00,-21.00,-2.00,2.00,3.00,38.00,53.00,-37.00,-88.00,-60.00,107.00,5.00,-53.00,-6.00,2.00,-49.00,56.00,-10.00,-37.00,113.00,-67.00,9.00,13.00,-78.00,-81.00,245.00,224.00,-156.00,-73.00,-6.00,4.00,3.00,3.00,10.00,-7.00,7.00,1.00,-3.00,-1.00,-7.00,30.00,-9.00,-1.00,-1.00,-1.00,-13.00,-20.00,-96.00,96.00
0.00,1.00,1.00,1.00,0.00,1.00,-3.00,3.00,-4.00,3.00,-2.00,-1.00,2.00,2.00,-2.00,0.00,-1.00,4.00,-1.00,0.00,1.00,1.00,-4.00,3.00,-2.00,0.00,0.00,0.00,0.00,0.00,-5.00,5.00,-2.00,3.00,2.00,4.00,-6.00,2.00,2.00,-2.00,-1.00,-1.00,0.00,0.00,1.00,-1.00,-2.00,4.00,-2.00,-1.00,-2.00,2.00,0.00,4.00,0.00,0.00,0.00,-2.00,2.00,-5.00,3.00,0.00,1.00,0.00,3.00,-8.00,3.00,-1.00,0.00,-1.00,-3.00,0.00,0.00,-2.00,4.00,-3.00,3.00,1.00,1.00,2.00,-1.00,0.00,1.00,2.00,-1.00,3.00,-1.00,1.00,-1.00,0.00,2.00,-2.00,2.00,1.00,0.00,-1.00,0.00,0.00,0.00,2.00,-1.00,3.00,-1.00,0.00,1.00,1.00,0.00,0.00,4.00,3.00,3.00,0.00,3.00,-5.00,-5.00,-2.00,1.00,-5.00,0.00,-1.00,4.00,-7.00,7.00,-18.00,-30.00,53.00,-11.00,-6.00,0.00,20.00,-126.00,119.00,41.00,-21.00,-5.00,0.00,-5.00,0.00,-2.00,105.00,-66.00,-40.00,-115.00,-15.00,-128.00,104.00,-29.00,2.00,-10.00,15.00,-20.00,44.00,-31.00,22.00,63.00,25.00,-64.00,-57.00,-90.00,54.00,71.00,-38.00,1.00,-8.00,10.00,-4.00,-36.00,44.00,9.00,-15.00,-21.00,-31.00,-23.00,-68.00,220.00,166.00,-163.00,-92.00,-4.00,3.00,-2.00,5.00,8.00,-1.00,0.00,-6.00,-1.00,-4.00,6.00,2.00,-18.00,24.00,-18.00,-4.00,-58.00,-12.00,-31.00,-27.00,125.00,108.00
5.00,-5.00,1.00,0.00,0.00,0.00,2.00,-4.00,2.00,0.00,2.00,-2.00,1.00,1.00,-2.00,0.00,-1.00,-2.00,-1.00,0.00,-1.00,0.00,1.00,0.00,2.00,-2.00,-1.00,-1.00,-2.00,4.00,-1.00,-1.00,0.00,-2.00,-1.00,-2.00,5.00,-1.00,1.00,-2.00,-1.00,0.00,0.00,1.00,-3.00,1.00,0.00,-2.00,2.00,1.00,1.00,0.00,0.00,-1.00,0.00,-1.00,4.00,1.00,-2.00,-1.00,0.00,4.00,-2.00,2.00,0.00,3.00,-6.00,4.00,-2.00,-3.00,0.00,3.00,-3.00,-2.00,-1.00,1.00,-6.00,4.00,-2.00,0.00,-2.00,0.00,1.00,1.00,0.00,-3.00,0.00,1.00,-1.00,0.00,1.00,5.00,-2.00,-2.00,0.00,4.00,-1.00,0.00,0.00,1.00,0.00,1.00,0.00,2.00,0.00,1.00,1.00,4.00,0.00,-1.00,3.00,1.00,1.00,4.00,-1.00,3.00,-1.00,-2.00,-2.00,4.00,0.00,4.00,-20.00,56.00,9.00,-11.00,31.00,10.00,-38.00,-91.00,117.00,-32.00,0.00,11.00,-7.00,13.00,-2.00,-2.00,96.00,-132.00,-21.00,-70.00,108.00,40.00,35.00,11.00,-5.00,6.00,-10.00,7.00,-24.00,95.00,-27.00,20.00,-58.00,-40.00,-36.00,18.00,182.00,-39.00,-7.00,-16.00,6.00,-13.00,12.00,-1.00,-22.00,41.00,7.00,-16.00,8.00,-58.00,154.00,43.00,-124.00,-66.00,2.00,5.00,-12.00,5.00,12.00,-27.00,10.00,0.00,10.00,-8.00,1.00,7.00,-4.00,-1.00,-44.00,94.00,-89.00,-68.00,171.00,-164.00,206.00,52.00,-94.00,-48.00
2.00,-1.00,-1.00,0.00,-1.00,0.00,0.00,1.00,0.00,0.00,1.00,-3.00,1.00,0.00,2.00,-3.00,4.00,1.00,2.00,-3.00,4.00,-1.00,0.00,-1.00,-1.00,1.00,1.00,1.00,2.00,-4.00,3.00,-2.00,-1.00,4.00,-2.00,0.00,-1.00,0.00,0.00,1.00,2.00,-2.00,0.00,2.00,-1.00,2.00,0.00,-1.00,1.00,0.00,0.00,1.00,0.00,1.00,0.00,0.00,-1.00,0.00,1.00,1.00,0.00,-2.00,-2.00,-1.00,2.00,-1.00,3.00,0.00,-1.00,3.00,1.00,-2.00,4.00,0.00,-2.00,0.00,1.00,-2.00,1.00,2.00,0.00,-1.00,-4.00,2.00,-1.00,2.00,-2.00,1.00,-1.00,2.00,-1.00,-4.00,0.00,-2.00,1.00,-2.00,0.00,0.00,0.00,2.00,2.00,1.00,-3.00,2.00,-5.00,0.00,-3.00,-3.00,-7.00,-3.00,-1.00,1.00,-1.00,-3.00,-1.00,-6.00,2.00,-3.00,-4.00,1.00,-9.00,-12.00,20.00,-27.00,-43.00,21.00,-19.00,-84.00,54.00,51.00,-12.00,-11.00,4.00,4.00,10.00,21.00,46.00,103.00,-101.00,-58.00,22.00,47.00,0.00,14.00,-14.00,15.00,-20.00,6.00,-6.00,47.00,59.00,7.00,-45.00,-39.00,-52.00,-25.00,73.00,-6.00,-47.00,5.00,-11.00,8.00,-1.00,-1.00,7.00,-6.00,-3.00,-152.00,70.00,-47.00,116.00,-29.00,-61.00,-29.00,-14.00,-1.00,13.00,11.00,-19.00,3.00,9.00,-25.00,14.00,0.00,1.00,1.00,-8.00,10.00,-7.00,-1.00,-128.00,95.00,28.00,-120.00,198.00,-44.00,-46.00,-20.00,-3.00,8.00
0.00,1.00,2.00,-3.00,4.00,-2.00,-1.00,0.00,0.00,0.00,0.00,1.00,1.00,0.00,0.00,3.00,-8.00,2.00,0.00,2.00,-2.00,-1.00,-2.00,2.00,2.00,-2.00,0.00,0.00,0.00,1.00,1.00,3.00,-1.00,-3.00,4.00,-2.00,0.00,0.00,0.00,0.00,0.00,2.00,0.00,0.00,-4.00,-1.00,1.00,-2.00,2.00,0.00,1.00,-4.00,2.00,-4.00,1.00,0.00,0.00,1.00,0.00,0.00,-1.00,3.00,0.00,3.00,-1.00,1.00,2.00,-1.00,3.00,1.00,-1.00,2.00,1.00,-3.00,2.00,-1.00,-1.00,5.00,-4.00,-1.00,2.00,1.00,-1.00,1.00,-1.00,0.00,3.00,0.00,-1.00,-3.00,0.00,1.00,3.00,2.00,-1.00,4.00,-1.00,0.00,1.00,-1.00,1.00,1.00,-1.00,0.00,6.00,-1.00,-3.00,-4.00,3.00,0.00,1.00,-5.00,-4.00,5.00,-6.00,3.00,-2.00,-3.00,2.00,-23.00,44.00,19.00,-23.00,11.00,36.00,1.00,-72.00,94.00,1.00,3.00,-4.00,-5.00,2.00,17.00,53.00,-60.00,-35.00,-98.00,-66.00,77.00,15.00,-6.00,3.00,-7.00,-13.00,8.00,-9.00,18.00,24.00,-73.00,-58.00,-3.00,-47.00,-63.00,113.00,24.00,-35.00,-3.00,-6.00,25.00,-12.00,1.00,11.00,-10.00,-4.00,-44.00,82.00,114.00,-81.00,-13.00,125.00,-53.00,-16.00,-2.00,-7.00,8.00,-5.00,4.00,-24.00,10.00,11.00,-31.00,19.00,2.00,5.00,-6.00,-3.00,-68.00,-64.00,-128.00,184.00,47.00,148.00,-44.00,-91.00,2.00,-21.00,15.00,-46.00,-11.00
-1.00,0.00,0.00,2.00,-4.00,2.00,3.00,-2.00,-1.00,0.00,0.00,1.00,-4.00,1.00,0.00,0.00,2.00,0.00,0.00,1.00,-3.00,2.00,1.00,0.00,0.00,2.00,-2.00,0.00,0.00,1.00,-3.00,-2.00,-2.00,3.00,-3.00,3.00,-1.00,0.00,0.00,1.00,1.00,1.00,1.00,-5.00,3.00,0.00,1.00,5.00,-3.00,2.00,1.00,1.00,0.00,1.00,0.00,0.00,1.00,-4.00,1.00,0.00,0.00,-3.00,1.00,-2.00,0.00,0.00,0.00,3.00,1.00,-1.00,2.00,4.00,1.00,2.00,0.00,-1.00,1.00,0.00,3.00,1.00,-1.00,-2.00,3.00,0.00,-1.00,1.00,-3.00,0.00,2.00,1.00,-1.00,2.00,-2.00,-3.00,1.00,-1.00,0.00,0.00,2.00,2.00,0.00,2.00,3.00,-2.00,-3.00,-1.00,2.00,1.00,-4.00,2.00,-5.00,6.00,6.00,-7.00,5.00,-1.00,-4.00,-6.00,-20.00,33.00,-28.00,-38.00,27.00,-8.00,-48.00,-70.00,10.00,20.00,4.00,2.00,-3.00,-2.00,22.00,52.00,-63.00,-67.00,-68.00,66.00,50.00,17.00,-13.00,-9.00,10.00,4.00,-2.00,18.00,19.00,-57.00,133.00,-45.00,-57.00,-74.00,45.00,53.00,-13.00,-3.00,3.00,-4.00,-4.00,12.00,-2.00,-15.00,-10.00,-16.00,55.00,92.00,-164.00,144.00,-140.00,35.00,55.00,-10.00,-22.00,-5.00,-8.00,-1.00,8.00,5.00,-21.00,26.00,12.00,-33.00,17.00,0.00,2.00,-23.00,-132.00,150.00,103.00,183.00,-115.00,-30.00,-78.00,-14.00,44.00,-54.00,5.00,-117.00,193.00,58.00
4.00,-1.00,0.00,0.00,1.00,1.00,-4.00,2.00,2.00,-2.00,-1.00,-1.00,0.00,0.00,0.00,0.00,0.00,0.00,0.00,0.00,1.00,0.00,0.00,0.00,0.00,-1.00,2.00,-2.00,-1.00,0.00,1.00,1.00,1.00,2.00,-2.00,3.00,-1.00,0.00,2.00,-2.00,-2.00,3.00,0.00,0.00,-2.00,-5.00,-1.00,-4.00,0.00,-1.00,-3.00,1.00,0.00,0.00,0.00,0.00,0.00,1.00,-1.00,-1.00,-2.00,2.00,0.00,-2.00,0.00,1.00,2.00,-1.00,-2.00,1.00,0.00,-4.00,3.00,0.00,3.00,2.00,-1.00,0.00,2.00,0.00,3.00,3.00,-4.00,1.00,0.00,1.00,3.00,-1.00,1.00,0.00,0.00,-4.00,4.00,2.00,0.00,0.00,0.00,2.00,0.00,1.00,1.00,-1.00,-4.00,-8.00,-1.00,-4.00,2.00,-2.00,0.00,-1.00,2.00,-4.00,-5.00,3.00,2.00,2.00,-17.00,7.00,34.00,-15.00,16.00,25.00,-4.00,-53.00,68.00,67.00,-48.00,26.00,-1.00,1.00,8.00,55.00,59.00,-75.00,-101.00,102.00,17.00,-7.00,6.00,13.00,-11.00,-7.00,10.00,-4.00,18.00,-20.00,109.00,-61.00,-114.00,-83.00,71.00,113.00,-14.00,-1.00,1.00,-14.00,27.00,-15.00,7.00,-20.00,-24.00,-11.00,58.00,11.00,-65.00,-24.00,19.00,-112.00,110.00,-128.00,56.00,13.00,-28.00,-4.00,-8.00,5.00,4.00,-1.00,-17.00,-27.00,21.00,-34.00,3.00,-32.00,-97.00,2.00,125.00,133.00,-132.00,-48.00,-13.00,36.00,-24.00,-94.00,113.00,136.00,-31.00,227.00,-150.00,-59.00
-2.00,-1.00,0.00,-1.00,0.00,0.00,0.00,0.00,0.00,0.00,1.00,1.00,2.00,-1.00,-1.00,0.00,0.00,0.00,0.00,0.00,0.00,0.00,0.00,0.00,-1.00,4.00,-1.00,1.00,2.00,-1.00,0.00,0.00,1.00,-2.00,0.00,0.00,1.00,2.00,-2.00,0.00,0.00,-1.00,0.00,3.00,-7.00,7.00,-1.00,-1.00,3.00,-3.00,3.00,-1.00,0.00,0.00,0.00,-1.00,-1.00,-2.00,2.00,2.00,1.00,-1.00,-2.00,2.00,0.00,-2.00,0.00,2.00,1.00,4.00,-3.00,1.00,2.00,0.00,2.00,-1.00,2.00,2.00,0.00,-2.00,1.00,-2.00,3.00,2.00,-3.00,0.00,1.00,1.00,2.00,0.00,0.00,3.00,-1.00,-2.00,2.00,1.00,2.00,0.00,0.00,1.00,0.00,2.00,1.00,3.00,-5.00,-1.00,-1.00,0.00,0.00,1.00,-2.00,0.00,-1.00,0.00,2.00,-24.00,42.00,-6.00,-39.00,5.00,4.00,-47.00,-133.00,86.00,-7.00,25.00,-40.00,22.00,-10.00,30.00,54.00,-93.00,-87.00,-92.00,150.00,-1.00,-9.00,-12.00,8.00,12.00,-7.00,-11.00,-1.00,65.00,5.00,-36.00,-76.00,-129.00,184.00,24.00,-47.00,86.00,-43.00,9.00,-2.00,-12.00,19.00,-14.00,-28.00,-42.00,159.00,-23.00,-37.00,-9.00,-54.00,3.00,-104.00,98.00,26.00,22.00,-6.00,3.00,-17.00,-2.00,-6.00,-2.00,5.00,2.00,-10.00,23.00,-66.00,-30.00,-38.00,59.00,163.00,97.00,-106.00,-78.00,7.00,-22.00,-29.00,-60.00,-43.00,181.00,-147.00,-34.00,-2.00,-98.00,-5.00,3.00
1.00,2.00,-2.00,3.00,-2.00,-2.00,4.00,-1.00,-1.00,3.00,-1.00,0.00,1.00,-3.00,3.00,-1.00,-1.00,0.00,0.00,0.00,0.00,0.00,-1.00,0.00,0.00,-1.00,0.00,-1.00,1.00,-2.00,-1.00,-1.00,1.00,-2.00,2.00,-2.00,-1.00,-1.00,-1.00,0.00,0.00,0.00,0.00,0.00,0.00,0.00,0.00,1.00,0.00,2.00,-5.00,6.00,-1.00,-1.00,-1.00,2.00,1.00,0.00,1.00,-4.00,-1.00,2.00,1.00,0.00,0.00,0.00,-2.00,2.00,-4.00,-1.00,2.00,0.00,-2.00,-3.00,-2.00,0.00,-4.00,3.00,0.00,3.00,-1.00,3.00,0.00,1.00,2.00,0.00,-3.00,1.00,0.00,3.00,-3.00,-1.00,2.00,1.00,0.00,0.00,1.00,1.00,1.00,3.00,1.00,1.00,4.00,2.00,-6.00,3.00,0.00,0.00,0.00,1.00,-2.00,-2.00,-2.00,-18.00,-21.00,33.00,-35.00,32.00,20.00,-41.00,-88.00,86.00,64.00,-2.00,-6.00,17.00,-26.00,25.00,80.00,36.00,-126.00,-70.00,95.00,22.00,-2.00,12.00,-11.00,-12.00,10.00,11.00,28.00,33.00,124.00,-99.00,-36.00,-104.00,125.00,38.00,-23.00,9.00,-34.00,47.00,-31.00,6.00,-2.00,-10.00,-2.00,-40.00,171.00,-37.00,-63.00,3.00,-44.00,-63.00,157.00,0.00,1.00,42.00,0.00,-42.00,69.00,-3.00,-12.00,9.00,-1.00,4.00,-1.00,0.00,-102.00,-103.00,183.00,-64.00,206.00,-80.00,-72.00,-27.00,15.00,-13.00,-50.00,-33.00,125.00,54.00,139.00,-90.00,20.00,1.00,19.00,-14.00,-4.00,7.00
0.00,1.00,-3.00,1.00,2.00,2.00,-3.00,0.00,-1.00,3.00,-1.00,0.00,-1.00,1.00,1.00,-3.00,3.00,-2.00,0.00,0.00,-1.00,-2.00,3.00,-2.00,0.00,-1.00,-1.00,3.00,-1.00,1.00,1.00,2.00,-2.00,4.00,-3.00,0.00,0.00,-1.00,4.00,-1.00,0.00,0.00,0.00,-3.00,0.00,2.00,3.00,-1.00,0.00,0.00,2.00,-5.00,0.00,4.00,-3.00,1.00,-1.00,4.00,-1.00,0.00,3.00,1.00,1.00,0.00,0.00,0.00,0.00,-1.00,0.00,-2.00,1.00,-2.00,2.00,-1.00,1.00,2.00,2.00,-1.00,-2.00,-1.00,2.00,-2.00,2.00,-3.00,-4.00,1.00,-3.00,1.00,0.00,2.00,1.00,3.00,2.00,2.00,1.00,1.00,5.00,1.00,2.00,-2.00,3.00,3.00,-4.00,1.00,-1.00,3.00,-6.00,2.00,0.00,0.00,1.00,5.00,-23.00,54.00,-10.00,-40.00,42.00,-8.00,-77.00,88.00,39.00,-16.00,5.00,-1.00,-13.00,57.00,28.00,60.00,-106.00,-126.00,100.00,61.00,-15.00,-15.00,15.00,8.00,-12.00,-6.00,40.00,108.00,-90.00,-43.00,-99.00,-100.00,-1.00,67.00,-3.00,-4.00,-8.00,3.00,-29.00,63.00,-29.00,7.00,-9.00,-23.00,160.00,-38.00,-86.00,21.00,-66.00,-58.00,131.00,1.00,-44.00,-8.00,-39.00,49.00,33.00,-120.00,70.00,-12.00,-10.00,3.00,7.00,4.00,-69.00,-163.00,168.00,23.00,131.00,-81.00,-69.00,-10.00,-5.00,-27.00,-86.00,-15.00,137.00,142.00,-172.00,76.00,-77.00,0.00,-6.00,1.00,24.00,-7.00,-10.00,0.00
-1.00,0.00,0.00,1.00,-4.00,1.00,3.00,-3.00,-1.00,-2.00,-1.00,-1.00,4.00,-1.00,0.00,1.00,0.00,2.00,-2.00,-2.00,2.00,1.00,0.00,2.00,-3.00,3.00,-3.00,2.00,-2.00,-1.00,-1.00,-1.00,3.00,-4.00,-1.00,0.00,0.00,0.00,-1.00,0.00,0.00,0.00,-2.00,5.00,1.00,1.00,-3.00,-1.00,0.00,-1.00,-1.00,1.00,0.00,-3.00,3.00,0.00,0.00,-1.00,0.00,0.00,-2.00,-2.00,-3.00,1.00,0.00,0.00,0.00,0.00,0.00,0.00,-3.00,1.00,-3.00,1.00,-2.00,2.00,-4.00,0.00,-2.00,1.00,-3.00,0.00,1.00,-1.00,4.00,-4.00,0.00,0.00,2.00,-1.00,-1.00,2.00,-2.00,-1.00,4.00,5.00,1.00,-3.00,1.00,3.00,-2.00,-4.00,3.00,1.00,1.00,-3.00,5.00,-5.00,1.00,2.00,-17.00,-22.00,40.00,-40.00,60.00,10.00,-67.00,-64.00,61.00,-5.00,6.00,-6.00,5.00,-8.00,36.00,-32.00,-83.00,-77.00,-33.00,67.00,7.00,0.00,-8.00,-17.00,16.00,9.00,-4.00,14.00,-61.00,-74.00,0.00,-66.00,5.00,160.00,-1.00,-5.00,-4.00,1.00,-2.00,11.00,-16.00,20.00,-15.00,-25.00,89.00,9.00,-80.00,-11.00,-21.00,1.00,108.00,-10.00,-30.00,-2.00,-12.00,18.00,-39.00,61.00,9.00,-104.00,52.00,-3.00,-19.00,-68.00,-14.00,-121.00,154.00,140.00,155.00,-108.00,-84.00,89.00,-21.00,-50.00,-28.00,70.00,191.00,168.00,-141.00,-32.00,-33.00,72.00,8.00,3.00,0.00,-5.00,20.00,-22.00,-2.00,-2.00
3.00,-3.00,4.00,-1.00,1.00,1.00,-5.00,6.00,1.00,1.00,2.00,-2.00,-2.00,0.00,0.00,-1.00,0.00,0.00,1.00,1.00,0.00,0.00,0.00,0.00,1.00,0.00,1.00,0.00,1.00,1.00,2.00,3.00,-1.00,5.00,-5.00,0.00,0.00,0.00,0.00,-1.00,-1.00,-1.00,-2.00,0.00,0.00,0.00,1.00,2.00,-2.00,2.00,3.00,-1.00,-2.00,3.00,-4.00,1.00,1.00,0.00,0.00,-1.00,2.00,1.00,1.00,0.00,0.00,0.00,-1.00,-1.00,-1.00,-3.00,1.00,-1.00,3.00,1.00,0.00,-2.00,-2.00,1.00,0.00,-2.00,3.00,-2.00,-2.00,1.00,-2.00,4.00,1.00,0.00,-3.00,2.00,-3.00,2.00,1.00,0.00,-3.00,2.00,-5.00,-1.00,1.00,1.00,-4.00,-1.00,-4.00,-2.00,-1.00,-1.00,3.00,0.00,1.00,-30.00,47.00,-12.00,-24.00,-7.00,-33.00,-97.00,83.00,41.00,-17.00,7.00,14.00,-17.00,13.00,63.00,103.00,-122.00,-17.00,55.00,22.00,-4.00,6.00,3.00,-5.00,-14.00,10.00,27.00,1.00,155.00,-76.00,-4.00,-99.00,52.00,58.00,36.00,-32.00,-4.00,6.00,-6.00,1.00,-4.00,-11.00,-45.00,38.00,138.00,-116.00,-43.00,-46.00,-18.00,-75.00,47.00,-19.00,-3.00,-1.00,-3.00,-9.00,17.00,-50.00,46.00,23.00,16.00,15.00,-1.00,-138.00,176.00,-134.00,226.00,-78.00,-77.00,-74.00,7.00,-6.00,-78.00,-38.00,120.00,73.00,-46.00,-116.00,-88.00,7.00,-26.00,-47.00,75.00,-90.00,38.00,-2.00,-3.00,52.00,-33.00,2.00,22.00
0.00,3.00,-2.00,0.00,0.00,0.00,1.00,0.00,-4.00,1.00,0.00,1.00,2.00,-2.00,-2.00,3.00,-2.00,-1.00,0.00,-1.00,0.00,0.00,0.00,0.00,0.00,0.00,0.00,0.00,0.00,1.00,-3.00,-2.00,-1.00,0.00,1.00,-5.00,-3.00,-2.00,-2.00,2.00,1.00,1.00,2.00,-6.00,6.00,-1.00,0.00,1.00,-3.00,2.00,-3.00,-3.00,2.00,0.00,1.00,1.00,-3.00,1.00,0.00,-1.00,1.00,0.00,0.00,0.00,0.00,-2.00,2.00,1.00,-1.00,3.00,2.00,-3.00,-2.00,-4.00,-1.00,2.00,0.00,0.00,-1.00,0.00,-6.00,1.00,4.00,0.00,2.00,-4.00,1.00,-1.00,3.00,2.00,1.00,3.00,-2.00,-1.00,-1.00,-8.00,0.00,0.00,-4.00,1.00,-3.00,-3.00,0.00,0.00,0.00,0.00,-1.00,-1.00,-13.00,44.00,-38.00,82.00,-10.00,-36.00,-6.00,101.00,-5.00,-1.00,-1.00,-3.00,-3.00,50.00,44.00,-98.00,-141.00,103.00,6.00,24.00,-12.00,-2.00,4.00,9.00,-7.00,23.00,108.00,21.00,-79.00,-64.00,-70.00,70.00,44.00,-14.00,31.00,-12.00,-1.00,-12.00,-2.00,3.00,-20.00,-22.00,48.00,134.00,-93.00,-86.00,-82.00,20.00,138.00,17.00,-10.00,72.00,-22.00,0.00,2.00,-3.00,-6.00,1.00,-16.00,0.00,-28.00,65.00,-18.00,-57.00,102.00,138.00,-30.00,-60.00,-7.00,4.00,-27.00,-41.00,109.00,98.00,153.00,-141.00,37.00,-9.00,-21.00,9.00,-4.00,1.00,-58.00,60.00,6.00,-46.00,16.00,47.00,-37.00,-7.00,28.00,-63.00
2.00,-2.00,0.00,0.00,0.00,-1.00,-1.00,0.00,1.00,0.00,0.00,0.00,0.00,1.00,1.00,0.00,1.00,2.00,-3.00,3.00,-2.00,-1.00,-1.00,0.00,0.00,-1.00,0.00,0.00,0.00,0.00,0.00,0.00,1.00,0.00,3.00,0.00,3.00,0.00,-3.00,-1.00,-1.00,0.00,-1.00,-1.00,0.00,0.00,0.00,0.00,1.00,0.00,-1.00,5.00,0.00,0.00,0.00,0.00,-4.00,0.00,-1.00,-2.00,1.00,-1.00,-1.00,-1.00,-3.00,2.00,-1.00,-2.00,2.00,-1.00,-2.00,4.00,-2.00,3.00,1.00,-2.00,3.00,-3.00,3.00,3.00,1.00,-4.00,0.00,3.00,-2.00,0.00,0.00,0.00,0.00,3.00,-3.00,1.00,0.00,-2.00,2.00,0.00,-1.00,0.00,2.00,-2.00,2.00,1.00,-1.00,-1.00,0.00,-1.00,-1.00,2.00,1.00,-20.00,-10.00,-63.00,-74.00,12.00,30.00,3.00,-2.00,10.00,-29.00,11.00,87.00,-125.00,-31.00,-75.00,136.00,-2.00,-26.00,14.00,-4.00,-8.00,8.00,6.00,83.00,-91.00,-58.00,-29.00,-22.00,-127.00,102.00,2.00,-1.00,-22.00,46.00,-12.00,-18.00,1.00,1.00,-30.00,84.00,147.00,-136.00,-3.00,-124.00,105.00,107.00,-13.00,-61.00,16.00,-36.00,53.00,-26.00,-5.00,-2.00,-4.00,-10.00,-5.00,5.00,30.00,3.00,41.00,-48.00,38.00,-41.00,-63.00,2.00,-20.00,-25.00,-79.00,170.00,88.00,-127.00,-35.00,-62.00,8.00,-14.00,29.00,-22.00,2.00,-9.00,10.00,-62.00,107.00,-58.00,-27.00,55.00,-55.00,53.00,-38.00,-9.00,13.00
2.00,-2.00,0.00,0.00,-2.00,2.00,2.00,-1.00,0.00,0.00,0.00,0.00,0.00,0.00,0.00,0.00,0.00,0.00,1.00,0.00,2.00,2.00,2.00,-2.00,-2.00,3.00,-1.00,-1.00,0.00,-2.00,3.00,3.00,-2.00,3.00,-3.00,4.00,0.00,1.00,5.00,-3.00,1.00,-4.00,2.00,0.00,-1.00,1.00,0.00,0.00,0.00,-1.00,4.00,-1.00,-4.00,1.00,-1.00,2.00,2.00,1.00,1.00,1.00,-1.00,2.00,1.00,0.00,5.00,-2.00,2.00,0.00,-2.00,2.00,1.00,1.00,2.00,0.00,0.00,3.00,1.00,3.00,-2.00,0.00,-5.00,3.00,3.00,1.00,1.00,2.00,-1.00,3.00,2.00,1.00,0.00,-3.00,-2.00,0.00,-3.00,-2.00,3.00,-2.00,0.00,1.00,3.00,1.00,-2.00,4.00,-3.00,3.00,-3.00,1.00,-8.00,14.00,-84.00,75.00,41.00,16.00,-17.00,23.00,1.00,7.00,29.00,96.00,-139.00,-5.00,-30.00,46.00,-20.00,11.00,-9.00,13.00,-14.00,39.00,59.00,103.00,-101.00,-38.00,-21.00,-142.00,100.00,47.00,9.00,-3.00,-3.00,-24.00,17.00,44.00,-5.00,-6.00,40.00,146.00,-107.00,-136.00,-90.00,128.00,23.00,-12.00,-24.00,2.00,-25.00,16.00,-47.00,82.00,-31.00,2.00,-3.00,-31.00,-53.00,127.00,-70.00,-128.00,75.00,42.00,32.00,-35.00,9.00,-45.00,17.00,94.00,39.00,226.00,-151.00,-65.00,-17.00,30.00,9.00,2.00,0.00,21.00,-17.00,-1.00,-4.00,17.00,-80.00,108.00,-77.00,30.00,-49.00,20.00,43.00,-69.00,15.00,4.00
-1.00,2.00,-1.00,-1.00,2.00,0.00,2.00,-2.00,-1.00,-1.00,-1.00,-1.00,-1.00,-1.00,0.00,0.00,0.00,-1.00,0.00,1.00,-3.00,-3.00,1.00,1.00,1.00,1.00,-2.00,4.00,-3.00,3.00,-3.00,-2.00,-2.00,1.00,1.00,1.00,-3.00,3.00,-1.00,2.00,-2.00,2.00,-4.00,1.00,3.00,-6.00,1.00,0.00,-1.00,0.00,-1.00,1.00,1.00,-1.00,-2.00,1.00,1.00,1.00,0.00,0.00,-1.00,2.00,0.00,-1.00,-1.00,-2.00,1.00,3.00,2.00,1.00,2.00,-2.00,-2.00,3.00,-3.00,1.00,-1.00,0.00,2.00,2.00,3.00,1.00,0.00,0.00,4.00,4.00,4.00,0.00,-4.00,-7.00,-1.00,-2.00,2.00,1.00,-2.00,0.00,-1.00,1.00,-1.00,0.00,-4.00,-2.00,-1.00,-3.00,2.00,0.00,1.00,0.00,-10.00,-74.00,116.00,17.00,-14.00,-3.00,4.00,23.00,-25.00,104.00,-114.00,-133.00,68.00,55.00,26.00,-7.00,-2.00,5.00,-1.00,-2.00,29.00,-88.00,-66.00,-85.00,-113.00,47.00,50.00,65.00,-4.00,-13.00,7.00,-2.00,3.00,-25.00,75.00,40.00,-9.00,95.00,-104.00,-118.00,-98.00,137.00,46.00,-20.00,-9.00,-2.00,1.00,5.00,-21.00,12.00,-47.00,98.00,-41.00,-27.00,-85.00,123.00,141.00,-100.00,-55.00,147.00,-129.00,122.00,-81.00,-2.00,-78.00,176.00,-13.00,-120.00,-13.00,-101.00,-2.00,8.00,-24.00,36.00,-3.00,1.00,10.00,10.00,-7.00,-8.00,-29.00,-27.00,-33.00,83.00,-19.00,11.00,19.00,2.00,15.00,-66.00,-12.00,9.00
3.00,0.00,-2.00,-2.00,1.00,1.00,-3.00,2.00,1.00,0.00,1.00,1.00,1.00,3.00,-1.00,-1.00,-2.00,4.00,-1.00,-1.00,1.00,0.00,-1.00,0.00,-1.00,1.00,-2.00,-3.00,2.00,0.00,1.00,1.00,1.00,0.00,0.00,0.00,1.00,1.00,-3.00,3.00,3.00,-1.00,1.00,1.00,-3.00,2.00,-1.00,-2.00,4.00,-1.00,0.00,-4.00,1.00,3.00,1.00,1.00,-2.00,-3.00,1.00,0.00,0.00,-2.00,0.00,4.00,-2.00,3.00,-4.00,0.00,-1.00,0.00,-1.00,0.00,1.00,-1.00,0.00,-1.00,4.00,0.00,-2.00,-1.00,0.00,1.00,2.00,-2.00,-2.00,-1.00,-3.00,-4.00,-2.00,3.00,0.00,0.00,-2.00,1.00,3.00,-1.00,0.00,3.00,-5.00,1.00,1.00,1.00,1.00,0.00,0.00,-1.00,0.00,-1.00,-47.00,79.00,-20.00,28.00,-14.00,-2.00,-5.00,115.00,-29.00,-121.00,-7.00,135.00,-20.00,-10.00,13.00,-16.00,-2.00,10.00,-15.00,103.00,93.00,-44.00,-121.00,88.00,117.00,46.00,-24.00,5.00,-5.00,-2.00,4.00,15.00,61.00,56.00,-1.00,27.00,-70.00,-59.00,-87.00,159.00,25.00,-10.00,6.00,-32.00,10.00,-5.00,5.00,11.00,-29.00,18.00,-58.00,107.00,-47.00,135.00,162.00,-106.00,-63.00,-64.00,-50.00,104.00,-59.00,98.00,-77.00,5.00,258.00,-152.00,-37.00,-40.00,88.00,-53.00,13.00,3.00,-26.00,28.00,3.00,-1.00,6.00,-2.00,-20.00,15.00,-5.00,21.00,-53.00,114.00,-82.00,15.00,0.00,-16.00,-58.00,53.00,-20.00,-88.00
2.00,-2.00,2.00,1.00,0.00,1.00,-3.00,1.00,-1.00,4.00,-1.00,0.00,1.00,-3.00,-2.00,2.00,3.00,-3.00,-2.00,3.00,-3.00,2.00,2.00,-3.00,3.00,-2.00,1.00,1.00,-1.00,0.00,0.00,0.00,-1.00,0.00,0.00,-1.00,0.00,0.00,2.00,-5.00,1.00,0.00,0.00,1.00,3.00,2.00,-5.00,1.00,-4.00,-1.00,3.00,-19.00,-46.00,-2.00,2.00,2.00,-3.00,3.00,1.00,1.00,0.00,-1.00,2.00,-1.00,-2.00,1.00,1.00,-1.00,1.00,-4.00,1.00,2.00,-3.00,2.00,2.00,-2.00,-2.00,0.00,-1.00,1.00,-2.00,-5.00,-4.00,-2.00,-2.00,-3.00,-1.00,0.00,0.00,-3.00,2.00,0.00,-2.00,2.00,-3.00,-1.00,1.00,-3.00,0.00,-1.00,0.00,0.00,-2.00,4.00,-3.00,3.00,-3.00,1.00,-44.00,41.00,3.00,11.00,-9.00,60.00,84.00,-173.00,-91.00,56.00,32.00,-21.00,-4.00,16.00,3.00,-5.00,-4.00,86.00,19.00,-88.00,-139.00,-52.00,117.00,-50.00,16.00,31.00,-21.00,4.00,-4.00,0.00,31.00,38.00,-141.00,-1.00,-61.00,-67.00,12.00,-92.00,97.00,-19.00,8.00,-6.00,10.00,-10.00,6.00,-4.00,0.00,8.00,-58.00,1.00,44.00,117.00,-99.00,-61.00,-111.00,-53.00,-70.00,223.00,-66.00,2.00,-141.00,20.00,37.00,-8.00,-109.00,2.00,-7.00,-54.00,157.00,-57.00,9.00,-4.00,-27.00,22.00,5.00,2.00,3.00,29.00,-22.00,5.00,1.00,-38.00,-54.00,108.00,-61.00,26.00,-39.00,30.00,105.00,45.00,159.00,-90.00
0.00,3.00,-5.00,1.00,0.00,0.00,0.00,-1.00,0.00,-2.00,0.00,0.00,-1.00,1.00,1.00,1.00,-4.00,2.00,1.00,0.00,1.00,0.00,0.00,1.00,0.00,2.00,-1.00,-1.00,4.00,-1.00,-1.00,-1.00,3.00,-2.00,-2.00,3.00,-2.00,-1.00,-2.00,4.00,-3.00,3.00,3.00,-1.00,1.00,-1.00,-1.00,4.00,2.00,-6.00,-19.00,13.00,102.00,-39.00,-3.00,-3.00,3.00,-3.00,-2.00,-3.00,1.00,0.00,-3.00,-1.00,1.00,-1.00,-3.00,3.00,-2.00,0.00,1.00,-3.00,-1.00,-2.00,-2.00,-1.00,0.00,3.00,-3.00,-1.00,0.00,1.00,3.00,-1.00,-2.00,4.00,-1.00,0.00,-1.00,4.00,-4.00,-1.00,2.00,0.00,1.00,2.00,-2.00,0.00,0.00,1.00,-3.00,-3.00,2.00,-5.00,1.00,0.00,-1.00,4.00,-45.00,40.00,0.00,2.00,84.00,-105.00,-168.00,145.00,39.00,-3.00,15.00,-8.00,-2.00,6.00,67.00,34.00,79.00,-102.00,-35.00,-116.00,150.00,28.00,-14.00,-29.00,30.00,23.00,-18.00,20.00,67.00,-12.00,112.00,-48.00,-4.00,-69.00,23.00,-97.00,108.00,39.00,-39.00,17.00,2.00,-2.00,11.00,-15.00,6.00,1.00,-27.00,-62.00,150.00,55.00,-98.00,-34.00,-51.00,-83.00,92.00,108.00,5.00,-57.00,-18.00,10.00,-46.00,70.00,35.00,-28.00,-9.00,-5.00,19.00,-97.00,162.00,-97.00,8.00,3.00,-27.00,20.00,5.00,2.00,12.00,-3.00,-29.00,7.00,1.00,1.00,-74.00,84.00,30.00,-99.00,40.00,124.00,-130.00,-5.00,-58.00,1.00
0.00,1.00,-1.00,0.00,-1.00,-2.00,2.00,2.00,-3.00,3.00,-2.00,-2.00,3.00,-2.00,0.00,0.00,0.00,0.00,-1.00,0.00,-1.00,-1.00,-1.00,0.00,0.00,1.00,-2.00,-1.00,-2.00,-1.00,3.00,-4.00,1.00,1.00,1.00,0.00,2.00,1.00,1.00,1.00,2.00,-2.00,-2.00,-1.00,1.00,-5.00,6.00,-1.00,0.00,4.00,-23.00,-7.00,78.00,-45.00,1.00,1.00,0.00,0.00,1.00,0.00,-2.00,-3.00,0.00,0.00,2.00,0.00,5.00,-1.00,1.00,3.00,-2.00,0.00,0.00,0.00,0.00,1.00,-1.00,-3.00,-3.00,0.00,0.00,1.00,-3.00,-2.00,3.00,-3.00,0.00,-1.00,-1.00,-3.00,1.00,3.00,-1.00,-1.00,-1.00,-1.00,1.00,0.00,0.00,0.00,2.00,2.00,0.00,2.00,2.00,-3.00,3.00,-2.00,-42.00,78.00,26.00,172.00,-161.00,-121.00,187.00,-48.00,7.00,-9.00,3.00,-8.00,9.00,100.00,-112.00,-67.00,-70.00,-52.00,23.00,92.00,-18.00,0.00,-1.00,-24.00,20.00,29.00,51.00,46.00,-144.00,31.00,-70.00,-52.00,-70.00,97.00,14.00,14.00,39.00,8.00,-74.00,38.00,5.00,-8.00,13.00,-32.00,-6.00,-7.00,125.00,127.00,-101.00,-24.00,-49.00,-6.00,59.00,119.00,-39.00,-31.00,-1.00,9.00,-45.00,28.00,103.00,-32.00,66.00,-23.00,-13.00,-4.00,4.00,-99.00,197.00,-92.00,-2.00,2.00,-24.00,21.00,2.00,1.00,-2.00,25.00,-51.00,19.00,-17.00,-14.00,-118.00,108.00,116.00,-47.00,-14.00,-43.00,6.00,7.00,-1.00,3.00
0.00,0.00,2.00,-3.00,3.00,1.00,0.00,0.00,1.00,0.00,1.00,2.00,0.00,2.00,-2.00,-1.00,4.00,-2.00,4.00,-2.00,3.00,1.00,2.00,-2.00,-1.00,0.00,0.00,1.00,2.00,-3.00,0.00,5.00,-1.00,0.00,0.00,0.00,-4.00,1.00,1.00,-4.00,2.00,-3.00,3.00,3.00,-3.00,4.00,-3.00,-2.00,3.00,-1.00,-30.00,15.00,1.00,-38.00,-1.00,-1.00,-2.00,3.00,-4.00,0.00,2.00,2.00,0.00,3.00,0.00,0.00,-1.00,0.00,1.00,-5.00,1.00,1.00,1.00,0.00,1.00,2.00,-2.00,2.00,3.00,-4.00,-1.00,0.00,1.00,0.00,-1.00,1.00,-4.00,2.00,0.00,1.00,0.00,-4.00,3.00,1.00,1.00,1.00,-4.00,2.00,1.00,2.00,-2.00,-1.00,3.00,-2.00,0.00,0.00,1.00,-2.00,1.00,-49.00,-97.00,-151.00,95.00,56.00,-17.00,-19.00,8.00,-8.00,20.00,-8.00,72.00,-110.00,-56.00,-54.00,11.00,111.00,-113.00,50.00,-7.00,3.00,-1.00,-29.00,104.00,152.00,-160.00,24.00,-4.00,-43.00,-92.00,89.00,32.00,-2.00,-2.00,-24.00,35.00,2.00,-62.00,30.00,7.00,-18.00,22.00,27.00,121.00,-52.00,-89.00,-117.00,-72.00,-36.00,82.00,-66.00,30.00,-23.00,-1.00,-3.00,-3.00,15.00,-64.00,75.00,-63.00,-40.00,71.00,-27.00,-26.00,-15.00,5.00,-62.00,125.00,-70.00,-1.00,0.00,-24.00,19.00,-7.00,1.00,-22.00,-25.00,31.00,-73.00,-93.00,229.00,-50.00,-10.00,-39.00,-14.00,8.00,-8.00,-5.00,18.00,-6.00,-66.00
0.00,-1.00,0.00,2.00,-5.00,1.00,-1.00,-1.00,0.00,0.00,1.00,-4.00,1.00,0.00,3.00,-1.00,-2.00,-1.00,-1.00,0.00,-3.00,1.00,0.00,1.00,2.00,-3.00,3.00,-2.00,0.00,1.00,0.00,-1.00,-1.00,0.00,-1.00,4.00,-1.00,-1.00,-1.00,0.00,-1.00,1.00,-3.00,-3.00,2.00,0.00,1.00,1.00,1.00,0.00,-112.00,67.00,123.00,-130.00,1.00,0.00,0.00,-2.00,2.00,0.00,4.00,-2.00,-1.00,-3.00,2.00,0.00,-1.00,-1.00,-2.00,4.00,2.00,-1.00,-2.00,3.00,-2.00,-2.00,4.00,3.00,-3.00,3.00,0.00,-2.00,-2.00,2.00,1.00,1.00,3.00,-3.00,4.00,-2.00,-1.00,1.00,1.00,0.00,-2.00,2.00,3.00,-2.00,0.00,0.00,1.00,-4.00,2.00,2.00,-3.00,3.00,-1.00,1.00,-4.00,-108.00,128.00,40.00,-17.00,0.00,7.00,-12.00,1.00,-16.00,82.00,121.00,-160.00,-96.00,131.00,39.00,26.00,48.00,-98.00,57.00,-9.00,-2.00,-13.00,84.00,-148.00,-54.00,1.00,-85.00,-84.00,-2.00,75.00,12.00,-8.00,-2.00,2.00,-24.00,52.00,-6.00,-54.00,6.00,-16.00,105.00,8.00,-49.00,-69.00,-62.00,-84.00,122.00,127.00,4.00,32.00,-64.00,31.00,-5.00,-7.00,-6.00,-2.00,16.00,-62.00,58.00,-26.00,48.00,48.00,-34.00,0.00,-15.00,10.00,-85.00,145.00,-68.00,4.00,4.00,-24.00,-17.00,8.00,-65.00,118.00,38.00,138.00,-43.00,28.00,-49.00,5.00,-2.00,-19.00,7.00,-36.00,-21.00,-70.00,-17.00,36.00,149.00
-2.00,4.00,-1.00,-1.00,4.00,-2.00,3.00,3.00,-1.00,0.00,-1.00,1.00,0.00,0.00,-3.00,-1.00,3.00,2.00,-1.00,-1.00,2.00,0.00,0.00,0.00,0.00,2.00,1.00,2.00,-2.00,-1.00,-1.00,-1.00,3.00,-1.00,-1.00,-3.00,2.00,1.00,1.00,1.00,1.00,2.00,0.00,0.00,-1.00,0.00,0.00,0.00,1.00,-53.00,101.00,0.00,50.00,95.00,-54.00,1.00,1.00,0.00,4.00,-2.00,-2.00,2.00,1.00,2.00,-4.00,-1.00,3.00,2.00,3.00,-3.00,3.00,-3.00,2.00,1.00,1.00,1.00,2.00,-4.00,2.00,-2.00,2.00,-1.00,1.00,-1.00,-1.00,-1.00,-1.00,2.00,-4.00,4.00,-3.00,0.00,1.00,-2.00,3.00,0.00,1.00,2.00,-2.00,-2.00,2.00,4.00,-6.00,0.00,0.00,0.00,-4.00,2.00,-53.00,132.00,-17.00,8.00,-6.00,2.00,-3.00,14.00,70.00,126.00,-152.00,-164.00,129.00,51.00,-6.00,1.00,-2.00,51.00,-106.00,54.00,54.00,31.00,129.00,-62.00,-10.00,-82.00,-95.00,148.00,46.00,33.00,-3.00,9.00,-3.00,-2.00,0.00,-17.00,23.00,12.00,40.00,97.00,141.00,-120.00,-58.00,25.00,-111.00,174.00,10.00,-20.00,-19.00,5.00,26.00,-65.00,36.00,-3.00,4.00,-1.00,-4.00,4.00,-38.00,62.00,51.00,-189.00,131.00,-2.00,-34.00,-10.00,5.00,-65.00,147.00,-78.00,-37.00,10.00,-117.00,139.00,-40.00,156.00,-97.00,-37.00,-23.00,6.00,-2.00,-7.00,5.00,-20.00,5.00,-77.00,93.00,112.00,91.00,108.00,-103.00,-60.00
0.00,-1.00,-1.00,-1.00,3.00,-1.00,-1.00,-2.00,0.00,-2.00,3.00,-2.00,-1.00,4.00,1.00,-3.00,-3.00,2.00,-1.00,-1.00,1.00,1.00,1.00,0.00,1.00,-3.00,-3.00,1.00,1.00,1.00,2.00,-3.00,2.00,-3.00,2.00,2.00,0.00,0.00,0.00,0.00,0.00,0.00,-3.00,2.00,2.00,-1.00,0.00,0.00,1.00,-54.00,69.00,-4.00,-88.00,123.00,-59.00,0.00,-1.00,0.00,-3.00,4.00,-2.00,2.00,-1.00,0.00,0.00,4.00,-3.00,-2.00,-2.00,-1.00,-3.00,3.00,1.00,-4.00,1.00,0.00,2.00,0.00,-2.00,1.00,-1.00,2.00,-3.00,2.00,1.00,2.00,3.00,-1.00,2.00,-4.00,3.00,-1.00,-1.00,3.00,-5.00,2.00,-4.00,1.00,0.00,0.00,-1.00,-1.00,2.00,0.00,1.00,1.00,3.00,-2.00,-45.00,32.00,11.00,-29.00,-4.00,61.00,79.00,25.00,-108.00,-161.00,66.00,61.00,-11.00,3.00,-4.00,-2.00,2.00,45.00,-106.00,167.00,-119.00,-37.00,-101.00,-69.00,-70.00,165.00,25.00,-16.00,5.00,-6.00,-3.00,19.00,-15.00,0.00,-4.00,10.00,154.00,-131.00,40.00,-84.00,-127.00,-67.00,-8.00,-56.00,92.00,-18.00,-2.00,-7.00,8.00,0.00,33.00,-86.00,40.00,-6.00,8.00,-10.00,-38.00,-17.00,3.00,32.00,109.00,-197.00,154.00,-50.00,-27.00,0.00,6.00,-100.00,104.00,-161.00,157.00,-167.00,199.00,23.00,-45.00,-57.00,1.00,-9.00,-4.00,-10.00,-45.00,-8.00,-57.00,89.00,96.00,106.00,-81.00,-56.00,-111.00,92.00,-51.00,-8.00
-1.00,-1.00,3.00,-2.00,-2.00,-1.00,-1.00,4.00,-3.00,3.00,1.00,2.00,-2.00,-1.00,-1.00,5.00,0.00,1.00,-2.00,-2.00,2.00,-3.00,-3.00,1.00,0.00,1.00,1.00,0.00,-1.00,0.00,0.00,1.00,-1.00,1.00,1.00,-5.00,1.00,-1.00,-1.00,0.00,-1.00,4.00,0.00,0.00,1.00,-2.00,-1.00,-1.00,-1.00,-87.00,5.00,19.00,60.00,-89.00,-72.00,-1.00,3.00,-3.00,3.00,-3.00,0.00,-5.00,4.00,-1.00,-1.00,-3.00,2.00,1.00,1.00,1.00,2.00,-4.00,1.00,1.00,0.00,1.00,-5.00,2.00,-1.00,2.00,-3.00,-1.00,2.00,0.00,2.00,-2.00,-2.00,0.00,0.00,3.00,-4.00,-1.00,2.00,-1.00,5.00,-1.00,1.00,-2.00,2.00,1.00,1.00,2.00,-3.00,3.00,-2.00,-1.00,-1.00,0.00,-43.00,43.00,-4.00,72.00,108.00,-130.00,-41.00,-85.00,-106.00,177.00,-63.00,20.00,-3.00,4.00,-3.00,-4.00,39.00,87.00,-26.00,-85.00,-44.00,-82.00,26.00,118.00,20.00,-19.00,-5.00,1.00,3.00,-4.00,3.00,12.00,-9.00,-21.00,84.00,-44.00,-81.00,1.00,-87.00,-91.00,100.00,110.00,66.00,-100.00,50.00,-2.00,3.00,-7.00,7.00,3.00,38.00,-85.00,40.00,-9.00,15.00,-82.00,147.00,80.00,-76.00,-101.00,-7.00,46.00,125.00,-28.00,-54.00,6.00,-70.00,9.00,60.00,114.00,61.00,6.00,-60.00,-27.00,5.00,11.00,-37.00,-27.00,-40.00,2.00,127.00,132.00,-11.00,-56.00,-46.00,-39.00,-9.00,1.00,-59.00,113.00,-51.00,-1.00
3.00,-2.00,2.00,1.00,1.00,1.00,-2.00,-3.00,3.00,-3.00,-3.00,2.00,2.00,-2.00,0.00,-2.00,0.00,0.00,1.00,1.00,-1.00,1.00,1.00,0.00,0.00,1.00,0.00,-1.00,4.00,-1.00,0.00,-1.00,4.00,-1.00,-2.00,4.00,-3.00,3.00,3.00,-1.00,0.00,-1.00,0.00,0.00,0.00,1.00,1.00,1.00,-49.00,126.00,-43.00,6.00,18.00,132.00,60.00,-41.00,0.00,0.00,0.00,2.00,-3.00,4.00,1.00,-3.00,2.00,1.00,1.00,0.00,0.00,0.00,0.00,1.00,0.00,0.00,0.00,-2.00,3.00,2.00,0.00,3.00,-3.00,3.00,-6.00,2.00,-3.00,-1.00,3.00,-1.00,1.00,-4.00,2.00,-4.00,6.00,0.00,-1.00,-1.00,-2.00,2.00,0.00,0.00,0.00,0.00,0.00,-1.00,1.00,1.00,1.00,1.00,-41.00,38.00,70.00,-117.00,-59.00,-43.00,-82.00,108.00,52.00,-4.00,-38.00,17.00,0.00,8.00,50.00,79.00,10.00,-87.00,-45.00,-100.00,112.00,66.00,13.00,-8.00,-11.00,2.00,-6.00,4.00,-2.00,2.00,-11.00,8.00,18.00,137.00,-123.00,-30.00,-56.00,-106.00,166.00,31.00,-6.00,-11.00,45.00,-98.00,53.00,1.00,-3.00,-7.00,5.00,0.00,42.00,-83.00,56.00,9.00,66.00,151.00,-110.00,-49.00,3.00,-74.00,41.00,-104.00,95.00,-46.00,40.00,-104.00,100.00,120.00,-42.00,-47.00,-29.00,-20.00,-2.00,-28.00,-31.00,-66.00,59.00,130.00,66.00,-67.00,-60.00,-56.00,-19.00,-6.00,-2.00,-6.00,-7.00,2.00,-40.00,84.00,-43.00,-1.00
2.00,-3.00,-4.00,0.00,-1.00,4.00,0.00,1.00,-1.00,1.00,2.00,-3.00,1.00,2.00,-3.00,3.00,-2.00,-1.00,-1.00,-2.00,3.00,-1.00,0.00,0.00,1.00,-4.00,1.00,-1.00,-2.00,-1.00,-1.00,-1.00,-2.00,-2.00,2.00,0.00,2.00,-3.00,-2.00,0.00,-1.00,-1.00,-1.00,-1.00,0.00,0.00,0.00,0.00,-86.00,35.00,37.00,1.00,18.00,-154.00,60.00,-103.00,-1.00,3.00,-2.00,0.00,-3.00,2.00,0.00,1.00,0.00,1.00,-4.00,1.00,0.00,0.00,0.00,-1.00,0.00,0.00,-1.00,2.00,0.00,1.00,-2.00,0.00,4.00,-4.00,2.00,-2.00,0.00,-5.00,1.00,-2.00,0.00,0.00,-2.00,1.00,2.00,-4.00,0.00,2.00,1.00,0.00,0.00,-1.00,-1.00,-2.00,2.00,2.00,-2.00,0.00,-1.00,-1.00,-46.00,112.00,41.00,-76.00,-79.00,74.00,59.00,-41.00,24.00,3.00,-19.00,9.00,7.00,107.00,-86.00,-79.00,-82.00,-123.00,151.00,44.00,0.00,-20.00,5.00,2.00,-7.00,1.00,-4.00,-5.00,58.00,45.00,83.00,96.00,-101.00,-80.00,-70.00,9.00,96.00,36.00,-19.00,-5.00,5.00,-1.00,40.00,-88.00,53.00,-7.00,3.00,-5.00,-5.00,-5.00,76.00,-91.00,40.00,-47.00,-45.00,-84.00,-1.00,-22.00,105.00,-57.00,124.00,-61.00,6.00,7.00,127.00,-16.00,-23.00,-52.00,-9.00,-11.00,-7.00,-57.00,-65.00,67.00,106.00,145.00,-93.00,-125.00,141.00,-79.00,4.00,1.00,10.00,-11.00,5.00,5.00,-1.00,-6.00,-41.00,90.00,-44.00,-2.00
-3.00,3.00,2.00,3.00,-1.00,-2.00,0.00,-1.00,3.00,-1.00,0.00,-4.00,1.00,0.00,1.00,0.00,2.00,1.00,2.00,2.00,2.00,-1.00,0.00,0.00,0.00,1.00,-1.00,3.00,1.00,1.00,1.00,2.00,3.00,3.00,0.00,0.00,0.00,1.00,2.00,-3.00,2.00,0.00,1.00,3.00,-2.00,0.00,0.00,-49.00,183.00,-133.00,24.00,10.00,35.00,121.00,-24.00,133.00,-63.00,1.00,1.00,3.00,-4.00,2.00,0.00,0.00,0.00,0.00,1.00,-1.00,0.00,0.00,-1.00,4.00,-1.00,-1.00,-1.00,2.00,0.00,0.00,2.00,-2.00,0.00,3.00,0.00,-2.00,2.00,3.00,1.00,1.00,-3.00,3.00,1.00,-1.00,-4.00,1.00,-2.00,1.00,-1.00,0.00,-1.00,3.00,2.00,1.00,0.00,1.00,2.00,-3.00,2.00,1.00,6.00,-107.00,-124.00,82.00,42.00,11.00,18.00,-39.00,21.00,2.00,-12.00,77.00,84.00,-119.00,-63.00,-116.00,167.00,28.00,5.00,-17.00,2.00,-8.00,6.00,10.00,-10.00,3.00,2.00,118.00,-113.00,-63.00,-55.00,-95.00,-97.00,126.00,49.00,15.00,22.00,-16.00,10.00,-3.00,-2.00,-1.00,31.00,-55.00,39.00,-5.00,7.00,-58.00,118.00,58.00,-109.00,69.00,-20.00,-50.00,-62.00,106.00,-101.00,34.00,-61.00,34.00,47.00,-67.00,76.00,-24.00,-31.00,-11.00,-4.00,-7.00,-40.00,-73.00,1.00,183.00,104.00,-11.00,-89.00,-56.00,0.00,-60.00,127.00,-57.00,4.00,0.00,3.00,-2.00,-1.00,0.00,-1.00,4.00,-48.00,90.00,-44.00,-3.00
1.00,0.00,2.00,-2.00,-2.00,3.00,-2.00,-1.00,2.00,-2.00,3.00,4.00,-2.00,-1.00,-1.00,1.00,-4.00,2.00,-3.00,-2.00,-2.00,-1.00,-1.00,0.00,0.00,0.00,0.00,-2.00,1.00,-1.00,6.00,4.00,-3.00,-4.00,4.00,1.00,2.00,0.00,0.00,1.00,-1.00,4.00,1.00,-4.00,3.00,-1.00,-1.00,-22.00,-166.00,114.00,24.00,16.00,-163.00,-149.00,3.00,135.00,-117.00,1.00,-1.00,2.00,-6.00,2.00,0.00,0.00,0.00,0.00,-1.00,4.00,-1.00,0.00,0.00,-1.00,-2.00,4.00,-2.00,-2.00,2.00,0.00,0.00,2.00,-1.00,-1.00,1.00,-2.00,1.00,3.00,-2.00,-3.00,3.00,-4.00,0.00,1.00,3.00,2.00,1.00,-2.00,3.00,-1.00,0.00,-1.00,-1.00,2.00,1.00,-4.00,1.00,1.00,0.00,0.00,-47.00,109.00,48.00,18.00,-12.00,-2.00,20.00,-48.00,55.00,64.00,57.00,-109.00,-96.00,-65.00,143.00,35.00,-13.00,-15.00,25.00,-19.00,9.00,-9.00,7.00,23.00,-30.00,86.00,32.00,-87.00,-58.00,-62.00,-69.00,50.00,60.00,-4.00,-13.00,-2.00,15.00,-17.00,16.00,-10.00,-1.00,2.00,44.00,-107.00,56.00,29.00,1.00,195.00,-140.00,-21.00,-75.00,13.00,-117.00,106.00,104.00,-51.00,35.00,-16.00,-27.00,70.00,-95.00,15.00,2.00,31.00,-53.00,7.00,-45.00,-14.00,117.00,156.00,-86.00,-64.00,-97.00,88.00,-45.00,1.00,3.00,-60.00,127.00,-50.00,-1.00,2.00,3.00,-21.00,25.00,-6.00,-1.00,-4.00,-43.00,87.00,-46.00,0.00
1.00,1.00,-3.00,-1.00,3.00,0.00,2.00,-2.00,2.00,-1.00,-1.00,-3.00,2.00,2.00,3.00,-2.00,1.00,0.00,0.00,1.00,1.00,1.00,2.00,-2.00,-1.00,0.00,0.00,-1.00,1.00,10.00,-7.00,-5.00,7.00,0.00,-3.00,2.00,-4.00,3.00,-1.00,0.00,0.00,0.00,-4.00,2.00,1.00,-2.00,-54.00,48.00,45.00,-42.00,-2.00,-3.00,48.00,120.00,27.00,-88.00,89.00,-46.00,4.00,-1.00,2.00,0.00,0.00,0.00,0.00,0.00,0.00,-1.00,0.00,-1.00,-1.00,-2.00,4.00,-3.00,3.00,-1.00,-2.00,1.00,0.00,1.00,-2.00,2.00,2.00,-1.00,4.00,1.00,3.00,7.00,-6.00,2.00,-1.00,0.00,3.00,-3.00,1.00,2.00,1.00,-1.00,1.00,1.00,-4.00,-2.00,2.00,1.00,0.00,0.00,-1.00,0.00,-39.00,28.00,-6.00,4.00,-6.00,-5.00,67.00,6.00,51.00,-102.00,-50.00,-110.00,156.00,-46.00,2.00,13.00,2.00,-8.00,19.00,-15.00,6.00,38.00,61.00,-68.00,170.00,-100.00,-104.00,-111.00,146.00,92.00,25.00,14.00,0.00,-3.00,13.00,-31.00,30.00,-22.00,19.00,-8.00,-11.00,-12.00,72.00,-36.00,36.00,-44.00,-51.00,-78.00,-59.00,-12.00,98.00,20.00,36.00,-56.00,47.00,-39.00,3.00,10.00,-29.00,55.00,-141.00,43.00,-49.00,-42.00,170.00,-101.00,221.00,-143.00,102.00,-118.00,1.00,-4.00,-61.00,129.00,-59.00,0.00,0.00,-29.00,29.00,-32.00,2.00,2.00,1.00,-9.00,15.00,-7.00,-2.00,1.00,-52.00,112.00,-55.00,3.00
-4.00,1.00,2.00,-2.00,-3.00,1.00,1.00,-3.00,2.00,-1.00,-2.00,3.00,1.00,-3.00,-3.00,4.00,-1.00,-2.00,4.00,-1.00,0.00,0.00,0.00,1.00,2.00,-2.00,0.00,0.00,-1.00,5.00,-8.00,-19.00,-4.00,3.00,0.00,0.00,-5.00,0.00,4.00,-2.00,-1.00,0.00,1.00,0.00,0.00,-21.00,44.00,31.00,137.00,42.00,-6.00,72.00,52.00,-185.00,97.00,-5.00,137.00,-129.00,0.00,-1.00,0.00,1.00,0.00,0.00,0.00,-1.00,0.00,0.00,-2.00,3.00,1.00,2.00,-3.00,-2.00,2.00,-2.00,-1.00,1.00,0.00,1.00,-3.00,1.00,1.00,-2.00,0.00,2.00,-8.00,-1.00,1.00,0.00,-1.00,1.00,-2.00,0.00,-4.00,3.00,1.00,-1.00,-5.00,1.00,0.00,3.00,-4.00,1.00,0.00,-1.00,3.00,-1.00,-40.00,37.00,-18.00,48.00,-15.00,101.00,-36.00,-66.00,-61.00,-87.00,10.00,83.00,34.00,-73.00,18.00,14.00,-7.00,-7.00,18.00,24.00,97.00,-96.00,-16.00,-36.00,-94.00,-111.00,175.00,39.00,-26.00,-9.00,-3.00,-2.00,2.00,1.00,3.00,-29.00,28.00,-20.00,67.00,-24.00,78.00,146.00,-113.00,26.00,-67.00,-25.00,-29.00,-52.00,118.00,6.00,-23.00,9.00,-9.00,-59.00,113.00,-58.00,-2.00,21.00,-35.00,9.00,33.00,37.00,-93.00,165.00,-117.00,-24.00,-60.00,-48.00,102.00,-37.00,4.00,0.00,-64.00,120.00,-58.00,-2.00,1.00,-26.00,45.00,-17.00,0.00,1.00,6.00,-3.00,-1.00,5.00,-5.00,-2.00,-45.00,91.00,-45.00,-2.00
0.00,-1.00,0.00,0.00,0.00,-1.00,-1.00,1.00,1.00,-4.00,3.00,-4.00,0.00,1.00,2.00,-3.00,-2.00,3.00,-2.00,-1.00,0.00,0.00,0.00,0.00,0.00,2.00,-1.00,0.00,0.00,6.00,-3.00,-3.00,10.00,-2.00,0.00,-1.00,1.00,-4.00,6.00,3.00,5.00,-1.00,-1.00,0.00,0.00,-34.00,22.00,-158.00,-87.00,-203.00,127.00,-120.00,16.00,26.00,69.00,-167.00,-76.00,149.00,-62.00,4.00,0.00,-4.00,1.00,0.00,-2.00,4.00,-2.00,-2.00,4.00,-4.00,2.00,0.00,2.00,1.00,0.00,3.00,-3.00,2.00,0.00,-1.00,2.00,0.00,1.00,2.00,0.00,-2.00,-1.00,0.00,0.00,0.00,-2.00,0.00,4.00,-3.00,2.00,-2.00,2.00,1.00,3.00,-2.00,-2.00,0.00,1.00,0.00,0.00,-2.00,1.00,-3.00,-35.00,31.00,61.00,104.00,60.00,-113.00,-66.00,-19.00,9.00,76.00,42.00,-6.00,27.00,-59.00,17.00,10.00,-3.00,-5.00,115.00,-68.00,-82.00,-7.00,-80.00,-73.00,54.00,62.00,-26.00,-4.00,-6.00,4.00,-7.00,4.00,0.00,-3.00,32.00,-57.00,16.00,105.00,-172.00,172.00,-115.00,-74.00,-56.00,-49.00,17.00,48.00,41.00,13.00,-16.00,4.00,-7.00,15.00,-3.00,-57.00,116.00,-53.00,-12.00,34.00,-30.00,-34.00,79.00,19.00,-87.00,116.00,-63.00,0.00,-1.00,-44.00,107.00,-84.00,-8.00,3.00,-59.00,135.00,-57.00,-8.00,6.00,-16.00,44.00,-18.00,0.00,4.00,-1.00,-6.00,8.00,-5.00,-1.00,1.00,-57.00,109.00,-80.00,-27.00
0.00,1.00,-3.00,2.00,2.00,1.00,3.00,-2.00,-2.00,4.00,-1.00,-1.00,4.00,-1.00,0.00,0.00,1.00,0.00,-3.00,3.00,-1.00,-1.00,-1.00,-1.00,0.00,1.00,-2.00,0.00,0.00,9.00,-28.00,10.00,1.00,2.00,-3.00,4.00,-1.00,-1.00,-4.00,1.00,-6.00,3.00,6.00,1.00,-19.00,44.00,76.00,1.00,-27.00,182.00,-113.00,35.00,37.00,34.00,-43.00,-12.00,108.00,91.00,-111.00,-1.00,0.00,1.00,0.00,-2.00,3.00,-4.00,3.00,2.00,-4.00,3.00,-4.00,2.00,-3.00,2.00,2.00,-4.00,4.00,-4.00,0.00,5.00,-5.00,3.00,-4.00,1.00,4.00,-5.00,2.00,-2.00,-1.00,-3.00,2.00,-1.00,-3.00,2.00,-1.00,0.00,-3.00,1.00,0.00,1.00,0.00,3.00,-2.00,-1.00,-2.00,1.00,3.00,0.00,-35.00,126.00,-127.00,-71.00,-49.00,-93.00,94.00,-50.00,67.00,-4.00,-30.00,4.00,36.00,-65.00,16.00,10.00,68.00,73.00,-68.00,-70.00,-79.00,49.00,117.00,29.00,8.00,1.00,-8.00,9.00,-7.00,3.00,6.00,-7.00,-6.00,44.00,-6.00,73.00,95.00,-73.00,-5.00,-99.00,-58.00,-86.00,100.00,51.00,7.00,-1.00,4.00,-4.00,7.00,2.00,0.00,-16.00,7.00,-43.00,107.00,-52.00,-15.00,55.00,-48.00,8.00,-63.00,76.00,-80.00,132.00,-47.00,-17.00,-5.00,-45.00,124.00,-66.00,14.00,6.00,-62.00,88.00,-57.00,5.00,1.00,0.00,-24.00,6.00,6.00,1.00,-2.00,-3.00,-1.00,1.00,-57.00,-44.00,-90.00,77.00,3.00,40.00
1.00,3.00,0.00,1.00,-5.00,1.00,-4.00,2.00,1.00,1.00,-4.00,3.00,-3.00,-1.00,-1.00,4.00,-2.00,5.00,0.00,1.00,-3.00,2.00,1.00,2.00,-1.00,0.00,2.00,-2.00,0.00,0.00,5.00,2.00,0.00,-1.00,2.00,-3.00,-2.00,3.00,-1.00,-1.00,0.00,-2.00,-4.00,-3.00,-50.00,-45.00,-294.00,341.00,-47.00,-170.00,169.00,4.00,-160.00,51.00,53.00,109.00,-64.00,-57.00,128.00,-47.00,-1.00,-1.00,-2.00,2.00,0.00,3.00,-4.00,2.00,1.00,0.00,1.00,1.00,-2.00,-2.00,-3.00,3.00,-4.00,2.00,-1.00,-1.00,2.00,-4.00,2.00,-1.00,1.00,4.00,-2.00,1.00,0.00,4.00,-3.00,2.00,1.00,-3.00,4.00,-3.00,2.00,0.00,0.00,0.00,-1.00,2.00,1.00,1.00,1.00,-2.00,2.00,-3.00,14.00,-68.00,-43.00,-52.00,-104.00,103.00,51.00,-64.00,35.00,-18.00,58.00,-18.00,16.00,-14.00,92.00,79.00,-97.00,-108.00,-42.00,83.00,50.00,4.00,-13.00,-1.00,-2.00,3.00,-3.00,4.00,-8.00,4.00,-14.00,-22.00,117.00,-61.00,-47.00,-48.00,-93.00,-77.00,-65.00,99.00,84.00,31.00,-11.00,6.00,-5.00,2.00,8.00,-8.00,0.00,-2.00,-3.00,13.00,-10.00,-32.00,66.00,-29.00,-23.00,125.00,9.00,70.00,40.00,-22.00,70.00,92.00,-34.00,-23.00,8.00,-40.00,100.00,-59.00,-9.00,4.00,-64.00,161.00,-70.00,2.00,0.00,-1.00,-12.00,6.00,-1.00,5.00,-46.00,-11.00,-44.00,-82.00,102.00,93.00,60.00,83.00,67.00,-92.00
3.00,-3.00,0.00,-2.00,3.00,3.00,-1.00,0.00,-1.00,-1.00,4.00,-1.00,1.00,2.00,-2.00,-2.00,0.00,-6.00,0.00,0.00,1.00,1.00,0.00,1.00,-1.00,-1.00,-1.00,2.00,-3.00,3.00,0.00,-1.00,-1.00,4.00,-1.00,1.00,1.00,1.00,-1.00,-1.00,0.00,-1.00,4.00,-48.00,64.00,30.00,218.00,-104.00,-37.00,90.00,-60.00,-69.00,53.00,59.00,-87.00,-28.00,-37.00,-29.00,-31.00,-84.00,2.00,2.00,2.00,0.00,1.00,-4.00,3.00,-4.00,2.00,0.00,0.00,0.00,1.00,1.00,1.00,0.00,1.00,-1.00,4.00,-1.00,0.00,3.00,-1.00,4.00,2.00,-2.00,-2.00,-1.00,-2.00,1.00,1.00,-1.00,-4.00,7.00,-5.00,2.00,0.00,0.00,0.00,0.00,-1.00,-3.00,1.00,-1.00,-2.00,2.00,-1.00,1.00,6.00,-104.00,108.00,112.00,23.00,5.00,44.00,-89.00,50.00,-29.00,60.00,49.00,112.00,-93.00,-119.00,-106.00,-77.00,131.00,-98.00,51.00,3.00,-1.00,-1.00,-5.00,-6.00,2.00,-7.00,6.00,-11.00,38.00,63.00,138.00,-128.00,-3.00,-63.00,-64.00,91.00,49.00,49.00,-13.00,-8.00,-4.00,-1.00,-9.00,3.00,1.00,11.00,-12.00,-6.00,-1.00,-4.00,-3.00,37.00,22.00,62.00,38.00,92.00,-127.00,-43.00,-62.00,-33.00,55.00,-214.00,167.00,-30.00,-17.00,-3.00,-30.00,84.00,-55.00,-1.00,5.00,-52.00,101.00,-60.00,0.00,0.00,6.00,-14.00,26.00,-23.00,-104.00,126.00,-32.00,119.00,96.00,103.00,-95.00,-41.00,-34.00,-45.00,-13.00
-4.00,3.00,-3.00,2.00,2.00,-4.00,3.00,-3.00,3.00,-2.00,2.00,-1.00,-1.00,0.00,1.00,0.00,1.00,2.00,2.00,-2.00,0.00,-4.00,1.00,1.00,-2.00,3.00,2.00,-2.00,1.00,1.00,-3.00,3.00,-1.00,-1.00,0.00,0.00,0.00,1.00,-2.00,3.00,-2.00,-1.00,-2.00,-68.00,113.00,-35.00,-4.00,-103.00,95.00,-100.00,-5.00,169.00,23.00,-31.00,76.00,-82.00,-72.00,66.00,57.00,76.00,-52.00,-3.00,-3.00,1.00,0.00,1.00,0.00,2.00,-4.00,1.00,0.00,0.00,0.00,1.00,0.00,0.00,0.00,0.00,-2.00,0.00,3.00,-6.00,3.00,1.00,0.00,-1.00,1.00,1.00,1.00,-1.00,-2.00,1.00,4.00,-2.00,1.00,-1.00,-1.00,0.00,-1.00,-2.00,2.00,0.00,-2.00,1.00,0.00,-2.00,3.00,-3.00,-34.00,76.00,-26.00,46.00,-22.00,6.00,43.00,-111.00,34.00,66.00,79.00,-136.00,-78.00,-20.00,116.00,72.00,44.00,47.00,-97.00,51.00,-1.00,-3.00,1.00,3.00,-3.00,1.00,35.00,75.00,87.00,-67.00,-63.00,-63.00,-53.00,1.00,61.00,38.00,-3.00,-15.00,8.00,-1.00,5.00,1.00,-5.00,2.00,1.00,-1.00,-5.00,-10.00,-12.00,-13.00,-18.00,108.00,-84.00,24.00,-94.00,-56.00,-51.00,-16.00,-50.00,-57.00,-69.00,-56.00,-102.00,128.00,-11.00,-34.00,-1.00,-21.00,53.00,-38.00,4.00,0.00,-51.00,102.00,-76.00,-30.00,-1.00,-52.00,-7.00,-119.00,125.00,106.00,109.00,-66.00,-76.00,-24.00,-69.00,3.00,22.00,-3.00,-5.00,-49.00
1.00,0.00,1.00,1.00,-5.00,2.00,0.00,1.00,1.00,-3.00,2.00,-3.00,3.00,-1.00,-2.00,3.00,-1.00,-1.00,0.00,1.00,2.00,-1.00,-1.00,0.00,-3.00,-3.00,2.00,2.00,-2.00,0.00,1.00,1.00,-2.00,-1.00,-1.00,-1.00,-1.00,0.00,-3.00,1.00,1.00,1.00,2.00,-67.00,72.00,-33.00,24.00,34.00,54.00,-58.00,-2.00,-100.00,39.00,-40.00,-9.00,90.00,0.00,69.00,-68.00,115.00,-71.00,1.00,1.00,0.00,0.00,0.00,0.00,0.00,1.00,0.00,0.00,0.00,0.00,-4.00,1.00,0.00,0.00,-1.00,4.00,0.00,0.00,-2.00,1.00,0.00,-2.00,-1.00,-1.00,-1.00,-2.00,2.00,0.00,-2.00,2.00,-2.00,-2.00,2.00,1.00,-3.00,2.00,1.00,-2.00,3.00,0.00,2.00,1.00,1.00,0.00,1.00,-35.00,26.00,-26.00,51.00,-25.00,63.00,82.00,-49.00,169.00,-139.00,-34.00,-85.00,39.00,-113.00,55.00,-1.00,-7.00,56.00,-93.00,54.00,-1.00,-3.00,10.00,-2.00,39.00,126.00,-88.00,-65.00,-93.00,-58.00,-49.00,-90.00,85.00,17.00,10.00,-2.00,4.00,-10.00,15.00,-2.00,5.00,6.00,-8.00,9.00,-3.00,-20.00,15.00,-23.00,88.00,90.00,138.00,-122.00,-9.00,-40.00,-26.00,-56.00,-100.00,68.00,-32.00,130.00,98.00,-63.00,-136.00,102.00,79.00,-58.00,4.00,-8.00,9.00,-11.00,-1.00,-34.00,-30.00,66.00,-23.00,86.00,-14.00,79.00,205.00,-47.00,-55.00,-62.00,-33.00,18.00,-2.00,3.00,11.00,-62.00,-93.00,-9.00,-124.00,183.00
0.00,0.00,1.00,-2.00,5.00,-1.00,0.00,0.00,-1.00,1.00,0.00,1.00,1.00,-2.00,2.00,1.00,-3.00,3.00,-2.00,0.00,-1.00,1.00,2.00,1.00,3.00,1.00,-5.00,1.00,3.00,-2.00,-1.00,0.00,0.00,1.00,0.00,0.00,1.00,2.00,-1.00,-1.00,-1.00,-1.00,-1.00,-66.00,99.00,-31.00,9.00,-16.00,27.00,-52.00,-10.00,90.00,17.00,-47.00,11.00,56.00,-33.00,51.00,-32.00,58.00,-63.00,0.00,0.00,0.00,0.00,-1.00,0.00,0.00,-1.00,0.00,0.00,-1.00,3.00,0.00,0.00,0.00,1.00,0.00,-1.00,2.00,-4.00,-2.00,-3.00,2.00,-3.00,2.00,0.00,0.00,1.00,-2.00,2.00,1.00,0.00,1.00,1.00,-1.00,3.00,0.00,0.00,-1.00,4.00,-4.00,-1.00,1.00,0.00,0.00,0.00,-1.00,-40.00,44.00,-25.00,106.00,96.00,-133.00,-79.00,-34.00,-119.00,-46.00,9.00,74.00,112.00,-128.00,59.00,10.00,-22.00,52.00,-93.00,39.00,2.00,73.00,-19.00,150.00,-104.00,-124.00,-86.00,-73.00,78.00,84.00,33.00,42.00,0.00,-1.00,4.00,2.00,-11.00,-8.00,9.00,-3.00,7.00,-15.00,-8.00,-26.00,-17.00,133.00,-35.00,169.00,-136.00,-40.00,-105.00,-38.00,-74.00,-147.00,182.00,13.00,78.00,29.00,22.00,4.00,58.00,-162.00,72.00,47.00,16.00,-49.00,-2.00,12.00,30.00,-43.00,-67.00,135.00,-135.00,111.00,125.00,-70.00,-24.00,-38.00,-61.00,4.00,-12.00,0.00,-18.00,-48.00,-59.00,-44.00,-120.00,156.00,107.00,87.00,151.00,-132.00
-1.00,0.00,-6.00,4.00,-3.00,-1.00,-1.00,-1.00,3.00,-2.00,-1.00,-1.00,0.00,-4.00,1.00,0.00,1.00,0.00,2.00,-3.00,3.00,-1.00,-5.00,1.00,1.00,-3.00,4.00,-1.00,-5.00,2.00,1.00,-3.00,3.00,-4.00,2.00,2.00,-2.00,-1.00,0.00,0.00,0.00,1.00,-5.00,-56.00,74.00,-18.00,-27.00,31.00,-13.00,-15.00,-30.00,78.00,-3.00,-70.00,69.00,-129.00,35.00,35.00,-24.00,59.00,-57.00,-1.00,0.00,0.00,-2.00,4.00,-2.00,-1.00,4.00,0.00,2.00,1.00,2.00,-1.00,-1.00,1.00,-3.00,2.00,1.00,2.00,-1.00,5.00,0.00,0.00,1.00,-1.00,3.00,2.00,-3.00,2.00,0.00,-1.00,-1.00,-1.00,-1.00,-1.00,3.00,-2.00,-1.00,-2.00,-3.00,1.00,2.00,-1.00,0.00,0.00,-2.00,2.00,-34.00,9.00,116.00,-75.00,-79.00,-15.00,-70.00,143.00,49.00,55.00,-23.00,9.00,64.00,-132.00,66.00,1.00,-6.00,83.00,-101.00,130.00,92.00,-111.00,-36.00,-59.00,-116.00,135.00,90.00,16.00,5.00,-10.00,1.00,-4.00,5.00,0.00,-1.00,-2.00,12.00,-15.00,7.00,16.00,20.00,21.00,91.00,53.00,106.00,-96.00,-57.00,-131.00,-37.00,-65.00,-86.00,38.00,122.00,123.00,-151.00,59.00,5.00,-4.00,0.00,4.00,17.00,52.00,-28.00,32.00,105.00,-36.00,-37.00,-44.00,-103.00,121.00,136.00,-3.00,-11.00,-33.00,-52.00,14.00,-19.00,-19.00,23.00,-72.00,-55.00,-38.00,-86.00,126.00,125.00,80.00,117.00,-84.00,-36.00,-52.00,-39.00,-5.00
1.00,1.00,2.00,0.00,1.00,1.00,2.00,-3.00,1.00,1.00,1.00,1.00,0.00,3.00,-2.00,0.00,0.00,-1.00,0.00,0.00,0.00,1.00,3.00,-2.00,-1.00,1.00,0.00,1.00,3.00,-3.00,4.00,-1.00,-1.00,5.00,-1.00,0.00,1.00,1.00,1.00,1.00,1.00,2.00,-3.00,-52.00,84.00,-17.00,-17.00,49.00,-19.00,2.00,-4.00,26.00,73.00,-5.00,28.00,23.00,-9.00,8.00,-33.00,75.00,-64.00,0.00,0.00,-1.00,3.00,-1.00,17.00,9.00,6.00,-2.00,-4.00,-6.00,6.00,-3.00,5.00,1.00,-1.00,-1.00,-1.00,-1.00,0.00,-1.00,-1.00,-1.00,0.00,0.00,-2.00,2.00,1.00,1.00,-2.00,2.00,2.00,2.00,3.00,-1.00,-3.00,2.00,0.00,4.00,0.00,-2.00,-1.00,3.00,-1.00,-2.00,2.00,0.00,-47.00,173.00,-158.00,-81.00,-73.00,-63.00,151.00,-189.00,69.00,-1.00,0.00,1.00,70.00,-127.00,73.00,-8.00,77.00,-54.00,68.00,-91.00,-116.00,-28.00,-55.00,-59.00,101.00,-13.00,-13.00,8.00,-3.00,6.00,-3.00,-3.00,1.00,-5.00,7.00,2.00,-12.00,-9.00,91.00,-2.00,58.00,-26.00,-87.00,-45.00,-101.00,-50.00,-113.00,123.00,-65.00,116.00,67.00,24.00,-9.00,59.00,-98.00,39.00,19.00,-35.00,20.00,33.00,10.00,11.00,-26.00,66.00,12.00,-101.00,156.00,108.00,-42.00,-46.00,-37.00,-24.00,-6.00,-7.00,-23.00,-64.00,-54.00,-61.00,-40.00,116.00,89.00,64.00,127.00,-68.00,-55.00,-37.00,-35.00,1.00,2.00,2.00,-5.00,4.00
0.00,0.00,0.00,-1.00,-1.00,0.00,-1.00,0.00,0.00,0.00,-1.00,-1.00,3.00,-1.00,1.00,-2.00,-2.00,3.00,-3.00,4.00,-1.00,0.00,0.00,2.00,3.00,-1.00,-1.00,-1.00,-1.00,2.00,-4.00,3.00,-2.00,-2.00,-1.00,-1.00,-1.00,-1.00,-1.00,-1.00,-1.00,1.00,-4.00,-65.00,24.00,-6.00,-12.00,18.00,-21.00,-1.00,50.00,-168.00,3.00,-57.00,34.00,-94.00,10.00,68.00,-39.00,60.00,-60.00,0.00,0.00,-1.00,12.00,14.00,-29.00,-10.00,-10.00,8.00,-1.00,1.00,-5.00,5.00,-5.00,-1.00,0.00,0.00,0.00,-1.00,0.00,-2.00,4.00,3.00,-1.00,0.00,0.00,-4.00,2.00,-5.00,4.00,1.00,-2.00,-1.00,-1.00,-1.00,2.00,-1.00,-2.00,3.00,-3.00,1.00,3.00,1.00,-2.00,3.00,0.00,0.00,12.00,-169.00,63.00,138.00,32.00,47.00,58.00,-107.00,60.00,0.00,-13.00,-4.00,80.00,-131.00,34.00,178.00,-102.00,-83.00,-58.00,-99.00,107.00,59.00,28.00,22.00,7.00,3.00,-10.00,27.00,-10.00,10.00,1.00,-4.00,0.00,17.00,58.00,55.00,71.00,100.00,-135.00,-30.00,-37.00,-70.00,-87.00,-70.00,61.00,56.00,91.00,7.00,39.00,-1.00,-7.00,-15.00,10.00,51.00,-110.00,58.00,24.00,-53.00,20.00,84.00,-229.00,56.00,-6.00,71.00,-67.00,-7.00,-73.00,-28.00,6.00,0.00,-10.00,-43.00,-67.00,-13.00,-69.00,107.00,141.00,64.00,102.00,-49.00,-22.00,-34.00,-42.00,-1.00,0.00,7.00,-3.00,0.00,-5.00,6.00,3.00,-2.00
-1.00,-1.00,-1.00,3.00,2.00,-2.00,3.00,2.00,-2.00,-2.00,3.00,-3.00,3.00,-3.00,3.00,0.00,1.00,0.00,2.00,-2.00,-1.00,-1.00,1.00,-3.00,-2.00,-2.00,2.00,1.00,2.00,-2.00,0.00,-1.00,0.00,0.00,0.00,0.00,0.00,0.00,0.00,1.00,2.00,-2.00,-22.00,-15.00,54.00,-17.00,-15.00,24.00,12.00,2.00,53.00,-68.00,5.00,124.00,-31.00,-23.00,16.00,60.00,-51.00,73.00,-141.00,-1.00,1.00,15.00,-10.00,-10.00,-3.00,-10.00,0.00,3.00,1.00,-1.00,2.00,3.00,2.00,-2.00,-1.00,0.00,-1.00,4.00,-3.00,12.00,0.00,2.00,5.00,3.00,-3.00,6.00,-2.00,1.00,-3.00,2.00,-2.00,0.00,0.00,-2.00,0.00,4.00,3.00,-4.00,3.00,0.00,-3.00,3.00,-2.00,-2.00,1.00,3.00,-42.00,92.00,-8.00,29.00,-13.00,0.00,63.00,-123.00,55.00,46.00,66.00,67.00,53.00,-24.00,-65.00,-151.00,-113.00,142.00,-6.00,77.00,-2.00,4.00,-6.00,-7.00,9.00,0.00,16.00,-38.00,6.00,-2.00,57.00,-7.00,89.00,5.00,-57.00,-69.00,-64.00,-69.00,-37.00,-36.00,-119.00,74.00,126.00,50.00,-3.00,-49.00,37.00,-1.00,5.00,-2.00,4.00,-4.00,-2.00,56.00,-99.00,45.00,17.00,-48.00,22.00,81.00,-177.00,66.00,97.00,-48.00,2.00,-27.00,5.00,-53.00,-20.00,-26.00,-57.00,71.00,117.00,47.00,68.00,-60.00,-45.00,-39.00,-26.00,-6.00,3.00,-7.00,8.00,13.00,-12.00,0.00,-3.00,-1.00,-1.00,-5.00,3.00,-2.00
0.00,2.00,-2.00,-3.00,2.00,-3.00,-2.00,1.00,1.00,1.00,0.00,2.00,-4.00,2.00,1.00,-2.00,-1.00,0.00,0.00,-3.00,2.00,2.00,-2.00,0.00,0.00,0.00,0.00,-1.00,0.00,1.00,0.00,0.00,0.00,0.00,1.00,1.00,0.00,1.00,2.00,-2.00,-1.00,2.00,-55.00,96.00,-12.00,-1.00,-26.00,28.00,-13.00,12.00,14.00,-64.00,14.00,43.00,-20.00,10.00,28.00,37.00,-54.00,-18.00,185.00,-74.00,11.00,-11.00,-3.00,2.00,-6.00,-3.00,16.00,0.00,5.00,-6.00,-2.00,3.00,-2.00,4.00,2.00,-2.00,-1.00,1.00,17.00,-14.00,-6.00,9.00,-8.00,-4.00,6.00,-2.00,5.00,-3.00,2.00,1.00,2.00,-1.00,-2.00,1.00,0.00,-6.00,-2.00,3.00,-3.00,0.00,3.00,-4.00,4.00,-2.00,5.00,-2.00,-40.00,38.00,-20.00,33.00,-18.00,0.00,47.00,-173.00,160.00,-117.00,-24.00,-65.00,-78.00,-72.00,87.00,106.00,46.00,25.00,-95.00,43.00,5.00,10.00,-5.00,-13.00,7.00,-4.00,10.00,23.00,39.00,138.00,-187.00,170.00,-128.00,-21.00,-67.00,11.00,-74.00,-16.00,73.00,40.00,56.00,6.00,-33.00,17.00,-6.00,-38.00,45.00,-5.00,-2.00,4.00,-11.00,41.00,-2.00,44.00,-96.00,47.00,33.00,-72.00,63.00,90.00,-113.00,102.00,-70.00,27.00,-14.00,-25.00,-50.00,94.00,46.00,109.00,14.00,-33.00,-73.00,75.00,-53.00,3.00,4.00,5.00,-15.00,10.00,-1.00,-5.00,-12.00,10.00,-2.00,5.00,-3.00,-6.00,2.00,4.00,0.00,-3.00
3.00,-2.00,0.00,0.00,-2.00,5.00,-5.00,1.00,-1.00,-1.00,-1.00,0.00,0.00,0.00,0.00,1.00,1.00,-3.00,3.00,-1.00,-1.00,-1.00,1.00,1.00,1.00,2.00,-3.00,2.00,-2.00,-2.00,2.00,1.00,1.00,1.00,-3.00,-2.00,3.00,-2.00,-1.00,0.00,2.00,-2.00,-44.00,16.00,32.00,-21.00,-46.00,62.00,-36.00,14.00,30.00,-55.00,19.00,3.00,59.00,-137.00,50.00,59.00,-53.00,-8.00,95.00,-69.00,-9.00,-6.00,3.00,4.00,-1.00,-6.00,5.00,10.00,2.00,1.00,6.00,-2.00,2.00,-1.00,4.00,6.00,7.00,1.00,-2.00,-9.00,0.00,1.00,-4.00,1.00,9.00,7.00,-3.00,5.00,4.00,-3.00,3.00,-3.00,1.00,2.00,1.00,1.00,2.00,1.00,-1.00,1.00,2.00,3.00,0.00,4.00,0.00,-5.00,-40.00,36.00,-9.00,23.00,-12.00,32.00,82.00,133.00,-76.00,-60.00,-65.00,-86.00,87.00,26.00,-14.00,-1.00,0.00,29.00,-54.00,35.00,-10.00,10.00,-8.00,-14.00,59.00,-8.00,120.00,-114.00,54.00,-101.00,4.00,-86.00,-61.00,-89.00,178.00,-188.00,127.00,15.00,19.00,-8.00,4.00,6.00,-4.00,13.00,-3.00,-40.00,44.00,-9.00,-2.00,-3.00,-1.00,4.00,-32.00,98.00,-61.00,31.00,116.00,49.00,32.00,-57.00,172.00,29.00,-171.00,37.00,53.00,79.00,-12.00,-19.00,-21.00,-34.00,-6.00,3.00,-21.00,43.00,-22.00,-6.00,2.00,1.00,-9.00,8.00,-7.00,-3.00,-3.00,6.00,2.00,-2.00,-1.00,-3.00,-2.00,1.00,3.00,-2.00
0.00,0.00,1.00,1.00,1.00,0.00,3.00,-3.00,2.00,1.00,2.00,-3.00,4.00,-2.00,-1.00,-2.00,3.00,-1.00,-1.00,1.00,1.00,2.00,-2.00,-1.00,-1.00,-1.00,-1.00,3.00,-1.00,0.00,-1.00,0.00,-1.00,2.00,3.00,-1.00,-1.00,1.00,1.00,2.00,-1.00,1.00,-51.00,57.00,21.00,-7.00,-26.00,64.00,-59.00,41.00,5.00,-60.00,-8.00,69.00,34.00,-142.00,83.00,30.00,-41.00,-3.00,82.00,-68.00,-3.00,-9.00,-3.00,-1.00,2.00,-4.00,1.00,4.00,-6.00,-2.00,2.00,-3.00,-1.00,-4.00,8.00,-9.00,14.00,-10.00,-5.00,1.00,-3.00,3.00,-4.00,2.00,-9.00,-3.00,-1.00,2.00,-6.00,3.00,-2.00,5.00,1.00,2.00,2.00,8.00,0.00,7.00,-3.00,-1.00,4.00,4.00,-1.00,-5.00,2.00,-3.00,-40.00,97.00,28.00,122.00,45.00,-79.00,-101.00,-12.00,-120.00,29.00,136.00,24.00,23.00,-49.00,5.00,7.00,3.00,24.00,-58.00,35.00,-12.00,70.00,15.00,115.00,-161.00,197.00,-135.00,-20.00,-41.00,-54.00,-116.00,71.00,110.00,22.00,6.00,44.00,7.00,-4.00,9.00,1.00,3.00,3.00,-11.00,12.00,-4.00,-40.00,43.00,-17.00,13.00,9.00,24.00,29.00,168.00,-88.00,50.00,112.00,-153.00,-28.00,-69.00,-116.00,130.00,-137.00,-69.00,168.00,-85.00,-22.00,6.00,4.00,9.00,-3.00,-8.00,-5.00,-13.00,31.00,-19.00,0.00,0.00,8.00,-20.00,13.00,1.00,-3.00,-1.00,10.00,-19.00,3.00,3.00,-6.00,3.00,-2.00,0.00,0.00
-3.00,4.00,-2.00,-1.00,-1.00,0.00,-1.00,1.00,0.00,-1.00,0.00,1.00,-4.00,2.00,1.00,0.00,0.00,1.00,2.00,-1.00,0.00,-2.00,0.00,-1.00,1.00,0.00,1.00,0.00,0.00,1.00,2.00,-2.00,-2.00,1.00,0.00,1.00,2.00,-2.00,0.00,1.00,-2.00,0.00,-63.00,113.00,-10.00,-23.00,-27.00,66.00,-32.00,37.00,8.00,-34.00,-27.00,66.00,44.00,-138.00,50.00,34.00,-33.00,-18.00,95.00,-78.00,-10.00,1.00,-2.00,3.00,-1.00,-3.00,0.00,-5.00,-2.00,3.00,3.00,7.00,-7.00,0.00,-2.00,-1.00,-5.00,3.00,-3.00,-1.00,-1.00,0.00,0.00,-6.00,-3.00,1.00,1.00,4.00,2.00,2.00,7.00,-4.00,0.00,8.00,-4.00,0.00,-4.00,-4.00,1.00,9.00,-7.00,-1.00,-5.00,1.00,-3.00,1.00,22.00,-108.00,-38.00,-92.00,-108.00,-113.00,133.00,-69.00,82.00,-4.00,29.00,-21.00,18.00,-18.00,-6.00,2.00,10.00,31.00,-45.00,95.00,135.00,-146.00,43.00,-73.00,-72.00,-110.00,-36.00,-24.00,-68.00,112.00,52.00,7.00,-18.00,-5.00,3.00,1.00,2.00,7.00,-5.00,-2.00,1.00,2.00,-13.00,21.00,-4.00,-47.00,98.00,30.00,115.00,58.00,-57.00,146.00,-167.00,-39.00,-55.00,-66.00,-73.00,22.00,-80.00,-89.00,43.00,-136.00,-2.00,115.00,-46.00,0.00,1.00,3.00,-2.00,-7.00,-2.00,-9.00,-1.00,26.00,-16.00,2.00,3.00,3.00,-12.00,9.00,-3.00,0.00,-6.00,6.00,-5.00,4.00,-1.00,-2.00,6.00,-2.00,-1.00,-1.00
2.00,-4.00,2.00,1.00,1.00,-3.00,3.00,-2.00,-2.00,3.00,-3.00,4.00,-1.00,-1.00,-2.00,3.00,-2.00,0.00,1.00,-3.00,-3.00,6.00,-2.00,6.00,-4.00,2.00,-2.00,-3.00,2.00,-2.00,-1.00,0.00,0.00,0.00,0.00,-1.00,0.00,2.00,-2.00,-1.00,1.00,2.00,-28.00,-16.00,14.00,-1.00,-36.00,77.00,-55.00,35.00,-15.00,-28.00,-32.00,64.00,3.00,-59.00,29.00,47.00,-41.00,-4.00,93.00,-80.00,3.00,-5.00,3.00,-2.00,3.00,0.00,4.00,5.00,1.00,5.00,2.00,-3.00,-4.00,-7.00,7.00,-2.00,-1.00,2.00,-5.00,3.00,-3.00,1.00,-4.00,0.00,2.00,-1.00,-2.00,-2.00,-4.00,-1.00,-3.00,0.00,-1.00,-6.00,4.00,1.00,-11.00,6.00,-7.00,-4.00,-4.00,2.00,-1.00,-4.00,0.00,-4.00,4.00,-36.00,-97.00,61.00,75.00,40.00,39.00,-62.00,34.00,-24.00,42.00,-19.00,0.00,10.00,-33.00,14.00,87.00,34.00,34.00,-114.00,-68.00,-50.00,-81.00,-137.00,146.00,-2.00,54.00,28.00,47.00,1.00,0.00,8.00,-4.00,-4.00,3.00,1.00,9.00,-6.00,3.00,3.00,-6.00,5.00,12.00,36.00,30.00,155.00,-167.00,164.00,-158.00,-64.00,-47.00,-107.00,-70.00,-67.00,-33.00,-49.00,139.00,-76.00,109.00,42.00,46.00,32.00,-5.00,89.00,-43.00,-9.00,-6.00,-10.00,11.00,-5.00,-1.00,2.00,-1.00,-3.00,0.00,-2.00,1.00,6.00,-8.00,11.00,0.00,-6.00,6.00,-4.00,1.00,-4.00,6.00,-8.00,1.00,-2.00,10.00,3.00
3.00,-1.00,0.00,-2.00,3.00,-2.00,-1.00,0.00,0.00,-1.00,1.00,-5.00,2.00,0.00,1.00,-1.00,2.00,-2.00,-2.00,4.00,-1.00,-3.00,3.00,-3.00,-1.00,3.00,-2.00,3.00,3.00,0.00,1.00,1.00,2.00,-1.00,-2.00,4.00,-1.00,0.00,1.00,2.00,-1.00,0.00,-25.00,27.00,-15.00,8.00,-42.00,59.00,-47.00,54.00,10.00,-21.00,-52.00,105.00,-15.00,-49.00,39.00,27.00,-33.00,-6.00,87.00,-78.00,0.00,4.00,1.00,2.00,-1.00,7.00,-1.00,-19.00,7.00,-3.00,-11.00,-6.00,5.00,6.00,-3.00,1.00,1.00,-1.00,-2.00,0.00,1.00,-5.00,0.00,1.00,-1.00,-1.00,0.00,1.00,0.00,0.00,1.00,-2.00,-3.00,-1.00,-1.00,0.00,-6.00,4.00,-2.00,2.00,-1.00,0.00,4.00,6.00,3.00,4.00,-50.00,118.00,23.00,47.00,-24.00,1.00,45.00,-71.00,30.00,-26.00,52.00,11.00,-4.00,41.00,106.00,70.00,-120.00,-73.00,-41.00,-94.00,-102.00,63.00,100.00,65.00,-7.00,7.00,3.00,2.00,4.00,2.00,-10.00,11.00,-5.00,-6.00,14.00,-15.00,16.00,-29.00,19.00,-1.00,47.00,125.00,-25.00,80.00,-118.00,-74.00,-29.00,-99.00,-73.00,-60.00,-97.00,65.00,71.00,118.00,-39.00,60.00,42.00,-93.00,44.00,-3.00,78.00,-193.00,85.00,50.00,-20.00,-14.00,-1.00,8.00,3.00,-4.00,-3.00,-3.00,-6.00,1.00,5.00,1.00,2.00,1.00,-10.00,4.00,-3.00,-4.00,-3.00,2.00,-8.00,9.00,-9.00,-5.00,-33.00,-42.00,-34.00,-37.00
1.00,2.00,-2.00,3.00,-2.00,4.00,0.00,0.00,2.00,1.00,1.00,2.00,-3.00,3.00,-3.00,3.00,-2.00,0.00,0.00,-1.00,0.00,-1.00,0.00,0.00,1.00,0.00,1.00,1.00,-3.00,-1.00,0.00,-1.00,1.00,-2.00,4.00,-2.00,-1.00,0.00,0.00,1.00,-2.00,-1.00,-23.00,-43.00,1.00,26.00,-53.00,90.00,-67.00,24.00,5.00,1.00,-26.00,10.00,-27.00,-14.00,21.00,30.00,-32.00,-4.00,77.00,-73.00,1.00,-1.00,0.00,3.00,0.00,-4.00,-2.00,7.00,-1.00,16.00,-10.00,2.00,8.00,-7.00,1.00,-1.00,2.00,0.00,-3.00,-4.00,-6.00,4.00,-1.00,1.00,0.00,2.00,-1.00,1.00,0.00,-2.00,0.00,-3.00,1.00,0.00,1.00,-3.00,5.00,0.00,1.00,-2.00,0.00,-6.00,1.00,-2.00,-7.00,6.00,-28.00,22.00,-16.00,38.00,-12.00,-12.00,40.00,-79.00,38.00,-24.00,139.00,-120.00,159.00,-114.00,-120.00,-72.00,-79.00,-85.00,43.00,126.00,67.00,48.00,-31.00,-4.00,0.00,9.00,-16.00,-2.00,5.00,11.00,-5.00,3.00,-10.00,-20.00,68.00,-15.00,59.00,98.00,59.00,81.00,-119.00,-83.00,-51.00,-74.00,-16.00,-51.00,-115.00,20.00,47.00,104.00,33.00,21.00,-3.00,-4.00,-3.00,15.00,32.00,-85.00,36.00,5.00,50.00,-210.00,79.00,49.00,-16.00,-12.00,-1.00,-3.00,7.00,2.00,-3.00,-3.00,5.00,-5.00,-3.00,3.00,-5.00,0.00,-6.00,9.00,-1.00,-1.00,-26.00,-52.00,44.00,-56.00,-29.00,-72.00,83.00,63.00,77.00,81.00
-4.00,1.00,-3.00,-4.00,4.00,2.00,-2.00,5.00,-6.00,1.00,-1.00,3.00,0.00,-1.00,1.00,0.00,2.00,1.00,2.00,2.00,1.00,7.00,-4.00,4.00,-2.00,-2.00,0.00,0.00,1.00,2.00,-4.00,4.00,-1.00,-2.00,-1.00,-1.00,4.00,-1.00,-1.00,0.00,1.00,2.00,-84.00,207.00,-99.00,41.00,-69.00,69.00,-82.00,51.00,-16.00,7.00,-8.00,-42.00,108.00,-57.00,43.00,-14.00,-21.00,1.00,70.00,-64.00,2.00,2.00,-2.00,9.00,-15.00,-5.00,4.00,-2.00,-1.00,-1.00,6.00,10.00,-5.00,-8.00,1.00,6.00,-4.00,-2.00,4.00,0.00,0.00,-2.00,0.00,2.00,2.00,-1.00,-3.00,0.00,5.00,-1.00,-5.00,-10.00,-8.00,2.00,-1.00,-1.00,0.00,-1.00,-2.00,-6.00,8.00,-1.00,-1.00,-3.00,0.00,-1.00,-37.00,38.00,-8.00,9.00,-16.00,26.00,74.00,-29.00,54.00,137.00,-124.00,-66.00,-132.00,-64.00,108.00,-73.00,155.00,11.00,8.00,13.00,-1.00,25.00,-31.00,9.00,-2.00,-1.00,-6.00,3.00,8.00,-12.00,18.00,-2.00,45.00,150.00,-185.00,171.00,-102.00,-90.00,-60.00,-106.00,-73.00,-52.00,-110.00,168.00,-150.00,93.00,98.00,35.00,57.00,-42.00,1.00,-5.00,1.00,14.00,-29.00,21.00,35.00,-77.00,36.00,0.00,-14.00,44.00,-16.00,70.00,-11.00,-26.00,2.00,2.00,0.00,-5.00,-2.00,3.00,0.00,-6.00,2.00,-2.00,8.00,-45.00,-36.00,-10.00,23.00,-65.00,43.00,34.00,79.00,82.00,76.00,105.00,74.00,47.00,-94.00,-49.00
-2.00,2.00,4.00,-1.00,-2.00,-2.00,0.00,-3.00,4.00,-2.00,-2.00,2.00,-3.00,3.00,-2.00,1.00,-4.00,2.00,-3.00,-2.00,-2.00,-4.00,3.00,-4.00,1.00,6.00,-3.00,-1.00,-1.00,-2.00,5.00,-5.00,3.00,0.00,-2.00,-2.00,-2.00,-2.00,3.00,-2.00,-1.00,0.00,-80.00,166.00,-99.00,49.00,-81.00,102.00,-84.00,66.00,-30.00,16.00,1.00,-45.00,133.00,-168.00,91.00,11.00,-15.00,0.00,64.00,-62.00,-4.00,2.00,4.00,-5.00,0.00,-3.00,-2.00,-2.00,2.00,-2.00,5.00,-8.00,-16.00,4.00,9.00,2.00,-12.00,4.00,-5.00,2.00,-1.00,-1.00,2.00,0.00,0.00,1.00,5.00,0.00,1.00,-16.00,10.00,15.00,4.00,-9.00,3.00,4.00,-2.00,-3.00,-8.00,13.00,1.00,3.00,1.00,5.00,3.00,-4.00,-37.00,26.00,24.00,109.00,94.00,-43.00,-31.00,-23.00,-62.00,-122.00,-106.00,57.00,101.00,-7.00,51.00,33.00,29.00,-50.00,21.00,11.00,-3.00,27.00,-23.00,6.00,0.00,0.00,-17.00,11.00,14.00,114.00,-28.00,173.00,-128.00,-67.00,-2.00,-113.00,17.00,-69.00,-86.00,153.00,49.00,96.00,25.00,20.00,35.00,-29.00,29.00,2.00,34.00,-30.00,-5.00,0.00,6.00,39.00,-108.00,41.00,34.00,-69.00,40.00,-17.00,74.00,-10.00,-46.00,58.00,28.00,-33.00,-1.00,-3.00,6.00,-4.00,1.00,-6.00,-37.00,-39.00,-29.00,-31.00,-78.00,103.00,74.00,63.00,-89.00,131.00,60.00,154.00,-121.00,-62.00,-64.00,-55.00,-71.00,-29.00,-11.00,-6.00
1.00,2.00,-4.00,2.00,0.00,3.00,-3.00,2.00,0.00,1.00,0.00,-1.00,1.00,0.00,2.00,-2.00,0.00,-1.00,0.00,0.00,0.00,0.00,0.00,2.00,0.00,-1.00,1.00,0.00,1.00,1.00,2.00,0.00,0.00,2.00,-2.00,5.00,0.00,1.00,0.00,0.00,2.00,-2.00,-65.00,90.00,-74.00,58.00,-98.00,122.00,-96.00,61.00,-31.00,13.00,-25.00,-10.00,98.00,-139.00,91.00,-37.00,-19.00,1.00,70.00,-62.00,2.00,-4.00,2.00,1.00,3.00,1.00,9.00,-2.00,2.00,-15.00,1.00,3.00,4.00,0.00,-2.00,8.00,13.00,-14.00,-4.00,-5.00,-1.00,-3.00,0.00,-1.00,-1.00,1.00,0.00,-5.00,-10.00,5.00,0.00,4.00,3.00,-5.00,-9.00,-4.00,3.00,4.00,4.00,6.00,-4.00,-10.00,1.00,-4.00,-1.00,2.00,-46.00,152.00,-60.00,-107.00,-106.00,-103.00,-69.00,10.00,-104.00,75.00,117.00,35.00,-23.00,-58.00,38.00,-2.00,21.00,-58.00,37.00,0.00,-6.00,21.00,-42.00,33.00,5.00,79.00,73.00,77.00,18.00,-105.00,-43.00,-126.00,-40.00,-78.00,-110.00,206.00,-231.00,142.00,41.00,-20.00,-6.00,-7.00,-17.00,24.00,-9.00,-25.00,20.00,20.00,33.00,-27.00,-5.00,3.00,12.00,16.00,-32.00,27.00,35.00,-83.00,43.00,49.00,-173.00,102.00,-72.00,67.00,11.00,-30.00,-21.00,23.00,42.00,-33.00,-45.00,-60.00,69.00,107.00,76.00,91.00,93.00,86.00,-4.00,-66.00,-5.00,-60.00,-73.00,-77.00,29.00,-13.00,8.00,12.00,-13.00,18.00,-9.00,-64.00
2.00,-5.00,1.00,-2.00,5.00,-6.00,1.00,-1.00,-1.00,-3.00,2.00,2.00,-1.00,0.00,-1.00,0.00,1.00,1.00,0.00,1.00,2.00,3.00,-1.00,-5.00,2.00,0.00,-10.00,3.00,1.00,2.00,-3.00,-1.00,-1.00,0.00,2.00,-3.00,-1.00,-1.00,-2.00,3.00,-1.00,1.00,-69.00,142.00,-81.00,58.00,-105.00,136.00,-109.00,107.00,-35.00,49.00,-17.00,-36.00,180.00,-176.00,116.00,-44.00,7.00,13.00,36.00,-49.00,0.00,2.00,-1.00,9.00,-10.00,3.00,-8.00,1.00,4.00,-2.00,0.00,-5.00,-3.00,3.00,-2.00,-1.00,6.00,-3.00,2.00,-1.00,-3.00,11.00,-7.00,1.00,2.00,0.00,-1.00,-6.00,12.00,1.00,5.00,4.00,-2.00,-10.00,9.00,3.00,4.00,2.00,5.00,-10.00,3.00,3.00,-4.00,1.00,-3.00,-1.00,11.00,-79.00,-74.00,-97.00,120.00,56.00,117.00,-54.00,66.00,-10.00,1.00,27.00,-20.00,-26.00,32.00,5.00,21.00,-60.00,49.00,42.00,28.00,111.00,97.00,1.00,52.00,-116.00,-59.00,-119.00,-101.00,-56.00,-119.00,123.00,-6.00,90.00,63.00,-17.00,85.00,-15.00,6.00,-4.00,4.00,2.00,-18.00,11.00,-3.00,-24.00,30.00,15.00,26.00,-31.00,2.00,10.00,-16.00,2.00,-22.00,7.00,79.00,-128.00,107.00,121.00,-114.00,77.00,-63.00,67.00,46.00,-89.00,71.00,-73.00,-105.00,139.00,78.00,97.00,140.00,-138.00,-52.00,-55.00,-67.00,-58.00,-30.00,-3.00,-4.00,4.00,-12.00,-3.00,-26.00,-63.00,-48.00,-71.00,-11.00,-97.00,-54.00,146.00
-3.00,3.00,1.00,2.00,-6.00,3.00,1.00,0.00,-1.00,5.00,-2.00,1.00,-3.00,-2.00,2.00,3.00,-1.00,-2.00,3.00,0.00,-4.00,-4.00,2.00,3.00,-14.00,-20.00,20.00,-14.00,-15.00,-14.00,-9.00,-10.00,-6.00,-11.00,-10.00,-9.00,-13.00,-9.00,1.00,1.00,-2.00,-2.00,-74.00,76.00,-78.00,69.00,-117.00,142.00,-135.00,138.00,-168.00,75.00,-79.00,127.00,-222.00,-45.00,96.00,-32.00,-11.00,14.00,30.00,-42.00,-6.00,-3.00,0.00,4.00,0.00,-11.00,-4.00,1.00,1.00,3.00,0.00,1.00,3.00,-1.00,0.00,4.00,1.00,1.00,1.00,10.00,-9.00,-5.00,-1.00,-3.00,-8.00,-8.00,-12.00,-1.00,5.00,3.00,0.00,2.00,-8.00,-1.00,9.00,4.00,-1.00,7.00,-4.00,-6.00,1.00,2.00,1.00,-1.00,3.00,-1.00,1.00,-88.00,164.00,38.00,-27.00,-21.00,84.00,-75.00,16.00,-26.00,45.00,29.00,-25.00,-23.00,34.00,27.00,62.00,35.00,83.00,-18.00,77.00,-161.00,-53.00,-123.00,-98.00,-88.00,-122.00,126.00,47.00,66.00,59.00,1.00,18.00,8.00,-40.00,8.00,10.00,-10.00,-2.00,-1.00,-5.00,5.00,-16.00,32.00,10.00,-19.00,40.00,-16.00,-1.00,-30.00,-23.00,18.00,4.00,73.00,48.00,106.00,-119.00,256.00,-134.00,-123.00,97.00,30.00,-64.00,109.00,-12.00,70.00,108.00,45.00,-37.00,-50.00,-47.00,-59.00,-71.00,17.00,-18.00,9.00,-8.00,-8.00,-21.00,-58.00,-69.00,-52.00,-24.00,-93.00,0.00,103.00,38.00,114.00,14.00,39.00,111.00,-57.00
0.00,-1.00,0.00,-2.00,9.00,-3.00,-2.00,1.00,2.00,-4.00,3.00,-3.00,5.00,-1.00,1.00,-3.00,-3.00,2.00,0.00,-3.00,3.00,2.00,-2.00,-6.00,13.00,13.00,23.00,8.00,-13.00,13.00,15.00,22.00,7.00,14.00,12.00,9.00,8.00,9.00,-11.00,-1.00,1.00,-19.00,-6.00,112.00,-77.00,57.00,-107.00,128.00,-131.00,133.00,-119.00,70.00,-1.00,29.00,83.00,11.00,48.00,-35.00,11.00,13.00,-39.00,-30.00,-6.00,0.00,-2.00,8.00,1.00,7.00,-4.00,-4.00,1.00,-2.00,0.00,-4.00,-1.00,-11.00,-3.00,-8.00,-12.00,5.00,9.00,-2.00,-1.00,11.00,-12.00,2.00,11.00,7.00,7.00,3.00,1.00,-3.00,-4.00,3.00,-7.00,1.00,2.00,1.00,-2.00,-2.00,4.00,1.00,-2.00,-1.00,2.00,0.00,-2.00,2.00,-39.00,53.00,38.00,-13.00,-13.00,-18.00,81.00,-93.00,26.00,-28.00,80.00,21.00,-7.00,29.00,107.00,26.00,38.00,-116.00,-97.00,-99.00,-132.00,-62.00,-109.00,116.00,9.00,143.00,29.00,6.00,4.00,-2.00,0.00,2.00,8.00,-6.00,12.00,-7.00,10.00,-5.00,8.00,-2.00,15.00,2.00,-4.00,3.00,-33.00,22.00,64.00,3.00,118.00,40.00,98.00,20.00,116.00,-126.00,-35.00,-51.00,-28.00,-87.00,-61.00,-49.00,-161.00,84.00,-202.00,104.00,-53.00,-51.00,-57.00,-27.00,9.00,-9.00,8.00,5.00,-48.00,-58.00,-70.00,-24.00,-22.00,-86.00,3.00,106.00,94.00,63.00,48.00,24.00,118.00,-59.00,-13.00,-24.00,1.00,2.00,-25.00,3.00
1.00,2.00,-2.00,-1.00,-5.00,1.00,0.00,3.00,-1.00,0.00,-1.00,1.00,-5.00,3.00,-2.00,-1.00,5.00,-3.00,3.00,-1.00,-1.00,4.00,-5.00,-4.00,9.00,7.00,-17.00,-7.00,44.00,28.00,-15.00,-16.00,-4.00,-3.00,1.00,-24.00,45.00,10.00,-15.00,1.00,-2.00,-19.00,-36.00,90.00,-57.00,47.00,-111.00,148.00,-114.00,102.00,-135.00,91.00,-55.00,46.00,-31.00,-21.00,50.00,-45.00,25.00,-46.00,142.00,-69.00,4.00,-6.00,0.00,2.00,-4.00,0.00,3.00,4.00,4.00,-6.00,-13.00,-4.00,-15.00,14.00,7.00,6.00,8.00,7.00,-9.00,-2.00,2.00,-13.00,9.00,6.00,0.00,5.00,1.00,5.00,0.00,8.00,3.00,-1.00,4.00,-1.00,-3.00,-4.00,-1.00,-7.00,1.00,-1.00,1.00,2.00,-2.00,2.00,0.00,-2.00,-34.00,17.00,43.00,-5.00,-16.00,-13.00,83.00,-111.00,41.00,60.00,135.00,-113.00,157.00,-118.00,-130.00,-130.00,-116.00,-115.00,65.00,-18.00,119.00,57.00,56.00,-21.00,46.00,30.00,-32.00,-1.00,1.00,-2.00,-5.00,-1.00,2.00,-13.00,7.00,-9.00,14.00,-7.00,-12.00,-12.00,34.00,58.00,-15.00,91.00,135.00,-169.00,96.00,117.00,-161.00,-32.00,-64.00,-59.00,-53.00,-67.00,-49.00,-77.00,-69.00,-88.00,101.00,23.00,3.00,136.00,-19.00,73.00,-30.00,-5.00,-58.00,-43.00,-84.00,-66.00,-15.00,-133.00,71.00,85.00,161.00,-34.00,33.00,39.00,57.00,-20.00,-20.00,-12.00,-7.00,-45.00,98.00,-38.00,-2.00,12.00,1.00,2.00,0.00,2.00
0.00,-1.00,1.00,-1.00,3.00,2.00,-2.00,3.00,-2.00,3.00,1.00,2.00,4.00,-1.00,1.00,1.00,-4.00,1.00,0.00,2.00,-3.00,2.00,-1.00,-4.00,1.00,3.00,-5.00,-23.00,-76.00,-81.00,-57.00,-58.00,-54.00,-76.00,-78.00,-74.00,37.00,13.00,-20.00,3.00,0.00,-19.00,-34.00,108.00,-73.00,55.00,-107.00,122.00,-136.00,145.00,-120.00,65.00,-38.00,27.00,64.00,-21.00,15.00,-25.00,6.00,-52.00,133.00,-83.00,13.00,-21.00,-6.00,-15.00,2.00,-12.00,-10.00,-11.00,-13.00,-30.00,16.00,10.00,10.00,2.00,0.00,1.00,2.00,0.00,-4.00,-2.00,-1.00,7.00,5.00,5.00,-3.00,-4.00,12.00,-5.00,1.00,-7.00,9.00,-4.00,2.00,-3.00,1.00,4.00,-1.00,0.00,-1.00,-3.00,-2.00,-2.00,2.00,-1.00,2.00,0.00,-31.00,-5.00,34.00,5.00,-16.00,25.00,145.00,7.00,133.00,-144.00,-132.00,-84.00,-169.00,-110.00,150.00,3.00,94.00,41.00,84.00,2.00,-12.00,5.00,-4.00,-28.00,41.00,27.00,-31.00,10.00,1.00,12.00,9.00,5.00,1.00,-6.00,-4.00,62.00,69.00,-2.00,57.00,141.00,-82.00,-104.00,175.00,-128.00,-57.00,-17.00,-85.00,-109.00,-76.00,-28.00,-89.00,-63.00,-110.00,72.00,54.00,69.00,73.00,46.00,14.00,10.00,33.00,43.00,-220.00,88.00,-24.00,-119.00,129.00,14.00,227.00,36.00,48.00,93.00,-21.00,-16.00,-35.00,13.00,9.00,-5.00,-19.00,4.00,1.00,-4.00,1.00,-39.00,58.00,-37.00,2.00,-2.00,1.00,1.00,-4.00,8.00
-3.00,3.00,-3.00,2.00,-1.00,0.00,-3.00,-2.00,-1.00,-3.00,2.00,-4.00,-3.00,0.00,-1.00,4.00,-1.00,4.00,-1.00,0.00,1.00,1.00,-3.00,-6.00,11.00,1.00,-13.00,9.00,131.00,67.00,63.00,55.00,43.00,105.00,111.00,19.00,-23.00,-1.00,-13.00,1.00,-3.00,-17.00,-37.00,103.00,-56.00,31.00,-91.00,141.00,-141.00,119.00,-121.00,72.00,-82.00,116.00,-141.00,43.00,24.00,-44.00,48.00,-56.00,112.00,-79.00,5.00,20.00,10.00,15.00,-26.00,22.00,3.00,19.00,4.00,10.00,8.00,2.00,2.00,1.00,4.00,6.00,3.00,1.00,2.00,-4.00,4.00,6.00,4.00,-3.00,-4.00,-1.00,-10.00,3.00,-4.00,-3.00,-1.00,-6.00,2.00,1.00,-1.00,1.00,0.00,4.00,-2.00,1.00,2.00,5.00,-2.00,-2.00,-1.00,2.00,-30.00,40.00,153.00,4.00,132.00,-117.00,-138.00,-67.00,-132.00,-118.00,109.00,-28.00,174.00,16.00,6.00,14.00,-8.00,-20.00,48.00,-26.00,0.00,4.00,2.00,-29.00,42.00,44.00,-27.00,1.00,-6.00,-4.00,-18.00,3.00,3.00,58.00,189.00,-175.00,-60.00,157.00,-125.00,-67.00,-8.00,-23.00,-111.00,-60.00,-72.00,-46.00,-81.00,38.00,71.00,29.00,79.00,69.00,59.00,27.00,5.00,6.00,2.00,-2.00,2.00,-18.00,25.00,82.00,-162.00,127.00,37.00,95.00,-50.00,-20.00,-93.00,13.00,-9.00,-6.00,6.00,0.00,2.00,5.00,-5.00,7.00,-2.00,4.00,0.00,-9.00,7.00,-24.00,68.00,-31.00,-3.00,-3.00,1.00,0.00,-3.00,7.00
0.00,-1.00,0.00,-3.00,2.00,1.00,2.00,0.00,0.00,0.00,-2.00,3.00,4.00,-4.00,-2.00,-3.00,-1.00,-1.00,0.00,-1.00,-1.00,-1.00,0.00,0.00,2.00,-3.00,-10.00,-25.00,-11.00,70.00,-6.00,-3.00,-6.00,-37.00,35.00,90.00,-47.00,11.00,-16.00,0.00,1.00,-20.00,-39.00,113.00,-63.00,30.00,-90.00,140.00,-138.00,138.00,-108.00,73.00,-81.00,117.00,-90.00,51.00,4.00,-37.00,49.00,-70.00,130.00,-74.00,-3.00,-3.00,-15.00,20.00,9.00,-9.00,5.00,-1.00,5.00,4.00,2.00,7.00,14.00,0.00,16.00,18.00,-14.00,6.00,1.00,-1.00,0.00,3.00,-3.00,-1.00,-3.00,-1.00,-1.00,-4.00,0.00,0.00,-3.00,3.00,-1.00,0.00,-2.00,1.00,-1.00,1.00,-1.00,2.00,-1.00,-3.00,2.00,-1.00,2.00,-2.00,17.00,-54.00,-131.00,-116.00,-133.00,-103.00,88.00,3.00,84.00,26.00,65.00,26.00,29.00,-39.00,16.00,-1.00,1.00,-24.00,45.00,-24.00,8.00,-3.00,4.00,-12.00,-5.00,23.00,2.00,-2.00,84.00,31.00,79.00,55.00,139.00,-138.00,-90.00,4.00,-59.00,-118.00,-12.00,-60.00,-47.00,-108.00,78.00,76.00,52.00,32.00,71.00,28.00,12.00,4.00,8.00,-7.00,3.00,6.00,-9.00,-6.00,7.00,-5.00,4.00,-16.00,33.00,18.00,-81.00,73.00,21.00,-59.00,-3.00,-4.00,-24.00,25.00,-1.00,-6.00,0.00,6.00,-8.00,-9.00,-9.00,-7.00,-15.00,3.00,1.00,10.00,-1.00,-11.00,13.00,-20.00,4.00,8.00,-5.00,5.00,-7.00,6.00
0.00,1.00,-1.00,5.00,-1.00,-3.00,4.00,-4.00,2.00,1.00,1.00,0.00,0.00,2.00,3.00,3.00,0.00,-3.00,-2.00,2.00,1.00,3.00,-3.00,1.00,1.00,-1.00,-4.00,-10.00,-41.00,-6.00,39.00,17.00,-1.00,-10.00,-7.00,50.00,-41.00,5.00,-14.00,0.00,0.00,-21.00,-31.00,88.00,3.00,-15.00,-59.00,133.00,-128.00,128.00,-119.00,67.00,-83.00,117.00,-94.00,49.00,-2.00,-49.00,48.00,-51.00,117.00,-84.00,-12.00,-16.00,-8.00,-25.00,13.00,0.00,3.00,-4.00,2.00,-2.00,0.00,-14.00,-9.00,-7.00,-29.00,-17.00,-5.00,3.00,0.00,5.00,-2.00,-2.00,-3.00,-3.00,4.00,-3.00,3.00,0.00,4.00,-2.00,4.00,-3.00,2.00,-3.00,2.00,0.00,-3.00,0.00,3.00,-2.00,1.00,0.00,-2.00,2.00,-2.00,3.00,10.00,-115.00,84.00,88.00,48.00,57.00,20.00,0.00,5.00,-28.00,42.00,-5.00,30.00,-45.00,15.00,-6.00,4.00,-21.00,51.00,-31.00,60.00,31.00,4.00,57.00,105.00,45.00,-20.00,169.00,-149.00,-57.00,-59.00,-134.00,-114.00,-60.00,-66.00,-117.00,61.00,119.00,-178.00,150.00,46.00,61.00,12.00,18.00,-3.00,7.00,14.00,0.00,-9.00,12.00,-14.00,5.00,6.00,-9.00,8.00,-6.00,-3.00,-7.00,11.00,-21.00,108.00,-214.00,19.00,61.00,26.00,-38.00,-2.00,5.00,-24.00,28.00,-1.00,1.00,0.00,4.00,0.00,3.00,9.00,13.00,3.00,7.00,-4.00,-3.00,-5.00,-14.00,37.00,-18.00,6.00,-8.00,6.00,3.00,-13.00,1.00
3.00,-3.00,4.00,-3.00,-3.00,7.00,0.00,0.00,0.00,0.00,0.00,0.00,0.00,1.00,-4.00,2.00,2.00,4.00,0.00,0.00,1.00,-4.00,3.00,3.00,-9.00,8.00,-2.00,3.00,-10.00,-32.00,34.00,22.00,14.00,-2.00,-43.00,83.00,-43.00,-6.00,-10.00,0.00,0.00,-19.00,-31.00,59.00,-14.00,-14.00,-30.00,93.00,-96.00,107.00,-103.00,83.00,-115.00,114.00,-91.00,24.00,1.00,-55.00,110.00,-73.00,54.00,-57.00,8.00,8.00,9.00,5.00,-3.00,2.00,1.00,4.00,-2.00,1.00,5.00,12.00,-8.00,-1.00,1.00,7.00,3.00,-12.00,1.00,0.00,-2.00,4.00,-1.00,4.00,-3.00,4.00,-4.00,1.00,-1.00,0.00,-1.00,-1.00,3.00,-1.00,-1.00,-3.00,5.00,-2.00,-5.00,2.00,3.00,2.00,1.00,-2.00,2.00,0.00,-39.00,98.00,-27.00,40.00,-14.00,-3.00,-1.00,-2.00,1.00,-35.00,36.00,-7.00,37.00,-53.00,9.00,65.00,-4.00,32.00,121.00,139.00,-163.00,30.00,108.00,-133.00,-73.00,-91.00,-72.00,-132.00,-74.00,-64.00,-129.00,167.00,-19.00,93.00,65.00,61.00,65.00,-6.00,69.00,-23.00,3.00,3.00,-6.00,16.00,1.00,-8.00,-4.00,1.00,12.00,-13.00,19.00,-8.00,8.00,-9.00,3.00,-3.00,2.00,0.00,0.00,-15.00,108.00,-181.00,14.00,63.00,28.00,-29.00,-4.00,-2.00,-22.00,17.00,8.00,7.00,10.00,-6.00,2.00,1.00,1.00,-4.00,-2.00,2.00,4.00,-1.00,4.00,-15.00,32.00,-10.00,1.00,7.00,2.00,-7.00,-2.00,-5.00
1.00,2.00,-4.00,2.00,3.00,-4.00,2.00,-1.00,-1.00,1.00,0.00,0.00,0.00,1.00,2.00,-2.00,-1.00,-1.00,0.00,0.00,0.00,2.00,-4.00,5.00,-2.00,-12.00,3.00,3.00,-8.00,-22.00,-23.00,17.00,36.00,-1.00,-6.00,70.00,-35.00,-15.00,-7.00,0.00,0.00,-18.00,-35.00,76.00,11.00,-38.00,3.00,32.00,-68.00,78.00,-100.00,73.00,-117.00,104.00,68.00,-8.00,-9.00,-79.00,117.00,-70.00,93.00,-65.00,0.00,5.00,1.00,4.00,0.00,2.00,-8.00,5.00,4.00,5.00,5.00,16.00,-3.00,-8.00,10.00,-2.00,-6.00,-3.00,1.00,2.00,1.00,-4.00,-3.00,1.00,1.00,-2.00,3.00,1.00,1.00,1.00,0.00,0.00,-1.00,0.00,0.00,-1.00,0.00,-1.00,3.00,-1.00,-2.00,-4.00,0.00,2.00,0.00,0.00,-41.00,43.00,-14.00,25.00,-11.00,-8.00,-4.00,0.00,2.00,-32.00,67.00,75.00,126.00,-5.00,181.00,-213.00,209.00,-82.00,-103.00,-87.00,-61.00,-101.00,-102.00,-67.00,-92.00,-26.00,22.00,54.00,93.00,72.00,59.00,-10.00,11.00,9.00,-9.00,-20.00,61.00,-30.00,5.00,-4.00,-6.00,4.00,-13.00,18.00,-13.00,-20.00,7.00,0.00,2.00,-9.00,-5.00,13.00,-3.00,3.00,-5.00,5.00,-3.00,-7.00,3.00,2.00,52.00,75.00,-70.00,61.00,14.00,-33.00,-1.00,2.00,-24.00,26.00,-7.00,-6.00,-18.00,9.00,2.00,6.00,-3.00,5.00,-2.00,6.00,1.00,3.00,1.00,-10.00,28.00,-23.00,-2.00,0.00,-6.00,-26.00,65.00,-50.00
-4.00,1.00,2.00,1.00,-3.00,-1.00,3.00,-3.00,5.00,-6.00,1.00,0.00,2.00,-4.00,2.00,-1.00,0.00,0.00,0.00,0.00,0.00,1.00,4.00,0.00,1.00,-2.00,-3.00,-4.00,8.00,-11.00,-14.00,-50.00,34.00,39.00,-10.00,82.00,-47.00,-7.00,-7.00,-1.00,-1.00,-20.00,-32.00,25.00,45.00,-69.00,16.00,38.00,-72.00,100.00,-90.00,79.00,-129.00,84.00,38.00,-22.00,-7.00,-60.00,118.00,-80.00,71.00,-52.00,6.00,6.00,6.00,8.00,6.00,7.00,11.00,10.00,12.00,-3.00,-3.00,-7.00,-10.00,3.00,-8.00,-2.00,2.00,2.00,3.00,1.00,1.00,2.00,3.00,-3.00,-2.00,2.00,0.00,0.00,-1.00,-2.00,3.00,1.00,1.00,1.00,1.00,-1.00,2.00,1.00,-1.00,2.00,0.00,4.00,-3.00,1.00,-1.00,-1.00,-43.00,47.00,-26.00,56.00,-12.00,0.00,18.00,56.00,83.00,75.00,93.00,-116.00,-76.00,-68.00,-132.00,-64.00,-132.00,-89.00,-48.00,-139.00,154.00,25.00,72.00,69.00,61.00,47.00,24.00,7.00,4.00,-1.00,-7.00,-1.00,10.00,-23.00,13.00,-63.00,61.00,-40.00,12.00,-12.00,0.00,3.00,-7.00,12.00,-14.00,4.00,-15.00,3.00,4.00,2.00,-12.00,-12.00,61.00,55.00,13.00,3.00,28.00,79.00,80.00,139.00,-219.00,114.00,47.00,75.00,-4.00,-29.00,1.00,-1.00,-28.00,36.00,-11.00,-4.00,4.00,5.00,-2.00,9.00,8.00,-9.00,3.00,-2.00,-4.00,-4.00,-6.00,-6.00,31.00,-6.00,-5.00,-3.00,1.00,-41.00,71.00,-67.00
1.00,2.00,-4.00,1.00,2.00,-1.00,-4.00,3.00,-3.00,4.00,-2.00,0.00,-5.00,2.00,1.00,-3.00,0.00,0.00,1.00,1.00,3.00,0.00,-4.00,4.00,7.00,-4.00,6.00,-8.00,0.00,7.00,3.00,-12.00,-35.00,-1.00,24.00,102.00,-42.00,-18.00,-4.00,2.00,1.00,-16.00,-16.00,55.00,33.00,-75.00,23.00,15.00,-28.00,40.00,-54.00,44.00,-112.00,92.00,29.00,-23.00,-4.00,-41.00,62.00,-63.00,114.00,-94.00,16.00,-8.00,-10.00,-16.00,-3.00,4.00,-15.00,-18.00,-11.00,-1.00,0.00,1.00,-3.00,5.00,-15.00,9.00,0.00,-7.00,3.00,4.00,-2.00,-1.00,-2.00,4.00,0.00,-1.00,-1.00,-2.00,2.00,2.00,-4.00,0.00,0.00,-1.00,-3.00,1.00,0.00,-1.00,-2.00,1.00,-1.00,1.00,0.00,-2.00,2.00,1.00,-39.00,41.00,45.00,107.00,56.00,22.00,143.00,-143.00,-80.00,-129.00,-108.00,-93.00,-75.00,-99.00,91.00,39.00,51.00,85.00,43.00,77.00,-9.00,13.00,1.00,6.00,-6.00,1.00,4.00,-5.00,6.00,-1.00,-4.00,-8.00,11.00,-16.00,16.00,-38.00,62.00,-40.00,13.00,-16.00,-1.00,5.00,-14.00,-2.00,-11.00,-6.00,42.00,25.00,0.00,79.00,81.00,159.00,-163.00,-26.00,71.00,96.00,83.00,-152.00,-79.00,-112.00,-5.00,-65.00,-193.00,110.00,38.00,-30.00,-3.00,0.00,-19.00,19.00,4.00,5.00,-16.00,19.00,-18.00,9.00,-8.00,9.00,-11.00,3.00,-2.00,5.00,-1.00,0.00,17.00,-3.00,-17.00,-7.00,-7.00,-35.00,105.00,-84.00
3.00,-4.00,3.00,1.00,1.00,-3.00,7.00,2.00,0.00,3.00,4.00,3.00,4.00,0.00,0.00,7.00,-3.00,1.00,-2.00,1.00,-2.00,1.00,11.00,-12.00,6.00,-3.00,-2.00,-3.00,4.00,3.00,-8.00,-1.00,-17.00,-44.00,27.00,85.00,-20.00,-12.00,-3.00,10.00,5.00,-21.00,-36.00,60.00,49.00,-85.00,58.00,22.00,-31.00,78.00,-70.00,31.00,-118.00,173.00,-146.00,90.00,-47.00,-20.00,78.00,-71.00,97.00,-87.00,-7.00,-2.00,3.00,3.00,5.00,-3.00,-9.00,5.00,0.00,-3.00,-4.00,-3.00,7.00,-6.00,-5.00,-32.00,17.00,-5.00,4.00,-4.00,2.00,1.00,1.00,1.00,-3.00,1.00,1.00,1.00,0.00,1.00,-1.00,4.00,-4.00,1.00,4.00,2.00,-2.00,2.00,1.00,-1.00,-2.00,0.00,2.00,1.00,0.00,-1.00,-40.00,165.00,-132.00,-128.00,-109.00,-127.00,-109.00,-51.00,-130.00,112.00,24.00,82.00,76.00,33.00,40.00,-9.00,45.00,16.00,-33.00,21.00,3.00,-6.00,1.00,7.00,-3.00,-3.00,11.00,-4.00,5.00,-3.00,-2.00,0.00,3.00,0.00,19.00,-40.00,92.00,-12.00,72.00,26.00,33.00,23.00,36.00,122.00,60.00,89.00,-69.00,63.00,137.00,-139.00,-85.00,-78.00,0.00,-40.00,-66.00,-83.00,-127.00,-62.00,-51.00,-133.00,240.00,-148.00,-152.00,80.00,42.00,-38.00,-3.00,5.00,-22.00,31.00,-9.00,3.00,0.00,8.00,-3.00,-25.00,5.00,-23.00,-1.00,1.00,-13.00,-14.00,-9.00,29.00,-153.00,20.00,36.00,15.00,49.00,66.00,30.00,76.00
-5.00,3.00,1.00,0.00,4.00,1.00,0.00,-3.00,-5.00,0.00,-6.00,-1.00,2.00,-2.00,1.00,0.00,6.00,3.00,0.00,-2.00,-1.00,-8.00,12.00,-27.00,12.00,-10.00,3.00,-12.00,-3.00,-6.00,7.00,0.00,8.00,-18.00,-37.00,-6.00,25.00,-31.00,-8.00,-10.00,-7.00,-33.00,-34.00,65.00,66.00,-123.00,88.00,-6.00,-28.00,58.00,-33.00,13.00,-118.00,138.00,-114.00,68.00,-29.00,-47.00,67.00,-76.00,144.00,-83.00,0.00,-6.00,-11.00,7.00,0.00,-12.00,-1.00,-4.00,-10.00,-7.00,-1.00,-6.00,-10.00,-14.00,16.00,15.00,1.00,5.00,-4.00,0.00,-1.00,-2.00,-1.00,-1.00,-1.00,4.00,-1.00,-1.00,0.00,-6.00,4.00,-5.00,6.00,-2.00,-3.00,2.00,-3.00,1.00,-2.00,2.00,1.00,-1.00,1.00,0.00,-2.00,3.00,17.00,-129.00,-118.00,74.00,-11.00,105.00,65.00,43.00,83.00,-10.00,51.00,-6.00,20.00,-27.00,38.00,-57.00,-16.00,35.00,-64.00,27.00,4.00,-7.00,1.00,8.00,-8.00,0.00,0.00,4.00,-8.00,44.00,61.00,59.00,3.00,7.00,63.00,29.00,113.00,9.00,-124.00,48.00,-54.00,91.00,-105.00,-83.00,-73.00,-66.00,-20.00,-49.00,-129.00,-74.00,-48.00,-54.00,-70.00,-38.00,-69.00,-109.00,112.00,80.00,62.00,33.00,29.00,9.00,62.00,67.00,5.00,-32.00,-40.00,-40.00,-26.00,18.00,-14.00,-28.00,-19.00,-3.00,-3.00,-15.00,27.00,10.00,32.00,53.00,85.00,84.00,54.00,57.00,145.00,55.00,76.00,64.00,-6.00,-107.00,-56.00,-59.00
7.00,6.00,-7.00,-3.00,0.00,-6.00,-1.00,4.00,0.00,0.00,3.00,-3.00,0.00,5.00,-1.00,-5.00,-1.00,-6.00,3.00,2.00,2.00,-2.00,9.00,-30.00,16.00,-33.00,27.00,-32.00,-2.00,-2.00,-3.00,-5.00,-6.00,2.00,-7.00,-32.00,41.00,-23.00,7.00,4.00,0.00,-30.00,-14.00,51.00,50.00,-102.00,97.00,-43.00,41.00,57.00,-13.00,-1.00,-99.00,175.00,-160.00,88.00,-52.00,-11.00,84.00,-78.00,121.00,-93.00,-2.00,-2.00,8.00,-1.00,4.00,-1.00,-16.00,7.00,13.00,10.00,0.00,7.00,8.00,5.00,3.00,-3.00,2.00,2.00,2.00,-2.00,-1.00,5.00,0.00,1.00,2.00,-3.00,-2.00,2.00,1.00,2.00,0.00,0.00,-2.00,2.00,1.00,0.00,1.00,-1.00,2.00,0.00,-1.00,-2.00,0.00,-2.00,3.00,0.00,-36.00,94.00,52.00,51.00,21.00,-13.00,18.00,-14.00,24.00,-6.00,-66.00,18.00,15.00,-19.00,32.00,-35.00,-18.00,27.00,-15.00,13.00,-4.00,-14.00,8.00,67.00,-8.00,8.00,44.00,61.00,117.00,16.00,-119.00,-116.00,132.00,96.00,-131.00,-59.00,-57.00,-29.00,-30.00,-26.00,-82.00,-84.00,-3.00,-12.00,-47.00,-56.00,-38.00,-147.00,106.00,102.00,8.00,10.00,113.00,41.00,55.00,68.00,11.00,3.00,1.00,4.00,25.00,-37.00,-29.00,42.00,42.00,-42.00,80.00,88.00,-87.00,118.00,74.00,79.00,78.00,73.00,54.00,87.00,58.00,98.00,-39.00,-62.00,-66.00,-95.00,-41.00,-79.00,-70.00,-70.00,-62.00,-53.00,-30.00,2.00,1.00,-22.00
-3.00,-6.00,-10.00,2.00,-2.00,4.00,-1.00,-3.00,0.00,2.00,-2.00,-1.00,7.00,-3.00,-5.00,0.00,3.00,-2.00,-3.00,1.00,-2.00,-2.00,-5.00,2.00,10.00,-68.00,95.00,-15.00,-28.00,-13.00,-4.00,-1.00,3.00,-4.00,3.00,-28.00,45.00,-21.00,6.00,-6.00,5.00,-26.00,-19.00,50.00,36.00,-108.00,90.00,-97.00,42.00,-33.00,27.00,-22.00,-74.00,92.00,64.00,1.00,-70.00,46.00,31.00,-61.00,134.00,-84.00,5.00,5.00,4.00,-1.00,6.00,-9.00,15.00,7.00,-3.00,3.00,3.00,3.00,-2.00,7.00,2.00,0.00,2.00,2.00,-2.00,5.00,1.00,-2.00,0.00,-2.00,-1.00,0.00,0.00,-1.00,0.00,0.00,-2.00,3.00,-2.00,1.00,0.00,0.00,-1.00,-3.00,0.00,-2.00,1.00,-1.00,2.00,2.00,-4.00,0.00,-37.00,32.00,-18.00,31.00,-10.00,-12.00,1.00,-18.00,-2.00,-2.00,-2.00,0.00,15.00,-15.00,16.00,1.00,25.00,49.00,-52.00,95.00,68.00,79.00,131.00,-180.00,144.00,76.00,-8.00,-105.00,-68.00,-56.00,21.00,-43.00,-115.00,-96.00,-25.00,-87.00,-92.00,-77.00,-59.00,-130.00,156.00,89.00,-111.00,-111.00,142.00,44.00,65.00,62.00,8.00,2.00,18.00,39.00,-40.00,25.00,0.00,4.00,0.00,-2.00,-1.00,6.00,0.00,-24.00,8.00,99.00,87.00,-128.00,90.00,70.00,37.00,-99.00,-41.00,-72.00,-68.00,-60.00,-64.00,-65.00,-67.00,-60.00,-12.00,-8.00,1.00,1.00,1.00,-2.00,13.00,-12.00,-17.00,1.00,-20.00,-16.00,-4.00,-62.00
0.00,9.00,2.00,5.00,-1.00,-1.00,-4.00,7.00,-2.00,-5.00,-4.00,0.00,-5.00,-9.00,1.00,0.00,-2.00,-4.00,5.00,2.00,2.00,3.00,2.00,23.00,-6.00,-88.00,123.00,21.00,-34.00,-28.00,-8.00,1.00,-8.00,4.00,1.00,-18.00,51.00,-18.00,-21.00,-2.00,-14.00,-33.00,16.00,23.00,48.00,-101.00,58.00,-73.00,65.00,-33.00,51.00,-36.00,-72.00,79.00,-1.00,6.00,-62.00,45.00,21.00,-72.00,119.00,-79.00,2.00,8.00,-11.00,3.00,-10.00,19.00,8.00,3.00,7.00,-4.00,5.00,5.00,0.00,5.00,0.00,2.00,-6.00,-1.00,0.00,-1.00,1.00,-2.00,-4.00,6.00,-1.00,0.00,0.00,1.00,-2.00,-3.00,1.00,1.00,-4.00,0.00,-1.00,-2.00,1.00,3.00,1.00,-1.00,2.00,1.00,-1.00,-1.00,-1.00,1.00,-36.00,44.00,-19.00,36.00,-11.00,-10.00,19.00,-27.00,10.00,11.00,13.00,63.00,92.00,7.00,114.00,91.00,-113.00,54.00,181.00,-159.00,-63.00,-82.00,-61.00,-77.00,-148.00,-118.00,-87.00,-60.00,-77.00,-55.00,-96.00,28.00,106.00,7.00,30.00,50.00,136.00,93.00,110.00,26.00,-9.00,-7.00,54.00,45.00,-2.00,6.00,6.00,10.00,9.00,1.00,11.00,25.00,-27.00,23.00,-7.00,14.00,3.00,8.00,5.00,-9.00,1.00,-14.00,16.00,-16.00,-78.00,6.00,-51.00,-69.00,-16.00,-10.00,10.00,-9.00,-1.00,0.00,-29.00,31.00,-2.00,-6.00,-15.00,-41.00,-63.00,-52.00,-59.00,-75.00,-9.00,-15.00,38.00,-33.00,23.00,-11.00,13.00,154.00
1.00,-3.00,-6.00,-3.00,-1.00,5.00,-3.00,-2.00,-1.00,4.00,9.00,0.00,-1.00,-1.00,4.00,-6.00,-1.00,-3.00,3.00,-3.00,4.00,2.00,-9.00,17.00,4.00,-98.00,91.00,55.00,31.00,-11.00,-44.00,-13.00,-2.00,-10.00,-1.00,-22.00,45.00,-21.00,-1.00,-6.00,10.00,-26.00,-38.00,69.00,17.00,-100.00,97.00,-83.00,64.00,-61.00,89.00,-50.00,-65.00,81.00,31.00,20.00,-68.00,56.00,-2.00,-45.00,93.00,-74.00,-16.00,-3.00,4.00,1.00,0.00,-12.00,-6.00,-5.00,-6.00,13.00,-9.00,-5.00,1.00,-7.00,-4.00,4.00,-1.00,4.00,-1.00,0.00,-1.00,-1.00,5.00,-4.00,2.00,1.00,1.00,2.00,-2.00,3.00,2.00,-3.00,2.00,0.00,0.00,1.00,-2.00,1.00,-2.00,2.00,0.00,-1.00,2.00,0.00,0.00,3.00,-34.00,85.00,0.00,78.00,50.00,46.00,74.00,39.00,84.00,2.00,154.00,-152.00,-59.00,-56.00,-145.00,-128.00,-80.00,-44.00,-118.00,-58.00,-69.00,-68.00,-128.00,128.00,95.00,25.00,55.00,81.00,67.00,53.00,68.00,9.00,3.00,21.00,1.00,-56.00,101.00,-36.00,53.00,-39.00,2.00,-2.00,-5.00,5.00,1.00,-8.00,4.00,-20.00,-2.00,-2.00,-16.00,9.00,-40.00,1.00,-4.00,-11.00,-16.00,3.00,-5.00,-7.00,11.00,65.00,-146.00,60.00,-28.00,18.00,-23.00,-70.00,-57.00,-90.00,-74.00,-32.00,12.00,5.00,46.00,-60.00,-36.00,-44.00,-38.00,156.00,61.00,86.00,96.00,153.00,116.00,-85.00,16.00,-41.00,-20.00,-21.00,64.00,-70.00
0.00,-3.00,3.00,0.00,5.00,0.00,3.00,0.00,2.00,-3.00,-5.00,7.00,1.00,0.00,0.00,1.00,6.00,1.00,1.00,1.00,-10.00,6.00,-3.00,9.00,4.00,-87.00,96.00,-44.00,75.00,-10.00,25.00,-16.00,-13.00,-8.00,-2.00,-24.00,51.00,-30.00,-1.00,3.00,2.00,-28.00,-23.00,72.00,49.00,-92.00,84.00,-95.00,89.00,-80.00,64.00,-47.00,-50.00,118.00,-150.00,83.00,-87.00,101.00,-36.00,-37.00,113.00,-86.00,1.00,3.00,-6.00,5.00,-13.00,8.00,-7.00,1.00,2.00,-5.00,3.00,-2.00,-2.00,0.00,1.00,-1.00,0.00,-1.00,-1.00,-1.00,3.00,2.00,-4.00,2.00,0.00,1.00,0.00,0.00,0.00,-1.00,-1.00,-1.00,2.00,1.00,1.00,-3.00,1.00,-2.00,2.00,-1.00,-1.00,-2.00,-1.00,3.00,-4.00,1.00,35.00,-175.00,133.00,-15.00,-98.00,-57.00,-150.00,-124.00,-180.00,-160.00,-127.00,-99.00,-81.00,-84.00,221.00,24.00,112.00,-188.00,158.00,61.00,67.00,72.00,65.00,-17.00,9.00,10.00,-5.00,-2.00,-4.00,-5.00,1.00,-15.00,10.00,-4.00,-2.00,-37.00,-27.00,10.00,19.00,-28.00,1.00,1.00,5.00,-2.00,-11.00,3.00,14.00,-8.00,4.00,-5.00,-1.00,12.00,13.00,6.00,-19.00,8.00,6.00,-6.00,7.00,-6.00,44.00,33.00,-44.00,73.00,-47.00,-78.00,70.00,122.00,74.00,144.00,166.00,19.00,-73.00,-22.00,-88.00,79.00,35.00,64.00,21.00,-30.00,-26.00,-40.00,-45.00,-75.00,5.00,14.00,5.00,20.00,16.00,-29.00,63.00,-70.00
6.00,0.00,-4.00,-20.00,-1.00,-4.00,2.00,-2.00,-1.00,1.00,1.00,0.00,-3.00,0.00,0.00,2.00,-3.00,-1.00,0.00,-3.00,0.00,-2.00,12.00,-19.00,9.00,-87.00,100.00,-83.00,94.00,-59.00,98.00,-14.00,-31.00,-13.00,-21.00,-26.00,46.00,-33.00,0.00,4.00,2.00,-25.00,-65.00,81.00,25.00,-108.00,119.00,-125.00,116.00,-100.00,106.00,-62.00,-48.00,146.00,-124.00,85.00,-84.00,102.00,-51.00,-43.00,122.00,-85.00,6.00,2.00,-1.00,-18.00,12.00,-10.00,1.00,-4.00,1.00,-2.00,0.00,2.00,-4.00,2.00,4.00,-2.00,0.00,-2.00,3.00,-2.00,-2.00,1.00,1.00,0.00,1.00,-4.00,1.00,-1.00,2.00,1.00,1.00,0.00,-1.00,-2.00,3.00,-2.00,2.00,1.00,-2.00,2.00,1.00,-1.00,2.00,-1.00,5.00,-1.00,22.00,-14.00,-133.00,-39.00,-19.00,-135.00,126.00,64.00,74.00,59.00,16.00,98.00,12.00,-185.00,-242.00,72.00,23.00,95.00,-106.00,38.00,5.00,0.00,4.00,-17.00,17.00,2.00,-3.00,2.00,-3.00,4.00,-1.00,1.00,-2.00,7.00,5.00,-40.00,58.00,-2.00,28.00,-35.00,-6.00,-2.00,-7.00,14.00,-8.00,-16.00,23.00,-23.00,6.00,5.00,-1.00,23.00,-51.00,30.00,-28.00,28.00,35.00,25.00,27.00,30.00,19.00,-122.00,-36.00,153.00,-80.00,56.00,-13.00,-39.00,-17.00,-56.00,-38.00,-6.00,33.00,23.00,35.00,-5.00,-7.00,-13.00,-14.00,1.00,-11.00,5.00,1.00,13.00,-12.00,-6.00,2.00,2.00,8.00,-39.00,80.00,-76.00
10.00,-12.00,-7.00,72.00,-44.00,1.00,1.00,2.00,2.00,-1.00,0.00,-1.00,4.00,0.00,2.00,-2.00,2.00,0.00,1.00,3.00,3.00,0.00,16.00,-42.00,23.00,-85.00,142.00,-122.00,127.00,-122.00,151.00,-126.00,153.00,-76.00,15.00,-43.00,47.00,-24.00,4.00,-3.00,-2.00,-50.00,35.00,58.00,23.00,-52.00,102.00,-133.00,118.00,-92.00,92.00,-55.00,-56.00,137.00,-133.00,90.00,-74.00,106.00,-55.00,-22.00,96.00,-80.00,-11.00,2.00,0.00,2.00,-3.00,7.00,-3.00,6.00,2.00,0.00,3.00,-2.00,-2.00,0.00,-2.00,3.00,-3.00,2.00,0.00,2.00,-3.00,1.00,-1.00,0.00,-1.00,0.00,0.00,-2.00,0.00,0.00,-2.00,2.00,0.00,1.00,0.00,0.00,-2.00,-2.00,2.00,-1.00,-2.00,2.00,0.00,0.00,-2.00,-2.00,25.00,-100.00,268.00,-50.00,-86.00,30.00,269.00,164.00,97.00,196.00,185.00,172.00,206.00,278.00,322.00,-66.00,-22.00,34.00,-54.00,31.00,5.00,1.00,-5.00,-5.00,11.00,6.00,-3.00,2.00,-3.00,2.00,-1.00,-1.00,1.00,-1.00,10.00,-30.00,17.00,12.00,34.00,-29.00,3.00,-3.00,37.00,59.00,-17.00,-29.00,50.00,27.00,25.00,16.00,1.00,69.00,26.00,68.00,136.00,30.00,-53.00,-14.00,9.00,150.00,-128.00,-106.00,-62.00,206.00,-125.00,21.00,0.00,7.00,-6.00,-23.00,7.00,9.00,1.00,-1.00,1.00,0.00,6.00,-2.00,-16.00,41.00,-20.00,4.00,6.00,4.00,-18.00,22.00,3.00,-1.00,-1.00,-33.00,74.00,-78.00
-8.00,15.00,6.00,-5.00,57.00,-20.00,-3.00,-3.00,2.00,-2.00,0.00,0.00,3.00,-2.00,0.00,3.00,-6.00,4.00,0.00,-4.00,1.00,3.00,15.00,-37.00,10.00,-83.00,129.00,-128.00,124.00,-132.00,126.00,-140.00,182.00,-159.00,169.00,-86.00,33.00,-14.00,5.00,2.00,3.00,-60.00,53.00,34.00,-23.00,-35.00,63.00,-112.00,96.00,-100.00,91.00,-57.00,-7.00,57.00,-46.00,18.00,-60.00,73.00,-31.00,-46.00,126.00,-85.00,2.00,-2.00,2.00,0.00,2.00,-1.00,1.00,-5.00,-4.00,-2.00,0.00,-1.00,4.00,3.00,-3.00,1.00,1.00,0.00,0.00,0.00,1.00,-2.00,3.00,-3.00,3.00,3.00,-3.00,1.00,3.00,-4.00,1.00,-1.00,4.00,-1.00,-1.00,1.00,5.00,-1.00,-2.00,2.00,1.00,-1.00,-1.00,-3.00,2.00,-2.00,29.00,-30.00,-231.00,410.00,-106.00,-21.00,-127.00,-112.00,-107.00,-124.00,-127.00,-126.00,-125.00,-125.00,-155.00,43.00,-19.00,60.00,-128.00,44.00,-2.00,-1.00,-1.00,-9.00,0.00,-6.00,-1.00,-2.00,-8.00,0.00,59.00,52.00,45.00,7.00,0.00,-37.00,-3.00,93.00,126.00,21.00,60.00,136.00,-65.00,-120.00,166.00,110.00,59.00,-71.00,8.00,12.00,146.00,-91.00,-72.00,-61.00,-81.00,-38.00,-31.00,-40.00,-52.00,-84.00,-67.00,171.00,-31.00,125.00,-115.00,20.00,5.00,-3.00,7.00,-12.00,-2.00,-3.00,0.00,3.00,5.00,0.00,-3.00,3.00,-33.00,64.00,-35.00,5.00,-7.00,3.00,-16.00,8.00,-4.00,-5.00,5.00,-36.00,64.00,-68.00
2.00,-5.00,-33.00,7.00,21.00,-23.00,0.00,0.00,0.00,2.00,-1.00,-5.00,-2.00,3.00,-2.00,1.00,-1.00,2.00,-2.00,1.00,1.00,-4.00,5.00,5.00,-2.00,-64.00,134.00,-132.00,124.00,-138.00,140.00,-164.00,169.00,-180.00,228.00,-117.00,43.00,-25.00,3.00,-4.00,2.00,-48.00,42.00,43.00,-25.00,-7.00,38.00,-81.00,77.00,-89.00,79.00,-46.00,-32.00,57.00,29.00,48.00,-52.00,29.00,-18.00,-38.00,127.00,-85.00,6.00,1.00,1.00,1.00,3.00,1.00,2.00,5.00,1.00,6.00,3.00,3.00,-2.00,-3.00,2.00,0.00,0.00,0.00,0.00,-1.00,-1.00,3.00,0.00,2.00,-4.00,-3.00,2.00,-2.00,0.00,3.00,2.00,-2.00,-1.00,-1.00,-2.00,0.00,-2.00,2.00,1.00,0.00,-2.00,2.00,0.00,4.00,-4.00,5.00,27.00,-67.00,70.00,-106.00,9.00,-3.00,3.00,-5.00,1.00,-2.00,1.00,2.00,-8.00,1.00,-40.00,50.00,-14.00,90.00,-61.00,90.00,10.00,4.00,-8.00,39.00,78.00,91.00,37.00,85.00,65.00,121.00,-117.00,-72.00,-52.00,63.00,108.00,64.00,130.00,-141.00,-111.00,-46.00,-61.00,-71.00,-36.00,-3.00,-72.00,-103.00,-45.00,-17.00,-46.00,-72.00,-111.00,-43.00,-69.00,-79.00,-78.00,-62.00,-54.00,-25.00,-54.00,-74.00,-31.00,15.00,-93.00,157.00,-113.00,27.00,-12.00,5.00,2.00,-12.00,-8.00,7.00,7.00,-23.00,-6.00,-1.00,-12.00,4.00,-54.00,90.00,-62.00,9.00,-7.00,11.00,-16.00,4.00,1.00,-5.00,6.00,-38.00,55.00,-66.00
-87.00,-12.00,-4.00,-34.00,-2.00,25.00,-6.00,3.00,-2.00,0.00,1.00,3.00,1.00,1.00,2.00,0.00,-3.00,2.00,2.00,-1.00,1.00,-2.00,-4.00,23.00,-17.00,-63.00,151.00,-153.00,147.00,-149.00,152.00,-155.00,154.00,-166.00,138.00,-103.00,43.00,-23.00,-2.00,5.00,-6.00,-45.00,29.00,46.00,-31.00,30.00,10.00,-16.00,50.00,-74.00,30.00,-26.00,-19.00,44.00,-9.00,0.00,-16.00,-7.00,-1.00,-39.00,125.00,-87.00,4.00,0.00,2.00,-3.00,0.00,34.00,-14.00,-38.00,-36.00,-40.00,-37.00,-33.00,-35.00,-29.00,-31.00,-31.00,-32.00,-32.00,-33.00,-26.00,-32.00,-59.00,-24.00,-44.00,-47.00,32.00,-52.00,14.00,-31.00,-30.00,0.00,2.00,-4.00,1.00,-1.00,3.00,-3.00,0.00,-1.00,-2.00,1.00,0.00,-3.00,1.00,-1.00,3.00,22.00,-54.00,37.00,-9.00,1.00,-1.00,2.00,2.00,0.00,-1.00,2.00,0.00,4.00,1.00,-39.00,114.00,116.00,-164.00,140.00,-157.00,117.00,58.00,127.00,-75.00,-90.00,-77.00,-53.00,-74.00,-48.00,-49.00,-20.00,3.00,6.00,-94.00,-158.00,-116.00,-119.00,-64.00,-72.00,-48.00,-64.00,-58.00,-61.00,-65.00,-55.00,-77.00,1.00,-76.00,-90.00,24.00,46.00,-29.00,104.00,89.00,87.00,42.00,65.00,62.00,26.00,59.00,72.00,-9.00,-49.00,150.00,-107.00,21.00,7.00,-2.00,-1.00,14.00,-9.00,-1.00,11.00,4.00,7.00,8.00,-11.00,-8.00,-78.00,208.00,-71.00,-12.00,-4.00,3.00,-3.00,1.00,-3.00,4.00,3.00,-37.00,69.00,-69.00
221.00,-86.00,15.00,28.00,-15.00,-16.00,-5.00,-3.00,3.00,-1.00,1.00,-4.00,2.00,-4.00,2.00,-1.00,2.00,-4.00,2.00,0.00,-40.00,-14.00,-36.00,20.00,-7.00,-69.00,143.00,-152.00,150.00,-164.00,166.00,-160.00,161.00,-165.00,184.00,-109.00,43.00,-21.00,2.00,-4.00,-1.00,-22.00,-54.00,77.00,-49.00,28.00,-14.00,12.00,31.00,-93.00,77.00,-46.00,-17.00,60.00,-69.00,66.00,-37.00,-2.00,8.00,-54.00,126.00,-85.00,3.00,-2.00,-1.00,-1.00,28.00,-134.00,53.00,67.00,36.00,35.00,41.00,33.00,41.00,31.00,33.00,33.00,33.00,36.00,38.00,28.00,10.00,192.00,-55.00,106.00,156.00,-201.00,208.00,-162.00,74.00,69.00,-31.00,-2.00,3.00,1.00,1.00,0.00,-1.00,1.00,0.00,-1.00,3.00,-5.00,5.00,-3.00,3.00,-4.00,23.00,-47.00,44.00,-7.00,-3.00,1.00,-1.00,-2.00,2.00,0.00,-2.00,4.00,-6.00,-1.00,30.00,-103.00,-104.00,-75.00,-67.00,-96.00,-123.00,-119.00,-140.00,-49.00,-73.00,-64.00,-55.00,-72.00,-54.00,-55.00,-58.00,-76.00,-119.00,103.00,68.00,67.00,117.00,54.00,74.00,59.00,62.00,60.00,57.00,61.00,61.00,44.00,83.00,37.00,60.00,26.00,18.00,24.00,-8.00,-19.00,9.00,7.00,-9.00,-2.00,22.00,-21.00,33.00,-22.00,-67.00,179.00,-106.00,9.00,7.00,2.00,-30.00,53.00,-28.00,10.00,1.00,-10.00,2.00,4.00,12.00,8.00,-59.00,158.00,-66.00,-4.00,4.00,0.00,-8.00,7.00,5.00,-3.00,-32.00,-68.00,100.00,-124.00
217.00,16.00,-57.00,135.00,-24.00,25.00,-10.00,1.00,1.00,-1.00,0.00,1.00,1.00,2.00,1.00,-2.00,-1.00,1.00,1.00,-33.00,74.00,31.00,27.00,-26.00,-14.00,-58.00,144.00,-163.00,166.00,-157.00,154.00,-172.00,174.00,-181.00,167.00,-106.00,36.00,-18.00,2.00,3.00,2.00,-12.00,-46.00,89.00,-52.00,57.00,-32.00,32.00,55.00,-109.00,79.00,-31.00,-14.00,61.00,-101.00,96.00,-38.00,-10.00,29.00,-59.00,131.00,-80.00,-4.00,0.00,-3.00,2.00,3.00,32.00,-48.00,30.00,-12.00,-7.00,-6.00,4.00,-3.00,0.00,1.00,-8.00,11.00,-6.00,-1.00,4.00,47.00,-248.00,211.00,-206.00,127.00,-189.00,79.00,59.00,-11.00,23.00,-28.00,2.00,0.00,-1.00,-1.00,-2.00,0.00,3.00,2.00,0.00,-2.00,4.00,0.00,1.00,-1.00,-1.00,27.00,-55.00,31.00,-8.00,3.00,1.00,1.00,-1.00,-2.00,2.00,1.00,0.00,1.00,-1.00,28.00,-126.00,80.00,70.00,121.00,88.00,52.00,11.00,62.00,61.00,81.00,59.00,58.00,53.00,58.00,49.00,64.00,60.00,62.00,-9.00,10.00,6.00,-81.00,16.00,-2.00,-8.00,-1.00,-2.00,6.00,0.00,5.00,-12.00,30.00,-9.00,3.00,3.00,-3.00,-3.00,11.00,-1.00,6.00,-7.00,-2.00,-4.00,5.00,-11.00,18.00,-10.00,-61.00,121.00,-96.00,26.00,-3.00,4.00,-52.00,101.00,-52.00,-1.00,1.00,6.00,-11.00,0.00,-2.00,-9.00,-44.00,61.00,-40.00,3.00,7.00,-25.00,-42.00,-25.00,-33.00,-62.00,57.00,23.00,13.00,16.00
-181.00,-89.00,-24.00,-88.00,21.00,-5.00,-6.00,-1.00,1.00,-2.00,-1.00,1.00,-3.00,-3.00,2.00,1.00,3.00,-2.00,1.00,-35.00,49.00,-34.00,88.00,-43.00,-6.00,-68.00,172.00,-167.00,189.00,-183.00,194.00,-164.00,155.00,-162.00,165.00,-107.00,45.00,-22.00,2.00,-4.00,3.00,-17.00,-54.00,125.00,-92.00,83.00,-66.00,58.00,35.00,-96.00,70.00,38.00,-34.00,40.00,-75.00,71.00,-25.00,-34.00,80.00,-58.00,84.00,-72.00,-4.00,40.00,44.00,27.00,36.00,5.00,-37.00,58.00,76.00,28.00,-10.00,8.00,6.00,29.00,22.00,29.00,38.00,29.00,29.00,19.00,16.00,59.00,-28.00,42.00,-22.00,39.00,-31.00,-2.00,11.00,44.00,-12.00,19.00,17.00,22.00,0.00,-1.00,3.00,-3.00,-5.00,3.00,2.00,-5.00,0.00,-2.00,3.00,1.00,24.00,-50.00,23.00,3.00,3.00,-3.00,-3.00,5.00,-1.00,-1.00,-1.00,-2.00,2.00,2.00,-36.00,90.00,12.00,54.00,-172.00,46.00,14.00,21.00,7.00,10.00,-13.00,7.00,0.00,5.00,1.00,9.00,1.00,-4.00,8.00,5.00,5.00,13.00,-44.00,21.00,3.00,2.00,-7.00,12.00,-3.00,-3.00,-4.00,-13.00,23.00,-14.00,8.00,-6.00,-5.00,1.00,-4.00,-2.00,5.00,-4.00,-3.00,2.00,-3.00,-8.00,25.00,-15.00,-40.00,103.00,-86.00,22.00,1.00,-5.00,-67.00,137.00,-57.00,-6.00,-1.00,-6.00,-7.00,3.00,-2.00,9.00,-14.00,15.00,-15.00,-3.00,-28.00,41.00,21.00,31.00,20.00,17.00,-16.00,10.00,-36.00,24.00
93.00,81.00,-78.00,-1.00,60.00,-39.00,-6.00,4.00,-1.00,1.00,2.00,-2.00,0.00,2.00,-4.00,3.00,-3.00,3.00,6.00,-48.00,22.00,-43.00,66.00,-44.00,2.00,-69.00,148.00,-139.00,182.00,-160.00,192.00,-178.00,194.00,-178.00,177.00,-104.00,36.00,-16.00,0.00,-7.00,-3.00,-20.00,-28.00,76.00,-81.00,74.00,-57.00,43.00,33.00,-84.00,24.00,55.00,-36.00,10.00,-81.00,90.00,-36.00,-60.00,102.00,-85.00,110.00,-111.00,23.00,-121.00,-106.00,-22.00,-53.00,-18.00,-31.00,-11.00,-143.00,13.00,42.00,-35.00,-33.00,-53.00,-55.00,-87.00,-121.00,-74.00,-78.00,-70.00,-74.00,-79.00,-61.00,-70.00,-46.00,81.00,-27.00,35.00,-62.00,-35.00,-52.00,-84.00,-25.00,-100.00,22.00,1.00,0.00,0.00,4.00,0.00,-1.00,3.00,1.00,1.00,-5.00,-1.00,27.00,-50.00,18.00,-2.00,0.00,4.00,-2.00,1.00,1.00,2.00,1.00,1.00,-1.00,1.00,-38.00,39.00,1.00,57.00,-119.00,53.00,10.00,-5.00,0.00,7.00,-7.00,-1.00,0.00,-4.00,3.00,-2.00,-5.00,-4.00,1.00,-3.00,9.00,4.00,-21.00,14.00,0.00,-3.00,3.00,-3.00,-2.00,-1.00,2.00,2.00,4.00,-2.00,6.00,-5.00,0.00,-2.00,3.00,-6.00,6.00,0.00,-6.00,6.00,-3.00,-2.00,13.00,5.00,-24.00,51.00,-53.00,14.00,-27.00,-22.00,-111.00,151.00,-53.00,31.00,-3.00,5.00,13.00,12.00,30.00,20.00,32.00,-22.00,16.00,-3.00,-24.00,73.00,40.00,38.00,91.00,54.00,101.00,24.00,80.00,13.00
134.00,45.00,-94.00,-15.00,24.00,41.00,-25.00,-2.00,-1.00,-1.00,0.00,1.00,2.00,-2.00,1.00,-4.00,-2.00,-2.00,-26.00,57.00,-7.00,-7.00,65.00,-51.00,0.00,-15.00,13.00,-72.00,83.00,-102.00,107.00,-130.00,156.00,-158.00,199.00,-104.00,38.00,-17.00,-44.00,61.00,-48.00,-64.00,-29.00,103.00,-105.00,77.00,-84.00,55.00,-1.00,-69.00,17.00,48.00,-28.00,-17.00,-1.00,42.00,-19.00,-67.00,112.00,-90.00,72.00,17.00,-9.00,75.00,162.00,-87.00,125.00,-35.00,-58.00,142.00,-41.00,-40.00,64.00,-177.00,276.00,-158.00,91.00,119.00,174.00,37.00,93.00,70.00,124.00,197.00,78.00,204.00,201.00,-191.00,228.00,-97.00,128.00,100.00,47.00,175.00,-94.00,189.00,-38.00,-1.00,-1.00,-1.00,-3.00,0.00,-2.00,0.00,-2.00,1.00,2.00,-1.00,28.00,-47.00,15.00,0.00,3.00,-1.00,0.00,-1.00,-1.00,-5.00,-49.00,-74.00,-77.00,-32.00,-51.00,39.00,-4.00,56.00,-120.00,50.00,5.00,0.00,-1.00,6.00,-8.00,10.00,-2.00,3.00,-5.00,3.00,0.00,-5.00,0.00,5.00,8.00,10.00,-41.00,13.00,7.00,-2.00,-3.00,1.00,-1.00,0.00,5.00,1.00,-11.00,5.00,6.00,-11.00,-4.00,0.00,5.00,-8.00,5.00,-4.00,-3.00,-3.00,-5.00,-7.00,4.00,20.00,26.00,5.00,-59.00,-6.00,16.00,31.00,6.00,118.00,-160.00,-124.00,30.00,-127.00,51.00,-101.00,-62.00,-45.00,-76.00,59.00,-52.00,38.00,24.00,-49.00,69.00,-94.00,-62.00,-53.00,-72.00,-51.00,-21.00,-72.00
192.00,90.00,-96.00,33.00,29.00,25.00,-69.00,3.00,0.00,2.00,-3.00,-1.00,-1.00,0.00,1.00,2.00,2.00,3.00,-6.00,-14.00,20.00,-26.00,70.00,-39.00,0.00,-16.00,21.00,-32.00,31.00,-57.00,80.00,-86.00,128.00,-119.00,144.00,-77.00,36.00,-137.00,197.00,-222.00,118.00,103.00,-92.00,125.00,-97.00,63.00,-103.00,91.00,-20.00,-48.00,11.00,44.00,-19.00,3.00,-22.00,64.00,-38.00,-42.00,81.00,-76.00,62.00,-42.00,127.00,-172.00,-118.00,-21.00,23.00,-13.00,-41.00,68.00,-89.00,14.00,58.00,-21.00,3.00,-67.00,-26.00,-106.00,-79.00,-65.00,-80.00,-107.00,-128.00,-130.00,-123.00,-196.00,-164.00,-19.00,-141.00,-47.00,-133.00,-121.00,-63.00,-130.00,43.00,-108.00,10.00,1.00,0.00,-1.00,-1.00,2.00,0.00,1.00,-1.00,3.00,-3.00,2.00,27.00,-64.00,66.00,6.00,1.00,1.00,0.00,-1.00,5.00,-48.00,71.00,111.00,179.00,27.00,17.00,31.00,-18.00,54.00,-112.00,38.00,-6.00,-1.00,-6.00,11.00,-18.00,-3.00,-12.00,-11.00,10.00,3.00,2.00,1.00,32.00,0.00,56.00,72.00,-3.00,7.00,9.00,15.00,-1.00,13.00,-13.00,-9.00,-12.00,11.00,-42.00,12.00,-1.00,46.00,25.00,21.00,4.00,7.00,2.00,0.00,7.00,38.00,6.00,12.00,49.00,0.00,-24.00,105.00,-60.00,126.00,68.00,67.00,71.00,46.00,124.00,118.00,94.00,104.00,95.00,93.00,71.00,35.00,26.00,0.00,-13.00,-46.00,-23.00,-26.00,-36.00,5.00,-12.00,-13.00,-2.00,-12.00,10.00,-27.00
-147.00,-136.00,-7.00,-52.00,12.00,-24.00,66.00,-35.00,3.00,-2.00,4.00,3.00,0.00,2.00,-2.00,0.00,-1.00,0.00,2.00,-22.00,2.00,2.00,70.00,-38.00,-3.00,1.00,7.00,-19.00,15.00,-22.00,2.00,-28.00,0.00,-33.00,-6.00,-29.00,-32.00,237.00,-211.00,144.00,-18.00,-39.00,-54.00,110.00,-101.00,78.00,-91.00,36.00,-6.00,-56.00,19.00,36.00,-26.00,-6.00,17.00,47.00,-52.00,-10.00,64.00,-77.00,80.00,-88.00,24.00,-22.00,186.00,-85.00,7.00,-17.00,-83.00,42.00,-55.00,139.00,24.00,-108.00,167.00,-190.00,106.00,151.00,0.00,-15.00,68.00,55.00,70.00,38.00,23.00,194.00,197.00,-153.00,209.00,-38.00,176.00,160.00,-54.00,156.00,-91.00,167.00,-32.00,-3.00,0.00,5.00,-1.00,-1.00,-3.00,3.00,1.00,-1.00,0.00,-1.00,21.00,-18.00,-31.00,-6.00,20.00,26.00,19.00,23.00,10.00,-40.00,137.00,42.00,48.00,-36.00,-117.00,116.00,95.00,124.00,-90.00,128.00,107.00,77.00,75.00,74.00,77.00,70.00,76.00,88.00,29.00,76.00,25.00,124.00,-93.00,118.00,-30.00,-139.00,77.00,74.00,70.00,13.00,55.00,90.00,72.00,88.00,88.00,108.00,1.00,81.00,104.00,-40.00,3.00,13.00,82.00,31.00,92.00,78.00,63.00,-54.00,114.00,45.00,91.00,-131.00,-88.00,19.00,-15.00,-56.00,-48.00,-63.00,-74.00,-48.00,-75.00,-58.00,-66.00,-55.00,-64.00,-47.00,-41.00,-20.00,-38.00,30.00,3.00,13.00,3.00,9.00,-2.00,13.00,4.00,6.00,9.00,-1.00,21.00,-9.00
140.00,95.00,-33.00,-95.00,82.00,40.00,25.00,-83.00,-25.00,-2.00,1.00,-7.00,1.00,-35.00,2.00,-3.00,3.00,-3.00,-2.00,-12.00,4.00,-46.00,9.00,-24.00,-9.00,-9.00,-4.00,-4.00,1.00,-9.00,0.00,-10.00,-1.00,-7.00,-5.00,-9.00,1.00,26.00,-104.00,46.00,-32.00,-35.00,19.00,113.00,-114.00,111.00,-133.00,142.00,-48.00,-34.00,16.00,61.00,-46.00,39.00,-136.00,131.00,-76.00,23.00,67.00,-86.00,82.00,-1.00,63.00,-125.00,7.00,-69.00,57.00,-9.00,14.00,59.00,-10.00,-163.00,109.00,-34.00,48.00,-56.00,52.00,-20.00,35.00,-54.00,-25.00,-29.00,6.00,-66.00,17.00,-123.00,-130.00,-4.00,-102.00,-75.00,-97.00,-54.00,-24.00,-99.00,-4.00,-104.00,9.00,-1.00,3.00,-5.00,1.00,0.00,-1.00,0.00,-2.00,2.00,1.00,0.00,24.00,-25.00,-3.00,5.00,-1.00,-30.00,-3.00,-29.00,6.00,-6.00,-83.00,-32.00,-71.00,14.00,-10.00,-59.00,-81.00,-52.00,-36.00,-67.00,-89.00,-84.00,-72.00,-81.00,-73.00,-66.00,-53.00,-78.00,-54.00,-53.00,-56.00,-68.00,-21.00,-82.00,0.00,-12.00,-60.00,-72.00,-77.00,-62.00,-79.00,-31.00,-98.00,-81.00,-82.00,-80.00,-34.00,-72.00,-79.00,-36.00,-48.00,-38.00,-65.00,-64.00,-75.00,-84.00,-49.00,-49.00,-75.00,-78.00,-60.00,10.00,-87.00,17.00,19.00,-13.00,-24.00,-18.00,-39.00,10.00,-10.00,-14.00,1.00,-21.00,-3.00,-7.00,-13.00,-4.00,-25.00,15.00,-7.00,-21.00,4.00,2.00,-11.00,-8.00,-7.00,10.00,-8.00,1.00,-9.00,-2.00
-181.00,134.00,-26.00,-100.00,73.00,-21.00,18.00,52.00,8.00,-82.00,-35.00,-36.00,-40.00,91.00,-43.00,-7.00,-10.00,-3.00,-13.00,10.00,-34.00,65.00,57.00,-23.00,-5.00,2.00,15.00,-11.00,12.00,-7.00,11.00,-6.00,12.00,-8.00,-14.00,3.00,-21.00,98.00,-124.00,119.00,-7.00,-123.00,68.00,80.00,-116.00,102.00,-111.00,112.00,-61.00,-17.00,-22.00,66.00,-53.00,75.00,-101.00,112.00,-78.00,51.00,12.00,-70.00,72.00,-2.00,69.00,-61.00,201.00,-116.00,3.00,-24.00,-73.00,112.00,92.00,-74.00,-11.00,91.00,-2.00,-88.00,46.00,-50.00,47.00,-147.00,144.00,105.00,39.00,-126.00,10.00,132.00,235.00,-143.00,142.00,121.00,3.00,11.00,-74.00,155.00,-37.00,99.00,-34.00,-1.00,-3.00,2.00,0.00,0.00,-1.00,0.00,0.00,0.00,-2.00,1.00,27.00,-30.00,-17.00,-56.00,-102.00,-21.00,-41.00,-31.00,-30.00,-24.00,-34.00,-39.00,-34.00,-41.00,3.00,-79.00,-84.00,-52.00,-61.00,-67.00,-63.00,-64.00,-62.00,-72.00,-82.00,-81.00,-50.00,-80.00,-69.00,-56.00,-67.00,-68.00,-60.00,-87.00,-71.00,-71.00,-45.00,-56.00,-68.00,-6.00,-103.00,-59.00,-75.00,-67.00,-67.00,-81.00,-34.00,-44.00,-61.00,-70.00,-60.00,-64.00,-72.00,-61.00,-62.00,-63.00,-67.00,-66.00,-59.00,-77.00,-17.00,-75.00,42.00,44.00,-61.00,54.00,14.00,9.00,1.00,5.00,-24.00,-8.00,-18.00,-25.00,-1.00,-11.00,10.00,-10.00,-17.00,-14.00,-42.00,-34.00,-43.00,-67.00,-32.00,-34.00,-48.00,-57.00,-51.00,-60.00,-17.00,-49.00
-176.00,149.00,46.00,-79.00,45.00,-13.00,27.00,-51.00,114.00,78.00,196.00,-85.00,112.00,79.00,14.00,1.00,23.00,23.00,11.00,14.00,-36.00,56.00,11.00,-34.00,-2.00,-8.00,5.00,-2.00,1.00,-5.00,3.00,-7.00,0.00,-4.00,-11.00,12.00,-5.00,20.00,-77.00,-7.00,-58.00,-74.00,68.00,70.00,-114.00,102.00,-84.00,130.00,-79.00,5.00,-51.00,64.00,-96.00,73.00,-159.00,94.00,-87.00,76.00,-31.00,-54.00,94.00,-123.00,58.00,-105.00,71.00,-97.00,25.00,43.00,-72.00,88.00,-86.00,50.00,0.00,19.00,24.00,-103.00,62.00,5.00,101.00,-112.00,33.00,0.00,26.00,-94.00,32.00,-5.00,-22.00,-82.00,2.00,-22.00,28.00,-9.00,-60.00,58.00,-34.00,50.00,-37.00,-1.00,-2.00,-4.00,-3.00,-3.00,-6.00,2.00,-3.00,-8.00,-3.00,-1.00,26.00,-41.00,-151.00,173.00,214.00,-36.00,24.00,27.00,22.00,19.00,29.00,29.00,34.00,60.00,-114.00,121.00,70.00,45.00,98.00,25.00,69.00,40.00,58.00,68.00,83.00,70.00,48.00,64.00,53.00,75.00,59.00,51.00,66.00,75.00,75.00,76.00,47.00,49.00,57.00,41.00,42.00,142.00,46.00,59.00,56.00,59.00,68.00,20.00,34.00,57.00,48.00,57.00,65.00,64.00,67.00,51.00,49.00,53.00,64.00,60.00,53.00,56.00,15.00,26.00,-62.00,39.00,-8.00,-14.00,0.00,62.00,-1.00,11.00,21.00,1.00,134.00,-62.00,-11.00,20.00,-2.00,62.00,37.00,38.00,41.00,76.00,50.00,61.00,73.00,68.00,67.00,42.00,73.00,12.00
-50.00,9.00,-9.00,-17.00,94.00,34.00,39.00,-65.00,-15.00,-125.00,-52.00,-25.00,-102.00,-34.00,-115.00,34.00,-64.00,-16.00,-71.00,12.00,20.00,-22.00,-11.00,-5.00,-2.00,-2.00,2.00,-8.00,8.00,-1.00,5.00,-2.00,8.00,-8.00,-24.00,40.00,-24.00,-54.00,202.00,-136.00,280.00,37.00,19.00,-3.00,-85.00,95.00,-64.00,73.00,-76.00,27.00,-69.00,39.00,20.00,59.00,26.00,60.00,-108.00,152.00,-52.00,-50.00,73.00,-76.00,47.00,60.00,70.00,-108.00,53.00,-19.00,-51.00,46.00,-43.00,46.00,-117.00,144.00,43.00,-97.00,38.00,-12.00,37.00,-112.00,61.00,-23.00,50.00,-114.00,85.00,-55.00,170.00,-150.00,122.00,-46.00,109.00,-21.00,-77.00,103.00,-49.00,58.00,-36.00,-21.00,-13.00,-6.00,-4.00,-10.00,-22.00,-22.00,-24.00,-15.00,-9.00,-27.00,5.00,-118.00,348.00,-153.00,-74.00,-21.00,-9.00,-15.00,-11.00,-10.00,-9.00,-14.00,-19.00,-22.00,-34.00,47.00,-15.00,12.00,-29.00,-20.00,44.00,-17.00,1.00,-5.00,-8.00,-6.00,-4.00,3.00,-4.00,-14.00,-5.00,-3.00,5.00,-17.00,16.00,-22.00,18.00,-1.00,7.00,7.00,23.00,-30.00,-12.00,32.00,-1.00,-14.00,-2.00,22.00,12.00,44.00,2.00,13.00,-12.00,-6.00,-26.00,18.00,19.00,1.00,-17.00,-14.00,15.00,9.00,-35.00,59.00,-88.00,51.00,-19.00,2.00,15.00,8.00,1.00,0.00,4.00,-17.00,36.00,-8.00,5.00,0.00,-39.00,75.00,-30.00,-4.00,-19.00,4.00,-25.00,21.00,-48.00,-38.00,-5.00,3.00,-1.00,-8.00
-140.00,45.00,16.00,-78.00,-141.00,4.00,-36.00,55.00,-35.00,141.00,-128.00,80.00,-6.00,40.00,-97.00,74.00,120.00,-159.00,147.00,-75.00,-15.00,14.00,30.00,-24.00,-5.00,-2.00,6.00,-2.00,5.00,-3.00,-1.00,-4.00,7.00,-7.00,-27.00,50.00,-21.00,-32.00,129.00,4.00,-135.00,-131.00,84.00,-5.00,-41.00,32.00,-19.00,147.00,-76.00,14.00,-71.00,42.00,20.00,75.00,-79.00,80.00,-78.00,77.00,-52.00,-27.00,43.00,-24.00,40.00,-4.00,8.00,-83.00,32.00,62.00,-98.00,110.00,-85.00,96.00,-83.00,48.00,-11.00,-94.00,42.00,-31.00,78.00,-100.00,-29.00,86.00,51.00,-103.00,57.00,71.00,77.00,-95.00,105.00,18.00,34.00,27.00,-62.00,74.00,-12.00,-9.00,-19.00,74.00,-52.00,-5.00,-8.00,-19.00,75.00,15.00,12.00,4.00,-40.00,54.00,66.00,-83.00,-75.00,51.00,11.00,23.00,-8.00,-3.00,7.00,4.00,-20.00,6.00,14.00,8.00,-16.00,39.00,-19.00,16.00,2.00,-3.00,28.00,-1.00,0.00,2.00,24.00,-1.00,-4.00,16.00,2.00,5.00,7.00,-4.00,12.00,-9.00,14.00,-28.00,21.00,-17.00,-6.00,-4.00,45.00,-100.00,54.00,-2.00,-1.00,-6.00,35.00,-11.00,-12.00,11.00,-19.00,-5.00,2.00,3.00,-4.00,19.00,14.00,15.00,2.00,26.00,-2.00,1.00,-10.00,59.00,-114.00,59.00,19.00,5.00,-3.00,-2.00,-10.00,-5.00,6.00,-19.00,2.00,4.00,-6.00,-1.00,-17.00,40.00,-22.00,10.00,9.00,2.00,18.00,-32.00,28.00,34.00,-10.00,14.00,-17.00,13.00
-131.00,63.00,-19.00,10.00,41.00,11.00,17.00,30.00,20.00,-16.00,-73.00,11.00,108.00,59.00,83.00,31.00,-97.00,160.00,24.00,-69.00,31.00,73.00,8.00,-19.00,-10.00,-7.00,9.00,-5.00,-1.00,-1.00,0.00,-1.00,-9.00,1.00,-41.00,56.00,-26.00,40.00,-97.00,-11.00,34.00,-15.00,71.00,-40.00,-14.00,-46.00,42.00,-9.00,11.00,-1.00,-84.00,43.00,-1.00,82.00,-95.00,16.00,-43.00,47.00,-49.00,6.00,34.00,31.00,3.00,-21.00,-25.00,-68.00,31.00,76.00,-76.00,18.00,-38.00,116.00,-117.00,55.00,133.00,-126.00,120.00,-126.00,189.00,-152.00,201.00,-100.00,69.00,-80.00,29.00,-89.00,-37.00,16.00,-92.00,-27.00,-95.00,-48.00,2.00,-101.00,22.00,-31.00,53.00,-111.00,198.00,-29.00,-85.00,87.00,-124.00,0.00,40.00,86.00,27.00,-20.00,64.00,-91.00,11.00,31.00,-11.00,14.00,29.00,15.00,8.00,0.00,6.00,21.00,8.00,16.00,-20.00,45.00,-20.00,10.00,43.00,-18.00,9.00,25.00,4.00,-2.00,-22.00,6.00,-5.00,20.00,-7.00,6.00,3.00,2.00,3.00,7.00,31.00,-4.00,19.00,4.00,20.00,0.00,60.00,-129.00,67.00,3.00,-2.00,-7.00,10.00,-17.00,5.00,16.00,18.00,-4.00,15.00,-3.00,14.00,-42.00,11.00,11.00,-15.00,14.00,-17.00,-10.00,-12.00,41.00,-76.00,41.00,26.00,-22.00,29.00,-27.00,14.00,15.00,-20.00,10.00,-2.00,-16.00,26.00,6.00,-9.00,8.00,-15.00,15.00,14.00,-7.00,8.00,19.00,-40.00,13.00,2.00,-16.00,-8.00,14.00
-141.00,77.00,78.00,4.00,54.00,-73.00,53.00,-1.00,-8.00,-31.00,-45.00,59.00,-32.00,-78.00,-91.00,1.00,-70.00,-124.00,57.00,-74.00,41.00,28.00,-2.00,-15.00,-4.00,4.00,-1.00,-2.00,-1.00,2.00,1.00,-4.00,7.00,-6.00,-37.00,54.00,-18.00,37.00,-81.00,-22.00,-28.00,-64.00,67.00,-45.00,5.00,-49.00,99.00,-32.00,37.00,-21.00,-61.00,104.00,-122.00,127.00,-144.00,105.00,-49.00,4.00,-28.00,8.00,21.00,102.00,-55.00,13.00,-7.00,-54.00,-25.00,136.00,-90.00,45.00,-107.00,103.00,-104.00,19.00,-7.00,-95.00,91.00,-93.00,81.00,-97.00,63.00,61.00,62.00,-72.00,57.00,-14.00,-13.00,-7.00,-37.00,-33.00,14.00,14.00,-63.00,170.00,-33.00,7.00,23.00,-50.00,13.00,169.00,10.00,-44.00,11.00,41.00,9.00,-73.00,-34.00,70.00,44.00,-91.00,11.00,31.00,23.00,10.00,-34.00,21.00,-8.00,14.00,11.00,-12.00,4.00,1.00,-22.00,152.00,55.00,127.00,50.00,9.00,105.00,-51.00,52.00,45.00,54.00,44.00,57.00,50.00,41.00,36.00,24.00,13.00,7.00,-29.00,37.00,-55.00,25.00,-21.00,-8.00,1.00,71.00,-152.00,67.00,1.00,9.00,8.00,-13.00,28.00,-25.00,36.00,-30.00,-1.00,-7.00,-1.00,11.00,17.00,6.00,-6.00,18.00,6.00,-11.00,-20.00,-10.00,54.00,-60.00,46.00,-55.00,17.00,17.00,-24.00,3.00,0.00,17.00,10.00,-3.00,22.00,-14.00,4.00,-8.00,12.00,15.00,-45.00,-18.00,9.00,-27.00,45.00,3.00,-31.00,-22.00,6.00,-23.00,37.00
-85.00,79.00,95.00,40.00,-16.00,-55.00,57.00,-58.00,92.00,15.00,-156.00,-19.00,-33.00,107.00,-53.00,114.00,60.00,68.00,-52.00,30.00,-35.00,75.00,24.00,-14.00,3.00,-9.00,3.00,-7.00,0.00,-5.00,-4.00,-7.00,-11.00,-14.00,-52.00,48.00,-32.00,3.00,58.00,-58.00,13.00,-58.00,80.00,-52.00,28.00,-92.00,133.00,-117.00,92.00,-32.00,-72.00,122.00,-105.00,132.00,-133.00,102.00,-47.00,-6.00,-33.00,22.00,2.00,38.00,1.00,-86.00,-11.00,-59.00,37.00,148.00,-104.00,31.00,21.00,139.00,-185.00,184.00,126.00,-124.00,75.00,-141.00,112.00,-41.00,-66.00,-52.00,-70.00,13.00,-33.00,-67.00,61.00,-99.00,167.00,-5.00,52.00,11.00,-89.00,50.00,-28.00,3.00,-100.00,-111.00,18.00,-143.00,56.00,63.00,31.00,67.00,21.00,14.00,-164.00,129.00,29.00,-87.00,4.00,-24.00,-9.00,-9.00,19.00,10.00,-6.00,-16.00,37.00,-1.00,-21.00,-1.00,45.00,-176.00,-85.00,-127.00,-53.00,106.00,2.00,61.00,31.00,27.00,2.00,35.00,5.00,31.00,16.00,15.00,24.00,58.00,145.00,153.00,97.00,55.00,143.00,73.00,61.00,62.00,176.00,-230.00,190.00,110.00,87.00,70.00,85.00,20.00,-2.00,72.00,34.00,41.00,39.00,-2.00,-23.00,6.00,-22.00,5.00,-1.00,14.00,-25.00,-13.00,-14.00,38.00,-54.00,37.00,13.00,2.00,11.00,-5.00,5.00,3.00,-19.00,30.00,-117.00,32.00,-3.00,10.00,-17.00,8.00,4.00,-1.00,34.00,-42.00,-13.00,-20.00,41.00,2.00,30.00,29.00,-49.00,52.00
-13.00,-82.00,-152.00,130.00,58.00,72.00,14.00,-76.00,103.00,-126.00,142.00,20.00,63.00,-104.00,103.00,-168.00,78.00,-19.00,-25.00,65.00,80.00,-92.00,-95.00,25.00,-9.00,2.00,-6.00,5.00,-1.00,-7.00,-3.00,-13.00,-20.00,-24.00,-17.00,16.00,-26.00,13.00,109.00,47.00,84.00,-73.00,19.00,-3.00,19.00,-94.00,148.00,-137.00,104.00,-52.00,-7.00,43.00,-93.00,82.00,-108.00,88.00,-37.00,-34.00,46.00,28.00,7.00,136.00,-136.00,56.00,-24.00,-33.00,-29.00,77.00,-62.00,-11.00,-113.00,115.00,-135.00,-18.00,-13.00,-106.00,158.00,-126.00,153.00,-63.00,42.00,17.00,-40.00,-19.00,19.00,-8.00,128.00,-42.00,-61.00,-26.00,103.00,24.00,-95.00,130.00,-19.00,-88.00,161.00,124.00,-117.00,112.00,-151.00,89.00,-108.00,-7.00,-139.00,177.00,116.00,-166.00,82.00,-72.00,2.00,52.00,39.00,0.00,-48.00,0.00,9.00,-37.00,-9.00,-19.00,38.00,67.00,93.00,-153.00,-82.00,-109.00,-97.00,-148.00,-62.00,-148.00,-138.00,-122.00,-131.00,-117.00,-83.00,-64.00,-69.00,-42.00,-65.00,-94.00,-117.00,-119.00,-66.00,-89.00,-107.00,-96.00,-10.00,26.00,-120.00,191.00,-118.00,-112.00,-79.00,-71.00,-89.00,93.00,48.00,18.00,35.00,41.00,49.00,103.00,108.00,133.00,110.00,63.00,37.00,71.00,-18.00,70.00,3.00,77.00,-98.00,19.00,1.00,19.00,10.00,-18.00,3.00,-1.00,-3.00,7.00,22.00,-16.00,-9.00,-16.00,10.00,16.00,-1.00,18.00,-83.00,38.00,-5.00,29.00,-57.00,-19.00,-17.00,6.00,-53.00,31.00
61.00,8.00,-40.00,-42.00,-41.00,-151.00,137.00,57.00,-23.00,-91.00,54.00,-9.00,-11.00,43.00,64.00,44.00,-32.00,-27.00,24.00,-45.00,-60.00,19.00,32.00,-4.00,-5.00,-3.00,2.00,-11.00,-12.00,-12.00,-26.00,-17.00,6.00,20.00,101.00,-30.00,-14.00,-42.00,-82.00,-21.00,-32.00,-73.00,12.00,3.00,19.00,-105.00,151.00,-161.00,110.00,-85.00,19.00,-12.00,77.00,37.00,-101.00,59.00,-34.00,-57.00,97.00,-4.00,24.00,42.00,-91.00,-35.00,4.00,-30.00,-30.00,165.00,-77.00,-40.00,69.00,117.00,-165.00,173.00,162.00,-119.00,43.00,-54.00,-76.00,27.00,-31.00,-31.00,167.00,-88.00,148.00,-123.00,84.00,-110.00,70.00,23.00,-66.00,13.00,-74.00,-18.00,-2.00,-41.00,0.00,-54.00,94.00,101.00,-111.00,0.00,-49.00,21.00,-71.00,69.00,45.00,-91.00,86.00,-89.00,-14.00,3.00,-32.00,-8.00,61.00,-43.00,-15.00,36.00,-41.00,158.00,83.00,-157.00,-16.00,205.00,47.00,128.00,30.00,1.00,-42.00,15.00,67.00,-3.00,30.00,75.00,-47.00,-123.00,-82.00,-71.00,-83.00,-75.00,-100.00,-82.00,-35.00,-60.00,-26.00,-62.00,-104.00,-93.00,-113.00,-38.00,-42.00,8.00,-28.00,-23.00,-18.00,-86.00,-81.00,-39.00,-94.00,-71.00,-81.00,-104.00,-107.00,-120.00,-128.00,1.00,93.00,-35.00,40.00,-17.00,-52.00,102.00,-70.00,49.00,25.00,-2.00,42.00,-11.00,11.00,18.00,19.00,-5.00,-9.00,23.00,15.00,0.00,3.00,-12.00,-1.00,-2.00,15.00,-5.00,16.00,33.00,5.00,5.00,19.00,29.00,33.00,-13.00
166.00,-65.00,-22.00,-42.00,-58.00,33.00,-1.00,58.00,-62.00,-170.00,61.00,23.00,-30.00,-46.00,-43.00,-24.00,-3.00,-5.00,5.00,1.00,11.00,-2.00,26.00,-11.00,-5.00,-2.00,-15.00,-4.00,-7.00,8.00,6.00,-2.00,11.00,30.00,55.00,-24.00,-35.00,56.00,73.00,-39.00,-104.00,155.00,-58.00,58.00,-32.00,-45.00,177.00,-196.00,212.00,-119.00,80.00,-2.00,67.00,16.00,-102.00,85.00,-47.00,-30.00,55.00,-41.00,-31.00,228.00,-131.00,48.00,-21.00,-7.00,-100.00,113.00,-55.00,-25.00,-65.00,118.00,-115.00,12.00,38.00,-103.00,131.00,-43.00,44.00,-25.00,-19.00,-11.00,-39.00,-30.00,36.00,-86.00,30.00,-49.00,-49.00,190.00,104.00,97.00,-99.00,188.00,-41.00,-91.00,160.00,43.00,-92.00,158.00,-172.00,261.00,-101.00,34.00,-38.00,27.00,-12.00,-88.00,167.00,-104.00,8.00,126.00,-69.00,57.00,-23.00,3.00,31.00,-21.00,55.00,-272.00,-57.00,-41.00,-156.00,-5.00,33.00,-21.00,66.00,-13.00,93.00,-2.00,35.00,51.00,31.00,35.00,63.00,65.00,72.00,80.00,65.00,45.00,152.00,40.00,59.00,-18.00,-102.00,25.00,63.00,12.00,88.00,21.00,-119.00,-74.00,-83.00,-59.00,-78.00,-82.00,-77.00,-31.00,-60.00,-60.00,-71.00,-53.00,-60.00,-77.00,-29.00,-96.00,-86.00,-22.00,-122.00,19.00,-24.00,85.00,63.00,-37.00,-56.00,6.00,-30.00,-11.00,-26.00,-30.00,-4.00,20.00,-15.00,4.00,1.00,-10.00,5.00,12.00,7.00,3.00,20.00,5.00,-28.00,-52.00,16.00,11.00,-1.00,-17.00,-7.00,14.00
170.00,-63.00,-53.00,136.00,20.00,-20.00,-83.00,81.00,52.00,91.00,-17.00,22.00,-95.00,132.00,-47.00,-88.00,-71.00,-81.00,-82.00,-74.00,-73.00,-81.00,-47.00,-11.00,-11.00,8.00,-13.00,-14.00,-24.00,-18.00,29.00,26.00,11.00,-13.00,64.00,-48.00,-33.00,-18.00,-67.00,113.00,-63.00,24.00,-51.00,78.00,-46.00,-19.00,36.00,-130.00,75.00,-101.00,42.00,8.00,-29.00,36.00,-83.00,162.00,-64.00,-27.00,66.00,-9.00,11.00,-118.00,-49.00,-13.00,-16.00,3.00,-121.00,288.00,-91.00,-11.00,-49.00,52.00,-90.00,76.00,-29.00,-43.00,-39.00,-39.00,25.00,-25.00,64.00,-56.00,119.00,-85.00,103.00,-121.00,112.00,-106.00,57.00,-91.00,-106.00,-143.00,9.00,-172.00,49.00,-38.00,56.00,-131.00,72.00,64.00,-113.00,-1.00,-51.00,9.00,-18.00,-36.00,4.00,-69.00,135.00,-65.00,-35.00,-60.00,165.00,67.00,-51.00,5.00,-26.00,-36.00,169.00,143.00,-107.00,-135.00,335.00,-14.00,-27.00,-24.00,51.00,-19.00,78.00,-12.00,40.00,28.00,13.00,-13.00,11.00,21.00,-5.00,31.00,8.00,-13.00,-14.00,42.00,-20.00,51.00,86.00,24.00,16.00,59.00,59.00,-138.00,132.00,102.00,81.00,6.00,82.00,96.00,25.00,45.00,7.00,19.00,27.00,42.00,2.00,37.00,-60.00,21.00,-104.00,-136.00,18.00,-41.00,-120.00,-7.00,75.00,50.00,-48.00,49.00,21.00,25.00,3.00,11.00,-10.00,2.00,-9.00,11.00,-9.00,20.00,-5.00,33.00,-11.00,-1.00,-9.00,21.00,-58.00,131.00,-73.00,-34.00,3.00,34.00,-50.00,-15.00
-181.00,67.00,3.00,19.00,-89.00,-16.00,-173.00,87.00,-32.00,12.00,-56.00,-3.00,93.00,-10.00,-120.00,221.00,109.00,107.00,131.00,76.00,80.00,138.00,128.00,-67.00,-28.00,-11.00,-5.00,-8.00,102.00,95.00,0.00,-3.00,4.00,-5.00,64.00,-36.00,-59.00,134.00,-28.00,33.00,-35.00,-21.00,-62.00,122.00,-90.00,16.00,88.00,-121.00,150.00,-101.00,26.00,75.00,-34.00,-35.00,-63.00,-90.00,-33.00,40.00,82.00,-63.00,-65.00,272.00,-115.00,-22.00,42.00,1.00,-92.00,64.00,-47.00,-2.00,-52.00,68.00,-92.00,45.00,113.00,-102.00,97.00,-47.00,-46.00,-20.00,76.00,-86.00,132.00,-89.00,68.00,-151.00,295.00,-140.00,126.00,41.00,10.00,282.00,-143.00,284.00,-49.00,-50.00,-3.00,-98.00,-4.00,157.00,-150.00,175.00,-93.00,16.00,-90.00,280.00,-37.00,-1.00,10.00,-38.00,30.00,-63.00,9.00,-147.00,127.00,89.00,37.00,58.00,-11.00,171.00,-176.00,-137.00,8.00,75.00,-38.00,-18.00,57.00,-22.00,49.00,-69.00,-40.00,-31.00,-93.00,9.00,19.00,-14.00,-13.00,-13.00,-11.00,-14.00,28.00,30.00,-52.00,16.00,34.00,8.00,23.00,0.00,100.00,-156.00,89.00,-9.00,-10.00,34.00,44.00,2.00,56.00,-43.00,61.00,31.00,56.00,33.00,48.00,41.00,60.00,46.00,99.00,155.00,-8.00,-84.00,-51.00,-68.00,108.00,61.00,27.00,45.00,57.00,27.00,62.00,53.00,67.00,78.00,47.00,80.00,59.00,16.00,-1.00,-29.00,2.00,-5.00,-4.00,-5.00,-31.00,83.00,2.00,27.00,21.00,-46.00,-34.00,81.00
-67.00,42.00,-4.00,25.00,23.00,-24.00,69.00,72.00,3.00,6.00,60.00,-47.00,-46.00,38.00,-48.00,-88.00,-81.00,54.00,-27.00,-14.00,-16.00,-36.00,67.00,-62.00,-33.00,7.00,-8.00,118.00,-238.00,67.00,96.00,70.00,64.00,50.00,134.00,9.00,-8.00,-62.00,142.00,18.00,-16.00,-46.00,28.00,186.00,-113.00,87.00,19.00,-58.00,105.00,-98.00,61.00,94.00,-107.00,35.00,90.00,40.00,-22.00,213.00,-142.00,65.00,44.00,78.00,-92.00,7.00,-56.00,27.00,-125.00,273.00,-95.00,-47.00,70.00,97.00,-72.00,-2.00,23.00,-60.00,-22.00,7.00,98.00,-68.00,80.00,-89.00,79.00,-97.00,129.00,-108.00,-26.00,-28.00,-103.00,-44.00,-65.00,-167.00,-16.00,-162.00,48.00,-48.00,30.00,153.00,-88.00,60.00,-109.00,253.00,-101.00,44.00,-1.00,-65.00,5.00,-67.00,-43.00,-17.00,8.00,15.00,-33.00,-8.00,-37.00,-38.00,-40.00,-36.00,-58.00,-62.00,181.00,121.00,-133.00,167.00,36.00,42.00,16.00,-6.00,76.00,-35.00,36.00,14.00,18.00,-15.00,9.00,-5.00,14.00,-3.00,22.00,-3.00,30.00,32.00,-73.00,10.00,-3.00,-33.00,1.00,7.00,13.00,-141.00,81.00,-14.00,19.00,-17.00,3.00,-16.00,63.00,-107.00,30.00,-7.00,15.00,-16.00,0.00,15.00,-7.00,6.00,37.00,16.00,-46.00,158.00,-151.00,17.00,-24.00,-66.00,-55.00,-61.00,-69.00,-50.00,-70.00,-73.00,-52.00,-90.00,-59.00,-82.00,-78.00,-18.00,75.00,98.00,68.00,58.00,82.00,58.00,70.00,11.00,69.00,76.00,67.00,88.00,82.00,78.00
-20.00,-21.00,-15.00,8.00,35.00,17.00,-176.00,-38.00,39.00,7.00,6.00,-13.00,160.00,-21.00,63.00,-62.00,-54.00,-178.00,13.00,-34.00,-28.00,-40.00,42.00,-68.00,-66.00,70.00,74.00,213.00,-91.00,9.00,-25.00,-50.00,-5.00,9.00,-119.00,-134.00,-59.00,86.00,-201.00,82.00,-251.00,190.00,-28.00,-110.00,-46.00,114.00,-50.00,116.00,51.00,-40.00,161.00,-18.00,-159.00,157.00,-167.00,15.00,68.00,-287.00,60.00,-10.00,-70.00,16.00,-61.00,-40.00,86.00,28.00,-114.00,59.00,-47.00,-12.00,10.00,55.00,-96.00,66.00,68.00,-84.00,53.00,-28.00,-69.00,-13.00,85.00,-103.00,80.00,-71.00,89.00,-34.00,106.00,-84.00,139.00,70.00,0.00,314.00,-118.00,149.00,-23.00,-53.00,85.00,-6.00,113.00,103.00,-91.00,-56.00,37.00,14.00,26.00,27.00,0.00,20.00,60.00,-52.00,8.00,-86.00,-33.00,29.00,-25.00,-6.00,-15.00,-7.00,18.00,-32.00,-30.00,-28.00,-88.00,80.00,51.00,-42.00,49.00,-14.00,50.00,117.00,146.00,103.00,43.00,41.00,24.00,72.00,50.00,30.00,-47.00,-28.00,-2.00,16.00,-103.00,51.00,-23.00,-26.00,-25.00,2.00,69.00,-107.00,43.00,7.00,5.00,3.00,13.00,1.00,63.00,-127.00,59.00,21.00,49.00,-16.00,18.00,37.00,28.00,19.00,15.00,37.00,-49.00,60.00,-18.00,-58.00,3.00,-21.00,10.00,8.00,23.00,-2.00,-8.00,6.00,8.00,0.00,14.00,-5.00,0.00,-41.00,-55.00,-79.00,-64.00,-73.00,-85.00,-76.00,-80.00,-48.00,-85.00,-93.00,-65.00,-83.00,-89.00,-58.00
30.00,17.00,8.00,-10.00,-22.00,42.00,-38.00,9.00,64.00,14.00,-31.00,46.00,-155.00,32.00,-5.00,87.00,25.00,115.00,61.00,65.00,53.00,127.00,191.00,-87.00,49.00,27.00,-25.00,-68.00,14.00,-134.00,-31.00,-22.00,-76.00,-76.00,-128.00,154.00,-12.00,-74.00,109.00,51.00,147.00,-110.00,-38.00,161.00,-69.00,87.00,-165.00,-54.00,31.00,-104.00,-72.00,46.00,8.00,131.00,-104.00,108.00,33.00,122.00,-56.00,-185.00,115.00,165.00,-119.00,-27.00,-140.00,58.00,-137.00,262.00,-107.00,-9.00,-27.00,55.00,-99.00,113.00,-20.00,-60.00,12.00,-7.00,107.00,-97.00,82.00,-97.00,101.00,-56.00,-46.00,-82.00,-67.00,4.00,-96.00,-62.00,-134.00,-187.00,-22.00,-21.00,29.00,-21.00,-77.00,-85.00,-204.00,-166.00,-2.00,-19.00,-99.00,-96.00,-102.00,-123.00,75.00,32.00,34.00,-34.00,-101.00,343.00,26.00,-131.00,-22.00,27.00,22.00,29.00,30.00,-12.00,-22.00,-8.00,5.00,-162.00,-103.00,-100.00,-119.00,-91.00,-12.00,-124.00,-106.00,-166.00,99.00,37.00,28.00,21.00,-50.00,126.00,113.00,67.00,167.00,82.00,-105.00,140.00,144.00,41.00,39.00,-9.00,-5.00,46.00,10.00,19.00,2.00,38.00,-13.00,44.00,99.00,-114.00,78.00,-161.00,100.00,-26.00,-19.00,-61.00,-46.00,-47.00,-20.00,-17.00,-32.00,1.00,57.00,-59.00,110.00,-73.00,-49.00,-63.00,-38.00,-35.00,-41.00,-37.00,-40.00,-38.00,-26.00,-54.00,-9.00,9.00,-3.00,18.00,-12.00,12.00,5.00,14.00,6.00,20.00,-9.00,6.00,-5.00,8.00,0.00,10.00
-14.00,4.00,-8.00,10.00,21.00,9.00,-73.00,147.00,-70.00,21.00,19.00,20.00,-10.00,6.00,15.00,-13.00,-5.00,-49.00,15.00,35.00,50.00,-95.00,-106.00,-6.00,-30.00,-63.00,55.00,-36.00,10.00,-79.00,67.00,37.00,-7.00,94.00,31.00,84.00,78.00,96.00,68.00,-35.00,13.00,0.00,-8.00,162.00,-18.00,-29.00,20.00,7.00,-50.00,37.00,104.00,-143.00,-60.00,-137.00,-21.00,-119.00,-53.00,56.00,61.00,162.00,30.00,98.00,-131.00,76.00,234.00,4.00,-121.00,77.00,-63.00,-10.00,43.00,11.00,-99.00,44.00,83.00,-69.00,-22.00,20.00,40.00,-51.00,41.00,-107.00,167.00,-127.00,225.00,-46.00,218.00,-128.00,155.00,52.00,195.00,204.00,-119.00,86.00,-28.00,-11.00,-11.00,182.00,140.00,-18.00,-53.00,77.00,61.00,66.00,63.00,118.00,-144.00,-90.00,50.00,-60.00,67.00,-131.00,-9.00,12.00,240.00,-79.00,-39.00,-48.00,-129.00,23.00,-77.00,-24.00,-105.00,153.00,-24.00,4.00,80.00,-190.00,0.00,-107.00,-118.00,-80.00,-94.00,-125.00,-129.00,-54.00,-62.00,-95.00,-86.00,-137.00,-64.00,83.00,84.00,-131.00,-180.00,110.00,8.00,175.00,126.00,88.00,57.00,34.00,96.00,-48.00,12.00,-7.00,-57.00,-72.00,49.00,28.00,87.00,-34.00,58.00,37.00,35.00,10.00,53.00,3.00,-10.00,25.00,-50.00,62.00,12.00,98.00,16.00,20.00,-8.00,34.00,23.00,52.00,-22.00,13.00,43.00,112.00,-73.00,-57.00,-19.00,-78.00,-10.00,-47.00,-36.00,-50.00,-31.00,-22.00,-24.00,-50.00,-24.00,19.00,-3.00,0.00
2.00,-12.00,-18.00,-10.00,-14.00,-10.00,-92.00,102.00,-51.00,-4.00,82.00,-31.00,16.00,7.00,5.00,94.00,-56.00,121.00,-61.00,-129.00,11.00,-78.00,-4.00,-31.00,3.00,-34.00,-5.00,-51.00,39.00,97.00,-48.00,-11.00,-6.00,17.00,-10.00,-103.00,-88.00,-53.00,-157.00,-155.00,-72.00,-16.00,-20.00,-102.00,76.00,-97.00,20.00,27.00,-25.00,-142.00,48.00,86.00,60.00,84.00,98.00,45.00,-38.00,-4.00,-70.00,-127.00,-72.00,114.00,-89.00,-85.00,-169.00,80.00,-140.00,203.00,-88.00,-34.00,2.00,199.00,-150.00,140.00,-103.00,-42.00,23.00,55.00,44.00,-130.00,118.00,-72.00,-10.00,-16.00,-105.00,-51.00,-104.00,3.00,-88.00,-131.00,-156.00,0.00,-91.00,87.00,-6.00,-29.00,-61.00,29.00,55.00,-19.00,-63.00,40.00,-5.00,1.00,-4.00,35.00,37.00,21.00,38.00,-81.00,68.00,-34.00,1.00,-57.00,-130.00,36.00,-16.00,-73.00,263.00,-76.00,210.00,93.00,-76.00,92.00,26.00,52.00,53.00,147.00,-48.00,96.00,149.00,4.00,-24.00,4.00,115.00,-190.00,-89.00,-89.00,-105.00,-57.00,-77.00,-111.00,-116.00,4.00,-7.00,-64.00,-100.00,-108.00,-167.00,5.00,-18.00,-83.00,68.00,62.00,52.00,-9.00,244.00,8.00,86.00,-24.00,33.00,54.00,-74.00,-29.00,34.00,-7.00,36.00,-8.00,1.00,-6.00,-6.00,-3.00,27.00,20.00,-41.00,100.00,39.00,13.00,16.00,14.00,34.00,49.00,-19.00,-27.00,48.00,43.00,-12.00,35.00,0.00,45.00,23.00,56.00,2.00,26.00,-22.00,56.00,46.00,-121.00,45.00,-93.00
-40.00,28.00,15.00,-1.00,4.00,3.00,-75.00,81.00,-33.00,-23.00,-58.00,62.00,41.00,-74.00,49.00,-223.00,82.00,95.00,-222.00,162.00,47.00,29.00,10.00,-60.00,-75.00,29.00,-81.00,-81.00,23.00,-110.00,-57.00,15.00,-115.00,7.00,-9.00,12.00,73.00,-112.00,283.00,257.00,-51.00,-90.00,31.00,-7.00,13.00,-134.00,-11.00,-227.00,225.00,124.00,-166.00,151.00,13.00,-65.00,-83.00,-17.00,50.00,-8.00,-60.00,55.00,78.00,-20.00,-97.00,141.00,117.00,26.00,-136.00,161.00,-81.00,-11.00,33.00,40.00,-113.00,21.00,112.00,-42.00,-85.00,73.00,72.00,-83.00,70.00,-56.00,135.00,-80.00,148.00,-18.00,227.00,-120.00,63.00,152.00,18.00,208.00,-145.00,83.00,-25.00,4.00,-40.00,37.00,-42.00,166.00,-139.00,44.00,12.00,-17.00,-8.00,30.00,-13.00,-18.00,86.00,-96.00,59.00,-33.00,-33.00,176.00,28.00,-20.00,-8.00,28.00,-161.00,36.00,-102.00,-73.00,-49.00,52.00,3.00,-12.00,9.00,47.00,-104.00,32.00,54.00,31.00,64.00,-14.00,42.00,104.00,122.00,68.00,155.00,-38.00,-34.00,7.00,75.00,-167.00,-104.00,-84.00,-99.00,-25.00,-65.00,-98.00,-91.00,-26.00,-78.00,-83.00,-77.00,-41.00,-122.00,-113.00,53.00,-5.00,45.00,56.00,69.00,64.00,23.00,86.00,100.00,61.00,20.00,8.00,4.00,5.00,72.00,-120.00,31.00,-40.00,13.00,-4.00,3.00,7.00,14.00,-16.00,-11.00,16.00,-16.00,1.00,86.00,20.00,97.00,-52.00,29.00,13.00,36.00,-17.00,76.00,-44.00,39.00,51.00,-24.00,14.00
15.00,-11.00,25.00,-16.00,-13.00,-8.00,-92.00,84.00,14.00,100.00,-61.00,-36.00,-60.00,74.00,-57.00,58.00,7.00,8.00,-26.00,-54.00,-30.00,-34.00,-44.00,258.00,219.00,-171.00,218.00,207.00,-182.00,177.00,126.00,-148.00,252.00,-93.00,-87.00,116.00,-15.00,26.00,-9.00,-54.00,1.00,147.00,-93.00,60.00,33.00,119.00,74.00,124.00,-84.00,-130.00,-40.00,-224.00,85.00,11.00,45.00,32.00,-1.00,77.00,46.00,-7.00,22.00,43.00,-64.00,-106.00,-129.00,76.00,-174.00,92.00,-88.00,-33.00,57.00,12.00,-128.00,237.00,-112.00,-50.00,-22.00,92.00,-28.00,-104.00,121.00,-92.00,-89.00,-5.00,-90.00,-47.00,-124.00,-2.00,-85.00,4.00,42.00,-30.00,-81.00,83.00,-3.00,-36.00,-52.00,30.00,-7.00,-71.00,77.00,-40.00,-18.00,28.00,16.00,-39.00,0.00,49.00,123.00,-89.00,39.00,-16.00,2.00,-73.00,-99.00,12.00,-14.00,-62.00,185.00,-47.00,115.00,119.00,-105.00,55.00,4.00,24.00,-21.00,60.00,-98.00,22.00,70.00,-36.00,-12.00,25.00,-1.00,3.00,19.00,-73.00,65.00,61.00,88.00,29.00,52.00,92.00,128.00,94.00,113.00,-34.00,-37.00,6.00,60.00,-154.00,-78.00,-115.00,-68.00,-79.00,-67.00,-79.00,-98.00,-68.00,-60.00,-97.00,-58.00,-69.00,-60.00,-83.00,-126.00,-53.00,95.00,-2.00,17.00,-8.00,117.00,-163.00,113.00,-43.00,-37.00,82.00,-60.00,17.00,-44.00,6.00,19.00,-1.00,13.00,0.00,-33.00,0.00,-56.00,-18.00,10.00,-19.00,14.00,-49.00,27.00,71.00,-107.00,-14.00,10.00,88.00
8.00,-1.00,-13.00,-3.00,23.00,32.00,-80.00,73.00,134.00,-60.00,-33.00,28.00,87.00,-120.00,50.00,29.00,-21.00,57.00,-60.00,2.00,-2.00,-17.00,11.00,-126.00,-71.00,-32.00,11.00,137.00,-129.00,159.00,89.00,-118.00,164.00,-69.00,-72.00,187.00,10.00,92.00,-178.00,-192.00,252.00,-130.00,37.00,-15.00,-10.00,-24.00,-10.00,-7.00,36.00,71.00,-2.00,59.00,68.00,115.00,0.00,51.00,81.00,-178.00,15.00,17.00,-1.00,83.00,-137.00,170.00,60.00,-35.00,35.00,225.00,-6.00,-22.00,44.00,67.00,-90.00,-30.00,67.00,-7.00,-97.00,129.00,76.00,-112.00,60.00,48.00,145.00,-96.00,146.00,87.00,198.00,-114.00,5.00,43.00,-11.00,156.00,-93.00,-63.00,33.00,-14.00,-23.00,31.00,39.00,-37.00,22.00,-72.00,30.00,24.00,-31.00,-2.00,29.00,-200.00,-66.00,-41.00,45.00,-19.00,-29.00,72.00,190.00,-52.00,-3.00,2.00,-150.00,41.00,-89.00,-69.00,-38.00,75.00,98.00,25.00,5.00,46.00,-85.00,1.00,62.00,-6.00,-10.00,-6.00,2.00,4.00,18.00,-41.00,17.00,3.00,11.00,-20.00,27.00,-30.00,15.00,-33.00,42.00,37.00,73.00,93.00,41.00,98.00,76.00,135.00,41.00,29.00,52.00,34.00,53.00,-136.00,-32.00,-109.00,-76.00,-59.00,-76.00,-93.00,-28.00,-28.00,-117.00,140.00,-159.00,-90.00,140.00,-146.00,42.00,35.00,90.00,-93.00,77.00,1.00,-27.00,4.00,14.00,-19.00,-12.00,4.00,1.00,39.00,57.00,-41.00,16.00,22.00,-15.00,-22.00,30.00,-39.00,37.00,12.00,14.00,26.00
-17.00,-1.00,11.00,12.00,-7.00,-18.00,-83.00,165.00,-219.00,90.00,-21.00,-110.00,41.00,35.00,38.00,-49.00,22.00,162.00,-165.00,24.00,4.00,-23.00,5.00,-56.00,-39.00,15.00,-122.00,-162.00,29.00,-142.00,-99.00,34.00,-58.00,-17.00,6.00,-111.00,-15.00,197.00,-181.00,333.00,-200.00,-15.00,18.00,-5.00,-14.00,-2.00,-16.00,-25.00,-24.00,1.00,-20.00,-1.00,6.00,-112.00,-73.00,-214.00,226.00,-154.00,71.00,72.00,65.00,196.00,-98.00,-72.00,-31.00,31.00,-16.00,-70.00,-23.00,-32.00,-17.00,71.00,-141.00,231.00,-99.00,-4.00,-70.00,58.00,54.00,-91.00,56.00,-90.00,-73.00,2.00,-106.00,-55.00,-167.00,-16.00,16.00,-3.00,87.00,59.00,-66.00,9.00,10.00,-57.00,106.00,-24.00,18.00,75.00,-48.00,6.00,27.00,-10.00,44.00,59.00,8.00,61.00,98.00,-93.00,44.00,-59.00,6.00,-101.00,-117.00,4.00,-10.00,-48.00,189.00,-60.00,139.00,99.00,-23.00,-31.00,-242.00,221.00,86.00,124.00,-68.00,128.00,44.00,-13.00,11.00,-4.00,-3.00,-32.00,40.00,-58.00,39.00,13.00,-43.00,24.00,2.00,-7.00,3.00,-12.00,-6.00,6.00,0.00,0.00,-15.00,-25.00,9.00,31.00,-11.00,26.00,22.00,65.00,38.00,110.00,-23.00,171.00,13.00,46.00,42.00,25.00,170.00,-108.00,5.00,-92.00,-85.00,-7.00,117.00,-117.00,69.00,-51.00,-49.00,40.00,-67.00,-18.00,10.00,29.00,-16.00,21.00,6.00,5.00,-23.00,-17.00,-37.00,19.00,18.00,-4.00,36.00,-40.00,2.00,20.00,59.00,12.00,-31.00,47.00
20.00,22.00,-6.00,-14.00,4.00,-9.00,-15.00,-77.00,110.00,38.00,-13.00,113.00,-53.00,64.00,-12.00,-16.00,0.00,23.00,-45.00,7.00,-5.00,-68.00,113.00,64.00,0.00,-76.00,99.00,179.00,-110.00,67.00,-34.00,-11.00,-94.00,4.00,-8.00,-24.00,-46.00,-25.00,-10.00,-138.00,133.00,-60.00,19.00,-11.00,35.00,-3.00,11.00,8.00,52.00,-24.00,-35.00,25.00,-102.00,31.00,-30.00,30.00,-78.00,120.00,-68.00,-49.00,-52.00,24.00,-46.00,-1.00,-18.00,15.00,-2.00,-10.00,7.00,-32.00,-37.00,71.00,-110.00,-3.00,-19.00,40.00,-71.00,62.00,-26.00,-86.00,25.00,81.00,95.00,-86.00,126.00,8.00,331.00,-139.00,-16.00,84.00,3.00,-89.00,-48.00,180.00,-43.00,23.00,-225.00,91.00,-19.00,6.00,13.00,-47.00,33.00,127.00,-67.00,-95.00,137.00,-15.00,79.00,-104.00,27.00,33.00,-119.00,303.00,54.00,-26.00,-3.00,-8.00,-139.00,38.00,-75.00,-78.00,26.00,-63.00,-27.00,-118.00,-127.00,-70.00,193.00,-258.00,37.00,167.00,154.00,-4.00,103.00,100.00,112.00,-41.00,32.00,27.00,-66.00,11.00,53.00,-46.00,17.00,-18.00,-4.00,26.00,4.00,7.00,-14.00,-2.00,-11.00,10.00,32.00,0.00,6.00,3.00,3.00,52.00,-112.00,59.00,70.00,-49.00,74.00,102.00,-103.00,-48.00,83.00,-146.00,106.00,54.00,72.00,-112.00,67.00,0.00,6.00,46.00,24.00,56.00,22.00,-32.00,-15.00,18.00,-30.00,25.00,42.00,-23.00,-16.00,10.00,-27.00,2.00,-15.00,3.00,-52.00,45.00,-37.00,-35.00,-4.00,-17.00
-26.00,-19.00,4.00,0.00,3.00,-6.00,-49.00,88.00,-50.00,-37.00,38.00,-121.00,38.00,-169.00,93.00,34.00,42.00,141.00,-116.00,-43.00,-54.00,-126.00,50.00,197.00,-96.00,-27.00,140.00,52.00,-99.00,73.00,202.00,-190.00,333.00,-103.00,-28.00,120.00,-39.00,-63.00,9.00,-56.00,75.00,-58.00,26.00,51.00,-144.00,37.00,9.00,-25.00,-44.00,68.00,16.00,16.00,61.00,24.00,84.00,67.00,-80.00,-32.00,-36.00,-41.00,25.00,-53.00,-74.00,-22.00,-23.00,20.00,8.00,-6.00,13.00,-31.00,22.00,260.00,-209.00,410.00,-160.00,32.00,-81.00,139.00,93.00,-80.00,40.00,-96.00,-86.00,6.00,-68.00,-13.00,-139.00,31.00,-10.00,-73.00,-70.00,-33.00,-3.00,-141.00,88.00,-43.00,186.00,52.00,10.00,-14.00,34.00,37.00,-94.00,-61.00,-61.00,99.00,-60.00,-10.00,46.00,-88.00,-4.00,173.00,-62.00,-168.00,-142.00,4.00,-11.00,-44.00,165.00,-77.00,41.00,139.00,-30.00,37.00,19.00,-113.00,-100.00,-102.00,-106.00,-57.00,-78.00,-119.00,-195.00,118.00,-15.00,-181.00,-107.00,171.00,167.00,87.00,-109.00,161.00,45.00,-22.00,-6.00,-3.00,-17.00,15.00,-6.00,12.00,-13.00,-25.00,-13.00,12.00,2.00,-46.00,-46.00,0.00,21.00,60.00,-126.00,71.00,59.00,-108.00,34.00,91.00,-138.00,72.00,68.00,24.00,-205.00,115.00,54.00,-64.00,36.00,-12.00,-13.00,-11.00,16.00,-44.00,5.00,6.00,8.00,-33.00,9.00,-19.00,-5.00,-15.00,26.00,9.00,-4.00,-8.00,54.00,-90.00,40.00,-11.00,-33.00,-1.00,28.00,-35.00
15.00,3.00,20.00,-24.00,0.00,2.00,-23.00,-27.00,22.00,60.00,-31.00,-3.00,-21.00,36.00,73.00,-3.00,-55.00,57.00,-28.00,6.00,83.00,80.00,-25.00,-85.00,26.00,-43.00,-94.00,-55.00,5.00,42.00,55.00,52.00,-31.00,-48.00,65.00,-8.00,56.00,-8.00,-22.00,-44.00,-99.00,28.00,-7.00,-7.00,30.00,25.00,-40.00,14.00,15.00,-32.00,-36.00,57.00,-68.00,-3.00,18.00,-47.00,-7.00,27.00,21.00,-30.00,-31.00,49.00,111.00,-7.00,35.00,4.00,-9.00,-96.00,-117.00,-84.00,-86.00,-133.00,11.00,-158.00,-51.00,-61.00,-80.00,-141.00,-127.00,-51.00,98.00,76.00,153.00,-94.00,38.00,111.00,97.00,-91.00,-20.00,114.00,51.00,84.00,-122.00,136.00,-92.00,10.00,-252.00,92.00,36.00,28.00,-24.00,108.00,-6.00,69.00,-58.00,113.00,-65.00,58.00,11.00,-69.00,-48.00,137.00,-239.00,267.00,187.00,-80.00,-17.00,-4.00,-222.00,172.00,-100.00,-43.00,-13.00,-87.00,90.00,122.00,111.00,18.00,-57.00,89.00,-117.00,-112.00,-61.00,-105.00,-109.00,-2.00,-34.00,-117.00,-196.00,83.00,83.00,-161.00,58.00,120.00,80.00,66.00,102.00,128.00,28.00,13.00,-24.00,-37.00,49.00,-9.00,1.00,41.00,-11.00,20.00,-13.00,59.00,-131.00,59.00,58.00,-118.00,54.00,76.00,-142.00,68.00,21.00,92.00,-155.00,-4.00,74.00,17.00,-38.00,-14.00,-16.00,3.00,-22.00,5.00,0.00,-13.00,11.00,-5.00,18.00,-7.00,-49.00,82.00,-39.00,20.00,10.00,-2.00,53.00,-70.00,38.00,49.00,27.00,22.00,43.00,-79.00
-18.00,2.00,-6.00,7.00,7.00,-9.00,-45.00,43.00,48.00,-147.00,-1.00,32.00,15.00,-34.00,5.00,-72.00,-24.00,-78.00,22.00,100.00,-68.00,21.00,119.00,-175.00,-112.00,109.00,-4.00,40.00,-99.00,4.00,-63.00,-88.00,-40.00,58.00,-123.00,97.00,-86.00,79.00,79.00,148.00,58.00,14.00,-21.00,-21.00,-27.00,-1.00,-7.00,-6.00,-84.00,-5.00,-74.00,-56.00,-22.00,-81.00,-80.00,66.00,-27.00,-34.00,27.00,16.00,-7.00,-37.00,-35.00,-17.00,76.00,-17.00,-64.00,259.00,211.00,127.00,76.00,221.00,-121.00,229.00,-118.00,47.00,124.00,62.00,263.00,-111.00,-58.00,22.00,-82.00,73.00,-140.00,-136.00,34.00,38.00,-61.00,-122.00,58.00,-14.00,33.00,-79.00,-59.00,-91.00,41.00,17.00,3.00,-23.00,69.00,-173.00,36.00,-7.00,48.00,-56.00,-33.00,-55.00,120.00,-85.00,5.00,-101.00,260.00,-63.00,-37.00,2.00,1.00,-129.00,201.00,-80.00,186.00,91.00,-105.00,-13.00,-85.00,43.00,17.00,7.00,129.00,48.00,77.00,117.00,39.00,-31.00,49.00,-150.00,-107.00,-93.00,-60.00,-122.00,-140.00,-29.00,-79.00,-125.00,-62.00,127.00,-195.00,-112.00,62.00,192.00,47.00,23.00,59.00,60.00,26.00,15.00,-42.00,6.00,-22.00,25.00,-101.00,39.00,41.00,-98.00,36.00,54.00,-119.00,45.00,16.00,21.00,28.00,-234.00,168.00,28.00,73.00,10.00,81.00,1.00,65.00,-41.00,14.00,2.00,-24.00,-4.00,-27.00,31.00,1.00,-47.00,-3.00,-13.00,7.00,8.00,6.00,-71.00,23.00,-65.00,30.00,-19.00,40.00,-67.00
16.00,1.00,10.00,1.00,-11.00,7.00,-68.00,128.00,-38.00,-60.00,100.00,-81.00,31.00,-29.00,65.00,59.00,7.00,28.00,-154.00,147.00,-68.00,34.00,22.00,97.00,-128.00,15.00,78.00,130.00,-84.00,-139.00,47.00,147.00,63.00,16.00,-33.00,-95.00,75.00,-48.00,-41.00,-46.00,-29.00,-2.00,-52.00,13.00,32.00,-97.00,-10.00,-103.00,-100.00,-8.00,-48.00,-66.00,-102.00,167.00,-77.00,26.00,-42.00,24.00,-14.00,-17.00,38.00,61.00,-40.00,-45.00,-33.00,-85.00,-10.00,-136.00,92.00,73.00,-235.00,-157.00,-107.00,-258.00,104.00,131.00,-117.00,70.00,-100.00,20.00,37.00,8.00,31.00,27.00,27.00,-92.00,-51.00,127.00,-94.00,-40.00,-39.00,56.00,-103.00,116.00,302.00,-88.00,-54.00,-39.00,29.00,24.00,51.00,-20.00,9.00,-70.00,-42.00,97.00,15.00,43.00,99.00,-93.00,10.00,4.00,-82.00,-12.00,-4.00,6.00,36.00,-11.00,59.00,111.00,-77.00,22.00,63.00,-72.00,-43.00,28.00,17.00,-25.00,53.00,-4.00,-63.00,42.00,32.00,38.00,99.00,104.00,88.00,119.00,9.00,13.00,135.00,-177.00,-83.00,-9.00,-32.00,-141.00,-3.00,-34.00,-78.00,-196.00,86.00,14.00,24.00,-7.00,76.00,143.00,92.00,27.00,118.00,131.00,-33.00,53.00,49.00,-136.00,43.00,75.00,-141.00,65.00,18.00,-21.00,116.00,-162.00,11.00,76.00,-32.00,-33.00,41.00,10.00,-30.00,0.00,63.00,54.00,8.00,40.00,48.00,35.00,-4.00,54.00,-12.00,-9.00,19.00,-21.00,69.00,-70.00,27.00,53.00,10.00,-21.00,1.00,-41.00
8.00,-6.00,-4.00,-3.00,9.00,3.00,-83.00,159.00,-116.00,121.00,24.00,7.00,-14.00,8.00,-18.00,-62.00,64.00,-107.00,54.00,-4.00,35.00,4.00,23.00,66.00,113.00,78.00,-21.00,-14.00,-153.00,218.00,-197.00,57.00,-51.00,1.00,-35.00,-43.00,50.00,-15.00,2.00,-1.00,9.00,-19.00,105.00,-144.00,125.00,310.00,-123.00,328.00,250.00,219.00,265.00,184.00,302.00,81.00,235.00,-95.00,37.00,77.00,-2.00,47.00,-98.00,-18.00,18.00,71.00,5.00,6.00,53.00,-140.00,57.00,-63.00,144.00,27.00,60.00,73.00,70.00,-33.00,148.00,76.00,92.00,-46.00,-86.00,-55.00,-23.00,-126.00,180.00,214.00,-101.00,-74.00,233.00,170.00,-138.00,37.00,-20.00,61.00,-248.00,116.00,-54.00,-70.00,28.00,48.00,-34.00,5.00,-29.00,80.00,41.00,-85.00,-22.00,-58.00,39.00,-70.00,1.00,-99.00,9.00,-25.00,-4.00,-7.00,2.00,-9.00,-44.00,-87.00,84.00,60.00,145.00,-76.00,26.00,55.00,0.00,0.00,2.00,50.00,-134.00,71.00,17.00,-30.00,6.00,-16.00,3.00,5.00,19.00,111.00,-66.00,172.00,181.00,-189.00,-144.00,188.00,-154.00,-58.00,-48.00,-45.00,-111.00,-82.00,-34.00,-93.00,-101.00,-160.00,44.00,29.00,-199.00,-38.00,105.00,132.00,155.00,-97.00,110.00,115.00,-130.00,118.00,20.00,-29.00,59.00,-140.00,64.00,-51.00,-38.00,-36.00,-68.00,-112.00,144.00,57.00,10.00,18.00,55.00,46.00,16.00,-58.00,-22.00,46.00,93.00,1.00,43.00,22.00,69.00,-61.00,64.00,11.00,-60.00,19.00,58.00,-77.00
-15.00,2.00,12.00,-20.00,-9.00,-8.00,-61.00,101.00,-72.00,22.00,30.00,55.00,21.00,-15.00,6.00,21.00,-84.00,-44.00,13.00,-132.00,-58.00,105.00,-13.00,-124.00,-11.00,-122.00,35.00,148.00,31.00,-208.00,219.00,-179.00,117.00,45.00,-45.00,-48.00,63.00,0.00,-8.00,-36.00,-76.00,-96.00,-30.00,-19.00,-105.00,81.00,-12.00,-115.00,-153.00,-109.00,-174.00,-139.00,-172.00,-81.00,-50.00,-4.00,18.00,-37.00,47.00,-35.00,101.00,19.00,1.00,-13.00,-2.00,6.00,-2.00,-25.00,21.00,-79.00,32.00,-36.00,50.00,65.00,-16.00,89.00,-169.00,-28.00,-100.00,-158.00,297.00,4.00,-36.00,-103.00,187.00,-131.00,-28.00,-94.00,135.00,-142.00,-75.00,44.00,-49.00,73.00,165.00,-30.00,-61.00,-28.00,116.00,19.00,-47.00,-42.00,-1.00,-50.00,29.00,108.00,-83.00,80.00,91.00,-93.00,-109.00,265.00,-142.00,79.00,2.00,-8.00,8.00,-28.00,-9.00,-9.00,-58.00,-38.00,-110.00,65.00,-90.00,73.00,68.00,48.00,35.00,51.00,-131.00,-16.00,63.00,-52.00,111.00,-50.00,113.00,-24.00,-36.00,39.00,-59.00,-25.00,2.00,72.00,129.00,-28.00,115.00,52.00,40.00,-86.00,113.00,-165.00,-21.00,-63.00,-61.00,-31.00,-85.00,-56.00,10.00,-42.00,-87.00,-131.00,-21.00,112.00,-34.00,93.00,-21.00,-38.00,152.00,17.00,21.00,50.00,-6.00,-14.00,3.00,9.00,8.00,6.00,-59.00,-63.00,-50.00,-67.00,-66.00,-84.00,-95.00,136.00,35.00,37.00,-9.00,26.00,39.00,13.00,-50.00,-19.00,-8.00,6.00,22.00,-15.00,84.00,-74.00
6.00,10.00,9.00,-8.00,0.00,13.00,-15.00,-22.00,-66.00,96.00,-19.00,-165.00,-153.00,57.00,22.00,-76.00,195.00,10.00,42.00,-50.00,114.00,-56.00,-19.00,23.00,-74.00,96.00,-14.00,-16.00,-195.00,246.00,-212.00,146.00,-203.00,150.00,-56.00,-26.00,46.00,-22.00,-63.00,68.00,153.00,133.00,197.00,-169.00,17.00,-144.00,22.00,-88.00,1.00,-7.00,-33.00,-1.00,16.00,1.00,-80.00,9.00,-62.00,-20.00,-28.00,4.00,-23.00,-97.00,62.00,17.00,-8.00,-50.00,-30.00,3.00,28.00,44.00,-157.00,34.00,28.00,-60.00,21.00,162.00,-80.00,-91.00,54.00,29.00,-104.00,126.00,-56.00,-15.00,-131.00,160.00,-73.00,-13.00,-140.00,237.00,-142.00,35.00,-34.00,48.00,87.00,22.00,-30.00,36.00,-27.00,-43.00,-30.00,78.00,59.00,-25.00,-42.00,-66.00,119.00,-44.00,81.00,-100.00,-47.00,281.00,-120.00,-52.00,-140.00,72.00,-88.00,126.00,-14.00,-17.00,-23.00,-28.00,3.00,-7.00,-84.00,101.00,7.00,-26.00,160.00,137.00,-218.00,136.00,79.00,-18.00,3.00,-47.00,4.00,37.00,-130.00,58.00,33.00,16.00,10.00,-22.00,-15.00,12.00,51.00,-124.00,94.00,83.00,45.00,139.00,-70.00,104.00,-7.00,40.00,-58.00,-107.00,-73.00,-72.00,-62.00,-59.00,-34.00,-77.00,-52.00,-58.00,-52.00,-78.00,25.00,-3.00,142.00,-154.00,141.00,-55.00,-24.00,-47.00,-58.00,-42.00,0.00,8.00,-15.00,18.00,-12.00,11.00,9.00,-65.00,-41.00,-60.00,-63.00,-60.00,-102.00,-35.00,138.00,53.00,39.00,52.00,58.00,49.00,5.00,-21.00
-7.00,-9.00,-8.00,-10.00,21.00,-9.00,-63.00,76.00,2.00,35.00,47.00,10.00,326.00,-140.00,-82.00,180.00,-130.00,91.00,-159.00,30.00,-34.00,71.00,12.00,-32.00,131.00,31.00,97.00,-55.00,158.00,-225.00,237.00,-222.00,260.00,-177.00,-12.00,-20.00,46.00,-50.00,190.00,-154.00,-10.00,-60.00,-66.00,35.00,88.00,81.00,47.00,39.00,58.00,61.00,85.00,-60.00,-35.00,-31.00,-10.00,-52.00,38.00,-39.00,-36.00,-39.00,-22.00,-2.00,-47.00,-153.00,55.00,-7.00,17.00,-24.00,25.00,-36.00,-2.00,-17.00,-66.00,-131.00,59.00,94.00,-83.00,-78.00,37.00,10.00,-160.00,181.00,-47.00,-103.00,74.00,92.00,-133.00,-132.00,167.00,19.00,-191.00,135.00,40.00,-168.00,-4.00,15.00,-209.00,-21.00,79.00,-85.00,98.00,-115.00,16.00,4.00,66.00,-40.00,0.00,-36.00,101.00,-112.00,-25.00,99.00,-130.00,106.00,231.00,-44.00,-11.00,-50.00,-39.00,90.00,-67.00,-52.00,-51.00,38.00,-140.00,-91.00,-118.00,-71.00,-167.00,71.00,77.00,-81.00,112.00,70.00,178.00,47.00,45.00,32.00,-123.00,22.00,74.00,-85.00,90.00,-51.00,-26.00,20.00,72.00,-128.00,84.00,-36.00,6.00,37.00,-101.00,33.00,45.00,69.00,105.00,36.00,27.00,50.00,6.00,12.00,-181.00,-94.00,-59.00,-59.00,-18.00,-45.00,-72.00,-36.00,-37.00,-172.00,173.00,-42.00,15.00,14.00,25.00,67.00,-130.00,-31.00,-30.00,-5.00,-60.00,-37.00,19.00,0.00,-8.00,-2.00,6.00,17.00,-3.00,-25.00,-67.00,-38.00,-68.00,-58.00,-82.00,-110.00,41.00,96.00
-36.00,-28.00,9.00,-34.00,-58.00,-18.00,-64.00,28.00,4.00,-42.00,163.00,-66.00,-87.00,-17.00,51.00,-8.00,-252.00,24.00,64.00,52.00,3.00,49.00,-122.00,64.00,-46.00,-65.00,-22.00,-30.00,-182.00,213.00,-216.00,235.00,-242.00,254.00,-80.00,-8.00,35.00,-50.00,55.00,-44.00,13.00,-17.00,9.00,-8.00,-89.00,-73.00,-81.00,-66.00,-69.00,-58.00,-139.00,-63.00,31.00,41.00,-23.00,44.00,-4.00,15.00,11.00,17.00,3.00,-38.00,-29.00,119.00,27.00,81.00,-47.00,92.00,-165.00,148.00,67.00,78.00,110.00,76.00,120.00,-103.00,2.00,89.00,-61.00,-76.00,-60.00,-29.00,-69.00,107.00,-56.00,106.00,0.00,51.00,-4.00,-4.00,80.00,-104.00,38.00,-38.00,62.00,-19.00,72.00,47.00,-22.00,18.00,27.00,18.00,-18.00,-71.00,-56.00,22.00,-34.00,51.00,105.00,-109.00,-19.00,97.00,-68.00,-51.00,-185.00,59.00,-36.00,4.00,-57.00,-5.00,186.00,109.00,30.00,-158.00,286.00,-63.00,92.00,-159.00,-112.00,-125.00,-68.00,-78.00,-77.00,-117.00,-66.00,-49.00,112.00,218.00,-212.00,198.00,129.00,-18.00,5.00,86.00,-42.00,16.00,80.00,-127.00,63.00,16.00,24.00,63.00,-84.00,8.00,21.00,-29.00,1.00,64.00,39.00,-42.00,97.00,67.00,110.00,133.00,-43.00,-50.00,6.00,-61.00,-147.00,46.00,-73.00,-172.00,167.00,-156.00,98.00,11.00,27.00,28.00,40.00,-42.00,26.00,-140.00,80.00,96.00,-160.00,-53.00,-31.00,-54.00,-54.00,-42.00,-3.00,-1.00,-24.00,11.00,2.00,3.00,0.00,20.00,-59.00,-19.00
29.00,74.00,-107.00,25.00,102.00,-78.00,71.00,-125.00,-2.00,33.00,-168.00,55.00,-3.00,17.00,-17.00,-73.00,393.00,-94.00,81.00,-236.00,75.00,29.00,-22.00,-7.00,14.00,-35.00,93.00,-122.00,201.00,-205.00,179.00,-204.00,221.00,-171.00,-20.00,-3.00,33.00,-7.00,-85.00,-70.00,43.00,11.00,8.00,-64.00,98.00,11.00,36.00,15.00,-14.00,14.00,140.00,65.00,50.00,13.00,59.00,-51.00,73.00,21.00,27.00,32.00,37.00,50.00,38.00,-1.00,11.00,-29.00,27.00,52.00,-79.00,-59.00,0.00,-129.00,-196.00,-183.00,-196.00,-147.00,-142.00,-206.00,47.00,63.00,221.00,-196.00,-55.00,120.00,25.00,105.00,-50.00,-20.00,-34.00,9.00,1.00,-83.00,-55.00,46.00,-18.00,15.00,0.00,-16.00,-7.00,32.00,22.00,-15.00,31.00,50.00,19.00,-4.00,-92.00,-78.00,63.00,-94.00,-39.00,178.00,-103.00,30.00,229.00,-12.00,-22.00,2.00,-36.00,-8.00,94.00,-182.00,17.00,-75.00,-17.00,-19.00,85.00,110.00,164.00,-36.00,115.00,-200.00,-20.00,-71.00,-101.00,-54.00,-118.00,-180.00,248.00,-241.00,44.00,161.00,86.00,-143.00,31.00,-4.00,49.00,-89.00,62.00,14.00,-78.00,66.00,-41.00,7.00,-8.00,7.00,8.00,-25.00,7.00,-20.00,12.00,13.00,-25.00,105.00,32.00,71.00,104.00,64.00,178.00,-251.00,104.00,122.00,82.00,-172.00,119.00,-7.00,8.00,-12.00,70.00,67.00,53.00,40.00,8.00,-7.00,81.00,-44.00,66.00,7.00,21.00,115.00,-155.00,-29.00,-31.00,-39.00,-40.00,-20.00,-15.00,-7.00,-36.00,43.00
-42.00,-9.00,13.00,101.00,-53.00,123.00,-20.00,37.00,-21.00,-41.00,-15.00,61.00,-120.00,-18.00,57.00,16.00,-93.00,-28.00,12.00,44.00,12.00,37.00,-46.00,-38.00,-25.00,54.00,180.00,-89.00,-164.00,197.00,-178.00,204.00,-189.00,208.00,-75.00,2.00,42.00,-134.00,438.00,-161.00,24.00,4.00,0.00,-94.00,103.00,-57.00,26.00,25.00,41.00,14.00,-6.00,-4.00,-30.00,-10.00,48.00,-73.00,-5.00,-4.00,19.00,18.00,-46.00,-11.00,8.00,-21.00,-18.00,18.00,13.00,3.00,46.00,60.00,-120.00,57.00,303.00,164.00,164.00,198.00,223.00,293.00,-48.00,140.00,51.00,174.00,-91.00,-36.00,-24.00,-160.00,97.00,211.00,21.00,72.00,-59.00,110.00,9.00,102.00,-98.00,98.00,-76.00,-20.00,63.00,19.00,-151.00,120.00,-49.00,-28.00,3.00,-26.00,58.00,68.00,197.00,-135.00,-17.00,58.00,-139.00,-119.00,-204.00,134.00,-43.00,6.00,-40.00,10.00,48.00,90.00,-59.00,135.00,40.00,38.00,-27.00,-24.00,-43.00,-18.00,-28.00,241.00,-5.00,-16.00,116.00,-173.00,-35.00,-73.00,-130.00,-17.00,-88.00,-191.00,100.00,74.00,6.00,154.00,75.00,68.00,-19.00,60.00,-17.00,54.00,-47.00,70.00,-30.00,39.00,-3.00,2.00,-5.00,7.00,-5.00,3.00,-3.00,-10.00,-15.00,18.00,3.00,3.00,99.00,-133.00,139.00,-3.00,73.00,-175.00,99.00,-37.00,5.00,-17.00,-21.00,-19.00,-34.00,15.00,23.00,-29.00,22.00,48.00,9.00,64.00,19.00,-7.00,86.00,11.00,79.00,118.00,-47.00,138.00,-127.00,-33.00,-34.00,-38.00
50.00,82.00,-51.00,-48.00,-13.00,-17.00,23.00,-5.00,-10.00,47.00,236.00,6.00,209.00,-32.00,-163.00,48.00,-3.00,46.00,22.00,-205.00,82.00,-67.00,14.00,117.00,27.00,-31.00,-20.00,-77.00,169.00,-151.00,126.00,-156.00,117.00,-70.00,-29.00,-9.00,39.00,-6.00,-155.00,-56.00,24.00,1.00,-34.00,-3.00,152.00,38.00,23.00,-33.00,-29.00,47.00,46.00,67.00,48.00,16.00,38.00,-4.00,10.00,-139.00,-68.00,92.00,55.00,13.00,-69.00,20.00,18.00,-40.00,12.00,3.00,7.00,13.00,112.00,-232.00,-118.00,169.00,94.00,-25.00,-99.00,-86.00,-28.00,-59.00,-56.00,-82.00,-47.00,-16.00,-59.00,-30.00,-3.00,-198.00,-76.00,-24.00,225.00,-50.00,11.00,132.00,-31.00,-70.00,34.00,-16.00,52.00,-86.00,-4.00,-14.00,36.00,-18.00,17.00,70.00,62.00,-104.00,-8.00,-79.00,-43.00,137.00,-43.00,163.00,192.00,-45.00,-27.00,-4.00,-62.00,33.00,-22.00,81.00,-95.00,-223.00,131.00,-10.00,13.00,-3.00,65.00,59.00,-17.00,-13.00,-79.00,120.00,7.00,161.00,60.00,-2.00,145.00,-170.00,-120.00,-33.00,-145.00,-65.00,-76.00,-179.00,122.00,-184.00,107.00,66.00,74.00,1.00,122.00,-79.00,6.00,-9.00,3.00,22.00,15.00,4.00,-15.00,-8.00,-10.00,74.00,12.00,-11.00,8.00,23.00,14.00,83.00,-179.00,70.00,99.00,-175.00,83.00,43.00,32.00,18.00,43.00,-9.00,27.00,0.00,9.00,23.00,12.00,-12.00,-11.00,8.00,-39.00,44.00,-10.00,13.00,-34.00,-46.00,-33.00,-60.00,140.00,60.00,34.00,53.00
10.00,-56.00,-4.00,0.00,30.00,-27.00,-1.00,-5.00,-56.00,90.00,-213.00,-134.00,-205.00,225.00,-11.00,8.00,7.00,-7.00,-1.00,57.00,-52.00,56.00,22.00,-79.00,-51.00,-9.00,97.00,-100.00,-134.00,97.00,-109.00,168.00,-59.00,-32.00,-3.00,-7.00,37.00,-117.00,383.00,-142.00,29.00,-10.00,36.00,-124.00,-76.00,79.00,-55.00,118.00,171.00,-103.00,-86.00,-9.00,-115.00,59.00,-5.00,24.00,8.00,46.00,32.00,-60.00,-22.00,90.00,58.00,29.00,-17.00,-9.00,3.00,23.00,-34.00,-5.00,-16.00,62.00,60.00,-266.00,-73.00,7.00,15.00,20.00,14.00,16.00,1.00,29.00,32.00,29.00,31.00,74.00,-64.00,-16.00,-26.00,-31.00,-236.00,60.00,68.00,-40.00,7.00,169.00,55.00,68.00,-52.00,81.00,-64.00,-1.00,20.00,47.00,-52.00,68.00,-69.00,38.00,50.00,-84.00,-47.00,65.00,48.00,-86.00,-175.00,56.00,-19.00,-20.00,-16.00,-51.00,106.00,62.00,-94.00,137.00,31.00,34.00,5.00,21.00,-19.00,-12.00,-6.00,94.00,-121.00,106.00,-86.00,30.00,-42.00,9.00,-58.00,123.00,167.00,-86.00,140.00,-141.00,-93.00,-52.00,-111.00,-24.00,-88.00,-155.00,88.00,-3.00,-11.00,92.00,93.00,82.00,71.00,52.00,-34.00,-8.00,11.00,44.00,7.00,-81.00,-51.00,-36.00,45.00,-83.00,33.00,88.00,-260.00,69.00,94.00,-192.00,141.00,-38.00,-39.00,28.00,-50.00,28.00,-27.00,6.00,12.00,-18.00,1.00,-25.00,39.00,26.00,-51.00,19.00,13.00,-2.00,-12.00,-61.00,159.00,91.00,-177.00,38.00,-3.00,6.00
-99.00,63.00,38.00,-46.00,1.00,31.00,24.00,40.00,51.00,4.00,-90.00,-1.00,94.00,33.00,-4.00,-67.00,5.00,59.00,41.00,-13.00,-27.00,13.00,-27.00,76.00,24.00,118.00,7.00,-73.00,191.00,-189.00,44.00,-70.00,-57.00,107.00,-54.00,6.00,-1.00,-26.00,-91.00,-56.00,21.00,19.00,9.00,37.00,75.00,-195.00,132.00,-99.00,-81.00,-14.00,28.00,-25.00,3.00,17.00,-43.00,-2.00,10.00,7.00,43.00,-48.00,-128.00,-79.00,-19.00,14.00,28.00,23.00,-23.00,-10.00,54.00,23.00,40.00,31.00,34.00,146.00,-87.00,-124.00,60.00,14.00,14.00,-37.00,55.00,73.00,-15.00,-9.00,-3.00,-8.00,27.00,32.00,21.00,-11.00,15.00,-48.00,-30.00,-47.00,-26.00,-78.00,-209.00,20.00,-12.00,-45.00,112.00,-78.00,144.00,25.00,-57.00,67.00,-56.00,38.00,27.00,-74.00,-26.00,141.00,38.00,149.00,-8.00,-112.00,-57.00,18.00,-33.00,-26.00,86.00,65.00,-88.00,-200.00,60.00,37.00,84.00,51.00,67.00,-6.00,-13.00,53.00,-124.00,143.00,-98.00,117.00,-128.00,125.00,-10.00,25.00,21.00,123.00,-117.00,123.00,186.00,-92.00,86.00,-113.00,-62.00,-66.00,-137.00,-62.00,-55.00,-95.00,-107.00,139.00,-168.00,45.00,180.00,21.00,107.00,-26.00,46.00,55.00,5.00,24.00,-3.00,45.00,22.00,83.00,-233.00,160.00,94.00,-196.00,123.00,-30.00,26.00,0.00,20.00,16.00,-21.00,36.00,24.00,-23.00,4.00,20.00,-6.00,94.00,-88.00,66.00,32.00,104.00,-49.00,-31.00,-31.00,-25.00,-5.00,-4.00,-1.00,4.00
163.00,-107.00,-51.00,65.00,-32.00,60.00,-110.00,30.00,-60.00,34.00,136.00,-237.00,84.00,-134.00,-12.00,158.00,107.00,-263.00,60.00,21.00,5.00,-21.00,50.00,-156.00,86.00,-1.00,70.00,-77.00,-166.00,374.00,-110.00,25.00,97.00,-145.00,-19.00,-25.00,85.00,40.00,166.00,-96.00,34.00,-1.00,-38.00,5.00,7.00,-54.00,-18.00,-27.00,-2.00,34.00,-22.00,19.00,-89.00,-22.00,90.00,44.00,43.00,6.00,-19.00,36.00,62.00,86.00,-151.00,-30.00,-15.00,83.00,43.00,3.00,6.00,-28.00,-28.00,-26.00,-19.00,-20.00,54.00,60.00,-89.00,-68.00,-67.00,-60.00,32.00,-181.00,123.00,46.00,56.00,64.00,50.00,45.00,80.00,173.00,-80.00,30.00,4.00,-7.00,12.00,15.00,1.00,-216.00,178.00,81.00,-63.00,14.00,-106.00,-89.00,150.00,-131.00,74.00,-54.00,44.00,-80.00,-7.00,-53.00,-99.00,131.00,2.00,78.00,134.00,-113.00,-106.00,-77.00,-137.00,-61.00,65.00,206.00,-148.00,-98.00,-158.00,67.00,-40.00,129.00,60.00,185.00,-153.00,134.00,-152.00,122.00,-123.00,36.00,9.00,4.00,19.00,50.00,-86.00,21.00,-1.00,105.00,-40.00,55.00,57.00,-15.00,107.00,-183.00,-74.00,-71.00,-79.00,-87.00,-22.00,-85.00,-198.00,183.00,-216.00,11.00,144.00,59.00,27.00,36.00,38.00,-6.00,7.00,48.00,-13.00,-105.00,157.00,-193.00,113.00,12.00,0.00,0.00,18.00,53.00,-164.00,65.00,18.00,-44.00,2.00,21.00,-5.00,-48.00,36.00,-78.00,20.00,-154.00,40.00,-40.00,-18.00,-27.00,55.00,-10.00,2.00,-5.00
-5.00,86.00,-53.00,30.00,8.00,-54.00,57.00,2.00,15.00,-20.00,95.00,70.00,38.00,-168.00,60.00,-33.00,76.00,-213.00,110.00,-8.00,-32.00,67.00,48.00,-160.00,107.00,7.00,82.00,-87.00,21.00,-207.00,36.00,-18.00,-197.00,352.00,-107.00,-9.00,47.00,-60.00,-56.00,-40.00,33.00,-11.00,-9.00,51.00,16.00,-67.00,150.00,-23.00,-2.00,-6.00,-8.00,24.00,-123.00,12.00,-38.00,-70.00,-81.00,39.00,16.00,19.00,-14.00,-8.00,76.00,-12.00,-51.00,-92.00,-24.00,-65.00,-31.00,-1.00,11.00,0.00,-9.00,-43.00,-36.00,154.00,-2.00,86.00,50.00,149.00,-44.00,39.00,-41.00,-16.00,-59.00,-42.00,-55.00,-183.00,-54.00,-191.00,-57.00,-128.00,-60.00,-4.00,-68.00,-113.00,-37.00,218.00,-29.00,-185.00,70.00,53.00,-23.00,-2.00,45.00,3.00,10.00,-24.00,148.00,-113.00,39.00,-96.00,198.00,-72.00,-43.00,-63.00,-13.00,50.00,181.00,-11.00,56.00,137.00,-70.00,79.00,39.00,-135.00,-114.00,-109.00,-68.00,-170.00,146.00,-235.00,138.00,181.00,-179.00,175.00,-89.00,-5.00,10.00,11.00,-38.00,51.00,-68.00,-26.00,30.00,22.00,14.00,62.00,21.00,56.00,42.00,119.00,29.00,10.00,69.00,-159.00,-102.00,-43.00,-74.00,-81.00,-2.00,-73.00,-193.00,113.00,31.00,27.00,0.00,112.00,56.00,45.00,75.00,-237.00,194.00,-197.00,125.00,0.00,0.00,12.00,-29.00,62.00,-148.00,62.00,0.00,19.00,23.00,14.00,-35.00,30.00,-82.00,101.00,-118.00,-3.00,64.00,-61.00,126.00,-10.00,81.00,-31.00,3.00,2.00
51.00,-103.00,27.00,-5.00,-19.00,29.00,21.00,49.00,80.00,47.00,16.00,-73.00,57.00,24.00,12.00,-22.00,0.00,123.00,-112.00,80.00,-4.00,8.00,35.00,31.00,25.00,-7.00,77.00,-110.00,-89.00,326.00,-70.00,-98.00,302.00,-250.00,-21.00,7.00,-15.00,23.00,-9.00,-35.00,29.00,-29.00,23.00,12.00,24.00,-16.00,37.00,-11.00,-7.00,-1.00,0.00,1.00,-22.00,283.00,-206.00,140.00,6.00,20.00,-38.00,-10.00,11.00,37.00,36.00,76.00,72.00,137.00,-160.00,225.00,-205.00,201.00,-5.00,-52.00,9.00,24.00,-18.00,-47.00,-29.00,-105.00,-114.00,-187.00,-87.00,-130.00,-146.00,-6.00,-143.00,-165.00,-148.00,413.00,-271.00,268.00,140.00,175.00,57.00,-131.00,128.00,141.00,94.00,-67.00,-48.00,113.00,108.00,-111.00,32.00,65.00,-85.00,98.00,-66.00,-60.00,108.00,-96.00,13.00,17.00,-84.00,-1.00,-12.00,35.00,-19.00,-11.00,-16.00,-22.00,157.00,37.00,-62.00,-96.00,27.00,94.00,165.00,24.00,-132.00,-128.00,-109.00,-57.00,-76.00,-110.00,130.00,37.00,9.00,94.00,192.00,-25.00,9.00,68.00,-62.00,-34.00,29.00,-4.00,17.00,-7.00,-2.00,-38.00,8.00,9.00,75.00,32.00,38.00,109.00,116.00,-32.00,123.00,-155.00,-90.00,-34.00,-74.00,-69.00,-77.00,-84.00,-131.00,5.00,-31.00,15.00,96.00,-234.00,351.00,-208.00,154.00,91.00,43.00,18.00,0.00,24.00,-33.00,29.00,1.00,-4.00,14.00,18.00,-57.00,46.00,-58.00,20.00,52.00,27.00,44.00,-93.00,-9.00,-13.00,-54.00,4.00,-12.00,3.00
-23.00,12.00,31.00,27.00,14.00,32.00,2.00,-108.00,-67.00,-97.00,-20.00,-6.00,-167.00,93.00,-105.00,46.00,-45.00,74.00,-119.00,-83.00,88.00,-30.00,103.00,-289.00,195.00,-101.00,27.00,47.00,-65.00,-166.00,28.00,38.00,-260.00,342.00,-112.00,3.00,65.00,7.00,-27.00,-33.00,35.00,-18.00,101.00,-204.00,65.00,35.00,-96.00,17.00,-4.00,4.00,-3.00,-31.00,42.00,103.00,-106.00,53.00,-146.00,89.00,99.00,42.00,33.00,-103.00,-10.00,-50.00,-38.00,-35.00,26.00,-47.00,0.00,-105.00,-98.00,3.00,-104.00,1.00,-74.00,-70.00,-133.00,128.00,77.00,241.00,112.00,107.00,357.00,-265.00,353.00,179.00,241.00,73.00,-181.00,160.00,36.00,44.00,143.00,-134.00,33.00,-17.00,-164.00,-172.00,66.00,144.00,-51.00,-100.00,-117.00,64.00,-37.00,4.00,-89.00,8.00,62.00,-98.00,14.00,-118.00,9.00,-20.00,14.00,1.00,-13.00,-45.00,151.00,15.00,-37.00,-55.00,41.00,-102.00,-14.00,80.00,-51.00,28.00,100.00,187.00,-33.00,9.00,-97.00,-86.00,-120.00,-68.00,-131.00,122.00,-274.00,243.00,36.00,99.00,7.00,-82.00,34.00,5.00,-6.00,-6.00,10.00,21.00,6.00,-35.00,-28.00,-20.00,-8.00,12.00,48.00,31.00,60.00,37.00,153.00,-140.00,141.00,-174.00,-95.00,-57.00,-79.00,-42.00,-138.00,160.00,-114.00,65.00,-31.00,7.00,-109.00,-51.00,-41.00,115.00,-33.00,155.00,12.00,25.00,0.00,1.00,34.00,-8.00,48.00,-48.00,-37.00,-27.00,-3.00,-5.00,4.00,25.00,29.00,9.00,25.00,-40.00,41.00,-58.00
103.00,57.00,-16.00,16.00,6.00,-48.00,-81.00,29.00,-17.00,68.00,18.00,65.00,80.00,-26.00,16.00,9.00,20.00,-18.00,123.00,-175.00,-15.00,96.00,-35.00,119.00,-157.00,-27.00,163.00,-99.00,56.00,184.00,-72.00,-137.00,333.00,-240.00,-36.00,33.00,-33.00,48.00,-41.00,-34.00,30.00,-43.00,84.00,175.00,-192.00,77.00,-2.00,9.00,0.00,-4.00,2.00,-9.00,-34.00,-87.00,-96.00,118.00,-105.00,-103.00,-37.00,-53.00,-121.00,-50.00,-126.00,-6.00,-129.00,-140.00,-131.00,-30.00,-67.00,121.00,31.00,39.00,164.00,-196.00,172.00,70.00,53.00,63.00,-65.00,100.00,50.00,48.00,117.00,-229.00,3.00,-165.00,-108.00,-272.00,27.00,-217.00,-202.00,-173.00,-202.00,-28.00,104.00,-25.00,71.00,169.00,-80.00,-102.00,87.00,93.00,201.00,105.00,33.00,215.00,-24.00,-64.00,210.00,-133.00,-134.00,386.00,-160.00,-97.00,-65.00,0.00,5.00,-5.00,-88.00,-29.00,117.00,32.00,33.00,35.00,-6.00,141.00,-117.00,48.00,-15.00,-44.00,73.00,56.00,65.00,-7.00,95.00,-159.00,-47.00,-116.00,-8.00,-210.00,100.00,10.00,77.00,-28.00,120.00,175.00,-47.00,3.00,0.00,0.00,16.00,5.00,41.00,18.00,6.00,49.00,-74.00,-44.00,-5.00,13.00,14.00,62.00,49.00,90.00,140.00,-55.00,83.00,-128.00,-75.00,-96.00,-42.00,-43.00,-30.00,-23.00,35.00,-127.00,120.00,13.00,-54.00,-164.00,-1.00,51.00,129.00,68.00,-24.00,44.00,29.00,37.00,-121.00,205.00,-126.00,22.00,-1.00,-19.00,13.00,-6.00,-5.00,-4.00,5.00,31.00
52.00,-169.00,-12.00,-23.00,45.00,-7.00,75.00,69.00,-80.00,166.00,-8.00,-73.00,65.00,-70.00,-30.00,-17.00,-29.00,13.00,24.00,32.00,13.00,-3.00,14.00,-12.00,103.00,-85.00,-171.00,148.00,-86.00,-120.00,42.00,125.00,-287.00,306.00,-115.00,38.00,54.00,-5.00,-19.00,-32.00,40.00,-3.00,-107.00,-74.00,67.00,-34.00,-66.00,27.00,3.00,1.00,-8.00,-20.00,-43.00,418.00,-186.00,16.00,99.00,-48.00,60.00,-41.00,155.00,112.00,287.00,-243.00,289.00,234.00,145.00,213.00,-142.00,43.00,133.00,93.00,179.00,-217.00,195.00,4.00,-69.00,-125.00,-89.00,-207.00,-217.00,-167.00,-217.00,-51.00,119.00,156.00,104.00,329.00,-253.00,282.00,172.00,151.00,310.00,-221.00,152.00,94.00,127.00,-267.00,90.00,160.00,-24.00,-81.00,-163.00,-115.00,-138.00,-122.00,31.00,14.00,165.00,-121.00,69.00,-136.00,60.00,91.00,138.00,-119.00,-52.00,-16.00,-10.00,-32.00,-39.00,-62.00,80.00,-174.00,51.00,10.00,123.00,-28.00,-52.00,20.00,-23.00,16.00,-34.00,66.00,-19.00,160.00,-24.00,34.00,-161.00,-56.00,-123.00,-67.00,-85.00,-35.00,-49.00,-141.00,187.00,33.00,106.00,7.00,43.00,-5.00,41.00,-107.00,36.00,16.00,39.00,6.00,6.00,15.00,-5.00,39.00,-42.00,-5.00,-7.00,76.00,94.00,73.00,158.00,-237.00,122.00,48.00,-103.00,-11.00,22.00,-1.00,-40.00,-67.00,18.00,-89.00,119.00,90.00,-271.00,89.00,-12.00,-38.00,93.00,8.00,-117.00,44.00,124.00,-49.00,-20.00,-12.00,2.00,17.00,-6.00,-2.00,0.00,10.00
-37.00,51.00,72.00,-80.00,-41.00,135.00,-133.00,-27.00,14.00,-108.00,-7.00,-81.00,29.00,36.00,25.00,-56.00,74.00,-7.00,59.00,-39.00,-78.00,46.00,-6.00,-4.00,64.00,-32.00,202.00,5.00,-74.00,108.00,-69.00,-199.00,347.00,-163.00,-40.00,44.00,-41.00,46.00,-34.00,-38.00,27.00,-32.00,60.00,360.00,-104.00,45.00,-62.00,22.00,-1.00,-15.00,10.00,7.00,-11.00,-38.00,-76.00,39.00,77.00,-36.00,-12.00,-81.00,125.00,22.00,105.00,-146.00,110.00,4.00,-67.00,-74.00,-68.00,-100.00,-231.00,-218.00,-208.00,36.00,-279.00,-90.00,191.00,261.00,-174.00,272.00,218.00,74.00,391.00,-322.00,200.00,4.00,39.00,99.00,-144.00,144.00,-15.00,-123.00,-77.00,-19.00,-161.00,-122.00,-100.00,-81.00,30.00,-43.00,-116.00,1.00,36.00,20.00,144.00,39.00,-7.00,-110.00,-1.00,-91.00,-77.00,298.00,23.00,39.00,-37.00,45.00,80.00,2.00,-76.00,-92.00,10.00,-12.00,-17.00,-127.00,161.00,187.00,73.00,3.00,20.00,26.00,-41.00,-35.00,11.00,-32.00,36.00,-49.00,59.00,44.00,184.00,-26.00,47.00,-155.00,-89.00,-62.00,-43.00,-21.00,-194.00,183.00,-286.00,156.00,84.00,92.00,26.00,41.00,17.00,-64.00,48.00,-31.00,20.00,33.00,-22.00,-24.00,33.00,14.00,-18.00,15.00,-37.00,2.00,74.00,-66.00,124.00,-67.00,202.00,-86.00,-51.00,-49.00,3.00,-7.00,25.00,-4.00,-59.00,-61.00,-1.00,-101.00,6.00,82.00,9.00,117.00,-55.00,-30.00,78.00,76.00,-31.00,-20.00,71.00,-49.00,18.00,-3.00,-4.00,-5.00
-63.00,-58.00,50.00,20.00,160.00,-113.00,37.00,-50.00,45.00,-16.00,-30.00,6.00,86.00,-1.00,38.00,-48.00,-42.00,84.00,-85.00,-28.00,29.00,34.00,8.00,-4.00,-11.00,119.00,-124.00,-28.00,8.00,-66.00,-28.00,253.00,-239.00,11.00,-51.00,34.00,74.00,-5.00,-27.00,-34.00,31.00,50.00,-181.00,-72.00,55.00,24.00,-82.00,38.00,-6.00,2.00,17.00,-28.00,68.00,-234.00,-14.00,74.00,-149.00,-46.00,12.00,95.00,-137.00,-196.00,-178.00,1.00,-203.00,-261.00,-39.00,311.00,-260.00,269.00,196.00,197.00,353.00,-314.00,357.00,187.00,-18.00,129.00,-249.00,166.00,14.00,55.00,-41.00,-214.00,71.00,-265.00,-226.00,-223.00,-9.00,-222.00,-242.00,211.00,158.00,-191.00,227.00,29.00,-29.00,70.00,53.00,-30.00,56.00,14.00,67.00,15.00,-68.00,-114.00,10.00,51.00,68.00,-100.00,20.00,-111.00,-23.00,1.00,7.00,-140.00,18.00,-53.00,66.00,152.00,-93.00,-23.00,-26.00,-5.00,-160.00,38.00,-219.00,237.00,98.00,20.00,84.00,12.00,-64.00,86.00,-59.00,-8.00,21.00,-28.00,22.00,37.00,58.00,116.00,88.00,73.00,-131.00,-116.00,-38.00,-128.00,3.00,-165.00,154.00,-249.00,25.00,108.00,91.00,-47.00,49.00,-38.00,-2.00,18.00,19.00,18.00,-13.00,-14.00,43.00,24.00,-12.00,18.00,-7.00,18.00,61.00,-27.00,21.00,-94.00,167.00,43.00,-106.00,-22.00,-67.00,-14.00,12.00,-10.00,1.00,12.00,-30.00,-64.00,-66.00,-66.00,-85.00,139.00,89.00,-162.00,104.00,-9.00,17.00,37.00,58.00,91.00,-15.00,-37.00
176.00,236.00,-160.00,-93.00,-46.00,-11.00,-20.00,60.00,-34.00,83.00,-52.00,73.00,-9.00,-9.00,-2.00,6.00,78.00,-20.00,-12.00,-32.00,-49.00,13.00,29.00,-2.00,35.00,42.00,-135.00,5.00,17.00,-77.00,152.00,-283.00,297.00,-27.00,-51.00,43.00,-52.00,44.00,-39.00,-33.00,36.00,-41.00,153.00,-239.00,28.00,92.00,-94.00,31.00,-13.00,28.00,-15.00,-16.00,-48.00,514.00,-175.00,1.00,143.00,-107.00,54.00,-157.00,196.00,136.00,286.00,-256.00,331.00,255.00,21.00,142.00,-184.00,142.00,11.00,11.00,85.00,-163.00,-64.00,-146.00,-142.00,-242.00,14.00,-219.00,-206.00,-287.00,254.00,-183.00,236.00,179.00,191.00,323.00,-216.00,276.00,227.00,-5.00,129.00,-149.00,116.00,67.00,115.00,-372.00,91.00,16.00,30.00,-27.00,-21.00,-27.00,39.00,-29.00,82.00,-2.00,36.00,-102.00,11.00,-84.00,16.00,-13.00,-87.00,353.00,-42.00,0.00,66.00,44.00,-61.00,-13.00,30.00,-26.00,-117.00,-105.00,-34.00,-195.00,52.00,-25.00,152.00,92.00,85.00,-5.00,43.00,13.00,-33.00,12.00,-72.00,-21.00,-19.00,-45.00,132.00,-135.00,195.00,142.00,-9.00,-3.00,-138.00,-45.00,-143.00,2.00,-50.00,-145.00,84.00,-31.00,159.00,10.00,76.00,76.00,14.00,-4.00,13.00,12.00,55.00,-58.00,38.00,-25.00,7.00,70.00,-189.00,47.00,44.00,-132.00,67.00,58.00,28.00,-39.00,122.00,-19.00,-72.00,-3.00,-36.00,-37.00,6.00,-2.00,-3.00,-8.00,21.00,-81.00,-62.00,-9.00,-153.00,192.00,56.00,-65.00,-121.00,-37.00,14.00,99.00
-112.00,-119.00,-44.00,59.00,28.00,40.00,-5.00,94.00,-31.00,4.00,68.00,9.00,-18.00,-90.00,92.00,158.00,-75.00,-36.00,57.00,26.00,-56.00,-37.00,54.00,20.00,-171.00,53.00,126.00,-68.00,10.00,-58.00,79.00,228.00,-160.00,-87.00,-40.00,54.00,-44.00,83.00,-46.00,-36.00,31.00,-22.00,20.00,387.00,-163.00,71.00,-87.00,40.00,13.00,-12.00,3.00,30.00,-203.00,-101.00,-33.00,-4.00,104.00,-103.00,-26.00,208.00,-140.00,78.00,88.00,-100.00,64.00,-68.00,-97.00,-173.00,-5.00,-235.00,-193.00,-208.00,-223.00,-69.00,88.00,181.00,184.00,335.00,-303.00,324.00,238.00,125.00,240.00,-301.00,171.00,29.00,26.00,71.00,-114.00,-78.00,-120.00,-203.00,-184.00,-2.00,-141.00,-225.00,51.00,219.00,47.00,14.00,-60.00,19.00,9.00,-40.00,24.00,9.00,-40.00,45.00,131.00,-138.00,-24.00,19.00,87.00,0.00,-31.00,24.00,-318.00,133.00,-61.00,67.00,9.00,44.00,9.00,-237.00,290.00,-30.00,-170.00,-75.00,-122.00,-87.00,-105.00,-229.00,282.00,92.00,99.00,-51.00,11.00,22.00,-37.00,47.00,-47.00,12.00,-7.00,-80.00,19.00,-25.00,67.00,77.00,186.00,-104.00,114.00,-176.00,-49.00,-61.00,-80.00,-16.00,-190.00,166.00,-155.00,-36.00,93.00,96.00,32.00,-19.00,-66.00,4.00,24.00,23.00,-4.00,103.00,-220.00,49.00,90.00,-137.00,111.00,-59.00,8.00,-6.00,5.00,55.00,-4.00,-56.00,45.00,17.00,-78.00,13.00,-54.00,-27.00,7.00,-2.00,-9.00,-3.00,14.00,-75.00,-46.00,-9.00,-37.00,-28.00,104.00,50.00
-7.00,8.00,-33.00,119.00,22.00,25.00,-82.00,17.00,-50.00,-39.00,52.00,-46.00,-84.00,79.00,42.00,-224.00,-50.00,-32.00,-12.00,25.00,-65.00,13.00,10.00,23.00,41.00,-2.00,41.00,-82.00,-24.00,7.00,-38.00,-134.00,-20.00,271.00,-108.00,14.00,68.00,6.00,-22.00,-44.00,36.00,11.00,-141.00,-216.00,66.00,-13.00,-75.00,49.00,-13.00,-1.00,-7.00,-24.00,46.00,206.00,-76.00,53.00,-128.00,-57.00,28.00,122.00,-152.00,-177.00,-177.00,-45.00,-219.00,-171.00,206.00,249.00,-255.00,320.00,204.00,208.00,356.00,-263.00,240.00,-10.00,-107.00,176.00,-238.00,158.00,-58.00,-119.00,-203.00,-5.00,-221.00,-216.00,-206.00,-223.00,-123.00,245.00,175.00,116.00,231.00,-177.00,155.00,190.00,100.00,-258.00,129.00,-57.00,-57.00,150.00,-119.00,68.00,-72.00,22.00,16.00,-66.00,224.00,-165.00,-63.00,208.00,-96.00,-37.00,20.00,-13.00,97.00,58.00,-129.00,-56.00,41.00,130.00,63.00,42.00,1.00,74.00,101.00,112.00,10.00,-161.00,-48.00,-60.00,-181.00,-73.00,-78.00,308.00,37.00,141.00,48.00,11.00,77.00,112.00,19.00,-125.00,44.00,7.00,-19.00,21.00,-31.00,85.00,56.00,178.00,-154.00,127.00,-166.00,-11.00,-81.00,-72.00,-27.00,-67.00,-107.00,85.00,-163.00,233.00,44.00,125.00,15.00,-5.00,1.00,66.00,-133.00,28.00,45.00,-145.00,134.00,-16.00,6.00,52.00,-53.00,-27.00,54.00,47.00,27.00,49.00,53.00,-120.00,54.00,25.00,-43.00,-45.00,-56.00,-34.00,10.00,-7.00,-10.00,17.00,6.00,-14.00,-68.00,-80.00
61.00,-82.00,45.00,-120.00,-59.00,-28.00,35.00,-95.00,47.00,12.00,-64.00,-39.00,194.00,23.00,-3.00,104.00,-6.00,23.00,-32.00,-62.00,17.00,-56.00,29.00,25.00,-8.00,12.00,19.00,52.00,0.00,-63.00,-25.00,51.00,-64.00,-159.00,-39.00,42.00,-31.00,17.00,-30.00,-34.00,25.00,6.00,31.00,438.00,-113.00,66.00,-89.00,43.00,-5.00,15.00,2.00,-44.00,30.00,209.00,-17.00,-56.00,109.00,-105.00,-6.00,-132.00,213.00,131.00,248.00,-152.00,256.00,229.00,17.00,102.00,-167.00,126.00,-38.00,-5.00,27.00,-106.00,-95.00,-192.00,-188.00,-212.00,40.00,-230.00,-184.00,204.00,325.00,-302.00,321.00,201.00,208.00,343.00,-200.00,89.00,1.00,53.00,84.00,-115.00,16.00,-48.00,-152.00,-214.00,194.00,26.00,13.00,-86.00,114.00,-5.00,1.00,103.00,-68.00,14.00,62.00,-139.00,-78.00,57.00,76.00,-52.00,-32.00,-67.00,-2.00,-40.00,109.00,81.00,-14.00,-238.00,13.00,129.00,7.00,41.00,1.00,-1.00,44.00,157.00,-78.00,5.00,-155.00,-68.00,-54.00,-194.00,-69.00,-136.00,265.00,169.00,-14.00,-61.00,221.00,-192.00,165.00,-201.00,-23.00,-33.00,12.00,-56.00,-24.00,-11.00,96.00,40.00,144.00,-83.00,91.00,-76.00,-136.00,-25.00,-74.00,-54.00,-26.00,-205.00,171.00,-253.00,88.00,113.00,48.00,31.00,-16.00,114.00,48.00,-142.00,101.00,22.00,36.00,27.00,-63.00,31.00,-139.00,116.00,35.00,-99.00,19.00,116.00,-49.00,123.00,-108.00,60.00,62.00,24.00,-83.00,-35.00,-56.00,-24.00,-8.00,-6.00,10.00,14.00
53.00,5.00,13.00,-40.00,73.00,-14.00,22.00,19.00,-43.00,-13.00,1.00,-35.00,-99.00,-88.00,145.00,47.00,-35.00,-9.00,10.00,39.00,4.00,-55.00,-59.00,40.00,5.00,34.00,-103.00,96.00,-42.00,85.00,-70.00,-43.00,184.00,191.00,-97.00,12.00,25.00,76.00,-44.00,-39.00,46.00,9.00,-156.00,-100.00,41.00,33.00,-78.00,36.00,-5.00,5.00,-7.00,38.00,-237.00,-183.00,7.00,1.00,25.00,-133.00,207.00,42.00,-136.00,84.00,32.00,36.00,-5.00,-152.00,-131.00,-244.00,14.00,-211.00,-186.00,-223.00,-132.00,-150.00,269.00,182.00,189.00,349.00,-315.00,296.00,256.00,-38.00,127.00,-224.00,150.00,10.00,-66.00,-95.00,-88.00,-89.00,-227.00,-184.00,-183.00,-37.00,64.00,-19.00,183.00,52.00,-63.00,80.00,34.00,-47.00,6.00,-13.00,16.00,-122.00,45.00,61.00,162.00,-168.00,-57.00,123.00,-8.00,41.00,-47.00,104.00,-86.00,-8.00,-78.00,-3.00,48.00,75.00,-149.00,-283.00,94.00,54.00,-15.00,39.00,26.00,-11.00,59.00,92.00,154.00,7.00,-189.00,-68.00,-72.00,-51.00,-208.00,-70.00,-41.00,145.00,205.00,-200.00,129.00,-125.00,225.00,-10.00,48.00,-117.00,155.00,-103.00,7.00,-39.00,76.00,-98.00,98.00,85.00,246.00,-237.00,80.00,-161.00,-49.00,-68.00,-70.00,0.00,-122.00,7.00,-17.00,50.00,53.00,-93.00,100.00,-120.00,151.00,-19.00,-80.00,73.00,-107.00,124.00,-28.00,-25.00,57.00,-95.00,105.00,15.00,-123.00,55.00,-16.00,36.00,-10.00,95.00,-21.00,87.00,-21.00,58.00,-71.00,-41.00,-56.00,-38.00
64.00,-16.00,-71.00,121.00,117.00,-102.00,-59.00,67.00,-17.00,-2.00,90.00,42.00,21.00,-28.00,-69.00,-76.00,-42.00,54.00,-1.00,-5.00,40.00,-49.00,21.00,-8.00,16.00,-9.00,52.00,-19.00,-34.00,30.00,97.00,-65.00,39.00,-176.00,-40.00,48.00,-22.00,29.00,-31.00,-39.00,34.00,-16.00,72.00,-61.00,35.00,-6.00,-70.00,34.00,2.00,17.00,-10.00,-68.00,184.00,404.00,-153.00,140.00,-103.00,-84.00,176.00,-109.00,-98.00,-163.00,-154.00,-172.00,-255.00,196.00,151.00,308.00,-261.00,323.00,209.00,228.00,337.00,-202.00,113.00,15.00,26.00,95.00,-196.00,16.00,-154.00,-169.00,-225.00,28.00,-215.00,-253.00,-148.00,337.00,-247.00,264.00,163.00,169.00,263.00,-175.00,124.00,65.00,113.00,-277.00,91.00,-15.00,-111.00,58.00,81.00,-51.00,-70.00,110.00,-5.00,-98.00,193.00,-166.00,9.00,-17.00,49.00,113.00,11.00,-43.00,61.00,5.00,58.00,-122.00,-40.00,66.00,-29.00,100.00,73.00,-41.00,25.00,-104.00,17.00,16.00,4.00,-15.00,9.00,71.00,145.00,61.00,-33.00,-141.00,-27.00,-86.00,-57.00,-147.00,-68.00,-76.00,175.00,-130.00,70.00,66.00,-36.00,46.00,-24.00,133.00,-99.00,-32.00,21.00,-74.00,-21.00,24.00,0.00,42.00,138.00,119.00,-57.00,56.00,-162.00,-60.00,-54.00,-27.00,-121.00,113.00,-15.00,-102.00,-84.00,-52.00,54.00,-13.00,59.00,14.00,-143.00,47.00,13.00,-25.00,89.00,-111.00,0.00,21.00,-26.00,96.00,8.00,36.00,-16.00,-1.00,12.00,-77.00,152.00,-22.00,27.00,27.00,81.00,-27.00
21.00,-58.00,159.00,-75.00,-81.00,19.00,34.00,-49.00,94.00,-77.00,-61.00,-42.00,44.00,5.00,57.00,35.00,125.00,-148.00,-68.00,50.00,20.00,8.00,-13.00,47.00,-14.00,18.00,-62.00,27.00,51.00,-141.00,109.00,-62.00,-73.00,176.00,-165.00,30.00,20.00,41.00,-23.00,-27.00,32.00,-23.00,31.00,49.00,-48.00,109.00,-97.00,37.00,-11.00,3.00,-9.00,0.00,-92.00,-145.00,68.00,-84.00,77.00,-91.00,-70.00,-72.00,215.00,148.00,139.00,121.00,256.00,18.00,-5.00,91.00,-144.00,94.00,-21.00,-80.00,-126.00,-37.00,-182.00,-254.00,-201.00,-194.00,-63.00,49.00,196.00,74.00,357.00,-303.00,344.00,230.00,195.00,62.00,-153.00,123.00,15.00,-7.00,-66.00,-81.00,-34.00,-181.00,-125.00,-139.00,174.00,24.00,74.00,-59.00,-31.00,-55.00,77.00,-22.00,29.00,8.00,70.00,-144.00,43.00,-64.00,108.00,-254.00,242.00,34.00,158.00,88.00,162.00,2.00,98.00,7.00,80.00,31.00,-36.00,154.00,99.00,59.00,-2.00,-40.00,140.00,-1.00,-71.00,27.00,6.00,42.00,76.00,162.00,-104.00,62.00,-152.00,-36.00,-25.00,-27.00,-111.00,136.00,29.00,91.00,70.00,79.00,26.00,-32.00,81.00,107.00,-66.00,-55.00,75.00,-92.00,-33.00,-34.00,130.00,-70.00,65.00,103.00,145.00,-93.00,66.00,-148.00,-78.00,-114.00,66.00,-85.00,-118.00,-51.00,67.00,43.00,-80.00,141.00,-140.00,96.00,27.00,10.00,28.00,-111.00,96.00,9.00,-30.00,-22.00,35.00,-17.00,14.00,36.00,-12.00,-26.00,57.00,-50.00,9.00,27.00,-67.00,40.00
-28.00,48.00,-127.00,41.00,-111.00,64.00,0.00,47.00,12.00,78.00,16.00,34.00,-75.00,-42.00,53.00,-136.00,78.00,41.00,39.00,-7.00,46.00,6.00,-9.00,-13.00,44.00,-6.00,17.00,-4.00,-13.00,26.00,17.00,44.00,18.00,-57.00,211.00,-75.00,-35.00,-89.00,3.00,-23.00,9.00,8.00,-27.00,-130.00,9.00,18.00,-76.00,30.00,0.00,-10.00,25.00,-73.00,151.00,-189.00,3.00,45.00,0.00,-113.00,231.00,-29.00,-109.00,63.00,13.00,56.00,-122.00,-94.00,-205.00,-216.00,6.00,-194.00,-214.00,-243.00,359.00,-261.00,311.00,204.00,239.00,343.00,-270.00,216.00,17.00,70.00,93.00,-172.00,76.00,-165.00,-153.00,-241.00,5.00,-193.00,-179.00,-266.00,276.00,-151.00,115.00,121.00,87.00,-38.00,51.00,42.00,-78.00,71.00,64.00,10.00,-82.00,-7.00,51.00,-17.00,188.00,-185.00,75.00,-48.00,-129.00,244.00,-142.00,-73.00,-90.00,-123.00,-99.00,-6.00,-37.00,-4.00,-168.00,38.00,-142.00,-100.00,-175.00,108.00,89.00,41.00,-25.00,-111.00,50.00,-6.00,-2.00,-2.00,10.00,-19.00,78.00,47.00,130.00,17.00,-140.00,-29.00,-45.00,-75.00,-155.00,22.00,-64.00,163.00,4.00,86.00,1.00,-11.00,161.00,-124.00,5.00,47.00,119.00,-136.00,140.00,-130.00,34.00,9.00,3.00,68.00,64.00,99.00,106.00,-192.00,124.00,-78.00,247.00,-175.00,123.00,-62.00,56.00,70.00,-202.00,90.00,14.00,-31.00,39.00,-102.00,89.00,2.00,-15.00,-9.00,-37.00,-24.00,-8.00,-41.00,-6.00,3.00,67.00,-24.00,-11.00,-1.00,49.00,52.00
-90.00,104.00,-132.00,128.00,85.00,-96.00,-49.00,39.00,-52.00,-31.00,14.00,-113.00,54.00,28.00,-10.00,-28.00,22.00,49.00,-41.00,116.00,-255.00,111.00,-26.00,27.00,-69.00,107.00,-3.00,106.00,-3.00,41.00,-66.00,-10.00,-92.00,-10.00,-69.00,87.00,97.00,-87.00,-44.00,7.00,50.00,-25.00,-3.00,365.00,-58.00,143.00,-113.00,38.00,-22.00,29.00,-6.00,-60.00,54.00,410.00,-96.00,1.00,-33.00,-65.00,172.00,-156.00,-105.00,-172.00,-190.00,-266.00,49.00,187.00,99.00,341.00,-271.00,328.00,215.00,256.00,57.00,-158.00,117.00,48.00,-159.00,105.00,-137.00,-44.00,-250.00,-187.00,-196.00,-22.00,-243.00,229.00,139.00,327.00,-256.00,300.00,142.00,209.00,78.00,-110.00,126.00,42.00,140.00,-353.00,97.00,-12.00,115.00,-128.00,79.00,-126.00,45.00,-33.00,27.00,-92.00,237.00,-190.00,41.00,-33.00,-1.00,-55.00,-36.00,38.00,14.00,-86.00,93.00,74.00,-17.00,6.00,35.00,4.00,22.00,-102.00,-68.00,-112.00,-44.00,8.00,185.00,134.00,-13.00,56.00,-1.00,-39.00,46.00,-12.00,-4.00,16.00,8.00,81.00,178.00,-162.00,141.00,-146.00,-53.00,-128.00,-63.00,-196.00,35.00,-77.00,241.00,-21.00,190.00,-109.00,135.00,-3.00,-21.00,-62.00,148.00,-85.00,22.00,2.00,-9.00,2.00,-3.00,29.00,66.00,-21.00,42.00,33.00,31.00,-168.00,179.00,48.00,7.00,95.00,-134.00,74.00,0.00,14.00,108.00,-136.00,47.00,4.00,5.00,-27.00,53.00,-81.00,58.00,17.00,46.00,-128.00,115.00,-57.00,-16.00,22.00,0.00,-32.00
45.00,-3.00,58.00,-85.00,114.00,-40.00,40.00,-100.00,-46.00,70.00,51.00,-58.00,55.00,2.00,4.00,41.00,13.00,-36.00,36.00,-89.00,163.00,-44.00,-89.00,-114.00,167.00,-259.00,88.00,-304.00,148.00,-45.00,-132.00,165.00,-52.00,-48.00,-80.00,-94.00,61.00,182.00,-130.00,24.00,-8.00,29.00,-209.00,-28.00,-226.00,75.00,-78.00,21.00,33.00,-16.00,2.00,-23.00,-131.00,-111.00,32.00,-11.00,16.00,-22.00,-146.00,209.00,174.00,189.00,181.00,186.00,113.00,-25.00,47.00,93.00,-142.00,83.00,-53.00,-164.00,-165.00,-39.00,-221.00,-199.00,-177.00,-174.00,-123.00,226.00,221.00,32.00,356.00,-245.00,359.00,-13.00,33.00,66.00,-111.00,82.00,-66.00,-106.00,-210.00,-31.00,-154.00,-167.00,-209.00,301.00,10.00,-17.00,-95.00,115.00,48.00,90.00,59.00,-87.00,84.00,9.00,41.00,-146.00,56.00,-103.00,-92.00,-22.00,18.00,-16.00,-47.00,7.00,156.00,-34.00,10.00,-41.00,-10.00,-44.00,108.00,59.00,49.00,-143.00,-70.00,-40.00,-132.00,-228.00,222.00,-6.00,43.00,-59.00,24.00,-23.00,-1.00,-3.00,-18.00,33.00,40.00,-196.00,132.00,139.00,-59.00,96.00,-124.00,-52.00,-44.00,-84.00,-207.00,114.00,-267.00,188.00,48.00,92.00,34.00,-5.00,-84.00,-87.00,40.00,6.00,9.00,-9.00,2.00,-12.00,53.00,-86.00,50.00,48.00,-69.00,-15.00,-68.00,-11.00,141.00,86.00,-140.00,72.00,0.00,24.00,-24.00,-125.00,96.00,-44.00,68.00,-43.00,54.00,94.00,-171.00,2.00,54.00,33.00,31.00,-34.00,1.00,-68.00,60.00,32.00
-27.00,39.00,1.00,-73.00,-61.00,95.00,54.00,-9.00,51.00,-60.00,62.00,9.00,10.00,-20.00,49.00,42.00,-34.00,22.00,-6.00,-45.00,-110.00,-91.00,20.00,64.00,37.00,39.00,44.00,67.00,-8.00,-7.00,63.00,-12.00,31.00,213.00,-151.00,198.00,0.00,180.00,-127.00,43.00,-9.00,-62.00,350.00,-259.00,411.00,-83.00,-73.00,43.00,-2.00,-5.00,-1.00,-69.00,282.00,-211.00,20.00,-1.00,-12.00,-19.00,121.00,-89.00,-118.00,34.00,-1.00,-11.00,-128.00,-154.00,-182.00,-224.00,12.00,-222.00,-238.00,242.00,302.00,-253.00,334.00,212.00,220.00,346.00,-220.00,160.00,23.00,63.00,75.00,-116.00,-67.00,-182.00,-242.00,-204.00,-18.00,-249.00,-23.00,190.00,203.00,-166.00,228.00,149.00,159.00,-238.00,47.00,-112.00,129.00,-73.00,-22.00,-80.00,65.00,-30.00,96.00,-264.00,283.00,-169.00,-71.00,195.00,109.00,-197.00,-138.00,-13.00,-5.00,-4.00,-123.00,88.00,58.00,47.00,2.00,-18.00,41.00,-61.00,132.00,121.00,5.00,-134.00,-69.00,-12.00,-164.00,33.00,19.00,73.00,70.00,-35.00,27.00,6.00,18.00,2.00,113.00,-229.00,135.00,15.00,36.00,16.00,130.00,-50.00,15.00,-127.00,-57.00,-56.00,-17.00,-162.00,62.00,-89.00,207.00,111.00,108.00,-19.00,11.00,0.00,-10.00,-7.00,-2.00,6.00,34.00,-43.00,68.00,-60.00,-63.00,-3.00,122.00,87.00,-196.00,-45.00,-39.00,163.00,102.00,9.00,93.00,-145.00,85.00,43.00,0.00,-119.00,84.00,-1.00,37.00,41.00,-127.00,-93.00,81.00,-37.00,-20.00,36.00,-39.00,-3.00
-20.00,116.00,-150.00,174.00,-117.00,67.00,-89.00,-109.00,81.00,-23.00,-53.00,33.00,4.00,62.00,-144.00,-145.00,76.00,-15.00,8.00,3.00,71.00,60.00,28.00,-26.00,-19.00,4.00,-12.00,-23.00,8.00,-27.00,65.00,-4.00,53.00,-256.00,29.00,-91.00,128.00,-183.00,-64.00,42.00,-13.00,35.00,-243.00,367.00,-272.00,74.00,-96.00,51.00,-4.00,-6.00,-3.00,-55.00,57.00,341.00,-134.00,34.00,-43.00,-13.00,-6.00,-51.00,-103.00,-147.00,-232.00,-128.00,167.00,196.00,31.00,361.00,-262.00,335.00,249.00,-19.00,65.00,-132.00,84.00,-23.00,-41.00,-122.00,-59.00,-194.00,-223.00,-188.00,-220.00,-113.00,231.00,143.00,193.00,327.00,-246.00,344.00,85.00,21.00,89.00,-91.00,76.00,-49.00,-116.00,-182.00,138.00,92.00,42.00,-55.00,-21.00,-38.00,38.00,-17.00,14.00,95.00,73.00,-163.00,-50.00,51.00,64.00,141.00,263.00,-210.00,-108.00,-11.00,-17.00,-36.00,-37.00,7.00,72.00,71.00,48.00,-100.00,17.00,-10.00,90.00,96.00,63.00,-25.00,-119.00,-56.00,-107.00,-80.00,72.00,125.00,62.00,52.00,8.00,7.00,126.00,-238.00,117.00,0.00,43.00,-27.00,42.00,57.00,-74.00,186.00,42.00,-163.00,-58.00,-48.00,-44.00,-73.00,-193.00,31.00,-46.00,245.00,31.00,86.00,4.00,34.00,3.00,4.00,35.00,51.00,-215.00,52.00,-19.00,-50.00,-52.00,-78.00,-54.00,58.00,150.00,-158.00,-198.00,119.00,181.00,-87.00,46.00,-40.00,88.00,-78.00,5.00,49.00,-11.00,-26.00,66.00,82.00,-48.00,60.00,-7.00,19.00,-35.00,127.00
42.00,-125.00,8.00,-127.00,-65.00,-42.00,66.00,87.00,-28.00,104.00,-8.00,-7.00,-29.00,90.00,-64.00,92.00,-16.00,-19.00,22.00,-19.00,-10.00,-11.00,57.00,82.00,-7.00,10.00,59.00,64.00,-12.00,131.00,-195.00,122.00,7.00,40.00,40.00,26.00,-163.00,198.00,-126.00,22.00,18.00,10.00,-32.00,-211.00,302.00,34.00,-80.00,31.00,1.00,-5.00,2.00,38.00,-190.00,-53.00,65.00,-45.00,29.00,-63.00,189.00,-86.00,219.00,130.00,221.00,143.00,-17.00,23.00,65.00,58.00,-74.00,23.00,-170.00,-140.00,-238.00,-13.00,-208.00,-205.00,-289.00,392.00,-264.00,293.00,209.00,143.00,348.00,-200.00,145.00,37.00,29.00,56.00,-130.00,-80.00,-94.00,-252.00,-181.00,-28.00,-211.00,20.00,198.00,107.00,-129.00,101.00,-201.00,-16.00,12.00,-11.00,-26.00,79.00,29.00,17.00,178.00,-177.00,-51.00,55.00,75.00,-76.00,-67.00,105.00,200.00,-223.00,-99.00,-27.00,1.00,-44.00,-41.00,-145.00,127.00,-102.00,42.00,-12.00,-20.00,-1.00,28.00,48.00,137.00,23.00,-151.00,-52.00,-71.00,-140.00,-102.00,49.00,100.00,26.00,135.00,-233.00,113.00,9.00,-56.00,17.00,8.00,76.00,-130.00,58.00,46.00,119.00,-41.00,48.00,-170.00,-45.00,-61.00,-72.00,-80.00,-171.00,67.00,-109.00,153.00,72.00,65.00,10.00,37.00,29.00,-186.00,31.00,52.00,158.00,-33.00,-45.00,94.00,-60.00,-53.00,-37.00,-10.00,117.00,-219.00,61.00,-27.00,171.00,90.00,-18.00,16.00,28.00,-75.00,24.00,13.00,-58.00,-11.00,-8.00,-31.00,14.00,-43.00,15.00
-40.00,92.00,-33.00,212.00,183.00,-9.00,0.00,-69.00,-8.00,-119.00,-18.00,-29.00,-5.00,-16.00,200.00,-167.00,2.00,59.00,-3.00,-19.00,90.00,40.00,-23.00,-291.00,78.00,75.00,-244.00,-104.00,61.00,-38.00,-123.00,-108.00,57.00,-17.00,163.00,-20.00,-55.00,19.00,37.00,-57.00,-34.00,-12.00,-31.00,-52.00,77.00,-132.00,-64.00,39.00,-2.00,1.00,-4.00,27.00,31.00,-108.00,60.00,38.00,-59.00,11.00,7.00,-21.00,-107.00,61.00,13.00,-86.00,-88.00,-255.00,-172.00,-190.00,-52.00,-260.00,225.00,150.00,337.00,-256.00,336.00,167.00,282.00,12.00,-139.00,138.00,10.00,9.00,-96.00,-46.00,-218.00,-217.00,-202.00,-209.00,-80.00,240.00,151.00,191.00,266.00,-198.00,297.00,37.00,81.00,-285.00,180.00,-87.00,123.00,9.00,27.00,0.00,-20.00,22.00,-25.00,18.00,183.00,-156.00,-69.00,39.00,75.00,44.00,54.00,-61.00,78.00,206.00,91.00,-171.00,-104.00,-6.00,2.00,-65.00,162.00,-75.00,12.00,17.00,0.00,-11.00,-17.00,-2.00,-16.00,52.00,199.00,-2.00,-130.00,-40.00,-28.00,-112.00,33.00,-13.00,279.00,-241.00,118.00,25.00,4.00,-8.00,8.00,71.00,-154.00,64.00,31.00,-1.00,49.00,42.00,152.00,-75.00,133.00,-158.00,-86.00,-30.00,-69.00,-90.00,-5.00,-55.00,-35.00,115.00,79.00,-16.00,-33.00,5.00,39.00,87.00,-70.00,-45.00,-79.00,-63.00,10.00,-1.00,-3.00,-61.00,-23.00,-107.00,199.00,-158.00,-172.00,59.00,14.00,38.00,-33.00,0.00,-39.00,33.00,-85.00,35.00,-17.00,-18.00,39.00,-68.00
27.00,-14.00,37.00,-308.00,-33.00,76.00,-78.00,57.00,45.00,40.00,11.00,-42.00,72.00,-15.00,-103.00,275.00,74.00,-256.00,80.00,41.00,-233.00,5.00,53.00,101.00,-3.00,-19.00,102.00,90.00,24.00,17.00,92.00,27.00,-88.00,133.00,-115.00,-26.00,0.00,-44.00,208.00,94.00,-64.00,144.00,-86.00,-3.00,-155.00,399.00,-132.00,32.00,3.00,-5.00,-2.00,37.00,-88.00,121.00,-150.00,42.00,5.00,-3.00,-40.00,-13.00,-110.00,-196.00,-274.00,125.00,141.00,200.00,48.00,343.00,-221.00,336.00,9.00,13.00,76.00,-146.00,99.00,-13.00,-128.00,-184.00,-20.00,-220.00,-200.00,-307.00,316.00,-256.00,295.00,201.00,207.00,347.00,-221.00,101.00,5.00,2.00,64.00,-120.00,-68.00,-172.00,-131.00,-117.00,181.00,79.00,57.00,-57.00,-117.00,37.00,-17.00,-17.00,-5.00,-51.00,109.00,-137.00,-52.00,-21.00,61.00,47.00,84.00,8.00,-107.00,-74.00,56.00,60.00,192.00,-176.00,14.00,-23.00,-127.00,25.00,240.00,49.00,-31.00,-27.00,16.00,-12.00,-13.00,-36.00,-9.00,40.00,117.00,23.00,-70.00,-103.00,-107.00,-68.00,-141.00,-78.00,150.00,117.00,105.00,-19.00,3.00,54.00,-94.00,33.00,8.00,-23.00,6.00,14.00,-4.00,133.00,-72.00,146.00,33.00,-52.00,-91.00,-56.00,-56.00,-44.00,-142.00,129.00,13.00,95.00,98.00,-93.00,113.00,77.00,-124.00,30.00,71.00,40.00,-76.00,-68.00,-40.00,-1.00,0.00,15.00,-83.00,-22.00,-74.00,147.00,23.00,61.00,-26.00,108.00,70.00,138.00,-127.00,26.00,-40.00,63.00,-33.00,81.00
-34.00,75.00,17.00,158.00,-121.00,-52.00,40.00,-72.00,-8.00,21.00,16.00,27.00,-45.00,-16.00,-12.00,-94.00,20.00,6.00,7.00,66.00,37.00,35.00,-6.00,-18.00,71.00,-9.00,22.00,-166.00,54.00,30.00,-208.00,89.00,21.00,-5.00,-70.00,-5.00,13.00,-1.00,-300.00,224.00,-84.00,0.00,1.00,-59.00,-2.00,-104.00,-45.00,30.00,2.00,-8.00,20.00,44.00,-112.00,-48.00,158.00,-43.00,3.00,-33.00,66.00,-56.00,200.00,247.00,164.00,57.00,10.00,33.00,72.00,43.00,-49.00,-99.00,-94.00,-258.00,-202.00,-17.00,-217.00,-294.00,228.00,282.00,-245.00,310.00,194.00,264.00,85.00,-141.00,128.00,-6.00,-32.00,-108.00,-46.00,-170.00,-172.00,-148.00,-217.00,-13.00,252.00,-43.00,184.00,-162.00,8.00,-12.00,192.00,-165.00,146.00,-121.00,-68.00,28.00,41.00,2.00,101.00,-117.00,-46.00,42.00,9.00,-13.00,-41.00,10.00,41.00,122.00,19.00,75.00,7.00,157.00,-4.00,-68.00,-69.00,-54.00,-149.00,-120.00,240.00,123.00,-64.00,0.00,-6.00,33.00,-17.00,-12.00,-11.00,25.00,56.00,139.00,42.00,-125.00,-2.00,-24.00,-167.00,92.00,-221.00,185.00,184.00,20.00,-83.00,36.00,16.00,6.00,-4.00,-15.00,23.00,34.00,-120.00,73.00,44.00,107.00,-20.00,47.00,-156.00,-60.00,-79.00,-96.00,-90.00,-83.00,-78.00,86.00,-141.00,143.00,-166.00,173.00,32.00,78.00,-25.00,72.00,29.00,-80.00,-69.00,-32.00,-4.00,16.00,4.00,-77.00,-69.00,-150.00,147.00,-8.00,37.00,31.00,-130.00,49.00,-52.00,66.00,-13.00,-11.00
-36.00,-22.00,57.00,-23.00,65.00,53.00,-66.00,-19.00,106.00,-12.00,14.00,-3.00,18.00,55.00,-64.00,8.00,1.00,5.00,-17.00,-2.00,7.00,-108.00,14.00,55.00,-200.00,55.00,17.00,-58.00,15.00,-20.00,73.00,-18.00,-48.00,-6.00,152.00,-51.00,8.00,-12.00,145.00,-174.00,225.00,-12.00,-79.00,120.00,-32.00,-24.00,-18.00,27.00,-2.00,9.00,0.00,-6.00,-5.00,169.00,-203.00,126.00,-61.00,-2.00,35.00,6.00,-120.00,14.00,-33.00,-67.00,-223.00,-220.00,-205.00,-204.00,-180.00,186.00,142.00,206.00,345.00,-271.00,359.00,266.00,-26.00,98.00,-131.00,116.00,-43.00,-124.00,-222.00,-22.00,-210.00,-200.00,-274.00,307.00,-206.00,189.00,104.00,93.00,132.00,-75.00,21.00,223.00,187.00,-344.00,212.00,-152.00,-146.00,16.00,78.00,104.00,0.00,-183.00,-5.00,32.00,37.00,-97.00,-54.00,31.00,13.00,-26.00,-2.00,-12.00,-7.00,-10.00,18.00,-44.00,72.00,-93.00,-33.00,-26.00,127.00,-5.00,-143.00,-31.00,-137.00,-157.00,302.00,80.00,-30.00,-10.00,-77.00,19.00,8.00,-10.00,-12.00,-11.00,98.00,119.00,-146.00,12.00,-53.00,-122.00,-45.00,-58.00,-205.00,253.00,-72.00,51.00,-2.00,24.00,-14.00,1.00,7.00,64.00,-125.00,54.00,-4.00,91.00,-6.00,-63.00,178.00,-70.00,76.00,-178.00,-61.00,-81.00,44.00,-154.00,-12.00,119.00,-141.00,38.00,4.00,-67.00,18.00,-17.00,117.00,-56.00,62.00,44.00,-87.00,-66.00,-33.00,-18.00,16.00,6.00,-77.00,-58.00,-141.00,120.00,91.00,76.00,72.00,-74.00,105.00,-5.00
-8.00,64.00,-42.00,-118.00,78.00,-139.00,123.00,-27.00,13.00,-112.00,11.00,-40.00,51.00,-91.00,7.00,-4.00,-18.00,-5.00,72.00,-16.00,24.00,40.00,5.00,-2.00,52.00,5.00,-8.00,-14.00,134.00,-12.00,189.00,-77.00,39.00,1.00,52.00,-150.00,-18.00,-93.00,88.00,-176.00,233.00,90.00,3.00,-50.00,-51.00,-19.00,-2.00,15.00,-23.00,-26.00,7.00,10.00,-156.00,333.00,-123.00,-76.00,210.00,-42.00,-49.00,-5.00,-104.00,-207.00,-63.00,192.00,176.00,192.00,196.00,284.00,-66.00,72.00,11.00,-1.00,44.00,-116.00,17.00,-148.00,-183.00,-216.00,-16.00,-200.00,-266.00,279.00,385.00,-236.00,382.00,261.00,328.00,-12.00,-192.00,312.00,85.00,88.00,90.00,54.00,13.00,-164.00,-113.00,-3.00,67.00,100.00,-58.00,81.00,17.00,-46.00,44.00,147.00,-80.00,-126.00,163.00,-129.00,-42.00,74.00,-5.00,-31.00,-37.00,19.00,-10.00,-6.00,-43.00,61.00,-86.00,77.00,-89.00,-7.00,112.00,-24.00,164.00,-128.00,-115.00,-60.00,-117.00,-216.00,249.00,134.00,44.00,-49.00,-17.00,-3.00,3.00,-14.00,-63.00,-30.00,212.00,-163.00,70.00,61.00,-150.00,-60.00,-24.00,-197.00,115.00,11.00,139.00,101.00,-19.00,25.00,-12.00,46.00,-140.00,118.00,-13.00,44.00,-33.00,56.00,95.00,8.00,90.00,177.00,-93.00,55.00,133.00,-203.00,60.00,127.00,-156.00,61.00,-6.00,2.00,69.00,-7.00,-19.00,43.00,28.00,38.00,-25.00,60.00,49.00,-89.00,-44.00,-43.00,5.00,-4.00,-2.00,-55.00,-61.00,-87.00,-68.00,121.00,27.00,52.00
52.00,-36.00,-11.00,47.00,-116.00,86.00,-85.00,-19.00,125.00,35.00,-97.00,106.00,-20.00,96.00,-19.00,-20.00,-2.00,46.00,-146.00,78.00,17.00,-15.00,-19.00,-1.00,-24.00,36.00,-8.00,40.00,-226.00,57.00,-25.00,-17.00,5.00,-3.00,10.00,119.00,-63.00,-93.00,307.00,-96.00,-149.00,-15.00,6.00,45.00,27.00,120.00,-78.00,28.00,55.00,-20.00,18.00,9.00,-5.00,-118.00,-3.00,-32.00,-48.00,19.00,-21.00,-54.00,239.00,185.00,65.00,-6.00,8.00,2.00,-4.00,-18.00,-44.00,-76.00,-244.00,-214.00,-181.00,-12.00,-245.00,334.00,243.00,348.00,-227.00,373.00,303.00,-180.00,-128.00,-22.00,-123.00,-129.00,-129.00,-43.00,-5.00,-121.00,-117.00,-78.00,-107.00,-176.00,71.00,-103.00,-120.00,60.00,74.00,-47.00,-7.00,-28.00,-19.00,15.00,8.00,26.00,25.00,118.00,-48.00,-88.00,-29.00,55.00,124.00,41.00,-21.00,-4.00,-17.00,56.00,10.00,-83.00,14.00,47.00,46.00,-58.00,81.00,-58.00,77.00,194.00,133.00,-74.00,-124.00,-63.00,-92.00,-224.00,253.00,117.00,55.00,-46.00,-26.00,-34.00,42.00,17.00,105.00,-196.00,138.00,55.00,83.00,76.00,-190.00,-21.00,-54.00,-138.00,55.00,-244.00,263.00,39.00,57.00,70.00,-108.00,-7.00,6.00,39.00,-21.00,-5.00,-22.00,70.00,-66.00,73.00,92.00,-120.00,117.00,-205.00,97.00,119.00,-174.00,126.00,-50.00,10.00,4.00,35.00,-60.00,13.00,-25.00,46.00,34.00,26.00,-1.00,42.00,76.00,42.00,-92.00,-60.00,-47.00,0.00,2.00,-2.00,-18.00,-58.00,-103.00,-22.00
-54.00,50.00,63.00,-16.00,82.00,25.00,41.00,16.00,58.00,-37.00,2.00,-39.00,5.00,-32.00,21.00,51.00,-13.00,41.00,-84.00,-143.00,153.00,61.00,61.00,-15.00,30.00,-8.00,-19.00,10.00,12.00,75.00,-4.00,-7.00,-9.00,7.00,-1.00,75.00,-144.00,1.00,-105.00,-55.00,23.00,-30.00,-6.00,-101.00,-26.00,-57.00,-22.00,-108.00,137.00,-40.00,-32.00,11.00,-47.00,-12.00,6.00,-1.00,-60.00,-15.00,195.00,-63.00,-137.00,44.00,-97.00,-69.00,-260.00,-189.00,-182.00,-261.00,108.00,260.00,255.00,272.00,369.00,-228.00,405.00,-248.00,-103.00,-116.00,-10.00,-113.00,-117.00,-15.00,-151.00,49.00,-15.00,2.00,-13.00,-126.00,-9.00,-101.00,-97.00,-126.00,-119.00,187.00,-17.00,79.00,36.00,23.00,-45.00,-88.00,7.00,6.00,-70.00,44.00,-13.00,43.00,37.00,-35.00,233.00,-186.00,34.00,-27.00,-224.00,159.00,58.00,90.00,12.00,27.00,-18.00,-12.00,-89.00,62.00,-19.00,28.00,30.00,-68.00,2.00,-70.00,-42.00,124.00,101.00,29.00,-134.00,-92.00,-141.00,-78.00,145.00,59.00,37.00,100.00,50.00,-61.00,110.00,-196.00,98.00,-1.00,46.00,-5.00,247.00,-114.00,-139.00,-35.00,-108.00,-21.00,-218.00,91.00,-19.00,163.00,-132.00,21.00,1.00,49.00,-55.00,-3.00,61.00,-46.00,9.00,-5.00,47.00,-117.00,48.00,36.00,34.00,96.00,-171.00,77.00,11.00,-49.00,46.00,-6.00,-27.00,60.00,-21.00,-8.00,8.00,74.00,-25.00,-42.00,-23.00,30.00,40.00,88.00,86.00,-128.00,-5.00,-56.00,-4.00,4.00,10.00,-22.00
88.00,-26.00,-27.00,26.00,-10.00,9.00,21.00,64.00,-73.00,93.00,5.00,96.00,22.00,-58.00,117.00,-237.00,137.00,7.00,-97.00,292.00,-250.00,-157.00,72.00,-8.00,-2.00,7.00,91.00,3.00,54.00,-217.00,56.00,10.00,-10.00,1.00,4.00,-17.00,130.00,-122.00,65.00,2.00,38.00,-138.00,-6.00,-6.00,-1.00,-34.00,7.00,-114.00,147.00,78.00,42.00,-35.00,123.00,-79.00,-22.00,11.00,-60.00,72.00,-191.00,-122.00,-114.00,-232.00,172.00,229.00,259.00,256.00,278.00,235.00,98.00,-254.00,-96.00,-131.00,-119.00,2.00,-109.00,-1.00,-132.00,-126.00,-5.00,-123.00,-140.00,-198.00,396.00,-120.00,-101.00,-121.00,-171.00,389.00,-230.00,216.00,142.00,182.00,230.00,-21.00,0.00,-48.00,57.00,-137.00,99.00,37.00,53.00,118.00,-112.00,105.00,-25.00,-12.00,35.00,112.00,140.00,-174.00,38.00,-58.00,233.00,-115.00,-33.00,-30.00,-75.00,-67.00,-17.00,121.00,-18.00,-32.00,67.00,-93.00,61.00,-31.00,-60.00,32.00,32.00,-28.00,-2.00,77.00,105.00,58.00,-194.00,-85.00,-172.00,87.00,40.00,29.00,11.00,96.00,83.00,-152.00,88.00,-62.00,30.00,-32.00,-51.00,129.00,160.00,-126.00,86.00,-148.00,-38.00,-76.00,-145.00,99.00,33.00,177.00,73.00,78.00,-10.00,-36.00,75.00,-66.00,34.00,59.00,30.00,-71.00,50.00,4.00,-14.00,100.00,-175.00,133.00,-28.00,55.00,-67.00,-55.00,4.00,31.00,-44.00,14.00,-4.00,-29.00,42.00,-80.00,66.00,37.00,-23.00,-37.00,22.00,46.00,14.00,84.00,-122.00,-51.00,-57.00,17.00
-232.00,90.00,15.00,19.00,-2.00,104.00,-95.00,-107.00,25.00,-141.00,-75.00,-9.00,-141.00,204.00,-266.00,190.00,-62.00,-8.00,124.00,-248.00,184.00,-304.00,95.00,-1.00,7.00,85.00,-320.00,65.00,-16.00,69.00,78.00,-1.00,-4.00,-2.00,5.00,0.00,-14.00,99.00,-27.00,55.00,0.00,221.00,30.00,33.00,24.00,42.00,84.00,-20.00,-57.00,-93.00,-9.00,-20.00,-15.00,-15.00,-14.00,-4.00,-47.00,-110.00,378.00,251.00,252.00,196.00,0.00,-213.00,-85.00,-134.00,-137.00,-100.00,-94.00,34.00,-135.00,-133.00,-109.00,-9.00,-84.00,-191.00,260.00,374.00,-317.00,384.00,294.00,147.00,127.00,-182.00,237.00,190.00,177.00,172.00,-202.00,202.00,21.00,-147.00,-145.00,-148.00,50.00,25.00,29.00,8.00,-101.00,6.00,15.00,-42.00,-20.00,-128.00,-19.00,118.00,-91.00,-132.00,171.00,-160.00,47.00,-27.00,-68.00,-31.00,11.00,-10.00,-8.00,3.00,-113.00,39.00,137.00,-92.00,-30.00,-16.00,69.00,17.00,74.00,105.00,-32.00,-5.00,-13.00,-8.00,5.00,49.00,163.00,51.00,-167.00,-143.00,-134.00,98.00,-128.00,91.00,167.00,-174.00,86.00,9.00,16.00,-9.00,34.00,-20.00,3.00,75.00,80.00,86.00,18.00,-185.00,-21.00,-101.00,-46.00,-221.00,101.00,-17.00,52.00,107.00,31.00,-33.00,39.00,24.00,1.00,108.00,-244.00,89.00,-124.00,147.00,-185.00,136.00,-6.00,11.00,15.00,41.00,27.00,15.00,2.00,16.00,-13.00,38.00,67.00,-134.00,68.00,3.00,-22.00,23.00,-82.00,3.00,107.00,-35.00,83.00,53.00,80.00,-173.00
-58.00,133.00,82.00,-25.00,-59.00,-11.00,-61.00,-113.00,97.00,-63.00,238.00,-30.00,-9.00,60.00,140.00,-65.00,-5.00,0.00,-8.00,136.00,-331.00,429.00,10.00,41.00,-23.00,2.00,91.00,-15.00,0.00,44.00,-203.00,74.00,-6.00,19.00,-13.00,4.00,3.00,36.00,-95.00,-45.00,17.00,-272.00,123.00,-3.00,2.00,-4.00,-47.00,33.00,-50.00,85.00,-69.00,73.00,14.00,89.00,36.00,-97.00,-120.00,90.00,-156.00,-148.00,-110.00,-97.00,-48.00,33.00,-147.00,-125.00,-124.00,-116.00,-136.00,-227.00,269.00,239.00,252.00,-241.00,199.00,52.00,224.00,-297.00,129.00,-159.00,-151.00,-102.00,-95.00,-74.00,212.00,-206.00,-84.00,-95.00,-51.00,-57.00,-43.00,-67.00,-26.00,152.00,-19.00,-68.00,108.00,-29.00,12.00,-6.00,52.00,52.00,-40.00,26.00,-9.00,-84.00,-20.00,-2.00,98.00,-137.00,38.00,-27.00,-10.00,-11.00,-3.00,37.00,6.00,-143.00,47.00,19.00,-27.00,8.00,-19.00,23.00,-181.00,72.00,51.00,57.00,10.00,-1.00,-10.00,11.00,-3.00,-15.00,-10.00,40.00,133.00,77.00,-171.00,-133.00,-91.00,140.00,-216.00,-1.00,200.00,7.00,4.00,-9.00,34.00,22.00,-50.00,-11.00,10.00,16.00,68.00,229.00,-88.00,-79.00,-29.00,-75.00,-98.00,-138.00,150.00,-282.00,273.00,30.00,121.00,-1.00,7.00,61.00,-223.00,103.00,-127.00,184.00,-188.00,134.00,-60.00,11.00,-10.00,46.00,-45.00,-30.00,15.00,2.00,15.00,-52.00,58.00,-51.00,11.00,54.00,3.00,-80.00,131.00,-39.00,-42.00,-18.00,-60.00,57.00,27.00,37.00
58.00,-108.00,-82.00,-27.00,-56.00,-97.00,62.00,165.00,31.00,-27.00,-53.00,-24.00,-17.00,-42.00,41.00,-28.00,37.00,27.00,-6.00,22.00,134.00,-84.00,-167.00,-163.00,82.00,7.00,11.00,-2.00,-18.00,73.00,-209.00,72.00,3.00,-6.00,14.00,14.00,-64.00,20.00,80.00,19.00,35.00,81.00,-111.00,49.00,-26.00,13.00,67.00,2.00,60.00,48.00,9.00,-76.00,0.00,-4.00,17.00,69.00,19.00,10.00,-97.00,-67.00,-140.00,-127.00,14.00,-244.00,263.00,273.00,247.00,261.00,253.00,204.00,130.00,-162.00,129.00,-13.00,67.00,-118.00,-190.00,33.00,118.00,-107.00,-52.00,-95.00,-121.00,3.00,-208.00,-35.00,-115.00,-67.00,-84.00,18.00,119.00,13.00,52.00,-84.00,39.00,-22.00,-127.00,34.00,89.00,-70.00,-83.00,43.00,1.00,32.00,27.00,-2.00,-39.00,-15.00,93.00,-107.00,17.00,-5.00,-138.00,-98.00,-17.00,-23.00,-43.00,264.00,45.00,-16.00,-20.00,48.00,-32.00,40.00,-145.00,-110.00,-151.00,-12.00,195.00,55.00,-18.00,28.00,-1.00,13.00,0.00,-2.00,-8.00,36.00,137.00,59.00,-174.00,-127.00,-56.00,129.00,-284.00,148.00,123.00,5.00,36.00,-46.00,8.00,24.00,-22.00,-3.00,6.00,9.00,12.00,74.00,-13.00,103.00,-180.00,-34.00,-82.00,-29.00,-119.00,-127.00,57.00,84.00,53.00,53.00,-109.00,123.00,-194.00,204.00,-166.00,113.00,-15.00,-1.00,3.00,-66.00,56.00,11.00,0.00,3.00,-6.00,27.00,42.00,-58.00,2.00,65.00,-49.00,-33.00,59.00,-44.00,46.00,35.00,-45.00,109.00,-60.00,11.00
47.00,-19.00,3.00,-46.00,135.00,-40.00,97.00,-33.00,-37.00,1.00,-26.00,11.00,-8.00,-27.00,-24.00,-35.00,-38.00,6.00,-4.00,23.00,-197.00,145.00,44.00,103.00,-15.00,-2.00,16.00,55.00,-11.00,-1.00,54.00,18.00,-7.00,-3.00,2.00,-2.00,19.00,-7.00,25.00,-87.00,6.00,33.00,-200.00,223.00,-28.00,29.00,-78.00,-21.00,35.00,-125.00,14.00,51.00,-53.00,33.00,-33.00,50.00,87.00,-124.00,201.00,194.00,228.00,357.00,-260.00,332.00,152.00,-292.00,-81.00,-141.00,-117.00,-101.00,-135.00,9.00,-126.00,-6.00,-154.00,114.00,104.00,-150.00,96.00,-5.00,27.00,141.00,289.00,-217.00,412.00,-2.00,289.00,-35.00,106.00,-16.00,-86.00,111.00,-121.00,82.00,80.00,-48.00,55.00,44.00,-76.00,38.00,45.00,18.00,-15.00,73.00,-43.00,-32.00,57.00,43.00,55.00,-131.00,-44.00,144.00,110.00,234.00,-195.00,0.00,-21.00,-66.00,-13.00,76.00,16.00,-10.00,82.00,-90.00,215.00,49.00,-171.00,-61.00,-210.00,32.00,180.00,40.00,0.00,-13.00,27.00,-48.00,-9.00,-18.00,30.00,49.00,161.00,36.00,-203.00,17.00,-44.00,-53.00,-233.00,189.00,10.00,21.00,-3.00,-26.00,65.00,-20.00,-26.00,37.00,-1.00,0.00,-142.00,229.00,100.00,34.00,-174.00,-26.00,-50.00,-35.00,-170.00,93.00,-22.00,151.00,105.00,9.00,104.00,-39.00,-85.00,99.00,-11.00,103.00,14.00,62.00,-63.00,22.00,0.00,3.00,5.00,-52.00,47.00,-20.00,-25.00,-60.00,37.00,-21.00,28.00,46.00,-55.00,66.00,-73.00,-27.00,-24.00,34.00
72.00,-68.00,-12.00,-14.00,-57.00,3.00,-1.00,-30.00,14.00,-11.00,67.00,-11.00,34.00,-94.00,24.00,16.00,-3.00,35.00,0.00,-46.00,-51.00,-38.00,65.00,71.00,-58.00,2.00,-45.00,-25.00,2.00,-27.00,-16.00,62.00,-23.00,4.00,5.00,5.00,-1.00,13.00,-5.00,104.00,-136.00,70.00,21.00,-145.00,27.00,49.00,-16.00,31.00,25.00,-1.00,18.00,-38.00,-68.00,28.00,18.00,-81.00,-37.00,-15.00,244.00,-194.00,-93.00,-119.00,30.00,-103.00,-64.00,-11.00,-18.00,-5.00,-69.00,-95.00,-109.00,-52.00,16.00,-18.00,41.00,-6.00,-9.00,43.00,-56.00,105.00,88.00,-8.00,-10.00,-128.00,-234.00,19.00,-73.00,5.00,-3.00,19.00,-9.00,41.00,-3.00,-55.00,-73.00,143.00,-129.00,25.00,-82.00,86.00,45.00,42.00,-45.00,50.00,49.00,7.00,104.00,94.00,156.00,-144.00,-50.00,72.00,77.00,0.00,167.00,-136.00,-72.00,-26.00,-27.00,-59.00,34.00,21.00,-2.00,-32.00,46.00,-36.00,231.00,-129.00,-103.00,-150.00,-194.00,36.00,169.00,49.00,25.00,9.00,12.00,8.00,-44.00,20.00,-38.00,65.00,80.00,120.00,-170.00,-93.00,15.00,-190.00,92.00,149.00,109.00,-25.00,-23.00,-5.00,6.00,-11.00,30.00,8.00,-103.00,25.00,64.00,9.00,154.00,-33.00,-80.00,-73.00,-76.00,-33.00,-138.00,14.00,-31.00,-177.00,-70.00,62.00,-29.00,-107.00,86.00,25.00,-59.00,99.00,33.00,66.00,0.00,0.00,3.00,14.00,40.00,-55.00,21.00,75.00,-74.00,4.00,21.00,11.00,-44.00,31.00,-65.00,91.00,-8.00,-43.00
64.00,9.00,57.00,12.00,-60.00,9.00,-86.00,144.00,-122.00,135.00,-88.00,33.00,-35.00,69.00,26.00,-11.00,-36.00,-3.00,62.00,7.00,-57.00,-46.00,94.00,-290.00,97.00,-2.00,35.00,20.00,25.00,-4.00,-30.00,-6.00,78.00,5.00,5.00,-25.00,6.00,1.00,3.00,80.00,-188.00,27.00,-25.00,298.00,-27.00,-86.00,33.00,-13.00,-9.00,6.00,57.00,-39.00,76.00,-46.00,29.00,27.00,-44.00,61.00,-105.00,-8.00,14.00,-10.00,0.00,-96.00,-108.00,-28.00,-72.00,-186.00,160.00,125.00,244.00,-63.00,62.00,-64.00,-17.00,108.00,22.00,-4.00,63.00,-16.00,-112.00,16.00,25.00,-15.00,45.00,43.00,-47.00,-24.00,22.00,-81.00,42.00,14.00,-81.00,86.00,-89.00,-53.00,31.00,-33.00,87.00,3.00,-60.00,-31.00,-15.00,-13.00,-64.00,20.00,-115.00,-75.00,89.00,-96.00,-43.00,100.00,-101.00,-86.00,10.00,160.00,70.00,-119.00,-49.00,3.00,-24.00,-34.00,119.00,22.00,15.00,8.00,15.00,121.00,124.00,106.00,-178.00,-93.00,-179.00,43.00,161.00,11.00,3.00,-11.00,26.00,16.00,-21.00,23.00,40.00,-56.00,168.00,38.00,-142.00,-53.00,-86.00,-202.00,52.00,180.00,53.00,101.00,-14.00,-17.00,-9.00,60.00,-77.00,76.00,24.00,-68.00,76.00,55.00,161.00,-70.00,56.00,-121.00,-70.00,-71.00,-25.00,146.00,42.00,-79.00,-17.00,9.00,-40.00,-89.00,-18.00,102.00,-191.00,-10.00,126.00,44.00,1.00,0.00,62.00,-147.00,84.00,3.00,87.00,-150.00,45.00,24.00,-37.00,98.00,-68.00,14.00,-6.00,31.00
-77.00,-47.00,-86.00,-69.00,45.00,-32.00,-75.00,113.00,-65.00,-58.00,38.00,-61.00,59.00,-37.00,-34.00,75.00,56.00,-25.00,-22.00,-6.00,-13.00,206.00,30.00,80.00,33.00,-15.00,-23.00,-11.00,-3.00,-7.00,12.00,72.00,-272.00,76.00,2.00,6.00,47.00,5.00,-1.00,1.00,140.00,-104.00,-32.00,-287.00,-157.00,159.00,-28.00,1.00,37.00,12.00,3.00,-69.00,-45.00,25.00,-24.00,17.00,-47.00,-26.00,129.00,-99.00,21.00,-142.00,-5.00,129.00,156.00,-87.00,183.00,253.00,-191.00,-86.00,177.00,13.00,-120.00,25.00,70.00,33.00,-7.00,11.00,-43.00,-83.00,10.00,-79.00,81.00,5.00,-68.00,21.00,-2.00,-3.00,-12.00,-13.00,35.00,17.00,-126.00,58.00,149.00,-78.00,-79.00,161.00,-40.00,-29.00,56.00,40.00,1.00,2.00,52.00,37.00,-50.00,23.00,-33.00,-70.00,-37.00,52.00,-12.00,-80.00,69.00,-21.00,-30.00,140.00,-19.00,-75.00,-29.00,-26.00,-9.00,-152.00,82.00,-2.00,-4.00,-46.00,50.00,-10.00,224.00,-80.00,-85.00,-53.00,-198.00,62.00,130.00,24.00,-14.00,-25.00,24.00,-2.00,3.00,-49.00,9.00,50.00,106.00,54.00,-168.00,-54.00,-90.00,-156.00,-84.00,92.00,93.00,48.00,-7.00,-6.00,-65.00,49.00,38.00,-65.00,18.00,-58.00,87.00,53.00,69.00,115.00,9.00,-174.00,73.00,-176.00,70.00,134.00,-68.00,-36.00,11.00,-14.00,-38.00,-55.00,-71.00,141.00,-137.00,7.00,88.00,83.00,76.00,-87.00,43.00,-11.00,16.00,75.00,-144.00,132.00,-10.00,69.00,-71.00,55.00,23.00,-87.00
111.00,-6.00,32.00,89.00,-35.00,-58.00,-123.00,130.00,-133.00,153.00,33.00,-61.00,-4.00,38.00,-74.00,41.00,-35.00,-12.00,36.00,-27.00,46.00,-217.00,-67.00,25.00,-60.00,60.00,2.00,0.00,-11.00,75.00,-2.00,20.00,-9.00,90.00,-1.00,50.00,-207.00,40.00,4.00,-11.00,48.00,-62.00,-53.00,341.00,21.00,-149.00,3.00,-2.00,-11.00,1.00,41.00,39.00,93.00,-22.00,-48.00,8.00,-16.00,30.00,-84.00,138.00,-234.00,443.00,-205.00,230.00,116.00,62.00,-147.00,16.00,32.00,46.00,-162.00,-74.00,-106.00,14.00,23.00,-55.00,52.00,-47.00,-122.00,213.00,-68.00,177.00,-112.00,-19.00,55.00,-34.00,74.00,54.00,-85.00,198.00,-236.00,141.00,124.00,54.00,129.00,-81.00,-60.00,-32.00,-5.00,46.00,-106.00,-5.00,-5.00,-14.00,-89.00,-35.00,94.00,-58.00,100.00,-99.00,-34.00,48.00,-50.00,56.00,-31.00,-40.00,4.00,-95.00,55.00,72.00,-131.00,-61.00,14.00,-103.00,109.00,22.00,-20.00,6.00,-19.00,-48.00,-37.00,82.00,79.00,-178.00,-3.00,-66.00,-85.00,53.00,113.00,19.00,-40.00,64.00,22.00,-57.00,53.00,-10.00,0.00,-4.00,178.00,12.00,-127.00,-58.00,-41.00,-156.00,57.00,32.00,96.00,4.00,33.00,2.00,47.00,-104.00,42.00,-19.00,12.00,-1.00,3.00,-7.00,107.00,74.00,103.00,-230.00,99.00,51.00,-74.00,90.00,-105.00,-45.00,0.00,-2.00,10.00,-56.00,-44.00,-81.00,86.00,-132.00,10.00,93.00,-23.00,49.00,18.00,17.00,43.00,-124.00,-32.00,-61.00,-40.00,71.00,45.00,16.00
55.00,-200.00,72.00,27.00,24.00,223.00,-105.00,76.00,-47.00,-40.00,-2.00,16.00,-15.00,83.00,-103.00,132.00,-82.00,-28.00,41.00,27.00,-37.00,-18.00,122.00,44.00,47.00,-162.00,37.00,-5.00,69.00,-235.00,53.00,-6.00,94.00,-212.00,78.00,7.00,46.00,104.00,2.00,10.00,-6.00,133.00,-329.00,321.00,-124.00,-142.00,244.00,-44.00,-31.00,-7.00,10.00,32.00,-193.00,66.00,90.00,-42.00,3.00,-4.00,23.00,58.00,96.00,-217.00,-32.00,-158.00,-114.00,17.00,39.00,-139.00,87.00,5.00,-31.00,60.00,38.00,28.00,-16.00,-21.00,-9.00,-2.00,151.00,-146.00,37.00,-92.00,110.00,39.00,5.00,43.00,-5.00,-17.00,-64.00,-84.00,257.00,-62.00,-201.00,83.00,-98.00,110.00,90.00,250.00,-54.00,-32.00,14.00,-2.00,-39.00,31.00,-48.00,-46.00,36.00,-110.00,224.00,-125.00,-44.00,89.00,-26.00,-38.00,119.00,-135.00,92.00,137.00,-7.00,37.00,73.00,98.00,-104.00,-80.00,98.00,45.00,103.00,7.00,6.00,16.00,-41.00,9.00,51.00,183.00,-172.00,-106.00,-40.00,-156.00,80.00,1.00,46.00,130.00,35.00,-70.00,9.00,32.00,-30.00,13.00,36.00,24.00,116.00,43.00,-144.00,-63.00,-71.00,-170.00,119.00,24.00,-4.00,141.00,38.00,-92.00,56.00,39.00,-67.00,26.00,13.00,-43.00,12.00,15.00,68.00,-198.00,79.00,64.00,-180.00,226.00,-58.00,104.00,-83.00,-36.00,-45.00,7.00,9.00,-14.00,-51.00,-60.00,168.00,-221.00,41.00,66.00,10.00,59.00,-30.00,37.00,-21.00,87.00,-61.00,-24.00,-24.00,37.00
-33.00,173.00,29.00,-154.00,-106.00,59.00,-4.00,24.00,-73.00,88.00,-56.00,49.00,-67.00,-33.00,85.00,-109.00,60.00,29.00,-43.00,-5.00,25.00,-19.00,-66.00,73.00,39.00,60.00,-31.00,12.00,-6.00,76.00,7.00,-7.00,90.00,-239.00,65.00,7.00,88.00,-341.00,80.00,0.00,-3.00,-26.00,228.00,-195.00,13.00,119.00,-281.00,161.00,85.00,-52.00,-44.00,56.00,56.00,-40.00,-50.00,29.00,-16.00,5.00,-42.00,-38.00,26.00,66.00,82.00,-11.00,-85.00,-65.00,84.00,-33.00,-76.00,41.00,20.00,5.00,8.00,19.00,45.00,-58.00,22.00,47.00,-192.00,-37.00,102.00,-12.00,-121.00,40.00,-110.00,-76.00,32.00,47.00,141.00,98.00,-141.00,60.00,172.00,-108.00,-22.00,-123.00,-88.00,-118.00,-46.00,38.00,8.00,71.00,-16.00,15.00,54.00,-35.00,49.00,227.00,-1.00,-90.00,-52.00,32.00,43.00,4.00,19.00,68.00,-43.00,9.00,-28.00,-24.00,72.00,-120.00,121.00,-175.00,-147.00,-68.00,-196.00,225.00,58.00,59.00,53.00,-10.00,-14.00,15.00,106.00,192.00,-95.00,-114.00,-102.00,-160.00,117.00,-55.00,142.00,-83.00,57.00,-9.00,6.00,-22.00,6.00,7.00,-5.00,34.00,119.00,10.00,-151.00,-36.00,-87.00,-151.00,232.00,-335.00,249.00,-144.00,56.00,43.00,-72.00,34.00,74.00,-113.00,68.00,22.00,35.00,76.00,-31.00,99.00,-158.00,100.00,-7.00,53.00,17.00,7.00,26.00,-98.00,-33.00,-18.00,9.00,14.00,-60.00,18.00,-102.00,60.00,45.00,-58.00,48.00,33.00,-51.00,67.00,-68.00,14.00,-55.00,88.00
78.00,-29.00,-49.00,198.00,51.00,32.00,-72.00,8.00,5.00,7.00,-24.00,-6.00,9.00,-2.00,-2.00,-2.00,-17.00,-72.00,116.00,-42.00,-10.00,38.00,-98.00,-121.00,13.00,117.00,69.00,-18.00,-1.00,-6.00,6.00,-4.00,-7.00,72.00,33.00,-34.00,22.00,86.00,83.00,0.00,9.00,-5.00,55.00,-187.00,18.00,9.00,138.00,-146.00,26.00,-26.00,45.00,-32.00,11.00,-63.00,144.00,-106.00,74.00,-45.00,37.00,-88.00,44.00,-42.00,-61.00,190.00,6.00,-34.00,68.00,22.00,84.00,-89.00,95.00,-40.00,-13.00,-15.00,-27.00,94.00,-61.00,-166.00,197.00,-125.00,111.00,87.00,90.00,-60.00,50.00,127.00,-64.00,61.00,-76.00,-76.00,-16.00,-24.00,-88.00,9.00,-7.00,45.00,4.00,32.00,-4.00,-4.00,-57.00,-35.00,-63.00,179.00,-172.00,234.00,33.00,-162.00,23.00,-57.00,-47.00,105.00,-20.00,33.00,-21.00,29.00,-154.00,32.00,-92.00,9.00,-27.00,84.00,29.00,259.00,-3.00,-168.00,-32.00,-135.00,-150.00,102.00,8.00,2.00,9.00,-40.00,-27.00,54.00,39.00,194.00,-61.00,-146.00,-156.00,-121.00,36.00,13.00,98.00,12.00,-6.00,-28.00,40.00,32.00,-19.00,-8.00,15.00,73.00,109.00,21.00,-167.00,-37.00,-82.00,-40.00,89.00,-69.00,200.00,102.00,-79.00,22.00,65.00,-126.00,59.00,120.00,-280.00,111.00,-7.00,73.00,-152.00,92.00,32.00,-33.00,-71.00,125.00,-27.00,19.00,21.00,-74.00,-48.00,-52.00,-20.00,-7.00,-9.00,-26.00,-138.00,132.00,34.00,40.00,47.00,124.00,-92.00,38.00,-4.00,-36.00
123.00,-5.00,-5.00,34.00,-56.00,123.00,-92.00,106.00,-68.00,19.00,12.00,53.00,12.00,-34.00,25.00,3.00,98.00,-19.00,-76.00,79.00,-18.00,45.00,-169.00,216.00,-136.00,-22.00,-218.00,74.00,-1.00,55.00,1.00,-6.00,4.00,13.00,-25.00,-29.00,31.00,81.00,-358.00,97.00,-3.00,-30.00,-24.00,291.00,-112.00,-68.00,-12.00,-194.00,233.00,-70.00,60.00,-35.00,43.00,56.00,-111.00,68.00,-80.00,58.00,-72.00,36.00,-73.00,-68.00,122.00,-192.00,174.00,97.00,16.00,11.00,44.00,57.00,85.00,-3.00,-44.00,-12.00,30.00,-76.00,183.00,-162.00,102.00,-163.00,168.00,-151.00,-58.00,121.00,51.00,-184.00,62.00,40.00,-75.00,22.00,-4.00,-26.00,27.00,9.00,-21.00,6.00,10.00,-27.00,6.00,1.00,22.00,-10.00,4.00,-69.00,18.00,-97.00,-38.00,5.00,57.00,-72.00,15.00,27.00,-86.00,-2.00,161.00,-61.00,66.00,25.00,115.00,-110.00,29.00,-73.00,4.00,-4.00,58.00,115.00,56.00,-92.00,-104.00,81.00,131.00,91.00,-5.00,-2.00,17.00,-103.00,-121.00,54.00,90.00,139.00,46.00,-162.00,-145.00,-19.00,7.00,135.00,87.00,-56.00,17.00,-12.00,18.00,-23.00,2.00,47.00,-30.00,29.00,184.00,-36.00,-147.00,-72.00,-75.00,-38.00,-69.00,-56.00,59.00,147.00,79.00,-170.00,75.00,107.00,-218.00,36.00,13.00,92.00,-147.00,98.00,0.00,29.00,52.00,8.00,4.00,-9.00,79.00,6.00,-75.00,78.00,-55.00,-50.00,-12.00,6.00,20.00,-55.00,-80.00,-90.00,-23.00,-10.00,0.00,145.00,-28.00,9.00
132.00,-114.00,-2.00,-66.00,-6.00,-33.00,-77.00,120.00,-49.00,52.00,-46.00,-33.00,-39.00,16.00,-8.00,87.00,-26.00,-32.00,-38.00,59.00,0.00,13.00,-35.00,33.00,106.00,-141.00,72.00,39.00,47.00,-244.00,60.00,7.00,-13.00,-16.00,65.00,26.00,-49.00,36.00,93.00,86.00,2.00,15.00,-2.00,38.00,-195.00,41.00,18.00,121.00,-258.00,30.00,123.00,-97.00,-5.00,15.00,30.00,16.00,-2.00,-55.00,34.00,5.00,26.00,104.00,-158.00,145.00,-227.00,112.00,-23.00,5.00,-23.00,35.00,-82.00,4.00,87.00,-8.00,19.00,96.00,-110.00,-13.00,31.00,-149.00,113.00,100.00,160.00,-63.00,-4.00,133.00,-118.00,58.00,-10.00,-49.00,13.00,-7.00,-20.00,1.00,27.00,-16.00,1.00,4.00,6.00,4.00,5.00,-7.00,7.00,-2.00,-2.00,15.00,-24.00,27.00,16.00,-65.00,31.00,-73.00,207.00,-128.00,-184.00,108.00,107.00,68.00,101.00,-71.00,179.00,67.00,92.00,-59.00,10.00,-11.00,44.00,69.00,-148.00,-142.00,-103.00,-180.00,196.00,90.00,-16.00,58.00,14.00,55.00,15.00,-26.00,87.00,111.00,-97.00,43.00,-138.00,-201.00,61.00,159.00,153.00,-43.00,14.00,-47.00,7.00,43.00,-25.00,33.00,9.00,52.00,147.00,29.00,-165.00,-52.00,-26.00,-37.00,-67.00,-223.00,294.00,-160.00,84.00,67.00,-107.00,96.00,-165.00,142.00,-140.00,53.00,24.00,11.00,-28.00,4.00,11.00,47.00,34.00,30.00,122.00,100.00,-189.00,96.00,-86.00,-57.00,-31.00,-8.00,20.00,-17.00,-5.00,-113.00,150.00,-68.00,71.00,40.00
-160.00,35.00,-3.00,-6.00,26.00,14.00,-114.00,67.00,-24.00,15.00,3.00,-16.00,-41.00,103.00,-72.00,-96.00,88.00,-16.00,39.00,-70.00,7.00,-23.00,0.00,115.00,72.00,36.00,-131.00,140.00,-7.00,79.00,4.00,39.00,-11.00,4.00,86.00,-233.00,81.00,-5.00,87.00,-369.00,88.00,-14.00,2.00,3.00,142.00,-53.00,3.00,34.00,81.00,-24.00,143.00,-33.00,24.00,-77.00,54.00,-72.00,134.00,-71.00,50.00,-59.00,18.00,-56.00,55.00,-23.00,129.00,-244.00,123.00,-43.00,-38.00,-35.00,5.00,-39.00,-30.00,34.00,-31.00,1.00,-64.00,57.00,164.00,-115.00,46.00,-36.00,-161.00,-31.00,-62.00,-67.00,102.00,-89.00,-25.00,42.00,-78.00,-3.00,35.00,-3.00,-8.00,3.00,8.00,-8.00,-7.00,-2.00,13.00,18.00,0.00,4.00,-3.00,11.00,23.00,-6.00,72.00,-84.00,29.00,-5.00,-121.00,234.00,-73.00,-23.00,-100.00,-43.00,-76.00,79.00,-181.00,-8.00,-232.00,73.00,48.00,-20.00,12.00,-15.00,131.00,72.00,-152.00,-32.00,-99.00,-163.00,109.00,-3.00,25.00,-31.00,29.00,63.00,-44.00,19.00,107.00,70.00,-146.00,-50.00,-77.00,-207.00,-9.00,193.00,91.00,-3.00,-10.00,16.00,-11.00,-8.00,11.00,-5.00,11.00,37.00,156.00,19.00,-104.00,-82.00,-25.00,1.00,-184.00,105.00,97.00,38.00,93.00,126.00,-239.00,175.00,-116.00,28.00,48.00,-29.00,14.00,49.00,0.00,-1.00,-16.00,20.00,-30.00,0.00,179.00,10.00,-40.00,141.00,-71.00,-63.00,-30.00,13.00,-6.00,5.00,-24.00,-52.00,-122.00,163.00
108.00,-64.00,45.00,-48.00,26.00,7.00,-98.00,83.00,-30.00,30.00,1.00,2.00,24.00,-41.00,-12.00,103.00,-38.00,20.00,-30.00,65.00,23.00,-37.00,7.00,-197.00,128.00,-110.00,52.00,-225.00,70.00,10.00,-9.00,-58.00,32.00,-3.00,81.00,-247.00,91.00,10.00,6.00,103.00,81.00,9.00,-3.00,-2.00,66.00,-114.00,-32.00,-58.00,-10.00,-286.00,277.00,-126.00,-3.00,10.00,3.00,18.00,-140.00,194.00,-106.00,65.00,-102.00,56.00,-3.00,-57.00,-37.00,138.00,-217.00,127.00,8.00,6.00,10.00,-17.00,71.00,-50.00,2.00,56.00,20.00,-76.00,-50.00,-62.00,50.00,21.00,24.00,38.00,-31.00,-17.00,-24.00,-10.00,65.00,-64.00,120.00,-58.00,3.00,8.00,-3.00,23.00,-16.00,10.00,9.00,-7.00,-6.00,0.00,-8.00,6.00,-30.00,4.00,-19.00,-20.00,67.00,-84.00,38.00,-7.00,-15.00,-157.00,246.00,-71.00,-53.00,-25.00,-110.00,81.00,23.00,19.00,95.00,-166.00,199.00,-65.00,20.00,-42.00,1.00,26.00,136.00,-48.00,-97.00,-63.00,69.00,107.00,45.00,6.00,31.00,-99.00,34.00,-3.00,18.00,-48.00,142.00,45.00,-178.00,-6.00,-68.00,-199.00,7.00,145.00,21.00,47.00,-26.00,-24.00,8.00,3.00,16.00,19.00,34.00,-28.00,120.00,7.00,44.00,-100.00,-63.00,-44.00,-158.00,120.00,45.00,-11.00,-187.00,172.00,-119.00,43.00,-36.00,25.00,-24.00,-32.00,-14.00,22.00,15.00,-3.00,30.00,-24.00,12.00,9.00,43.00,-24.00,78.00,41.00,-67.00,-93.00,-46.00,-13.00,-17.00,-11.00,-7.00,-50.00
35.00,-9.00,-15.00,-18.00,26.00,53.00,-125.00,106.00,4.00,-121.00,-14.00,-1.00,36.00,-14.00,33.00,-134.00,26.00,-8.00,5.00,-52.00,10.00,-24.00,58.00,-144.00,92.00,138.00,-126.00,-11.00,35.00,-2.00,9.00,7.00,1.00,-6.00,2.00,112.00,-51.00,10.00,24.00,71.00,-320.00,75.00,6.00,-3.00,-13.00,166.00,-169.00,-22.00,27.00,20.00,96.00,-90.00,-11.00,35.00,12.00,17.00,37.00,-243.00,139.00,68.00,-26.00,-51.00,35.00,-96.00,110.00,-33.00,72.00,-131.00,22.00,-6.00,18.00,10.00,-50.00,-8.00,36.00,-40.00,-18.00,72.00,18.00,46.00,-14.00,-17.00,-57.00,28.00,23.00,-58.00,-33.00,38.00,-119.00,45.00,-31.00,19.00,-38.00,-3.00,-26.00,10.00,-2.00,-10.00,-18.00,-2.00,-19.00,14.00,-15.00,-1.00,6.00,6.00,2.00,19.00,48.00,-84.00,36.00,-88.00,-60.00,8.00,-29.00,-87.00,201.00,-103.00,87.00,-67.00,2.00,-22.00,-19.00,-98.00,187.00,100.00,18.00,-61.00,15.00,6.00,-28.00,164.00,18.00,-169.00,-100.00,-109.00,-123.00,166.00,68.00,31.00,31.00,-13.00,52.00,-58.00,52.00,30.00,218.00,-172.00,-98.00,-34.00,-107.00,-105.00,69.00,117.00,40.00,2.00,6.00,-15.00,-22.00,0.00,6.00,-24.00,1.00,94.00,-56.00,29.00,83.00,-106.00,-76.00,-102.00,-54.00,-51.00,5.00,106.00,-102.00,4.00,49.00,-43.00,-30.00,68.00,-28.00,-14.00,-70.00,-15.00,-35.00,-24.00,-33.00,-37.00,-13.00,-26.00,24.00,-28.00,203.00,-61.00,141.00,-115.00,-5.00,-47.00,-5.00,4.00
-38.00,-14.00,75.00,-128.00,49.00,-30.00,-127.00,122.00,-48.00,40.00,-6.00,-3.00,17.00,1.00,36.00,-11.00,0.00,82.00,1.00,-44.00,22.00,-26.00,36.00,-58.00,193.00,-93.00,-50.00,107.00,63.00,-12.00,6.00,1.00,15.00,-8.00,0.00,40.00,-140.00,48.00,-51.00,14.00,79.00,39.00,-6.00,-1.00,0.00,-15.00,272.00,6.00,31.00,-30.00,29.00,148.00,-33.00,-5.00,-20.00,6.00,34.00,12.00,8.00,-48.00,101.00,3.00,-79.00,91.00,-74.00,-84.00,56.00,-9.00,106.00,-32.00,-4.00,-23.00,25.00,20.00,3.00,-25.00,-32.00,-50.00,-99.00,61.00,6.00,-16.00,2.00,-2.00,-8.00,33.00,-16.00,25.00,69.00,32.00,-10.00,45.00,25.00,5.00,22.00,-9.00,-15.00,2.00,19.00,18.00,12.00,-6.00,-3.00,29.00,-12.00,18.00,3.00,-31.00,50.00,-60.00,-39.00,211.00,15.00,-93.00,-2.00,-2.00,-36.00,45.00,89.00,-16.00,-50.00,110.00,-46.00,63.00,-251.00,-23.00,241.00,-114.00,65.00,55.00,-27.00,-58.00,16.00,157.00,33.00,-141.00,-42.00,-109.00,-126.00,108.00,2.00,51.00,-44.00,-24.00,38.00,4.00,12.00,79.00,139.00,-7.00,-133.00,-92.00,-170.00,94.00,-27.00,63.00,41.00,-16.00,13.00,4.00,-1.00,20.00,-9.00,58.00,-85.00,74.00,54.00,8.00,98.00,-143.00,-34.00,162.00,-170.00,178.00,-112.00,7.00,35.00,68.00,-58.00,33.00,-14.00,-74.00,46.00,-26.00,-8.00,-49.00,-8.00,-62.00,161.00,-71.00,-7.00,-5.00,2.00,38.00,-78.00,153.00,-142.00,152.00,-85.00,-11.00
-13.00,-25.00,-6.00,12.00,-75.00,48.00,20.00,57.00,0.00,-78.00,42.00,-1.00,-7.00,16.00,-77.00,116.00,-46.00,-10.00,-58.00,110.00,-29.00,78.00,-50.00,58.00,-145.00,-88.00,6.00,121.00,-312.00,62.00,10.00,-15.00,-15.00,17.00,-6.00,-2.00,43.00,89.00,4.00,3.00,35.00,-147.00,40.00,-5.00,2.00,110.00,-239.00,-55.00,-68.00,-95.00,369.00,-371.00,175.00,-6.00,2.00,-6.00,-7.00,20.00,31.00,-32.00,20.00,-29.00,-18.00,27.00,-53.00,82.00,-27.00,104.00,-158.00,52.00,167.00,-51.00,67.00,-19.00,-27.00,-15.00,88.00,15.00,15.00,35.00,36.00,17.00,-16.00,0.00,16.00,5.00,37.00,-2.00,-7.00,-14.00,13.00,16.00,-40.00,-7.00,13.00,-37.00,115.00,-40.00,6.00,-33.00,2.00,-18.00,19.00,0.00,-16.00,-5.00,1.00,41.00,5.00,-71.00,-45.00,143.00,-94.00,113.00,-99.00,-6.00,-1.00,-122.00,173.00,24.00,-3.00,-45.00,13.00,16.00,-133.00,-139.00,-40.00,115.00,41.00,97.00,-29.00,36.00,-29.00,6.00,80.00,85.00,-41.00,-108.00,-71.00,102.00,-44.00,45.00,59.00,-18.00,-42.00,-2.00,-32.00,60.00,-7.00,57.00,89.00,76.00,-160.00,-105.00,-158.00,112.00,30.00,63.00,24.00,-11.00,15.00,-4.00,-9.00,32.00,-52.00,23.00,30.00,-36.00,69.00,-9.00,97.00,-197.00,106.00,-14.00,-55.00,33.00,39.00,-20.00,-2.00,39.00,-33.00,57.00,20.00,73.00,40.00,104.00,-80.00,50.00,-10.00,-76.00,124.00,-123.00,82.00,33.00,-32.00,63.00,3.00,75.00,-136.00,32.00
137.00,-12.00,91.00,181.00,-54.00,-21.00,118.00,-138.00,100.00,-63.00,91.00,-62.00,41.00,17.00,-47.00,-48.00,-79.00,133.00,-13.00,-4.00,7.00,-14.00,-11.00,34.00,-161.00,119.00,39.00,-10.00,131.00,1.00,-1.00,-2.00,19.00,0.00,-12.00,8.00,70.00,-203.00,48.00,0.00,-4.00,49.00,-4.00,2.00,2.00,91.00,-166.00,-23.00,-2.00,-78.00,-162.00,120.00,-159.00,32.00,9.00,3.00,-8.00,47.00,78.00,-168.00,65.00,-30.00,43.00,-54.00,57.00,-145.00,41.00,-77.00,106.00,-211.00,81.00,-34.00,26.00,-7.00,31.00,-14.00,54.00,38.00,118.00,170.00,-28.00,-17.00,16.00,-7.00,18.00,-55.00,-1.00,-23.00,-11.00,-1.00,-11.00,19.00,-37.00,-39.00,-42.00,46.00,14.00,-25.00,-9.00,-13.00,-21.00,5.00,30.00,-9.00,8.00,-13.00,11.00,-10.00,67.00,-72.00,-57.00,105.00,-22.00,18.00,84.00,-70.00,-30.00,-17.00,-56.00,-39.00,95.00,-14.00,26.00,-46.00,191.00,-73.00,-78.00,-87.00,-214.00,255.00,-110.00,37.00,-29.00,21.00,-23.00,-12.00,72.00,45.00,-135.00,-148.00,-107.00,59.00,149.00,-9.00,-116.00,34.00,33.00,-5.00,-14.00,57.00,10.00,57.00,32.00,113.00,-91.00,-81.00,-172.00,104.00,47.00,38.00,-34.00,19.00,-16.00,-10.00,-3.00,13.00,7.00,17.00,1.00,33.00,154.00,-224.00,73.00,6.00,-103.00,81.00,33.00,130.00,3.00,20.00,34.00,-72.00,-20.00,-47.00,-34.00,5.00,123.00,-93.00,153.00,-92.00,54.00,96.00,-197.00,112.00,-55.00,61.00,-28.00,-49.00,131.00,-32.00
91.00,106.00,-135.00,-140.00,68.00,257.00,-5.00,-113.00,103.00,-77.00,4.00,35.00,-7.00,-7.00,6.00,-163.00,92.00,-80.00,13.00,-68.00,26.00,-8.00,-11.00,26.00,-154.00,209.00,70.00,106.00,-11.00,117.00,-8.00,5.00,-4.00,2.00,12.00,-11.00,61.00,-181.00,148.00,4.00,2.00,-9.00,10.00,-14.00,-4.00,-19.00,269.00,-145.00,1.00,-158.00,540.00,-94.00,-253.00,237.00,-47.00,-16.00,-22.00,-19.00,-3.00,40.00,-98.00,170.00,-13.00,-21.00,-203.00,249.00,-276.00,140.00,5.00,79.00,-253.00,217.00,-115.00,-15.00,-15.00,23.00,-140.00,-136.00,-157.00,-150.00,-59.00,-28.00,-60.00,2.00,-13.00,18.00,36.00,19.00,22.00,27.00,37.00,-13.00,62.00,91.00,-26.00,18.00,-144.00,116.00,-10.00,66.00,48.00,8.00,-114.00,65.00,18.00,8.00,18.00,-10.00,40.00,-67.00,-45.00,82.00,-26.00,21.00,-13.00,41.00,61.00,-74.00,-16.00,-7.00,-74.00,184.00,12.00,-62.00,64.00,208.00,-206.00,-41.00,-85.00,-87.00,230.00,169.00,-45.00,-36.00,136.00,-57.00,-21.00,43.00,97.00,84.00,-155.00,-30.00,-208.00,142.00,88.00,13.00,-9.00,28.00,-31.00,14.00,-9.00,0.00,56.00,-6.00,-17.00,-116.00,-48.00,-44.00,-168.00,111.00,101.00,83.00,8.00,4.00,0.00,-8.00,-8.00,4.00,8.00,23.00,-10.00,-46.00,52.00,34.00,-73.00,18.00,-132.00,-26.00,42.00,83.00,34.00,58.00,41.00,43.00,77.00,39.00,-79.00,-47.00,6.00,-77.00,96.00,-24.00,45.00,-41.00,-69.00,63.00,-12.00,-11.00,-8.00,70.00
-58.00,-43.00,112.00,-261.00,52.00,-241.00,5.00,-80.00,130.00,-130.00,85.00,-45.00,-115.00,-90.00,163.00,193.00,-82.00,-50.00,-9.00,57.00,-56.00,92.00,-44.00,41.00,-62.00,205.00,-240.00,-86.00,-95.00,-193.00,100.00,2.00,-9.00,14.00,-5.00,5.00,1.00,142.00,-246.00,80.00,3.00,-7.00,14.00,-5.00,2.00,-41.00,209.00,-154.00,-13.00,-11.00,-247.00,158.00,162.00,-260.00,129.00,-8.00,-9.00,18.00,10.00,13.00,-26.00,-35.00,-68.00,-26.00,284.00,-70.00,170.00,-141.00,-9.00,172.00,99.00,-249.00,187.00,-14.00,14.00,-114.00,35.00,50.00,13.00,18.00,40.00,-25.00,21.00,-27.00,-40.00,-7.00,51.00,-21.00,-34.00,-59.00,-27.00,-11.00,-113.00,-5.00,-98.00,-13.00,-30.00,-89.00,-104.00,-29.00,-46.00,-13.00,-14.00,-47.00,-66.00,24.00,-87.00,1.00,21.00,-77.00,-27.00,92.00,-9.00,-53.00,-38.00,-48.00,-20.00,0.00,-99.00,-9.00,-39.00,-37.00,-79.00,32.00,131.00,-121.00,155.00,67.00,-108.00,-67.00,-151.00,-171.00,121.00,139.00,46.00,-24.00,-19.00,10.00,-17.00,60.00,114.00,-103.00,-128.00,3.00,-4.00,89.00,52.00,12.00,-48.00,30.00,61.00,-22.00,35.00,-82.00,82.00,156.00,-19.00,-137.00,-50.00,-63.00,-182.00,79.00,128.00,28.00,-18.00,2.00,-18.00,41.00,-31.00,111.00,-258.00,132.00,-6.00,115.00,-86.00,16.00,7.00,-29.00,-117.00,-15.00,33.00,-3.00,-41.00,-84.00,-28.00,-40.00,-11.00,39.00,48.00,-26.00,-7.00,-7.00,52.00,42.00,93.00,-132.00,6.00,-20.00,2.00,-19.00
26.00,4.00,4.00,11.00,35.00,-32.00,-13.00,-85.00,74.00,-18.00,-36.00,-26.00,190.00,-105.00,-16.00,-41.00,19.00,246.00,-14.00,-57.00,6.00,-36.00,82.00,-57.00,96.00,-174.00,86.00,-46.00,-7.00,-91.00,93.00,-5.00,-4.00,13.00,0.00,-13.00,-20.00,102.00,-275.00,77.00,-3.00,3.00,-12.00,14.00,-7.00,-2.00,51.00,-73.00,-53.00,26.00,-87.00,99.00,83.00,-184.00,15.00,15.00,-30.00,11.00,22.00,-7.00,40.00,-140.00,248.00,-103.00,-160.00,18.00,19.00,71.00,-66.00,-95.00,-24.00,203.00,-348.00,208.00,-38.00,100.00,-12.00,83.00,113.00,42.00,73.00,53.00,90.00,114.00,83.00,179.00,-183.00,-164.00,158.00,-89.00,-32.00,120.00,59.00,15.00,17.00,-17.00,56.00,57.00,38.00,34.00,23.00,7.00,33.00,20.00,21.00,12.00,37.00,13.00,105.00,-97.00,-30.00,59.00,-205.00,108.00,-12.00,28.00,31.00,47.00,107.00,-115.00,-64.00,-21.00,40.00,-207.00,118.00,91.00,42.00,-116.00,218.00,-195.00,-136.00,-84.00,-82.00,58.00,167.00,-30.00,-32.00,-2.00,5.00,14.00,-17.00,11.00,62.00,44.00,-184.00,-120.00,-59.00,189.00,51.00,-36.00,-9.00,8.00,74.00,-75.00,53.00,-27.00,75.00,118.00,-30.00,-120.00,-53.00,-67.00,-194.00,90.00,215.00,-7.00,-14.00,35.00,-13.00,61.00,-212.00,96.00,-27.00,83.00,-98.00,15.00,-54.00,0.00,-2.00,-8.00,-130.00,104.00,45.00,46.00,61.00,-68.00,-19.00,-81.00,53.00,-12.00,10.00,-63.00,19.00,-44.00,31.00,58.00,-34.00,16.00,8.00,42.00
10.00,-6.00,49.00,10.00,11.00,128.00,-91.00,-65.00,96.00,-16.00,-38.00,167.00,-45.00,5.00,94.00,-169.00,112.00,-124.00,-13.00,-9.00,78.00,-58.00,19.00,-17.00,14.00,-129.00,257.00,-111.00,17.00,-111.00,194.00,-4.00,1.00,-5.00,-1.00,1.00,35.00,-5.00,84.00,52.00,-15.00,2.00,-9.00,8.00,0.00,28.00,-106.00,340.00,-152.00,-41.00,-68.00,-36.00,65.00,199.00,-344.00,219.00,-19.00,-5.00,-9.00,23.00,8.00,79.00,-347.00,332.00,31.00,-34.00,99.00,-5.00,-41.00,28.00,-21.00,-82.00,-16.00,115.00,-168.00,96.00,58.00,22.00,-49.00,-35.00,59.00,145.00,-327.00,-200.00,-295.00,220.00,9.00,191.00,-50.00,18.00,7.00,-27.00,-28.00,22.00,12.00,-8.00,1.00,-1.00,3.00,-4.00,10.00,2.00,7.00,1.00,7.00,6.00,15.00,-38.00,70.00,-112.00,-23.00,8.00,200.00,40.00,58.00,4.00,10.00,3.00,13.00,90.00,140.00,-150.00,36.00,-161.00,308.00,-176.00,110.00,-179.00,182.00,68.00,238.00,-135.00,-67.00,-190.00,60.00,160.00,91.00,-15.00,-46.00,16.00,49.00,-64.00,-3.00,55.00,56.00,-122.00,-37.00,-145.00,-92.00,204.00,72.00,2.00,21.00,-89.00,40.00,-18.00,15.00,7.00,69.00,101.00,4.00,-129.00,-46.00,-88.00,-209.00,107.00,119.00,62.00,-35.00,22.00,30.00,8.00,6.00,87.00,-123.00,91.00,83.00,-89.00,-54.00,-4.00,36.00,-64.00,-123.00,75.00,61.00,62.00,-37.00,-88.00,37.00,-22.00,-10.00,-16.00,7.00,-9.00,24.00,7.00,-41.00,7.00,-91.00,87.00
33.00,7.00,9.00,16.00,20.00,90.00,-134.00,103.00,-37.00,-17.00,-48.00,-38.00,69.00,-31.00,48.00,263.00,-141.00,-74.00,91.00,29.00,-93.00,79.00,-35.00,22.00,9.00,-89.00,298.00,-123.00,11.00,-25.00,-181.00,106.00,-13.00,-19.00,17.00,-2.00,-12.00,24.00,-9.00,-2.00,1.00,-2.00,10.00,-9.00,39.00,-23.00,172.00,-164.00,-75.00,16.00,-102.00,-124.00,52.00,33.00,226.00,-241.00,34.00,9.00,-13.00,19.00,17.00,33.00,39.00,-113.00,-67.00,27.00,9.00,-49.00,-24.00,10.00,35.00,40.00,69.00,-207.00,275.00,-175.00,-107.00,-120.00,59.00,90.00,-356.00,-40.00,186.00,127.00,-106.00,-99.00,19.00,-30.00,17.00,6.00,22.00,-8.00,-6.00,45.00,18.00,13.00,-6.00,-1.00,-30.00,-10.00,11.00,4.00,0.00,8.00,-11.00,-4.00,-49.00,64.00,75.00,-125.00,-45.00,96.00,-75.00,-19.00,-32.00,-6.00,-7.00,-18.00,32.00,43.00,-9.00,114.00,-102.00,-81.00,1.00,116.00,71.00,-165.00,151.00,43.00,41.00,145.00,-167.00,-141.00,-124.00,-122.00,19.00,178.00,13.00,75.00,19.00,-158.00,108.00,-41.00,128.00,40.00,-152.00,-82.00,-48.00,-7.00,-170.00,137.00,45.00,-100.00,27.00,16.00,3.00,-13.00,4.00,28.00,47.00,89.00,73.00,-124.00,-24.00,-98.00,-115.00,116.00,34.00,81.00,28.00,-35.00,6.00,111.00,-140.00,107.00,-57.00,116.00,78.00,-49.00,-60.00,34.00,-18.00,-47.00,-132.00,131.00,93.00,14.00,2.00,-29.00,76.00,-109.00,109.00,10.00,1.00,54.00,-37.00,-13.00,2.00,26.00
-32.00,-30.00,-39.00,-24.00,-31.00,47.00,-68.00,0.00,85.00,-11.00,-43.00,193.00,-275.00,161.00,-237.00,-145.00,89.00,48.00,-52.00,-60.00,46.00,-75.00,-3.00,8.00,-37.00,129.00,-300.00,72.00,-14.00,-3.00,-110.00,98.00,20.00,16.00,-4.00,28.00,-36.00,-38.00,29.00,-62.00,10.00,7.00,-10.00,45.00,-169.00,39.00,10.00,-38.00,137.00,10.00,333.00,-13.00,69.00,-95.00,75.00,-201.00,175.00,-32.00,-17.00,-22.00,-16.00,-28.00,4.00,31.00,119.00,-206.00,58.00,13.00,27.00,11.00,-10.00,-19.00,-4.00,110.00,-351.00,218.00,117.00,68.00,-5.00,-9.00,322.00,-123.00,56.00,64.00,77.00,158.00,-28.00,-10.00,-11.00,1.00,7.00,-15.00,111.00,-188.00,15.00,43.00,-16.00,-24.00,128.00,-15.00,-1.00,-8.00,1.00,1.00,9.00,0.00,-36.00,67.00,222.00,-143.00,14.00,-81.00,101.00,-9.00,-10.00,1.00,-27.00,118.00,-115.00,-219.00,72.00,1.00,176.00,-52.00,-205.00,-99.00,156.00,-82.00,-218.00,129.00,-164.00,69.00,170.00,358.00,-38.00,-68.00,-233.00,-167.00,102.00,36.00,64.00,-105.00,50.00,-29.00,-10.00,83.00,215.00,186.00,-62.00,-67.00,-95.00,-120.00,137.00,-112.00,125.00,-37.00,28.00,-13.00,-23.00,6.00,2.00,31.00,106.00,133.00,-3.00,-9.00,-32.00,-252.00,100.00,-309.00,68.00,96.00,-293.00,170.00,-139.00,106.00,-58.00,-49.00,-20.00,-17.00,174.00,-52.00,10.00,-18.00,44.00,-138.00,-210.00,108.00,-20.00,-30.00,74.00,72.00,-182.00,50.00,0.00,44.00,-29.00,-47.00,82.00,-44.00
