156,156,156,156,156,156,156,156,156,155,155,155,155,155,155,156,157,157,158,158,158,158,158,158,158,158,158,157,157,157,157,156,156,156,155,155,154,154,154,154,154,154,154,155,155,155,155,155,155,155,155,155,155,156,156,156,156,156,156,156,156,156,156,156,156,156,156,156,157,157,157,158,158,157,157,157,157,157,157,156,156,157,157,156,156,156,157,157,157,158,158,158,157,157,157,157,157,157,156,155,155,154,154,154,153,153,152,151,151,150,150,150,150,150,151,151,151,151,151,151,151,151,151,151,151,151,151,151,151,151,151,152,152,152,153,153,153,153,153,154,155,156,156,157,157,158,158,158,158,159,159,159,159,158,159,159,159,160,159,160,160,159,152,140,130,128,123,121,108,108,108,124,129,132,129,129,132,132,136,132,133,133,139,139,144,148,151,139,127,120,124,135,141,148,144,136,127,124,128,129
156,156,156,156,156,156,156,156,156,156,155,155,155,155,155,156,157,157,158,158,158,158,158,158,158,158,157,157,157,156,157,156,156,156,155,155,154,154,154,154,154,154,154,155,155,155,155,154,154,154,155,155,155,155,155,155,156,156,156,156,156,156,156,156,156,156,156,156,157,157,157,158,158,157,157,157,157,157,157,157,157,157,157,157,157,157,157,157,157,158,158,158,158,157,157,157,157,157,156,155,155,154,154,154,153,152,152,151,150,150,150,150,150,150,150,150,150,150,151,151,151,151,151,151,151,151,150,151,151,151,151,152,152,152,152,153,153,153,153,154,155,156,156,157,157,158,158,158,159,159,160,160,159,159,159,159,159,160,160,160,156,152,145,139,131,128,125,122,108,106,105,122,127,131,129,129,131,132,136,133,134,134,140,140,144,147,148,137,131,125,130,135,143,140,130,122,122,125,128,130
156,156,156,156,156,156,156,156,156,156,155,155,155,155,156,156,157,157,157,157,158,157,157,157,157,157,157,157,156,156,156,156,156,156,155,155,155,154,154,153,153,154,154,154,154,154,154,154,154,154,154,154,155,155,155,155,155,156,156,156,156,156,156,156,156,156,156,156,157,157,157,157,157,157,157,157,157,157,157,157,157,157,157,157,157,157,157,157,158,158,158,158,158,157,157,157,157,156,155,154,154,153,153,153,152,152,151,150,150,149,149,149,149,149,149,150,150,150,150,150,150,150,150,150,150,150,149,150,150,150,150,151,151,152,152,152,153,153,154,154,155,156,156,157,158,158,159,159,160,160,161,160,160,160,160,159,160,160,160,157,149,141,135,134,131,133,130,124,105,101,96,114,121,132,131,131,131,134,139,133,134,134,141,141,145,142,144,131,132,130,139,139,136,127,121,118,123,132,136,137
156,156,156,156,156,156,156,156,156,156,155,155,155,155,155,156,157,157,157,157,157,157,157,157,157,157,156,156,156,156,156,156,156,156,156,155,155,154,154,153,154,154,154,154,154,154,154,154,154,154,154,154,154,154,155,155,155,155,155,155,155,156,156,156,156,156,156,156,156,157,157,157,157,157,157,156,157,157,157,157,157,157,157,157,157,157,157,157,157,158,158,158,157,157,157,156,156,155,154,154,153,153,153,152,152,151,150,150,149,149,149,148,148,148,148,149,149,149,149,149,149,149,149,150,149,149,149,149,150,150,150,150,151,151,151,152,152,153,154,155,155,156,157,158,158,159,160,161,161,161,161,161,160,160,160,159,160,156,153,146,139,133,131,134,135,138,131,126,105,99,90,108,119,133,133,132,132,135,140,134,135,134,144,138,141,136,143,138,144,137,136,129,129,123,118,120,127,136,136,138
156,156,156,156,156,156,156,156,156,156,155,155,155,155,155,156,156,157,157,157,157,157,157,157,156,156,156,156,156,156,156,156,156,156,156,155,155,155,154,154,154,154,154,154,154,154,154,154,154,154,153,153,154,154,154,155,155,155,155,155,155,155,156,156,156,156,156,156,156,156,156,156,157,157,157,156,157,157,157,157,157,157,157,157,157,157,157,157,157,157,157,157,157,156,156,155,155,154,154,154,153,153,153,152,151,151,150,149,148,148,147,147,147,147,147,148,148,148,148,149,149,149,149,149,149,149,149,149,149,149,150,150,150,151,151,152,153,154,154,155,156,157,158,159,159,160,161,161,161,161,161,161,160,160,159,159,156,149,142,136,135,133,135,137,135,136,127,128,111,103,90,105,121,135,135,133,134,137,142,134,134,134,146,141,142,136,144,143,143,135,130,127,125,127,129,137,137,140,136,137
156,156,156,156,156,156,156,156,156,156,155,155,155,155,155,156,156,156,157,157,157,157,157,157,156,156,156,156,156,156,156,156,156,156,156,155,155,155,155,154,154,154,154,155,155,154,154,154,153,153,153,153,153,154,154,154,154,155,155,155,155,155,155,156,156,156,156,156,156,156,156,156,157,157,157,157,157,157,157,157,157,157,157,156,156,156,156,156,156,156,156,156,155,155,155,154,154,153,153,153,153,153,152,151,151,150,149,148,147,147,147,146,146,146,146,147,147,148,148,148,148,148,148,149,149,149,149,149,149,149,150,150,150,150,151,152,153,153,154,155,156,157,158,159,160,160,160,160,160,160,160,160,159,159,157,153,146,138,132,132,136,138,141,136,132,129,127,130,116,105,91,106,122,137,137,136,137,139,144,129,122,122,142,145,144,142,144,143,136,133,128,131,134,137,134,139,139,141,134,136
156,156,156,156,156,156,156,156,156,155,155,155,155,155,156,156,156,156,156,156,157,157,157,156,156,156,156,156,156,156,156,156,156,156,155,155,155,155,155,155,155,155,155,155,155,154,154,153,153,153,153,153,153,153,153,154,154,154,154,155,155,155,155,156,155,156,156,156,156,156,156,156,156,157,157,157,157,157,157,156,156,156,156,156,155,155,155,155,155,155,155,154,154,154,154,153,153,153,153,153,153,152,152,151,150,149,148,147,146,146,145,145,145,145,145,146,146,147,147,148,148,148,148,148,149,149,149,149,149,150,150,150,150,150,151,152,153,153,154,155,156,157,158,159,159,159,159,159,159,159,159,159,159,155,150,142,136,133,133,136,140,135,136,129,129,125,126,123,118,101,95,104,124,138,138,138,140,136,131,115,113,122,141,151,143,132,126,130,132,134,134,139,140,140,136,139,138,139,134,135
155,155,156,156,156,156,156,156,156,155,155,155,155,155,155,155,155,156,156,156,156,156,156,156,156,156,156,156,156,156,156,156,156,155,155,155,155,155,155,155,155,155,155,155,155,154,154,153,153,153,153,153,153,153,153,153,153,154,154,154,154,155,155,155,155,155,155,156,156,156,156,156,156,156,157,157,157,157,157,156,155,155,155,155,155,155,155,154,154,154,153,153,153,153,152,152,152,152,152,152,151,151,151,150,149,148,147,146,146,145,145,145,144,144,145,145,145,146,147,147,147,147,147,148,148,149,149,149,149,150,150,150,150,151,151,152,152,153,153,155,156,157,157,158,158,158,158,158,158,158,158,159,155,148,140,133,132,134,138,141,139,132,131,125,128,125,123,110,107,93,94,101,124,139,139,134,130,125,121,111,109,121,136,141,135,127,126,129,137,139,137,138,141,143,139,137,134,135,135,137
155,155,155,156,156,156,156,156,155,155,155,155,155,155,155,156,155,156,156,156,156,156,156,156,156,156,156,156,156,156,156,156,155,155,155,155,155,155,155,156,155,155,155,155,155,155,154,153,153,153,153,152,153,153,153,153,153,153,153,154,154,154,155,155,155,155,155,155,156,156,156,156,156,156,156,156,157,156,156,155,155,155,155,154,154,154,154,154,153,153,152,152,152,151,151,151,151,151,151,151,150,150,149,149,148,147,146,145,145,144,144,144,144,144,144,144,144,145,146,146,146,147,147,147,148,148,148,149,149,149,149,150,150,151,151,152,152,152,153,155,156,157,157,157,157,157,158,158,158,158,155,152,145,138,134,133,137,139,143,142,138,126,124,124,129,128,115,101,97,91,93,101,124,139,141,128,123,113,113,108,112,122,131,132,135,127,131,132,141,139,137,139,143,145,141,135,132,134,138,139
155,155,155,155,156,156,156,156,156,155,155,155,155,155,155,156,156,156,156,156,156,156,156,156,156,156,156,156,156,156,156,156,156,155,155,155,155,155,155,155,155,155,155,155,155,155,154,153,153,153,153,153,153,153,153,153,153,153,153,153,153,154,154,155,155,155,155,155,156,156,155,155,155,155,155,155,155,155,155,155,155,155,154,154,154,153,153,153,152,152,151,151,150,150,150,150,150,150,150,150,149,149,148,148,147,146,145,145,144,144,144,144,143,143,143,143,144,144,145,145,146,146,146,147,147,147,148,148,149,149,149,150,151,151,152,152,152,152,153,155,156,157,156,156,156,157,157,157,157,153,147,141,139,135,136,138,140,138,138,136,132,126,125,127,128,128,113,102,92,89,88,103,127,138,140,123,118,110,115,116,116,121,127,127,142,143,148,140,141,140,138,141,144,145,141,134,132,135,134,136
155,155,155,155,155,156,156,156,155,155,155,155,155,155,155,156,156,156,156,156,155,156,156,156,156,156,156,156,156,156,156,156,156,156,156,155,155,155,155,155,155,155,155,155,155,155,154,154,153,153,153,153,153,153,153,153,153,153,153,153,153,154,154,154,155,155,155,155,155,155,155,154,154,154,154,154,154,155,154,154,154,154,154,153,153,153,152,152,151,150,150,150,149,149,149,149,149,149,149,149,148,148,147,147,146,145,144,144,144,143,143,143,142,142,142,142,143,143,144,144,144,145,145,146,146,147,147,148,148,149,149,150,151,152,152,152,153,153,154,155,155,156,155,156,156,156,157,154,150,144,139,135,136,137,140,137,136,131,131,128,127,124,126,127,129,128,116,107,95,93,89,103,126,137,141,125,122,109,112,114,120,123,128,133,149,148,149,140,141,141,140,142,144,144,140,135,129,129,119,123
154,155,155,155,155,155,155,155,155,155,155,155,155,155,155,156,156,156,156,155,155,156,156,156,156,156,156,156,156,156,156,156,156,156,155,155,155,155,155,155,155,155,155,155,155,155,154,154,154,154,153,153,153,153,153,153,153,153,153,153,153,154,154,154,154,155,155,155,155,154,154,154,154,154,153,153,154,154,154,153,153,153,153,153,152,152,151,150,150,149,149,148,148,148,148,148,148,148,148,148,147,146,146,146,145,144,144,143,143,143,142,142,141,141,141,142,142,142,143,143,144,144,144,145,146,146,146,147,148,148,149,150,151,151,152,152,153,153,153,153,154,154,154,155,155,156,153,148,143,137,136,134,140,138,137,130,127,124,122,122,122,124,126,127,128,129,121,115,104,99,97,108,130,138,136,117,108,102,111,122,130,134,135,136,147,147,149,139,141,141,140,141,142,142,138,132,118,117,105,114
154,154,155,155,155,155,155,155,155,155,155,155,155,155,155,155,155,155,155,155,155,155,156,156,156,156,155,156,156,155,155,155,155,155,155,155,155,155,155,155,155,155,155,154,155,155,154,154,154,154,154,153,153,153,153,153,153,154,154,154,154,154,154,154,155,155,155,155,154,154,153,153,153,153,153,153,153,153,153,152,152,152,153,152,152,151,150,149,148,148,148,147,147,147,147,147,147,147,147,147,146,145,145,145,144,143,143,142,142,142,141,141,141,141,141,141,141,142,142,143,143,144,144,144,145,145,146,146,147,147,148,149,150,151,151,152,152,152,152,152,153,153,153,154,151,149,144,141,138,135,137,138,136,131,126,122,122,120,121,121,121,123,126,130,132,134,126,122,114,108,107,114,132,134,127,113,107,109,122,132,137,135,135,134,145,145,148,139,141,140,140,139,139,137,126,119,105,108,99,108
154,154,154,155,155,155,155,155,155,155,155,155,155,155,155,155,155,155,155,155,155,155,156,156,156,155,155,155,155,155,155,155,155,155,155,155,155,155,155,155,155,155,155,154,154,154,154,154,154,154,154,154,153,153,153,153,153,154,154,154,154,154,154,154,154,154,154,154,153,153,152,152,153,152,152,152,152,152,151,151,151,152,152,152,151,150,149,148,147,147,147,146,146,146,146,146,146,147,146,146,145,145,144,143,143,142,142,142,141,141,140,140,140,140,140,140,141,141,142,142,143,143,143,144,144,145,145,146,146,147,147,148,149,149,150,150,150,151,151,151,151,152,153,150,144,140,136,137,139,140,136,132,125,123,119,118,120,120,121,120,118,118,123,132,137,136,124,119,115,114,115,120,130,129,123,115,114,124,136,144,140,136,134,133,143,143,147,140,141,139,138,135,128,124,113,111,101,105,106,112
154,154,154,154,154,155,155,155,155,155,155,155,155,155,155,155,155,155,155,155,155,155,155,155,155,155,155,155,155,155,155,155,155,155,155,155,155,155,155,155,155,155,154,154,154,154,154,154,154,154,154,154,154,154,153,153,153,154,154,154,154,154,154,154,154,153,153,153,152,152,152,152,152,151,151,151,151,150,150,150,150,151,151,151,151,150,149,147,147,146,146,145,145,145,145,146,146,146,146,145,144,144,143,142,142,141,141,141,140,140,140,139,139,139,139,140,140,141,141,141,142,142,143,143,143,144,144,145,145,146,146,147,147,148,148,148,149,149,150,150,151,148,146,140,136,134,134,138,140,135,127,121,117,118,117,117,118,118,121,120,121,120,127,128,135,132,123,115,111,115,115,120,125,128,127,130,136,144,147,146,141,137,135,134,141,143,146,141,141,136,126,121,114,115,106,105,104,107,104,103
153,153,154,154,154,154,154,155,154,154,154,154,155,155,155,155,155,155,155,155,155,155,155,155,155,155,155,155,155,155,155,155,155,155,155,155,155,155,155,155,155,155,154,154,154,154,154,154,154,154,153,154,154,154,153,153,153,153,153,153,153,153,153,153,152,152,152,152,151,151,151,151,151,150,150,149,149,149,149,149,149,149,149,150,150,149,148,147,146,146,145,145,144,144,144,144,145,145,144,144,143,143,142,142,141,141,140,140,139,139,139,139,139,139,139,139,140,140,140,141,141,141,142,142,143,143,143,144,144,145,145,146,146,147,147,147,148,148,149,150,148,142,137,134,134,137,138,134,130,123,118,113,114,118,119,115,116,117,125,128,130,125,125,120,129,129,122,113,108,112,108,113,119,134,138,140,143,147,148,147,141,138,136,136,139,141,143,139,130,122,111,113,105,108,108,105,100,97,103,106
152,153,153,154,154,154,154,154,154,154,154,154,154,154,154,155,155,154,154,154,154,155,155,155,155,155,155,155,154,154,154,154,155,155,155,155,155,155,155,155,155,154,154,154,154,154,154,154,154,154,153,153,153,153,153,153,153,153,153,152,152,152,152,152,151,151,150,150,150,150,150,149,149,149,148,148,147,147,148,148,148,148,148,148,148,148,148,147,146,145,145,144,144,144,144,144,144,144,143,143,142,142,142,141,141,140,139,139,139,138,139,139,139,139,139,139,139,139,139,140,140,140,141,141,141,142,142,143,143,144,144,145,145,145,146,147,147,148,147,145,141,136,132,132,136,141,136,127,120,113,114,113,116,117,119,112,114,116,130,134,138,131,126,119,125,129,131,123,113,105,95,106,120,141,142,143,145,147,149,146,142,138,138,138,138,138,131,127,115,114,103,106,105,106,105,96,99,102,111,115
152,152,153,153,154,154,154,154,154,154,154,154,154,154,154,154,154,154,154,154,154,154,154,154,154,154,154,154,154,154,154,154,154,154,154,154,154,154,154,154,154,154,154,154,154,154,154,154,153,153,153,153,153,153,153,153,153,152,152,152,152,151,151,151,150,149,149,149,148,148,148,148,147,147,147,146,146,146,146,147,147,147,147,147,147,147,147,147,146,145,145,144,144,143,143,143,143,143,142,142,142,141,141,140,140,139,139,138,138,138,139,139,139,139,139,139,138,138,139,139,139,140,140,140,140,141,141,142,142,143,143,144,144,144,145,146,147,146,142,138,134,133,133,137,137,134,124,115,110,110,115,116,117,117,117,113,118,124,133,134,132,127,121,122,128,135,135,132,119,102,85,99,120,143,144,145,146,148,149,146,142,138,137,140,133,131,119,119,106,108,105,107,106,104,110,105,107,112,126,132
152,152,152,153,153,154,154,154,154,153,153,153,153,153,153,153,153,153,153,153,153,154,154,154,154,154,154,154,154,154,154,154,154,154,154,154,154,154,154,154,154,154,154,154,154,154,154,153,153,153,153,153,153,153,153,153,153,152,152,152,151,151,150,150,149,149,148,148,147,147,147,146,146,146,146,145,145,145,145,145,146,146,146,146,146,146,146,146,146,145,144,144,143,143,143,143,143,142,142,141,141,141,140,140,139,139,138,138,138,138,139,139,139,138,138,138,138,138,138,138,139,139,139,139,140,140,141,141,141,142,143,143,143,144,145,145,143,140,137,135,134,136,137,136,130,122,113,110,110,113,116,117,115,118,120,122,126,127,130,127,124,122,121,126,132,135,131,129,114,97,78,96,120,144,145,145,146,147,148,145,140,139,134,137,127,127,112,114,109,108,104,102,110,113,118,118,125,131,136,137
152,152,152,153,153,153,153,153,153,153,153,153,153,153,153,153,153,153,153,153,153,153,153,153,153,153,153,153,154,154,153,153,154,154,154,153,153,153,153,153,153,153,154,154,154,153,153,153,153,153,153,153,153,153,153,153,153,152,152,151,151,150,150,150,149,148,148,147,147,147,147,146,146,145,145,145,145,144,144,144,145,145,145,145,145,145,145,145,145,145,145,144,143,143,143,143,143,142,141,141,141,140,139,139,139,138,138,138,138,138,139,139,138,138,138,138,138,138,138,138,139,139,139,140,140,140,141,141,141,142,142,143,143,144,143,141,138,135,134,136,136,138,136,131,120,114,111,112,113,113,114,113,114,121,128,133,133,131,125,122,120,122,123,127,133,136,123,118,102,90,74,93,120,145,145,145,145,147,146,140,129,130,129,137,123,121,112,114,106,105,106,113,119,127,133,135,134,135,135,136
152,152,152,152,152,152,153,153,153,152,152,152,152,152,152,153,153,153,153,153,153,153,153,153,153,153,153,153,153,153,153,153,153,154,153,153,153,153,153,153,153,153,153,153,153,153,153,153,153,153,153,153,153,153,153,153,152,152,152,151,151,150,150,150,149,149,148,148,148,147,147,146,146,145,145,145,145,144,144,144,144,144,144,144,144,144,144,144,144,144,144,144,143,143,143,142,142,141,141,140,140,140,139,138,138,138,138,138,138,138,139,139,139,138,138,138,138,138,138,139,140,141,141,141,142,142,142,141,141,142,142,143,143,142,139,136,134,134,136,137,134,132,128,122,114,113,115,116,113,114,118,121,125,127,131,134,133,129,124,124,124,123,125,129,131,130,114,103,94,84,75,91,120,145,145,145,145,144,135,126,117,127,128,132,120,114,105,108,107,114,115,126,133,138,136,135,134,134,135,136
152,152,152,152,152,152,152,152,152,152,152,152,152,152,152,152,152,152,152,152,152,153,153,153,153,153,153,153,153,153,153,153,153,153,153,153,153,153,153,153,153,153,153,153,153,153,153,153,153,153,153,153,153,153,153,153,153,152,152,152,151,151,151,151,150,150,150,149,149,148,148,147,147,146,146,146,145,145,144,144,144,144,144,144,143,143,143,143,143,143,143,143,143,143,142,142,141,141,140,139,139,139,138,138,138,138,138,138,138,139,139,139,139,139,139,139,139,139,140,140,142,143,144,144,144,143,143,142,142,142,143,141,140,138,136,135,135,136,132,128,120,121,119,116,111,117,118,118,116,120,128,127,129,124,126,129,130,131,124,126,126,125,127,129,132,131,121,106,100,86,81,92,121,145,144,143,134,130,120,117,110,120,125,124,111,107,106,115,115,127,131,139,139,138,135,134,133,133,134,135
151,151,151,151,152,152,152,151,151,152,152,152,152,152,152,152,152,152,152,152,152,152,152,153,153,153,153,153,153,153,153,153,153,153,153,153,153,153,153,153,153,153,153,153,153,153,153,153,153,153,153,153,153,153,153,153,153,153,153,152,152,152,152,152,152,152,151,151,151,150,150,149,148,147,147,147,146,145,145,144,144,144,143,143,143,142,142,142,142,142,142,142,142,142,141,141,140,140,139,139,138,138,138,138,138,138,139,139,139,139,139,139,139,139,139,139,140,140,141,142,144,145,147,147,146,145,144,143,143,143,141,138,136,135,136,137,135,132,123,117,110,110,112,113,112,115,117,120,124,133,135,132,127,121,116,124,128,132,125,126,126,124,129,132,138,136,125,110,102,88,83,95,123,144,134,130,119,120,110,111,112,116,115,110,108,113,114,125,130,139,138,138,138,137,135,133,132,132,133,134
151,151,151,151,151,151,151,151,151,151,151,152,152,152,151,152,152,152,152,152,152,152,152,152,152,152,153,153,153,152,152,152,153,153,153,153,153,153,153,153,153,153,153,153,153,153,153,153,153,153,153,153,153,153,153,153,153,153,153,153,153,153,153,153,153,153,153,153,153,152,152,151,150,149,148,148,147,147,146,145,144,144,143,143,142,142,141,141,141,141,141,141,141,140,140,140,139,138,138,138,138,137,138,138,138,139,139,140,140,140,140,140,140,140,140,140,141,142,143,144,146,148,149,149,148,146,144,144,142,140,137,134,133,135,139,137,130,121,112,108,104,109,111,113,112,116,121,128,131,135,128,121,114,114,115,125,128,131,125,130,133,134,138,139,141,139,125,112,98,85,83,97,116,131,120,122,110,113,110,108,104,103,106,109,113,123,130,136,137,138,138,137,138,136,134,132,131,132,132,133
150,151,151,151,151,151,151,151,151,151,151,152,151,151,151,151,151,152,152,152,152,152,152,152,152,152,152,152,152,152,152,152,152,152,152,153,153,153,153,153,153,153,153,153,153,153,153,153,153,153,153,153,153,153,153,153,153,153,153,153,153,153,154,154,154,153,153,153,153,153,153,152,151,151,150,149,148,147,146,145,145,144,143,143,142,142,141,140,140,140,140,139,139,139,139,138,138,137,137,137,137,138,138,138,139,140,140,140,140,140,140,140,141,141,141,142,142,144,145,146,148,149,150,149,148,146,145,143,139,137,135,135,136,134,133,125,118,110,106,106,105,108,115,121,125,126,126,130,129,129,115,113,110,115,116,123,126,129,123,131,136,143,138,138,135,138,119,107,92,81,83,96,114,121,111,114,110,110,102,98,100,105,109,116,126,133,135,135,136,137,137,136,136,136,134,132,131,131,131,132
150,150,151,151,151,151,151,151,151,151,151,151,151,151,151,151,151,151,151,152,152,152,152,152,152,152,152,152,152,152,152,152,152,152,152,152,152,153,153,152,152,153,153,153,153,153,153,153,153,153,153,153,153,153,152,153,153,153,153,153,153,153,153,154,153,153,153,153,153,153,153,153,152,152,151,149,149,148,147,145,144,144,143,142,142,141,141,140,139,139,139,138,138,138,137,137,137,136,137,137,137,138,138,139,139,140,141,141,141,140,141,141,142,143,143,143,144,146,147,148,148,149,149,148,147,144,141,139,136,134,136,138,135,126,119,113,109,105,105,105,105,107,116,127,138,135,132,127,121,117,107,110,111,116,117,121,124,129,129,139,141,147,138,136,130,133,117,107,94,83,89,97,110,112,110,108,99,96,99,105,106,114,120,126,130,132,134,133,135,136,134,133,134,135,134,132,130,130,126,126
150,150,150,151,150,151,150,151,150,151,151,151,151,151,151,151,151,151,151,151,151,152,152,152,152,152,152,152,152,152,152,152,152,152,152,152,152,153,153,153,153,153,153,153,153,153,153,153,153,153,153,153,152,152,152,152,152,153,153,153,153,153,153,153,153,153,153,153,153,152,152,152,152,151,150,149,148,147,146,145,144,143,142,142,141,141,140,140,139,138,138,137,137,137,137,136,136,136,136,137,137,138,138,139,140,141,142,142,141,141,141,142,144,145,145,146,147,148,149,148,148,148,147,147,144,141,137,136,135,137,135,133,124,115,107,104,104,105,104,109,113,119,128,141,147,141,129,122,116,114,107,110,111,116,117,123,130,138,134,137,134,139,132,131,130,135,122,110,99,93,99,103,116,108,103,97,98,103,107,118,123,128,126,126,129,130,132,131,133,133,130,129,130,134,134,130,126,119,108,105
150,150,150,150,150,150,150,150,150,150,151,151,151,150,151,151,151,151,151,151,151,151,151,151,152,152,152,152,152,152,152,152,152,152,152,152,152,152,152,153,153,153,153,153,153,153,153,153,153,153,153,152,152,152,152,152,152,153,153,153,153,152,152,152,152,152,152,152,152,152,151,151,151,151,150,149,148,146,145,145,144,143,142,142,141,141,140,139,139,138,137,137,136,136,136,136,136,136,136,136,137,138,139,140,141,142,143,143,143,143,143,144,146,147,148,148,149,150,150,149,148,147,145,144,140,137,133,134,136,134,128,121,111,107,103,105,105,105,111,119,128,126,126,130,134,132,123,121,117,115,106,111,114,124,127,133,136,134,133,133,133,133,135,136,136,135,125,114,104,101,107,105,112,107,107,105,106,118,128,136,133,130,128,126,128,129,131,131,131,132,123,124,125,127,127,116,114,105,100,100
150,150,150,150,150,150,150,150,150,150,150,150,150,150,151,151,151,151,151,151,151,151,151,151,151,152,152,152,152,152,152,152,152,152,152,152,152,152,152,152,153,153,153,153,153,153,153,153,152,152,152,152,152,152,152,152,152,152,153,153,152,152,152,151,151,151,151,151,150,150,150,150,149,149,149,148,147,146,145,144,143,143,142,141,141,140,140,139,139,138,137,137,137,136,136,136,136,136,136,136,137,138,140,142,143,144,145,146,146,146,146,146,148,149,150,151,151,151,151,149,148,146,144,144,140,138,135,134,131,125,117,110,105,104,105,106,105,110,120,132,136,130,124,124,122,124,119,121,117,114,109,117,125,137,138,140,138,132,128,126,131,134,137,136,135,134,131,121,113,103,108,108,118,116,118,123,130,139,139,138,136,133,130,126,128,129,130,130,130,131,117,113,114,114,116,104,107,98,97,97
150,150,150,150,150,150,150,150,150,150,150,150,150,150,150,151,151,151,150,151,151,151,151,151,151,151,151,151,151,151,151,152,152,152,152,152,152,152,152,152,152,153,153,154,154,154,153,153,152,152,152,152,152,152,152,152,152,152,152,152,152,152,151,151,150,150,150,149,149,149,148,148,148,148,148,147,146,145,144,144,143,143,142,141,141,140,140,139,139,138,138,137,137,136,136,136,136,136,136,137,138,139,141,143,145,147,148,149,149,149,149,149,150,150,151,152,152,152,151,148,146,144,143,142,140,140,135,128,120,113,110,107,106,105,110,115,119,124,131,133,129,118,112,111,114,118,119,120,121,124,124,130,137,143,140,136,133,126,124,127,133,136,137,136,136,132,127,121,116,103,104,107,125,133,140,141,139,141,141,139,138,135,132,126,127,128,129,129,129,122,103,92,98,101,110,99,104,101,105,108
149,149,149,150,150,150,150,150,150,150,150,150,150,150,150,150,150,150,150,150,151,151,151,150,150,151,151,151,151,151,151,152,152,152,152,152,152,152,152,152,152,152,153,154,154,154,153,153,152,152,152,152,152,152,152,152,152,152,152,152,152,152,151,151,150,149,149,148,148,147,147,146,146,146,146,146,145,144,143,143,142,142,142,141,141,140,140,139,139,138,138,137,137,136,136,136,136,136,136,137,138,140,143,145,147,149,150,151,151,151,151,151,151,152,152,152,153,152,150,147,146,145,145,144,144,142,133,120,108,106,107,107,107,111,121,130,130,129,125,123,116,113,111,113,114,117,120,121,127,132,139,139,138,135,131,127,128,130,130,132,134,137,138,135,133,132,127,127,119,106,103,113,136,144,145,143,141,143,142,140,139,135,132,126,126,128,121,114,106,105,95,90,95,98,105,102,108,101,96,90
149,149,149,149,149,149,150,150,150,150,150,150,150,150,150,150,150,150,150,150,150,150,150,150,150,150,151,151,151,151,151,151,151,152,151,152,152,152,152,152,152,152,153,154,154,154,154,153,153,152,152,152,152,152,152,152,152,152,152,152,152,151,151,151,150,149,148,148,147,147,147,146,146,145,145,145,144,143,143,142,142,142,141,141,141,140,139,139,139,138,138,137,137,136,136,136,136,136,137,138,139,142,145,147,149,151,152,152,152,152,152,152,152,152,152,152,151,150,148,145,145,144,144,139,134,132,123,114,103,105,106,107,112,122,130,135,132,127,116,112,111,112,112,113,116,117,124,127,139,140,138,130,125,122,120,121,127,130,132,134,136,137,138,138,138,137,128,127,121,111,109,116,137,146,145,143,142,145,144,141,139,135,131,125,123,118,103,99,96,100,95,93,99,99,98,94,94,96,95,97
149,149,149,149,149,149,149,149,149,150,150,150,150,150,150,150,150,150,150,150,150,150,150,150,150,150,150,151,151,151,151,151,151,152,152,152,152,152,152,153,153,153,153,154,154,154,153,153,153,153,152,152,152,152,152,152,152,152,152,152,152,151,151,151,150,149,148,148,147,147,147,146,146,145,145,144,144,143,143,142,142,142,141,141,141,140,140,139,138,138,138,137,137,136,136,136,136,136,137,138,140,143,146,149,151,152,152,153,153,153,153,153,153,152,152,150,149,147,146,146,146,148,143,134,124,122,116,111,104,106,112,118,127,129,128,124,120,115,107,107,111,113,112,114,121,125,135,130,135,127,122,114,110,116,119,122,126,129,134,132,135,136,142,143,142,145,135,128,117,112,113,120,136,145,145,143,142,145,144,140,137,131,124,112,105,103,95,95,91,102,103,107,102,98,92,93,96,101,105,107
149,149,149,149,149,149,149,149,149,149,149,149,150,150,150,150,150,150,150,150,150,150,150,150,150,150,150,150,151,151,151,151,151,152,152,152,152,152,153,153,153,153,153,154,154,153,153,153,153,153,152,152,152,152,152,152,152,152,152,151,151,151,151,150,150,150,149,149,148,148,148,147,147,146,146,145,144,144,143,143,142,142,142,142,141,141,140,139,139,138,138,138,137,137,136,136,137,137,138,139,141,144,146,150,152,153,153,153,153,153,154,154,154,153,151,149,145,143,144,145,142,139,130,122,111,112,110,110,105,112,123,128,132,124,117,110,111,111,108,107,110,111,115,121,133,131,134,125,127,118,107,104,104,116,120,121,125,124,132,131,138,140,146,144,142,140,131,119,114,110,116,120,134,142,142,142,142,145,144,132,125,112,112,103,101,98,96,103,106,106,97,90,89,92,93,95,98,112,121,130
148,149,149,149,149,149,149,149,149,149,149,149,149,149,150,150,150,150,150,150,150,150,150,150,150,150,150,150,150,150,151,151,151,152,152,153,153,153,153,153,153,153,153,153,153,152,152,152,152,152,152,152,152,152,152,152,151,151,151,151,151,150,150,150,150,150,150,149,149,149,148,148,148,147,146,146,145,145,144,144,143,143,142,142,142,142,141,140,139,139,138,138,137,137,137,137,137,138,139,141,142,145,147,150,151,153,153,153,153,153,153,153,152,151,149,147,143,142,139,137,130,128,119,114,107,110,110,115,117,123,127,127,127,115,108,104,110,111,108,111,118,125,129,132,137,130,127,116,114,110,104,106,106,117,119,118,124,125,135,135,142,141,144,139,137,135,123,113,110,112,118,120,132,138,139,140,142,136,128,109,108,101,107,100,100,102,105,105,98,96,90,87,84,94,101,106,112,120,128,129
148,148,148,148,148,148,149,149,149,149,149,149,149,149,149,149,150,150,150,150,150,150,150,150,150,150,150,150,150,150,150,150,151,152,152,153,153,153,153,153,153,153,153,152,152,152,152,152,152,152,152,152,152,152,151,151,151,151,151,151,151,150,150,150,150,150,150,150,150,150,149,149,148,148,147,147,146,146,145,145,144,144,143,143,143,143,142,141,140,140,139,139,139,139,138,139,139,140,142,143,145,147,148,150,152,153,153,153,153,153,153,152,150,147,145,145,143,139,131,125,118,113,108,107,110,117,122,128,127,126,122,117,114,109,106,106,110,116,118,126,132,133,128,125,126,119,113,110,112,113,107,109,109,116,119,121,130,133,138,137,140,139,140,133,132,128,118,110,113,116,121,120,132,137,137,132,125,109,107,95,100,94,105,107,107,99,91,92,95,101,90,86,85,96,103,103,110,118,127,128
148,148,148,148,148,148,148,149,148,149,149,149,149,149,149,149,149,149,150,150,149,149,149,149,149,150,149,149,149,150,150,150,150,151,152,153,153,153,153,153,153,153,153,152,151,151,151,152,152,152,152,152,152,152,151,151,151,151,151,151,151,150,150,150,150,150,150,150,150,150,149,149,148,148,148,147,147,147,146,146,145,145,144,144,144,143,143,142,141,141,141,141,141,141,141,141,142,143,144,146,147,149,150,151,152,153,153,153,153,152,151,149,148,145,144,139,136,129,121,113,110,109,108,106,113,123,131,133,130,122,112,108,111,110,106,106,109,119,125,140,140,134,117,110,108,111,111,112,113,114,111,112,110,118,125,132,139,145,143,137,132,132,134,134,134,133,119,110,110,113,119,122,126,130,122,120,111,99,98,92,101,101,104,101,98,98,98,102,105,116,105,104,96,103,102,102,109,117,126,127
148,148,148,148,148,148,148,148,148,148,148,148,149,149,149,149,149,149,149,149,149,149,149,149,149,149,149,149,149,149,150,150,150,151,152,153,153,153,153,153,153,153,152,152,151,151,151,152,152,152,152,152,152,151,151,151,151,151,151,151,151,150,150,150,150,150,150,150,150,149,149,149,149,148,148,148,147,147,147,147,146,146,145,144,144,144,143,143,142,142,142,143,143,144,144,145,146,147,147,148,150,151,152,152,153,153,153,153,152,150,146,145,146,143,136,127,122,118,115,111,111,111,115,116,123,128,130,128,120,114,108,108,111,109,108,112,120,133,135,140,130,115,97,93,99,109,111,112,112,113,110,114,117,129,133,138,138,140,133,126,122,129,135,136,134,132,120,111,104,106,112,116,111,113,109,112,102,97,100,99,98,90,92,93,98,100,107,118,126,133,117,109,101,106,102,102,110,119,127,127
147,147,148,148,148,148,148,148,148,148,148,148,148,149,149,149,149,149,149,149,149,149,149,149,149,149,149,149,149,149,149,149,150,150,151,152,152,152,152,152,152,152,152,152,151,151,151,151,151,151,151,151,151,151,151,151,151,151,151,151,150,150,150,150,150,150,149,149,149,149,148,148,148,148,148,147,147,147,147,147,147,146,145,144,144,144,144,144,144,144,144,145,146,147,147,148,149,149,149,150,151,152,153,153,153,153,153,153,151,149,145,145,143,138,126,114,108,109,111,111,116,121,129,124,122,119,118,116,112,111,108,108,115,118,123,128,135,138,130,124,114,101,90,91,102,109,111,110,108,113,114,125,123,132,131,135,132,133,124,122,120,130,133,135,133,132,122,112,98,99,104,112,104,105,101,110,108,107,103,99,99,95,94,94,102,114,129,137,137,138,121,114,106,110,105,102,113,121,129,128
147,148,148,148,148,148,148,148,148,148,148,148,148,148,148,148,148,148,148,149,149,149,149,149,149,149,149,149,149,149,149,149,149,149,150,150,151,151,151,152,152,152,152,151,151,151,151,151,151,151,151,151,151,151,151,151,151,151,151,150,150,150,150,150,149,149,149,149,148,148,148,148,148,148,147,147,147,147,147,147,147,146,145,145,145,145,145,145,145,146,146,147,148,149,149,150,150,150,150,151,151,152,153,153,153,153,153,153,150,149,140,136,129,124,111,104,102,108,109,115,123,131,136,130,121,113,109,113,112,111,107,111,123,132,139,138,142,132,121,109,104,95,90,91,101,108,108,111,115,126,121,128,124,132,127,127,126,126,115,115,116,129,132,134,130,131,127,119,100,94,99,107,104,103,104,106,101,100,102,108,104,98,98,102,109,117,127,137,137,139,120,114,106,112,107,104,115,123,131,129
147,148,148,148,148,147,148,148,148,148,148,148,148,148,148,148,148,148,148,148,148,149,149,149,149,149,149,149,149,149,149,149,149,149,149,149,149,150,150,151,151,151,151,151,151,151,151,151,151,151,151,151,151,151,151,151,150,150,150,150,150,150,149,149,149,149,148,148,148,147,147,147,147,147,147,147,147,147,147,147,147,147,146,145,145,146,146,147,148,148,149,149,149,150,150,150,151,151,151,151,152,152,153,153,153,153,152,152,150,142,130,122,117,113,105,103,103,113,117,123,125,128,129,120,113,109,110,112,117,122,123,126,131,136,137,132,129,117,111,103,103,95,89,91,102,114,117,126,123,130,123,128,122,123,122,128,131,130,113,113,113,128,127,125,124,132,130,123,100,97,98,110,108,109,111,111,108,106,111,120,117,113,105,106,108,116,127,137,139,139,118,111,101,110,105,104,115,122,130,127
147,147,148,148,147,147,147,148,148,148,148,148,148,148,148,148,148,148,148,148,148,148,148,148,148,148,149,149,149,148,148,148,148,148,148,148,148,149,149,149,150,150,150,150,150,151,151,151,151,151,151,151,151,151,150,150,150,150,150,150,150,149,149,149,149,149,148,148,148,147,147,148,148,148,147,147,147,147,147,148,148,147,147,147,147,147,148,149,150,150,150,150,150,150,151,151,151,151,152,152,152,152,152,152,152,152,152,152,145,132,114,106,103,106,102,106,111,122,120,121,116,117,115,114,111,111,108,110,119,132,133,128,118,118,117,115,112,105,104,102,103,98,96,103,114,128,125,130,125,129,121,121,121,124,126,131,130,130,111,110,106,119,120,125,131,139,134,128,103,102,99,105,105,110,121,117,112,114,125,130,120,110,102,103,107,116,126,136,138,137,114,107,97,107,101,102,107,114,122,122
147,147,147,147,147,147,147,147,147,147,147,147,147,148,148,148,148,148,148,148,148,148,148,148,148,148,148,148,148,148,148,148,148,148,148,148,148,148,148,149,149,149,149,149,150,150,151,151,151,151,151,151,151,151,150,150,150,150,150,150,150,150,149,149,149,149,148,148,148,148,148,148,148,148,148,148,148,148,148,149,149,149,149,149,149,150,150,151,151,151,151,151,151,150,151,151,151,152,152,152,152,152,152,152,152,152,152,152,140,123,104,100,102,105,108,117,123,127,120,115,108,105,107,111,111,112,115,122,133,140,137,120,103,96,96,103,105,104,105,110,115,117,117,123,131,137,132,127,117,115,116,121,125,125,126,130,129,127,110,114,114,128,128,132,134,138,130,132,111,112,102,109,112,121,134,124,123,118,130,128,119,109,101,102,105,115,125,134,137,136,112,102,92,102,96,92,91,93,104,104
146,147,147,147,147,147,147,147,147,147,147,147,147,147,147,148,147,148,147,148,147,147,147,147,148,148,148,148,148,148,148,148,148,148,148,148,148,148,148,148,148,148,148,148,149,149,150,150,150,150,149,144,144,146,150,150,151,151,150,150,150,150,149,149,148,148,148,148,148,148,148,148,148,148,148,148,149,149,150,150,150,151,151,151,151,151,152,152,152,152,151,151,151,150,150,151,151,151,152,152,152,152,152,152,152,152,151,151,136,120,101,101,107,116,118,121,122,120,111,105,103,105,107,111,117,122,130,130,131,127,122,103,87,85,92,101,105,104,110,120,131,136,137,135,137,133,125,114,109,113,119,122,125,125,126,125,124,125,120,128,128,133,130,134,137,139,131,134,115,109,101,110,124,133,141,118,115,111,129,127,119,110,100,101,104,114,123,131,132,133,110,98,89,99,92,87,83,87,95,97
146,147,147,147,147,147,147,147,147,147,147,147,147,147,147,147,147,147,147,147,147,147,147,147,147,147,148,148,148,148,148,148,148,148,148,148,148,148,148,148,148,148,148,148,148,149,149,149,149,150,145,136,136,141,150,150,150,150,150,150,150,150,149,149,148,148,147,147,148,148,148,148,148,148,148,149,149,150,150,151,151,151,152,152,152,152,152,152,152,152,151,151,150,150,150,150,151,151,151,151,151,151,151,151,151,151,151,151,136,120,100,105,117,124,124,118,116,110,106,105,105,111,119,127,132,134,138,133,127,117,113,100,89,85,93,109,116,120,124,136,142,142,138,130,127,122,121,115,111,113,119,122,125,122,120,121,125,133,134,138,136,137,133,134,130,134,128,128,112,102,102,117,135,140,140,112,110,107,130,128,119,110,100,100,102,112,121,129,129,131,108,92,83,94,94,89,85,87,91,91
146,146,147,147,147,147,146,146,146,147,147,147,147,147,147,147,147,147,147,147,147,147,147,147,147,147,147,148,148,148,148,147,147,147,147,147,147,147,147,147,147,147,148,148,148,148,148,148,148,149,141,127,128,136,150,150,150,150,150,150,150,149,149,148,148,147,147,147,147,148,148,148,148,148,148,148,149,149,150,151,151,151,151,151,151,152,152,152,152,151,151,151,150,150,150,150,150,150,150,150,150,150,150,150,151,150,151,151,141,131,117,116,122,124,119,108,106,104,104,105,113,124,135,138,137,139,135,124,112,108,110,100,90,92,105,126,132,137,135,136,132,129,126,117,115,117,121,118,111,113,118,119,126,127,131,131,133,139,144,142,136,128,126,128,131,137,129,120,105,96,101,116,136,140,140,111,110,107,130,127,119,110,101,99,101,107,117,126,120,120,101,93,88,95,99,97,96,99,98,100
146,146,146,147,147,146,146,146,146,146,146,146,146,146,147,147,147,147,147,147,147,146,146,147,147,147,147,147,147,147,147,147,147,147,147,147,147,147,147,147,147,147,148,148,148,148,148,147,148,148,136,120,120,133,150,150,150,149,149,149,149,148,148,148,147,147,147,147,147,147,147,147,147,147,147,147,148,149,149,150,151,151,151,151,151,151,151,151,151,151,151,150,150,149,149,149,149,149,149,149,150,150,150,150,150,150,150,151,146,135,122,117,119,114,111,105,107,102,102,108,122,133,138,134,129,132,124,120,108,110,110,109,107,116,125,144,146,146,133,128,120,118,116,111,111,118,122,118,109,113,121,128,136,138,134,130,130,134,141,136,132,125,129,134,134,137,126,116,102,96,102,115,135,140,139,111,109,106,128,126,118,109,100,95,92,92,104,114,114,111,99,97,93,99,103,102,98,95,90,90
146,146,146,146,146,146,146,146,146,146,146,146,146,146,147,147,147,147,147,147,146,146,146,146,146,146,147,147,147,147,147,147,147,147,147,147,147,147,147,147,147,147,147,147,147,147,147,147,147,142,126,107,107,123,143,149,149,149,148,148,148,148,148,147,147,147,147,147,147,147,147,147,147,147,147,147,147,148,149,149,150,150,151,150,150,150,151,151,151,151,151,150,149,149,149,149,149,149,149,149,149,149,149,149,149,150,150,150,144,133,123,115,111,107,108,107,106,107,112,118,125,125,124,116,112,124,121,123,108,108,112,120,127,138,138,141,132,129,118,113,111,115,116,111,112,115,117,112,110,121,133,139,138,140,135,130,124,124,136,136,138,129,132,134,134,136,124,116,109,102,106,112,134,139,137,110,108,105,126,124,112,103,91,91,90,90,99,106,107,104,98,101,101,99,95,90,85,89,91,98
146,146,146,146,146,146,146,146,146,146,146,146,146,146,146,147,147,147,147,147,146,146,146,146,146,146,146,146,147,147,147,147,147,147,147,146,146,146,146,146,146,147,147,147,147,147,147,147,147,136,119,99,98,116,136,148,148,148,148,148,148,147,147,147,147,147,147,147,147,147,147,146,146,146,146,146,147,147,148,149,149,150,150,150,150,150,150,150,150,151,150,150,149,149,148,148,148,148,149,149,149,149,149,149,149,149,149,149,138,122,108,106,108,108,109,115,120,122,120,120,118,112,107,102,104,121,121,128,118,123,126,136,139,140,129,125,117,112,106,107,110,115,116,110,115,118,126,122,126,135,146,147,138,131,121,116,112,116,135,137,139,129,132,133,134,135,124,114,112,101,107,108,131,137,135,110,108,99,119,111,103,94,90,95,94,94,98,101,106,105,100,95,91,93,95,95,86,92,93,105
146,146,146,146,146,146,146,146,146,146,146,146,146,146,146,146,146,146,147,147,146,146,146,146,146,146,146,146,146,146,146,146,146,146,147,146,146,146,146,146,146,146,146,146,147,147,147,147,147,132,114,96,96,114,133,148,148,148,148,148,148,147,147,147,147,147,146,146,146,146,147,146,146,146,146,146,146,147,148,148,149,149,149,149,149,150,150,150,150,150,150,150,149,148,148,148,148,148,148,148,148,148,148,148,148,148,149,149,133,118,104,107,114,119,126,131,129,130,124,119,108,102,103,103,104,120,127,139,134,134,130,129,126,125,114,109,103,104,103,106,110,114,119,120,130,132,137,129,129,131,143,140,129,116,114,117,117,119,136,138,140,127,129,127,127,130,131,123,120,99,102,102,127,133,128,105,97,87,105,102,100,94,93,102,103,107,104,100,95,96,98,99,96,98,101,101,88,95,101,120
146,146,146,145,146,146,146,146,146,146,145,145,146,146,146,146,146,146,146,146,146,146,146,146,146,146,146,146,146,146,146,146,146,146,146,146,146,146,146,146,146,146,146,146,146,146,147,147,141,127,110,98,95,108,126,143,148,147,147,148,147,147,147,147,147,146,146,146,146,146,146,146,146,146,146,146,146,146,147,148,148,149,149,149,149,149,150,150,150,150,150,149,149,148,148,148,148,148,147,147,147,147,147,148,148,148,148,148,134,119,111,118,131,135,137,137,131,129,117,112,104,103,103,106,112,128,137,142,137,133,125,121,112,110,105,106,105,104,103,106,108,117,126,134,143,139,140,129,127,122,133,131,127,114,116,117,117,119,136,138,139,123,122,122,127,135,140,132,125,97,98,96,120,122,114,97,92,87,100,98,102,98,103,105,100,95,97,99,99,101,104,106,103,108,114,119,102,102,102,118
146,146,146,145,145,145,145,145,145,145,145,145,145,146,146,146,146,146,146,146,146,146,146,146,146,146,146,146,146,146,146,146,146,146,146,146,146,146,146,146,146,146,146,146,146,146,146,146,137,122,105,96,98,107,126,138,147,147,147,147,147,147,146,146,146,146,146,146,146,146,146,146,146,146,146,146,146,146,146,147,147,148,149,149,149,150,150,150,150,150,150,149,149,148,148,148,148,147,147,147,147,147,147,147,147,147,147,147,133,120,117,129,141,141,138,130,119,117,111,111,104,109,115,123,130,132,136,129,126,117,110,107,106,109,108,107,105,103,102,110,116,128,133,139,138,131,126,115,111,107,124,126,127,114,117,116,117,118,135,138,143,129,129,128,132,135,141,131,123,97,94,88,106,109,106,96,92,94,99,104,103,97,92,96,98,92,95,97,104,105,111,117,118,118,119,118,101,101,101,117
145,145,145,145,145,145,145,145,145,145,145,145,145,145,145,146,146,146,146,146,146,146,146,146,146,146,146,146,146,146,146,146,146,145,145,145,145,145,146,146,146,146,146,146,146,146,146,141,129,114,102,96,96,99,110,126,140,147,147,147,147,147,146,146,146,146,146,146,146,146,146,146,146,146,146,145,145,145,146,146,147,147,148,149,149,149,149,149,150,150,150,149,149,148,148,148,147,147,147,147,147,147,146,146,147,147,147,147,138,130,128,134,135,130,122,116,111,112,112,110,111,122,134,134,135,125,124,113,111,105,106,107,108,110,108,113,117,121,120,125,123,129,125,126,121,113,110,106,109,110,125,125,127,114,117,114,115,120,135,141,144,137,132,136,140,143,136,122,119,101,99,87,99,101,103,100,103,106,102,95,90,91,93,100,102,90,94,99,117,117,117,117,118,117,117,117,101,100,100,115
145,145,145,145,145,145,145,145,145,145,145,145,145,145,145,145,145,146,146,146,146,146,146,146,146,146,146,146,145,145,145,146,146,146,145,145,145,145,145,145,145,145,145,146,146,146,146,141,129,112,101,102,111,113,109,118,132,146,146,147,147,147,146,146,146,146,146,146,146,146,146,146,146,146,146,145,145,145,145,146,146,147,147,147,148,148,148,149,150,150,149,149,148,148,148,147,147,147,147,147,147,146,146,146,146,146,146,146,137,129,120,122,117,113,114,112,112,110,117,122,129,133,139,131,127,111,109,103,108,107,107,108,108,110,114,125,133,137,132,131,124,123,115,109,105,103,107,108,110,111,125,126,128,116,114,116,119,131,139,146,143,137,132,136,139,138,129,120,117,108,100,90,96,101,107,101,97,98,99,99,88,90,92,106,113,99,99,97,115,114,115,115,115,115,116,116,100,99,99,114
144,144,144,145,145,145,145,145,145,145,145,145,145,145,145,145,145,145,145,145,145,146,146,146,146,146,146,146,145,145,146,147,147,146,146,146,145,145,145,145,145,145,145,145,146,146,142,133,121,108,101,101,104,104,97,107,123,141,146,146,146,146,146,146,146,146,146,146,146,146,146,146,146,146,146,146,145,145,145,145,146,146,146,146,146,147,147,149,149,149,149,148,148,148,147,147,147,147,147,147,147,146,146,146,146,146,146,146,137,128,113,109,105,106,113,114,121,122,132,130,138,132,132,115,109,101,104,104,108,107,110,109,113,118,128,133,135,135,132,127,116,109,105,104,105,103,107,107,110,111,124,128,133,126,126,128,128,135,134,138,133,127,121,125,132,136,128,128,121,117,103,94,97,96,103,91,94,95,102,103,89,96,102,117,118,102,101,99,113,112,114,113,113,113,114,114,98,97,97,113
144,144,144,145,145,144,144,144,145,145,145,144,144,145,145,145,145,145,145,145,145,145,145,146,146,146,146,146,145,147,148,149,149,147,146,146,146,146,145,145,145,145,145,145,145,143,136,125,112,102,94,97,105,104,101,99,118,134,146,146,146,146,146,146,146,146,146,146,146,146,146,146,146,146,146,146,146,145,145,145,145,146,146,146,146,147,148,149,149,149,149,148,148,147,147,147,146,147,147,147,147,147,146,146,146,146,146,146,132,118,101,101,102,109,120,127,136,134,138,130,134,123,118,105,105,102,104,104,113,116,125,123,128,125,131,126,125,119,117,113,107,107,110,107,108,104,107,105,106,112,126,136,140,137,136,135,132,132,128,129,126,114,112,114,127,129,125,128,119,118,99,94,95,100,106,88,91,93,112,118,99,98,98,116,116,105,104,102,111,111,112,111,111,111,113,113,96,95,95,111
144,144,144,144,144,144,144,144,145,145,145,144,144,144,144,145,145,145,145,145,145,145,145,145,145,146,146,146,146,148,150,151,149,147,147,147,147,146,145,145,145,145,145,145,145,141,137,126,122,108,102,91,93,88,99,99,115,123,139,146,146,146,146,146,146,146,146,146,146,146,145,145,145,145,145,146,146,145,145,145,145,145,145,145,146,147,148,149,149,149,149,148,148,148,147,147,146,147,147,147,147,147,146,146,146,146,146,146,133,119,100,101,108,122,134,138,140,134,129,116,120,118,118,106,103,101,107,113,126,131,138,134,134,124,125,114,110,105,106,108,107,108,112,110,110,110,111,115,115,127,135,141,139,137,138,134,129,121,118,118,121,109,110,110,122,124,122,122,110,109,92,92,92,103,109,92,100,101,119,117,96,95,95,114,114,107,106,104,109,109,110,109,110,110,112,112,94,93,93,110
144,144,144,144,144,144,144,144,144,144,144,144,144,144,144,144,144,145,145,145,145,145,145,145,145,145,146,146,146,148,150,151,148,147,147,147,147,146,146,145,145,145,145,145,143,135,130,123,120,109,101,91,91,87,96,95,102,113,132,146,146,146,146,146,146,146,146,146,146,145,145,145,145,145,145,145,146,145,145,145,145,145,145,145,146,147,149,149,149,149,149,148,148,148,147,147,146,146,147,147,146,146,146,146,146,145,145,145,133,125,114,119,125,134,142,138,133,119,111,105,115,118,117,105,103,106,117,128,136,134,133,130,127,116,110,106,108,109,108,108,108,110,113,111,113,120,125,131,130,136,135,134,129,127,125,121,119,116,118,120,121,105,106,105,116,119,118,116,102,100,81,88,91,113,114,96,98,100,118,116,95,94,93,112,112,108,107,105,107,107,108,108,109,109,110,110,92,88,85,99
143,143,143,144,143,144,144,144,144,144,144,144,144,144,144,144,144,144,144,145,145,145,145,145,145,145,146,146,146,148,148,148,147,146,147,147,147,147,146,146,146,146,146,145,143,139,125,122,118,112,102,93,89,83,84,92,98,108,123,141,146,146,146,146,145,145,145,145,145,145,145,145,145,145,145,145,145,145,145,145,145,145,145,145,146,147,148,149,149,148,148,148,147,147,147,147,146,146,146,146,146,146,146,146,146,145,145,145,138,136,131,136,137,135,135,125,118,102,100,101,114,115,115,110,115,123,129,134,131,124,119,115,112,109,108,109,109,109,109,108,111,118,125,125,128,136,134,134,131,134,129,121,117,114,115,116,118,118,118,119,119,105,104,103,111,113,112,113,102,97,77,80,86,109,111,94,97,100,117,114,92,92,91,111,111,109,108,106,106,106,106,107,107,102,97,93,80,78,80,90
143,143,143,143,143,143,143,143,143,143,143,143,143,144,144,144,144,144,144,144,144,144,144,145,145,145,145,146,146,147,147,147,146,146,146,146,146,147,147,147,147,146,146,141,132,120,104,101,98,101,94,89,81,79,79,91,97,108,123,137,146,146,146,145,145,145,145,145,145,145,145,145,145,145,145,145,145,145,145,145,145,145,145,145,146,147,148,148,148,148,148,147,147,147,147,147,146,146,146,146,146,146,145,145,145,145,144,144,143,139,134,133,128,121,122,115,114,98,98,98,115,123,129,126,126,135,131,130,116,109,105,105,107,108,108,109,108,108,106,110,119,132,137,133,131,130,130,124,121,119,115,111,112,112,115,116,118,118,117,118,117,107,106,105,115,121,124,126,116,111,84,81,81,104,109,93,97,100,115,112,91,91,91,110,109,110,108,106,105,100,99,94,94,85,85,86,84,82,85,91
142,143,143,143,143,143,143,143,143,143,143,143,143,143,143,144,144,144,144,144,144,144,144,144,145,145,145,145,145,146,146,146,146,146,146,146,146,146,147,147,147,147,147,134,122,107,99,95,98,98,89,78,73,74,78,93,101,104,109,124,140,146,145,145,145,145,145,145,145,145,145,145,145,145,145,145,145,145,145,145,145,145,145,145,146,147,147,148,147,147,147,147,146,146,146,146,146,146,146,146,146,145,145,145,145,144,144,144,142,132,118,111,107,107,115,115,115,97,104,111,130,129,128,124,125,136,125,119,104,105,106,107,107,108,106,107,111,117,121,125,130,137,137,132,128,121,115,108,106,109,112,112,112,113,115,116,117,117,115,120,122,123,123,124,129,134,136,137,132,130,99,84,78,100,107,95,99,102,114,110,90,90,89,108,108,107,109,103,98,85,88,89,94,85,85,86,89,91,98,102
142,142,142,142,142,142,142,142,143,142,143,143,143,143,143,143,143,143,144,144,144,144,144,144,145,145,145,145,145,145,145,146,146,146,146,146,146,146,146,147,147,147,147,127,110,87,92,88,98,96,90,75,68,70,79,88,89,92,93,115,131,145,145,145,145,145,145,145,145,145,145,145,145,145,145,145,145,145,145,145,146,146,146,145,146,147,147,147,147,147,147,146,146,146,146,146,146,146,146,146,145,145,145,144,144,144,144,143,136,122,100,93,93,102,116,115,120,109,123,127,143,137,132,119,113,124,118,118,103,104,105,106,105,111,116,122,126,132,136,136,133,128,123,117,112,106,106,104,107,109,112,112,112,112,114,113,112,109,115,127,137,140,140,140,139,139,134,131,132,139,111,87,73,94,106,98,101,103,111,108,90,87,84,99,98,94,98,98,101,87,89,89,94,92,96,102,106,107,103,106
142,142,142,142,142,142,142,142,142,142,142,142,143,143,143,143,143,143,143,143,144,144,144,144,144,144,144,144,145,145,145,145,145,146,146,146,146,146,146,146,146,146,146,124,109,89,95,88,97,95,87,68,66,69,74,75,73,77,77,105,124,145,145,145,145,145,145,145,145,145,145,145,145,145,145,145,145,145,145,145,146,146,146,146,146,147,147,147,147,146,146,146,145,145,146,145,145,145,145,145,145,145,144,144,143,143,143,143,131,117,96,94,101,116,130,128,131,124,132,131,144,131,121,102,102,118,116,117,102,105,104,111,115,128,132,133,130,132,137,133,125,113,109,107,109,107,106,104,106,109,112,112,110,111,110,117,118,123,129,142,152,149,142,134,127,119,109,108,118,126,106,77,71,90,105,101,102,103,104,104,87,83,78,94,99,95,99,101,105,96,97,102,107,109,103,98,89,90,90,93
142,142,142,142,142,142,142,142,142,142,142,142,142,142,142,142,142,143,143,143,143,143,143,144,144,144,144,144,144,145,145,145,145,145,145,145,145,146,146,146,146,146,146,124,109,91,92,87,92,94,86,71,70,72,75,69,66,72,75,104,123,145,145,145,145,145,145,145,145,145,145,145,145,145,145,145,145,145,145,145,146,146,146,146,146,146,146,146,146,146,145,145,145,145,145,145,145,145,145,145,145,144,144,143,143,143,143,143,131,117,102,107,120,134,136,128,127,126,127,120,133,127,124,104,103,118,114,115,106,116,120,126,124,130,131,133,127,122,122,118,112,106,105,106,108,106,105,103,106,107,109,109,112,120,125,131,131,136,137,137,136,131,125,115,104,97,87,84,94,102,90,66,66,86,104,106,103,97,91,96,91,89,84,96,101,97,99,105,114,112,103,95,90,92,92,91,88,87,87,88
142,142,142,142,141,142,142,142,142,142,142,142,142,142,142,142,142,142,142,142,143,143,143,143,143,143,144,144,144,144,144,144,144,144,144,144,145,145,145,145,145,145,145,124,108,93,92,89,90,91,81,68,67,70,76,71,70,73,77,105,124,145,145,145,145,145,145,145,145,145,146,145,145,145,145,145,145,145,145,146,146,146,146,146,146,146,146,146,145,145,145,145,145,145,145,145,145,145,145,144,144,144,143,143,143,143,143,142,129,120,114,126,139,144,144,132,125,117,112,106,123,123,124,104,107,120,123,125,124,132,135,136,128,125,120,116,110,105,106,107,106,105,104,105,107,106,106,106,113,118,123,124,127,133,132,137,130,135,124,117,109,111,106,98,88,84,82,81,88,89,76,61,70,85,97,100,102,100,92,98,98,100,99,106,112,109,103,98,96,95,92,88,87,89,89,87,84,84,89,89
141,141,141,141,141,141,141,141,141,141,141,141,141,141,142,142,142,142,142,142,142,142,143,143,143,143,143,143,144,144,144,144,144,144,144,144,144,144,144,144,144,145,144,126,111,96,92,89,87,89,87,80,79,73,80,76,73,72,77,105,124,145,145,145,145,146,148,148,147,146,146,146,145,145,145,145,146,146,146,146,146,146,146,146,146,146,146,145,145,145,145,145,145,145,145,145,145,144,144,144,144,144,143,143,143,143,142,142,134,126,119,126,132,130,131,121,116,105,105,104,123,125,124,109,117,132,136,132,129,131,136,131,118,107,102,104,104,105,105,106,105,104,103,103,105,111,118,124,129,134,138,134,132,130,126,121,112,109,99,91,83,97,100,100,87,85,83,88,90,90,70,67,78,93,101,103,104,102,98,103,108,110,105,100,95,91,90,87,89,88,87,84,83,85,91,95,99,98,98,98
141,141,141,141,141,141,141,141,141,141,141,141,141,141,141,141,142,142,142,142,142,142,142,142,143,143,143,143,143,143,143,143,143,144,144,144,144,144,144,144,144,144,141,124,109,97,92,87,83,84,91,88,83,70,75,75,70,71,76,106,125,145,145,146,147,150,151,151,149,147,146,146,145,145,145,146,146,146,146,146,146,146,146,146,146,146,146,145,145,145,145,144,144,145,145,145,144,144,144,144,143,143,143,143,143,143,142,142,134,126,113,113,112,112,126,122,123,103,103,103,122,129,133,126,128,135,135,131,124,120,121,117,109,103,104,105,104,104,104,105,107,110,116,119,121,127,134,141,141,139,136,132,127,116,104,94,87,85,81,80,80,96,98,99,89,87,84,96,97,96,73,77,91,101,103,102,105,109,107,102,96,96,95,93,90,86,84,81,83,84,88,92,97,99,99,100,99,98,98,98
141,141,141,141,141,141,141,141,141,141,141,140,141,140,141,141,141,141,141,142,142,142,142,142,142,142,142,142,142,143,143,143,143,143,143,143,143,143,143,143,143,144,135,119,105,98,92,87,80,82,94,94,86,71,73,74,66,68,76,99,116,136,146,148,150,153,155,153,149,146,145,146,145,145,145,146,146,146,146,146,146,147,147,147,147,147,146,145,145,145,145,144,145,145,145,145,144,144,144,144,143,143,143,142,143,142,142,143,135,122,101,95,95,101,121,122,128,114,119,118,131,132,129,124,123,132,126,119,106,104,108,108,106,103,105,105,104,109,109,116,118,127,133,136,135,135,136,139,134,127,119,114,110,98,88,79,80,80,79,78,77,95,96,97,89,87,85,98,99,102,81,87,96,107,107,102,95,97,98,97,88,86,85,86,84,83,87,90,95,96,97,97,97,99,100,100,99,98,98,97
140,140,140,140,140,140,140,140,140,140,140,140,140,140,140,140,141,141,141,141,141,141,142,142,142,142,142,142,142,142,142,142,142,142,142,142,142,142,142,143,143,143,130,113,99,98,92,86,78,80,90,90,80,66,71,73,67,67,77,91,108,129,148,151,153,154,155,152,148,145,145,145,146,146,146,146,146,146,146,147,149,150,150,150,149,148,146,145,145,145,144,144,145,145,145,144,144,144,143,143,143,143,143,142,143,143,143,144,131,116,97,97,97,102,115,120,134,130,135,129,131,127,125,119,112,117,111,110,100,104,107,108,106,103,110,113,119,124,127,133,133,137,144,141,140,127,122,119,115,108,100,101,105,97,89,78,80,80,78,77,77,93,95,95,88,88,91,95,95,102,93,94,90,96,98,96,90,92,93,92,81,80,84,94,97,97,96,96,97,98,97,97,97,99,100,100,99,98,97,97
140,140,140,140,140,140,140,140,140,140,140,140,140,140,140,140,140,140,141,141,141,141,141,141,141,141,141,141,141,142,141,141,141,141,141,141,142,142,142,142,142,143,126,109,95,98,90,86,76,81,89,90,80,65,75,76,71,67,78,83,101,122,151,154,155,154,154,151,148,146,146,146,147,147,147,147,147,146,148,149,152,153,153,153,152,151,148,147,146,145,145,145,145,144,144,144,143,143,143,144,144,143,143,143,143,144,144,145,132,117,98,98,104,114,123,129,139,136,135,127,128,119,111,102,100,112,111,110,99,103,106,113,111,115,121,131,137,143,140,139,130,129,130,123,122,108,104,100,101,102,101,103,105,97,88,78,80,80,78,77,81,97,101,104,104,111,115,106,106,111,104,96,82,92,91,90,86,90,94,98,90,89,89,97,96,98,97,98,97,99,98,98,97,99,100,100,99,97,97,97
139,139,139,139,139,139,139,140,139,139,139,140,140,140,140,140,140,140,140,140,140,140,141,141,141,141,141,141,141,141,141,141,141,141,141,141,141,141,141,142,142,142,125,108,95,99,89,84,74,80,86,90,79,65,78,81,78,68,78,84,103,126,154,156,155,154,153,152,150,148,147,147,147,148,149,149,149,148,150,152,155,156,155,155,154,153,151,149,147,146,146,145,145,145,144,144,144,144,144,145,144,144,144,144,145,145,145,145,138,129,116,116,122,125,126,127,131,124,118,110,114,112,111,104,101,110,109,108,105,112,120,128,129,133,137,145,145,141,134,126,119,112,113,105,106,98,99,99,100,101,100,102,104,97,88,77,81,86,88,95,104,121,124,126,126,135,138,124,123,118,107,90,76,89,91,94,95,98,100,99,92,92,92,97,96,98,97,98,97,98,97,98,97,98,99,98,98,96,96,96
139,139,139,139,139,139,139,139,139,139,139,139,139,139,139,139,139,139,140,140,140,140,140,140,140,140,140,140,140,140,140,141,140,140,140,140,140,141,141,141,141,142,127,112,99,100,88,83,73,80,85,91,78,66,76,81,78,69,79,84,105,127,155,155,155,154,153,152,151,150,149,149,149,150,152,151,151,151,152,154,156,157,156,156,155,155,153,151,149,148,147,147,147,146,146,146,145,146,146,147,146,146,145,146,146,146,146,145,143,140,129,123,124,126,131,127,124,106,100,98,108,110,110,104,102,111,117,121,124,129,137,138,136,135,135,138,130,125,115,109,104,103,103,99,99,98,99,99,100,101,100,103,103,104,97,97,101,114,116,123,132,144,144,141,141,143,142,126,126,115,97,80,77,94,94,94,96,99,101,100,95,94,94,96,96,97,97,97,96,97,97,97,96,97,97,97,97,95,95,94
138,138,138,138,138,138,139,139,139,139,139,139,139,139,139,139,139,139,139,139,139,139,139,139,139,139,139,139,139,139,140,140,140,140,140,140,140,140,141,141,141,142,129,117,105,104,89,84,72,79,83,90,78,68,73,79,75,71,80,85,106,128,154,154,153,153,153,152,152,152,151,151,151,152,153,152,152,153,154,155,157,158,157,157,156,155,153,152,150,149,149,148,148,149,148,148,148,148,148,148,147,147,147,146,146,145,145,144,141,139,129,124,119,115,121,116,117,99,99,98,106,107,107,110,117,126,133,135,136,132,134,129,130,124,123,119,111,106,101,104,105,104,103,99,99,98,100,100,100,103,103,114,118,128,122,126,128,141,138,140,137,145,143,137,136,130,129,113,120,109,90,72,76,93,95,95,96,99,101,100,97,96,95,96,95,97,96,97,96,97,96,95,94,95,96,96,96,95,95,94
138,138,138,138,138,138,138,138,138,138,138,138,138,138,138,138,138,139,139,139,139,139,138,139,139,139,139,139,139,139,139,139,140,140,140,140,140,140,140,141,141,141,133,123,110,106,91,88,75,81,81,88,79,72,73,76,72,72,81,86,107,128,153,153,153,153,153,153,153,153,152,152,153,153,153,153,153,153,154,156,157,158,158,157,156,154,153,152,151,150,150,150,150,150,150,149,149,149,148,148,147,147,147,146,145,145,144,143,134,127,111,107,102,104,116,116,117,99,103,102,114,115,121,127,134,136,133,128,123,117,115,112,110,106,107,104,102,101,101,104,105,105,104,100,99,97,100,109,116,124,124,133,136,149,142,143,136,142,136,132,125,127,125,120,124,118,116,99,113,103,87,67,74,91,95,95,96,98,100,100,99,97,96,96,95,96,96,96,95,95,95,91,90,91,94,90,86,82,83,84
137,138,138,137,137,137,137,137,137,137,137,137,137,138,137,138,138,138,138,138,138,138,138,138,138,138,138,138,138,139,139,139,139,140,140,140,140,140,140,140,140,141,126,119,106,110,94,93,79,83,78,85,80,72,72,71,72,74,83,88,108,129,152,152,152,153,154,155,155,154,153,153,153,154,154,153,153,153,154,156,157,158,158,157,155,153,152,151,151,150,150,150,151,151,151,150,149,149,148,147,147,146,146,145,145,144,143,143,129,116,99,100,101,105,115,116,116,106,115,121,130,124,126,125,132,127,117,105,95,93,93,99,102,105,105,103,101,101,102,104,105,111,110,114,113,117,120,129,136,144,137,145,142,146,132,123,117,119,117,112,105,110,110,112,119,119,116,100,111,101,84,64,72,88,94,94,95,97,99,99,99,98,96,95,95,96,95,95,94,91,87,79,78,79,82,77,74,77,86,91
137,137,137,137,137,137,137,137,137,137,137,137,137,137,137,137,137,138,138,138,138,138,138,138,138,138,138,138,138,138,138,139,139,139,140,140,140,140,140,140,140,140,120,114,100,113,95,97,81,85,77,82,80,70,74,69,76,75,85,89,109,129,152,152,152,154,155,156,156,155,154,153,153,154,155,154,152,152,154,156,157,157,157,156,154,153,151,151,150,150,150,150,150,149,150,150,149,148,147,147,146,145,145,145,145,144,144,143,130,117,100,99,103,112,125,127,128,125,128,127,130,122,122,110,113,104,94,80,75,84,92,100,101,104,104,103,100,102,102,112,117,131,129,133,132,136,131,133,134,142,133,134,126,121,104,92,90,96,103,104,104,112,112,112,118,117,115,100,104,96,78,64,69,85,93,93,95,96,98,98,98,97,96,95,90,86,84,90,90,85,74,72,78,86,89,84,80,84,92,98
137,137,137,137,137,137,137,137,137,137,136,136,136,137,137,137,137,137,137,137,137,137,137,137,137,137,137,138,138,138,138,138,139,139,139,139,139,139,140,140,140,140,115,110,97,116,96,99,80,86,76,81,78,66,75,69,82,77,88,90,110,130,151,151,152,153,155,156,156,155,156,155,155,155,155,153,151,151,153,155,156,156,156,155,153,152,151,150,150,150,150,149,147,147,148,149,149,147,146,145,144,144,144,145,145,144,144,143,130,121,111,117,123,129,136,138,134,128,120,119,119,109,101,86,92,88,87,78,76,85,92,101,101,103,103,106,110,119,122,131,136,149,141,146,140,146,132,126,120,122,113,113,105,98,82,72,82,93,104,103,103,112,112,112,116,115,113,103,99,95,72,65,67,83,93,92,94,96,97,93,88,85,84,84,78,77,82,95,98,93,82,82,87,94,95,94,94,102,109,115
136,136,136,136,136,136,137,136,136,136,136,136,136,136,136,137,137,137,137,137,137,137,137,137,137,137,137,137,137,137,138,138,138,138,139,139,139,139,139,139,139,140,116,111,98,117,95,99,77,87,74,81,76,65,78,71,86,77,89,92,111,132,151,151,151,153,154,156,156,156,156,156,156,156,155,152,150,149,151,153,154,155,154,154,153,152,151,150,150,149,148,146,145,144,147,148,147,145,144,143,143,143,144,145,145,144,144,143,135,131,128,127,127,125,133,135,133,120,103,97,100,96,89,79,88,87,86,77,77,84,93,105,113,119,123,126,131,140,136,139,138,144,134,134,127,127,113,107,101,103,100,100,97,90,79,70,81,93,103,103,103,111,111,110,115,113,111,106,101,100,74,65,65,79,92,95,95,92,85,80,81,84,92,91,86,85,90,103,106,104,97,100,105,111,112,111,111,110,105,104
136,136,136,136,136,136,136,136,136,135,135,136,136,136,136,136,136,136,136,136,137,137,137,137,137,136,136,136,137,137,137,138,138,138,138,138,139,139,139,139,139,139,118,113,100,118,95,101,77,92,77,85,72,72,82,78,85,77,91,94,113,133,151,151,151,152,154,156,156,156,156,156,156,155,153,151,149,148,149,150,151,152,152,152,152,151,150,150,150,148,146,144,143,144,146,147,145,143,142,142,143,144,145,144,144,144,143,143,138,132,130,127,126,115,119,120,118,98,85,86,97,96,88,79,88,89,92,87,96,105,118,126,134,139,136,133,133,139,136,131,125,125,116,116,109,110,104,104,104,104,100,98,94,87,78,72,84,95,103,102,102,107,107,111,113,118,119,122,110,106,77,69,63,73,85,94,100,98,91,85,87,91,98,99,98,101,107,113,116,115,115,108,101,94,92,92,93,91,87,83
136,136,135,135,135,135,135,135,135,135,135,135,135,135,136,136,136,136,136,136,136,136,136,136,135,132,132,132,134,134,134,134,134,135,135,134,135,136,137,138,138,136,115,110,99,118,96,104,79,98,80,87,67,69,75,73,79,77,90,96,116,135,150,151,151,152,153,156,156,156,156,155,155,154,153,151,149,148,147,147,148,149,150,150,150,149,148,147,147,145,144,143,143,145,146,145,144,142,142,142,143,144,144,144,143,143,143,142,138,125,117,107,107,94,103,105,111,91,84,85,97,96,91,87,102,109,117,116,125,130,134,132,132,136,133,129,122,122,115,110,104,104,103,102,102,102,104,103,102,102,99,98,95,88,80,74,85,94,102,103,110,118,123,127,129,135,135,138,121,115,87,82,72,82,92,102,108,105,97,95,102,109,115,116,116,113,106,98,94,94,95,87,81,76,77,77,78,76,71,67
135,135,135,135,135,135,134,134,134,134,134,135,135,135,135,135,135,135,135,135,136,136,135,134,132,129,129,129,129,129,130,132,132,132,132,129,128,130,135,138,138,134,113,107,98,118,97,106,82,105,86,91,65,70,69,71,74,77,91,92,112,130,149,150,151,151,153,154,155,155,155,155,155,153,151,148,146,146,145,145,146,147,148,148,147,146,145,144,144,143,142,142,143,144,145,145,144,143,143,144,144,144,144,143,142,142,142,141,133,112,98,95,102,95,104,104,110,90,90,92,109,111,117,116,128,129,133,126,133,135,135,125,113,113,108,108,101,101,101,101,101,102,103,101,101,101,104,103,102,102,98,97,102,98,94,91,103,114,120,122,130,135,141,145,143,144,140,137,118,111,90,91,81,94,99,106,113,114,114,109,104,95,95,98,102,97,89,80,77,77,78,66,61,56,61,62,62,61,62,60
134,134,135,134,134,134,134,134,134,134,134,134,134,134,135,135,135,135,135,135,135,135,135,133,130,127,128,127,127,127,128,130,130,130,130,125,122,125,132,137,137,131,108,101,95,117,98,107,84,106,87,92,66,63,60,63,74,79,91,87,106,123,146,149,151,151,152,153,154,154,155,154,152,149,147,145,143,143,143,144,145,146,146,145,144,143,142,142,142,142,143,143,143,144,145,145,144,144,144,144,144,144,143,142,142,141,141,141,129,109,95,95,102,96,103,102,116,107,117,118,132,126,128,123,133,128,128,120,122,119,112,99,84,84,90,99,99,99,100,100,100,100,101,98,99,100,102,107,112,113,112,112,125,124,122,120,127,135,138,141,144,142,141,138,138,132,126,118,106,112,97,102,92,102,104,95,94,91,95,92,87,79,80,82,86,81,73,65,62,63,64,52,53,53,65,64,63,63,63,63
134,134,134,134,134,134,134,134,134,134,134,134,134,134,134,134,134,134,134,134,134,135,134,132,130,129,127,120,112,107,109,111,110,107,109,110,115,123,131,137,137,131,107,99,93,114,97,106,85,108,89,97,70,71,65,70,76,80,90,80,100,115,143,146,148,150,150,150,149,150,150,150,147,144,142,141,140,140,141,143,145,145,144,143,142,142,143,144,143,143,144,144,144,144,145,144,144,144,144,144,144,143,142,142,141,141,140,140,129,109,96,95,110,111,121,121,132,124,129,120,129,123,128,121,122,108,104,96,99,96,97,88,79,80,89,99,99,100,100,100,100,98,106,109,112,113,116,127,133,133,133,133,146,147,142,137,135,139,137,138,133,126,119,117,116,109,103,94,88,102,94,95,81,90,94,88,84,79,80,76,71,64,65,68,71,69,67,66,66,66,65,53,53,53,64,63,62,62,62,62
133,134,133,133,133,133,133,133,133,133,133,133,133,134,134,134,134,134,134,134,134,134,134,133,131,130,127,117,103,92,90,91,90,86,85,93,107,122,131,136,136,130,105,96,90,111,94,104,83,107,89,100,73,76,67,75,77,80,88,77,99,114,143,145,146,147,146,146,145,145,145,144,142,140,140,140,140,141,142,144,144,144,143,142,142,143,145,145,145,145,145,145,145,144,144,144,144,143,143,143,143,142,142,141,141,140,140,139,134,122,116,116,129,128,130,123,131,123,121,108,112,106,106,97,98,89,89,89,96,96,96,89,82,82,90,98,100,101,101,100,107,112,127,131,133,133,135,146,151,147,141,136,142,142,136,128,120,117,116,116,110,103,97,95,94,94,94,89,89,105,97,89,72,81,87,81,74,67,65,65,66,68,68,69,69,70,68,67,65,64,64,55,56,56,63,62,62,62,62,62
133,133,133,133,132,132,133,133,133,133,133,133,133,133,133,133,133,134,134,134,134,134,134,133,132,131,128,117,98,81,72,70,70,66,63,78,99,123,131,136,136,129,104,92,87,106,91,99,81,106,91,104,75,82,69,80,78,80,86,75,99,115,143,145,145,145,143,142,141,140,140,140,140,141,143,144,145,146,145,145,144,144,143,143,143,144,145,146,145,145,145,145,145,144,144,144,144,143,143,142,142,141,141,140,140,140,139,139,138,129,122,117,128,130,131,123,121,105,93,77,86,90,98,96,96,88,88,88,96,96,97,91,87,90,96,108,115,124,124,122,128,134,148,147,142,141,141,147,140,135,127,121,120,119,112,104,98,95,94,93,93,93,94,94,95,93,93,88,97,107,97,77,64,79,90,93,85,76,67,67,66,66,67,67,67,67,66,65,63,63,62,55,56,56,62,62,61,62,62,63
132,132,132,132,132,132,132,132,132,132,132,132,132,133,133,133,133,133,133,133,133,134,133,133,133,133,131,126,112,94,79,71,71,69,65,77,96,123,132,136,136,129,105,90,85,101,89,95,80,104,91,106,78,82,68,80,81,79,84,75,102,118,143,144,144,143,141,140,140,139,139,139,140,143,146,148,149,149,148,147,145,144,143,144,144,144,145,145,145,144,144,144,144,143,143,143,143,143,142,142,141,141,140,140,140,139,139,138,137,131,122,118,118,116,111,103,101,87,79,70,84,91,99,95,96,88,88,94,105,108,109,111,116,118,121,130,136,144,136,130,130,138,142,133,125,125,127,127,120,115,106,100,100,100,97,94,94,93,93,92,93,93,94,94,94,93,93,87,104,108,99,72,67,82,93,93,84,76,67,66,65,65,65,65,65,65,64,63,62,62,62,56,57,56,61,61,61,61,61,61
132,132,132,132,131,131,132,132,132,132,132,132,132,132,132,132,133,133,133,133,133,133,133,134,134,134,133,131,124,110,93,78,72,70,66,79,97,124,133,136,136,130,106,89,84,96,89,92,82,104,94,109,80,77,62,77,84,78,82,74,104,119,141,142,142,141,140,139,139,139,139,139,141,144,148,152,152,152,150,148,146,144,144,144,144,144,144,144,143,143,143,143,143,143,143,143,143,142,142,141,141,140,140,140,139,139,138,138,131,119,101,96,96,101,101,100,99,87,78,70,84,91,107,102,109,104,111,120,127,129,131,134,139,136,130,132,134,142,135,131,124,124,120,109,102,102,107,108,102,102,99,100,100,101,99,95,95,94,93,92,93,93,94,93,94,92,92,87,102,104,94,69,67,82,93,93,84,76,68,67,66,65,63,62,62,62,62,62,62,62,62,57,57,57,62,62,62,59,58,55
131,131,131,131,131,131,131,132,132,132,132,132,132,132,132,133,133,133,133,133,133,133,133,134,135,135,134,132,130,121,109,92,79,72,64,78,97,125,133,136,136,130,108,89,85,92,89,90,83,102,94,111,83,73,57,73,86,77,80,73,105,118,138,138,139,139,139,139,139,139,139,140,142,145,149,152,152,151,150,148,145,144,143,143,143,143,143,143,143,142,142,142,142,142,142,142,142,142,141,141,140,140,139,139,139,138,138,138,124,112,93,93,93,99,100,98,97,89,90,91,109,115,130,126,133,130,137,137,136,129,131,135,140,134,127,121,119,119,114,110,103,103,101,92,92,92,102,104,105,104,101,102,103,104,101,96,95,94,94,93,93,93,92,92,92,91,91,96,103,104,83,67,66,82,93,92,84,76,69,69,67,65,62,62,62,63,63,63,63,63,62,58,58,58,63,63,63,55,55,47
131,131,131,131,131,132,132,132,132,132,132,132,132,132,132,133,133,133,133,133,133,133,134,134,135,136,136,134,132,128,122,109,94,79,66,77,97,126,134,136,136,129,107,86,83,89,89,87,83,99,95,113,86,72,55,72,87,78,80,72,104,118,140,140,141,141,141,142,143,143,143,144,145,147,150,152,152,151,149,146,144,143,142,143,143,143,142,142,142,142,142,142,142,141,141,141,141,141,141,140,140,140,139,139,138,138,138,138,124,111,92,92,94,99,107,112,119,114,118,122,135,133,139,131,136,134,141,134,126,118,118,118,116,111,104,98,96,97,100,101,102,101,103,93,94,92,103,104,106,105,103,104,104,104,100,96,94,94,93,101,105,106,98,94,102,109,116,120,119,118,91,74,66,81,92,92,83,76,69,70,68,66,63,63,63,64,64,64,64,64,63,61,61,61,64,63,63,52,51,41
131,131,131,131,131,131,131,131,132,132,132,132,132,132,132,132,133,133,133,133,134,134,135,135,136,136,136,135,134,131,129,123,112,95,76,82,100,127,134,136,136,129,106,83,81,84,86,80,78,93,95,114,88,79,61,78,86,79,80,73,104,119,143,143,144,144,144,145,146,147,147,147,148,149,150,152,152,150,147,144,143,142,142,142,142,142,142,142,142,142,141,141,141,141,141,141,140,140,140,140,139,139,139,138,138,138,137,137,124,118,108,115,116,119,126,133,135,128,127,132,141,136,134,126,124,123,121,113,104,96,96,95,95,95,94,94,95,97,99,100,101,100,102,91,93,91,103,104,105,105,102,103,102,106,104,101,103,110,117,125,129,131,123,119,126,132,138,133,132,130,105,79,66,80,91,91,83,76,69,70,67,66,65,65,65,65,65,65,65,65,65,67,66,64,60,59,59,51,51,44
131,131,131,131,131,131,132,132,132,132,132,132,132,132,132,132,133,133,134,134,135,135,137,137,138,136,137,135,135,133,132,130,126,114,97,95,108,128,137,138,138,130,104,79,79,80,83,74,74,87,94,114,90,85,65,83,84,79,80,71,101,118,146,146,146,146,146,148,150,150,149,148,148,148,149,149,149,146,144,142,142,141,141,141,141,141,141,141,141,141,141,141,141,141,140,140,140,140,140,140,139,139,138,138,138,137,137,137,130,132,126,129,122,120,126,134,137,129,121,119,121,115,114,107,105,104,101,101,96,95,94,94,95,95,94,93,94,96,98,99,99,98,100,91,95,100,113,116,113,118,118,123,121,125,123,121,125,133,141,148,152,153,145,135,134,134,140,126,126,122,105,78,65,79,91,91,83,76,69,70,68,67,66,65,63,63,63,62,62,62,62,65,64,61,58,60,68,70,73,68
131,132,132,132,132,132,132,132,132,133,133,132,132,133,133,133,134,134,134,135,135,136,139,139,141,135,135,133,136,136,135,134,133,127,118,112,118,129,138,139,140,131,105,79,79,79,83,70,72,80,90,111,89,88,66,86,80,77,77,68,99,117,146,146,146,145,146,148,148,147,145,145,145,145,145,145,144,142,141,140,140,141,141,141,141,141,141,141,141,141,141,141,141,140,140,140,139,139,139,139,139,138,138,138,137,137,137,137,130,132,126,128,121,119,118,119,116,110,102,99,99,99,106,106,107,105,101,101,96,96,95,94,95,95,94,93,97,106,114,112,105,104,113,113,115,121,131,134,130,135,137,141,140,142,143,137,135,137,146,145,143,141,141,133,124,116,115,104,106,102,90,68,63,74,82,83,78,73,65,66,65,64,63,61,60,64,71,77,80,80,81,82,81,78,75,78,86,92,95,94
132,133,133,133,133,133,133,133,133,133,133,133,133,134,135,135,135,134,135,135,136,136,139,139,141,130,128,125,134,137,137,136,136,134,131,124,126,131,140,141,141,132,105,81,83,83,91,75,78,78,90,107,87,80,61,81,79,76,74,67,97,114,144,145,145,144,145,146,145,143,141,141,141,141,141,140,139,138,138,139,139,140,140,140,140,140,140,140,140,140,140,140,140,140,140,139,139,139,139,139,138,138,138,137,137,137,136,136,130,125,110,105,98,99,100,100,102,102,101,98,98,98,106,108,108,107,101,101,96,95,102,101,103,100,107,113,120,128,135,131,124,124,132,136,137,142,148,145,136,141,152,155,146,137,137,131,125,120,121,122,120,119,117,109,100,93,93,91,94,90,75,59,65,74,79,77,80,84,81,82,82,82,80,78,76,80,87,93,97,97,97,94,94,93,96,100,107,111,113,111
132,132,133,133,133,133,133,133,133,133,134,134,135,135,136,136,136,135,135,134,134,135,136,137,140,124,115,109,125,134,137,138,137,136,135,128,129,131,141,142,142,131,106,83,88,89,100,82,85,78,91,102,86,73,57,77,76,74,73,70,98,115,143,144,144,144,144,143,141,139,138,138,138,138,138,138,138,138,138,139,139,139,139,140,140,140,140,140,140,140,140,140,140,140,139,139,139,139,139,138,138,137,137,137,137,136,136,136,123,111,93,92,93,98,101,101,103,102,101,98,99,98,104,110,113,110,108,113,119,118,125,125,126,123,131,137,144,151,153,141,129,127,135,134,127,123,129,128,127,129,137,134,126,116,116,109,103,96,97,100,99,99,96,95,93,93,93,93,95,92,81,72,78,84,86,85,92,97,97,98,99,99,97,96,95,99,104,111,116,116,115,111,112,111,114,114,113,106,99,95
132,132,133,133,132,132,132,132,132,133,133,133,135,135,136,136,136,135,134,134,134,134,134,135,139,118,101,89,108,124,133,137,137,137,137,129,130,132,142,143,142,131,106,85,91,94,106,88,93,81,93,99,87,68,54,73,74,74,74,75,100,117,144,145,145,145,145,143,141,139,138,138,138,138,138,138,138,138,138,139,139,139,139,139,139,139,139,139,139,139,139,139,139,139,139,139,139,139,138,138,137,137,137,136,136,136,136,135,124,111,93,91,93,98,101,101,103,100,106,110,120,119,124,129,131,128,127,134,141,141,141,133,128,126,134,140,143,143,138,128,123,120,122,111,102,93,104,105,110,111,118,115,107,97,97,96,96,95,95,99,100,102,98,98,96,96,95,95,95,98,91,90,92,99,102,101,110,115,119,118,118,117,116,116,115,112,104,99,95,96,92,88,95,101,112,111,110,98,88,80
131,131,131,131,131,131,131,132,132,132,132,133,134,135,135,135,135,134,134,134,134,134,133,135,139,117,96,76,92,106,122,130,135,137,137,129,130,133,142,142,141,131,105,84,88,93,107,89,97,82,95,97,87,74,60,78,71,75,76,80,102,119,146,146,146,147,146,145,143,141,140,139,139,140,140,139,139,139,139,139,139,139,139,139,139,139,138,138,138,139,139,139,139,138,138,138,138,138,138,137,137,136,136,136,135,135,135,135,131,119,106,104,110,116,117,117,120,118,124,129,141,133,129,128,137,133,134,133,142,142,136,128,122,122,122,122,123,123,119,110,105,103,104,92,80,69,81,92,104,105,105,104,102,99,98,97,98,97,97,100,101,104,101,101,99,98,97,96,97,103,100,104,102,107,102,98,97,95,100,107,115,117,112,108,103,101,93,89,86,88,85,81,87,93,104,103,102,88,79,69
130,130,131,130,130,130,131,131,131,131,131,132,132,133,133,133,134,133,134,134,134,134,135,137,141,118,99,71,83,87,106,116,129,135,137,130,131,133,141,140,139,130,104,82,84,89,105,88,100,82,96,94,84,77,63,82,68,76,77,83,103,120,147,147,147,147,147,146,145,143,141,140,140,141,140,140,139,139,139,139,139,139,139,138,138,138,138,138,138,138,138,138,138,138,138,137,137,137,137,137,136,136,136,135,135,134,134,134,137,132,126,124,130,125,113,103,105,105,111,121,140,142,137,125,128,130,129,122,119,120,115,106,99,99,101,101,101,102,103,102,101,100,103,93,83,72,83,94,104,104,104,103,102,100,99,99,100,99,98,102,102,105,102,102,101,100,99,99,106,115,103,102,95,103,94,89,88,87,90,98,105,107,103,99,95,92,84,81,78,80,78,77,83,90,98,97,97,84,82,71
129,128,126,126,127,130,130,130,131,131,131,131,131,132,132,132,132,133,133,133,134,134,137,139,143,117,105,75,85,75,95,97,119,123,134,127,131,132,139,138,138,127,99,77,80,85,103,88,102,82,97,92,82,80,67,85,66,77,78,85,103,120,146,146,146,146,145,144,143,142,141,140,140,140,140,140,139,139,139,139,139,139,138,138,138,138,138,138,138,138,138,137,137,137,137,137,137,137,137,136,136,135,135,135,134,134,134,134,143,136,134,132,141,122,95,76,76,76,73,77,87,90,94,93,105,114,113,105,98,98,101,99,98,97,99,101,101,102,102,101,100,100,102,95,86,75,83,93,103,103,102,102,102,98,98,97,100,99,98,102,102,103,101,106,111,111,106,110,121,128,101,93,88,100,88,82,80,79,82,88,97,100,96,91,86,86,83,85,87,91,92,92,92,92,92,93,93,82,83,72
128,127,124,122,124,128,130,130,131,131,131,131,131,131,131,132,132,132,132,133,133,133,138,140,144,117,109,79,94,74,95,84,110,105,125,119,130,130,137,136,137,122,95,75,79,84,101,89,104,83,97,90,81,77,66,84,68,79,80,85,102,118,145,144,144,144,143,142,142,141,141,140,140,140,139,139,139,139,138,138,138,138,138,138,138,138,138,138,138,137,137,137,137,136,136,136,136,136,136,135,135,135,135,134,134,134,134,133,141,140,129,126,126,115,88,69,68,67,65,68,77,88,94,96,96,112,111,111,98,99,101,100,98,97,98,100,100,101,101,100,99,98,100,94,85,74,82,92,101,106,111,110,103,95,101,106,110,104,106,115,122,123,121,126,131,133,127,131,132,128,91,87,82,101,92,92,94,94,94,91,91,91,91,90,90,90,83,84,84,92,92,95,94,95,93,94,94,84,85,74
129,129,124,121,121,126,130,130,130,131,131,131,131,131,131,132,132,132,132,132,132,133,137,139,141,115,110,83,102,79,101,79,105,88,114,108,130,129,136,136,136,118,92,74,78,83,97,90,104,87,98,90,82,73,63,79,72,82,83,83,100,115,142,142,141,141,140,140,140,140,140,139,139,139,139,139,138,138,138,138,138,138,138,138,138,138,138,138,138,137,137,136,136,136,136,136,136,135,135,135,135,134,134,134,134,133,133,133,141,137,124,118,119,118,102,94,93,92,89,89,89,89,90,95,97,112,111,111,99,100,101,100,97,96,97,98,98,105,113,117,110,102,97,93,95,96,107,114,120,126,132,130,123,115,121,126,130,126,128,135,143,143,142,146,149,150,145,145,133,120,82,85,83,103,94,93,95,95,94,92,91,92,93,92,92,92,80,80,81,93,94,97,97,97,95,95,96,86,88,77
131,131,128,123,122,124,129,130,130,130,131,131,131,130,131,131,131,132,132,132,132,132,134,136,137,113,111,86,108,83,106,81,107,81,109,103,130,129,136,135,135,118,94,77,77,82,90,88,102,91,100,90,82,71,63,77,78,86,87,81,97,112,140,139,140,139,139,139,139,139,140,140,139,139,139,138,138,138,138,138,138,138,138,138,137,137,137,137,137,137,136,136,136,136,136,136,135,135,135,134,134,134,134,133,133,133,132,132,141,142,131,123,121,132,131,131,131,131,130,130,130,130,117,107,103,116,123,116,106,100,106,112,118,118,118,117,116,124,132,136,128,120,116,113,118,123,133,137,139,146,152,150,143,134,140,145,147,138,137,139,144,141,140,140,138,139,138,133,116,102,73,83,83,103,94,93,92,93,92,91,91,92,93,93,94,93,74,74,75,96,96,99,98,98,97,97,97,87,89,78
123,122,127,123,122,125,128,130,130,130,130,131,131,130,131,131,131,131,132,132,132,132,131,133,133,111,110,87,110,85,109,83,109,81,109,101,130,129,136,136,136,123,98,82,75,80,82,83,97,92,100,90,82,73,65,77,80,88,89,79,96,110,138,138,138,138,141,140,136,129,128,128,128,128,128,128,128,128,127,127,127,128,125,125,123,124,130,129,136,129,130,129,132,135,135,135,135,135,134,134,134,133,133,133,132,132,132,132,140,138,138,129,131,131,131,130,130,130,129,130,130,130,124,120,123,129,137,131,128,121,126,132,138,139,139,137,136,143,151,156,142,127,115,112,119,128,138,139,139,142,142,141,141,136,136,136,138,134,130,126,123,119,119,118,117,116,115,110,103,97,75,82,81,102,94,92,88,88,88,91,91,93,93,93,93,93,70,71,73,97,98,99,99,99,98,98,98,87,88,76
108,109,120,119,118,124,127,129,130,130,130,130,130,130,130,131,131,131,131,128,125,122,125,130,132,110,110,86,110,83,109,83,110,83,111,103,130,129,135,135,135,127,102,87,72,78,74,77,91,91,97,86,82,80,71,81,81,88,89,77,95,110,138,138,138,138,141,140,133,123,117,118,118,118,118,118,118,118,118,118,118,118,121,118,121,114,130,124,131,118,121,123,129,135,135,134,134,134,134,133,133,133,133,132,132,132,131,131,139,137,137,129,131,130,130,130,129,129,129,129,129,129,130,127,130,125,131,126,129,123,126,130,137,139,140,139,138,137,139,138,130,123,116,117,118,119,118,119,119,120,120,120,120,114,114,115,117,113,110,105,102,96,97,97,98,97,96,91,92,92,76,82,82,102,93,93,83,83,83,91,92,93,93,93,93,94,73,74,75,97,98,99,99,99,98,95,92,80,80,71
110,112,123,122,119,124,127,129,129,130,130,130,130,130,130,130,131,131,132,125,119,112,119,126,133,109,110,84,109,81,108,81,110,82,110,102,130,129,135,135,135,129,104,91,72,80,71,75,87,88,91,80,80,85,76,83,80,84,85,75,97,111,137,137,136,136,141,141,131,116,105,106,107,108,109,109,109,108,108,109,110,111,113,111,113,107,123,116,124,110,112,117,126,134,134,134,134,133,133,133,132,132,132,132,131,131,131,131,139,137,137,129,130,129,129,129,129,128,128,128,128,128,130,127,123,122,122,123,120,120,118,116,116,118,119,119,118,118,119,118,111,103,97,101,102,102,98,99,99,99,99,99,99,95,96,96,101,101,102,102,101,99,98,98,99,97,95,91,92,93,79,86,85,102,94,94,78,78,78,93,94,95,95,94,93,94,82,83,84,97,95,93,90,89,88,86,82,74,74,70
101,110,123,124,118,121,126,129,129,129,130,130,130,130,130,130,131,131,131,122,115,103,113,122,134,111,111,85,109,80,108,80,109,81,109,102,129,128,134,134,134,129,105,93,75,85,73,77,87,88,86,76,79,90,80,84,80,81,83,72,98,111,140,144,147,145,145,146,137,129,116,113,111,112,116,117,120,120,121,122,122,122,126,121,123,114,121,114,115,111,114,124,131,139,140,138,135,133,133,132,132,132,131,131,131,131,131,130,138,138,138,129,129,128,128,128,128,128,128,128,127,127,123,113,102,109,108,108,96,96,95,94,94,96,97,98,98,98,99,98,97,96,97,105,106,105,99,99,99,99,99,99,99,96,96,96,100,101,103,102,101,99,99,99,99,97,95,91,91,92,84,91,90,101,94,94,74,75,74,94,95,95,95,94,94,95,91,92,93,98,91,85,78,77,76,72,69,66,67,67
88,103,123,127,118,117,125,129,129,129,129,130,130,130,130,130,131,131,129,121,115,103,112,120,135,117,118,95,113,86,110,83,109,80,107,100,129,128,133,133,133,129,104,96,80,93,79,84,90,92,85,75,79,91,81,83,82,79,81,70,95,105,132,138,146,145,148,148,139,133,121,117,116,109,119,115,119,111,112,116,119,116,110,106,101,100,105,107,114,111,115,118,124,134,133,134,131,132,132,132,132,131,131,131,130,130,130,130,138,138,138,129,128,128,128,127,127,127,127,127,127,127,116,105,94,115,116,114,94,92,92,93,94,96,96,97,97,98,99,98,97,95,97,104,105,104,98,98,98,98,98,99,99,98,99,98,100,101,103,102,101,99,99,99,99,97,95,92,91,91,87,94,93,97,86,84,65,72,78,99,99,94,98,97,102,103,100,101,99,100,92,83,79,78,82,81,81,80,82,81
56,80,110,120,110,112,122,129,129,129,129,129,129,130,130,130,130,130,128,121,115,104,112,120,135,125,125,109,119,99,115,92,112,85,109,102,129,125,132,127,127,118,99,97,84,102,87,93,95,98,87,76,79,89,79,80,82,79,80,70,91,96,127,140,158,153,154,151,142,138,125,119,113,105,122,118,125,114,119,124,129,127,122,119,114,113,119,120,128,125,129,130,133,138,136,135,131,132,132,132,131,131,130,130,129,129,129,129,137,137,138,128,128,127,127,127,127,121,113,104,106,113,110,102,94,115,116,114,94,92,92,93,94,97,97,97,97,98,99,99,98,96,96,101,103,103,98,97,97,97,97,98,98,100,101,101,99,100,101,101,100,99,98,98,98,96,94,92,93,96,94,98,90,88,74,70,58,64,71,85,86,82,86,89,98,103,103,105,105,107,102,95,93,94,98,96,97,94,96,94
73,90,114,118,107,105,115,125,128,128,128,129,129,129,129,130,130,130,127,122,115,104,111,120,135,131,132,123,127,115,124,108,119,101,116,110,121,120,124,123,118,113,94,95,85,106,93,100,99,101,89,78,79,85,76,77,79,77,78,69,87,88,115,124,146,144,153,149,138,131,113,107,104,95,116,106,110,93,102,111,116,113,111,110,104,100,114,119,133,119,121,120,122,131,123,127,124,131,131,131,131,131,130,129,129,129,128,128,136,138,140,131,128,126,126,126,126,115,102,88,96,111,112,103,91,111,113,111,91,90,90,92,93,95,94,96,97,99,98,103,103,106,109,113,110,103,100,100,97,95,94,95,95,100,101,102,102,106,110,106,103,99,98,98,101,100,99,94,105,114,114,109,96,91,80,77,72,78,85,92,93,89,93,96,105,110,108,108,107,111,110,107,109,110,114,114,112,109,109,107
76,90,112,113,102,94,107,120,128,128,128,128,129,128,129,129,129,129,129,124,119,108,114,122,135,134,134,130,132,126,130,122,127,118,124,118,116,118,120,122,113,106,87,90,82,106,91,100,98,103,89,79,78,87,75,78,73,74,75,69,83,81,112,123,148,145,152,145,132,122,108,100,95,88,110,104,107,95,108,116,118,114,121,124,121,116,125,129,136,129,129,132,135,138,132,131,129,130,130,130,130,130,129,129,128,128,128,128,136,140,143,136,134,132,132,131,131,119,106,93,101,117,123,120,112,126,127,127,114,113,114,115,116,115,115,116,116,118,117,123,124,128,130,132,130,123,122,122,118,116,115,118,117,120,120,122,123,128,130,127,124,121,121,120,124,122,122,117,127,135,130,119,101,98,93,94,92,91,91,93,94,94,95,98,103,107,106,107,108,112,113,112,111,111,110,110,109,107,107,106
82,94,107,108,98,83,95,106,120,124,128,128,125,124,125,128,128,128,128,125,117,108,112,122,135,135,135,133,134,132,134,131,133,130,130,124,110,119,112,122,113,109,87,84,80,103,85,98,97,105,90,81,76,88,74,79,68,71,73,69,79,76,102,105,132,134,150,142,123,108,97,94,90,81,101,99,100,86,101,102,98,87,102,109,102,84,96,102,113,104,110,121,121,126,116,123,123,130,129,129,129,129,129,128,128,127,127,127,135,143,147,144,140,140,140,139,138,132,126,123,129,139,141,139,133,140,140,141,136,136,137,138,138,135,135,135,136,137,136,142,144,148,151,151,148,141,140,141,137,138,136,139,138,138,137,138,143,148,151,147,145,142,142,141,145,144,144,137,142,143,134,121,107,106,104,106,105,105,106,109,109,107,107,107,108,109,105,104,104,108,109,109,107,106,106,107,107,104,104,102
64,79,89,96,90,75,86,93,104,105,116,117,116,114,118,125,125,126,125,123,114,107,112,124,135,135,135,134,134,133,134,133,134,133,130,124,113,119,114,120,115,105,84,81,79,98,76,93,93,108,92,85,74,89,74,82,64,71,72,72,79,74,99,102,130,132,145,134,114,101,93,94,85,78,95,100,102,88,104,99,96,83,103,110,105,84,94,99,106,100,110,125,123,121,111,120,123,129,128,128,128,128,128,127,127,127,127,126,135,142,141,129,126,132,139,138,137,136,136,137,136,141,140,140,133,133,134,136,138,138,138,137,136,134,134,134,133,132,133,134,135,134,134,133,135,136,136,137,133,135,135,140,139,136,135,135,139,140,139,139,139,139,139,139,140,139,138,134,130,124,116,111,102,100,94,96,92,92,92,96,96,90,92,94,99,98,92,90,89,92,92,90,88,87,87,88,89,87,88,86
77,86,85,89,85,72,81,86,99,104,118,119,118,119,120,127,125,127,125,121,111,106,111,124,134,135,135,133,134,133,134,133,135,134,129,122,112,110,106,102,103,91,84,85,83,93,71,89,92,111,95,85,66,76,66,78,62,72,73,76,82,75,93,92,122,129,142,132,114,103,88,93,79,76,90,101,105,89,106,98,94,78,100,105,98,68,82,83,94,81,96,114,113,111,97,112,116,127,126,126,126,126,125,125,125,125,125,125,133,130,127,114,119,125,131,130,130,129,129,129,129,133,126,120,109,108,109,108,110,109,111,109,109,108,108,108,108,108,108,108,108,106,106,105,108,108,108,109,109,111,110,112,112,110,109,108,108,109,109,112,113,114,113,111,110,111,111,108,106,102,98,102,95,94,82,82,77,77,79,83,83,76,78,80,88,86,78,75,72,78,77,75,72,72,73,75,75,72,73,72
89,93,87,92,90,79,81,86,94,103,113,117,114,119,117,119,118,120,123,117,112,107,113,125,135,135,135,134,134,134,135,134,135,135,126,120,112,103,102,99,109,95,91,91,89,89,66,81,87,111,95,82,58,65,60,77,63,75,74,78,81,77,93,97,126,132,134,125,111,109,90,96,78,79,90,102,107,88,104,100,99,82,100,102,99,75,89,89,98,85,98,112,113,112,100,111,113,119,118,120,120,119,116,114,115,116,116,116,126,124,118,100,103,109,116,116,116,117,116,115,113,116,105,95,81,81,81,78,79,78,81,79,79,79,79,79,79,80,80,79,78,76,77,77,81,82,83,83,88,88,87,83,83,82,81,80,79,79,79,83,84,86,84,81,79,80,82,83,84,87,86,97,91,88,73,72,68,68,70,73,73,67,70,72,78,76,66,62,58,63,61,59,57,58,59,60,60,60,61,61
97,98,86,88,86,79,79,86,98,119,124,122,109,112,110,113,111,113,117,113,109,102,111,125,134,135,135,134,135,134,135,135,136,135,125,118,110,105,106,104,114,101,100,99,99,90,69,75,85,107,95,79,52,58,60,79,68,78,75,76,72,72,89,105,133,137,128,118,110,112,90,97,79,80,87,98,110,90,105,94,97,81,101,104,108,89,101,100,109,102,111,121,120,115,107,110,111,106,104,105,110,112,108,105,99,100,102,104,119,117,118,103,105,105,105,106,108,108,108,106,104,103,92,84,73,73,71,68,68,67,72,72,72,72,70,70,71,73,73,71,70,67,70,69,74,73,76,76,90,90,89,75,76,75,74,72,69,69,70,74,76,78,77,73,71,72,75,79,82,87,84,93,85,81,65,64,64,65,68,69,70,69,69,69,70,70,63,61,59,63,61,61,60,62,63,64,64,65,64,65
94,92,74,78,84,80,78,81,94,118,121,117,101,105,106,110,110,110,114,108,105,97,107,124,134,135,135,135,135,135,135,135,135,135,123,117,108,114,119,128,134,120,112,104,107,90,73,69,83,100,91,80,54,68,66,85,75,84,76,71,61,68,92,121,145,143,122,111,105,115,92,99,83,86,91,98,113,93,108,93,97,83,103,109,117,107,114,115,119,116,120,125,118,113,107,110,111,99,89,87,94,101,96,91,88,92,93,94,111,123,123,105,95,96,96,98,98,99,98,97,95,94,83,77,67,67,64,60,63,62,67,66,65,64,62,62,64,67,67,65,64,60,64,64,70,69,71,71,91,90,89,69,70,69,68,68,65,65,65,69,70,70,70,67,66,66,69,76,82,87,81,87,79,76,60,59,61,63,65,65,67,69,69,68,66,66,61,60,60,64,64,63,60,60,61,64,65,68,65,67
89,85,62,62,71,73,78,78,97,119,127,119,101,101,99,105,104,107,110,108,101,97,108,125,134,135,136,135,135,134,134,134,134,134,122,116,107,116,123,131,134,120,116,108,113,90,82,69,85,93,86,80,58,77,71,90,79,86,75,64,53,69,101,137,156,146,117,106,103,116,92,99,82,83,85,94,119,99,114,98,109,101,116,120,128,121,125,118,118,113,115,121,115,112,106,112,116,102,92,82,85,91,87,86,83,92,92,95,110,124,125,106,96,94,93,94,95,94,93,92,92,92,93,97,97,93,82,73,71,72,76,76,76,75,72,73,74,76,74,66,59,53,59,61,66,64,67,66,90,89,88,64,65,66,66,66,62,61,59,62,64,65,66,65,64,64,66,75,82,86,78,81,72,70,56,55,57,59,62,62,64,70,70,70,64,63,60,59,61,64,67,66,63,61,60,63,64,67,65,68
102,98,75,67,69,72,80,79,100,112,120,111,104,104,106,105,107,110,112,107,105,110,121,130,134,135,135,134,134,132,132,130,129,126,116,112,106,108,111,117,129,121,119,108,113,89,87,69,86,84,81,78,62,84,74,90,81,84,70,56,49,74,109,148,160,150,118,107,105,121,98,104,87,89,89,97,121,105,119,109,119,115,122,123,125,115,118,109,109,95,95,106,104,106,101,108,105,96,88,86,83,93,89,95,88,93,92,98,116,125,125,105,95,95,96,97,97,95,94,91,92,92,103,116,128,126,117,106,104,105,109,109,108,107,105,106,106,107,105,99,92,86,90,92,96,91,88,84,98,101,103,91,93,92,85,79,71,70,68,69,68,66,63,61,60,61,63,72,79,82,72,74,67,67,53,50,52,56,60,60,62,68,68,69,63,62,58,57,59,65,68,68,62,60,61,63,63,66,64,69
114,114,102,95,90,84,82,78,101,108,113,101,97,94,96,98,104,109,113,113,114,121,127,132,134,135,134,133,131,128,125,120,114,105,101,104,107,107,108,112,124,120,117,105,109,88,91,70,88,77,77,69,60,81,78,92,84,80,64,51,51,83,120,157,164,153,120,109,109,122,98,102,85,84,83,95,125,114,127,120,127,122,122,116,121,109,116,102,99,81,83,100,104,110,105,104,96,84,79,88,88,102,98,108,93,91,92,103,123,126,127,107,97,95,96,97,98,96,92,91,98,103,113,119,129,130,125,121,120,119,121,121,121,124,130,138,140,139,137,132,126,120,122,124,127,123,118,115,119,123,125,124,125,123,117,111,104,103,101,102,100,99,96,94,87,80,77,82,88,88,73,71,61,60,48,46,49,53,58,58,59,65,65,65,60,58,56,54,56,60,63,63,59,58,58,59,57,60,60,65
123,126,130,124,112,100,88,84,106,108,104,89,95,97,105,108,117,117,118,118,121,126,130,132,133,134,131,128,123,117,110,102,92,80,83,94,105,104,103,111,118,116,106,101,101,84,91,68,87,68,72,59,59,79,82,94,85,77,63,52,55,90,123,161,163,158,126,116,113,128,107,108,92,92,91,99,124,117,129,123,125,116,116,108,118,107,117,105,95,74,71,94,99,107,104,95,80,65,61,81,81,108,104,122,102,94,98,105,126,123,123,104,91,92,93,95,96,94,100,107,122,123,116,104,99,100,104,105,110,107,109,109,110,114,122,130,133,133,134,134,134,132,139,145,148,141,130,126,125,136,144,155,155,153,147,141,135,135,135,136,133,131,129,127,121,113,109,111,111,106,81,69,55,58,51,50,51,56,60,59,58,59,59,58,57,55,53,51,52,56,57,58,55,57,57,58,56,58,59,62
119,122,134,134,130,122,100,88,95,100,97,91,92,99,104,116,122,123,124,124,125,123,124,128,132,130,126,120,111,100,89,79,70,60,70,87,104,107,104,114,113,113,95,94,92,82,90,71,88,66,69,55,60,81,85,93,83,76,66,60,71,103,133,164,164,161,124,114,109,130,111,111,94,94,95,108,130,127,133,125,122,109,110,101,119,108,122,104,97,82,85,105,110,113,110,97,89,70,61,75,79,108,105,121,108,104,109,108,125,123,128,107,91,87,89,93,92,85,90,109,139,134,108,77,68,66,68,67,73,70,74,74,78,83,91,99,102,103,105,105,105,106,114,120,120,115,109,106,116,124,129,127,128,129,129,130,132,137,138,140,139,140,142,145,142,138,137,139,139,133,107,79,53,53,52,52,51,55,59,59,57,57,56,55,53,52,50,49,50,52,53,55,51,52,51,55,54,56,59,63
125,127,130,134,134,139,115,98,85,89,87,85,86,98,101,106,100,98,98,98,98,97,107,121,130,126,116,105,90,77,66,61,57,52,66,85,98,96,89,103,104,107,85,86,80,78,84,69,84,63,66,57,69,92,94,98,84,74,68,70,76,104,131,163,162,161,128,118,110,131,116,115,101,101,104,114,131,126,131,120,118,104,110,101,121,104,117,98,99,85,84,101,100,108,106,102,97,80,68,77,73,102,99,120,104,104,108,114,127,128,135,116,104,95,92,88,87,82,87,115,147,140,105,73,67,61,57,48,56,57,66,69,71,71,69,71,72,74,76,74,74,79,88,93,89,82,76,73,92,99,105,93,94,93,93,94,103,108,109,105,102,102,105,110,112,117,120,130,138,145,128,93,61,53,56,58,55,58,60,60,57,56,54,54,53,53,51,50,50,51,52,54,48,48,46,52,54,59,60,63
132,133,124,127,131,141,119,95,71,72,74,77,77,89,94,101,90,85,80,80,80,79,96,115,127,117,100,96,83,72,55,50,50,49,66,85,98,93,82,93,99,103,77,76,68,75,77,69,81,64,65,65,79,97,93,94,79,74,71,78,80,108,135,164,161,159,124,116,106,126,110,109,100,103,107,119,133,126,127,113,114,98,110,98,120,104,119,104,114,108,109,117,114,116,113,106,100,85,73,83,77,101,98,118,105,107,113,124,137,138,144,131,124,113,108,102,100,96,92,106,125,122,91,66,60,61,59,49,55,56,65,68,71,70,66,66,67,70,72,70,69,77,82,82,73,69,66,64,85,84,82,59,60,59,59,60,75,80,82,70,66,65,67,72,74,79,85,100,115,137,134,112,81,70,73,75,73,75,77,77,76,76,75,74,71,64,55,50,49,51,52,53,47,46,44,50,51,55,55,57
138,138,126,128,132,142,126,102,72,66,66,63,65,74,84,90,85,77,68,63,63,62,84,109,121,105,81,84,83,85,71,67,68,71,87,101,102,95,84,98,99,99,75,77,68,74,70,67,75,63,67,75,88,105,98,98,89,86,87,88,83,107,133,160,155,155,127,121,109,120,103,102,97,99,104,115,129,122,124,111,115,100,113,100,119,105,119,106,112,103,96,105,99,111,108,108,99,85,78,92,88,106,102,118,108,109,114,127,140,143,147,142,143,135,127,119,117,118,115,119,125,129,105,84,71,74,76,66,65,59,63,64,67,67,63,62,64,68,71,69,68,80,85,86,75,72,68,63,79,75,73,51,51,49,50,51,69,72,73,52,49,47,50,51,52,53,56,72,89,116,122,115,97,87,91,92,92,94,95,94,94,93,93,93,91,85,77,71,71,72,73,74,70,69,67,69,71,73,71,71
135,134,128,126,126,132,120,96,68,58,59,62,64,68,75,85,86,77,66,60,60,59,82,105,117,101,83,96,108,117,104,97,98,103,106,108,101,94,83,89,92,95,76,77,70,87,85,88,90,82,84,89,93,106,94,95,85,91,99,95,85,105,134,162,154,154,122,119,107,118,100,99,94,98,103,117,125,113,115,107,117,104,116,104,123,117,129,122,122,118,114,119,115,116,113,110,104,100,103,118,114,120,117,128,127,125,125,125,137,143,137,132,135,145,144,139,137,136,136,131,129,131,121,113,103,107,111,102,97,87,89,81,78,72,72,73,70,70,69,65,64,78,84,85,71,70,67,61,68,63,60,46,46,47,49,49,68,72,77,52,50,46,53,56,58,58,60,72,80,96,101,102,98,97,106,107,108,109,110,111,111,110,111,110,109,102,94,89,88,89,90,90,90,90,91,91,90,89,87,87
133,133,131,128,126,132,117,96,66,58,55,59,61,62,64,70,75,73,66,60,65,73,97,114,123,109,99,107,125,133,129,122,119,122,113,106,90,86,83,91,94,97,82,83,81,103,106,111,108,100,102,106,110,118,110,108,97,95,96,88,81,103,129,149,139,143,124,124,110,117,100,101,93,96,99,114,119,107,110,107,119,104,116,102,119,109,123,113,113,99,91,100,99,110,108,113,105,98,104,121,125,122,115,117,118,121,124,125,134,138,137,131,135,138,141,141,149,149,145,143,141,143,133,125,118,122,131,128,129,121,123,115,109,103,104,106,103,102,100,93,85,88,95,103,90,82,67,58,54,52,52,46,48,51,55,56,73,73,76,49,48,44,55,56,59,58,61,70,76,84,84,80,77,78,88,91,91,91,91,93,94,93,91,95,102,107,107,106,107,106,107,107,105,106,108,110,109,107,105,105
132,133,132,132,130,131,109,90,64,60,55,61,65,66,59,60,59,66,69,75,83,92,112,123,131,125,125,125,133,133,133,129,124,122,109,101,91,89,92,96,107,107,97,91,97,120,130,131,131,122,116,107,105,107,105,105,95,94,96,93,82,103,128,152,140,145,121,123,108,116,94,96,88,98,101,116,112,95,102,103,121,106,119,109,124,118,127,122,123,111,102,107,102,108,107,116,107,97,100,118,120,112,103,105,105,110,116,120,132,134,135,130,137,141,146,148,156,149,140,127,125,127,122,117,106,108,115,122,130,128,131,127,125,118,126,134,137,133,129,122,114,113,119,127,118,111,97,91,80,75,72,67,66,65,69,66,75,71,76,55,54,52,64,66,65,60,62,67,74,78,74,65,60,62,69,71,68,68,68,70,71,73,73,78,83,88,89,89,89,88,88,88,88,91,92,94,97,97,100,97
133,134,133,133,133,134,109,91,67,67,60,60,65,67,71,70,69,80,90,100,104,115,129,132,134,131,130,126,128,125,126,126,121,117,106,98,92,83,83,91,109,117,110,104,116,129,143,133,130,122,118,108,104,105,108,105,100,98,94,90,85,110,129,141,129,139,123,125,109,112,89,92,88,98,99,114,108,91,96,102,119,105,119,107,117,104,118,113,112,92,75,87,88,106,103,115,99,81,72,92,99,97,83,83,82,93,105,115,128,130,145,142,144,137,141,152,162,154,141,124,117,119,105,93,74,75,80,95,104,101,95,98,109,109,116,119,127,125,131,132,130,125,134,148,151,144,130,126,116,113,110,106,105,103,106,102,105,95,91,71,68,66,72,72,68,61,60,63,71,76,72,61,57,57,58,52,47,47,47,49,51,54,54,59,63,66,65,63,67,68,70,69,70,72,74,74,80,81,85,83
132,132,132,134,136,137,112,89,64,69,69,71,70,72,75,73,71,89,106,122,120,121,118,110,112,111,110,106,105,108,110,114,120,118,113,103,94,89,88,93,106,117,117,114,118,121,131,126,132,136,135,115,97,90,93,92,92,97,98,95,93,115,136,154,142,148,122,125,109,112,89,93,86,98,99,118,105,89,95,102,118,110,125,121,125,119,126,125,117,98,79,92,92,106,105,116,105,88,74,84,89,90,81,79,80,87,95,100,120,128,146,143,147,149,152,161,160,146,130,108,102,104,95,83,61,59,57,74,76,70,57,62,75,76,82,84,94,91,94,95,103,105,113,119,126,127,132,139,138,134,134,136,139,136,136,130,131,122,121,109,107,105,107,107,102,95,90,84,82,82,79,67,68,62,63,46,40,40,40,45,45,48,49,50,49,47,45,44,49,52,53,51,55,55,54,55,63,66,65,61
130,129,130,132,133,135,110,85,61,72,78,78,75,74,78,73,72,93,111,128,123,123,116,107,110,104,95,94,92,97,99,102,117,116,110,92,78,85,90,92,101,110,118,115,115,117,124,121,125,134,138,123,101,94,96,93,96,97,97,86,84,111,130,143,132,138,116,114,104,109,93,98,93,99,99,118,105,89,92,102,115,105,120,114,115,102,115,118,110,83,63,82,94,112,109,114,103,86,72,77,83,84,78,74,77,85,99,108,128,132,147,144,144,139,142,154,160,153,138,122,112,113,100,85,62,57,55,72,74,66,49,49,59,61,60,56,61,57,59,58,68,70,80,85,94,92,97,101,105,106,112,120,127,129,132,134,136,132,135,134,138,136,136,135,133,129,123,114,105,103,99,82,81,68,69,45,42,39,40,44,46,47,46,46,45,42,38,36,43,46,48,45,50,48,47,45,48,48,41,39
130,129,130,131,133,135,111,90,65,77,84,85,78,69,67,64,64,89,113,136,134,128,118,108,111,107,97,97,95,99,100,101,117,119,118,102,83,101,108,117,111,117,121,119,115,115,115,121,129,140,142,129,116,109,115,107,110,102,102,84,78,105,129,152,141,137,118,116,112,113,99,102,92,102,101,124,108,93,97,106,119,112,126,125,123,117,124,127,115,89,72,88,103,116,113,111,99,79,68,68,76,75,70,65,68,76,90,101,126,132,147,145,149,148,151,157,161,147,132,110,102,103,104,104,80,68,54,70,71,66,51,49,56,57,58,56,61,55,52,46,52,54,57,58,62,60,64,65,68,71,80,89,94,95,98,103,103,104,113,125,132,134,134,137,138,136,139,136,133,130,120,94,85,67,70,46,44,41,41,44,44,44,42,43,43,43,41,42,44,45,44,43,50,49,45,38,38,38,31,29
128,129,131,132,134,135,117,98,76,81,84,83,76,67,64,60,61,86,110,135,133,123,116,113,121,116,102,102,102,109,109,114,124,127,126,117,104,121,126,132,127,126,132,127,127,127,127,127,127,131,131,129,123,127,132,125,126,119,119,104,94,114,131,150,139,132,120,118,119,118,104,106,97,109,105,126,111,100,103,112,119,107,119,118,116,100,113,118,118,96,86,102,110,118,113,113,98,76,59,60,67,68,62,60,65,70,81,92,123,131,144,142,137,134,137,153,161,153,138,120,110,111,117,123,113,102,87,89,90,84,69,54,53,55,57,54,58,53,52,52,56,57,57,58,64,60,55,49,48,53,60,65,61,60,63,69,70,71,79,97,103,106,103,108,109,112,126,136,143,140,126,93,81,65,67,46,42,38,36,37,38,41,42,43,42,40,39,41,42,42,41,42,48,50,46,37,34,34,33,33
131,131,132,134,137,138,122,108,89,89,90,91,87,72,64,56,55,81,107,134,132,116,100,96,109,110,99,101,105,107,107,107,120,123,131,129,124,135,134,137,135,135,136,134,135,135,133,133,132,133,131,132,131,134,137,135,137,134,134,126,118,130,145,158,147,137,131,131,132,125,105,106,88,109,105,133,116,107,108,117,124,118,128,130,127,117,123,127,126,114,112,122,124,122,116,110,92,69,52,53,57,62,63,67,66,68,70,79,110,126,135,134,133,145,147,160,161,148,132,111,102,103,117,136,137,134,123,119,119,115,106,92,82,77,80,82,78,59,49,56,60,60,55,59,63,60,54,49,47,55,63,66,61,56,58,63,63,61,59,77,76,77,74,79,81,88,107,120,128,133,121,87,70,60,64,50,46,40,36,36,37,40,43,44,42,40,41,42,40,39,38,39,47,49,46,37,34,36,37,37
130,131,133,135,137,137,126,110,94,90,94,95,92,77,67,60,64,84,101,118,114,99,88,90,104,106,94,96,97,95,93,96,115,119,127,126,130,139,147,143,143,137,138,138,136,137,134,135,135,135,132,134,130,129,126,134,138,144,145,147,142,142,146,148,142,136,133,133,134,129,114,116,104,122,120,139,126,120,120,120,118,106,119,125,125,110,118,127,133,124,121,131,129,127,122,126,102,76,51,50,51,59,62,72,68,73,71,82,110,127,130,129,116,125,127,149,161,154,134,115,101,108,120,129,132,128,130,126,129,131,133,127,116,112,114,117,112,96,79,79,79,78,69,63,61,56,50,46,45,54,62,64,59,53,54,60,63,62,59,78,76,74,71,74,76,87,99,107,102,116,113,87,64,54,58,50,46,40,36,35,38,40,43,43,42,40,38,37,34,35,34,35,45,46,44,34,32,33,39,38
132,132,133,134,136,136,123,109,100,100,103,98,97,82,76,73,81,93,96,101,92,84,85,98,109,106,96,106,110,106,102,100,115,122,129,129,126,130,129,130,134,137,139,141,138,137,135,140,139,139,134,134,130,127,124,131,138,144,145,145,145,144,145,142,139,134,124,110,101,104,102,115,107,125,116,126,110,101,109,114,120,113,122,134,139,136,132,136,140,135,127,128,129,131,132,130,109,80,57,51,56,65,73,77,71,76,79,88,110,128,133,124,115,122,130,146,157,144,121,93,81,93,113,125,116,103,99,99,101,109,119,130,127,127,135,146,146,132,115,113,113,113,105,94,83,80,75,72,58,54,58,60,55,49,51,58,62,64,61,78,75,74,74,78,80,88,93,96,82,102,115,98,68,47,51,48,46,40,41,39,40,38,41,41,40,39,36,35,31,30,29,29,42,43,43,30,29,28,38,37
129,129,131,133,135,134,118,105,96,97,98,91,91,81,80,85,97,106,95,88,70,68,76,97,106,100,91,110,125,131,118,112,118,133,140,140,131,127,125,128,132,139,140,136,129,127,129,133,130,130,126,127,119,119,117,128,131,135,135,137,138,137,139,139,143,140,130,104,88,98,118,140,140,135,113,100,91,93,106,114,118,112,118,129,138,137,132,133,135,133,122,121,114,111,114,129,124,97,67,56,62,70,77,76,72,76,77,84,106,127,143,133,121,117,123,137,148,135,111,85,76,89,110,121,106,79,65,61,64,76,88,97,97,99,107,115,124,130,126,124,130,137,140,128,116,114,112,110,96,82,77,69,66,58,54,53,56,61,59,71,68,68,74,79,81,87,89,91,73,87,112,103,80,53,56,57,54,47,45,39,36,34,35,35,33,34,31,31,28,28,26,25,38,39,39,26,26,28,40,39
129,129,131,132,133,133,111,100,87,88,85,82,88,86,90,94,109,114,103,88,70,64,65,79,84,81,78,109,131,149,135,129,125,142,153,153,140,130,126,127,131,136,140,129,111,101,95,97,84,83,83,84,82,83,96,114,122,125,126,132,136,140,139,140,142,142,134,104,86,88,108,127,125,111,84,69,63,71,94,116,131,131,133,129,127,129,130,124,119,124,124,122,105,99,101,117,122,104,78,63,72,80,85,77,75,79,84,85,108,128,150,140,136,133,139,140,142,128,113,88,79,79,100,115,104,78,57,47,48,60,67,68,60,60,68,74,85,92,97,104,111,121,137,146,142,142,142,147,134,117,110,102,101,96,91,83,80,84,84,84,69,60,69,74,77,83,84,86,69,77,107,103,95,70,74,76,75,62,54,42,40,39,39,39,38,37,32,27,25,24,25,23,36,36,38,29,31,31,40,39
128,128,131,133,134,133,109,99,78,77,71,76,87,88,91,96,109,117,114,100,79,67,63,73,78,76,75,102,130,149,141,130,129,143,159,157,146,136,141,142,143,140,141,128,107,93,86,91,81,81,84,87,85,84,97,114,123,123,125,129,131,133,134,137,142,143,145,127,119,112,125,126,118,93,71,68,78,102,120,126,128,127,139,124,114,115,130,121,110,117,125,124,95,79,76,101,119,106,81,68,77,85,86,80,74,76,78,81,105,128,141,140,138,146,143,142,140,134,126,114,106,102,109,116,102,77,54,46,48,68,74,69,48,37,39,35,46,56,65,73,78,88,105,116,122,122,126,135,141,133,135,129,137,133,128,118,113,116,117,112,97,84,84,82,80,88,89,86,70,70,95,97,100,90,95,98,97,86,76,66,65,64,64,63,55,48,38,34,32,33,34,32,40,39,38,32,33,33,40,37
128,128,131,132,133,132,113,103,77,72,69,84,94,94,95,95,103,106,114,101,86,72,72,77,76,75,82,111,129,148,144,148,141,150,158,157,146,136,139,133,127,119,130,127,117,101,94,97,91,93,99,102,105,106,118,126,133,131,131,134,139,137,134,130,133,136,140,131,127,120,121,109,96,78,65,76,99,126,138,135,129,129,141,131,111,110,129,127,107,111,119,124,94,81,76,98,111,105,86,79,82,83,81,78,79,78,80,80,105,126,127,127,128,151,147,148,142,142,138,135,129,124,125,127,110,87,65,56,52,74,79,72,45,33,38,33,44,56,61,64,55,58,70,84,91,89,98,106,111,105,114,124,136,140,138,138,140,148,152,147,133,119,114,109,106,112,112,104,87,78,95,93,101,94,105,109,110,102,95,89,91,92,90,88,81,74,65,62,61,63,61,52,48,43,44,41,40,38,42,39
128,128,130,131,132,131,117,104,78,69,67,74,87,90,94,93,94,105,111,105,87,76,79,83,80,75,85,108,133,143,148,143,146,150,160,156,145,131,135,129,128,119,129,130,129,118,120,125,128,130,138,146,147,145,143,142,142,141,142,139,141,139,140,132,130,126,128,124,123,124,123,115,105,89,76,92,123,152,154,143,127,126,134,134,116,116,133,133,115,117,119,120,97,84,82,99,113,106,89,81,86,82,83,81,83,79,79,76,102,122,116,117,116,142,135,143,146,148,140,139,139,144,142,144,128,116,99,92,83,91,91,80,53,33,35,31,43,61,67,64,50,50,59,62,68,64,76,76,82,70,80,98,111,115,105,108,117,129,137,139,141,144,142,141,136,139,139,130,118,104,112,97,97,84,95,93,93,99,103,109,108,110,109,106,98,91,87,89,90,92,89,81,73,68,67,67,66,59,55,48
126,126,128,129,130,130,119,106,82,68,69,74,90,91,93,94,93,100,99,94,82,80,81,83,77,79,98,124,140,147,142,148,143,153,157,155,145,130,135,126,127,118,127,131,136,130,133,132,131,131,137,138,136,134,135,136,134,135,135,135,138,137,132,118,110,108,110,115,112,115,108,107,104,94,89,102,130,147,146,145,135,137,130,130,105,107,115,124,107,108,111,115,104,93,91,97,104,99,88,80,80,75,82,85,91,87,84,77,102,118,116,117,121,145,138,145,147,153,140,127,119,125,136,135,128,119,123,125,121,120,116,106,89,71,67,56,54,70,69,60,39,39,52,60,65,60,72,69,69,50,54,74,83,89,75,74,81,92,103,105,107,111,117,127,133,139,143,144,141,131,131,104,98,73,80,69,69,76,84,93,98,97,95,95,101,106,106,106,107,109,107,100,91,86,87,89,89,85,77,72
113,118,119,118,117,118,116,105,89,76,72,70,82,89,92,88,86,93,101,97,86,82,82,85,81,82,105,122,145,143,148,140,145,152,161,154,144,130,141,138,145,137,138,130,125,119,122,122,120,116,115,113,113,111,116,116,118,115,117,116,116,117,113,103,94,90,92,105,107,111,106,110,115,110,111,120,136,137,128,120,122,132,129,119,93,97,103,109,100,101,108,110,104,96,93,95,97,91,81,72,74,73,79,80,85,89,91,85,104,119,121,122,123,135,126,134,150,158,142,118,106,112,130,123,118,106,114,118,126,123,129,127,127,112,107,97,92,93,90,74,55,43,55,64,68,59,68,65,66,51,53,68,73,76,61,55,55,59,68,69,69,71,74,84,90,98,104,112,130,131,127,92,88,63,64,42,42,46,54,62,71,72,72,74,83,89,89,88,89,97,102,109,104,104,104,108,108,106,95,91
98,103,101,101,97,99,101,100,94,85,79,84,90,94,90,84,87,86,98,94,89,85,87,91,86,84,107,129,149,150,143,148,140,153,154,153,143,125,136,133,146,138,141,129,122,112,114,112,110,105,100,95,93,92,100,104,109,104,101,99,99,100,95,89,83,83,82,93,95,104,100,95,85,75,81,87,92,94,89,87,94,117,126,122,104,101,93,92,89,93,95,95,88,82,79,84,83,80,74,73,70,70,70,75,78,81,81,76,99,118,124,126,133,151,138,141,147,158,144,114,94,96,113,101,89,73,83,89,104,108,116,121,130,132,136,131,129,122,119,108,95,77,76,75,73,62,64,64,64,53,50,61,62,67,57,53,50,51,55,54,50,43,38,44,50,59,64,72,99,105,102,71,78,60,57,27,28,25,29,34,43,44,45,48,58,62,62,62,65,75,83,90,87,90,90,99,101,108,102,103
76,85,86,88,81,81,86,89,87,80,74,76,82,91,91,80,77,79,104,102,98,84,82,81,78,79,105,124,150,147,152,147,150,156,160,152,142,126,138,137,148,139,140,120,105,88,93,92,91,85,80,79,82,84,93,99,112,109,102,92,87,90,90,90,88,85,82,84,89,98,108,104,87,64,60,67,74,80,76,73,84,111,127,129,121,117,112,109,104,95,87,82,72,72,72,84,82,78,74,76,73,67,59,60,60,64,72,78,106,123,124,120,118,129,123,134,149,161,147,120,98,102,114,102,81,61,61,59,66,73,84,96,104,110,113,123,133,128,136,135,138,119,114,110,108,90,89,81,77,62,56,58,59,62,57,51,48,49,51,51,49,44,36,35,34,37,38,40,67,82,83,59,68,58,51,18,17,13,14,17,21,23,26,27,33,33,36,39,42,54,62,73,76,81,81,85,84,89,86,87
74,78,80,81,74,72,72,78,77,80,84,93,89,89,85,88,84,87,97,98,94,83,78,78,76,77,104,132,155,155,149,153,150,161,159,151,142,116,129,127,148,139,142,125,109,90,87,82,85,92,99,101,96,93,93,99,110,111,107,100,93,92,89,90,89,87,84,82,83,88,96,89,76,57,55,55,59,69,75,83,88,105,117,126,126,124,122,121,119,113,98,85,70,73,73,82,77,76,72,76,72,63,51,51,50,54,62,75,107,125,124,111,107,127,131,145,153,164,151,123,94,96,104,96,71,57,58,58,60,63,62,75,74,85,83,97,107,112,117,120,130,128,132,131,134,123,121,114,111,91,79,71,70,65,56,50,45,48,49,51,48,45,41,43,44,42,42,40,55,79,83,70,69,56,49,14,12,11,12,16,17,17,17,19,23,22,23,31,36,43,47,57,67,68,64,69,71,76,70,70
69,73,77,78,73,67,65,67,68,79,95,103,92,86,85,89,83,84,92,95,93,81,73,69,66,73,103,128,154,153,159,158,159,164,162,152,142,127,139,138,147,137,137,126,118,103,101,95,103,111,118,120,112,105,97,98,103,106,108,109,106,104,97,94,90,89,88,86,84,84,91,93,93,90,94,97,97,97,100,101,102,105,109,112,112,115,123,129,129,124,116,105,95,94,96,102,96,88,75,68,64,51,43,41,43,53,65,85,114,130,119,96,80,99,120,147,160,165,155,127,98,99,112,109,86,65,60,55,53,56,58,74,69,80,64,81,77,83,79,81,90,102,117,124,132,131,142,139,142,125,117,107,106,97,83,74,65,62,54,52,52,48,44,43,45,44,42,40,48,82,86,79,68,53,45,9,7,5,6,13,13,13,11,14,19,19,21,32,37,45,44,58,72,74,68,64,63,62,57,57
72,72,74,70,64,64,61,65,64,82,107,120,112,94,83,80,87,91,94,87,83,78,77,72,67,65,98,131,148,151,150,159,158,165,162,150,138,119,133,134,146,135,134,131,133,123,120,111,120,128,137,143,134,121,103,96,94,95,101,109,110,111,106,105,95,91,90,92,93,93,94,95,102,110,116,115,112,112,113,110,109,102,100,95,95,99,104,108,110,121,125,126,118,117,117,119,114,97,72,56,55,51,48,43,48,57,71,85,112,129,126,104,86,102,119,140,150,158,158,135,109,99,99,103,99,99,90,80,68,63,55,71,67,86,69,89,74,76,55,49,50,69,88,95,97,103,117,126,136,132,136,135,140,131,117,112,105,102,86,82,76,68,53,47,48,47,45,43,47,78,88,82,74,51,43,7,7,5,6,18,17,16,10,13,17,18,22,36,45,53,56,66,77,73,67,61,63,63,58,58
61,64,66,65,59,59,56,56,57,65,85,95,111,102,96,81,95,98,101,84,79,74,78,71,65,59,96,129,150,151,156,163,154,157,154,150,138,132,146,145,145,134,128,124,130,126,130,125,135,137,139,147,141,132,115,110,103,98,97,104,108,113,112,112,105,104,105,108,106,104,104,106,109,113,112,115,113,116,114,112,114,112,110,105,106,106,107,108,109,116,124,131,133,133,135,136,124,97,72,54,52,48,51,46,50,57,74,82,110,126,135,113,97,101,118,134,139,136,135,119,100,91,90,102,113,126,124,116,103,91,83,85,78,88,72,92,71,70,47,43,42,62,73,76,64,65,78,87,96,101,113,122,134,137,138,143,143,139,122,119,115,109,84,66,58,60,54,49,47,70,89,81,83,49,41,3,3,3,5,23,21,19,6,9,12,19,28,45,52,62,65,70,76,69,67,55,56,55,59,58
61,61,64,60,55,57,54,54,53,55,73,86,111,106,100,83,97,104,106,87,76,69,78,73,74,66,102,136,147,147,146,155,149,152,157,151,139,135,149,148,146,132,127,122,126,124,128,127,135,138,139,144,131,129,114,120,108,104,97,97,96,101,104,108,105,111,111,122,114,116,113,121,125,124,117,118,120,126,122,121,125,125,124,119,120,117,103,103,93,98,90,102,117,122,121,110,104,86,66,46,46,51,56,50,49,59,77,83,110,124,145,132,124,122,126,128,127,119,115,98,85,80,83,96,106,120,125,130,131,124,118,113,107,105,88,95,75,65,44,40,41,60,73,77,60,51,51,57,61,65,75,83,97,102,113,120,132,136,140,147,149,145,123,108,100,102,92,81,69,75,96,82,90,47,41,4,2,5,7,24,21,19,4,5,9,20,34,53,59,66,68,67,71,62,62,51,54,55,59,58
56,55,55,54,53,56,59,62,66,65,75,86,102,106,102,95,96,104,108,97,79,67,80,78,86,76,108,134,154,156,157,158,143,145,146,152,143,146,158,154,145,127,126,121,127,123,128,130,136,138,138,136,118,124,120,139,122,113,98,98,104,106,108,109,114,123,124,133,123,126,119,127,131,133,127,126,116,110,92,88,88,93,107,106,108,90,81,96,93,93,72,80,104,110,111,100,99,88,65,44,44,52,53,48,44,63,77,84,107,123,148,139,139,137,141,138,129,109,94,75,72,76,92,99,93,88,94,108,119,124,131,133,133,127,117,117,97,87,60,51,41,57,73,78,63,47,45,46,48,48,50,53,61,66,75,82,94,99,114,122,139,141,143,138,138,140,131,121,100,97,105,93,96,64,59,28,16,14,10,22,15,14,2,2,6,18,34,55,60,64,58,57,58,53,54,47,53,55,58,56
53,52,54,53,56,63,69,74,72,71,75,84,91,97,97,97,90,97,107,105,88,70,76,82,96,91,111,128,141,147,151,150,144,145,154,152,141,147,157,155,144,122,118,119,126,132,133,137,137,138,137,131,114,124,122,144,131,130,115,111,115,117,119,118,119,126,123,131,118,118,106,110,121,122,122,114,107,101,83,75,68,69,95,94,98,72,70,90,91,94,74,82,102,101,95,81,90,88,66,43,39,43,41,38,35,57,71,80,103,121,137,134,136,148,144,140,135,123,109,88,82,82,99,96,74,56,53,72,84,97,106,118,129,130,132,133,127,117,98,83,64,66,80,79,63,46,45,48,47,45,45,44,48,49,49,51,60,67,80,85,101,103,115,119,133,138,143,144,134,126,120,107,104,86,83,57,40,34,35,38,25,13,3,4,9,17,30,52,55,57,47,51,53,52,52,50,54,54,54,52
62,59,62,57,59,65,74,81,76,74,72,80,86,93,96,97,91,93,104,105,94,75,78,83,99,102,115,126,143,155,156,153,139,145,143,148,137,146,158,155,143,123,118,119,126,138,139,142,137,137,137,131,112,121,123,146,138,135,123,108,103,96,109,107,106,93,94,109,109,108,90,87,107,108,110,92,90,91,78,75,67,69,93,80,70,33,44,77,89,92,72,75,95,93,94,80,95,91,71,48,47,55,55,55,53,65,71,72,96,114,128,119,116,126,133,138,142,134,126,113,109,102,111,96,70,42,36,50,54,63,72,88,99,109,116,127,131,140,133,124,104,100,108,102,87,65,56,50,46,41,41,41,49,49,48,46,51,55,56,54,61,64,77,82,93,96,107,116,130,129,122,112,111,108,105,89,75,66,68,60,43,33,27,28,22,22,30,50,54,51,40,48,52,50,47,45,49,49,49,47
67,65,70,65,65,69,75,82,74,73,73,72,75,77,89,90,88,85,98,105,99,83,73,77,89,96,108,123,138,153,155,146,140,144,151,147,136,147,158,156,143,123,103,103,110,138,140,143,137,136,136,131,118,128,128,141,137,139,135,109,92,75,94,92,91,73,76,97,101,105,90,88,108,108,103,71,62,76,78,79,65,66,96,85,79,46,54,82,89,93,76,80,98,99,103,90,100,94,81,62,59,59,57,57,58,64,74,76,102,115,114,95,86,104,116,126,134,138,141,135,128,120,126,103,68,32,26,40,48,54,59,65,70,74,82,92,103,112,124,127,132,130,136,129,119,103,86,80,66,56,42,40,47,47,50,48,53,52,50,45,45,47,48,49,53,56,68,78,105,107,111,96,105,105,109,99,96,90,97,88,76,67,63,61,47,38,36,53,53,47,33,43,52,50,47,44,47,46,45,45
78,73,75,66,66,67,76,80,76,77,78,71,67,65,80,85,87,89,100,109,102,88,77,73,79,93,111,134,149,159,151,145,141,153,149,144,134,145,158,155,142,129,114,109,109,135,143,145,136,135,134,129,120,129,130,139,137,137,129,102,87,75,95,91,90,66,57,78,81,89,66,65,94,95,91,56,50,77,83,86,66,69,98,87,84,56,66,89,90,92,62,55,75,87,103,93,108,98,82,62,64,68,69,71,78,79,82,78,105,119,122,99,85,88,102,114,124,125,127,131,136,140,145,128,96,63,44,43,39,43,49,54,54,56,56,63,68,76,88,99,112,120,131,139,146,141,125,116,104,88,75,68,70,57,56,50,54,48,46,41,39,43,44,43,40,40,44,51,73,79,89,80,95,92,96,93,102,104,104,97,93,96,97,93,78,68,64,73,66,52,41,47,57,48,45,43,44,43,44,46
54,63,75,78,76,75,80,80,76,77,74,65,58,56,68,74,84,93,111,122,114,97,82,77,78,92,113,139,152,153,150,136,143,151,157,147,135,147,158,156,142,125,115,111,112,133,140,146,134,133,132,129,118,125,126,136,138,137,131,102,87,74,94,90,89,67,59,81,78,86,63,67,95,99,96,63,58,84,87,88,67,58,87,72,81,52,64,87,89,91,65,62,83,92,104,94,109,97,83,61,61,58,57,57,67,68,74,75,106,125,130,108,94,95,91,96,99,106,104,113,125,139,146,142,125,108,91,78,60,49,47,41,39,38,43,49,53,53,60,66,79,85,103,113,125,130,131,141,136,127,116,109,106,85,77,64,63,52,48,42,40,41,41,39,39,40,46,50,61,74,85,81,89,80,81,74,87,92,93,96,103,106,106,103,97,91,88,91,83,73,68,70,66,52,50,58,61,54,45,43
71,81,86,83,77,75,75,73,68,69,62,58,57,55,60,69,87,105,118,128,122,105,90,87,87,100,118,142,155,147,137,130,144,160,157,147,134,146,156,156,142,125,116,114,114,135,139,145,132,132,133,134,121,125,121,133,140,138,124,99,85,80,93,90,91,70,64,84,83,87,66,68,96,89,76,44,49,87,91,91,67,60,90,77,84,55,65,88,93,95,74,73,94,99,105,86,91,73,63,48,49,49,52,57,65,63,60,57,91,119,137,116,103,98,92,102,99,102,84,92,103,121,134,136,136,135,132,121,102,87,81,56,40,26,32,40,44,48,48,50,50,54,74,87,101,100,106,113,126,127,141,140,143,122,111,98,88,80,72,64,50,45,45,45,44,42,45,48,56,82,92,94,91,74,67,54,69,76,78,82,90,93,93,96,101,105,106,105,97,90,91,93,84,71,69,79,80,67,50,42
83,92,93,90,78,80,76,79,73,71,64,63,63,58,62,77,102,116,124,132,131,116,96,91,90,98,114,135,152,146,145,137,143,151,150,148,134,145,155,156,143,125,117,115,117,137,140,144,132,133,133,133,106,107,105,130,140,137,120,96,83,81,94,91,87,58,53,77,83,87,65,68,94,89,83,57,60,93,93,95,73,70,96,88,91,63,66,87,78,66,47,60,94,100,102,79,85,68,61,42,43,46,47,53,52,50,47,45,82,112,128,106,94,97,90,96,89,98,85,89,87,95,107,106,108,107,120,125,129,125,123,97,77,54,43,39,33,36,32,34,34,40,67,78,87,74,77,81,91,99,112,126,137,141,135,131,119,115,109,104,84,75,62,57,48,46,47,48,55,87,97,100,91,72,62,40,50,55,61,67,71,70,70,76,86,93,94,94,97,102,104,104,95,89,88,98,100,89,71,62
110,106,100,89,82,84,85,87,84,80,75,68,63,53,59,79,105,120,126,133,135,122,103,93,90,92,102,121,143,146,144,145,147,159,151,147,134,144,155,155,143,126,101,99,101,138,140,143,131,133,134,131,109,105,106,128,143,139,121,96,84,82,92,90,85,59,54,78,86,89,69,72,95,90,86,65,67,96,92,91,56,50,81,88,93,64,66,88,82,76,56,67,95,103,106,88,92,68,52,33,37,38,36,42,40,42,40,39,76,109,121,93,80,91,98,103,96,94,82,83,85,92,96,80,70,66,80,95,108,125,137,131,118,101,87,77,63,45,26,19,23,33,64,77,98,80,76,60,63,65,77,89,103,115,123,135,135,140,143,142,124,114,102,91,80,69,62,53,54,81,89,92,88,69,57,31,38,49,54,61,52,47,47,55,66,71,71,77,79,86,85,90,95,100,100,102,101,96,88,83
94,91,93,86,85,88,93,94,92,88,85,78,70,57,62,80,103,117,122,128,132,125,108,92,84,89,97,113,126,140,146,143,134,142,144,146,132,142,155,155,143,133,120,114,110,136,141,143,131,132,133,131,111,105,105,128,144,135,119,97,91,85,88,87,83,62,59,82,88,89,69,70,93,83,82,60,67,96,94,93,60,56,86,91,94,68,71,92,87,86,66,74,95,95,91,72,87,73,56,28,30,31,31,35,37,38,34,30,71,106,116,87,70,82,87,87,84,85,82,82,87,96,101,84,60,44,45,56,69,86,100,111,118,129,125,120,105,88,65,51,43,38,66,77,104,77,71,50,52,47,49,56,68,81,97,108,115,113,132,140,146,143,138,124,114,105,96,80,70,82,88,92,95,69,52,26,32,47,49,55,38,33,36,39,47,49,50,58,55,63,59,68,75,84,84,91,95,101,102,102
81,79,85,79,84,87,93,88,86,83,81,75,73,66,68,76,92,106,112,116,123,121,110,94,85,89,92,104,112,124,130,130,136,146,152,147,134,144,154,155,143,130,117,112,111,136,141,143,130,131,132,126,102,97,99,124,140,129,122,101,99,85,88,85,72,51,48,81,87,89,69,70,92,85,83,59,64,94,97,97,67,63,91,92,94,64,52,74,74,89,69,75,94,94,94,76,93,78,58,28,28,27,28,31,35,32,28,27,69,104,120,88,65,66,70,73,71,69,73,77,90,102,105,86,59,43,46,49,49,52,60,72,83,101,117,131,139,131,116,102,95,84,98,92,110,74,64,37,40,36,36,38,50,57,76,81,88,79,96,102,116,121,136,140,146,142,132,114,97,96,100,108,113,80,53,25,29,47,46,50,30,27,35,37,39,35,32,39,31,38,35,47,56,62,62,69,79,83,85,84
71,68,72,70,78,83,85,79,78,79,81,80,82,75,73,73,88,100,105,104,108,112,106,94,85,90,92,100,105,111,121,122,128,138,145,147,134,143,154,154,143,133,131,126,123,136,140,144,131,132,132,128,113,108,108,124,140,130,123,102,100,86,80,76,65,55,55,84,88,90,72,74,94,89,88,66,67,94,88,76,48,54,92,91,93,65,59,81,80,90,72,80,97,97,101,84,99,78,57,25,24,25,31,34,36,28,25,22,67,99,124,96,79,64,59,51,52,51,62,68,77,86,96,90,68,50,48,48,47,39,40,43,54,66,80,96,110,128,134,139,132,127,131,122,118,79,55,30,26,22,21,24,34,45,65,69,69,54,65,60,74,79,98,107,121,135,140,139,131,120,123,129,131,90,55,27,26,45,38,38,18,19,36,33,36,29,29,31,24,29,29,36,41,40,42,48,61,65,65,66
67,69,70,74,78,84,79,70,67,69,74,76,79,77,80,75,82,87,95,97,100,104,102,93,87,87,90,96,103,105,114,121,135,139,140,139,141,150,158,152,142,129,128,124,123,136,140,144,132,132,131,117,103,98,107,123,137,127,122,103,102,87,78,74,63,58,58,88,88,90,70,59,79,75,87,65,67,93,88,82,54,59,91,92,95,71,70,89,89,92,75,68,85,84,96,84,102,82,58,24,22,20,25,32,34,25,22,21,67,96,132,113,100,80,74,67,68,61,68,70,79,88,91,96,89,87,76,64,52,41,45,48,52,48,50,60,75,91,102,114,124,140,152,147,135,111,87,64,40,31,18,21,22,30,50,58,60,45,48,35,44,45,61,67,81,96,108,116,129,124,129,123,127,87,55,22,18,39,36,34,11,14,34,32,33,22,26,29,28,32,35,38,41,32,34,36,47,44,40,39
62,68,67,75,77,82,78,72,68,70,78,79,78,70,73,66,73,77,89,100,102,110,103,99,90,89,88,91,98,106,116,127,133,137,130,127,133,146,157,149,138,127,115,112,107,132,136,145,133,132,131,119,105,98,108,123,136,122,118,101,101,87,78,66,53,51,59,89,88,91,70,65,85,81,88,71,73,98,89,87,63,66,92,89,78,43,44,78,89,94,76,72,88,86,95,83,102,82,58,20,19,17,26,28,34,24,24,19,66,96,139,129,126,111,102,95,94,81,74,67,78,91,99,108,112,118,109,94,75,55,51,49,53,50,51,52,55,61,67,77,85,105,131,142,144,133,123,109,88,72,56,37,27,20,41,42,46,31,41,30,43,38,48,40,48,57,69,79,104,107,114,101,111,77,50,14,10,33,30,29,5,8,30,29,30,17,26,30,34,35,39,37,41,32,36,37,46,39,31,30
53,64,65,69,69,74,79,78,71,65,68,71,72,66,70,67,70,72,86,101,109,118,115,107,100,93,102,97,102,107,112,123,129,137,131,118,117,132,147,147,136,132,121,121,113,136,137,144,132,131,133,120,106,98,108,123,132,119,106,91,89,81,72,64,55,55,60,88,88,91,71,67,88,86,89,71,72,97,85,83,61,68,92,87,81,53,55,83,90,96,80,80,94,94,98,86,90,74,55,31,24,15,15,17,28,22,26,20,69,98,142,139,138,134,129,132,128,109,90,78,87,101,108,111,117,127,132,123,109,95,91,77,67,55,60,59,60,55,55,51,54,70,108,121,130,124,131,135,127,119,105,87,72,59,59,48,35,20,29,30,48,44,49,38,39,41,43,48,73,84,96,85,97,76,54,18,11,31,31,28,4,8,31,30,30,13,23,25,30,35,42,42,41,32,38,39,48,38,27,20
47,57,61,66,66,67,77,79,76,65,64,61,62,58,63,67,71,79,93,111,121,125,117,104,98,92,102,96,101,104,107,114,116,132,123,109,91,114,133,145,133,125,114,104,105,128,138,143,131,132,133,117,103,96,110,124,130,118,107,95,89,81,73,65,59,58,63,89,89,89,55,51,74,85,89,71,72,96,85,84,64,69,91,87,83,62,63,89,91,89,60,60,81,92,95,81,92,80,67,38,34,24,27,20,24,16,30,24,74,99,132,120,125,136,142,140,134,118,97,83,85,93,99,96,101,101,114,117,126,124,123,109,95,79,74,67,63,55,54,48,45,50,89,97,105,87,101,114,127,134,139,128,119,109,101,81,58,35,32,27,41,42,44,36,38,39,41,43,62,75,91,94,101,83,58,36,34,47,35,25,2,5,28,29,30,10,22,21,24,26,36,44,46,41,43,43,50,41,31,26
43,54,62,73,68,68,74,76,72,59,58,54,55,60,71,77,79,82,96,103,111,110,109,97,96,92,105,98,102,99,99,100,107,125,125,109,94,114,132,144,133,132,123,116,113,133,140,142,132,133,135,119,106,102,115,126,127,120,109,98,89,81,68,57,51,57,65,90,88,88,61,58,81,88,93,73,74,95,90,87,68,70,91,74,71,50,63,88,90,89,62,64,85,94,98,89,95,81,62,40,40,38,38,27,23,12,22,21,71,101,120,94,86,95,117,130,140,131,117,105,100,97,96,87,90,84,92,92,108,121,135,135,126,113,105,90,75,60,54,47,43,46,86,88,87,56,64,77,92,111,125,134,137,146,140,123,100,81,67,55,49,44,37,34,34,35,37,41,59,83,102,108,102,91,77,70,66,64,51,45,26,17,28,29,29,9,22,21,22,22,33,44,44,42,43,45,48,42,30,27
52,61,69,80,73,70,65,65,62,58,58,56,52,61,70,80,80,83,92,98,102,96,90,85,85,85,88,89,91,98,97,98,99,108,111,108,103,123,131,141,132,133,129,109,106,122,139,143,132,134,134,122,111,108,116,126,126,112,108,99,98,82,70,60,55,61,66,90,88,89,65,64,86,92,94,73,60,80,75,86,64,66,87,79,75,55,63,89,91,90,68,69,90,94,91,71,81,76,66,46,50,56,58,44,30,13,14,13,63,97,110,68,48,56,82,96,119,131,137,129,119,113,110,97,99,85,84,73,83,95,108,117,121,128,126,119,105,92,78,59,46,43,83,84,84,48,52,54,63,84,97,106,109,126,137,139,136,126,112,96,83,71,61,49,41,33,34,38,55,90,110,111,87,79,80,91,93,86,77,72,55,43,43,42,31,13,22,24,26,24,31,42,45,49,50,51,48,46,34,35
48,56,56,61,57,63,67,66,65,65,66,63,54,55,65,75,81,81,87,86,85,82,92,93,94,94,100,101,95,105,110,109,103,99,107,111,120,127,127,132,131,145,144,133,120,133,142,144,133,134,133,133,124,121,117,125,126,114,110,101,97,81,69,60,59,65,69,90,87,76,52,52,86,93,97,75,69,86,82,87,66,70,91,86,83,62,64,86,75,66,45,59,88,92,93,74,86,75,62,40,47,57,59,51,36,22,12,10,57,99,112,63,26,18,39,54,79,95,121,134,139,132,129,110,108,91,88,72,72,75,83,91,99,109,120,130,131,125,111,89,70,54,88,83,83,45,47,48,50,72,76,80,72,89,102,111,122,131,137,136,127,114,102,87,73,58,48,43,53,90,107,100,68,69,85,102,102,95,99,101,91,80,72,64,51,40,43,37,29,31,34,39,38,49,54,58,49,46,36,36
44,47,58,61,61,59,60,60,59,61,65,63,57,52,50,57,73,84,91,91,92,90,91,91,91,92,97,97,92,103,110,111,94,90,98,117,121,116,104,111,117,138,151,148,129,129,136,144,133,133,132,140,142,142,129,126,124,116,112,104,98,81,62,52,51,63,69,89,86,80,57,57,88,93,96,75,71,89,86,87,67,57,79,74,84,61,64,86,80,75,55,64,90,94,99,83,94,75,58,32,43,56,62,58,47,36,27,23,65,102,117,68,28,14,23,30,47,61,87,102,124,133,146,132,124,95,84,70,75,76,77,77,79,85,97,112,128,139,138,124,109,94,114,99,83,45,44,45,45,67,72,72,54,59,66,75,84,99,112,124,134,139,142,129,118,102,82,67,62,85,97,85,56,58,74,91,89,93,104,107,103,104,100,91,78,74,66,53,36,38,34,33,30,49,58,66,51,44,34,34
25,31,38,49,56,62,66,64,61,59,63,62,62,59,59,61,77,85,89,88,90,92,93,92,91,92,103,102,97,101,108,107,92,92,103,120,126,119,102,100,102,128,145,158,147,147,142,144,133,131,130,139,141,141,128,125,124,120,116,108,95,80,61,54,52,63,68,87,86,79,60,60,91,93,95,60,57,76,85,87,66,61,82,80,87,67,71,91,89,86,66,69,85,76,79,69,102,84,66,23,36,44,62,62,60,53,44,39,77,110,122,77,37,20,24,30,30,31,44,64,90,111,135,139,136,116,103,83,76,71,76,78,77,74,78,88,103,114,120,121,125,125,140,125,103,74,58,51,42,62,69,68,51,49,50,48,52,67,80,91,95,113,129,143,146,144,126,110,98,103,103,89,64,67,66,75,63,73,83,91,98,105,110,103,102,103,96,82,65,58,46,35,31,50,58,67,47,39,28,28
24,27,39,54,64,66,65,58,50,47,55,58,62,70,71,72,80,88,89,89,94,96,87,87,88,90,94,91,90,85,88,92,87,93,105,121,129,120,103,88,87,110,133,156,150,154,143,143,132,131,130,138,133,137,124,129,123,120,117,108,96,81,62,58,55,65,68,87,74,67,48,59,91,93,94,64,61,81,86,90,71,70,89,85,87,67,59,81,81,93,74,79,86,74,68,60,95,84,76,39,50,47,52,52,62,63,60,55,89,117,125,87,53,40,39,41,39,36,36,43,67,95,125,133,133,126,123,112,102,83,76,71,76,79,79,79,81,88,95,99,110,130,148,148,128,113,96,86,64,71,67,66,49,47,46,44,42,59,60,63,50,71,92,113,125,133,137,137,133,126,120,104,79,75,61,61,41,50,60,65,74,83,91,96,103,109,103,97,90,82,71,60,49,56,54,60,44,35,23,20
22,27,34,48,60,62,63,52,53,51,59,59,66,76,85,89,89,87,85,82,85,87,87,89,89,91,95,91,85,71,75,79,84,86,103,121,137,129,120,93,86,95,125,149,159,163,153,142,132,131,131,139,127,131,122,129,122,117,118,109,95,74,53,48,51,60,63,79,74,69,56,64,93,96,97,71,68,87,88,90,58,55,73,82,86,67,68,90,83,83,62,69,74,65,61,59,91,84,80,53,56,43,38,37,48,53,58,60,93,118,123,91,65,61,58,54,46,45,47,57,68,91,109,113,112,114,130,131,128,110,103,85,77,68,72,76,77,77,76,75,83,100,126,139,140,139,130,125,103,98,83,68,50,44,44,43,42,61,58,54,28,38,51,66,77,85,103,119,133,131,130,114,88,77,58,58,34,35,37,37,47,55,63,71,80,89,96,103,109,101,96,90,82,79,72,72,56,42,30,26
28,31,41,50,56,56,55,45,47,52,62,60,61,72,83,90,91,95,93,90,86,86,86,89,87,89,88,91,84,68,66,71,82,79,92,113,136,121,120,97,105,103,123,142,147,154,146,137,128,126,131,139,130,140,137,143,129,121,120,111,98,80,61,55,56,65,68,79,72,71,62,69,93,93,81,55,54,86,89,93,73,79,96,101,102,88,85,100,88,83,62,69,78,77,82,85,101,85,74,61,62,48,32,26,28,36,44,54,89,117,122,91,67,64,65,65,62,64,70,78,83,92,98,91,87,83,98,108,125,129,129,112,104,81,72,62,68,72,74,69,66,71,101,114,122,115,123,139,137,133,115,96,82,62,53,40,40,60,59,55,25,27,31,34,35,39,55,74,98,106,123,105,85,70,57,60,36,32,28,26,31,33,33,40,49,62,73,82,89,95,103,109,102,95,87,85,78,68,59,56
28,32,40,48,52,49,48,41,47,56,66,64,64,71,81,87,91,101,105,100,88,79,81,80,80,82,85,90,83,72,68,72,80,79,87,111,133,130,129,117,125,121,135,146,150,152,147,133,122,117,128,139,141,151,152,153,139,122,119,110,101,83,65,60,59,66,68,69,61,59,59,69,93,97,99,82,85,104,107,108,93,92,102,101,101,88,97,112,111,106,95,99,94,86,90,100,102,83,67,60,56,50,39,30,17,16,22,34,77,108,125,102,79,71,65,71,72,80,85,94,89,90,87,81,79,69,75,78,95,112,126,128,126,107,94,74,69,64,63,58,57,54,86,90,98,79,90,106,126,138,144,128,122,103,86,64,50,65,61,57,27,26,25,24,18,19,24,38,65,83,103,86,70,64,55,57,31,27,23,23,24,23,18,21,21,32,48,63,70,74,82,89,96,101,106,105,99,93,86,87
36,37,40,45,47,50,50,50,51,59,62,64,63,70,82,87,92,103,108,114,106,100,90,79,79,80,83,92,94,90,82,78,80,79,80,95,116,122,126,124,139,139,142,141,142,143,144,125,111,102,118,129,145,156,164,163,149,130,118,110,101,78,61,56,60,66,70,69,72,75,85,90,106,109,110,95,93,106,106,108,107,107,116,117,130,130,117,117,106,108,96,96,91,85,85,87,89,76,68,55,49,48,42,38,21,16,11,17,65,104,132,109,93,83,82,90,95,100,96,96,90,88,87,82,84,73,67,57,62,77,92,106,120,126,121,105,90,77,64,55,48,47,78,81,86,57,63,72,91,108,129,135,146,136,126,104,82,81,65,56,29,26,27,25,20,17,19,25,53,75,94,78,62,65,52,52,24,26,24,25,20,19,13,14,11,19,35,44,47,50,60,70,77,82,89,95,102,108,107,108
49,51,46,51,54,62,69,76,78,78,77,77,72,80,83,89,89,97,109,120,128,114,100,78,78,88,92,96,91,88,84,79,79,79,80,88,100,112,118,119,121,122,126,128,130,128,132,118,112,105,117,124,136,147,158,162,150,120,93,82,87,81,77,77,84,87,90,88,89,86,89,89,106,111,126,111,107,106,105,105,95,87,98,96,108,98,85,95,84,89,76,85,88,81,75,69,73,71,69,53,43,47,50,52,35,30,27,27,69,101,140,127,121,111,106,111,116,120,105,93,87,92,98,92,88,76,65,55,52,57,61,72,86,105,117,125,118,108,87,78,61,57,77,78,82,53,55,52,61,71,93,103,117,127,138,139,123,115,97,80,55,41,37,27,23,15,17,19,45,77,92,88,64,74,52,48,17,21,20,19,12,11,8,11,8,12,30,38,40,35,43,51,58,60,66,73,82,87,93,95
64,67,63,76,83,92,98,99,96,83,80,79,76,78,80,89,91,93,100,120,127,118,95,81,80,88,90,94,93,98,94,86,78,78,79,81,86,96,105,111,118,115,114,106,108,109,113,110,108,106,112,115,120,128,144,156,148,123,97,87,92,90,91,86,88,87,90,98,113,111,104,91,107,115,121,94,87,87,96,97,93,86,99,88,101,89,84,94,80,80,65,76,83,78,76,67,69,64,62,45,34,40,49,57,49,50,49,46,81,108,143,132,136,132,133,131,134,129,108,88,85,95,107,109,103,86,63,50,47,53,54,54,57,71,86,106,114,124,118,118,95,88,91,87,76,51,53,49,49,50,61,67,79,87,106,125,136,139,129,113,98,77,71,47,39,16,16,17,39,81,97,107,72,82,50,47,15,20,15,15,10,9,6,7,8,10,26,29,32,28,39,45,46,42,47,55,61,64,69,72
93,96,96,108,114,116,110,100,99,91,94,92,88,86,81,89,90,92,99,112,115,110,99,92,84,86,88,93,88,101,97,94,77,77,77,81,81,87,93,104,109,110,104,98,93,94,95,99,103,109,114,117,115,116,123,135,131,112,91,83,90,100,114,110,102,88,87,89,91,81,76,67,90,95,108,83,76,70,80,84,89,98,112,102,99,88,97,108,99,88,77,86,92,81,75,68,67,60,56,48,40,40,45,52,53,59,64,62,91,112,141,139,145,147,142,136,126,115,98,87,86,96,107,119,119,112,86,64,50,50,51,50,49,51,58,72,89,107,115,130,124,126,116,110,86,64,51,45,46,49,53,52,52,57,69,92,116,134,138,137,133,120,113,90,80,51,37,27,38,80,95,115,78,88,52,49,17,19,12,10,7,5,4,4,5,5,21,26,29,26,35,38,38,32,38,41,40,41,46,52
116,118,127,131,134,122,109,93,94,90,94,95,99,93,93,95,98,96,98,114,104,102,86,89,82,76,76,80,85,102,98,94,76,76,76,79,80,84,93,105,119,125,113,101,88,94,95,96,98,104,111,115,110,109,108,113,110,99,88,83,85,100,102,92,80,78,88,87,91,81,74,65,85,90,94,76,82,75,86,86,99,97,106,96,99,86,102,102,101,87,76,75,71,67,65,66,64,55,49,42,33,32,31,40,47,56,57,55,89,115,132,119,114,127,134,141,127,113,96,90,88,92,99,110,116,123,116,105,82,65,52,47,47,49,54,58,64,73,86,104,114,135,131,133,109,100,76,60,47,48,50,49,48,48,50,65,85,112,109,113,114,130,140,132,124,99,78,58,50,73,83,102,81,90,62,55,22,19,12,13,9,7,3,3,6,6,18,24,29,27,33,29,27,25,32,41,37,41,36,43
141,141,152,148,144,126,108,94,95,98,101,103,109,107,106,101,99,98,103,117,115,108,93,88,83,79,78,81,84,95,89,85,74,75,75,77,78,78,83,100,112,126,113,108,90,94,93,92,95,100,112,118,117,112,104,101,96,76,69,64,77,93,96,86,77,75,87,86,89,93,101,102,105,98,90,80,76,69,66,62,68,69,90,98,103,83,84,83,84,73,62,63,64,67,63,67,64,60,45,39,29,31,29,35,39,43,42,42,82,114,123,100,86,100,119,136,132,121,108,102,95,90,92,92,100,106,120,123,116,101,81,63,50,45,50,55,59,58,59,70,85,107,111,131,130,137,114,90,65,48,45,44,47,49,52,59,69,89,81,79,75,100,120,135,145,142,122,103,83,88,92,105,95,97,79,67,38,29,20,19,10,7,2,3,4,4,16,22,27,25,29,28,23,22,25,36,32,39,35,41
141,140,150,148,145,133,117,109,101,103,99,104,107,107,105,103,101,101,106,122,121,104,87,82,85,80,78,78,82,86,82,78,74,75,75,75,76,76,81,103,116,131,110,105,94,102,99,96,96,97,107,112,115,111,106,103,96,72,63,59,72,85,89,93,99,112,125,117,109,97,99,103,109,101,79,60,54,56,57,53,51,50,71,80,86,66,67,66,71,67,61,63,60,66,60,66,62,57,43,37,32,39,41,46,47,51,50,51,88,117,120,92,74,85,98,115,129,135,132,120,109,95,91,77,77,74,91,106,116,119,111,100,79,61,54,53,58,56,53,53,56,70,82,102,118,140,141,127,102,77,60,47,44,46,49,56,63,79,67,56,46,64,84,96,115,129,133,132,120,114,106,103,100,100,95,84,65,55,42,42,30,23,7,2,4,4,18,22,25,17,25,26,24,22,21,34,30,37,31,34
146,145,152,151,150,145,126,119,104,107,102,104,106,103,99,95,95,99,107,116,112,96,85,82,85,81,81,81,83,84,82,86,82,83,75,75,75,75,76,93,110,128,124,124,115,110,99,93,90,89,100,108,114,110,109,110,102,84,82,89,107,104,97,87,88,90,92,89,86,75,77,86,100,87,64,49,48,57,61,62,61,60,72,85,88,79,70,69,67,62,55,57,54,56,54,66,63,56,43,44,44,52,55,59,59,63,66,71,101,125,126,105,93,91,91,94,111,124,132,134,128,114,107,89,80,61,68,74,91,105,118,122,112,97,81,66,58,54,54,54,50,51,59,73,91,107,124,133,131,115,99,84,69,56,48,52,58,70,62,52,45,49,59,57,75,86,103,117,130,132,130,114,102,94,97,98,91,85,76,74,57,48,26,16,7,2,19,21,22,9,17,26,25,25,19,32,26,29,24,27
136,134,136,135,138,145,126,123,103,109,103,108,106,103,97,97,96,101,105,110,112,103,96,87,84,78,79,79,80,81,80,89,86,85,75,81,81,81,75,84,102,120,114,115,114,120,108,96,90,85,91,96,104,106,108,110,104,97,91,97,93,93,72,62,54,63,68,66,61,56,65,83,96,83,61,50,55,66,69,70,61,60,59,66,66,61,57,59,57,57,47,49,38,37,45,62,65,55,49,60,66,71,73,79,80,82,83,87,112,130,131,115,104,100,90,84,93,103,114,127,134,130,125,102,86,64,62,60,66,78,97,115,127,128,117,98,80,64,56,52,47,45,53,58,66,72,90,107,123,132,131,122,106,87,69,58,58,61,55,48,51,54,57,41,47,50,68,81,101,107,120,104,94,83,88,99,99,104,99,99,88,81,61,45,32,21,31,27,24,8,11,21,29,33,29,37,29,25,17,17
131,124,123,114,112,123,114,122,107,112,106,108,107,107,98,100,97,104,106,108,112,104,90,78,80,83,84,81,86,85,85,88,95,94,83,80,80,80,74,75,87,109,109,118,116,122,108,93,91,87,88,96,102,105,104,108,107,100,90,91,87,92,73,60,46,47,50,52,55,61,68,82,83,74,62,60,68,74,76,70,59,51,49,52,54,50,47,51,50,49,41,48,42,41,45,58,55,54,56,74,77,82,82,88,88,84,82,79,108,126,131,114,98,91,88,81,80,77,85,104,116,128,136,119,98,71,68,65,65,66,74,84,103,126,136,132,113,92,77,61,49,40,48,56,59,54,62,71,86,104,123,138,140,127,109,86,76,65,58,49,57,59,61,46,44,43,48,55,69,77,108,101,91,76,72,85,78,95,99,106,101,100,92,79,66,48,54,46,38,17,9,18,27,38,35,42,34,30,19,18
95,91,96,98,96,106,101,117,106,111,104,112,109,109,102,104,103,105,105,108,119,118,104,85,78,81,82,80,84,83,83,79,96,95,92,81,89,89,83,74,79,91,87,99,110,125,114,96,90,88,87,89,94,100,102,106,107,106,97,94,81,83,73,72,60,56,54,51,49,51,59,70,67,64,64,68,78,83,83,69,51,44,45,52,53,50,43,41,41,48,47,53,53,61,71,79,75,75,75,87,87,90,87,91,88,79,69,63,97,123,130,109,88,80,78,75,74,71,73,84,95,108,126,124,119,102,87,74,61,62,62,65,75,95,111,126,130,123,111,89,70,49,53,53,56,50,54,52,55,66,87,107,125,136,138,123,110,88,83,64,75,62,62,50,49,49,53,53,56,57,85,89,82,76,63,69,52,72,78,91,98,105,108,100,95,82,83,74,60,37,22,24,31,39,39,45,39,38,23,22
76,75,79,82,77,90,93,112,108,114,109,113,110,109,103,103,105,104,104,106,115,119,110,95,82,79,80,79,84,83,83,77,94,92,93,76,84,83,83,74,74,80,89,107,120,123,116,101,96,89,89,90,95,95,98,100,109,108,108,100,97,90,84,76,67,51,42,33,36,32,38,45,51,55,60,70,84,87,91,65,50,31,37,44,49,52,47,50,56,65,70,77,84,93,95,94,86,87,89,97,95,97,87,89,77,72,65,70,103,125,127,103,82,74,71,73,71,72,71,75,75,79,91,103,119,125,116,102,78,66,55,59,63,75,84,102,110,121,127,120,109,83,76,60,55,46,50,47,44,45,57,72,87,107,124,134,135,122,117,93,95,68,61,51,54,54,59,60,62,65,82,88,71,78,60,56,31,48,54,67,76,88,98,102,105,100,103,99,87,68,48,42,35,37,31,39,38,45,32,33
57,63,73,83,80,94,95,110,105,112,107,112,111,108,103,96,100,101,105,105,110,125,118,110,89,93,89,88,79,77,76,76,85,85,88,79,87,94,94,84,75,72,81,99,120,131,130,114,101,84,87,81,87,91,98,103,109,114,117,114,106,91,78,62,50,32,24,18,21,16,24,35,49,52,56,63,84,89,97,62,46,27,36,44,53,61,59,62,71,89,95,96,97,102,108,109,108,107,104,102,100,101,93,92,82,79,75,85,112,130,126,106,87,77,69,70,70,70,72,73,74,65,68,78,101,122,128,127,103,79,58,59,66,69,71,82,85,96,103,114,125,117,109,82,64,49,48,44,42,40,48,52,55,68,85,106,122,130,142,128,125,95,85,72,65,57,66,65,67,74,85,94,68,80,62,53,24,30,31,39,49,61,73,83,92,100,105,112,103,93,78,71,63,60,49,47,37,40,32,37
77,78,88,89,88,105,102,111,102,112,111,115,113,108,99,92,97,103,105,104,106,122,116,110,97,104,99,90,86,84,83,76,76,76,81,82,82,86,84,84,75,74,76,97,118,131,131,122,114,86,82,78,88,87,93,99,108,112,116,114,109,100,84,69,48,33,22,18,19,18,27,35,45,48,51,59,81,83,92,56,44,18,31,41,55,68,73,86,96,111,112,111,109,106,104,103,103,104,103,104,105,106,101,101,92,93,94,103,123,130,128,108,97,91,85,75,64,60,65,65,65,54,52,56,71,91,114,134,133,117,95,82,77,71,74,75,64,60,63,83,105,119,119,108,94,79,63,43,37,36,46,48,44,45,52,68,84,102,120,130,136,125,115,106,99,80,83,70,71,79,89,106,76,88,65,54,24,24,22,24,25,31,40,50,61,79,90,106,105,107,99,94,88,84,75,61,48,41,37,40
100,99,107,108,108,120,112,115,102,114,114,119,114,110,101,94,95,101,106,106,107,117,104,94,92,113,110,96,84,83,80,74,74,75,89,92,92,88,94,95,85,74,69,83,104,127,130,123,113,84,77,73,89,89,93,96,102,107,111,111,109,103,94,82,68,52,43,36,34,33,37,41,45,46,50,59,72,72,81,58,55,39,54,66,78,87,92,99,107,115,115,112,107,103,103,103,104,104,104,102,102,102,105,105,105,105,104,104,120,128,134,119,109,102,95,88,77,69,72,73,76,75,74,65,59,64,85,107,120,124,122,115,106,89,82,72,62,50,41,49,67,89,101,115,119,117,101,76,58,41,43,44,42,42,44,48,54,66,85,102,119,132,140,139,132,113,107,85,73,72,80,106,88,99,69,58,28,22,19,18,17,18,21,27,33,48,61,82,86,95,99,107,109,106,99,83,71,62,56,56
115,112,120,117,122,131,123,120,105,116,119,122,115,112,104,101,98,101,104,104,108,114,111,94,96,104,115,101,91,82,81,74,74,73,95,99,100,78,84,83,83,73,72,80,98,117,127,129,126,94,82,72,95,90,92,94,98,100,102,106,105,107,101,98,89,81,68,59,50,50,50,47,46,46,50,60,68,71,76,62,59,50,66,84,94,100,102,105,108,108,110,107,106,102,101,102,103,104,104,104,103,103,104,106,105,105,104,104,120,128,139,127,123,115,110,105,101,97,90,85,80,85,86,71,61,54,72,85,99,112,127,133,133,111,90,68,58,49,46,47,53,60,73,95,117,132,132,116,97,76,62,49,40,41,43,48,48,48,54,65,86,106,123,134,146,141,135,113,93,81,81,111,99,108,73,66,38,31,27,24,20,21,21,22,25,33,43,57,64,74,81,92,102,106,107,98,95,90,84,81
113,112,117,116,120,131,125,123,112,123,123,118,112,110,112,109,103,99,103,106,112,114,119,101,97,101,117,108,88,75,74,73,73,72,92,97,98,79,84,92,92,82,72,71,82,104,125,131,126,92,84,74,95,90,91,93,100,98,96,98,106,110,111,102,100,90,85,71,61,54,52,50,52,53,56,62,65,64,65,60,64,70,83,95,102,107,108,106,104,101,100,101,103,103,102,103,103,106,107,107,105,105,104,106,104,104,103,103,120,129,141,138,135,125,120,117,122,115,106,100,96,104,102,79,60,46,65,70,75,79,93,116,136,135,120,97,81,65,53,50,52,51,60,72,89,104,128,139,137,117,97,76,54,45,45,51,52,51,51,51,62,76,94,108,124,135,138,134,121,109,102,118,104,106,76,70,45,36,31,30,29,35,36,38,39,38,41,44,49,52,58,64,77,82,95,98,106,109,104,105
103,101,113,113,120,129,121,120,112,124,123,114,110,108,111,108,102,98,100,104,109,111,124,108,107,102,115,105,88,76,76,74,73,72,83,91,92,83,74,83,81,81,72,71,76,90,113,126,131,98,86,75,91,90,88,93,98,96,91,91,99,110,115,112,106,97,88,73,60,50,50,48,52,53,59,63,68,70,64,58,58,68,78,87,93,100,99,94,89,86,86,91,97,101,102,103,104,106,107,107,107,106,104,104,102,103,103,104,121,129,132,126,132,132,132,121,123,108,102,94,93,95,100,94,82,59,65,63,65,59,67,87,106,117,122,122,115,100,79,66,56,54,62,63,67,70,92,110,128,135,132,117,86,70,57,57,54,54,54,53,58,62,68,81,96,108,117,127,136,131,124,125,103,103,78,71,44,36,32,35,36,42,43,42,46,48,51,43,43,38,44,39,50,58,72,84,92,103,105,112
91,90,100,106,112,118,110,111,112,123,122,111,108,108,111,111,103,99,97,101,102,106,116,113,113,109,103,100,86,84,75,73,73,72,72,80,80,81,74,83,86,85,76,71,69,87,112,137,136,102,92,81,95,88,88,89,94,90,90,86,99,108,115,114,109,99,87,75,66,51,47,44,52,55,63,64,63,58,49,46,50,67,77,82,84,87,86,84,80,81,79,87,94,102,103,101,103,104,109,109,109,106,103,102,101,101,101,104,121,130,122,113,113,131,135,131,125,102,96,87,94,97,102,111,108,92,81,67,59,52,53,68,76,89,106,125,135,131,106,88,66,62,63,66,66,58,63,73,90,106,121,131,119,110,87,77,63,60,58,57,59,61,61,73,76,82,87,98,119,122,130,121,104,98,80,68,40,32,27,31,33,39,38,36,36,43,47,41,40,32,38,25,30,32,45,61,68,88,94,107
67,66,77,88,98,104,102,105,112,113,115,107,108,110,112,114,101,97,91,97,97,104,111,121,119,110,89,85,80,82,75,73,71,71,72,76,83,86,82,75,76,76,75,71,69,89,118,148,153,123,108,96,103,97,91,90,86,81,90,92,102,102,110,114,113,106,92,77,73,60,56,46,54,57,65,64,61,52,40,38,46,65,75,78,79,78,77,74,74,74,76,84,94,103,105,102,103,105,110,109,109,106,103,101,100,101,101,103,121,131,114,99,93,116,126,134,134,116,104,92,92,91,96,108,118,116,111,98,75,60,49,62,57,59,72,96,122,139,134,123,95,79,68,72,72,64,53,50,54,68,85,110,118,130,118,115,91,78,65,62,60,60,60,69,68,69,67,72,87,93,114,113,107,98,83,68,36,27,21,25,29,33,33,29,28,31,37,31,35,24,31,25,26,32,29,45,48,67,72,82
44,53,73,89,87,87,97,105,118,110,115,106,109,112,115,114,105,99,95,97,96,104,110,128,116,102,73,82,83,85,75,73,71,70,70,71,85,86,87,74,76,75,75,71,70,87,122,158,171,129,114,104,115,104,91,94,89,84,91,98,102,99,103,113,108,105,89,85,75,72,64,59,61,67,71,71,71,65,57,54,59,73,78,79,76,72,71,70,74,74,76,83,91,102,107,111,109,110,109,107,106,108,106,103,99,100,100,103,121,132,117,100,88,105,114,126,135,129,123,107,97,89,90,90,96,109,125,132,105,80,50,51,47,44,48,65,92,111,119,129,120,111,88,81,72,65,53,51,46,49,53,74,95,122,133,141,124,113,91,79,62,59,58,64,65,65,63,64,69,76,103,105,104,94,89,81,55,43,28,23,22,26,26,24,21,27,37,37,40,25,26,19,24,29,26,38,41,53,53,55
43,53,83,99,106,101,117,114,124,108,115,108,113,106,100,95,95,95,95,99,99,103,106,122,103,98,84,104,107,98,85,73,70,69,70,71,86,96,97,83,72,71,71,70,70,72,106,142,173,148,122,108,112,111,100,96,92,87,91,98,101,99,100,99,92,87,85,82,75,74,76,75,72,71,75,78,78,70,61,59,63,72,77,77,73,68,68,71,77,78,80,85,90,104,111,122,119,121,113,109,105,108,108,107,101,101,102,104,121,131,120,102,90,101,108,116,127,133,137,129,112,101,94,77,68,77,110,136,131,116,88,72,51,32,34,49,69,82,93,112,123,130,113,98,78,69,57,55,50,47,45,54,72,93,113,130,136,139,124,113,88,73,60,61,62,63,60,61,63,81,97,100,86,87,90,95,77,70,54,43,34,36,40,39,40,42,49,43,43,28,26,18,19,22,25,37,45,46,42,36
54,64,95,109,118,115,133,124,125,109,113,101,104,93,88,76,77,81,90,99,101,100,103,111,104,104,108,131,140,121,96,74,71,70,70,72,79,98,98,91,72,72,71,70,70,62,91,127,168,153,125,103,108,112,110,101,96,91,88,94,98,97,96,92,84,75,72,78,75,81,79,90,80,79,69,74,68,62,56,53,54,59,66,69,60,60,65,72,77,76,77,75,76,91,102,115,112,111,103,99,96,100,101,100,95,95,94,96,116,128,123,107,92,98,96,100,105,113,126,132,127,119,111,83,60,51,81,105,125,127,125,103,74,37,28,38,57,62,64,80,104,128,122,112,98,96,78,67,55,52,48,49,67,77,91,96,112,130,137,137,120,106,85,71,61,60,59,60,62,91,96,96,69,80,89,105,98,98,84,72,56,50,45,44,48,57,66,59,51,36,34,22,19,14,21,32,43,45,39,36
66,67,86,95,113,123,140,128,120,105,103,89,88,79,74,64,70,77,87,96,100,100,103,107,112,111,128,146,168,138,107,74,72,70,70,70,70,89,89,90,71,72,71,70,68,66,81,117,154,173,145,113,98,108,113,104,92,91,87,89,97,104,96,83,71,63,68,75,84,85,86,96,86,81,65,63,47,38,34,34,38,56,75,92,71,61,51,62,67,71,72,70,71,83,91,97,98,98,95,92,89,88,89,90,88,88,86,87,109,124,123,100,79,79,80,85,88,93,103,112,124,127,131,91,67,38,67,70,93,98,126,126,112,71,46,38,46,51,52,61,83,105,112,110,115,123,113,99,75,60,49,50,68,71,75,68,80,97,114,130,136,135,120,105,86,72,59,58,62,89,89,88,61,77,82,96,93,103,104,98,84,79,69,62,57,63,72,64,55,41,41,28,20,8,14,27,42,48,41,40
63,64,72,77,85,106,123,124,112,105,97,81,73,70,70,66,73,80,89,98,104,104,107,108,119,104,122,131,166,148,117,84,72,71,70,69,69,79,79,81,71,72,71,70,68,66,77,112,145,165,149,119,94,93,105,107,100,93,88,87,90,98,95,93,85,79,74,81,92,93,87,94,89,86,69,64,55,43,35,42,50,64,70,88,73,65,47,52,53,57,59,58,59,65,72,77,79,78,78,77,77,76,77,78,79,78,74,70,96,118,122,97,72,69,69,74,76,78,85,92,106,117,134,106,79,42,65,56,64,53,85,112,130,117,92,67,53,43,37,47,72,88,95,91,110,131,138,130,106,91,70,63,69,71,74,60,62,68,81,96,112,126,133,132,121,104,81,70,65,79,81,82,64,78,76,88,79,90,97,102,99,96,85,79,66,65,67,64,57,42,41,29,22,8,8,21,36,47,39,39
69,68,72,73,75,97,110,116,104,102,91,86,73,80,74,77,85,92,100,102,109,111,112,113,115,107,120,134,163,158,128,93,71,69,68,69,71,72,73,73,73,72,71,75,73,71,76,101,127,136,130,106,89,80,102,107,105,92,92,90,89,100,96,94,89,87,87,84,89,88,85,87,89,92,83,72,58,51,45,49,58,68,71,81,70,59,37,41,44,49,53,54,62,65,69,69,72,72,71,71,74,74,75,75,76,77,68,57,82,109,122,90,68,64,71,75,75,81,88,91,94,100,123,116,101,63,71,60,55,34,46,80,105,121,118,108,82,54,31,33,64,82,91,75,86,102,124,137,131,125,100,82,76,69,72,56,60,61,64,68,78,92,113,134,145,137,116,96,89,82,82,83,73,86,71,81,70,82,90,92,97,101,104,98,83,79,70,64,53,40,35,27,22,10,5,19,35,46,39,36
69,70,72,73,73,96,104,113,102,106,97,91,77,81,66,75,83,96,99,104,111,115,111,113,113,105,117,134,163,169,138,104,71,69,68,69,72,74,75,75,75,72,71,76,74,67,81,104,131,128,126,106,92,69,99,104,114,93,93,90,88,93,98,101,104,95,94,89,90,84,79,79,90,90,90,78,75,61,49,58,73,69,50,51,59,61,48,45,46,46,50,51,60,62,66,66,70,70,71,70,73,73,74,75,77,78,65,52,76,107,121,95,76,75,78,80,78,83,91,95,90,95,117,127,107,69,67,61,54,33,35,69,95,130,140,135,97,53,21,26,62,81,90,67,74,90,117,140,143,147,120,92,76,69,71,55,59,62,62,61,62,70,96,127,154,156,137,108,91,81,82,85,76,88,70,82,64,73,79,88,97,100,108,110,96,82,64,58,49,37,33,23,20,8,2,17,33,43,38,32
