156,156,156,156,156,156,156,156,155,156,155,155,155,155,155,156,157,158,158,158,158,158,158,158,158,158,158,158,157,157,157,157,157,156,155,155,154,154,154,154,154,154,154,155,155,155,155,155,155,155,155,155,156,156,156,156,156,156,156,156,156,156,156,156,156,156,156,157,157,157,158,158,158,158,158,157,157,157,157,156,156,157,157,157,156,157,157,157,158,158,158,158,157,157,157,157,157,157,157,156,156,154,154,154,154,153,152,152,151,151,151,150,150,150,151,151,151,151,151,151,151,151,151,151,152,152,152,152,151,151,152,152,152,153,153,153,153,153,153,154,155,155,156,156,157,158,158,158,158,159,159,159,158,159,159,159,159,160,159,160,160,160,159,158,126,125,122,120,113,103,103,132,132,130,130,128,130,130,134,134,136,137,138,138,140,142,150,149,150,143,101,139,146,148,148,148,135,116,133,133
156,156,156,156,156,156,156,156,156,156,155,155,155,155,155,156,157,157,158,158,158,158,158,158,158,158,158,157,157,156,157,156,156,156,155,155,154,154,154,153,154,154,154,155,155,155,155,154,154,154,155,155,155,155,155,155,156,156,156,156,156,156,156,156,156,156,156,156,157,157,157,158,158,157,157,157,157,157,157,157,157,157,157,157,157,157,157,157,157,158,158,158,157,157,157,157,157,157,156,155,154,154,154,154,153,152,152,151,150,150,150,150,150,150,150,150,150,150,151,151,151,151,151,151,151,151,150,150,150,150,151,152,152,152,152,153,153,153,153,154,155,156,156,156,158,158,158,158,158,159,159,159,159,159,159,159,159,160,160,160,160,160,158,132,128,128,127,120,113,114,103,123,130,130,130,130,130,133,136,136,137,138,140,140,141,146,150,149,147,136,139,143,149,149,148,127,127,135,135,136
156,156,156,156,156,156,156,156,156,156,155,155,155,155,155,156,157,157,157,157,158,158,158,157,157,157,157,157,156,156,156,156,156,156,155,155,155,154,154,153,153,154,154,154,154,154,154,154,154,154,154,154,155,155,155,155,155,156,156,156,156,156,156,156,156,156,156,156,157,157,157,157,157,157,157,157,157,157,157,157,157,157,157,157,157,157,157,157,158,158,158,158,158,157,157,157,157,156,155,154,154,153,153,153,152,152,151,150,150,150,150,149,149,149,149,149,149,150,150,150,150,150,150,150,150,149,149,150,150,150,150,151,151,152,152,152,153,153,154,154,155,156,156,156,158,158,158,158,159,160,161,160,160,160,160,160,160,160,160,161,160,130,130,132,132,132,131,127,113,108,89,122,128,132,132,131,132,134,139,139,140,140,141,141,141,146,151,146,147,142,143,143,148,148,131,127,131,135,136,136
156,156,156,156,156,156,156,156,156,156,155,155,155,155,155,156,157,157,157,157,157,157,157,157,157,157,156,156,156,156,156,156,156,156,156,155,155,155,154,153,154,154,154,154,154,154,154,154,154,154,154,154,154,154,155,155,155,155,155,155,155,156,156,156,156,156,156,156,156,157,157,157,157,157,157,156,157,157,157,157,157,157,157,157,157,157,157,157,157,158,158,158,157,157,156,156,156,155,154,154,153,153,153,152,152,151,150,150,149,149,148,148,148,148,149,149,149,149,149,149,149,150,150,150,149,149,149,149,150,150,150,150,151,151,151,152,152,154,154,155,155,156,156,158,158,159,161,161,161,161,161,161,160,160,160,159,160,160,160,161,133,130,132,135,134,134,132,129,108,93,89,97,130,134,133,132,132,135,141,141,143,142,142,141,142,145,149,147,148,147,144,136,139,135,131,131,133,136,136,137
156,156,156,156,156,156,156,156,156,156,155,155,155,155,155,156,156,157,157,157,157,157,157,157,156,156,156,156,156,156,156,156,156,156,156,155,155,155,154,154,154,154,154,154,154,154,154,154,154,154,153,153,154,154,154,155,155,155,155,155,155,155,156,156,156,156,156,156,156,156,156,156,157,157,157,156,157,157,157,157,157,157,157,157,157,157,157,157,157,157,157,157,157,156,156,155,155,154,154,154,153,153,153,152,151,151,150,149,148,148,148,147,147,147,147,147,148,149,149,149,148,149,149,149,149,149,149,149,149,150,150,150,150,151,151,151,153,154,154,155,155,156,158,159,159,161,161,161,161,161,161,160,160,160,159,159,159,160,128,128,133,133,135,137,137,139,129,129,109,93,89,93,134,136,136,133,135,138,141,141,143,142,143,142,145,145,151,152,151,142,140,136,136,135,132,133,133,136,135,136
156,156,156,156,156,156,156,156,156,156,155,155,155,155,155,155,156,156,157,157,157,157,157,157,156,156,156,156,156,156,156,156,156,156,156,155,155,155,155,155,154,154,154,155,155,154,154,154,153,153,153,153,153,154,154,154,155,155,155,155,155,155,155,156,156,156,156,156,156,156,156,156,157,157,157,157,157,157,157,157,157,157,157,156,156,156,156,156,156,156,156,156,155,155,155,154,153,153,153,153,153,153,152,151,151,150,149,148,147,147,146,146,146,146,146,147,147,148,148,148,148,148,148,149,149,149,149,150,149,150,150,150,150,150,151,151,153,153,154,155,156,156,158,159,160,160,160,160,160,159,160,160,159,159,159,159,159,128,128,133,135,135,141,141,137,131,128,128,120,93,91,93,136,136,136,136,137,141,143,143,143,141,148,151,149,147,147,151,142,140,138,138,139,136,133,133,133,136,135,135
155,156,156,156,156,156,156,156,156,155,155,155,155,155,156,156,156,156,156,156,157,157,157,156,156,156,156,156,156,156,156,156,156,156,155,155,155,155,155,155,155,155,155,155,155,154,154,153,153,153,153,153,153,153,153,154,154,154,154,155,155,155,155,156,155,156,156,156,156,156,156,156,156,157,157,157,157,157,157,157,156,156,156,155,155,155,155,155,155,154,154,154,154,154,154,153,153,153,153,153,152,152,152,150,150,149,148,147,147,146,146,145,145,145,146,146,146,147,147,148,148,148,148,149,149,149,149,149,149,150,150,150,150,150,151,152,153,153,154,155,156,157,158,159,159,159,159,159,159,159,159,159,159,159,159,140,129,128,135,138,140,141,142,134,130,128,127,127,120,89,93,95,137,138,138,138,139,142,143,114,114,134,151,151,149,145,141,142,138,138,138,139,139,140,135,135,134,135,135,135
155,155,156,156,156,156,156,156,156,155,155,155,155,155,155,155,155,156,156,156,156,156,156,156,156,156,156,156,156,156,156,156,156,155,155,155,155,155,155,155,155,155,155,155,155,154,154,153,153,153,153,153,153,153,153,153,153,154,154,154,154,155,155,155,155,155,155,156,156,156,156,156,156,156,157,157,157,157,157,155,155,155,155,155,155,155,155,154,154,154,154,153,153,153,152,152,152,152,152,151,152,151,150,150,149,148,147,146,146,145,144,144,144,144,144,145,145,146,147,147,147,147,147,148,148,149,149,149,149,150,150,150,150,151,151,152,152,153,153,154,156,157,158,158,157,158,158,158,158,158,158,159,159,159,133,129,133,135,139,141,142,141,129,128,129,128,128,122,115,78,92,95,138,139,139,139,139,137,130,114,114,134,147,149,147,143,137,142,140,139,138,138,142,143,139,135,132,134,135,139
155,155,155,156,156,156,156,156,155,155,155,155,155,155,155,156,155,156,156,156,156,156,156,156,156,156,156,156,156,156,156,156,155,155,155,155,155,155,155,156,155,155,155,155,155,155,154,153,153,153,153,152,153,153,153,153,153,153,153,154,154,154,155,155,155,155,155,155,156,156,156,156,156,156,156,156,157,157,155,155,155,155,155,155,154,154,154,154,153,153,152,152,152,151,151,151,151,151,151,151,150,150,149,149,148,147,146,145,145,144,144,144,144,144,144,144,144,145,145,147,147,147,147,147,147,148,148,149,149,149,149,150,150,151,151,152,152,153,153,155,157,157,157,157,157,157,158,158,158,158,158,158,158,129,129,129,138,141,142,142,142,125,125,128,129,128,127,107,84,78,92,92,139,140,140,139,139,122,119,114,114,114,135,140,140,135,137,141,141,139,137,137,143,144,142,134,133,135,139,140
155,155,155,155,156,156,156,156,156,155,155,155,155,155,155,156,156,156,156,156,156,156,156,156,156,156,156,156,156,156,156,156,156,155,155,155,155,155,155,155,155,155,155,155,155,155,154,153,153,153,153,153,153,153,153,153,153,153,153,153,154,154,154,155,155,155,155,155,156,156,155,155,155,155,155,155,155,155,155,155,155,155,154,154,154,153,153,153,152,152,151,151,150,150,150,150,150,151,151,150,149,149,148,148,147,146,145,145,144,144,144,144,144,143,143,143,144,144,145,145,145,146,147,147,147,147,148,148,149,149,149,150,151,151,152,152,152,153,153,155,156,156,156,156,156,157,157,157,157,157,157,134,132,132,133,139,141,141,141,141,124,125,125,128,129,128,127,104,84,84,84,92,141,141,141,133,125,118,118,118,117,129,133,136,140,140,141,141,141,141,139,141,146,146,140,133,132,135,140,141
155,155,155,155,155,156,156,156,155,155,155,155,155,155,155,156,156,156,156,156,155,156,156,156,156,156,156,156,156,156,156,156,156,156,156,155,155,155,155,155,155,155,155,155,155,155,154,154,153,153,153,153,153,153,153,153,153,153,153,153,153,154,154,154,155,155,155,155,156,155,155,154,154,154,154,154,154,155,155,155,154,154,154,153,153,153,152,152,151,150,150,150,149,149,149,149,149,149,149,149,148,147,147,146,146,145,144,144,143,143,143,142,142,142,142,142,143,143,143,144,144,145,145,146,146,146,147,148,148,149,149,150,151,152,152,152,153,153,153,154,155,156,156,156,156,156,157,157,157,157,133,133,134,138,140,140,141,124,124,123,123,124,125,127,129,128,128,104,94,89,89,92,141,142,145,125,124,118,117,118,129,132,133,136,140,140,141,141,141,141,140,142,142,142,140,136,133,132,135,119
154,155,155,155,155,155,155,155,155,155,155,155,155,155,155,156,156,156,156,155,155,156,156,156,156,156,156,156,156,156,156,156,156,156,155,155,155,155,155,155,155,155,155,155,155,155,154,154,154,154,153,153,153,153,153,153,153,153,153,153,154,154,154,154,154,155,155,155,155,154,154,154,154,154,154,153,154,154,154,154,153,153,153,153,152,152,152,151,149,149,149,148,148,148,148,147,148,148,148,148,147,146,146,146,145,144,144,143,143,143,142,142,141,141,141,142,142,142,143,143,144,144,144,145,146,146,146,147,148,148,149,150,151,152,152,152,153,153,153,153,154,154,154,154,155,156,156,156,148,133,133,134,139,139,140,138,124,123,122,122,122,124,126,127,128,128,128,121,104,101,89,102,142,144,144,124,116,116,116,132,133,133,136,136,139,136,141,141,141,141,140,141,142,141,140,136,128,119,109,109
154,154,155,155,155,155,155,155,155,155,155,155,155,155,155,155,155,155,155,155,155,155,156,156,156,156,155,156,156,155,155,155,155,155,155,155,155,155,155,155,155,155,155,154,155,155,154,154,154,154,154,153,153,153,153,153,153,153,154,154,154,154,154,154,155,155,155,155,154,154,153,153,153,153,153,153,153,153,152,152,152,152,153,152,152,151,150,149,148,148,148,147,147,147,147,147,147,147,147,147,146,146,145,145,144,143,143,143,142,142,141,141,141,141,141,141,141,142,142,143,143,144,144,144,145,145,146,146,147,148,148,149,150,151,152,152,152,152,152,152,152,153,153,154,154,155,155,137,137,134,138,138,142,139,123,119,122,122,122,121,121,124,126,128,129,131,129,125,115,111,111,108,133,144,133,118,113,118,136,139,134,134,134,135,136,135,141,141,142,140,140,139,140,140,137,119,113,113,109,109
154,154,154,155,155,155,155,155,155,155,155,155,155,155,155,155,155,155,155,155,155,155,156,156,156,155,155,155,155,155,155,155,155,155,155,155,155,155,155,155,155,155,155,154,154,154,154,154,154,154,154,154,153,153,153,153,153,154,154,154,154,154,154,154,154,154,154,154,153,153,152,152,152,152,152,152,152,152,152,151,152,152,152,152,151,150,149,148,147,147,147,146,145,145,146,146,146,146,146,146,145,145,144,143,143,142,142,141,141,141,141,140,140,140,140,140,141,141,142,142,143,143,143,144,144,145,145,146,146,146,147,148,149,149,150,150,150,151,151,151,151,152,153,153,154,138,133,137,139,142,142,138,138,119,120,119,122,123,123,119,119,121,126,128,139,140,124,121,116,116,117,124,128,133,133,133,134,139,145,145,139,134,134,133,133,134,141,141,142,140,139,137,137,134,119,117,113,110,110,110
154,154,154,154,154,155,155,155,155,155,155,155,155,155,155,155,155,155,155,155,155,155,155,155,155,155,155,155,155,155,155,155,155,155,155,155,155,155,155,155,155,155,154,154,154,154,154,154,154,154,154,154,154,154,153,153,153,154,154,154,154,154,154,154,154,153,153,153,153,152,152,152,152,152,151,151,151,151,150,150,150,151,151,151,150,150,149,147,147,146,146,145,145,145,145,146,146,146,146,145,144,143,143,143,142,142,141,141,140,140,139,139,139,139,139,140,140,141,141,142,142,142,143,143,143,144,144,145,146,146,146,147,147,148,148,148,148,149,150,150,151,151,152,152,127,127,137,138,141,142,141,116,116,117,120,120,122,121,121,119,119,119,126,133,141,139,135,111,111,116,124,126,128,135,134,136,140,145,148,148,139,138,134,134,136,139,142,141,142,139,136,130,124,118,114,109,108,108,110,108
153,153,154,154,154,154,154,155,154,154,154,154,155,155,155,155,155,155,155,155,155,155,155,155,155,155,155,155,155,155,155,155,155,155,155,155,155,155,155,155,155,155,154,154,154,154,154,154,154,154,153,154,154,154,153,153,153,153,153,153,153,153,153,153,152,152,152,152,151,151,151,151,150,150,150,149,149,149,149,149,149,149,149,150,150,149,148,147,146,146,145,145,144,144,144,145,145,145,145,144,143,143,142,142,141,141,140,140,139,139,139,139,139,139,139,139,140,140,140,140,141,141,142,142,143,143,143,144,144,145,145,146,146,147,147,147,148,149,149,150,150,151,133,127,133,138,138,139,139,139,115,116,116,117,120,120,121,121,121,121,123,119,118,118,136,135,135,111,107,111,107,124,124,140,140,142,143,147,148,148,141,138,136,137,138,139,141,140,139,130,114,114,111,113,113,113,108,101,110,110
152,153,153,154,154,154,154,154,154,154,154,154,154,154,154,155,155,154,154,154,155,155,155,155,155,155,155,155,155,154,154,154,155,155,155,155,155,155,155,155,155,154,154,154,154,154,154,154,154,154,153,153,153,153,153,153,153,153,153,152,152,152,152,152,151,150,150,150,150,150,150,150,149,149,148,147,147,147,148,148,148,148,148,148,148,148,147,147,146,145,145,144,144,144,144,143,143,143,143,143,142,142,141,141,141,140,140,139,138,138,139,139,139,139,139,139,139,139,139,140,140,140,140,141,142,142,142,143,143,144,144,145,145,145,146,147,147,148,149,149,150,134,133,133,140,142,141,139,115,115,115,116,117,117,119,119,120,121,125,135,145,123,120,120,134,135,136,115,111,107,93,93,140,141,142,143,145,148,149,148,140,138,138,138,138,138,138,138,123,114,109,110,110,111,113,101,101,101,110,137
152,152,153,153,154,154,154,154,154,154,154,154,154,154,154,154,154,154,154,154,154,154,154,154,154,154,154,154,154,154,154,154,154,154,154,154,154,155,155,154,154,154,154,154,154,154,154,154,153,153,153,153,153,153,153,153,153,153,152,152,152,151,151,150,150,149,149,148,148,148,148,147,147,147,147,146,146,146,146,147,147,147,147,147,147,147,147,146,146,145,145,144,144,143,143,143,143,143,142,142,142,141,141,141,140,139,139,138,138,138,139,139,139,139,139,138,138,138,139,139,139,140,140,140,140,140,141,142,143,143,144,144,144,145,145,147,147,147,147,132,132,132,134,139,141,142,139,110,110,114,115,117,117,117,117,118,120,128,135,141,143,120,120,123,133,136,136,136,113,102,79,79,140,143,143,145,145,148,149,148,141,138,137,138,137,136,129,123,114,114,110,110,110,110,113,113,117,134,135,137
152,152,152,153,153,154,154,154,154,153,153,153,153,153,153,153,153,153,153,153,153,154,154,154,154,154,154,154,154,154,154,154,154,154,154,154,154,154,154,154,154,154,154,154,154,154,154,153,153,153,153,153,153,153,153,153,153,152,152,152,151,151,150,150,149,149,148,148,147,147,147,146,146,146,145,145,145,145,145,145,145,146,146,146,146,146,146,146,146,145,144,144,143,143,143,143,143,143,142,141,141,141,140,140,139,139,138,138,138,138,139,139,139,138,138,138,138,138,138,139,139,139,139,139,140,140,140,141,141,142,143,143,143,144,145,145,147,147,136,132,132,134,135,140,140,110,110,110,111,114,115,117,117,117,117,120,132,132,132,123,122,120,121,124,134,136,136,136,112,88,75,75,142,144,145,145,145,148,148,146,140,137,137,139,136,129,115,118,114,112,109,110,110,113,133,134,134,135,135,135
152,152,152,152,153,153,153,153,153,153,153,153,153,153,153,153,153,153,153,153,153,153,153,153,153,153,153,153,154,154,153,153,154,154,154,153,153,153,153,153,153,153,154,154,154,153,153,153,153,153,153,153,153,153,153,153,153,152,152,151,151,150,150,150,149,148,148,147,147,147,146,146,146,145,145,145,145,144,144,144,144,145,145,145,145,145,146,146,145,145,145,144,143,143,143,143,143,142,141,141,141,140,140,139,139,138,138,138,138,138,139,139,138,138,138,138,138,138,138,139,139,139,139,139,140,140,141,141,141,142,142,143,143,144,145,145,135,134,134,136,136,136,136,139,110,109,110,111,113,114,115,115,117,117,137,137,135,132,123,123,122,121,122,126,136,136,136,135,88,85,72,72,143,145,145,145,145,147,147,142,137,137,136,142,121,115,114,115,112,112,112,112,134,136,136,136,134,135,134,135
152,152,152,152,152,152,153,153,153,152,152,152,152,152,152,153,153,153,153,153,153,153,153,153,153,153,153,153,153,153,153,153,153,154,153,153,153,153,153,153,153,153,153,154,153,153,153,153,153,153,153,153,153,153,153,153,152,152,152,151,151,150,150,150,150,149,148,148,147,147,147,146,146,145,145,145,145,144,144,144,144,144,144,144,144,144,144,144,144,145,144,144,143,143,143,143,142,141,141,140,140,139,139,138,138,138,138,138,138,138,139,139,139,138,138,138,138,138,138,139,139,140,141,141,141,141,141,141,142,142,142,143,143,144,144,135,131,135,136,138,136,136,135,114,110,110,113,113,114,115,115,117,117,137,144,138,135,125,123,125,123,123,123,129,136,136,112,106,85,85,72,72,144,146,144,145,144,145,144,137,132,132,132,139,116,115,112,114,112,118,137,138,139,138,137,136,135,135,135,137
151,152,152,152,152,152,152,152,152,152,152,152,152,152,152,152,152,152,152,152,152,153,153,153,153,153,153,153,153,153,153,153,153,153,153,153,153,153,153,153,153,153,153,153,153,153,153,153,153,153,153,153,153,153,153,153,153,152,152,152,151,150,150,150,150,150,150,149,149,148,148,147,146,146,146,145,145,144,144,144,144,144,144,144,143,143,143,143,143,143,143,143,143,143,142,142,141,141,140,139,139,139,138,138,138,138,138,138,138,139,139,139,139,139,139,139,139,139,139,140,142,143,144,144,144,144,143,142,142,142,143,143,143,144,135,134,134,138,138,136,118,115,115,114,111,111,114,114,114,115,120,120,144,116,116,137,123,125,125,126,126,126,126,129,136,136,114,106,98,85,73,73,144,145,144,144,144,144,130,117,115,124,131,124,109,109,109,114,134,138,138,139,139,138,136,135,132,133,133,137
151,151,151,151,152,152,152,151,151,151,152,152,152,152,152,152,152,152,152,152,152,152,152,153,153,153,153,153,153,153,153,153,153,153,153,153,153,153,153,153,153,153,153,153,153,153,153,153,153,153,153,153,153,153,153,153,153,153,153,153,152,152,152,152,152,151,151,151,151,150,149,149,148,147,147,147,146,146,145,144,144,144,143,143,143,142,142,142,142,142,142,142,142,142,142,141,141,140,139,139,138,138,138,138,138,138,138,138,139,139,139,139,139,139,139,139,139,140,141,142,144,145,146,146,146,144,144,143,143,143,143,143,140,135,138,138,138,138,138,108,107,108,114,114,111,111,114,115,115,144,146,146,119,116,114,114,123,126,125,126,126,126,126,133,138,146,114,106,98,91,78,78,144,144,143,143,131,119,117,117,115,115,124,116,106,116,133,135,139,139,138,138,139,137,135,133,131,132,133,133
151,151,151,151,151,151,151,151,151,151,151,152,152,152,151,152,152,152,152,152,152,152,152,152,152,152,153,153,153,152,152,152,153,153,153,153,153,153,153,153,153,153,153,153,153,153,153,153,153,153,153,153,153,153,153,153,153,153,153,153,153,153,153,154,153,153,153,153,153,153,153,151,150,148,148,148,147,146,146,145,144,144,144,143,142,142,142,141,141,141,141,141,140,140,140,140,139,138,138,138,137,137,138,138,138,139,139,140,140,140,140,140,140,139,140,140,141,141,142,144,146,148,149,149,147,145,144,144,143,143,142,134,134,135,140,141,138,109,105,105,105,107,114,114,111,111,119,124,144,145,144,115,116,115,114,114,124,126,125,126,126,128,136,149,150,149,134,98,91,91,87,91,135,141,138,121,117,117,117,116,109,109,109,123,125,135,135,135,139,139,138,137,137,137,134,132,131,132,132,133
150,151,151,151,151,151,151,151,151,151,151,152,151,151,151,151,151,152,152,152,152,152,152,152,152,152,152,152,152,152,152,152,152,152,152,153,153,153,153,153,153,153,153,153,153,153,153,153,153,153,153,153,153,153,153,153,153,153,153,153,153,153,154,154,154,153,153,153,153,153,153,153,152,151,150,149,148,147,146,145,145,144,143,142,142,142,141,141,140,140,140,140,139,139,139,138,138,137,137,137,137,138,138,138,139,140,140,140,140,140,140,140,141,141,141,141,142,144,144,146,148,149,149,149,147,146,145,144,144,143,135,135,135,138,140,138,108,105,105,105,105,106,114,114,115,121,121,124,118,118,109,114,115,115,117,118,124,126,125,126,126,152,152,151,149,137,134,96,91,91,91,102,114,121,117,117,117,116,113,110,109,110,123,125,127,135,135,134,138,138,137,136,137,136,135,131,131,131,131,132
150,150,151,151,151,151,151,151,151,151,151,151,151,151,151,151,151,151,151,152,152,152,152,152,152,152,152,152,152,152,152,152,152,152,152,152,152,153,153,152,152,153,153,153,153,153,153,153,153,153,153,153,153,153,152,153,153,153,153,153,153,153,153,154,153,153,153,153,153,153,153,153,152,152,151,149,148,148,146,145,145,144,143,142,142,141,141,140,139,139,138,138,138,138,138,137,137,136,137,137,137,137,138,139,139,140,141,141,140,140,140,141,142,143,143,143,144,146,147,148,148,149,149,147,147,145,145,144,137,134,135,141,141,135,107,104,104,104,105,105,105,105,114,115,149,137,124,121,118,114,109,114,115,115,117,120,123,125,125,150,152,152,151,136,136,136,134,96,93,91,98,113,114,116,116,117,116,116,109,116,125,125,125,125,127,132,133,133,134,136,136,135,135,135,134,131,131,131,131,131
150,150,150,151,150,151,150,151,150,151,151,151,151,151,151,151,151,151,151,151,151,152,152,152,152,152,152,152,152,152,152,152,152,152,152,152,152,153,153,153,153,153,153,153,153,153,153,153,153,153,153,153,152,152,152,152,152,153,153,153,153,153,153,153,153,153,153,153,153,152,152,152,152,151,151,149,148,147,146,145,144,143,143,142,141,141,140,139,139,138,138,137,137,136,136,136,136,136,136,137,137,137,139,139,140,141,142,142,141,141,141,142,144,144,145,146,146,148,149,149,148,148,147,147,147,145,134,134,136,137,137,141,141,107,105,104,104,105,105,105,105,106,135,150,150,149,121,120,118,114,110,114,116,116,117,120,123,136,136,150,137,137,136,136,136,136,136,101,100,101,105,114,114,114,115,116,109,116,135,133,130,127,126,125,127,131,131,131,131,133,132,133,133,135,134,132,130,129,129,88
150,150,150,150,150,150,150,150,150,150,151,151,151,150,151,151,151,151,151,151,151,151,151,151,152,152,152,152,152,152,152,152,152,152,152,152,152,152,152,153,153,153,153,153,153,153,153,153,153,153,153,152,152,152,152,152,152,153,153,153,153,152,152,152,152,152,152,152,152,152,152,151,151,151,149,149,148,146,145,144,144,143,142,141,141,141,140,139,139,138,137,137,136,136,136,136,136,136,136,136,137,137,139,140,141,142,143,143,142,142,143,144,145,147,148,149,149,150,150,149,148,147,146,146,145,136,133,134,137,137,136,111,105,105,105,105,105,105,105,106,141,141,135,135,135,122,121,120,119,113,110,113,117,118,120,128,128,146,128,132,132,136,136,136,136,136,135,107,103,103,109,113,114,113,112,117,137,137,136,135,133,130,126,125,126,130,131,131,131,131,131,131,133,134,134,132,129,115,107,88
150,150,150,150,150,150,150,150,150,150,150,150,150,150,151,151,151,151,151,151,151,151,151,151,151,152,152,152,152,152,152,152,152,152,152,152,152,152,152,152,153,153,153,153,153,153,153,153,152,152,152,152,152,152,152,152,152,152,153,152,152,152,152,152,151,151,151,151,151,151,150,150,150,149,149,148,147,145,145,144,143,143,142,141,141,140,140,139,139,138,138,137,137,136,136,136,136,136,136,136,137,138,140,141,143,144,145,145,146,146,146,146,148,149,150,150,151,151,151,149,147,147,146,146,139,138,134,134,136,136,111,105,105,105,105,105,105,105,105,141,143,141,110,117,114,118,119,120,119,113,112,113,123,134,142,146,142,131,128,129,132,136,137,136,136,135,135,113,109,107,111,114,121,115,139,137,138,138,138,136,135,133,127,126,126,130,131,131,131,131,130,130,130,133,132,115,110,107,107,105
149,149,150,150,150,150,150,150,150,150,150,150,150,150,150,151,151,150,150,151,151,151,151,151,151,151,151,151,151,151,151,152,152,152,152,152,152,152,152,152,152,153,153,153,154,153,153,153,152,152,152,152,152,152,152,152,152,152,152,152,152,152,151,151,150,150,149,149,149,148,148,148,148,148,148,147,146,145,144,144,143,143,142,141,141,140,140,139,139,138,138,137,137,136,136,136,136,136,136,136,137,139,141,143,145,146,149,150,150,150,149,149,150,151,151,152,152,152,151,149,147,146,146,142,139,139,138,134,109,108,108,108,105,105,105,106,105,106,145,145,124,111,110,110,114,118,119,120,119,119,113,132,144,152,147,142,132,131,128,131,135,136,137,136,136,134,135,113,111,109,111,121,126,142,142,141,139,141,138,137,137,135,127,126,126,129,129,130,129,130,127,88,91,115,115,111,110,107,105,105
149,149,149,150,150,150,150,150,150,150,150,150,150,150,150,150,150,150,150,150,151,151,151,150,150,151,151,151,151,151,151,152,152,152,152,152,152,152,152,152,152,152,153,154,154,154,153,153,152,152,152,152,152,152,152,152,152,152,152,152,152,152,151,151,150,149,149,148,147,147,147,146,146,146,146,146,145,144,143,143,142,142,142,141,141,140,140,139,139,138,138,137,137,136,136,136,136,136,136,137,138,140,143,145,147,149,151,151,151,151,151,151,151,151,152,152,153,152,151,150,147,147,144,144,144,144,142,109,104,104,107,107,105,105,112,145,145,145,113,114,113,111,110,112,114,116,119,119,119,119,144,144,144,147,123,123,128,132,131,132,136,137,137,136,136,134,134,134,112,110,112,121,142,145,145,141,141,142,142,137,137,135,126,126,126,129,129,129,127,127,105,91,105,111,111,110,109,107,104,98
149,149,149,149,149,149,150,150,150,150,150,150,150,150,150,150,150,150,150,150,150,150,150,150,150,150,151,151,151,151,151,151,151,152,151,152,152,152,152,152,152,152,153,154,154,154,154,153,153,152,152,152,152,152,152,152,152,152,152,152,152,151,151,151,150,149,148,148,147,147,147,146,145,145,145,145,144,143,143,142,142,142,141,141,141,140,139,139,139,138,138,137,137,136,136,136,136,136,136,137,139,141,144,147,150,151,152,152,152,153,152,152,152,152,152,152,152,151,150,146,142,142,142,141,141,136,127,104,104,104,106,107,107,113,145,146,145,116,108,108,113,113,113,113,115,116,120,120,152,153,152,143,118,118,119,120,126,132,132,133,137,137,139,139,139,136,136,136,112,110,112,121,144,146,146,142,142,143,145,137,137,134,126,125,125,126,126,121,113,113,105,105,111,111,111,102,103,103,103,98
149,149,149,149,149,149,149,149,149,150,150,150,150,150,150,150,150,150,150,150,150,150,150,150,150,150,150,151,151,151,151,151,151,152,152,152,152,152,152,153,153,153,153,154,154,154,153,153,153,153,152,152,152,152,152,152,152,152,152,152,152,151,151,151,150,149,148,148,147,147,147,146,145,145,145,144,144,143,143,142,142,142,141,141,141,140,140,139,138,138,138,137,137,136,136,136,136,136,137,138,140,143,146,149,151,152,153,153,153,153,153,154,153,152,152,151,151,151,146,146,146,147,144,141,109,123,105,104,104,104,106,107,113,147,147,116,114,114,105,105,114,114,112,112,116,117,139,139,152,115,115,115,114,116,119,120,125,133,133,133,140,139,142,142,145,148,145,140,112,109,113,121,142,144,144,142,142,144,145,135,134,132,125,125,124,119,98,114,113,113,106,106,105,111,103,102,103,108,129,129
148,149,149,149,149,149,149,149,149,149,149,149,150,150,150,150,150,150,150,150,150,150,150,150,150,150,150,150,151,151,151,151,151,152,152,152,152,152,153,153,153,153,153,153,153,153,153,153,153,153,152,152,152,152,152,152,152,152,152,151,151,151,151,150,150,150,149,148,148,148,147,147,147,146,145,145,144,144,143,143,142,142,142,142,141,141,140,139,138,138,138,138,137,137,136,136,136,137,138,139,141,143,146,149,152,153,153,153,153,153,154,154,154,154,152,151,145,144,145,146,146,146,140,109,108,109,104,104,103,105,115,115,146,113,104,104,114,114,105,105,113,113,112,113,130,130,147,111,111,111,110,111,114,116,120,120,125,133,133,136,140,142,149,152,148,146,140,107,107,107,118,120,136,142,142,142,142,145,145,135,133,125,116,116,108,108,108,110,113,111,105,99,99,103,103,104,105,125,129,129
148,149,149,149,149,149,149,149,149,149,149,149,149,149,150,150,150,150,150,150,150,150,150,150,150,150,150,150,150,150,151,151,151,152,152,153,153,153,153,153,153,153,153,153,153,152,152,152,152,152,152,152,152,152,152,152,151,151,151,151,151,150,150,150,150,150,150,150,149,149,148,148,148,147,146,146,146,144,144,143,143,142,142,142,142,142,141,140,139,139,138,138,137,137,137,137,137,138,139,141,143,144,146,149,152,153,153,153,153,153,153,154,154,153,152,147,143,142,144,145,145,113,108,108,108,109,104,116,105,115,118,115,114,112,102,102,114,114,105,105,113,113,115,130,148,130,112,111,111,112,110,116,115,117,120,120,124,133,140,140,142,152,151,151,138,133,127,106,106,107,120,121,136,136,139,141,142,144,144,132,115,111,115,112,108,108,108,110,109,106,97,94,94,102,103,104,106,125,129,129
148,148,148,148,148,148,149,149,149,149,149,149,149,149,149,149,150,150,150,150,150,150,150,150,150,150,150,150,150,150,150,150,151,152,153,153,153,153,153,153,153,153,153,153,152,152,152,152,152,152,152,152,152,152,151,151,151,151,151,151,151,150,150,150,150,150,150,150,150,150,149,149,148,148,147,147,146,146,146,145,144,144,144,143,143,143,142,141,140,139,139,139,138,138,138,138,138,140,141,143,144,146,149,150,152,152,153,153,153,153,153,154,152,150,146,146,143,142,139,113,110,108,108,107,108,109,116,118,118,118,111,107,113,112,103,103,114,114,114,113,147,147,147,129,129,110,110,111,112,113,111,116,115,116,119,120,132,143,142,142,142,149,137,137,134,131,127,107,107,107,123,123,136,136,137,139,139,142,118,90,109,109,112,112,112,108,108,108,97,109,77,77,98,102,103,103,104,125,127,127
148,148,148,148,148,148,148,149,149,149,149,149,149,149,149,149,149,149,150,150,149,149,149,149,149,150,149,149,149,150,150,150,150,151,153,153,153,153,153,153,153,153,153,152,151,151,151,152,152,152,152,152,152,152,151,151,151,151,151,151,151,150,150,150,150,150,150,150,150,150,149,149,148,148,148,148,147,147,147,146,146,145,144,144,144,143,143,143,141,141,141,141,141,141,140,140,142,144,144,145,148,150,150,152,152,152,153,153,153,153,153,152,150,146,146,146,142,137,113,109,109,108,107,107,107,116,136,138,116,112,107,107,113,113,103,103,113,114,114,151,151,151,112,108,108,110,111,112,113,114,114,116,115,116,119,132,149,152,149,140,132,135,135,137,137,133,128,106,103,106,122,123,136,136,136,135,120,114,108,102,107,107,109,109,108,108,108,110,123,125,123,101,100,101,102,102,103,125,127,127
147,148,148,148,148,148,148,148,148,148,148,148,149,149,149,149,149,149,149,149,149,149,149,149,149,149,149,149,149,149,150,150,150,150,153,153,153,153,153,153,153,153,153,152,151,151,151,152,152,152,152,152,152,151,151,151,151,151,151,151,151,150,150,150,150,150,150,150,150,150,149,149,149,148,148,148,147,147,147,147,146,146,144,144,144,144,143,143,143,143,142,143,143,144,145,145,147,147,147,148,150,152,153,153,153,153,153,153,153,153,149,146,146,146,145,131,108,113,111,111,111,111,112,107,107,136,136,115,114,112,107,107,113,113,104,104,114,147,147,147,142,107,92,92,105,110,111,112,113,113,112,116,116,116,132,150,149,150,129,125,125,132,135,137,136,131,128,107,103,105,109,119,122,132,117,115,114,111,108,106,104,96,96,96,101,101,116,135,135,135,123,112,100,101,101,101,103,125,127,127
147,147,148,148,148,148,148,148,148,148,148,148,148,149,149,149,149,149,149,149,149,149,149,149,149,149,149,149,149,149,149,149,150,150,150,153,153,153,153,152,152,152,152,152,151,151,151,151,151,151,151,151,151,151,151,151,151,151,151,151,150,150,150,150,150,150,149,149,149,148,148,148,148,148,148,147,147,147,147,147,147,146,145,144,144,144,144,144,143,143,144,144,146,147,148,149,149,149,150,150,151,152,153,153,153,153,153,153,153,152,149,149,146,146,124,106,106,108,109,111,111,113,119,119,106,115,114,115,113,112,106,106,112,113,114,122,150,150,142,107,105,102,92,92,107,109,111,111,112,113,114,117,117,149,129,138,129,128,124,125,125,130,133,135,135,130,128,111,97,103,106,110,114,113,112,113,112,111,107,104,104,102,107,96,109,113,135,136,138,138,136,122,112,112,101,100,113,125,127,129
147,148,148,148,148,148,148,148,148,148,148,148,148,148,148,148,148,148,148,149,149,149,149,149,149,149,149,149,149,149,149,149,149,149,149,150,150,151,152,152,152,152,152,151,151,151,151,151,151,151,151,151,151,151,151,151,151,151,151,150,150,150,150,150,150,149,149,149,148,148,148,148,147,147,147,147,147,147,147,147,147,146,145,145,145,145,145,145,145,145,147,147,148,149,150,150,150,150,150,151,151,152,153,153,153,153,153,153,152,151,144,146,127,124,107,104,104,106,108,111,111,134,137,134,112,112,108,114,113,113,105,105,112,147,150,150,154,147,107,104,104,102,92,92,105,109,109,110,111,113,112,125,122,126,128,129,128,128,124,125,125,130,132,133,132,130,129,113,97,97,105,110,114,111,112,111,111,107,106,106,104,103,105,107,109,110,134,136,137,140,136,123,112,113,106,102,113,127,129,129
147,148,148,148,148,147,148,148,148,148,148,148,148,148,148,148,148,148,148,148,148,149,149,149,149,149,149,149,149,149,149,149,149,149,148,149,149,149,149,151,151,151,151,151,151,151,151,151,151,151,151,151,151,151,151,151,150,150,150,150,150,150,149,149,149,149,149,148,148,147,147,147,147,147,147,147,147,147,147,147,147,147,146,145,145,145,146,146,147,148,149,150,150,150,150,151,151,151,151,151,152,153,153,153,153,153,152,152,152,151,144,107,107,107,106,104,104,106,108,112,110,134,134,114,112,111,108,113,113,114,113,110,149,149,150,147,109,107,104,103,103,102,88,88,107,109,109,110,110,152,120,124,122,124,126,129,129,128,125,123,123,127,132,132,132,132,129,129,95,97,105,111,112,111,112,111,111,111,129,129,127,111,103,105,109,110,132,137,138,140,136,123,106,108,102,102,105,127,129,126
147,147,148,148,147,147,147,148,148,148,148,148,148,148,148,148,148,148,148,148,148,148,148,148,148,148,149,149,149,148,148,148,148,148,148,148,148,149,149,149,150,150,150,150,150,151,151,151,151,151,151,151,151,151,150,150,150,150,150,150,150,149,149,149,149,149,148,148,148,147,147,148,148,148,147,147,147,147,147,147,147,147,147,147,146,146,147,149,151,151,151,151,150,150,151,151,151,151,151,152,152,152,152,152,152,152,152,152,152,144,105,105,106,106,103,103,105,116,112,112,107,107,114,112,112,112,108,111,113,116,149,149,108,108,102,106,107,106,103,102,102,102,101,104,110,115,110,150,112,115,115,120,123,125,126,129,129,126,125,123,123,124,127,132,132,151,150,132,95,97,101,111,111,111,123,119,119,127,133,129,127,103,102,103,105,112,130,137,137,137,130,115,100,106,100,102,102,105,126,126
147,147,147,147,147,147,147,147,147,147,147,147,147,148,148,148,148,148,148,148,148,148,148,148,148,148,148,148,148,148,148,148,148,148,148,148,148,148,148,149,149,149,149,149,150,150,151,151,151,151,151,151,151,151,150,150,150,150,150,150,150,150,149,149,149,149,148,148,148,148,148,148,148,148,148,148,148,148,149,149,149,149,149,150,150,150,151,152,152,151,151,151,151,150,151,151,151,151,152,152,152,152,152,152,152,152,152,152,151,106,101,101,105,105,103,107,116,124,113,107,106,106,106,112,112,112,108,114,144,153,149,111,101,99,101,102,106,106,103,102,102,102,113,120,136,149,150,111,110,112,115,123,125,125,126,127,127,125,122,123,123,125,133,150,151,150,145,132,101,119,101,112,112,142,142,136,135,127,129,127,127,102,100,102,104,112,130,131,137,134,130,108,99,99,98,98,97,102,109,125
146,147,147,147,147,147,147,147,147,147,147,147,147,147,147,148,147,148,147,148,147,147,147,147,148,148,148,148,148,148,148,148,148,148,148,148,148,148,148,148,148,148,148,148,149,149,150,150,151,151,151,151,151,150,150,150,151,151,150,150,150,150,149,149,148,148,148,148,148,148,148,148,148,148,148,149,149,149,149,150,151,151,151,152,152,152,152,152,152,152,151,151,151,150,150,151,151,151,152,152,152,152,152,152,152,152,151,151,151,106,102,102,105,106,105,107,113,113,107,106,106,105,105,112,113,114,127,127,144,111,111,102,80,80,99,101,105,105,106,102,142,143,143,138,149,136,114,110,110,114,115,123,126,125,126,127,127,123,122,125,147,152,151,150,150,145,139,132,123,100,100,118,139,142,142,136,135,127,128,127,127,102,100,100,102,111,129,130,130,132,130,104,98,98,98,97,87,94,102,105
146,146,147,147,147,147,147,147,147,147,147,147,147,147,147,147,147,147,147,147,147,147,147,147,147,147,148,148,148,148,148,148,148,148,148,148,148,148,148,148,148,148,148,148,148,149,149,149,149,150,150,149,150,150,150,150,150,150,150,150,150,150,149,149,148,148,148,148,148,148,148,148,148,148,148,149,149,149,150,151,151,151,152,152,152,152,152,152,152,152,151,151,150,150,150,150,151,151,151,151,152,152,151,151,151,151,151,151,151,107,102,102,105,107,111,107,107,105,107,106,106,106,107,115,115,134,151,134,109,109,110,109,81,81,99,100,106,106,117,149,149,149,143,136,118,116,114,110,110,114,115,123,126,125,126,126,127,135,145,147,147,152,134,134,134,139,135,131,105,97,98,123,140,141,141,136,135,128,128,128,127,103,100,100,100,107,127,130,130,130,130,78,78,98,98,98,94,94,98,102
146,146,147,147,147,147,146,146,146,147,147,147,147,147,147,147,147,147,147,147,147,147,147,147,147,147,147,148,148,148,148,147,147,147,147,147,147,147,147,147,147,147,148,148,148,148,148,148,148,148,148,127,127,150,150,150,150,150,150,150,150,150,149,148,147,147,147,147,147,148,148,148,148,148,148,148,149,149,151,151,151,151,151,151,151,152,152,152,152,151,151,151,150,150,150,150,150,150,150,150,150,150,150,150,150,150,151,151,151,149,107,105,106,106,111,105,105,105,105,106,107,107,150,150,150,151,151,110,109,109,110,110,82,82,99,114,139,153,142,149,142,117,118,117,116,116,116,110,110,114,115,119,125,125,126,128,145,148,147,147,145,128,130,132,134,135,135,123,105,88,98,124,140,140,141,136,135,128,128,127,126,103,100,99,99,100,125,130,130,130,111,96,96,102,103,102,101,98,98,102
146,146,146,147,147,146,146,146,146,146,146,146,146,146,147,147,147,147,147,147,147,146,146,147,147,147,147,147,147,147,147,147,147,147,147,147,147,147,147,147,147,147,148,148,148,147,147,147,148,148,148,116,116,150,150,150,150,150,149,149,148,148,148,148,147,147,147,147,147,147,147,147,147,147,147,147,148,149,149,151,151,151,151,151,151,151,151,151,151,151,151,150,150,149,149,149,149,149,149,149,150,150,150,150,150,150,150,151,151,150,109,105,107,106,107,106,105,105,104,105,107,151,151,150,126,134,106,110,109,110,110,110,109,99,140,155,155,153,139,113,113,115,117,117,118,118,118,109,109,114,115,123,129,151,151,150,145,145,145,127,128,128,132,134,135,135,133,110,101,98,101,123,140,140,138,135,131,128,128,126,124,103,100,98,98,98,103,125,117,111,104,101,101,103,103,103,101,95,94,98
146,146,146,146,146,146,146,146,146,146,146,146,146,146,147,147,147,147,147,147,146,146,146,146,146,146,147,147,147,147,147,147,147,147,147,147,147,147,147,147,147,147,147,147,147,147,147,147,147,148,148,96,93,148,149,149,149,149,148,148,148,148,148,147,147,147,147,147,147,147,147,147,147,147,147,147,147,148,149,149,150,151,151,150,150,150,150,151,151,151,151,150,149,149,149,148,148,149,149,149,149,149,149,149,149,150,150,150,150,149,106,106,107,107,107,106,105,104,104,105,113,113,103,103,105,106,105,110,109,110,110,110,143,153,151,154,140,130,104,108,113,115,116,116,118,118,118,109,108,114,130,150,151,155,151,118,118,123,125,127,130,130,132,135,135,135,133,110,101,101,109,122,140,140,137,133,128,124,126,124,122,101,97,96,97,98,101,106,106,106,103,101,101,103,103,101,90,90,90,104
146,146,146,146,146,146,146,146,146,146,146,146,146,146,146,147,147,147,147,147,146,146,146,146,146,146,146,146,147,147,147,147,147,147,147,146,146,146,146,146,146,147,147,147,147,147,147,147,147,147,99,96,92,111,148,148,148,148,148,148,148,147,147,147,147,147,147,147,147,147,147,146,146,146,146,146,146,147,148,149,149,150,150,150,150,150,150,150,150,151,150,150,149,149,148,148,148,148,149,149,148,148,149,149,149,149,149,149,149,105,105,106,107,107,107,107,108,105,106,106,105,102,103,103,104,105,105,110,109,110,110,143,150,151,151,107,105,104,104,104,113,115,116,116,117,118,119,110,109,148,152,152,152,118,118,117,118,118,125,127,130,129,131,134,134,134,133,110,101,100,112,116,137,137,134,132,128,121,124,122,122,96,96,97,108,106,106,106,106,105,103,101,98,103,103,103,88,88,88,121
146,146,146,146,146,146,146,146,146,146,146,146,146,146,146,146,146,146,147,147,146,146,146,146,146,146,146,146,146,146,146,146,146,146,147,146,146,146,146,146,146,146,146,146,147,147,147,147,147,147,99,96,93,111,148,148,148,148,148,148,148,147,147,147,147,147,146,146,146,146,147,146,146,146,146,146,146,147,148,148,149,149,149,149,149,150,150,150,150,150,150,150,149,148,148,148,148,148,148,148,148,148,148,148,148,148,148,149,148,105,105,106,107,107,108,127,127,127,120,106,105,102,103,104,104,106,106,154,152,152,143,142,142,109,107,106,104,104,103,104,113,115,116,116,119,135,153,135,153,148,156,150,114,114,117,117,118,118,125,127,129,127,130,132,133,134,133,118,113,100,107,112,131,133,132,127,96,72,121,110,106,104,104,108,109,108,105,105,105,105,103,103,98,105,117,118,68,118,119,121
146,146,146,145,146,146,146,146,146,146,145,145,146,146,146,146,146,146,146,146,146,146,146,146,146,146,146,146,146,146,146,146,146,146,146,146,146,146,146,146,146,146,146,146,146,146,147,147,147,146,99,96,93,105,147,148,148,147,147,148,148,147,147,147,147,146,146,146,146,146,146,146,146,146,146,146,146,146,147,148,148,149,149,149,149,149,150,150,150,150,150,150,148,148,148,148,148,148,147,147,147,147,147,148,148,148,148,148,147,105,105,107,113,153,153,153,127,125,110,106,105,104,104,104,104,126,149,153,153,152,119,111,108,109,107,106,105,104,104,104,112,114,116,146,153,154,153,135,108,111,148,111,114,114,117,117,118,118,123,126,127,126,126,126,133,134,143,134,118,100,101,101,129,130,129,96,96,73,107,107,106,104,105,106,106,104,104,105,105,106,110,117,118,118,118,119,118,116,117,119
146,146,146,145,145,145,145,145,145,145,145,145,145,146,146,146,146,146,146,146,146,146,146,146,146,146,146,146,146,146,146,146,146,146,146,146,146,146,146,146,146,146,146,146,146,146,146,146,146,110,96,94,94,105,131,147,147,147,147,147,148,146,146,146,146,146,146,146,146,146,146,146,146,146,146,146,145,146,146,146,148,148,149,149,149,150,150,150,150,150,150,150,148,148,148,148,148,147,147,147,147,147,147,147,147,147,147,147,147,105,105,117,153,153,153,122,110,110,110,106,104,104,104,104,126,148,149,148,110,105,105,106,108,109,109,106,105,104,103,103,112,115,143,149,153,153,109,108,108,108,111,111,114,114,116,116,118,118,121,126,137,126,127,132,143,143,143,131,121,100,100,88,107,108,108,98,98,107,107,108,106,104,104,104,105,103,103,104,117,116,119,119,119,118,118,118,116,115,116,117
145,145,145,145,145,145,145,145,145,145,145,145,145,145,145,146,146,146,146,146,146,146,146,146,146,146,146,146,146,146,146,146,146,145,145,145,145,145,146,146,146,146,146,146,146,146,146,146,146,108,96,96,95,99,105,147,147,147,147,147,147,146,146,146,146,146,146,146,146,146,146,146,146,146,146,145,145,145,146,146,146,148,148,149,149,149,149,150,150,150,150,149,149,148,148,148,147,147,147,147,147,147,146,146,147,147,147,147,147,146,117,150,153,113,113,108,109,110,110,106,104,104,153,153,154,126,109,105,107,105,105,105,109,110,109,107,105,104,104,112,112,143,123,123,108,107,107,108,109,110,112,113,116,116,117,116,118,118,121,137,150,143,143,149,150,143,140,113,121,105,96,88,101,107,108,108,108,107,108,107,104,102,102,106,119,85,116,116,117,116,117,117,117,116,118,116,115,115,115,116
145,144,144,145,145,145,145,145,145,145,145,145,145,145,145,145,145,146,146,146,146,146,146,146,146,146,146,146,145,145,145,146,146,145,145,145,145,145,145,145,145,145,145,146,146,146,146,146,145,98,96,97,99,101,101,106,146,146,146,147,146,146,146,146,146,146,146,146,146,146,146,146,146,146,146,145,145,145,145,146,146,146,147,147,147,148,149,149,150,150,149,149,148,148,147,147,147,147,147,147,147,146,146,146,146,146,146,146,146,146,107,108,108,108,109,107,109,109,110,116,110,153,154,153,107,105,106,105,109,106,106,106,108,110,109,110,154,153,150,150,116,108,107,103,107,104,108,109,110,110,112,113,117,116,117,116,118,121,138,150,150,149,143,143,136,137,136,113,116,105,96,90,101,105,108,108,108,108,108,108,84,84,84,117,119,119,116,114,114,114,115,115,116,115,115,115,115,113,113,115
144,144,144,145,145,145,145,145,145,145,145,145,145,145,145,145,145,145,145,145,145,146,146,146,146,146,146,146,145,145,145,146,147,147,145,145,145,145,145,145,145,145,145,145,146,146,146,146,115,98,96,96,96,99,88,101,146,146,146,146,146,146,146,146,146,146,146,146,146,146,146,146,146,146,146,146,145,145,145,145,146,146,146,146,146,147,147,149,149,149,149,149,148,147,147,147,147,147,147,147,147,146,146,146,146,146,146,146,146,146,104,106,106,106,107,107,124,116,120,120,154,138,138,105,105,104,106,106,109,107,108,108,108,111,122,154,154,153,150,116,106,106,107,103,107,102,109,109,110,110,112,116,132,118,119,119,133,145,135,138,135,126,126,129,129,136,135,135,115,116,101,96,101,104,108,104,106,106,118,118,84,116,116,117,117,117,114,113,114,113,114,114,114,114,115,115,113,112,112,113
144,144,144,145,145,144,144,144,145,145,145,144,144,145,145,145,145,145,145,145,145,145,145,146,146,146,146,146,146,145,146,150,147,147,147,147,146,145,145,145,145,145,145,145,145,145,145,123,108,96,92,91,92,89,101,100,114,146,146,146,146,146,146,146,146,146,146,146,146,146,146,146,146,146,146,146,146,145,145,145,145,146,146,146,146,146,147,149,149,149,149,148,148,147,147,146,146,147,147,147,147,147,146,146,146,146,146,146,146,107,101,104,106,106,107,127,127,125,153,125,141,112,112,105,105,104,105,106,109,108,110,111,133,122,150,122,110,109,108,108,107,107,108,107,109,102,109,108,109,110,112,143,145,147,147,147,144,133,121,122,124,122,126,126,127,129,126,133,115,116,101,101,103,105,112,100,100,116,118,118,117,116,115,116,116,115,114,110,111,111,111,111,111,113,113,113,112,110,110,111
144,144,144,144,144,144,144,144,145,145,145,144,144,144,144,145,145,145,145,145,145,145,145,145,145,146,146,146,146,146,151,151,147,147,147,147,147,146,145,145,145,145,145,145,145,145,145,123,114,99,96,89,87,85,86,100,114,145,146,146,146,146,146,146,146,146,146,146,146,146,145,145,145,145,145,146,146,145,145,145,145,145,145,145,146,147,148,149,149,149,149,148,148,148,147,146,146,146,147,147,147,147,146,146,146,146,146,146,146,107,104,104,106,106,140,140,150,125,125,103,105,112,112,104,103,103,104,106,109,144,145,145,150,115,109,109,108,108,108,108,108,108,109,108,109,103,108,108,109,112,145,145,145,147,147,144,120,118,117,120,122,122,123,122,123,126,120,120,110,110,96,110,111,114,115,111,115,117,119,117,115,114,114,114,115,112,110,109,109,108,110,109,110,110,112,112,110,109,109,110
144,144,144,144,144,144,144,144,144,144,144,144,144,144,144,144,144,145,145,145,145,145,145,145,145,145,146,146,146,146,151,151,147,147,147,147,147,147,146,145,145,145,145,145,145,145,125,120,114,99,91,87,85,82,89,89,95,114,146,146,146,146,146,146,146,146,146,146,146,145,145,145,145,145,145,145,146,145,145,145,145,145,145,145,146,148,149,149,149,149,149,148,148,148,147,147,146,146,146,147,146,146,146,146,146,146,145,145,145,111,107,106,113,140,150,140,138,104,103,103,103,111,111,103,103,103,107,143,145,145,145,145,115,109,107,109,108,109,108,108,108,108,109,108,107,104,109,151,151,154,145,143,127,113,118,118,117,117,117,120,121,118,119,119,119,120,117,116,105,98,89,101,111,114,114,111,111,116,117,115,114,112,112,112,112,111,110,107,107,107,108,108,109,110,110,110,108,107,83,109
143,143,143,144,143,144,144,144,144,144,144,144,144,144,144,144,144,144,144,145,145,145,145,145,145,145,146,146,146,146,147,147,146,146,147,147,147,147,147,147,146,145,145,145,145,145,131,120,120,109,90,89,87,82,80,89,95,109,145,146,146,146,146,146,145,145,145,145,145,145,145,145,145,145,145,145,145,145,145,145,145,145,145,145,145,148,148,149,149,149,148,148,147,147,147,147,146,146,146,146,146,146,146,146,146,145,145,145,145,145,147,150,153,153,138,125,103,102,102,103,105,109,109,103,103,107,143,145,144,110,107,107,107,108,107,109,108,110,108,108,109,109,121,121,124,147,147,151,151,154,113,113,113,113,113,118,118,118,118,119,118,118,117,115,115,116,114,114,105,98,82,93,101,111,111,107,108,117,117,114,111,111,110,111,110,111,110,106,105,105,106,107,107,107,108,108,66,70,78,107
142,143,143,143,143,143,143,143,143,143,143,143,143,144,144,144,144,144,144,144,144,144,144,145,145,145,145,146,146,146,146,146,146,146,146,146,146,147,147,147,147,147,147,146,145,125,108,108,105,105,90,90,82,72,72,95,103,113,117,146,146,146,146,145,145,145,145,145,145,145,145,145,145,145,145,145,145,145,145,145,145,145,145,145,145,147,148,148,148,148,147,147,147,147,147,147,146,146,146,146,146,146,145,145,145,145,144,144,145,145,150,150,147,102,115,101,103,101,102,102,103,109,129,109,108,148,143,143,105,105,106,107,107,108,107,109,108,108,108,108,109,142,145,146,146,144,144,107,111,111,111,113,112,112,113,118,118,118,117,118,117,116,114,113,114,116,117,117,113,106,82,86,93,107,107,106,106,114,114,112,109,110,109,110,109,110,109,105,104,104,105,105,105,102,102,104,101,78,83,107
142,143,143,143,143,143,143,143,143,143,143,143,143,143,143,144,143,144,144,144,144,144,144,144,145,145,145,145,145,146,146,146,146,146,146,146,146,146,147,147,147,147,147,147,142,99,99,104,105,98,90,88,67,67,67,103,109,110,113,145,146,146,145,145,145,145,145,145,145,145,145,145,145,145,145,145,145,145,145,145,145,145,145,145,145,147,147,148,147,147,147,147,147,146,146,146,146,146,146,146,146,145,145,145,145,144,144,144,144,144,107,102,101,101,102,102,102,101,102,102,129,129,129,108,108,150,107,104,104,105,105,107,107,108,107,108,107,110,109,110,142,145,145,146,111,109,107,105,107,111,112,113,112,112,113,118,118,117,115,116,116,117,115,114,115,147,147,147,142,142,104,81,86,107,107,105,105,114,114,110,108,107,107,108,108,108,108,104,104,102,104,105,103,102,102,102,102,102,107,111
142,142,142,142,142,142,142,142,143,142,143,143,143,143,143,143,143,143,143,144,144,144,144,144,145,145,145,145,145,145,145,146,146,146,146,146,146,146,146,147,147,147,147,146,100,90,92,85,104,94,90,85,67,67,74,96,103,91,91,117,145,145,145,145,145,145,145,145,145,145,145,145,145,145,145,145,145,145,145,145,145,145,145,145,146,147,147,147,147,147,147,146,146,146,146,146,146,146,146,146,145,145,145,144,144,144,144,143,143,108,102,101,100,102,103,103,103,102,103,135,157,150,150,104,103,107,103,103,103,105,105,106,106,107,107,109,110,147,153,154,145,127,108,108,108,107,105,104,107,109,112,112,112,112,112,115,115,114,114,116,142,149,149,150,150,150,147,147,147,147,140,75,75,106,106,104,105,109,109,108,106,105,80,106,106,104,107,104,107,102,102,102,103,106,106,107,104,104,110,112
142,142,142,142,142,142,142,142,142,142,142,142,143,143,143,143,143,143,143,143,143,144,144,144,144,144,144,144,145,145,145,145,145,146,146,146,146,146,146,146,146,146,146,146,100,90,91,85,89,88,88,61,61,67,70,70,72,73,79,91,145,145,145,145,145,145,145,145,145,145,145,145,145,145,145,145,145,145,145,145,146,147,146,146,146,147,147,147,147,146,146,145,145,145,146,145,145,145,145,145,145,145,144,144,143,143,143,143,143,107,102,102,101,102,136,136,145,124,143,135,157,135,104,102,102,105,101,102,101,104,105,105,105,108,152,152,147,147,153,149,109,107,107,108,109,109,104,104,105,109,112,112,112,112,112,115,113,114,114,157,157,157,154,150,147,112,106,89,139,140,139,57,57,104,104,104,104,106,107,107,105,80,75,104,106,104,108,112,113,112,107,107,107,108,108,108,102,102,101,101
142,142,142,142,142,142,142,142,142,142,142,142,142,142,142,142,142,143,143,143,143,143,143,143,144,144,144,144,144,145,145,145,145,145,145,145,145,145,146,146,146,146,146,145,100,91,91,85,89,92,87,65,65,67,70,67,60,72,83,87,145,145,145,145,145,145,145,145,145,145,145,145,145,145,145,145,145,145,145,145,146,146,146,146,146,146,146,146,146,146,145,145,145,145,145,145,145,145,145,145,145,144,144,143,143,143,143,143,142,107,104,102,102,149,147,136,136,124,124,115,135,104,104,104,102,106,101,102,101,104,105,118,106,153,152,152,110,108,109,108,107,105,105,105,108,108,104,103,104,108,111,111,111,112,112,124,150,150,150,157,157,149,136,101,87,85,83,81,82,83,82,51,51,104,104,104,104,102,102,105,105,105,80,106,109,108,111,112,114,113,107,106,106,108,106,100,99,98,99,100
142,142,142,141,141,142,142,142,142,142,142,142,142,142,142,142,142,142,142,142,143,143,143,143,143,143,144,144,144,144,144,144,145,144,144,144,145,145,145,145,145,145,145,143,100,97,97,91,89,89,87,65,65,65,75,67,67,72,83,87,145,145,145,145,145,145,145,145,145,145,145,145,145,145,145,145,145,145,145,146,146,146,146,146,146,146,146,146,145,145,145,145,145,145,145,145,145,145,145,145,144,144,143,143,143,143,143,142,142,107,104,140,151,157,149,147,105,107,104,103,103,104,104,104,103,109,131,131,103,148,148,151,144,105,105,106,106,106,107,107,106,105,105,105,107,107,104,103,109,112,112,112,116,151,151,151,150,150,147,106,82,91,91,87,86,83,81,80,82,82,79,57,57,100,104,104,106,106,102,108,109,110,109,112,112,111,111,108,112,109,106,99,98,99,99,98,98,98,98,99
141,141,141,141,141,141,141,141,141,141,141,141,141,141,142,142,142,142,142,142,142,142,142,143,143,143,143,143,143,144,144,144,144,144,144,144,144,144,144,144,144,145,144,143,100,99,97,91,89,89,85,82,75,72,78,72,68,68,84,89,145,145,145,145,145,145,145,145,145,145,146,146,145,145,145,146,146,146,146,146,146,146,146,146,146,146,146,145,145,145,145,145,145,145,145,145,145,144,144,144,144,144,143,143,143,143,142,142,142,142,107,140,145,145,145,103,104,104,104,103,103,104,104,104,105,137,143,143,148,148,148,144,104,103,103,105,105,105,106,106,105,104,104,103,105,106,108,116,119,143,149,149,149,151,151,120,98,83,83,82,81,81,86,86,86,82,78,78,82,82,77,73,74,104,110,110,110,109,109,112,111,110,109,110,111,102,93,90,90,96,96,96,96,98,99,99,99,98,98,98
141,141,141,141,141,141,141,141,141,141,141,141,141,141,141,142,142,142,142,142,142,142,142,142,143,143,143,143,143,143,143,143,143,144,144,144,144,144,144,144,144,144,144,142,101,98,97,89,80,84,84,82,79,75,75,72,68,68,84,89,145,145,145,145,145,147,155,151,146,146,146,146,145,145,145,146,146,146,146,146,146,146,146,146,146,146,146,145,145,145,145,144,144,145,145,145,144,144,144,144,143,143,143,143,143,143,142,142,142,142,102,100,100,101,102,102,104,104,104,103,103,118,148,118,137,137,137,131,102,110,112,111,103,103,103,105,103,104,104,105,105,104,104,103,107,108,152,152,152,157,149,149,113,111,98,81,81,81,81,81,79,79,82,82,82,82,77,77,82,82,77,74,100,112,113,110,109,109,110,112,111,107,102,98,97,94,93,90,90,94,95,96,98,99,99,100,99,98,98,98
141,141,141,141,141,141,141,141,141,141,141,140,141,140,141,141,141,141,141,142,142,142,142,142,142,142,142,142,142,143,143,143,143,143,143,143,143,143,143,143,143,144,144,121,101,99,98,83,79,82,83,83,83,75,75,72,60,60,85,89,144,145,145,145,152,154,155,155,149,145,145,146,146,145,145,146,146,146,146,146,146,146,146,146,146,146,146,145,145,145,144,144,145,145,145,145,144,144,144,144,143,143,143,142,143,142,142,142,142,104,102,100,100,101,103,103,104,104,104,106,147,147,147,118,104,138,125,101,101,101,110,110,104,103,103,104,102,104,104,104,105,125,148,153,153,152,152,152,152,109,106,107,108,107,80,80,80,80,79,78,78,78,81,82,82,81,77,77,78,84,78,90,100,108,112,108,104,104,103,99,98,96,96,96,96,95,94,94,94,97,96,97,98,99,100,100,100,97,97,98
140,140,140,140,140,140,140,140,140,140,140,140,140,140,140,140,141,141,141,141,141,141,142,142,142,142,142,142,142,142,142,142,142,142,142,142,142,142,142,143,143,143,143,99,99,101,101,83,77,79,80,80,76,72,72,72,56,56,86,87,87,145,146,153,154,154,154,153,146,145,145,145,146,145,146,146,146,146,146,146,146,152,152,151,149,146,146,145,145,145,144,144,145,145,145,144,144,143,143,143,143,143,143,142,143,143,143,144,143,104,102,100,101,103,103,103,150,145,150,145,147,116,116,102,101,104,102,101,100,102,109,109,104,103,103,104,112,104,105,152,149,149,152,153,153,132,105,103,103,103,100,103,107,107,80,80,80,80,79,78,77,78,82,82,82,82,96,77,78,104,87,90,90,100,103,94,94,97,98,98,78,74,96,96,96,96,96,95,97,99,98,98,98,99,101,101,99,97,97,97
139,140,140,140,140,140,140,140,140,140,140,140,140,140,140,140,140,140,141,141,141,141,141,141,141,141,141,142,142,142,141,141,141,141,142,142,142,142,142,142,142,143,142,96,96,101,101,88,75,83,83,83,76,66,66,66,56,56,86,86,86,146,153,154,154,154,153,153,147,145,146,146,147,147,147,147,146,146,146,147,153,154,154,153,152,151,149,146,145,145,145,144,145,144,144,144,143,143,143,144,143,143,143,143,143,143,144,145,144,105,103,103,103,105,105,140,150,150,150,145,124,111,111,101,101,102,102,101,99,101,108,109,104,104,104,130,154,158,158,153,149,149,149,103,103,99,102,100,100,103,100,104,106,106,81,80,80,80,79,77,77,83,102,102,96,103,106,103,104,112,104,94,87,94,93,93,93,94,98,98,97,97,96,96,96,96,96,97,97,99,99,98,98,98,100,100,99,97,97,97
139,139,139,139,139,139,139,139,139,139,139,140,140,140,140,140,140,140,140,140,140,140,141,141,141,141,141,141,141,141,141,141,141,141,140,141,141,141,141,142,142,142,142,98,98,98,98,88,69,83,83,84,81,65,65,65,58,58,86,86,86,149,155,156,155,154,153,153,151,149,148,148,148,148,149,150,150,147,150,153,156,156,156,155,154,153,151,149,147,147,146,145,145,145,144,144,143,143,143,144,144,144,143,143,145,145,146,145,145,144,105,105,112,112,139,139,139,119,106,104,108,111,111,102,102,102,102,101,99,102,109,111,111,153,153,153,154,158,152,109,106,106,103,100,99,97,99,99,100,100,100,104,106,106,81,76,81,81,82,83,83,116,116,116,148,148,148,114,114,113,104,92,79,94,94,94,94,98,101,98,97,97,97,97,96,96,96,97,97,98,98,98,98,98,98,98,97,96,96,96
139,139,139,139,139,139,139,139,139,139,139,139,139,139,139,139,139,139,140,140,140,140,140,140,140,140,140,140,140,140,140,141,140,140,140,140,140,141,141,141,141,142,142,104,101,101,98,90,68,84,84,86,86,66,66,66,62,62,87,87,87,153,155,155,155,153,153,152,151,150,149,149,149,150,152,151,151,151,153,154,156,157,157,156,156,155,153,151,150,148,147,147,146,146,146,146,146,146,147,147,146,146,146,146,146,146,146,145,145,145,147,112,112,112,139,137,119,106,105,104,105,111,111,102,102,102,114,125,101,134,155,155,157,153,147,147,143,103,103,103,106,106,101,100,99,97,99,99,100,100,100,104,106,106,95,78,82,96,96,124,162,163,158,158,148,148,148,113,114,113,103,89,92,94,94,94,96,100,101,101,97,96,96,96,96,96,96,97,97,98,98,95,95,97,98,97,97,95,95,95
138,138,138,138,138,138,139,139,139,139,139,139,139,139,139,139,139,139,139,139,140,139,139,139,139,140,140,140,140,140,140,140,140,140,140,140,140,140,141,141,141,141,141,115,104,104,101,90,67,83,83,89,89,71,71,71,62,62,88,88,88,153,154,154,153,153,153,152,152,151,151,150,151,153,153,152,152,153,154,155,157,158,157,157,156,155,153,152,151,150,150,149,149,149,149,149,148,148,148,148,147,147,147,146,146,146,145,144,144,144,147,107,106,105,106,107,107,106,105,105,105,105,107,103,103,125,129,148,155,148,155,134,119,108,108,108,101,101,101,103,106,106,101,100,100,97,100,100,100,102,100,106,109,109,109,151,160,161,160,161,162,163,158,144,144,144,144,102,113,103,83,82,89,94,95,94,96,100,101,101,98,96,96,95,95,96,96,96,96,97,95,95,95,95,96,96,95,95,95,95
137,138,138,138,138,138,138,138,138,138,138,138,138,138,138,138,138,139,139,139,138,138,138,138,138,139,138,139,139,139,139,139,140,140,140,140,140,140,140,141,141,141,141,115,113,104,101,92,68,78,78,89,89,74,74,74,63,63,88,88,88,153,153,152,152,152,152,153,153,152,151,151,153,153,153,153,153,153,154,156,158,158,158,157,156,154,153,152,151,150,150,150,150,151,150,149,149,149,148,147,147,147,147,146,146,145,145,143,142,140,105,105,105,105,106,106,107,106,105,105,105,105,110,112,152,148,148,148,148,101,100,100,103,106,106,104,100,100,101,103,106,106,104,100,100,97,100,102,103,104,116,125,154,160,160,160,160,161,160,116,107,117,117,108,108,106,102,100,100,94,67,67,82,94,95,94,94,99,100,100,99,97,96,95,95,96,96,96,95,95,95,93,92,93,95,95,95,93,93,93
137,138,138,138,137,137,137,137,137,137,137,137,137,138,137,138,138,138,138,138,138,138,138,138,138,138,138,138,138,139,139,139,139,140,140,140,140,140,140,140,140,141,141,118,113,111,101,101,72,78,78,84,84,74,74,74,66,66,89,89,89,151,152,152,152,152,153,155,155,154,153,152,153,153,153,153,153,153,154,156,157,158,158,156,155,153,152,151,151,150,150,150,151,151,151,150,149,149,147,147,147,147,146,145,145,145,143,143,141,105,104,105,105,105,107,107,107,106,106,106,142,105,120,120,152,148,104,88,76,88,98,100,102,104,104,104,100,100,102,103,107,107,104,102,103,99,103,111,157,160,154,154,154,160,160,120,104,105,105,105,105,106,106,106,106,106,103,100,100,95,67,67,77,93,94,94,94,98,99,100,99,98,96,95,95,96,95,94,94,95,93,89,89,89,92,92,72,72,95,96
137,137,137,137,137,137,137,137,137,137,137,137,137,137,137,137,137,138,138,138,138,138,138,138,138,138,138,138,138,138,139,139,139,139,140,140,140,140,140,140,140,140,140,125,101,114,101,108,72,82,78,82,80,78,78,62,75,75,89,89,89,151,151,152,152,152,156,156,156,155,154,154,153,154,155,153,153,153,155,156,156,157,156,156,154,152,151,151,150,150,150,151,151,151,151,150,149,148,147,147,147,146,145,145,145,145,144,143,141,106,104,104,105,105,133,133,133,110,142,142,142,110,120,98,104,102,88,76,76,76,98,100,102,103,104,102,101,101,102,103,107,109,109,155,155,155,149,149,157,160,154,154,104,104,100,77,92,103,104,105,104,106,106,106,106,106,103,100,100,90,77,67,71,93,93,93,94,97,98,98,98,97,96,95,95,95,92,92,92,93,65,65,71,93,93,92,72,72,110,115
137,137,137,137,136,137,137,137,136,137,136,136,136,137,137,137,137,137,137,137,137,137,137,137,137,137,138,138,138,138,138,138,138,139,140,140,140,139,140,140,140,140,140,125,100,123,100,108,69,85,76,82,79,78,78,55,77,77,90,90,90,151,151,151,152,152,155,156,156,155,156,155,155,155,155,153,151,150,155,156,156,156,156,155,153,152,151,151,150,150,150,150,146,146,150,149,149,147,146,146,146,143,144,145,145,144,144,143,143,106,104,104,107,138,143,143,143,149,106,106,110,104,98,80,81,81,80,76,76,78,98,101,102,103,103,102,102,102,102,120,163,162,159,157,156,156,149,106,105,107,104,104,100,100,77,71,74,103,104,104,103,104,104,104,104,104,101,100,96,90,77,60,60,92,93,93,93,97,98,98,97,96,95,94,93,89,89,92,95,95,65,65,105,110,110,110,108,111,115,115
136,136,136,136,136,137,137,136,136,136,136,136,136,136,136,137,137,137,137,137,137,137,137,137,137,137,137,137,137,137,138,138,138,138,139,139,139,139,139,139,139,140,139,125,98,125,98,110,65,87,75,81,76,71,71,54,88,88,90,90,91,151,151,151,151,152,155,156,156,156,156,156,156,156,154,152,150,149,150,155,156,156,155,153,153,152,151,150,150,150,150,145,143,144,147,148,148,146,143,142,142,143,144,144,144,144,144,143,143,143,143,143,138,138,143,143,143,105,99,94,104,103,80,79,81,81,76,76,76,79,98,102,103,105,104,107,129,162,162,163,163,161,157,156,105,105,105,104,103,104,103,100,96,96,71,71,71,103,103,103,103,106,104,103,103,103,100,97,92,90,82,60,60,92,93,92,93,96,96,93,93,95,95,94,94,89,89,117,117,117,115,111,112,111,112,110,110,111,111,115
136,136,136,136,136,136,136,136,136,136,135,136,136,136,136,136,136,136,136,136,137,137,137,137,137,137,137,137,137,137,137,138,138,138,138,138,139,139,139,139,139,139,139,125,98,125,98,113,59,93,68,83,71,71,71,55,88,88,90,92,100,150,151,151,151,151,154,156,156,156,156,156,156,155,154,151,150,148,147,148,151,152,152,153,151,151,150,150,150,150,146,143,143,144,146,147,146,142,142,142,142,144,144,144,144,144,143,143,142,142,143,143,108,101,129,129,105,99,80,80,103,103,79,79,81,81,92,79,79,90,102,120,126,163,163,129,129,162,162,119,106,112,103,103,102,104,104,104,104,103,103,96,94,94,71,70,79,103,103,102,101,106,104,103,103,103,97,113,96,99,82,60,60,69,91,91,96,99,96,93,93,113,114,117,117,117,117,117,117,117,115,112,112,108,110,108,108,104,96,67
136,135,135,135,135,135,135,135,135,135,135,135,135,136,136,136,136,136,136,136,136,136,136,136,137,137,136,136,136,137,137,137,137,138,138,138,138,138,138,138,138,139,138,122,98,125,98,122,61,113,67,81,68,70,67,54,88,88,90,92,106,149,151,151,151,151,153,156,156,156,156,155,155,154,152,151,149,148,147,147,147,148,150,151,150,150,150,150,149,143,143,143,143,144,146,146,143,142,142,142,144,144,144,144,143,143,142,142,141,141,103,99,101,98,101,105,105,99,80,80,103,103,86,80,102,102,106,113,116,158,158,126,126,163,163,105,101,102,102,102,102,102,102,102,102,103,104,103,103,103,101,96,95,94,79,75,80,96,103,103,105,106,106,115,138,143,160,158,113,112,93,69,65,71,93,114,115,114,113,113,114,116,114,117,118,118,117,114,114,111,111,106,75,68,68,66,66,65,64,64
135,135,135,135,135,135,135,134,134,134,134,135,135,135,135,135,135,135,135,135,135,136,136,136,134,128,128,128,128,130,131,132,132,131,131,130,128,137,138,138,138,138,120,118,99,122,99,124,62,124,68,82,65,66,66,66,71,87,92,92,106,145,150,151,151,151,153,153,156,155,155,155,155,154,151,150,148,147,147,147,147,147,147,148,147,145,142,142,142,142,142,142,143,144,145,145,145,143,144,144,144,144,144,143,142,142,142,141,141,104,99,99,101,101,101,102,102,97,90,90,103,103,106,107,120,120,121,116,121,158,158,102,101,101,101,101,100,101,101,101,101,101,102,101,102,103,104,104,103,101,101,95,94,94,94,80,96,105,106,106,110,155,158,158,158,160,160,158,109,112,93,99,69,100,111,114,115,114,115,114,114,113,113,111,111,111,85,67,67,67,66,65,65,65,65,64,63,63,63,64
134,134,135,135,134,134,134,134,134,134,134,134,134,134,135,135,135,135,135,135,135,135,135,134,128,128,128,130,128,130,130,130,131,130,131,128,124,124,137,137,138,137,118,116,99,116,99,125,64,125,69,82,65,57,57,66,71,85,91,87,97,141,146,151,151,151,153,153,153,154,155,155,155,151,150,142,141,141,142,144,146,146,146,146,142,142,142,142,142,142,142,142,144,144,145,145,145,144,144,144,144,144,143,142,142,141,141,141,140,104,97,97,101,101,101,102,102,98,97,102,137,106,113,113,120,120,121,113,98,98,98,98,74,74,99,99,99,100,100,100,100,100,101,99,101,102,103,103,103,101,101,101,104,104,101,99,150,152,152,159,160,158,158,158,158,153,109,104,95,103,87,99,99,110,113,114,114,110,110,105,72,71,70,75,75,71,71,66,66,66,65,60,65,65,65,64,62,63,63,63
134,134,134,134,133,134,134,134,134,134,134,134,134,134,134,134,134,134,134,134,134,135,134,134,129,129,129,129,119,119,130,130,131,130,131,112,119,121,136,137,137,137,118,115,100,115,100,125,66,129,73,86,73,66,66,69,71,84,92,84,97,140,141,145,151,151,152,153,153,153,153,154,144,141,140,140,140,141,141,143,145,146,145,142,141,142,144,144,144,144,144,144,145,144,144,144,144,144,144,144,144,143,142,142,141,141,141,140,139,109,97,97,106,106,116,116,134,102,137,107,137,102,113,98,98,97,97,97,97,96,97,97,72,72,98,99,99,100,100,100,100,99,99,99,101,103,104,106,149,149,155,160,160,159,157,155,150,152,152,159,159,111,101,95,95,95,95,93,87,87,84,91,70,92,93,93,93,69,68,68,67,68,68,69,70,70,68,66,66,66,66,62,65,64,64,63,62,62,62,62
134,134,133,133,133,133,133,134,133,133,133,133,134,134,134,134,134,134,134,134,134,134,134,134,131,129,129,129,111,70,71,72,73,73,73,109,112,120,136,136,136,136,117,109,99,109,99,125,64,127,77,98,77,86,64,70,71,76,93,74,97,140,141,144,146,148,143,143,143,143,142,142,139,139,140,140,140,141,142,144,144,144,143,142,141,144,145,146,146,145,145,145,145,144,144,144,144,143,143,143,142,142,141,141,141,140,140,139,139,138,109,107,107,113,117,116,117,102,107,96,103,95,97,96,96,96,96,96,96,96,96,96,83,83,98,98,98,100,100,99,99,98,101,146,146,146,159,159,159,157,160,160,160,159,155,119,103,102,94,94,94,94,95,94,95,93,94,92,87,87,87,70,65,91,93,93,72,68,68,66,66,68,69,69,69,70,69,66,65,65,62,62,62,64,64,62,62,62,62,61
133,133,133,133,132,132,133,133,133,133,133,132,132,134,134,134,134,134,134,134,134,134,134,133,133,132,130,124,98,69,69,70,72,70,59,67,111,122,136,136,136,136,116,104,99,104,100,119,63,126,79,102,79,98,66,76,76,76,93,70,96,140,144,146,146,143,142,141,140,140,140,139,139,139,140,141,141,142,144,144,144,144,143,143,144,145,145,146,146,145,145,145,145,144,144,144,144,143,143,142,142,141,141,140,140,140,139,139,139,139,109,104,107,113,117,113,104,98,96,72,73,94,97,96,96,95,96,96,96,96,96,96,86,86,98,98,101,105,105,102,102,163,163,162,160,159,159,159,159,157,110,104,104,104,99,94,94,94,93,93,92,93,94,94,95,93,94,92,93,103,103,59,59,92,93,93,92,68,68,66,66,66,67,68,68,69,65,64,63,63,62,61,61,61,62,62,62,62,62,62
132,132,132,132,132,132,132,132,132,132,132,132,132,132,132,133,133,134,134,133,133,134,133,133,133,133,132,130,123,95,71,70,71,72,67,67,111,122,136,136,136,136,116,88,88,102,99,108,63,121,83,107,83,97,66,81,81,81,94,70,97,140,144,146,146,140,140,140,140,139,139,139,139,141,146,150,152,150,150,147,144,144,144,144,144,144,145,144,144,144,144,143,144,143,144,143,143,143,143,142,142,141,140,140,140,139,139,138,138,138,104,103,102,102,102,101,98,98,72,72,73,94,97,96,96,95,95,94,96,96,98,98,98,102,102,119,163,163,163,120,120,163,163,160,110,110,106,106,103,102,100,100,100,100,95,94,94,93,93,92,92,93,95,94,95,93,93,91,93,103,103,59,59,93,94,93,92,68,67,66,65,65,65,64,63,63,63,63,62,62,61,61,61,61,61,61,61,61,61,61
131,132,132,132,132,131,132,132,132,132,132,132,132,132,132,132,133,133,133,133,133,133,133,133,133,133,133,132,129,117,89,70,70,70,68,68,111,126,136,136,136,136,117,88,88,98,98,98,74,114,83,117,83,86,66,81,84,84,96,75,96,139,139,139,139,139,139,139,139,139,139,139,140,141,150,152,152,151,151,149,145,144,144,144,144,144,143,144,143,143,143,143,143,143,143,143,143,143,142,141,141,140,140,140,139,139,138,138,138,104,98,99,100,101,101,100,98,96,72,71,72,94,97,95,96,95,96,96,124,124,124,158,163,143,120,120,163,163,163,120,103,103,100,100,100,100,101,103,103,102,100,100,100,100,99,95,95,95,93,92,92,93,93,93,93,93,91,90,90,96,96,59,59,93,93,92,92,69,67,66,65,64,63,62,62,62,62,62,62,62,62,61,61,61,62,61,62,61,61,61
131,131,131,131,132,131,132,132,132,132,132,132,132,132,132,133,133,133,133,133,133,133,133,134,135,136,134,132,131,128,117,86,71,70,68,68,111,129,136,136,136,136,118,80,80,90,90,90,75,109,87,121,87,46,46,77,89,89,96,77,98,138,138,138,139,139,139,139,139,139,139,139,141,146,150,152,152,151,150,148,145,143,143,143,143,143,143,143,142,142,142,142,142,142,142,142,142,141,141,141,140,140,139,139,139,138,138,138,138,99,97,98,98,100,100,99,98,94,93,72,109,109,110,97,150,150,162,160,158,124,124,158,163,143,120,104,97,101,102,102,102,101,100,98,96,98,101,106,106,104,101,101,104,104,100,95,95,94,95,93,93,93,92,92,92,91,91,90,91,93,89,62,62,92,92,92,92,71,69,71,65,64,63,62,62,63,63,63,62,62,62,61,61,61,63,63,63,62,61,60
131,131,131,131,131,132,132,132,132,132,132,132,132,132,132,133,133,133,133,133,133,133,134,134,135,136,136,134,132,130,128,119,89,70,68,68,112,129,136,136,136,135,118,74,74,84,84,84,75,104,89,121,89,46,46,77,90,90,95,75,96,138,138,138,139,139,139,140,140,140,140,144,146,149,151,152,151,151,149,146,143,142,142,142,142,143,143,142,142,142,142,142,142,141,141,141,141,141,140,140,140,140,139,139,138,138,138,138,137,99,97,98,98,98,100,99,99,96,96,151,157,157,162,114,150,150,162,160,105,97,95,97,97,97,95,95,95,97,101,102,102,101,102,100,101,100,104,106,106,106,104,106,105,105,100,95,94,94,94,95,93,93,92,92,92,92,91,91,93,97,89,62,62,92,92,92,91,71,69,71,69,64,63,62,62,64,64,64,64,65,64,62,63,64,64,64,63,61,61,61
131,131,131,131,131,132,132,131,131,132,132,132,132,132,132,133,133,133,133,133,133,134,134,135,136,136,137,135,133,132,130,128,120,91,70,70,112,132,135,136,136,135,115,72,72,77,77,77,75,91,98,116,98,60,60,78,90,90,93,68,95,138,145,145,145,145,145,145,149,149,149,148,149,149,151,151,151,151,146,143,142,142,142,142,142,142,142,142,142,142,141,141,141,141,141,141,141,140,140,140,139,139,139,138,138,138,137,137,137,99,97,99,100,100,108,155,160,108,108,151,157,157,114,112,109,106,106,97,96,95,95,95,95,95,95,93,95,97,99,100,100,98,102,97,102,99,103,105,105,106,104,106,102,104,103,97,94,94,96,97,137,137,104,104,108,157,157,157,153,150,93,55,55,91,92,92,90,71,69,70,69,68,64,64,64,65,64,65,65,65,65,65,64,64,63,62,61,55,55,54
131,131,131,131,131,132,132,132,132,132,132,132,132,132,132,133,133,133,133,134,135,135,135,136,137,136,137,136,137,134,133,132,131,124,96,112,112,133,136,136,136,135,115,65,65,69,74,74,74,83,102,114,104,102,62,90,90,90,90,67,95,144,147,147,147,146,145,149,150,150,149,148,148,148,149,151,151,146,143,141,141,141,141,141,141,141,141,141,141,141,141,141,141,141,141,140,140,140,140,140,139,139,138,138,138,137,137,137,137,137,113,118,113,108,108,155,160,108,107,96,107,107,109,109,105,105,97,96,95,95,94,94,95,95,94,93,94,96,98,98,98,97,98,97,102,99,104,106,106,107,107,107,104,106,104,104,104,163,165,164,162,162,157,157,157,157,157,139,139,139,103,55,55,90,91,92,90,70,69,70,69,68,65,65,64,64,64,64,64,65,64,64,64,61,61,61,61,60,60,62
131,131,132,132,132,132,132,132,133,133,133,133,133,133,133,133,133,134,134,134,135,136,137,137,140,137,137,136,137,136,134,134,134,132,127,113,114,137,138,140,141,137,115,63,63,63,74,68,68,78,102,107,107,102,62,95,88,88,88,56,93,145,146,146,145,145,145,148,149,148,148,147,147,147,148,148,140,139,139,139,141,141,141,141,141,141,141,141,141,141,141,141,140,140,140,140,139,139,139,139,139,138,138,138,137,137,137,137,136,137,113,118,113,99,103,103,104,106,103,96,96,96,107,109,109,109,97,95,95,95,94,94,95,95,94,93,94,96,99,98,98,97,102,102,103,121,128,141,128,141,158,163,156,156,156,152,159,163,165,164,162,162,157,157,98,94,94,92,98,86,83,54,54,87,90,92,90,70,66,70,65,65,64,63,57,61,63,65,65,66,66,66,64,61,61,61,89,112,114,114
132,132,133,133,133,133,133,133,133,133,133,133,133,133,135,135,135,135,134,135,135,136,137,137,140,137,134,133,137,137,138,137,137,135,134,127,132,138,140,141,141,141,111,68,68,72,88,73,74,78,92,107,107,101,60,93,77,77,77,56,92,142,145,145,144,144,144,146,147,141,138,138,139,139,139,139,139,138,138,139,139,140,140,140,140,140,140,140,140,140,140,140,140,140,140,139,139,139,139,139,138,138,138,137,137,137,136,136,136,136,99,98,96,96,100,100,103,103,103,96,96,96,105,111,111,110,97,95,95,95,94,94,95,95,95,94,95,124,157,155,103,103,153,153,151,151,153,158,141,158,162,163,159,156,156,152,102,102,113,113,106,100,99,96,93,93,92,92,93,86,79,57,57,63,87,89,89,89,70,71,71,65,65,64,57,61,95,112,114,115,114,113,113,115,116,116,116,114,114,114
131,132,133,133,133,133,133,133,133,133,134,134,134,136,136,136,136,135,134,134,134,135,137,137,139,137,117,116,133,137,138,138,137,137,135,134,135,138,140,141,141,141,111,75,75,77,111,73,86,76,92,109,109,55,55,70,70,68,68,61,92,142,143,143,144,144,144,144,139,138,138,138,137,138,138,138,138,138,138,139,139,139,139,140,140,140,140,140,140,140,140,140,140,140,139,139,139,139,139,138,138,138,137,137,136,136,136,136,135,99,98,96,96,96,101,100,103,102,99,96,96,96,105,108,111,110,97,97,97,97,99,97,103,103,133,163,163,163,159,157,123,113,153,153,151,149,149,149,108,108,158,156,106,99,97,94,94,93,93,93,95,99,95,94,93,93,93,93,95,95,88,78,87,87,87,89,94,113,116,116,119,119,116,115,115,112,112,112,116,116,114,113,113,115,116,117,116,112,108,108
131,132,132,132,132,132,132,133,133,133,134,134,134,136,136,136,136,135,134,133,133,133,133,137,138,138,86,84,113,133,137,137,137,137,137,135,136,139,143,143,141,140,111,77,77,80,114,76,92,76,92,109,109,55,55,69,69,68,68,69,96,142,143,144,145,146,145,144,139,138,138,137,137,138,138,138,138,138,138,139,139,139,139,139,140,139,139,139,139,139,140,140,139,139,139,139,139,139,138,138,137,137,136,136,136,136,136,135,135,100,98,96,96,96,101,100,102,99,99,96,105,105,108,111,111,111,111,157,164,164,163,157,109,109,133,163,163,160,157,123,113,109,109,105,96,68,102,104,104,106,107,106,101,97,97,94,94,94,93,98,98,103,96,96,94,94,94,94,95,95,92,88,107,109,109,113,118,118,119,119,119,119,118,116,115,115,112,112,114,114,112,107,109,107,115,115,113,103,96,84
131,131,131,131,131,131,131,132,132,132,132,132,134,134,135,135,135,133,133,133,133,133,133,135,139,139,84,67,84,112,131,135,137,138,138,136,137,140,142,143,140,139,112,77,77,80,117,76,101,74,101,108,108,59,59,70,66,77,77,77,96,144,146,147,146,147,146,146,143,141,141,140,140,140,140,140,139,139,139,139,139,139,139,139,139,138,138,138,138,138,138,138,138,138,138,138,138,138,138,137,137,136,136,136,136,135,135,135,134,103,98,96,100,100,102,102,108,99,111,149,160,160,111,107,152,152,157,157,164,164,163,104,104,104,104,103,104,104,105,103,101,101,104,104,74,68,74,104,104,104,106,103,102,100,97,97,99,99,98,99,101,103,101,100,100,98,98,97,97,96,96,111,109,111,109,113,118,116,119,119,118,118,117,115,112,112,98,89,89,93,94,94,95,97,102,102,100,93,84,75
130,130,130,130,130,130,131,131,131,131,131,132,132,133,133,133,133,133,133,134,134,134,134,135,140,139,84,67,84,93,109,122,134,137,138,137,138,140,141,139,139,138,114,72,72,76,117,75,109,72,109,102,102,98,59,93,60,87,87,87,96,146,147,147,147,147,147,146,145,143,141,141,141,141,141,140,139,139,139,139,139,139,139,138,138,138,138,138,138,138,138,138,138,138,137,137,137,137,137,137,136,136,136,135,135,135,134,134,134,134,126,126,148,152,102,97,102,97,111,149,160,160,146,107,107,133,133,98,98,100,100,100,98,98,100,101,101,102,103,102,100,100,104,104,74,74,74,104,104,104,104,103,103,101,101,99,99,99,98,99,101,104,103,103,101,100,98,98,98,117,107,112,107,109,91,90,91,90,91,91,113,113,107,89,89,89,83,83,83,90,90,90,91,93,93,93,93,92,93,84
129,129,129,129,130,130,130,130,131,131,131,131,131,132,132,132,132,133,133,133,134,134,134,138,144,139,102,67,93,63,96,109,122,132,136,136,138,138,139,137,137,137,112,72,72,72,117,70,113,70,109,98,98,98,58,93,58,91,94,94,96,146,146,146,146,147,145,144,143,142,141,140,140,140,140,139,139,139,139,139,139,139,138,138,138,138,138,138,138,138,138,137,137,137,137,137,137,136,136,136,136,135,135,135,134,134,134,134,134,134,148,148,150,152,104,56,56,56,56,62,89,89,91,93,99,102,99,98,97,98,100,100,96,96,99,101,101,102,102,101,100,99,101,100,79,74,74,102,104,104,103,103,101,101,101,99,100,99,98,98,98,103,100,102,102,102,99,98,107,119,113,113,94,94,91,90,91,90,90,90,91,91,90,89,89,89,83,89,90,91,91,93,93,92,92,92,93,92,93,93
127,127,125,124,130,130,130,130,131,131,131,131,131,131,131,132,132,132,132,132,133,133,134,139,144,139,117,67,102,61,109,66,119,118,135,117,135,135,137,137,137,136,87,72,72,76,101,73,114,69,109,97,97,88,58,91,59,93,94,94,97,143,145,144,144,144,143,142,141,141,141,140,140,140,139,139,139,139,138,138,138,138,138,138,138,138,138,138,138,138,137,137,137,136,136,136,136,136,136,136,135,135,135,134,134,134,134,133,134,155,155,148,138,133,104,56,56,56,56,62,89,130,93,93,97,102,99,99,99,99,102,102,97,97,99,100,100,101,101,101,99,98,98,97,79,73,73,101,102,103,103,103,101,101,101,101,101,99,98,98,113,113,104,114,136,136,122,123,151,123,91,112,94,94,92,92,93,95,92,91,91,91,91,90,90,89,89,89,90,91,91,94,94,94,93,94,94,94,95,96
129,129,124,123,123,130,130,130,130,131,131,131,131,131,131,131,132,132,132,132,132,132,133,137,139,137,126,65,117,61,119,60,125,66,135,116,135,135,136,135,136,135,81,78,84,84,95,77,114,75,107,91,91,82,59,82,69,93,94,94,95,140,142,142,141,141,140,140,140,140,140,139,139,139,139,139,138,138,138,138,138,138,138,138,138,138,138,138,138,137,137,136,136,136,136,136,136,136,135,135,135,134,134,134,134,134,133,133,133,133,132,131,132,132,131,131,131,131,130,130,130,130,93,101,99,102,99,99,99,99,102,102,97,97,98,99,99,100,101,101,101,98,97,92,89,79,102,102,102,103,145,145,101,101,101,129,129,119,119,154,163,164,161,160,156,156,154,154,151,113,91,102,95,96,93,93,93,95,95,91,91,91,92,92,92,91,90,91,91,93,94,96,96,97,96,96,96,95,98,99
132,132,130,123,123,129,130,130,130,130,131,131,130,130,131,131,131,132,132,132,132,132,132,135,137,135,131,65,126,62,125,58,134,58,135,116,135,135,135,135,135,135,81,81,84,84,84,78,113,79,105,89,89,72,61,72,76,90,93,93,94,138,139,139,139,139,139,138,138,139,140,140,139,139,139,138,138,138,138,138,138,138,138,138,137,137,137,137,137,137,136,136,135,136,136,136,135,135,135,134,134,134,134,133,133,133,132,132,132,132,132,131,132,131,131,131,131,131,130,130,130,130,129,101,97,103,114,101,100,100,102,102,102,99,99,100,99,100,154,150,140,103,103,96,104,151,156,157,157,160,161,160,160,152,152,152,158,130,130,154,163,164,161,160,156,156,154,151,98,95,91,93,95,96,93,92,92,93,92,91,91,91,92,93,93,93,91,92,93,96,96,98,98,98,97,97,97,96,99,100
132,132,130,123,123,127,130,130,130,130,130,130,130,130,131,131,131,131,132,132,132,132,132,133,135,132,132,65,131,62,134,58,135,57,137,116,137,135,136,136,136,135,92,85,71,79,78,79,90,79,101,89,89,72,61,72,88,90,90,90,94,137,138,138,138,138,138,138,138,138,138,138,138,138,138,138,138,138,138,138,138,138,137,137,137,137,137,137,137,136,136,135,135,135,135,135,135,135,134,134,134,134,133,133,133,132,132,132,132,132,132,131,131,131,130,130,130,130,129,129,129,129,129,128,101,130,149,130,101,101,102,148,154,159,159,156,154,156,157,157,152,140,100,92,96,151,156,157,157,160,161,160,160,152,152,152,158,130,127,119,102,101,101,100,100,100,97,96,96,96,95,96,95,96,92,92,92,92,90,90,90,92,93,93,93,93,91,92,94,97,98,99,98,98,97,97,98,97,99,100
107,125,125,123,121,123,129,129,130,130,130,130,130,130,130,131,131,131,131,132,132,132,129,133,132,132,132,62,135,60,135,57,136,57,138,116,136,135,135,135,136,134,116,89,68,79,75,79,79,79,99,87,87,86,67,90,89,89,89,85,94,137,138,138,138,138,138,138,138,124,108,108,108,109,109,109,109,109,110,110,110,110,111,112,137,112,137,136,137,110,110,135,135,135,134,134,134,134,134,133,133,133,133,132,132,131,131,131,132,131,131,131,131,130,130,130,129,129,129,129,129,129,129,128,152,114,149,114,112,102,112,148,154,159,159,156,154,154,156,157,150,100,100,101,101,100,100,100,100,100,100,100,100,99,100,101,102,102,102,102,101,96,97,97,98,97,96,94,95,95,95,96,95,95,93,92,92,92,90,92,92,93,93,93,94,94,91,92,95,97,98,99,99,98,98,98,98,70,70,70
107,125,125,120,118,123,129,129,129,130,130,130,130,130,130,130,131,131,131,131,129,108,127,133,133,132,132,61,137,55,135,55,136,55,137,116,135,134,135,134,135,134,119,91,63,82,68,75,75,74,87,86,86,88,67,91,89,89,89,74,94,137,137,137,137,136,138,139,139,107,106,106,108,109,109,109,109,109,109,109,110,110,111,112,114,112,115,115,115,110,110,110,134,134,134,134,134,134,133,133,133,132,132,131,131,131,131,131,131,130,131,129,129,129,129,129,129,128,128,128,128,128,128,128,104,104,97,102,102,102,100,97,97,97,99,99,100,99,99,99,99,95,95,95,100,99,99,99,99,99,99,99,100,99,99,99,101,102,102,102,101,99,99,100,100,97,96,94,95,96,96,97,94,94,94,94,93,93,92,93,94,95,94,94,94,94,91,95,97,98,98,98,98,97,97,97,70,69,69,70
81,130,130,128,118,123,129,129,129,129,130,130,130,130,130,130,131,131,131,131,111,104,111,134,135,132,132,61,135,55,135,55,137,54,137,116,135,134,134,134,134,134,119,102,67,91,68,74,74,75,75,75,86,88,77,91,90,90,92,66,94,136,137,137,137,136,139,143,141,133,108,108,109,109,111,111,111,110,110,112,113,115,115,116,119,115,115,112,111,111,111,128,134,134,134,134,133,133,132,132,132,131,131,131,131,131,131,130,130,130,131,129,129,129,129,128,128,128,128,128,127,127,127,104,95,96,96,97,93,92,92,92,95,97,97,97,98,98,99,98,97,95,96,101,101,99,99,99,99,99,99,99,99,98,99,98,99,103,103,102,101,99,99,100,100,97,96,94,93,95,95,97,94,94,94,94,93,94,93,94,94,95,95,94,94,95,95,97,99,98,97,96,71,68,68,69,69,67,67,70
64,140,140,128,123,123,129,129,129,129,129,130,130,130,130,130,131,131,131,130,111,109,111,135,135,134,134,90,135,78,135,61,135,55,135,116,134,134,134,134,134,134,116,109,68,100,74,81,81,81,75,75,88,89,85,90,91,91,93,63,97,114,135,134,135,135,157,156,146,141,119,109,112,111,118,111,111,110,110,112,113,115,115,115,115,114,114,112,112,112,112,112,129,134,134,133,132,132,132,132,132,131,131,131,130,130,130,130,130,131,131,129,128,128,127,127,127,127,127,127,127,127,127,94,94,96,97,97,92,92,92,92,95,97,97,97,97,98,99,99,97,95,95,101,101,99,99,98,98,98,98,99,99,98,99,98,99,103,103,102,101,100,99,99,99,97,96,94,92,92,92,95,93,94,93,94,61,93,93,95,95,95,96,94,95,95,95,99,99,99,98,82,71,68,68,69,69,69,72,72
57,64,124,124,103,103,128,129,129,129,129,129,129,130,130,130,130,130,130,124,111,110,111,135,135,135,136,114,135,98,135,81,135,73,134,116,134,134,134,134,134,116,114,114,77,109,77,95,95,95,81,81,86,88,85,85,91,91,96,63,97,99,125,134,165,163,158,156,155,141,125,119,115,103,128,118,136,121,127,139,141,141,135,129,126,119,119,112,135,128,129,129,145,145,143,134,132,132,132,132,131,131,130,130,130,129,129,129,129,131,131,128,127,127,127,127,127,127,127,127,127,127,111,95,94,96,98,98,92,92,92,92,96,97,97,97,97,98,99,99,98,96,96,99,99,99,98,98,98,98,98,98,98,98,99,99,99,101,102,101,100,99,99,97,97,96,94,92,91,92,92,95,89,93,70,61,54,53,56,93,93,88,89,89,95,96,99,103,99,99,99,98,103,113,116,116,113,106,106,106
63,117,126,124,100,100,128,128,128,128,129,129,129,129,129,129,129,129,129,124,111,109,109,133,135,135,135,126,135,125,135,121,135,119,133,117,131,117,134,125,117,114,105,114,79,117,81,103,103,103,84,84,85,85,82,82,90,90,90,63,96,97,106,117,164,147,155,154,154,140,108,102,102,96,115,97,116,97,104,104,104,99,100,103,103,79,149,149,149,124,124,112,112,136,134,132,131,131,131,131,131,130,130,130,129,129,128,128,128,131,138,128,127,127,126,126,126,126,126,77,96,126,111,95,91,95,98,98,92,92,91,91,91,96,96,97,97,98,98,99,98,98,98,107,101,101,99,98,97,97,96,98,97,98,99,99,98,101,103,101,101,99,97,97,97,97,94,93,94,105,112,112,106,106,70,61,59,59,108,114,113,88,113,114,115,116,103,107,107,111,110,111,111,113,116,116,113,107,108,108
60,113,126,113,97,95,100,128,128,128,128,128,128,128,129,129,129,129,129,128,118,111,111,133,135,135,136,132,136,132,135,131,135,130,131,119,117,116,104,112,112,112,89,105,79,117,81,105,105,105,84,84,84,85,79,82,77,77,77,59,95,83,100,119,163,147,154,147,141,120,107,102,89,84,115,96,116,92,119,119,119,100,112,112,115,115,133,133,134,134,136,138,141,140,140,134,131,130,130,130,130,130,129,129,128,128,128,128,128,148,148,138,128,127,126,126,126,126,126,77,96,127,127,111,94,145,145,145,92,92,91,92,96,98,98,98,98,102,99,105,105,136,136,136,114,107,101,101,101,98,98,98,98,113,113,113,99,129,129,120,107,102,99,97,105,105,102,102,116,152,118,113,108,108,110,111,108,108,108,110,112,110,110,110,111,112,103,107,107,111,111,111,110,110,108,108,108,107,106,106
111,111,126,113,96,79,87,100,128,127,128,127,128,128,128,128,129,129,129,128,120,109,109,133,135,135,135,132,136,132,135,131,135,131,131,123,116,116,101,117,117,117,81,81,68,116,79,110,110,110,86,86,78,88,78,90,63,68,68,59,80,79,97,100,134,142,147,141,135,107,105,83,83,81,89,88,88,88,99,99,97,96,98,103,107,94,115,121,125,103,121,136,136,136,115,130,130,130,129,129,129,129,128,128,128,127,127,127,128,149,149,144,142,143,146,143,140,140,140,145,140,149,150,151,153,153,153,158,159,159,160,161,160,153,153,153,153,153,153,156,157,156,156,156,156,155,155,156,150,152,152,162,162,154,152,152,159,160,160,160,160,160,160,161,161,161,158,155,152,152,141,113,111,110,110,111,108,108,108,110,112,110,110,110,111,112,100,102,105,107,109,109,109,108,107,107,106,106,105,104
60,73,96,96,75,74,79,87,100,123,128,127,127,122,128,128,128,128,127,121,119,107,107,133,136,136,135,133,135,133,135,133,135,134,133,123,116,116,106,117,117,117,67,67,64,113,64,110,110,111,99,91,67,91,65,91,54,68,68,68,80,79,83,98,122,134,141,135,126,105,86,84,83,83,89,88,88,88,92,92,95,88,95,102,107,88,115,121,124,89,117,135,135,135,111,128,129,129,129,128,128,128,128,127,127,127,127,126,127,149,149,144,142,143,146,143,140,140,140,145,140,148,150,151,153,153,153,158,159,159,160,161,160,153,153,153,153,153,153,156,157,156,156,155,155,155,155,156,150,152,152,162,162,154,152,152,159,160,160,160,160,160,160,161,161,161,158,155,141,139,111,111,107,107,90,93,93,93,100,100,100,100,100,98,100,100,99,99,99,105,107,107,101,101,103,105,106,104,102,102
111,87,87,87,75,72,77,87,100,104,128,128,128,122,120,128,127,128,122,121,117,109,109,130,135,135,135,133,135,133,135,133,135,134,134,119,116,116,111,112,112,85,75,75,64,98,62,98,110,113,104,91,65,65,58,90,51,82,82,82,94,74,86,86,119,131,141,134,124,107,83,84,83,83,84,89,96,88,96,87,83,83,88,91,88,75,75,75,89,86,92,117,117,112,95,112,124,127,127,127,127,127,127,126,126,126,126,125,126,145,145,124,123,123,123,122,122,122,120,120,119,120,120,120,88,88,89,87,95,91,91,87,86,86,88,89,88,88,88,88,85,83,83,83,89,91,92,92,92,92,92,92,92,92,92,97,97,93,92,92,92,92,92,93,93,93,91,90,87,92,92,97,90,85,85,85,76,76,78,78,76,73,76,88,90,81,78,76,65,66,65,63,59,63,70,70,63,61,64,64
119,86,86,87,86,73,76,85,95,99,128,128,107,119,119,119,120,122,122,119,112,109,109,131,136,136,135,133,135,133,135,134,136,134,134,117,111,111,111,112,114,85,85,90,90,87,62,87,103,111,104,67,58,58,55,83,52,88,85,85,85,78,86,98,122,129,124,124,122,108,83,107,80,84,84,92,96,88,96,87,84,83,86,88,85,75,75,80,92,88,96,115,115,111,96,111,113,123,123,123,123,123,122,122,122,122,122,122,125,125,124,101,101,120,121,120,120,120,119,119,119,119,100,88,79,82,82,82,82,81,81,81,81,81,81,81,81,82,82,81,80,77,80,78,82,81,81,81,81,88,88,83,83,83,79,76,75,75,78,80,87,88,88,77,77,80,86,86,86,86,87,92,80,80,72,72,65,67,70,72,73,72,73,71,76,76,70,65,62,64,60,59,57,57,57,58,60,61,62,64
119,86,84,86,77,73,76,85,99,118,133,133,105,107,103,115,115,124,129,112,110,104,109,130,136,136,136,134,135,135,135,135,136,136,134,117,110,111,111,115,127,87,90,101,102,87,68,71,101,104,103,63,56,56,55,83,68,91,85,85,70,74,86,102,129,129,121,121,103,109,89,108,67,75,75,92,105,92,105,87,91,84,86,86,109,82,122,122,124,96,115,132,127,112,110,111,113,113,109,114,114,116,110,97,97,98,98,98,122,122,123,101,99,101,106,106,107,108,108,104,100,100,90,79,74,74,69,67,67,67,71,71,71,71,71,70,70,71,71,71,70,67,70,68,76,76,77,77,81,81,76,74,76,76,74,73,71,66,68,76,76,77,77,74,69,72,72,81,85,86,86,88,75,72,63,63,64,65,69,70,70,70,70,70,70,70,65,65,61,64,60,59,59,59,62,64,63,64,62,62
130,84,74,74,77,77,77,81,91,118,118,107,105,107,103,108,108,104,126,104,97,97,104,130,135,135,135,135,135,135,135,135,136,135,134,116,108,114,114,138,140,128,116,111,111,102,71,71,83,103,101,63,50,60,59,93,73,91,83,70,58,58,93,127,151,151,117,117,103,113,103,110,67,80,80,87,125,87,125,85,91,86,97,109,129,112,124,124,124,123,117,129,127,110,110,110,111,107,97,86,93,94,93,92,92,95,92,93,94,121,121,98,96,97,92,96,96,96,96,94,92,91,90,74,68,68,64,63,63,62,67,67,67,64,63,63,65,66,66,66,63,59,65,65,68,68,70,70,76,74,74,68,70,67,67,67,66,66,65,66,68,68,69,65,64,64,71,72,86,87,86,86,72,63,60,60,63,63,66,62,67,70,70,70,66,65,63,63,60,61,61,60,59,59,60,64,66,68,66,62
122,73,60,59,73,71,77,73,93,119,119,110,105,107,95,107,95,104,104,104,95,95,109,130,135,135,136,135,135,134,134,134,135,134,131,116,108,114,130,133,133,127,121,111,114,106,81,68,83,99,99,91,50,91,59,95,83,88,77,61,52,55,112,137,165,157,114,114,105,109,103,109,65,72,72,87,132,87,130,85,130,97,130,130,130,123,127,124,124,123,117,129,127,112,111,111,117,109,97,82,86,88,88,83,83,87,88,93,94,121,121,98,96,94,92,94,96,96,92,92,92,91,90,90,74,74,64,64,65,64,67,67,67,64,63,63,65,66,66,65,59,53,59,59,68,66,67,66,70,68,68,63,65,66,66,66,66,62,57,64,65,66,66,64,64,64,64,72,87,87,82,82,63,60,56,53,54,59,61,61,64,67,67,66,63,63,62,59,59,64,64,67,63,60,61,62,66,70,66,61
127,122,60,59,70,70,81,77,95,119,119,108,108,108,108,107,108,112,112,104,99,106,130,131,135,135,135,135,134,134,133,133,132,131,113,114,105,108,105,125,139,125,121,108,111,106,104,58,95,95,95,85,56,91,59,96,88,88,77,50,46,49,121,153,166,166,120,120,109,126,105,121,72,80,80,87,134,87,131,118,130,120,127,127,129,117,123,122,122,91,91,112,102,109,109,111,117,97,96,82,82,82,82,87,87,87,87,99,100,124,124,98,95,95,95,98,98,97,92,92,92,91,91,98,159,159,131,93,93,93,97,100,100,101,97,101,100,100,95,78,63,56,71,71,71,69,69,66,96,96,96,63,65,67,67,68,68,68,64,65,65,65,63,61,61,62,63,68,85,85,72,78,59,57,53,48,51,58,59,60,61,64,64,65,63,62,60,55,57,64,67,68,61,60,61,62,62,66,59,58
122,127,128,71,72,71,72,73,96,106,119,91,91,88,88,92,103,117,117,117,106,123,131,131,134,135,135,132,131,130,127,125,120,113,100,104,105,114,105,122,130,125,108,106,108,103,115,53,96,81,81,66,56,85,63,96,90,90,52,50,52,55,149,165,166,166,130,130,129,129,98,98,68,80,80,94,134,103,131,130,130,126,126,126,127,109,122,101,91,83,87,92,101,110,110,112,116,74,74,96,82,94,94,114,87,87,85,99,136,126,126,102,97,95,95,98,98,98,92,92,92,96,98,114,159,159,131,113,108,106,105,105,105,105,135,160,156,156,156,161,160,151,151,151,157,152,125,125,137,145,146,152,152,147,137,91,91,91,91,87,81,68,67,65,61,63,64,87,87,87,72,72,54,53,48,46,48,57,58,58,60,61,64,64,62,60,54,54,55,57,59,59,58,55,55,55,57,57,58,58
127,137,138,138,130,98,73,77,106,106,89,86,91,95,107,119,124,119,121,121,124,123,131,131,134,134,132,131,127,121,117,107,90,73,96,100,100,112,100,117,122,108,108,103,100,99,115,48,98,66,66,56,56,73,71,98,90,90,52,50,52,66,153,164,166,166,137,133,133,133,126,126,80,83,83,95,135,122,131,126,125,120,121,109,122,103,122,103,96,83,76,90,92,110,110,110,72,65,65,74,82,124,112,126,112,94,94,100,136,124,124,100,92,93,93,98,98,97,92,97,100,114,114,91,75,75,89,108,108,106,105,101,101,101,135,160,156,156,156,161,160,151,151,151,157,152,125,125,127,146,151,156,155,153,153,156,151,151,151,160,160,161,163,160,156,116,113,108,108,106,72,71,52,54,48,46,53,57,58,58,58,60,60,60,54,54,53,52,53,55,56,56,56,55,55,55,55,59,59,59
99,138,138,141,131,130,98,73,73,86,85,86,91,103,107,120,125,124,124,123,124,123,123,131,131,132,130,122,113,98,87,79,66,54,56,99,100,112,104,122,122,108,97,99,97,96,96,52,98,53,57,53,57,76,73,99,87,87,72,53,72,85,160,166,166,165,158,133,133,133,127,127,83,83,83,103,137,132,131,126,125,119,120,100,124,100,134,96,96,84,84,123,126,112,112,110,79,72,59,59,85,123,114,122,114,110,110,110,136,129,129,102,91,91,91,93,92,89,86,97,166,157,114,73,68,68,68,54,68,61,61,67,70,71,72,79,79,79,83,83,86,91,99,125,125,111,97,93,127,134,146,155,153,153,153,156,151,151,151,160,160,161,163,160,156,150,150,150,146,132,106,71,45,46,46,47,51,57,58,58,58,58,55,53,53,52,50,50,51,52,53,53,53,55,55,54,54,54,59,59
123,138,138,141,141,141,121,79,73,85,85,85,82,105,118,120,124,123,123,123,122,118,121,131,131,130,120,110,98,79,60,54,53,51,53,97,97,97,90,104,107,106,95,97,86,86,86,53,98,53,53,53,73,94,104,99,87,80,72,72,76,89,163,164,165,161,158,132,130,132,127,127,87,85,85,111,139,132,131,125,124,109,121,100,125,100,133,96,96,91,91,123,126,112,112,111,110,76,65,74,49,122,113,120,113,111,111,113,134,139,143,124,98,93,88,88,86,86,84,86,167,166,90,70,68,66,57,47,57,60,61,67,70,70,69,71,72,74,75,75,72,72,88,91,76,67,67,67,92,92,127,69,70,70,68,68,92,97,99,99,93,93,102,103,119,125,150,150,150,150,132,96,51,51,58,58,56,58,59,59,58,57,53,54,53,54,50,50,51,51,53,53,54,55,53,53,54,59,63,63
138,127,126,127,130,139,139,75,70,70,77,77,77,82,103,111,107,72,70,69,69,69,118,130,130,120,103,98,79,66,50,49,51,50,51,97,97,97,81,84,100,102,95,95,67,67,67,65,94,53,53,53,83,94,85,96,82,80,76,77,77,89,164,164,164,161,156,132,130,130,122,122,94,95,95,127,139,127,126,124,124,90,124,90,127,94,134,112,122,107,122,128,130,127,117,108,110,83,70,76,70,120,113,119,115,116,116,127,147,143,143,142,142,124,98,93,88,86,84,86,123,127,90,61,65,65,65,43,57,54,61,65,70,68,66,65,66,72,73,72,69,69,77,77,76,67,67,63,70,70,62,60,60,53,55,56,68,89,92,63,56,53,53,55,58,58,60,100,116,150,150,120,96,65,65,65,58,59,59,59,59,58,57,57,54,55,55,51,51,51,53,53,53,52,45,46,46,53,54,46
145,133,126,127,127,139,132,79,71,61,61,60,70,70,82,103,99,72,70,69,69,67,70,130,130,103,82,82,69,69,50,49,51,51,97,108,97,95,83,84,100,100,86,90,67,67,65,64,83,53,53,53,87,104,92,92,83,83,90,90,89,94,163,164,156,156,149,131,130,130,96,96,87,94,94,113,127,123,124,121,124,89,127,93,128,100,133,112,122,96,96,128,128,111,111,111,100,85,79,89,89,120,118,120,116,119,119,122,147,145,145,144,145,145,141,132,130,132,130,132,136,136,99,89,66,66,66,65,66,56,59,59,65,62,62,61,62,67,73,70,69,69,76,76,76,73,67,60,63,58,55,49,52,48,49,49,56,63,63,56,52,50,50,50,52,53,54,62,81,111,120,118,105,99,105,104,105,108,109,109,109,108,110,112,112,90,58,55,53,53,53,54,55,55,48,46,46,64,64,46
138,129,127,127,127,129,120,84,61,56,56,58,62,65,65,99,99,72,70,69,69,67,70,128,128,103,82,105,120,130,110,109,107,107,107,108,95,94,83,80,83,93,86,90,84,95,83,83,94,94,94,100,87,110,83,83,82,83,104,101,77,94,163,164,163,162,140,133,123,123,96,96,84,95,95,115,123,115,121,102,126,89,130,93,129,121,133,132,132,127,127,130,130,111,111,111,122,88,89,120,121,123,121,120,120,119,119,121,147,145,145,144,145,145,142,141,139,138,138,136,139,139,139,127,91,99,105,99,73,66,59,59,65,65,62,61,62,66,67,67,69,69,73,76,76,73,63,60,60,50,47,45,45,46,48,48,51,57,63,56,52,50,50,50,52,53,62,67,78,89,90,99,99,104,105,105,108,108,109,109,109,108,110,112,112,108,106,106,104,105,104,103,103,103,109,110,109,105,105,102
135,133,130,129,126,129,126,84,56,56,56,56,61,62,61,61,67,70,70,70,70,70,119,131,131,113,105,120,131,131,118,118,116,122,107,99,87,87,83,83,101,95,90,93,90,97,124,126,120,107,100,110,110,132,126,112,83,83,101,100,67,94,163,163,138,140,135,135,123,123,96,96,82,85,85,115,117,113,121,101,127,94,130,93,128,118,130,130,127,92,92,127,106,111,111,111,119,88,89,131,129,129,120,120,120,119,119,120,121,145,145,144,144,142,142,142,142,142,140,141,141,145,145,148,108,108,114,138,143,143,157,154,92,92,96,99,99,79,77,77,73,93,93,110,76,76,60,55,50,47,46,44,44,46,48,48,73,57,57,54,52,50,54,53,55,53,62,67,76,78,78,82,90,93,104,104,103,103,104,105,106,106,106,106,107,106,106,107,107,105,104,103,103,103,109,110,109,105,105,102
135,134,132,130,129,131,126,82,58,56,55,61,62,62,60,60,60,67,68,70,71,106,134,135,137,131,131,131,134,132,132,128,126,122,111,99,92,92,94,101,109,109,109,97,98,124,130,133,133,120,111,110,100,110,93,107,93,101,101,104,67,83,163,165,135,164,128,136,122,122,86,86,82,98,98,116,115,90,90,94,131,101,131,121,131,130,133,132,132,127,121,127,106,107,107,119,119,106,93,122,122,122,85,85,85,99,114,117,120,127,152,142,149,142,154,154,158,162,140,138,137,141,137,124,106,106,106,138,143,143,157,154,110,109,109,157,158,158,158,158,129,114,114,156,156,89,87,59,50,50,51,51,56,69,72,69,80,61,76,56,54,54,57,62,62,61,65,67,75,76,76,61,54,56,62,63,62,60,59,60,67,67,60,60,98,100,104,100,102,101,102,101,100,100,100,103,105,102,102,102
136,135,134,134,135,136,131,78,65,74,58,61,62,62,62,62,63,70,70,99,106,119,134,135,137,131,131,125,128,127,127,127,124,119,111,99,93,79,100,102,110,117,117,116,116,130,136,135,133,120,111,94,88,109,109,107,98,101,97,84,83,104,126,163,127,128,128,135,119,119,82,82,75,85,85,117,117,86,86,89,127,101,131,110,131,111,131,131,132,85,64,83,83,110,110,118,118,76,68,93,93,85,84,83,83,85,99,110,120,127,153,148,149,143,154,160,162,163,153,123,122,123,121,81,65,62,60,102,108,108,72,94,109,109,109,157,158,158,158,158,129,110,156,159,159,159,156,158,153,120,120,118,87,87,89,89,92,89,89,61,57,57,80,80,62,60,61,65,72,76,76,61,54,56,56,56,40,42,42,42,44,52,53,54,54,55,57,60,60,60,59,59,66,67,67,70,70,82,97,97
136,130,134,136,137,137,137,76,62,74,65,62,66,67,67,67,67,72,116,127,127,119,122,122,127,127,125,125,118,118,127,127,127,124,119,116,93,93,100,104,110,121,121,116,116,116,136,136,136,138,154,88,88,87,88,87,93,97,97,84,84,104,163,165,129,166,128,135,120,120,82,82,75,116,116,119,119,82,82,89,131,110,132,132,132,131,135,135,132,100,76,83,83,109,109,118,118,77,77,77,87,84,82,82,82,83,98,99,110,127,153,149,151,151,155,163,160,160,121,117,117,121,89,66,61,59,58,59,61,61,58,58,61,61,61,58,68,68,76,100,105,105,105,159,159,159,156,158,153,120,125,156,157,158,158,158,158,158,111,109,91,87,87,87,87,70,66,71,76,78,78,66,61,56,56,46,40,40,42,42,43,46,48,51,48,45,43,45,57,57,54,48,54,57,58,58,58,65,59,59
128,128,130,132,135,136,136,62,57,76,80,82,80,75,75,67,67,68,134,134,133,122,122,122,126,125,123,118,118,118,127,127,129,133,124,79,78,79,93,93,104,117,119,117,116,119,120,119,120,137,137,116,88,88,98,87,84,84,84,83,81,96,117,163,128,129,128,111,117,117,85,85,88,97,97,125,125,75,75,92,126,92,132,132,127,90,127,130,116,77,64,66,90,110,110,118,118,77,76,75,82,80,80,75,79,82,95,98,140,132,152,151,151,148,155,161,160,159,153,120,119,121,119,68,62,59,54,58,61,61,54,54,58,59,58,56,56,54,52,45,58,58,61,61,66,66,67,105,105,105,105,156,157,158,158,158,158,158,156,153,156,157,157,157,157,155,148,129,94,94,94,79,84,50,56,46,40,40,41,43,44,46,46,46,45,43,40,32,40,45,45,45,49,48,43,38,53,53,38,28
129,129,130,132,135,137,136,65,57,79,88,88,80,67,67,67,67,68,134,134,134,133,128,122,128,126,126,124,124,124,121,121,130,134,134,110,77,80,93,104,104,126,126,121,120,120,120,120,132,137,137,129,116,88,99,87,84,84,84,81,78,78,162,163,132,129,129,129,120,117,88,88,88,117,117,125,125,88,88,94,132,105,134,135,132,129,135,135,116,80,76,76,111,112,112,112,103,77,71,73,73,73,67,64,67,75,91,92,140,132,152,151,152,152,160,163,161,159,118,117,117,119,119,120,63,59,54,59,61,61,53,52,58,58,57,56,56,53,45,44,51,52,58,58,62,61,62,53,52,59,66,66,65,65,82,88,91,93,104,153,156,157,157,157,157,155,154,148,145,145,108,97,97,47,56,47,46,46,42,43,42,42,42,43,43,43,41,45,47,45,40,40,49,48,43,36,33,33,31,22
128,129,130,132,135,136,136,111,72,79,80,86,72,60,60,58,63,67,131,133,134,133,128,122,126,126,124,124,124,124,121,124,130,134,134,134,110,136,150,150,144,130,130,129,129,129,129,129,130,133,132,130,129,133,136,136,136,118,118,100,81,121,160,160,132,132,129,129,131,117,108,108,86,125,121,125,125,88,88,109,109,104,132,134,129,98,129,129,116,96,82,110,126,117,117,117,103,70,56,56,71,70,59,56,59,75,79,86,140,132,152,152,152,152,154,162,161,159,156,118,118,120,120,121,136,63,54,89,89,89,53,50,53,57,57,55,56,48,47,47,52,52,53,60,64,60,55,48,48,52,64,65,63,60,62,63,63,61,61,104,104,104,92,93,96,96,134,145,153,153,119,97,94,47,50,47,43,35,35,37,41,42,42,44,41,41,40,45,45,39,39,40,46,50,45,38,32,33,33,28
132,132,132,135,136,138,138,111,93,93,93,93,88,64,60,54,54,58,131,132,132,132,112,112,121,121,112,123,123,123,121,124,130,134,134,134,136,141,153,149,149,131,131,131,131,131,131,133,133,133,130,129,129,133,136,141,143,147,147,142,132,142,160,160,150,132,131,131,131,131,108,108,83,125,125,131,128,95,95,109,132,109,134,137,137,129,137,139,137,115,110,137,137,117,117,117,82,56,50,50,52,56,54,56,56,66,78,83,92,128,132,132,152,154,160,163,161,159,118,116,116,119,121,129,151,158,158,134,134,97,97,53,58,58,62,57,62,48,47,47,52,52,52,61,64,60,55,48,48,52,67,67,61,55,55,63,62,61,58,61,61,60,60,90,92,91,96,132,134,145,115,65,65,47,54,50,50,41,35,37,37,40,42,42,41,41,41,45,39,37,37,40,41,46,45,37,34,38,38,40
129,130,132,136,136,136,136,109,93,93,93,95,95,79,63,58,63,77,107,131,131,83,73,83,117,117,112,117,94,94,94,108,125,131,134,130,134,138,148,148,149,137,137,133,132,132,131,137,137,140,130,130,130,130,130,137,137,145,147,147,142,142,153,152,139,132,133,134,134,134,134,136,136,140,131,142,140,137,137,111,109,104,132,137,131,107,124,139,140,129,110,140,140,137,119,122,119,56,50,50,50,54,60,81,81,82,78,86,95,128,128,128,121,152,155,161,161,161,156,116,101,119,121,126,142,158,158,134,134,151,159,156,156,121,121,134,134,63,56,83,83,83,64,62,62,57,49,46,46,50,67,67,61,51,51,62,62,62,58,61,60,55,55,64,64,64,89,109,89,109,109,65,65,48,54,50,49,43,41,37,40,40,42,42,42,41,40,38,37,35,35,35,41,46,37,34,34,35,40,42
133,131,132,133,136,136,135,102,93,97,99,96,95,86,78,75,77,99,99,99,86,73,70,117,117,117,98,117,117,120,99,109,126,129,126,125,125,136,136,136,137,137,139,139,135,134,134,140,140,142,135,136,130,130,123,137,140,140,140,142,145,145,145,145,139,132,133,132,134,130,104,136,136,141,131,142,131,95,137,130,130,113,132,137,139,131,129,139,140,140,117,121,124,129,129,129,122,65,50,50,52,52,75,76,76,81,83,92,95,143,143,141,118,130,143,157,161,159,116,92,82,100,126,126,126,93,68,94,95,108,151,156,156,121,154,159,159,158,157,104,104,104,90,67,64,58,55,49,46,50,61,61,51,49,49,55,62,63,62,63,60,56,56,64,67,67,76,79,79,82,111,106,48,42,50,50,49,42,42,38,40,39,41,42,40,40,38,37,31,31,29,29,32,34,37,34,32,28,32,49
129,129,130,132,135,135,132,99,93,97,98,96,91,83,79,81,100,107,99,86,67,67,64,113,117,113,89,117,120,136,130,109,126,129,132,127,127,131,136,139,139,141,140,139,135,128,128,137,137,140,135,136,130,130,123,132,137,137,135,135,135,141,145,145,143,135,135,134,82,91,135,140,142,142,128,83,81,83,122,122,122,120,124,125,131,131,129,134,137,137,116,117,117,124,126,139,126,88,63,55,55,68,76,76,76,81,78,78,94,145,146,145,141,130,138,140,149,149,88,82,73,87,126,126,118,67,66,57,57,69,69,83,83,101,105,154,158,158,157,104,141,157,159,157,134,134,137,137,79,65,65,65,61,49,48,48,58,63,62,63,60,56,56,64,67,67,74,74,74,80,106,106,56,48,56,56,50,43,43,42,38,34,38,38,36,35,31,33,28,26,26,26,29,32,34,26,22,28,36,58
128,130,131,132,132,133,132,99,91,97,88,86,88,88,91,100,109,110,107,86,60,58,55,54,72,77,77,98,137,154,135,130,129,138,166,166,141,140,140,140,141,141,142,135,128,115,117,117,116,99,99,100,100,100,113,116,120,129,129,129,135,141,145,145,143,142,142,132,82,91,94,113,113,96,76,61,62,63,98,122,130,130,125,125,125,145,131,131,131,137,117,117,111,120,120,126,126,115,69,60,60,84,87,76,76,81,90,90,94,147,151,147,146,142,142,140,141,137,131,86,79,79,87,125,118,67,57,51,51,55,58,62,51,49,49,45,54,61,90,90,92,157,159,159,159,158,158,158,157,155,99,96,93,91,67,66,64,66,64,73,62,55,55,63,67,67,67,68,68,78,80,86,86,80,80,80,65,53,47,44,43,34,38,38,38,35,31,31,28,24,26,24,27,32,34,28,31,31,36,58
128,128,130,132,134,132,132,102,72,63,63,77,88,90,93,98,109,116,116,97,75,58,55,64,72,74,72,77,137,162,130,128,130,138,171,171,141,140,141,141,142,141,142,135,115,106,109,116,116,99,99,100,100,100,113,124,124,123,123,128,132,130,132,134,137,138,142,137,120,118,118,115,113,76,63,57,63,98,122,122,124,125,146,125,124,126,145,134,131,134,131,111,108,70,70,120,125,115,70,69,83,87,87,84,69,76,76,76,90,151,151,150,149,147,144,144,141,140,137,131,89,87,121,121,118,63,53,46,48,55,58,52,49,40,44,41,45,56,59,77,73,73,70,154,154,154,157,157,157,155,156,151,153,153,157,152,118,118,120,120,74,73,92,92,85,85,85,65,65,76,79,86,97,87,102,106,107,107,65,53,56,56,49,49,49,45,45,31,28,28,28,24,51,44,38,28,37,36,37,57
127,128,130,132,134,132,128,102,72,59,59,77,90,91,94,95,100,107,113,102,80,75,78,85,85,77,77,100,117,167,136,138,136,143,171,171,141,139,141,141,142,132,142,135,136,109,109,124,132,132,133,146,144,137,134,131,134,130,135,135,139,132,131,130,134,136,138,134,120,119,118,112,98,76,63,57,70,142,144,143,143,145,150,150,126,126,149,149,129,129,111,109,106,74,74,95,110,110,88,83,87,87,87,84,89,89,89,82,90,151,151,151,150,150,146,146,144,143,141,142,140,144,140,132,121,90,57,46,48,55,55,53,45,32,42,38,44,54,54,61,49,61,61,70,71,71,91,96,110,96,122,151,153,153,157,152,152,161,161,161,159,153,116,105,99,123,123,110,79,78,79,86,101,102,104,108,108,108,107,107,107,110,106,102,101,57,52,52,56,56,51,51,51,49,49,44,38,38,47,55
129,128,129,131,132,132,128,102,82,59,59,73,90,93,94,95,95,115,113,102,84,80,81,85,85,74,74,117,128,137,171,136,136,173,171,165,140,138,140,139,137,132,137,135,135,113,120,124,132,132,146,149,146,144,144,144,145,145,145,144,144,144,132,131,132,134,136,119,119,118,117,115,112,81,67,74,144,149,146,145,143,145,148,148,126,126,152,152,129,129,109,106,104,93,89,95,107,107,97,88,94,84,85,84,89,84,84,75,82,129,129,129,133,155,139,146,145,146,143,143,142,147,142,147,141,132,92,92,55,102,102,69,48,29,41,37,42,54,54,50,49,51,61,70,70,63,69,69,95,55,61,95,115,115,100,104,133,160,161,160,159,159,155,157,155,154,153,150,110,102,102,87,97,92,102,104,107,108,107,109,107,110,109,104,102,102,105,106,106,106,104,88,55,54,53,49,49,48,49,55
126,126,128,130,130,130,128,101,86,74,66,74,96,96,95,95,95,95,95,89,80,80,81,85,81,84,104,121,128,170,136,172,136,173,165,161,142,132,140,132,137,137,137,137,141,135,145,132,132,132,139,145,144,144,144,144,145,145,145,144,144,144,131,127,108,108,110,115,115,116,113,112,105,88,79,79,138,141,141,141,141,145,147,147,96,101,105,129,96,96,100,104,104,96,91,91,99,88,88,79,73,73,83,85,92,92,87,75,82,129,129,129,154,156,139,158,158,158,143,140,130,142,142,147,142,112,112,155,159,139,115,115,56,48,48,41,49,54,54,46,44,43,51,70,70,60,60,52,52,51,54,61,76,89,72,60,60,78,91,95,102,115,155,157,155,154,153,153,145,140,140,136,102,70,92,66,63,63,107,107,106,106,104,102,104,105,106,106,107,111,110,110,101,101,101,105,105,105,69,55
125,124,124,126,128,130,126,99,86,82,76,76,91,93,91,91,93,93,93,84,79,79,81,85,85,85,104,121,148,127,170,127,170,172,172,157,142,132,142,138,138,137,137,137,129,108,113,113,112,112,118,118,107,107,114,114,113,113,113,113,116,116,116,85,85,86,86,110,115,115,114,114,122,122,130,138,141,139,139,139,141,147,147,101,94,96,99,101,95,96,99,100,102,96,91,86,86,84,77,71,69,69,79,79,85,88,88,84,87,130,130,130,135,154,132,139,157,158,157,116,111,121,135,127,127,97,112,155,159,109,115,147,148,147,125,109,60,85,85,82,44,44,49,70,70,55,55,49,49,48,49,61,72,72,60,52,51,54,61,61,61,45,45,46,99,105,112,134,145,142,140,75,92,44,66,35,35,35,47,69,70,69,56,56,102,102,106,106,104,106,109,110,104,105,105,109,109,110,105,93
89,89,92,92,92,94,101,94,89,88,78,86,93,93,91,86,93,92,93,84,79,79,89,89,89,85,104,148,156,172,127,170,120,172,157,154,146,132,146,138,139,138,141,141,141,103,107,107,107,95,81,81,87,87,102,111,112,110,99,98,93,93,92,85,83,82,78,80,84,114,89,89,88,81,88,135,135,124,91,68,76,141,141,135,95,101,95,95,94,94,96,99,98,85,78,85,84,84,75,71,69,67,67,68,72,84,84,75,77,133,133,133,154,159,135,156,157,159,157,116,85,85,120,119,81,65,69,69,82,96,109,147,148,147,149,151,158,151,151,122,82,49,51,75,74,54,54,51,49,48,47,58,63,63,60,51,49,51,54,51,45,43,41,40,39,39,39,49,113,113,113,50,50,42,35,27,27,24,24,24,29,36,37,43,44,46,56,56,56,58,104,104,99,99,100,105,105,109,101,96
86,87,87,87,82,81,81,85,86,86,76,76,85,91,86,84,83,89,95,92,84,83,89,85,84,83,92,126,156,140,170,140,168,171,168,154,142,138,142,139,140,139,140,138,101,86,88,86,86,84,81,79,83,84,84,102,111,110,97,87,86,87,87,87,87,83,80,80,80,84,114,114,96,29,29,61,86,90,90,68,76,125,135,136,135,132,103,101,95,91,88,83,65,72,78,86,84,77,75,73,69,66,62,62,63,62,65,77,99,135,135,133,110,135,126,139,157,159,157,116,92,92,121,120,78,56,56,58,60,74,79,96,101,101,105,151,158,151,157,157,159,157,103,95,95,75,74,74,72,58,55,58,63,60,59,49,48,48,51,51,49,43,40,40,36,36,36,38,49,65,65,50,50,41,27,20,20,17,15,15,21,21,21,24,26,26,27,38,44,47,52,62,76,83,83,84,100,101,96,93
74,82,82,82,74,72,72,79,79,79,73,78,85,87,84,83,83,87,92,92,90,83,77,82,82,81,84,156,157,171,148,167,167,168,168,153,145,131,145,139,140,139,140,134,101,86,86,84,84,84,84,86,87,87,92,96,110,110,100,99,86,92,87,91,91,87,82,81,81,84,87,88,88,29,29,61,86,90,91,95,98,100,125,135,135,133,133,133,139,111,88,80,65,80,86,86,77,77,75,75,74,61,52,52,52,55,59,79,99,135,135,110,97,117,139,159,159,164,160,120,80,80,86,86,57,56,56,56,56,60,60,68,68,95,72,93,96,96,105,157,159,157,155,155,156,156,153,102,88,72,63,63,66,60,56,49,46,47,50,51,49,43,41,40,40,40,38,38,42,59,59,51,51,38,20,16,16,16,14,16,14,14,15,19,24,24,24,27,37,44,46,56,62,76,71,71,58,58,58,57
74,74,79,79,74,67,69,69,70,75,75,125,85,86,85,83,83,83,87,90,90,76,74,71,68,81,84,126,156,159,171,167,168,168,168,153,141,138,141,138,140,138,134,129,123,98,98,88,88,132,132,134,115,96,96,96,97,97,100,112,112,104,87,89,89,89,87,82,82,82,84,86,86,88,102,102,92,95,98,98,98,98,100,101,101,102,132,133,139,134,116,101,96,91,91,89,79,77,73,73,61,57,44,44,46,51,79,81,99,135,135,80,71,89,127,163,164,165,164,137,86,86,131,131,86,57,57,55,55,59,59,68,52,93,56,87,80,87,80,56,52,106,108,155,156,156,153,153,156,156,108,101,100,77,75,56,49,47,50,52,52,46,41,41,44,41,40,38,42,59,59,51,51,37,15,5,2,2,2,13,13,12,12,15,19,19,21,26,37,42,42,56,78,78,71,69,62,58,57,57
74,81,79,67,65,65,56,67,67,69,125,129,129,89,87,83,83,85,87,87,81,75,75,71,62,73,81,150,159,165,159,165,167,170,168,153,140,131,140,138,138,135,134,129,126,124,124,124,135,136,137,141,141,115,96,96,93,93,97,100,112,112,100,100,92,92,92,93,91,88,87,88,88,114,114,104,104,107,110,110,98,97,97,97,97,97,98,100,104,134,134,130,127,130,131,131,133,79,68,56,56,56,55,36,46,55,79,81,97,135,135,114,71,113,117,144,163,164,163,142,101,86,86,93,86,86,70,57,59,59,59,59,48,101,53,96,67,80,52,46,43,48,98,98,71,105,114,153,156,156,163,160,160,159,143,139,88,88,57,57,57,52,43,45,48,46,45,41,45,54,59,58,58,35,14,3,2,2,2,8,8,8,8,15,19,15,20,33,50,55,45,71,83,78,68,67,62,58,58,58
48,66,66,65,57,57,53,54,55,56,75,94,96,94,91,87,87,86,87,85,81,75,75,63,55,55,76,150,162,163,165,165,169,173,154,154,140,134,152,138,136,135,129,123,123,124,135,135,136,137,141,143,141,130,115,98,94,93,93,94,98,99,109,109,108,95,95,105,106,110,110,113,115,115,114,114,107,110,110,115,116,115,98,97,97,97,98,100,104,122,134,134,134,134,135,136,135,106,67,56,55,55,55,49,49,57,79,81,95,137,140,130,86,113,127,127,144,161,153,135,94,86,82,95,104,141,155,106,105,63,60,85,56,101,53,103,57,57,44,40,40,44,71,71,55,51,74,78,81,94,101,160,160,159,159,160,160,161,158,159,109,109,67,49,48,48,46,45,49,54,80,80,109,32,3,2,2,2,2,8,8,2,2,2,13,15,20,47,50,63,72,72,77,71,68,63,60,58,58,58
48,55,55,57,53,57,49,49,53,55,59,91,100,96,97,90,87,87,86,84,80,69,69,63,63,63,83,162,163,163,161,161,169,173,173,154,143,141,160,160,136,135,127,122,123,124,130,133,136,138,138,142,134,130,119,125,102,98,96,98,98,98,98,108,108,108,105,131,110,112,113,118,128,128,122,122,134,136,135,127,127,127,129,129,134,131,108,108,91,122,122,126,135,135,135,131,109,77,67,39,42,55,55,50,49,61,80,90,95,140,143,140,130,129,131,131,126,117,106,89,81,80,80,95,104,141,155,154,154,154,156,110,110,110,93,99,63,57,41,40,40,44,84,84,53,47,46,50,51,52,57,57,82,98,102,160,160,161,161,161,161,164,161,90,90,90,89,52,52,80,88,88,112,27,2,2,2,2,8,14,8,2,2,2,12,15,44,47,52,72,72,71,74,67,63,54,58,58,59,59
50,51,52,53,53,55,49,49,53,55,79,91,95,99,97,92,90,90,86,85,76,63,63,63,83,76,95,162,163,163,161,161,169,173,154,152,143,143,161,161,136,132,127,119,123,123,130,136,137,138,138,138,121,121,124,134,124,106,97,99,99,99,98,109,122,130,130,132,131,135,120,128,131,134,134,135,134,114,101,102,124,125,129,137,137,131,108,131,137,122,60,69,136,136,137,93,99,77,67,45,42,50,50,50,49,57,87,87,90,142,148,145,147,143,143,139,131,117,89,81,81,83,95,95,84,79,64,101,154,154,156,155,155,146,126,103,99,99,41,40,40,44,84,84,53,47,46,47,49,50,51,52,55,56,56,56,61,89,100,161,161,164,161,161,161,163,161,122,97,88,97,93,109,93,79,2,2,7,8,15,8,2,2,2,2,15,44,47,54,54,52,51,51,50,50,48,56,59,59,59
50,51,53,55,55,57,74,77,77,66,66,85,92,96,96,96,90,89,89,96,76,70,70,73,88,85,114,131,135,161,161,161,171,173,171,147,141,141,166,166,135,132,122,117,123,123,133,137,137,138,137,137,125,125,124,162,124,125,106,106,109,123,127,132,132,132,130,133,130,133,118,120,131,135,135,135,134,92,69,56,52,55,137,138,138,84,84,108,130,130,60,69,126,83,83,77,78,77,66,45,27,45,30,36,36,52,84,84,87,145,147,146,147,147,144,142,139,133,117,83,83,91,97,95,79,59,58,59,60,66,105,120,146,146,146,158,158,148,99,42,41,78,91,89,53,49,47,49,47,44,43,43,48,52,52,52,60,61,70,65,74,91,128,160,161,163,161,154,148,136,125,121,112,102,102,51,45,36,15,31,12,2,2,2,3,15,22,46,54,54,51,49,50,50,50,49,52,52,59,59
51,52,55,55,55,61,74,82,82,82,71,71,90,95,95,96,90,88,89,96,96,72,73,73,114,114,116,131,135,164,159,159,159,172,147,140,140,141,166,166,132,132,129,114,123,139,136,137,137,137,137,137,125,125,125,162,127,135,117,114,114,123,133,133,133,131,130,130,130,132,77,70,120,137,137,76,76,81,69,56,52,55,130,67,67,13,13,86,130,130,60,63,126,83,83,73,78,73,61,57,45,64,68,52,49,72,75,73,84,145,147,145,146,146,145,142,142,142,141,121,97,95,98,95,62,58,42,59,56,60,63,75,84,101,104,158,158,158,159,159,91,89,102,102,102,53,50,49,46,43,41,40,47,47,44,43,46,55,55,52,52,52,56,57,58,92,101,148,154,136,125,120,116,104,104,101,79,60,87,48,45,17,2,2,15,16,22,46,54,54,50,51,51,50,46,46,47,47,47,45
66,65,65,60,62,62,77,82,82,82,71,65,65,72,95,93,89,84,89,96,96,77,74,74,75,89,116,131,135,164,167,167,170,171,170,140,136,140,166,166,133,132,107,107,118,139,137,137,137,137,137,131,129,129,127,127,127,135,133,119,114,62,123,133,134,68,80,116,115,115,77,70,136,136,79,71,71,81,92,92,52,55,130,67,67,53,55,86,130,130,74,83,126,126,126,73,78,74,74,64,64,64,59,59,59,72,75,75,99,128,128,101,77,85,107,142,142,143,145,143,137,136,137,98,58,26,26,42,43,57,63,63,63,74,68,74,102,111,159,159,159,159,159,148,134,128,56,53,50,43,41,40,47,47,47,43,52,52,52,45,45,46,52,52,49,49,52,57,100,100,100,91,116,116,107,103,106,97,102,97,102,50,50,51,49,42,42,46,46,50,37,50,53,53,47,43,47,46,45,45
75,72,72,67,67,62,81,82,82,82,82,71,60,60,89,89,89,84,89,111,104,78,77,75,75,76,120,140,156,164,151,151,165,171,165,133,133,141,166,166,132,131,128,114,118,124,137,137,136,136,135,130,129,129,129,127,127,130,123,117,95,62,132,132,133,68,68,80,84,115,57,57,136,136,79,59,52,81,103,117,57,60,130,73,62,53,55,131,131,123,54,36,83,86,128,82,103,95,74,64,64,64,59,59,81,81,75,75,99,128,129,104,83,85,102,106,118,127,145,145,145,145,147,150,106,55,29,32,39,39,52,58,58,57,57,54,58,56,58,98,106,159,159,153,153,157,157,157,89,61,51,51,54,48,48,46,52,46,46,41,40,43,41,43,40,38,46,51,57,69,87,80,91,103,107,103,106,106,106,103,105,106,107,106,78,53,50,86,50,44,42,50,53,52,46,43,44,45,46,46
72,67,71,71,84,81,84,81,79,79,79,62,55,55,62,72,83,89,121,123,121,84,79,78,79,85,120,148,151,156,167,145,165,170,165,139,135,141,167,167,131,130,128,118,120,121,134,137,135,135,132,130,129,129,129,126,126,130,123,117,95,62,132,132,133,68,68,80,82,115,59,64,136,136,89,79,52,104,117,117,57,57,73,62,62,53,55,126,126,123,57,59,83,86,128,82,103,95,74,57,54,54,57,57,64,70,70,74,99,133,136,128,100,102,102,103,106,106,92,122,142,145,147,157,158,136,106,34,39,39,39,39,39,48,53,53,54,51,56,57,59,61,105,112,153,157,157,157,159,159,159,103,103,61,68,52,62,52,49,42,42,42,41,40,40,38,47,51,55,64,86,75,87,75,103,63,106,106,103,103,105,106,106,105,105,105,106,105,99,86,50,58,53,52,49,49,49,44,46,46
75,75,74,74,74,80,80,77,69,69,62,59,59,55,58,64,89,111,124,127,125,103,84,84,84,86,140,149,151,151,145,112,165,171,165,142,134,142,167,167,131,130,128,120,120,121,134,135,134,134,134,135,135,136,126,126,126,123,118,116,95,65,126,126,126,76,76,85,110,130,59,64,137,89,88,42,47,104,135,134,57,57,73,62,62,53,57,126,126,123,80,59,127,135,134,72,82,64,48,48,49,50,54,57,59,56,55,55,74,137,137,129,100,102,102,104,106,98,76,85,85,123,147,156,157,160,156,156,96,90,39,37,23,22,23,38,48,49,51,55,56,57,62,75,105,78,102,119,156,156,159,161,158,154,100,94,77,62,62,49,42,42,42,43,41,39,46,47,55,64,86,86,86,75,53,50,63,63,79,84,100,102,102,103,104,106,107,106,103,103,104,104,101,53,53,96,92,46,45,44
106,108,108,87,74,79,79,80,73,69,66,66,62,55,55,64,112,123,125,130,130,124,90,85,86,87,92,149,150,151,157,153,157,169,157,142,135,142,167,167,132,131,130,120,120,133,133,134,133,134,134,135,119,119,123,126,126,118,117,111,71,65,126,126,99,70,45,85,110,130,59,64,137,89,88,63,63,104,135,134,76,76,115,115,134,53,57,126,80,80,27,57,127,135,134,69,70,64,45,45,45,50,54,56,56,49,48,41,55,137,137,100,96,100,96,96,90,92,75,85,83,85,107,107,112,112,156,156,156,153,153,148,35,22,22,38,38,38,28,40,40,44,61,75,78,75,75,60,60,93,114,158,158,158,150,150,146,143,112,112,63,60,43,49,49,49,49,50,55,61,86,86,86,73,40,39,50,57,57,61,73,73,74,74,98,102,101,99,99,101,104,104,101,101,101,102,102,102,79,44
108,108,108,91,74,79,87,87,87,86,83,71,71,49,49,59,112,124,129,131,133,124,96,86,86,87,92,130,150,152,153,153,153,171,171,138,136,138,166,166,132,131,124,113,119,133,130,132,130,133,134,134,114,109,122,123,133,123,116,111,71,65,104,104,99,70,54,85,110,130,75,76,137,97,97,63,63,134,134,102,54,31,88,115,136,53,57,129,80,80,61,64,127,133,133,85,92,64,39,30,40,43,38,49,35,45,41,40,40,137,137,93,93,96,96,96,90,86,75,85,83,85,83,71,53,48,54,64,107,153,153,153,148,126,97,38,38,36,10,6,25,42,45,75,89,75,75,60,57,52,55,55,94,129,146,150,146,154,154,160,149,131,99,63,56,50,49,50,55,61,82,82,82,73,35,28,35,50,57,61,55,45,45,55,67,67,67,79,96,98,99,99,99,101,102,102,102,102,99,98
82,91,91,86,86,91,91,91,89,89,87,83,83,49,53,61,106,112,129,130,133,124,103,86,84,86,92,112,130,150,152,153,141,153,139,138,136,136,166,166,132,132,131,117,119,124,131,132,131,133,133,133,131,109,121,123,135,135,116,111,98,70,88,88,88,79,54,98,130,130,75,76,122,97,97,63,63,134,134,102,56,56,88,115,136,65,77,131,108,108,61,64,127,85,85,71,82,64,46,23,30,30,33,35,35,39,35,33,40,136,136,61,60,93,96,90,86,86,82,82,82,92,92,71,46,45,45,51,52,54,113,117,126,152,152,157,136,112,10,6,42,42,45,66,110,75,75,57,57,51,54,54,55,63,94,108,125,134,154,160,159,159,159,159,157,90,81,56,61,78,82,91,91,74,31,25,34,36,47,61,40,30,30,35,45,55,58,66,47,47,47,60,95,97,96,97,98,101,100,100
76,81,81,81,92,92,92,86,86,86,84,83,84,75,61,87,97,105,108,110,124,123,105,86,84,86,87,99,108,119,140,140,140,170,170,138,136,138,166,166,134,132,130,118,119,124,131,132,131,132,133,133,131,109,119,122,135,135,116,116,116,70,88,88,86,36,36,98,130,130,75,76,122,97,97,59,61,134,134,102,74,56,118,134,136,65,65,79,79,108,61,64,127,85,85,71,82,70,37,30,30,23,30,35,38,35,23,23,40,134,134,61,59,59,58,77,79,79,79,82,85,93,99,69,46,45,45,45,47,45,47,48,48,99,152,157,158,157,157,125,105,51,133,75,110,75,62,31,31,31,50,50,54,55,63,68,96,56,59,104,152,159,159,159,159,158,156,114,101,92,92,92,115,91,31,25,29,34,34,47,24,23,24,28,28,28,25,39,25,34,33,43,53,57,58,60,96,98,98,98
63,75,79,79,83,86,85,77,78,83,87,83,87,75,74,68,96,105,106,105,103,105,103,87,85,87,87,98,105,108,134,137,137,145,139,138,134,138,163,163,134,132,134,119,124,128,132,133,131,132,132,133,131,122,121,122,135,135,123,121,121,70,70,79,79,58,58,98,130,130,79,90,122,122,128,59,61,133,74,74,49,55,118,134,136,65,65,79,79,108,70,80,127,105,105,71,82,70,37,23,23,23,31,38,39,23,23,22,31,123,128,96,60,59,55,48,48,48,62,76,76,78,79,79,53,47,47,45,45,44,44,47,48,48,46,77,120,157,157,157,155,155,152,147,110,75,33,31,30,15,15,15,53,54,60,60,66,53,53,53,59,62,100,104,158,158,152,152,152,113,121,126,126,113,31,28,29,31,29,19,18,18,24,20,28,28,28,30,22,31,31,33,43,43,48,51,53,53,53,64
63,70,75,79,83,83,74,74,67,68,78,75,78,75,83,68,93,93,93,99,99,103,103,91,86,87,87,96,98,103,106,125,135,135,136,137,137,142,163,161,134,132,130,121,121,128,133,134,132,132,132,131,129,116,116,122,133,133,123,119,119,74,73,73,64,58,58,126,132,132,79,79,93,90,128,59,61,133,74,74,50,50,118,134,136,84,84,97,132,132,70,70,84,84,105,69,105,70,30,29,17,17,30,33,33,23,24,23,31,119,128,119,96,72,58,48,48,48,62,78,78,85,79,90,79,53,53,48,47,46,47,48,48,48,46,50,56,59,107,119,155,158,158,154,152,109,88,33,30,23,15,16,18,20,54,60,66,52,53,52,57,43,57,43,49,99,111,152,152,121,121,121,120,116,28,25,19,30,19,18,13,16,20,20,23,23,30,31,30,33,33,41,42,41,43,47,48,47,40,35
70,70,70,83,83,83,75,74,72,68,78,78,78,68,68,64,68,68,87,90,99,103,103,102,86,87,87,90,96,100,114,133,135,142,136,136,137,146,161,156,133,130,130,117,116,121,133,135,133,132,132,131,129,114,116,123,133,133,123,119,119,74,73,64,47,47,58,126,132,132,79,79,93,90,128,63,70,133,91,91,50,50,132,113,84,14,14,97,132,132,70,70,84,84,105,69,105,69,30,14,14,11,31,30,33,22,25,15,31,119,147,128,141,126,123,123,123,96,63,63,78,89,101,107,110,151,151,73,50,48,49,50,49,48,48,50,55,54,56,54,57,99,158,158,155,154,155,109,98,43,36,20,20,18,45,44,44,29,49,29,53,40,40,40,41,42,43,53,99,99,113,85,116,85,25,14,5,7,2,2,2,2,16,16,16,16,30,31,34,35,35,35,41,38,43,47,47,40,35,27
59,59,59,70,72,73,74,75,72,68,68,68,76,61,64,64,67,68,86,90,100,108,108,106,98,87,87,90,98,103,114,130,133,141,137,124,124,146,156,144,133,131,130,128,118,121,133,134,133,132,134,132,129,114,116,123,133,133,120,114,114,74,73,64,53,53,54,126,132,132,82,82,112,112,134,63,70,130,91,91,50,50,128,113,84,55,55,97,129,129,82,82,122,122,122,69,69,68,39,30,29,6,5,2,33,21,30,15,39,125,147,145,146,142,141,126,125,121,82,82,87,101,103,107,110,151,151,149,121,87,77,52,52,52,58,55,59,54,54,52,49,57,99,154,155,154,155,151,151,151,105,97,45,20,53,35,29,18,21,29,55,40,40,37,41,41,42,45,53,76,85,82,101,85,35,6,6,7,7,2,2,2,16,16,16,15,20,31,35,40,44,41,38,33,38,48,52,36,25,18
46,50,57,70,73,71,75,80,75,68,68,53,59,60,60,67,68,81,89,97,124,130,121,106,88,87,88,90,92,100,100,123,123,142,141,102,76,92,144,138,132,131,131,115,118,131,133,133,133,134,134,132,129,114,123,125,128,128,120,117,117,76,73,68,53,53,54,130,130,115,67,50,91,112,133,63,70,130,91,91,54,57,128,113,113,55,55,129,129,82,70,58,90,122,122,69,69,62,49,43,37,17,37,7,23,15,34,15,43,127,143,131,144,144,143,143,137,129,88,82,86,92,103,103,99,99,101,121,147,147,153,153,70,66,70,66,64,54,54,48,43,47,64,70,97,57,98,108,151,151,151,151,160,150,101,65,53,18,18,22,41,40,37,36,37,41,41,42,47,76,92,85,101,90,54,35,18,60,18,2,2,2,2,11,15,11,17,18,18,18,35,35,38,33,53,53,53,40,27,25
46,49,57,78,73,71,73,80,69,58,53,51,51,56,60,68,80,84,89,96,121,106,106,89,88,88,91,91,95,92,92,92,92,130,124,121,76,92,138,135,134,134,132,136,128,136,131,133,133,134,134,134,129,121,124,125,125,124,120,117,117,76,73,68,53,53,54,129,129,115,67,65,91,112,133,81,86,130,128,128,54,57,127,79,79,47,55,129,129,82,70,63,90,121,121,86,106,62,49,43,43,43,48,20,20,7,16,2,39,128,131,125,62,141,143,143,143,143,137,88,88,92,93,89,91,76,91,75,105,147,153,154,146,110,98,81,65,57,54,48,43,43,51,57,57,47,57,63,68,118,132,151,160,160,156,152,93,92,35,35,41,37,34,34,34,37,38,41,47,83,95,104,101,96,90,64,71,71,60,49,2,2,11,18,17,5,16,16,14,14,37,37,38,33,38,53,53,41,37,18
50,52,75,83,82,71,58,58,59,59,63,53,51,59,63,72,80,82,88,93,93,82,82,84,86,87,88,91,91,91,91,91,92,96,112,112,92,149,131,135,131,135,136,136,119,131,131,133,133,134,134,133,132,121,125,125,124,123,117,109,117,76,73,68,56,56,57,120,120,115,78,65,106,133,133,81,81,88,88,128,54,57,125,79,79,50,55,131,131,85,72,63,121,121,86,73,73,67,63,38,53,58,56,48,23,7,2,2,22,129,129,47,46,37,43,140,142,143,142,139,127,110,93,89,93,76,76,75,75,76,90,124,124,146,138,138,84,65,61,43,42,42,47,46,46,45,48,57,58,68,113,113,99,160,156,156,155,155,155,96,85,41,37,35,34,34,34,38,43,84,95,104,92,90,90,98,108,85,76,98,55,11,55,39,18,16,16,20,22,22,35,37,37,53,53,53,49,44,38,32
49,49,48,75,58,64,64,64,63,65,65,64,51,51,63,73,81,82,86,86,82,80,81,86,86,87,89,91,91,91,97,92,92,90,112,116,116,139,127,129,133,136,165,165,119,136,132,133,133,133,133,133,132,131,122,124,124,123,119,109,118,72,72,67,56,56,57,120,120,91,49,49,106,135,135,81,81,88,88,128,61,70,125,125,125,50,55,120,77,77,34,56,121,121,86,73,73,70,40,34,40,58,56,55,39,20,2,2,19,129,129,47,20,18,37,38,39,142,144,144,144,142,143,89,116,76,76,75,75,75,79,79,79,103,138,153,153,153,139,81,47,42,47,46,46,45,45,47,48,50,61,61,57,65,107,107,152,155,155,156,156,150,108,97,35,34,33,36,41,83,92,96,85,90,98,106,108,107,108,107,107,104,66,61,43,18,37,33,27,27,35,37,37,40,56,57,49,44,41,32
43,45,48,74,71,64,54,59,54,59,65,64,59,58,63,68,77,81,84,84,86,82,81,82,84,84,84,86,86,88,96,96,90,89,96,124,118,118,107,120,127,136,165,166,148,148,133,133,133,133,132,132,132,147,121,124,124,123,119,118,118,72,67,49,49,56,57,119,119,91,58,58,106,136,136,78,78,118,118,129,61,61,79,79,125,50,55,120,77,77,63,67,123,123,123,73,73,70,40,21,40,58,58,56,55,39,30,19,41,137,137,56,18,7,32,35,38,45,62,142,144,143,146,143,122,84,76,75,75,75,78,78,79,78,83,110,153,153,150,140,101,91,158,62,47,44,44,45,46,46,56,56,55,55,55,54,54,93,103,156,156,156,156,158,120,116,79,41,77,82,85,85,42,42,92,101,106,106,109,108,110,110,110,110,106,108,44,42,37,42,35,37,35,40,58,59,57,44,32,32
28,28,29,45,51,65,65,65,54,49,58,58,63,63,68,73,81,80,83,83,86,86,85,83,84,84,88,86,86,88,96,96,89,89,116,128,129,128,107,100,107,133,164,166,166,166,148,133,133,132,130,130,131,147,121,125,125,124,119,118,118,72,67,49,49,52,53,111,111,89,58,58,136,136,132,66,61,85,118,129,61,61,79,79,126,68,80,120,120,120,63,67,89,88,88,66,128,72,43,17,40,51,61,61,61,53,48,47,53,140,140,76,45,8,32,32,32,27,30,48,65,137,143,149,149,116,110,73,75,75,78,78,78,77,76,81,82,107,140,140,150,154,158,158,101,47,44,42,45,46,54,54,53,48,49,48,45,52,89,89,86,123,156,158,160,160,160,94,82,87,101,101,42,42,61,101,61,63,104,106,108,110,110,110,108,109,109,109,44,44,44,42,39,41,56,59,56,32,24,24
28,27,29,45,54,70,65,60,49,49,54,58,63,68,75,85,87,87,84,84,87,87,85,83,84,88,88,82,82,80,86,94,87,91,120,129,130,129,118,89,94,107,141,164,166,166,160,133,132,132,130,130,131,138,121,125,125,124,122,114,114,78,69,49,49,52,53,111,81,81,38,58,136,137,132,66,57,85,118,128,81,81,122,122,126,68,68,88,88,129,63,67,78,78,78,46,128,55,55,35,48,48,61,61,62,62,56,53,59,141,141,78,62,47,45,47,44,44,44,47,60,105,124,137,149,149,138,138,78,75,75,75,75,77,76,76,80,80,80,79,97,154,158,158,158,141,101,46,46,50,56,56,48,47,47,45,42,44,45,56,38,56,96,110,157,160,160,160,154,134,121,103,95,95,40,46,40,46,50,61,64,107,106,106,106,108,109,109,108,105,54,45,45,48,50,56,47,31,23,21
27,26,27,48,54,65,65,52,52,49,55,58,66,75,88,88,89,88,87,83,86,86,85,83,83,88,90,90,80,75,77,83,84,84,91,129,133,133,130,89,92,98,125,150,165,165,157,133,132,131,130,135,135,138,126,126,126,125,122,114,114,77,69,49,49,52,53,81,81,81,60,69,136,137,132,85,57,117,128,128,58,46,86,122,126,68,77,88,88,129,37,42,69,69,69,46,103,55,55,43,48,29,29,25,51,61,61,59,71,140,140,76,67,62,62,56,50,47,47,60,65,97,117,120,120,120,138,156,142,142,76,75,73,73,73,75,76,77,76,76,76,79,153,155,155,158,141,145,140,95,87,57,45,45,45,42,42,44,44,37,28,37,40,56,72,92,98,157,154,134,134,104,95,95,37,38,37,35,35,35,37,49,60,60,104,106,106,106,108,107,108,110,107,91,50,56,47,43,24,23
26,27,42,48,49,54,54,47,51,54,59,59,59,66,88,92,92,91,89,87,85,84,83,83,83,84,89,89,77,68,69,78,82,79,80,132,147,133,130,89,124,124,131,138,150,160,153,133,131,130,130,135,138,162,165,151,126,124,122,117,116,77,69,61,61,65,69,81,81,81,60,69,135,127,90,54,54,117,128,128,81,86,122,130,131,130,129,130,129,130,37,42,69,76,78,84,127,74,70,63,63,48,29,25,16,15,59,61,71,135,135,80,67,66,67,66,65,66,66,78,78,93,97,93,86,79,86,134,142,158,158,151,73,73,72,72,74,75,75,72,72,57,78,147,150,105,140,154,154,160,98,93,57,45,42,40,40,42,44,34,26,28,26,35,26,32,32,46,108,108,121,95,68,68,37,40,37,35,28,26,26,24,24,27,46,54,63,102,105,105,107,110,107,107,107,104,93,47,45,40
26,26,41,46,46,41,43,41,47,64,67,67,66,73,83,88,92,92,92,87,84,79,83,82,81,82,87,89,86,69,74,78,79,79,79,84,148,147,145,139,145,133,136,147,155,156,154,133,130,124,130,135,152,163,164,164,147,125,124,124,124,82,77,61,61,65,69,76,76,60,60,69,135,127,127,90,117,131,132,132,130,130,126,130,130,131,131,132,130,130,130,129,116,76,76,84,103,75,74,63,53,51,32,25,15,14,14,15,67,130,130,125,72,66,63,69,66,78,86,97,93,86,83,83,84,69,71,68,71,126,158,152,152,151,72,60,72,72,72,64,56,52,56,56,101,58,69,93,154,160,160,160,151,116,45,42,40,44,49,49,26,28,26,26,21,20,25,32,46,81,100,75,48,48,31,38,31,28,25,25,25,24,20,20,14,38,46,54,61,64,105,107,107,107,107,108,108,107,106,101
42,42,42,46,46,54,47,47,51,64,64,67,67,73,80,83,92,92,93,122,85,84,83,81,80,80,85,87,87,77,77,78,79,79,79,80,131,139,139,136,149,136,136,136,137,138,147,131,112,104,124,126,152,163,164,164,161,125,124,128,128,82,50,50,61,65,69,69,76,82,126,131,135,135,136,129,132,132,132,132,132,131,130,130,131,131,131,132,130,130,130,129,116,74,74,76,76,74,74,51,51,51,45,29,25,15,14,14,15,127,130,126,81,70,69,77,90,92,99,99,93,86,86,83,84,74,71,62,60,62,66,99,151,152,156,123,74,72,64,60,52,47,52,53,58,56,63,63,64,130,160,160,161,158,158,91,86,86,52,49,28,28,27,27,26,16,20,21,41,75,89,75,48,48,31,27,23,27,25,25,19,20,13,13,11,16,38,48,48,48,50,57,58,95,104,107,108,108,106,106
42,48,48,51,54,56,64,65,64,70,69,70,71,73,76,83,92,93,93,122,131,84,81,80,78,78,85,88,87,81,77,78,79,79,79,80,83,107,117,117,117,132,133,132,133,131,137,121,119,112,123,123,132,152,163,164,161,126,125,128,128,85,85,86,122,129,130,129,127,126,127,131,133,136,138,137,134,134,132,134,132,131,128,128,129,131,120,132,130,130,60,116,116,74,73,70,72,74,74,49,45,46,46,57,28,25,17,15,34,127,133,129,133,128,121,121,132,133,102,99,87,87,99,86,88,75,71,50,50,59,59,59,61,95,123,156,123,92,80,60,56,55,56,53,57,51,52,49,52,55,56,103,125,158,161,160,160,101,87,82,36,38,34,33,28,13,20,20,35,75,86,80,72,72,35,23,19,19,16,16,2,6,6,8,8,8,20,38,39,39,46,50,53,54,54,60,104,106,106,107
59,57,57,70,70,82,122,97,97,83,89,89,80,73,73,94,93,93,93,121,155,121,81,81,78,78,80,88,90,90,78,78,78,79,79,79,81,83,107,117,117,117,95,95,96,98,103,110,110,110,122,122,122,122,158,161,159,126,126,127,128,127,124,122,124,129,129,129,130,130,130,131,133,136,138,136,123,123,123,132,131,131,129,128,129,120,120,128,97,89,60,89,95,73,73,69,65,62,53,48,32,32,49,57,49,57,67,55,67,129,144,133,145,141,132,132,136,136,113,87,87,98,112,112,98,77,74,46,48,54,54,54,53,55,57,93,93,159,102,126,99,60,99,56,53,49,51,48,48,51,55,55,55,69,104,158,160,153,153,153,82,80,47,34,33,13,9,9,35,62,86,89,80,109,35,23,12,16,12,14,2,6,2,6,8,8,16,21,23,23,45,50,51,45,50,53,53,53,53,103
114,102,74,112,122,122,122,97,101,99,101,99,93,93,82,94,93,93,94,97,105,105,83,81,78,77,77,90,90,90,81,78,77,78,78,79,79,83,97,103,103,103,92,95,95,95,95,97,97,111,122,122,117,116,116,147,126,110,110,110,127,127,128,125,130,129,129,129,128,127,92,53,100,100,110,80,89,75,89,115,120,127,129,129,129,121,127,128,122,89,81,89,95,70,70,69,65,54,53,49,46,34,46,54,57,59,67,65,67,130,144,144,147,150,144,132,132,132,88,88,88,98,112,113,112,98,75,46,46,50,50,51,51,51,55,59,62,90,102,159,126,159,111,111,68,51,51,48,48,50,52,50,50,50,51,84,132,153,153,153,155,150,145,89,39,30,30,31,37,60,84,115,84,111,35,29,16,16,14,12,2,2,2,2,3,4,6,22,23,23,42,43,43,33,42,45,45,45,43,46
114,122,148,148,131,130,122,89,101,101,102,103,103,102,102,95,95,94,96,98,98,98,79,80,78,77,77,80,88,90,87,77,76,76,76,77,78,79,80,116,117,118,111,92,92,95,96,97,92,109,110,111,105,105,104,105,102,105,107,110,127,127,128,125,124,121,128,128,128,128,92,53,100,100,100,69,89,75,89,75,120,127,129,129,127,121,127,127,97,81,78,78,68,68,68,68,62,53,49,48,26,26,27,41,49,58,59,58,59,131,131,131,144,150,145,144,132,129,88,88,88,89,103,110,110,155,103,103,50,50,47,46,47,48,55,59,61,61,61,91,99,159,122,160,111,68,51,48,48,46,49,49,49,50,50,54,84,115,115,116,150,155,151,151,148,136,68,38,42,62,73,90,84,109,41,33,19,16,15,15,2,2,2,2,4,4,16,27,34,27,34,34,33,24,33,45,39,45,39,42
123,149,151,151,148,131,109,97,102,102,102,103,106,107,102,102,99,97,97,105,107,105,75,75,78,78,78,84,85,87,87,77,76,76,75,75,76,76,78,98,111,120,117,98,90,92,89,89,90,100,110,117,117,107,105,105,96,96,96,103,104,110,113,113,113,113,127,127,128,127,124,118,108,104,100,75,56,55,58,53,53,53,127,129,127,80,79,78,75,67,63,63,68,72,68,68,59,59,49,33,22,27,27,34,41,42,42,40,58,131,131,122,64,73,144,144,144,131,112,92,88,88,92,92,97,97,132,153,132,95,50,45,45,45,48,53,60,58,56,55,61,97,108,156,152,157,152,59,53,43,45,48,49,50,51,56,70,88,88,86,58,95,150,151,151,156,144,86,82,86,90,115,90,109,90,49,33,29,16,16,2,2,2,2,2,2,3,27,34,27,34,34,17,17,24,37,27,45,39,42
124,142,151,154,149,138,120,107,102,105,102,103,103,107,101,102,99,102,105,117,117,104,75,74,78,78,78,75,85,86,86,78,75,74,74,75,75,75,78,80,117,122,119,117,92,98,98,96,90,90,109,110,115,107,105,105,96,79,79,91,103,103,109,112,113,115,127,127,128,127,124,118,108,104,75,55,54,54,55,53,53,53,62,81,81,79,76,74,74,66,62,62,50,73,68,68,59,59,45,30,27,34,34,47,47,47,42,40,77,136,136,79,64,73,78,140,144,144,138,132,103,88,89,75,75,62,75,132,132,153,95,92,48,45,48,53,56,56,50,50,50,55,75,78,122,156,157,157,81,53,43,48,48,49,50,56,57,74,74,38,38,49,68,102,133,156,144,144,143,122,116,92,90,104,102,101,49,49,47,27,24,2,2,2,2,2,2,15,34,15,34,27,17,17,19,37,20,39,33,35
142,153,154,154,150,147,138,120,107,107,102,103,103,103,99,99,99,102,106,112,112,104,73,72,78,81,83,83,83,84,82,78,75,74,74,75,75,75,75,77,111,125,122,120,117,101,97,95,88,88,100,113,115,107,107,107,106,91,91,103,106,106,109,106,113,113,114,114,95,74,83,92,100,90,64,53,53,54,58,66,66,62,67,80,80,80,74,67,66,64,50,50,50,72,73,76,67,55,51,54,56,58,60,65,66,70,71,90,90,140,140,113,95,78,78,87,95,142,142,138,133,119,93,84,65,65,65,53,70,84,127,152,127,88,57,53,55,55,55,55,50,50,51,64,77,98,155,157,158,158,85,50,49,49,47,55,56,63,63,38,38,49,55,49,55,96,98,143,144,125,125,119,92,104,102,102,101,100,86,86,52,43,2,2,2,2,2,13,13,3,8,23,17,23,17,30,20,24,24,33
126,137,142,137,147,147,147,133,85,112,103,107,107,107,95,95,99,104,107,112,113,107,78,73,78,78,80,81,81,81,78,78,78,75,75,75,75,75,75,76,77,124,124,119,117,115,98,96,90,86,86,89,105,105,107,112,107,97,96,102,106,103,100,85,37,68,68,55,55,55,74,92,92,78,64,53,54,59,67,72,66,62,62,65,64,58,58,64,64,64,49,49,39,18,39,77,77,54,51,59,60,65,71,74,74,75,90,90,92,144,144,113,110,110,86,86,92,93,116,138,141,137,137,89,66,65,65,65,69,70,81,127,152,153,148,88,57,55,55,54,49,46,49,55,56,56,66,98,157,158,158,152,131,67,56,55,56,58,55,43,43,48,51,42,42,42,54,55,97,107,125,92,86,86,101,102,102,105,106,106,106,106,52,46,3,3,38,34,13,3,3,11,23,29,29,48,20,20,13,24
126,126,126,108,121,133,126,129,112,112,109,108,108,107,97,107,106,107,107,107,113,112,76,72,76,80,81,81,81,79,78,78,78,76,75,75,75,74,74,75,76,119,124,137,137,115,98,96,94,86,86,86,104,105,107,111,108,102,96,93,106,106,100,85,37,49,50,50,51,57,66,83,78,64,64,59,72,76,84,72,59,56,56,49,52,49,46,57,54,54,47,47,41,18,54,77,55,54,62,68,85,88,85,88,93,92,90,83,92,144,144,110,95,86,86,86,87,78,78,91,141,140,141,137,84,66,66,66,66,70,70,70,89,152,153,150,130,84,58,55,51,41,41,51,56,56,59,61,65,100,152,157,158,157,97,80,63,63,61,44,44,48,51,48,42,42,45,48,55,70,107,75,64,64,57,102,101,104,105,106,107,107,106,99,81,50,50,41,34,13,9,11,28,32,32,49,41,32,13,13
94,94,95,95,95,111,100,126,100,112,108,109,108,112,97,108,108,108,108,109,113,122,112,78,76,80,80,80,78,78,78,78,78,76,76,75,75,74,74,75,75,75,75,124,124,124,106,96,94,93,86,85,86,103,104,109,109,108,102,93,76,84,76,91,68,58,50,49,48,47,54,59,54,57,64,72,79,79,91,60,48,48,45,49,49,46,42,41,43,52,52,60,54,54,77,78,77,78,82,89,89,89,88,93,93,75,69,61,84,144,144,96,86,86,86,82,82,78,78,78,90,100,140,140,146,84,67,66,61,61,61,64,62,64,148,148,148,133,93,88,57,41,41,45,49,49,54,51,51,55,61,98,157,159,159,155,86,77,66,46,46,46,48,42,43,43,45,46,53,53,71,71,64,64,55,64,48,64,98,102,106,107,108,106,102,99,99,59,52,34,16,27,29,32,43,51,41,41,14,13
62,72,78,83,75,86,100,112,105,112,109,112,110,112,102,101,102,101,108,109,114,122,124,78,72,77,80,80,78,78,78,78,78,77,77,74,74,74,74,74,74,75,75,127,127,124,110,96,96,94,89,86,89,90,103,103,109,109,111,100,100,84,81,81,68,49,48,34,34,31,43,49,54,54,57,76,79,79,92,60,48,27,39,45,45,43,43,46,49,62,62,90,96,106,106,104,100,104,100,91,90,93,88,93,75,69,66,66,109,143,143,89,83,72,71,69,69,69,69,74,74,74,90,99,146,151,151,67,60,59,59,59,61,64,63,76,133,133,153,116,91,88,80,49,46,46,50,50,44,44,55,59,62,104,155,157,155,154,152,77,95,46,42,42,43,46,46,46,49,49,70,71,69,71,53,35,30,46,48,59,76,106,107,106,104,104,109,109,108,59,44,44,32,35,32,43,40,41,39,32
41,67,78,78,75,98,100,112,104,112,105,110,110,110,102,95,101,101,109,109,111,117,124,122,78,83,79,80,79,78,77,76,77,77,78,76,76,76,75,75,75,75,75,124,127,127,138,107,97,89,90,85,86,86,103,103,109,115,115,115,111,84,76,71,41,21,13,11,13,3,30,43,49,53,53,58,79,91,95,61,39,20,41,45,45,66,66,66,71,107,107,106,106,108,108,108,104,105,104,103,102,106,106,104,75,75,69,105,109,137,137,104,87,72,71,69,69,69,80,80,71,63,54,54,99,151,153,151,90,58,58,59,64,67,73,76,76,99,116,116,159,101,101,80,49,46,49,47,40,40,51,55,55,57,63,102,154,155,155,155,147,108,108,76,49,48,48,46,48,48,71,78,71,71,53,24,21,30,30,46,50,60,67,103,103,109,110,111,108,104,100,49,46,46,44,44,40,40,39,39
67,78,81,89,78,116,101,116,104,112,109,112,110,110,102,94,101,110,110,109,109,114,117,121,91,107,83,80,80,79,77,76,77,77,77,83,76,76,74,74,74,73,72,72,127,127,126,120,97,89,90,85,89,85,92,98,107,115,115,114,107,100,85,71,40,37,13,11,13,3,31,42,44,53,50,50,87,87,95,61,13,13,20,41,46,66,71,89,107,113,113,113,106,106,103,103,103,103,103,102,104,106,106,106,105,105,106,107,110,126,128,111,91,89,72,69,67,46,69,70,70,54,51,54,65,71,100,151,153,148,62,63,67,72,73,76,59,48,48,50,93,120,114,108,89,49,49,40,40,40,43,47,43,43,50,54,54,110,152,155,152,147,129,117,86,49,49,48,50,50,79,88,71,84,53,24,21,21,15,15,15,26,30,51,60,99,110,111,111,107,106,106,106,103,84,59,43,41,39,39
81,114,116,114,116,123,123,116,104,116,110,123,113,110,102,93,93,102,110,109,109,111,111,74,74,122,107,80,79,78,74,74,75,75,77,83,83,76,75,75,75,74,72,72,125,126,125,120,108,92,90,89,89,86,92,93,104,107,108,109,112,109,95,93,73,42,40,39,38,39,42,49,44,47,47,57,65,64,87,61,53,41,53,69,75,88,89,108,113,115,115,113,104,103,103,102,103,103,104,102,101,103,104,105,105,105,103,105,106,126,129,126,111,111,91,76,67,46,78,78,78,59,71,55,62,65,71,96,100,158,155,155,73,72,72,69,58,41,38,44,51,66,108,114,114,150,85,54,40,40,42,43,43,43,49,49,49,49,50,96,147,147,147,152,155,154,120,66,56,56,74,88,79,113,53,40,24,21,15,15,15,20,20,20,25,28,60,99,104,104,106,109,110,107,106,97,68,45,45,39
117,116,122,116,123,127,127,116,110,118,120,123,117,113,104,102,97,102,102,105,109,111,119,74,74,107,122,81,78,78,73,74,73,73,74,83,83,75,74,74,74,72,72,72,72,125,125,125,114,103,92,89,90,89,90,92,102,104,107,107,107,109,103,98,95,75,56,54,52,52,52,49,44,44,48,57,66,76,82,64,62,49,69,83,101,109,108,108,107,113,112,110,103,103,102,103,104,104,104,104,104,103,104,105,105,105,103,103,108,129,135,129,135,126,118,118,117,114,81,81,81,90,88,72,62,59,66,71,85,96,155,156,155,95,70,69,58,53,48,48,51,52,66,79,108,155,160,160,96,43,45,43,43,43,49,49,49,49,50,50,79,102,146,152,155,158,158,120,86,66,79,113,79,115,54,53,35,27,25,24,20,20,20,24,25,28,42,44,50,70,94,106,109,106,106,105,106,110,109,50
107,110,117,113,122,127,127,118,116,119,120,120,115,111,113,108,102,102,102,106,116,110,119,108,79,105,122,112,77,76,73,73,73,73,73,81,81,77,74,74,74,72,72,71,71,125,128,137,120,106,101,89,95,89,87,87,99,99,96,105,109,109,112,98,98,85,80,63,57,54,53,50,53,54,57,57,66,66,58,58,62,65,80,93,109,111,111,109,106,106,106,103,103,103,102,103,104,106,106,107,104,104,104,105,104,103,102,102,104,129,140,138,141,138,131,127,127,125,110,99,98,99,101,88,58,47,62,70,70,69,69,121,156,154,152,70,64,57,53,48,52,51,53,58,79,96,155,160,155,154,99,45,43,43,49,50,50,49,50,50,54,67,79,108,119,154,154,154,153,90,90,120,117,114,60,60,43,35,34,34,29,33,33,33,35,35,44,42,45,45,50,59,88,105,105,105,108,110,110,110
95,97,110,110,123,123,123,119,118,119,118,115,111,108,111,104,101,101,98,103,108,110,122,110,122,118,122,112,77,77,74,73,73,73,73,74,77,77,74,73,73,72,72,71,71,70,128,137,125,116,101,91,91,90,87,87,93,93,89,89,103,109,113,113,100,98,80,72,54,52,52,48,53,54,58,66,71,72,74,58,58,70,80,83,84,109,107,94,91,83,83,90,101,103,101,103,104,105,106,107,107,107,104,103,103,103,102,104,108,129,140,129,142,142,140,131,131,123,102,93,93,98,107,108,101,47,59,60,66,65,66,71,106,106,152,143,143,70,62,59,52,52,53,58,58,56,56,147,154,155,155,138,77,52,53,53,53,53,55,55,56,62,64,67,99,100,100,153,154,142,130,130,117,114,64,64,43,40,35,40,35,41,40,40,44,53,53,42,50,40,40,36,40,56,63,101,105,110,110,110
92,92,95,109,115,115,96,109,118,119,118,110,108,107,108,108,101,101,98,103,107,107,115,115,123,118,112,93,77,77,74,73,73,73,73,73,73,75,74,73,73,73,72,71,70,69,123,139,125,116,101,80,90,90,90,87,87,83,81,81,105,111,113,116,108,93,89,76,57,54,53,44,53,58,61,70,70,58,46,46,48,70,78,80,81,84,82,75,75,77,79,89,98,104,104,104,105,106,109,110,109,107,103,103,102,102,101,102,109,129,129,126,114,140,141,137,137,102,93,92,98,98,107,108,110,101,85,65,60,59,55,65,65,71,95,143,158,143,97,66,62,53,64,68,65,56,55,53,56,106,138,157,138,96,88,57,57,58,58,57,57,59,59,63,63,85,80,96,97,130,132,130,98,108,67,64,34,28,25,32,32,41,40,40,42,53,53,47,51,35,40,33,29,29,41,53,54,103,108,109
68,76,77,90,95,96,92,96,119,118,117,107,108,107,108,113,101,98,96,97,97,104,115,118,123,118,69,69,73,74,73,73,73,73,73,73,72,75,74,73,73,73,72,71,69,69,123,172,172,125,116,91,91,91,91,91,87,81,81,92,99,99,108,116,119,109,91,76,65,56,56,53,53,61,67,67,67,50,37,37,48,70,78,78,79,76,76,74,75,76,77,79,98,104,104,104,106,107,111,110,110,106,102,101,101,101,101,103,109,129,129,113,96,113,140,140,140,131,102,92,92,92,97,108,110,120,114,87,65,59,51,65,55,55,55,80,130,158,158,141,92,66,68,76,76,58,53,51,50,51,64,92,95,154,96,96,84,60,60,58,58,59,59,63,63,63,61,66,80,89,98,98,90,90,89,57,28,26,20,23,23,32,36,32,30,30,47,31,50,24,36,20,20,29,29,41,51,54,57,83
33,46,76,90,90,92,92,96,129,106,110,106,108,108,112,120,107,99,96,97,97,101,113,118,118,93,68,69,73,76,74,73,71,69,70,72,72,73,74,73,73,72,71,71,69,69,156,174,174,171,119,111,106,92,92,92,91,87,87,94,99,99,108,115,115,109,91,89,65,65,56,56,61,67,70,70,67,50,46,38,61,77,78,78,76,74,72,72,75,75,77,79,80,104,106,107,107,112,112,110,110,107,102,100,100,99,99,103,107,135,135,99,96,99,107,137,141,141,133,117,92,88,93,93,97,120,151,152,119,65,42,54,51,48,48,69,76,105,105,157,107,107,77,77,65,59,57,50,48,49,49,58,92,123,154,159,154,89,82,65,62,59,59,63,63,63,61,63,66,67,97,90,90,90,90,91,56,28,23,19,19,23,25,25,20,20,33,36,50,24,19,15,16,27,25,41,48,51,49,49
33,46,73,95,95,95,136,104,136,97,115,106,113,112,112,101,90,93,96,97,98,104,107,116,113,68,68,73,76,76,74,73,71,69,70,71,72,73,74,73,73,72,71,71,70,69,70,174,174,172,119,111,106,93,93,98,93,87,87,94,99,99,99,107,109,99,91,78,66,66,64,61,66,67,74,74,71,55,49,49,62,75,77,76,75,72,66,72,77,77,80,80,81,106,118,119,118,114,112,111,107,107,106,102,99,99,101,103,105,135,135,99,96,100,107,111,121,141,142,133,122,88,89,88,65,54,120,152,152,143,69,54,42,42,42,62,66,71,71,92,148,151,106,99,74,59,57,56,48,46,46,53,58,95,98,156,156,160,154,85,69,63,58,60,62,63,61,63,64,67,69,85,73,85,91,103,91,75,47,23,19,36,37,36,33,33,53,51,50,32,26,16,16,16,25,41,51,49,41,37
59,69,80,103,118,118,147,142,136,106,110,106,112,105,101,75,88,88,93,99,101,101,105,112,113,108,108,160,164,100,75,73,72,70,70,72,72,73,73,73,72,72,72,70,70,68,68,168,173,171,167,86,86,100,100,100,98,88,88,91,97,107,99,99,93,66,66,66,66,78,67,89,67,74,74,74,66,49,48,48,48,62,65,74,63,59,63,68,80,77,80,77,78,88,98,118,118,112,98,92,92,106,106,96,95,96,96,101,105,134,134,103,96,103,106,108,111,112,137,139,137,126,126,89,41,41,65,102,143,148,148,129,54,34,34,48,59,63,59,71,92,148,108,101,100,74,59,60,56,51,49,51,55,65,95,68,115,154,158,158,158,86,59,59,62,63,62,63,65,69,72,71,68,71,91,105,103,107,102,76,55,55,48,46,46,65,69,63,47,38,38,19,19,16,19,41,48,47,40,37
64,67,74,80,103,130,147,142,118,103,109,97,86,72,74,62,75,88,93,95,101,103,105,107,114,113,146,162,169,169,75,74,73,70,70,70,71,72,72,73,72,73,72,70,68,68,68,132,173,173,167,86,78,88,98,98,95,90,88,88,91,107,97,93,72,66,66,78,89,89,89,95,67,71,66,66,42,42,43,43,43,44,62,74,54,53,53,59,80,77,77,66,66,72,88,88,82,82,80,81,81,81,83,83,83,80,80,78,101,132,132,103,79,79,78,78,77,77,82,137,139,130,130,126,65,38,65,50,102,143,148,144,135,59,41,41,48,54,54,59,81,99,106,100,101,125,125,68,59,54,51,53,55,61,65,62,65,71,121,158,158,156,155,83,63,62,60,60,68,71,72,68,65,66,90,103,103,107,107,105,98,60,60,58,56,69,76,70,48,40,41,30,16,2,12,16,49,49,41,37
59,64,67,74,74,98,138,138,109,109,109,79,74,72,74,62,75,83,98,98,101,103,108,113,114,113,140,161,162,168,75,74,73,72,69,69,68,69,69,73,72,73,72,70,68,68,67,131,156,170,152,127,75,73,95,96,95,93,88,85,86,91,97,103,94,78,78,80,98,95,89,89,79,79,61,47,42,40,39,41,41,44,52,54,54,52,44,44,47,50,57,57,59,61,69,78,78,78,78,78,76,75,76,77,79,79,78,77,77,132,132,88,74,74,74,78,77,77,79,82,85,130,139,130,73,38,44,44,45,31,52,135,148,148,73,54,41,49,40,54,60,89,99,89,99,159,160,155,126,65,54,54,56,59,65,59,62,62,65,72,112,155,156,161,161,84,63,67,68,70,72,72,66,68,57,90,78,105,105,105,105,105,99,62,50,50,76,54,50,47,46,38,16,2,3,16,46,48,40,27
64,66,69,74,74,77,103,104,104,106,106,79,72,72,74,77,95,95,100,100,111,114,114,113,113,113,140,159,162,168,168,74,72,69,68,68,68,72,72,73,73,73,72,71,68,68,67,99,131,152,143,104,73,68,75,96,96,95,93,90,86,94,98,98,92,81,81,84,87,84,83,84,84,90,90,47,44,40,41,41,44,44,46,46,46,45,44,45,47,47,54,57,59,61,64,69,74,75,75,74,74,74,74,75,77,77,76,73,73,131,131,79,74,74,74,80,79,79,79,82,83,83,137,137,93,44,73,38,32,30,32,52,135,148,139,138,80,39,17,40,56,69,80,78,79,98,159,155,155,142,110,56,59,59,61,57,60,62,62,62,63,70,99,155,161,159,141,75,71,71,72,74,72,83,48,78,66,82,92,98,104,105,108,110,100,76,54,52,50,48,41,20,16,2,2,3,46,49,39,27
78,78,81,82,77,82,103,103,103,106,106,106,72,74,74,99,90,90,105,111,118,118,116,116,111,118,142,159,163,172,172,70,70,66,66,66,73,73,74,74,74,73,71,72,71,68,68,99,116,105,105,73,91,73,91,75,97,96,96,95,94,98,98,98,94,81,87,84,84,81,81,81,84,90,90,47,44,40,40,37,41,30,30,30,44,45,46,46,47,47,47,47,57,60,64,66,72,73,72,71,72,74,74,74,75,77,75,43,43,125,125,103,74,74,80,80,80,82,85,85,83,82,83,148,148,89,93,93,93,31,39,51,51,139,139,159,138,80,12,12,44,69,80,69,64,63,89,155,155,155,142,110,101,55,60,56,60,65,65,60,59,60,70,99,160,159,160,141,87,74,74,74,72,116,48,86,78,82,83,83,99,104,108,110,111,110,54,52,48,46,20,20,20,2,2,2,44,44,35,35
