99,99,99,99,98,99,99,100,100,99,99,100,99,100,100,99,98,97,97,97,97,97,97,97,96,97,97,97,98,98,99,98,98,99,100,100,101,101,100,101,101,101,100,100,100,100,100,100,100,100,100,100,99,99,99,99,99,98,99,98,98,99,98,99,99,99,99,98,98,98,97,97,97,97,98,97,98,98,98,99,99,98,98,99,98,98,98,98,97,97,97,97,98,99,98,96,98,97,98,99,99,99,101,100,101,102,103,103,104,104,104,104,105,104,104,104,104,104,104,104,104,103,104,103,103,103,103,103,103,104,103,102,102,103,102,101,102,103,101,102,100,100,99,99,98,97,97,97,97,96,96,97,96,97,96,96,95,96,95,97,95,95,96,97,129,133,133,142,135,152,161,123,105,125,143,118,128,125,121,119,123,118,117,117,118,113,106,105,106,105,154,154,106,109,107,105,117,159,146,122
100,98,99,99,99,99,99,99,99,100,100,100,100,100,100,99,98,98,97,97,97,97,97,97,97,97,97,98,98,98,99,98,99,100,100,101,100,101,101,102,102,101,101,101,100,100,100,101,101,100,101,100,100,99,100,100,99,99,99,99,99,99,99,99,99,99,99,99,98,98,98,97,98,98,97,98,98,98,98,99,99,98,98,99,99,99,99,98,97,98,97,96,98,98,98,98,98,98,99,100,101,101,101,101,102,103,103,104,105,105,105,105,105,105,105,104,105,105,104,104,104,104,105,104,104,105,105,105,105,105,104,103,103,103,102,102,102,102,102,101,100,99,99,99,97,97,97,97,97,96,96,95,97,96,97,96,95,96,95,95,95,95,97,128,130,127,119,142,138,167,133,144,118,127,124,122,127,121,118,115,140,116,115,115,114,98,103,104,158,156,112,116,107,106,106,128,139,120,120,119
99,99,99,99,99,100,99,99,99,99,100,100,99,100,100,98,98,98,98,98,97,97,98,97,98,98,98,99,99,99,99,98,99,99,100,100,100,101,102,102,102,101,100,101,100,101,101,101,102,101,101,101,100,100,100,100,100,100,99,99,99,99,99,99,99,99,99,99,99,98,98,97,98,98,98,98,98,98,98,98,98,98,98,98,98,98,98,98,98,97,96,96,97,98,97,98,98,99,100,101,102,102,102,102,103,103,104,105,106,105,105,106,106,106,106,106,105,106,105,104,105,105,105,105,104,106,106,105,105,105,105,104,104,104,103,103,103,102,101,101,100,99,99,99,97,97,97,97,96,95,93,94,95,95,95,95,96,95,94,94,93,133,125,123,123,124,123,128,141,182,132,158,127,125,123,125,126,122,116,111,139,112,113,114,113,99,109,124,148,108,119,104,106,103,183,178,136,119,118,117
99,99,99,99,99,99,99,99,99,100,99,99,100,99,100,99,99,98,98,98,98,98,99,98,98,99,99,99,98,99,99,98,99,99,99,100,100,101,102,101,102,101,101,101,101,101,101,101,101,101,101,101,101,100,101,100,99,100,100,100,100,99,100,99,99,99,99,99,98,98,98,98,99,98,99,98,99,98,98,98,98,98,98,98,98,98,98,97,97,97,97,97,98,97,99,99,99,99,101,101,102,102,102,103,103,104,104,105,106,106,107,107,107,107,106,106,106,106,106,106,105,106,105,105,106,106,106,106,106,105,105,105,105,104,103,104,103,101,101,100,100,99,99,98,96,97,94,92,93,92,93,93,95,94,95,96,95,95,94,94,127,130,128,119,116,122,113,126,147,176,173,166,121,121,122,123,126,120,114,110,132,113,113,116,114,106,159,101,108,103,113,111,158,159,120,124,121,122,115,120
100,99,99,99,99,99,98,99,99,99,100,100,100,100,100,100,98,98,98,98,99,98,98,98,99,99,98,99,99,99,99,99,99,99,99,100,100,100,100,101,102,101,101,101,100,100,101,101,101,101,102,102,102,101,101,100,100,100,100,100,100,100,99,99,99,99,99,99,99,99,99,98,99,98,99,99,99,98,98,98,98,98,98,97,98,98,98,98,98,98,99,98,98,99,99,100,100,101,101,102,102,101,102,103,104,105,105,106,107,107,108,107,108,109,108,108,107,106,106,107,107,107,106,107,106,106,105,105,107,105,106,104,105,104,104,104,102,101,101,100,100,99,96,97,95,94,93,92,94,94,94,95,95,96,96,96,96,95,130,129,122,122,120,118,113,121,102,160,123,171,162,164,119,119,119,120,124,117,114,110,140,110,114,98,159,110,99,100,103,107,149,155,119,116,122,126,106,122,116,119
99,99,99,99,99,99,99,99,99,100,99,100,100,99,99,100,99,98,99,98,99,99,98,98,99,99,98,99,99,98,99,99,99,99,99,100,100,100,101,100,101,101,101,100,101,101,101,101,102,102,102,102,101,102,101,101,100,100,100,101,100,100,99,100,99,99,99,99,98,99,99,99,98,98,98,98,98,98,99,98,98,98,97,99,99,99,99,99,99,99,99,99,100,100,100,101,102,102,101,101,101,102,102,104,105,104,106,107,108,108,109,109,109,109,109,109,108,108,107,107,106,107,106,106,106,106,106,106,105,106,105,105,105,105,104,104,102,101,101,100,99,97,96,96,94,94,95,95,96,96,95,95,95,96,96,96,95,128,127,127,117,111,121,113,110,149,128,135,108,146,166,162,118,119,119,118,123,114,112,108,151,112,107,98,103,114,103,104,131,150,115,119,115,120,123,126,94,120,119,122
100,99,99,99,98,99,100,99,99,99,100,99,100,100,100,99,100,99,99,98,98,98,98,98,99,99,98,98,99,99,99,99,99,99,100,100,100,100,100,100,100,100,100,100,100,101,101,102,102,102,102,102,102,102,101,102,101,101,100,101,100,100,100,100,99,100,100,99,99,98,99,99,98,98,98,98,98,97,98,98,100,99,99,100,100,100,100,100,100,101,101,100,101,101,101,102,102,103,102,102,103,103,103,104,105,105,107,108,108,109,109,110,110,110,109,109,108,108,107,108,106,107,107,106,106,106,105,106,105,106,105,105,105,105,104,103,103,102,102,101,99,99,97,95,96,97,97,95,96,97,96,96,96,96,96,115,132,131,120,116,120,108,114,103,156,124,127,105,133,167,177,158,117,117,117,117,118,112,106,105,185,176,104,100,106,108,112,146,113,115,117,116,112,116,119,124,101,125,122,120
100,100,99,99,99,99,99,99,100,100,100,100,99,100,99,99,100,100,99,99,99,98,99,99,99,99,98,99,99,99,99,99,100,100,100,100,100,100,100,99,99,100,100,100,100,101,101,102,102,102,103,102,103,102,102,102,102,101,101,101,100,100,99,99,100,100,99,99,99,99,99,99,99,99,98,98,97,97,98,99,100,100,100,100,100,100,100,101,101,101,101,102,102,102,103,103,103,103,104,103,104,103,105,105,106,107,108,109,110,111,111,111,110,111,111,110,110,110,108,108,108,108,108,108,107,106,106,106,105,105,105,105,105,104,104,103,102,102,102,100,99,98,97,97,98,98,96,96,97,97,96,97,96,97,130,126,130,120,113,115,113,112,161,126,127,125,128,140,181,121,187,160,116,115,116,116,113,106,167,183,141,121,104,100,110,170,183,118,111,117,122,118,112,109,113,121,120,121,120,116
100,100,100,99,99,99,99,100,99,99,100,100,100,100,99,100,100,99,99,99,99,99,99,99,99,99,99,99,99,99,99,99,100,100,100,100,99,100,99,99,100,99,100,100,100,100,101,102,102,102,103,103,102,102,102,102,102,102,102,101,101,101,100,100,100,100,100,100,100,99,100,99,100,99,99,99,98,98,100,100,100,100,100,100,101,101,101,101,102,102,103,103,103,104,104,104,104,104,104,104,105,105,106,106,107,108,110,110,109,111,111,111,111,111,112,111,111,110,109,108,108,108,108,108,107,107,107,106,106,106,106,106,105,104,104,104,103,103,102,101,98,97,99,99,98,98,97,98,98,97,97,97,96,126,129,122,116,117,114,109,110,138,130,126,127,127,128,180,180,126,188,163,118,114,115,116,160,165,125,136,150,120,108,141,156,87,123,113,111,116,121,120,113,106,111,123,130,123,115,114
100,100,100,99,99,99,100,99,100,100,99,100,100,100,99,100,99,99,99,99,99,99,99,100,99,99,100,99,99,100,100,100,99,99,100,100,100,100,99,100,100,100,100,100,100,100,101,102,102,103,102,102,103,103,102,103,102,103,103,102,102,101,101,100,100,100,100,100,99,99,99,100,100,100,100,100,99,100,100,100,100,100,102,101,101,102,102,102,103,103,104,104,105,105,105,105,105,104,104,106,105,106,107,107,108,109,110,111,110,111,111,111,111,112,113,112,111,111,110,110,110,109,109,108,108,108,107,107,106,106,106,105,104,103,103,103,104,103,102,100,97,98,99,99,98,98,97,97,98,98,97,125,130,123,128,105,114,111,113,96,132,131,130,126,127,126,129,173,148,171,177,163,113,114,122,97,184,129,133,138,147,150,157,119,115,86,120,114,111,117,115,119,107,106,115,122,127,120,115,113
100,100,100,100,100,99,99,99,99,100,100,100,100,100,100,99,99,99,99,100,100,99,99,100,99,100,100,99,99,99,99,99,99,100,99,99,100,100,99,100,100,100,100,100,100,100,101,102,102,101,102,102,102,102,102,103,103,102,103,103,103,101,101,101,101,101,100,99,99,100,100,101,101,101,101,101,101,100,100,101,100,101,101,101,102,102,103,103,104,105,105,105,106,107,106,106,106,106,105,106,107,108,108,109,109,110,111,111,112,112,111,113,113,113,112,113,112,112,112,111,111,110,110,108,109,109,108,107,107,106,106,105,104,103,103,103,102,102,102,100,99,100,99,99,99,99,98,98,98,98,136,124,121,106,117,114,109,131,131,134,132,129,130,126,129,126,127,161,151,180,171,166,113,92,155,110,130,139,137,162,126,122,123,116,115,84,120,114,112,114,114,113,108,109,115,119,127,115,112,158
101,101,100,100,100,100,99,100,100,100,100,100,100,100,100,99,99,100,99,100,100,100,99,100,99,99,100,99,99,99,99,100,99,99,99,100,100,100,100,100,100,99,101,100,100,100,100,101,101,101,101,102,102,102,102,102,102,102,102,102,102,101,101,101,100,100,100,99,100,101,101,101,102,101,102,102,101,101,101,102,101,102,102,102,103,103,104,104,106,106,106,107,107,107,108,107,108,107,107,108,108,109,109,109,110,111,111,112,112,112,113,113,114,114,113,114,113,113,112,112,111,112,111,110,109,109,109,108,107,107,106,105,104,103,103,102,102,101,102,101,101,101,101,101,100,100,99,99,126,130,122,117,112,113,116,115,142,133,133,136,133,131,132,126,128,124,126,162,154,144,166,153,147,98,107,131,137,142,186,121,123,123,118,119,120,84,119,113,112,115,116,113,113,114,115,118,123,159,136,195
101,101,100,100,100,100,100,100,100,99,100,100,100,100,99,100,100,99,100,99,99,99,99,99,99,100,99,99,99,100,100,100,99,100,100,100,100,100,99,100,99,100,100,101,101,100,101,101,101,101,102,102,102,103,102,102,102,101,100,101,101,101,102,101,101,100,100,100,101,102,102,102,102,101,102,103,102,102,103,103,104,103,102,103,104,103,105,106,107,107,107,108,108,108,108,108,108,109,107,108,109,110,109,110,111,112,112,112,113,114,113,114,114,115,114,114,114,113,113,112,112,111,111,112,110,109,110,108,108,107,107,106,105,104,103,103,102,103,103,103,103,102,102,101,101,100,98,128,121,107,125,116,117,111,139,134,140,131,132,136,134,131,129,127,127,131,114,134,130,140,167,138,106,111,122,148,200,187,116,110,118,121,119,119,124,87,121,116,113,115,116,117,117,113,115,136,140,193,137,146
101,101,100,101,100,100,100,100,100,100,100,100,100,100,100,100,100,100,100,99,100,100,100,99,99,100,100,100,100,100,100,100,100,100,100,100,100,100,100,100,100,100,101,101,101,100,101,101,102,101,101,102,101,102,102,102,102,101,101,101,101,100,101,100,100,101,101,102,101,102,103,103,102,103,103,103,103,103,104,103,103,103,103,102,104,105,106,107,108,108,108,109,110,110,108,109,109,109,108,109,110,110,112,112,112,113,113,114,114,114,115,114,115,115,116,115,114,114,113,113,112,112,111,112,111,110,110,109,109,109,108,107,106,106,105,105,105,104,104,104,104,103,102,102,101,131,128,118,112,113,120,112,110,164,136,132,141,132,131,138,136,131,129,122,104,116,115,141,121,139,159,127,109,122,165,147,121,119,106,108,116,121,121,122,123,89,121,114,112,113,119,115,118,121,137,193,148,142,145,147
101,101,101,101,100,100,100,100,100,100,100,100,100,100,100,100,100,100,100,100,100,100,100,99,100,100,100,100,100,100,100,100,100,100,100,100,100,100,100,99,100,100,101,100,101,102,101,101,101,102,101,101,101,101,101,102,101,101,101,101,101,100,100,101,101,102,102,102,102,103,103,103,103,103,104,104,104,104,105,105,104,105,104,103,104,105,107,108,109,109,109,110,110,110,110,109,109,109,108,110,111,111,112,113,113,113,114,114,115,115,116,116,116,116,116,116,115,114,114,113,113,112,113,112,111,111,111,110,109,109,109,108,108,107,107,107,107,106,106,105,104,104,103,101,130,130,117,122,116,110,110,160,139,139,135,133,145,131,134,137,136,154,153,112,106,114,145,165,156,131,129,131,147,132,119,121,113,110,105,107,112,123,121,122,123,100,116,110,113,116,125,119,131,189,136,138,155,141,145,141
102,102,101,101,101,101,101,101,100,101,101,100,101,100,100,100,100,101,100,100,100,100,100,100,100,101,100,100,100,100,100,101,100,100,100,100,100,100,100,100,100,100,101,101,101,101,102,101,101,101,101,102,101,102,102,102,102,102,102,102,101,102,102,102,103,103,103,103,104,104,104,104,105,105,105,106,106,106,106,106,106,106,106,105,105,106,106,108,109,109,110,110,111,111,111,110,110,110,110,111,112,113,112,113,114,115,115,115,116,116,116,116,116,116,116,115,115,115,115,115,114,113,114,113,112,112,112,111,111,110,110,109,108,109,108,108,108,107,106,105,105,104,132,134,128,117,109,117,113,114,171,141,139,138,135,134,150,133,134,139,132,105,137,111,171,120,120,151,144,149,129,167,120,115,114,115,113,108,104,107,116,117,117,119,117,108,114,113,115,118,141,192,142,142,146,141,154,147,155,194
103,103,102,101,101,101,100,101,101,101,101,101,101,101,101,100,100,100,101,100,101,100,100,100,100,100,100,100,100,101,101,100,100,100,100,100,100,100,100,100,101,100,101,102,101,101,102,101,101,102,102,102,101,102,102,101,102,102,102,103,104,103,103,103,104,105,105,105,105,105,105,105,106,106,107,108,108,108,107,107,107,107,107,107,107,107,107,108,109,110,110,111,111,112,112,112,112,112,112,113,112,113,114,114,114,115,115,116,117,117,117,116,116,114,116,116,115,116,116,115,115,115,115,114,113,113,113,112,112,111,111,110,110,110,109,108,107,106,106,105,104,128,130,122,113,113,108,116,169,144,140,139,138,138,136,134,157,137,120,104,110,104,143,154,124,119,119,140,142,148,162,178,115,115,113,112,111,107,105,106,114,120,117,117,118,117,116,117,132,194,141,147,144,147,142,138,196,187,145,116
103,103,102,102,101,101,101,101,101,101,101,101,101,101,101,101,101,101,101,102,101,101,101,101,101,101,100,101,101,102,101,101,101,101,101,101,100,101,100,100,101,100,101,101,102,101,101,102,101,102,102,102,101,102,101,102,102,103,103,103,103,104,104,105,105,106,106,107,107,107,107,108,108,108,108,109,109,109,109,108,108,108,108,108,108,108,108,109,109,110,111,111,112,111,112,111,112,112,113,113,114,114,114,114,115,116,116,117,117,117,116,116,116,116,116,117,117,117,117,116,116,115,115,115,115,115,114,113,112,112,111,111,112,111,110,108,108,108,106,124,127,121,120,115,114,114,113,160,145,140,139,137,138,139,137,135,169,122,130,106,112,141,135,132,121,119,119,111,143,153,176,180,112,113,109,110,110,106,105,107,115,118,116,116,119,126,121,186,137,147,146,145,145,142,188,162,163,120,114,118
103,103,102,103,101,101,101,101,101,102,102,102,101,102,102,102,102,102,102,102,101,102,101,102,101,102,101,101,101,101,101,102,101,101,102,101,101,101,102,101,101,101,102,101,101,101,102,101,102,102,101,102,102,102,102,102,103,102,104,103,104,104,105,105,106,106,107,108,108,108,108,109,109,109,110,110,110,110,110,110,110,109,109,109,109,109,109,108,109,110,110,111,112,112,112,112,112,112,113,113,114,114,115,115,116,116,117,117,117,117,116,116,117,118,117,117,117,117,118,116,116,116,116,116,116,115,115,114,114,114,113,112,112,111,110,109,108,108,125,130,123,123,121,116,107,146,160,145,145,141,140,138,138,138,138,149,127,107,114,156,136,134,135,131,122,119,119,115,102,167,186,180,111,112,108,110,111,107,105,109,114,118,119,119,98,166,131,144,140,141,143,143,182,147,119,122,121,121,118,121
103,103,103,102,103,102,102,102,102,102,103,102,102,103,102,102,102,102,102,102,102,102,102,101,102,101,102,102,101,101,102,102,101,101,101,101,102,102,101,101,102,102,101,101,101,102,102,101,102,102,102,102,102,102,102,102,103,103,103,104,104,104,105,105,106,107,107,108,108,108,109,109,110,110,111,110,110,111,111,111,110,111,110,110,110,109,110,109,109,111,110,111,112,112,112,112,112,114,114,114,114,115,116,117,116,116,117,117,117,117,116,116,116,117,117,118,117,118,117,117,116,117,116,116,116,115,114,115,114,114,113,112,112,112,110,110,120,130,119,113,109,120,111,114,150,145,150,142,144,141,140,138,138,157,108,111,120,123,137,133,132,133,135,129,119,119,120,177,131,170,198,183,109,113,108,110,111,108,107,113,118,123,102,158,113,140,140,136,137,148,183,166,121,116,118,119,119,121,120,121
104,102,103,102,103,103,102,102,103,103,103,103,103,103,103,103,102,103,102,102,102,102,102,102,102,102,102,102,102,102,102,102,101,101,102,102,103,102,102,102,102,102,101,102,101,102,102,102,102,103,102,102,102,102,103,102,102,103,103,104,105,105,105,105,106,107,107,108,108,107,109,109,110,110,110,110,111,111,111,111,111,111,111,111,110,111,111,111,110,110,110,111,111,112,112,112,113,113,115,115,115,115,116,117,117,118,117,117,117,117,116,117,117,117,116,117,117,117,117,116,116,115,114,114,114,113,114,114,113,113,113,112,111,111,110,124,124,124,121,119,116,119,107,141,148,145,118,141,144,139,140,152,158,111,118,110,117,135,132,129,129,132,134,126,118,119,120,178,173,164,198,186,110,111,108,111,111,107,108,114,147,180,107,111,134,146,141,143,160,190,110,117,116,117,119,120,120,123,118,118
104,103,103,103,103,103,102,103,103,102,103,103,102,103,103,103,102,103,102,103,103,102,102,102,102,102,101,102,102,102,102,102,102,102,102,102,102,102,102,102,102,102,102,103,102,102,102,102,102,102,102,102,102,102,103,103,102,103,103,103,104,105,105,105,105,105,105,106,106,107,107,108,109,109,110,109,110,111,111,111,111,112,111,112,111,112,112,112,112,112,112,112,112,112,113,113,114,114,115,116,116,116,116,117,117,117,117,117,117,116,116,116,116,116,117,116,116,116,116,115,113,112,110,111,111,111,112,113,113,113,112,112,111,111,126,128,115,117,117,110,137,148,141,140,146,144,131,141,144,140,135,109,98,108,153,141,108,134,130,130,128,132,130,122,117,143,149,148,170,136,202,182,109,111,109,112,110,111,125,186,140,123,116,124,139,150,162,190,110,118,117,115,116,116,118,124,120,124,120,117
104,104,103,104,104,103,104,104,104,104,104,104,103,103,103,103,103,103,103,103,103,103,103,103,102,102,102,102,102,102,102,102,102,102,102,103,102,101,102,102,102,102,103,102,102,102,102,103,102,102,102,103,103,102,102,102,102,103,102,102,103,103,103,103,103,104,104,103,104,105,106,106,107,108,108,108,109,109,110,111,112,111,112,112,112,113,113,113,113,113,113,112,113,113,113,114,114,115,116,116,118,118,118,117,117,117,117,116,117,116,116,116,116,116,116,116,116,115,114,113,111,110,109,107,109,110,111,112,112,112,112,113,127,127,120,113,121,117,113,166,147,150,140,140,145,144,124,141,153,111,109,107,148,139,143,142,102,132,129,129,127,129,127,119,143,101,104,141,157,132,193,177,110,111,111,112,124,188,138,138,147,127,131,149,170,170,117,121,115,115,118,116,116,118,121,124,123,124,122,122
104,104,104,104,104,103,104,104,104,104,103,103,103,104,104,104,103,103,103,103,103,103,103,103,102,103,103,102,103,102,103,103,103,102,102,102,102,102,102,103,102,102,102,102,102,102,102,102,102,102,102,103,102,103,102,102,103,102,102,102,102,102,101,101,101,102,102,102,102,102,102,104,105,107,107,107,108,109,109,110,111,111,111,113,113,113,114,114,114,114,114,115,114,115,115,115,116,117,117,117,117,117,117,118,116,116,115,116,115,115,115,115,116,115,116,115,114,114,113,111,109,106,106,104,106,108,111,111,112,111,109,130,128,115,117,114,110,146,150,150,148,150,141,140,146,144,134,140,103,105,100,167,136,138,142,141,109,132,129,129,129,130,149,98,101,105,109,169,158,164,195,164,110,114,117,190,136,142,137,138,145,146,175,171,130,117,120,122,116,115,121,117,118,117,120,125,122,125,123,122
105,105,104,104,104,104,104,104,104,104,104,103,103,104,104,104,103,104,103,103,103,103,103,103,103,103,103,102,103,103,103,103,102,103,103,103,102,102,103,103,102,102,102,102,102,102,102,102,103,102,102,102,102,102,102,102,102,102,102,101,102,102,101,101,102,102,101,101,101,101,101,102,103,104,105,106,106,107,108,109,110,110,111,113,113,113,114,115,115,115,115,115,116,116,116,117,118,118,118,118,118,118,117,117,117,115,114,114,115,115,115,114,115,114,114,114,112,111,111,109,107,104,104,105,108,110,111,111,111,127,130,120,121,120,109,108,147,151,148,150,150,151,141,141,147,136,131,108,110,146,143,152,140,138,142,131,121,131,130,130,95,98,104,101,106,153,121,164,164,168,202,153,120,188,134,138,138,137,139,149,190,179,132,128,128,115,120,121,117,116,119,118,119,118,122,126,124,124,123,122
105,105,104,104,104,104,104,105,104,104,104,104,104,104,104,104,104,103,104,103,103,103,103,103,103,103,103,103,103,103,103,103,103,103,102,103,103,102,102,102,103,102,102,102,102,102,102,102,102,103,102,102,103,103,103,103,102,102,101,102,102,102,101,101,102,101,102,101,102,102,102,102,102,103,104,105,107,107,109,110,111,112,112,113,113,114,114,115,116,116,117,117,117,117,118,117,119,118,119,118,118,117,116,116,116,115,114,115,115,115,116,114,113,112,112,113,111,109,108,108,106,106,106,107,108,109,110,109,122,128,112,114,113,108,157,153,151,151,150,149,150,149,140,105,101,106,118,140,137,147,141,155,140,138,142,137,125,134,119,155,103,101,103,172,122,118,121,165,159,157,203,141,141,139,139,138,139,146,195,190,128,130,129,128,130,117,123,124,121,116,119,122,120,118,120,124,124,125,124,124
104,105,104,104,105,105,104,105,105,104,104,104,104,104,105,104,104,104,104,104,103,104,104,103,103,103,103,103,103,103,103,103,103,103,103,103,103,102,102,103,103,103,102,102,102,103,103,102,102,102,102,102,102,103,102,103,103,102,101,102,102,102,102,102,101,102,102,102,102,103,103,103,103,103,104,106,107,107,109,110,111,112,112,113,114,114,115,116,116,117,117,118,119,119,119,119,119,119,119,118,118,118,117,116,115,114,113,113,114,114,115,112,111,110,111,109,109,107,106,105,107,108,109,108,110,110,124,129,117,118,121,105,114,167,148,151,151,151,149,151,150,150,154,120,101,99,137,134,136,145,141,159,137,138,140,135,133,132,105,102,105,138,121,119,119,119,118,162,154,152,188,134,142,143,138,149,214,205,120,120,123,128,130,130,130,122,125,124,122,121,123,135,122,120,121,123,125,126,126,167
105,105,105,105,105,105,104,105,104,105,104,104,105,105,104,104,104,105,104,104,104,104,103,104,103,103,103,103,103,103,102,104,103,104,104,104,102,103,103,102,102,102,102,102,102,102,102,103,102,102,102,103,103,104,103,103,103,102,102,101,103,103,103,103,103,101,103,103,103,103,103,104,104,104,106,106,108,109,110,111,111,112,113,114,114,115,115,116,116,117,118,118,119,119,119,119,119,119,119,119,118,118,116,115,114,113,112,112,113,113,113,111,110,107,106,106,106,104,105,106,108,107,110,108,108,128,122,121,118,119,107,157,153,150,148,150,149,150,150,154,114,110,104,112,91,141,129,134,135,145,142,160,132,139,143,127,102,103,104,131,137,118,119,117,122,119,119,155,153,146,150,132,141,140,199,187,118,116,116,120,122,125,130,129,128,123,124,124,125,124,124,143,122,120,122,123,140,148,183,196
106,104,105,105,105,105,105,104,105,105,105,104,105,105,104,104,104,104,104,104,104,104,104,104,104,103,103,103,103,104,103,103,103,103,103,103,104,103,103,102,102,102,102,102,101,102,102,102,103,103,103,103,103,103,103,103,104,103,102,102,103,104,103,104,104,104,103,105,104,104,105,106,105,105,106,107,107,110,110,111,111,112,113,114,114,114,115,116,116,117,118,119,118,118,119,120,119,119,119,119,118,117,115,114,112,111,110,110,109,109,110,109,108,107,105,105,104,103,104,107,108,109,109,124,116,119,126,121,115,113,157,144,150,153,149,152,150,150,149,96,108,112,155,148,138,141,133,136,135,143,142,163,123,121,103,103,109,131,167,127,123,116,119,116,123,120,120,142,148,144,155,134,173,145,111,116,118,117,112,119,122,115,128,129,130,124,125,127,124,124,124,167,121,120,182,119,195,170,137,143
106,105,105,105,105,105,105,105,105,105,105,104,105,105,105,104,105,105,105,104,105,104,104,104,104,104,104,104,104,103,104,103,103,104,103,103,103,103,103,103,103,102,102,102,101,102,102,102,103,103,103,103,103,103,103,103,103,103,103,103,103,103,103,104,105,105,106,106,106,107,107,107,108,107,107,108,109,110,111,112,112,112,112,114,114,115,115,116,116,117,117,117,118,118,119,119,119,119,119,119,118,116,113,112,109,108,106,105,104,105,106,106,105,104,103,102,103,102,103,106,108,108,113,107,104,117,111,112,146,152,147,144,150,152,150,146,151,153,104,105,131,145,148,147,137,141,131,136,136,143,144,132,103,99,103,113,136,127,124,126,119,120,119,118,122,119,121,104,146,143,184,134,118,113,108,114,119,117,108,117,120,112,128,129,129,126,124,128,124,125,125,186,164,125,196,140,145,148,146,150
106,106,106,105,106,105,105,105,105,105,105,105,105,105,105,105,103,105,105,105,104,104,104,105,105,104,104,104,104,104,104,104,103,103,104,103,103,103,103,103,103,103,102,101,100,101,102,102,103,103,103,102,103,102,103,103,103,103,103,103,103,104,104,105,105,106,107,107,108,108,108,109,109,108,109,109,110,112,111,112,113,113,113,114,114,115,116,116,116,116,117,118,119,119,119,120,119,119,119,118,117,115,112,110,109,106,104,103,104,104,104,103,103,104,102,103,102,102,104,105,119,114,108,114,119,113,108,154,151,151,147,146,150,151,143,110,109,104,110,147,144,142,145,141,136,140,134,135,136,102,100,111,103,108,149,135,122,123,123,129,118,118,120,116,121,119,144,159,119,145,188,129,113,110,108,114,114,113,105,118,120,110,129,130,130,126,125,127,126,128,193,193,196,140,139,144,143,151,152,157
106,106,106,106,105,106,106,105,105,105,105,105,104,105,105,105,105,105,105,105,104,105,105,105,105,105,104,104,104,104,103,103,103,104,103,104,103,103,103,103,103,103,102,100,101,101,102,103,102,103,103,103,103,103,103,103,103,102,103,103,103,103,104,104,105,106,107,108,108,108,109,110,110,110,110,110,111,112,113,113,113,113,114,114,114,115,115,116,117,117,117,118,118,118,119,119,119,119,119,118,116,114,111,107,105,104,104,103,102,103,102,104,104,102,104,103,102,103,104,114,105,102,114,111,109,107,126,151,152,151,148,148,151,142,108,102,106,142,151,152,141,140,146,143,139,141,139,116,147,102,101,112,137,144,137,132,129,123,122,124,118,113,116,115,131,136,95,155,107,143,169,134,111,108,107,112,115,112,105,120,121,110,129,130,130,129,126,197,189,196,142,150,139,144,167,152,153,146,200,185
107,106,106,106,106,106,105,106,106,105,105,105,105,105,105,105,105,105,105,105,105,105,105,105,105,105,105,104,104,104,104,104,104,104,103,104,103,103,103,102,102,103,102,101,100,100,101,101,102,102,102,103,103,103,103,103,103,103,103,103,103,104,104,104,105,106,107,107,107,108,108,108,110,110,111,111,111,112,113,113,114,114,113,114,114,115,116,116,117,117,117,117,119,119,119,119,119,119,118,117,115,112,108,104,103,102,103,102,102,102,102,101,101,103,104,104,104,110,115,109,113,113,108,115,147,150,128,152,151,151,149,149,142,106,108,151,139,141,150,152,141,140,146,142,138,128,146,100,101,103,147,173,144,141,136,130,136,122,122,115,119,115,126,113,97,107,109,115,151,116,156,137,111,109,108,113,114,110,104,110,122,113,130,131,129,157,185,196,134,142,144,156,144,144,189,198,166,197,124,125
106,106,106,106,106,106,106,106,106,106,106,106,106,105,105,105,105,105,105,105,105,105,105,105,105,106,105,105,105,104,104,104,104,103,103,103,103,103,102,102,102,102,102,102,100,103,102,102,103,102,103,103,103,103,103,103,103,103,104,104,104,104,104,105,105,105,106,107,107,108,107,108,109,109,110,110,111,112,112,112,113,113,114,114,113,114,115,116,117,117,117,118,118,118,119,119,119,118,117,116,114,112,109,106,102,102,102,102,102,102,101,101,101,102,103,103,117,111,103,109,109,104,94,147,146,151,132,152,150,152,140,102,103,107,168,153,141,140,150,152,142,140,146,145,125,107,108,98,168,145,140,176,139,141,135,130,136,122,122,115,152,113,102,103,102,110,100,157,156,142,146,134,115,113,111,113,114,111,108,121,123,124,144,167,195,183,136,135,141,142,149,150,161,193,134,149,147,125,124,126
107,107,106,107,106,106,107,106,106,107,106,106,106,105,106,105,105,105,105,105,105,105,105,105,105,105,105,105,105,104,104,104,104,103,103,102,102,102,102,102,102,102,102,102,102,103,103,103,103,103,102,104,103,103,103,104,104,104,104,103,104,105,105,105,105,105,105,106,105,106,107,107,107,107,108,109,109,111,111,112,112,113,113,113,113,113,113,115,116,117,116,117,118,118,118,118,118,117,116,115,113,111,109,106,102,103,102,102,102,102,101,101,101,101,101,112,108,120,116,110,106,147,150,147,146,151,137,152,155,137,103,109,148,143,154,153,141,140,150,152,142,143,154,102,105,103,157,145,144,145,139,166,138,140,135,131,137,122,157,113,102,106,103,104,152,128,128,159,148,128,158,135,119,119,116,116,113,110,106,120,191,146,193,139,138,147,147,145,146,158,189,194,200,152,152,151,150,130,126,128
107,107,106,107,107,107,106,106,106,107,106,106,106,106,106,105,106,105,105,105,105,105,106,105,105,105,105,106,105,105,105,105,104,104,102,102,102,102,103,102,102,102,102,102,103,104,104,103,103,103,103,102,103,104,103,104,104,105,104,104,105,105,105,105,105,105,105,105,105,105,106,106,107,107,108,109,109,109,109,110,111,111,112,111,111,112,112,114,115,116,116,117,117,117,117,117,117,115,114,112,111,109,106,105,103,103,101,102,102,102,102,103,103,118,109,103,118,113,111,150,146,142,148,147,146,153,139,139,101,102,152,153,142,141,154,152,141,141,148,153,103,103,101,103,126,147,147,143,141,143,139,164,138,140,136,132,161,112,100,115,100,103,144,121,117,122,124,161,149,106,154,132,119,119,119,118,113,110,188,165,192,140,137,138,143,147,145,165,190,188,130,183,154,153,151,152,153,133,126,127
107,107,107,107,106,107,107,106,106,106,106,106,107,106,106,106,106,106,105,105,106,106,106,106,105,106,105,106,105,105,105,105,105,103,102,102,102,102,102,102,102,102,102,104,104,104,103,103,103,103,103,103,103,103,104,104,104,104,104,104,104,104,104,105,105,105,105,105,105,105,105,106,106,107,107,108,107,108,108,109,109,110,111,111,112,111,112,113,114,114,114,115,114,114,115,115,113,111,111,110,107,105,105,104,103,102,103,101,102,102,101,101,113,105,124,113,106,111,142,145,147,143,148,148,151,119,99,104,114,144,150,148,141,140,154,152,142,141,108,101,104,108,143,183,150,145,144,143,142,144,139,150,139,139,146,123,103,103,102,126,146,120,118,118,117,127,124,163,148,113,150,132,116,116,116,120,180,192,203,137,141,166,146,143,154,180,207,195,124,132,132,178,157,155,153,152,153,130,128,128
108,107,108,107,107,107,106,108,107,107,107,106,106,106,106,106,106,106,106,106,106,106,106,106,106,106,106,106,106,106,106,106,105,105,102,102,102,102,102,102,102,102,102,103,104,104,104,104,103,104,104,103,103,104,103,104,104,104,104,104,105,105,105,105,105,105,105,105,105,105,106,106,107,107,107,107,107,108,108,108,109,109,110,111,111,112,112,112,112,113,112,113,112,111,110,110,108,108,108,107,104,103,102,102,102,102,103,102,102,101,116,109,103,105,109,109,149,147,140,146,148,141,148,154,155,105,117,141,140,143,149,148,142,141,154,151,138,159,103,113,104,148,175,176,147,144,145,142,142,141,139,138,144,156,97,102,105,106,100,140,130,123,120,118,118,127,121,158,158,152,149,133,116,181,123,187,141,135,140,147,153,148,159,184,178,142,117,116,120,116,121,168,133,154,154,155,157,128,130,131
108,108,107,107,107,107,107,107,106,107,107,107,107,106,106,107,106,106,106,106,106,106,106,106,106,106,106,106,106,106,105,105,105,105,104,102,102,102,102,103,103,103,103,102,105,104,104,104,103,104,103,103,104,104,104,104,103,104,104,104,105,105,105,105,105,105,106,106,106,107,107,106,106,106,107,108,108,108,108,108,107,109,111,111,111,110,111,111,112,112,111,111,109,108,107,105,106,106,105,105,103,102,102,102,102,102,102,102,102,114,106,128,109,110,131,162,151,147,142,144,144,142,136,102,107,151,140,148,140,143,149,150,143,142,160,133,99,99,108,148,150,153,175,163,150,143,144,144,142,143,149,164,105,106,100,126,155,134,127,157,130,125,122,119,119,125,125,144,151,172,146,136,172,193,142,138,140,144,149,151,182,192,196,136,159,139,119,120,117,117,115,165,143,136,156,160,140,128,131,114
108,107,107,107,107,107,107,107,107,107,107,107,107,107,107,107,107,107,106,107,106,106,106,106,106,106,106,106,106,106,106,106,106,106,106,105,105,104,103,103,103,103,103,103,104,104,104,104,104,104,104,105,104,104,104,104,103,104,104,104,105,105,105,105,105,106,106,106,107,107,107,108,107,108,108,108,109,108,109,109,108,108,110,111,110,110,110,110,110,110,108,108,107,106,106,105,105,105,105,104,104,103,102,102,102,102,102,103,103,103,104,106,105,131,149,156,151,149,138,147,145,97,108,109,161,149,138,147,141,142,150,151,145,101,103,101,105,94,152,151,151,153,178,163,148,146,146,145,159,162,102,130,99,149,153,127,117,131,127,159,130,125,122,120,120,128,126,142,158,174,145,150,141,139,144,143,144,148,188,167,123,144,144,146,146,145,121,119,115,119,115,174,132,137,158,142,152,120,124,126
108,107,107,107,107,108,108,107,107,107,107,107,107,107,107,107,107,107,107,107,107,107,107,106,106,107,106,106,106,106,107,107,106,107,106,107,106,106,106,104,104,103,104,104,104,104,104,104,104,104,105,104,103,104,104,105,105,105,105,105,105,106,106,106,107,106,107,107,107,108,108,108,108,108,108,109,109,109,108,108,107,109,110,110,110,110,109,109,108,107,106,105,105,105,104,104,105,104,104,104,104,103,102,103,102,103,102,103,103,111,111,150,148,148,148,159,150,150,143,150,105,118,121,140,143,148,142,147,139,142,150,153,102,105,108,92,148,147,153,151,151,152,175,175,151,146,148,161,103,97,103,158,136,133,129,125,116,130,127,169,132,128,123,123,123,146,104,110,162,180,158,140,144,141,150,166,170,195,118,118,126,152,152,150,148,145,123,118,114,119,114,177,132,149,142,153,153,114,128,129
108,108,107,107,108,108,108,107,107,107,107,107,107,107,107,107,107,107,107,107,106,106,107,107,107,107,106,107,106,107,106,106,106,107,107,107,106,107,106,106,105,105,104,105,105,103,104,104,104,104,104,104,104,104,104,105,105,105,105,105,105,106,106,106,106,106,107,108,108,108,108,107,107,108,107,108,108,108,108,108,108,108,108,108,109,109,108,106,104,103,104,104,105,105,104,104,104,104,103,103,102,102,102,102,103,103,103,103,103,113,163,160,148,149,153,159,139,151,105,109,146,154,148,141,143,147,144,147,140,98,96,106,106,147,153,153,148,146,153,152,153,153,178,167,140,145,99,102,102,156,145,135,131,130,129,126,117,130,129,176,132,130,122,157,156,102,104,160,125,184,135,143,145,176,132,107,136,118,122,126,128,156,153,152,151,143,125,117,108,112,125,180,147,155,157,155,150,124,130,130
109,108,107,107,108,108,107,108,108,108,108,108,108,108,107,107,107,108,107,107,107,107,107,107,107,107,106,106,107,107,107,107,107,107,107,107,107,107,106,107,107,106,106,106,105,105,104,104,105,104,104,103,104,105,105,105,104,104,105,105,105,105,106,107,106,107,106,107,107,107,107,107,107,107,107,107,108,107,106,106,106,106,106,105,105,105,104,103,103,104,104,104,104,105,105,104,104,104,102,103,103,103,103,103,103,103,103,103,103,149,152,162,149,150,152,162,121,106,131,168,148,149,150,140,143,148,141,159,147,102,96,154,182,177,154,154,149,149,154,153,153,154,142,135,106,100,105,164,145,143,140,126,132,129,130,128,117,132,130,176,131,165,163,104,101,102,105,154,123,174,136,154,195,110,108,114,162,120,128,128,128,155,155,153,151,141,124,125,118,123,127,188,140,156,157,158,153,168,150,122
109,108,108,108,108,108,107,108,108,109,108,108,108,107,107,108,108,107,107,108,107,108,108,107,108,107,107,107,107,107,107,107,107,107,107,107,107,107,107,106,107,107,107,107,107,106,104,105,104,104,105,104,103,104,105,105,104,105,105,105,105,105,106,106,106,107,107,107,107,106,107,107,106,107,107,106,106,106,105,105,104,103,103,103,103,103,103,103,103,103,104,104,104,105,104,104,104,103,103,103,103,103,103,104,103,104,103,104,104,149,154,159,150,152,148,101,106,142,152,149,149,154,150,142,143,151,128,98,94,111,153,144,174,179,156,155,150,149,157,138,91,112,102,98,119,103,144,145,146,141,140,129,132,129,129,128,120,133,141,160,98,101,99,101,105,164,110,124,98,155,158,137,113,113,113,119,190,125,129,127,127,153,156,155,153,148,125,126,121,114,125,191,151,157,157,183,194,192,200,146
109,109,107,108,108,108,108,108,108,108,108,108,108,108,108,108,107,108,108,108,108,108,108,108,108,108,107,107,108,107,107,107,108,107,107,108,107,107,107,108,107,108,108,107,107,106,106,107,106,104,105,124,146,105,104,104,105,104,104,104,105,105,105,106,107,107,107,108,107,107,107,106,106,106,106,106,106,106,104,104,104,104,104,103,103,104,103,103,103,104,103,104,105,105,105,105,104,104,104,104,103,103,104,103,104,104,104,105,104,148,153,159,149,100,103,161,151,148,154,148,149,152,151,140,140,99,103,99,159,147,144,145,175,178,157,156,151,140,156,113,102,102,117,103,157,141,126,145,145,141,140,128,132,130,129,127,160,138,97,108,99,103,142,149,124,116,113,132,131,170,167,131,116,114,119,113,197,118,127,128,127,152,156,156,155,144,124,128,125,125,122,192,177,138,170,193,143,161,153,152
109,109,108,108,108,108,109,109,108,109,108,108,109,108,108,108,108,108,108,108,108,108,108,108,108,108,107,107,107,107,108,107,108,108,108,108,108,108,108,108,108,107,107,107,107,106,108,107,107,107,106,128,150,105,105,105,105,105,105,105,105,105,106,107,108,108,109,108,108,108,107,107,107,107,107,107,106,105,104,104,104,104,103,103,104,103,103,103,103,103,104,105,105,105,105,105,105,105,105,105,105,105,105,105,105,104,105,104,104,146,151,173,103,101,171,144,150,148,153,148,149,148,95,93,99,104,121,152,146,146,145,146,173,178,156,141,91,116,102,104,106,146,138,137,157,139,113,147,146,140,140,126,132,129,157,153,105,107,99,110,138,153,125,121,121,120,112,150,170,157,174,132,115,113,117,114,205,120,125,128,128,152,155,156,155,152,128,130,125,138,120,194,197,147,152,152,154,161,157,155
109,109,109,108,109,109,109,109,109,109,109,109,109,109,108,108,109,108,109,108,109,109,109,108,108,108,108,108,108,107,108,109,108,108,108,108,107,108,108,107,108,107,108,108,107,108,107,107,108,107,107,139,143,105,105,105,105,106,105,106,107,107,107,108,108,108,108,108,108,107,108,108,108,108,108,108,107,107,106,104,104,104,104,104,104,104,103,104,104,104,104,104,106,106,106,106,105,106,106,106,105,105,106,105,105,105,105,104,104,103,106,107,150,151,149,142,150,150,159,150,142,96,100,105,129,149,102,150,145,146,145,145,173,176,97,115,100,100,102,147,142,141,138,136,156,137,114,146,147,141,141,136,147,104,92,96,101,110,131,101,131,127,123,120,120,122,110,158,139,146,174,131,112,110,118,120,192,124,127,129,129,152,154,157,159,156,157,120,124,196,144,159,154,148,153,152,154,165,160,151
109,109,109,109,108,109,109,109,109,109,109,108,109,109,109,108,108,108,108,108,108,109,109,109,109,108,109,108,108,108,108,108,108,108,108,109,108,108,108,108,108,108,107,107,108,108,108,108,108,107,106,163,177,105,106,106,106,106,107,107,108,107,107,107,108,108,108,108,108,109,109,108,108,109,108,108,109,108,106,106,105,104,104,105,105,105,105,104,105,104,104,105,106,106,106,107,107,106,106,106,106,105,106,106,105,106,105,105,104,105,160,150,144,148,149,144,150,151,163,159,101,104,160,152,152,150,101,151,145,145,145,145,94,104,101,98,98,125,151,151,142,140,139,137,159,137,122,146,148,154,125,103,95,100,100,155,165,137,132,98,128,124,121,119,120,123,112,158,145,154,174,133,118,112,120,118,194,127,131,132,131,154,159,158,190,181,193,142,148,149,151,154,151,152,152,157,150,167,173,195
109,110,109,109,110,109,110,110,109,109,109,109,109,109,108,108,109,109,108,108,109,109,109,109,109,109,109,109,108,108,108,108,109,108,108,108,109,109,109,109,109,109,108,108,108,108,108,108,108,107,159,163,174,162,107,107,107,107,108,107,107,108,108,108,107,108,109,109,109,108,109,108,109,109,109,109,109,107,107,106,106,105,105,105,105,105,105,105,104,105,104,105,106,106,107,107,107,107,106,106,107,107,105,106,106,106,105,106,106,161,151,149,145,148,148,147,154,157,101,101,159,155,153,152,151,150,99,151,148,146,158,112,102,99,104,163,153,153,151,152,143,140,139,138,154,136,145,162,161,97,94,105,99,163,137,137,140,137,130,95,128,125,125,121,120,122,119,159,155,103,187,143,115,115,122,123,194,127,134,133,133,191,162,191,144,147,154,150,149,150,152,157,163,150,182,195,192,197,134,134
109,109,109,109,110,109,109,109,109,109,110,109,109,110,109,108,108,109,108,108,109,109,109,109,109,108,108,109,109,109,109,108,109,108,109,109,109,109,109,109,109,109,108,109,109,108,108,108,108,107,159,156,144,167,107,107,107,107,107,108,107,108,108,108,108,109,108,108,108,108,108,109,109,108,109,109,109,108,107,107,106,106,105,106,106,106,106,105,105,104,105,105,106,107,106,107,106,107,107,107,107,107,107,107,107,107,107,106,106,150,151,142,145,149,151,128,92,96,135,149,150,153,151,151,152,149,100,152,96,102,100,105,113,168,148,149,152,150,151,154,141,140,139,139,160,96,120,99,96,99,107,99,144,142,138,136,140,136,130,89,128,126,129,121,121,122,121,142,162,105,197,139,118,121,125,123,185,131,182,123,194,176,147,144,145,146,149,149,150,157,145,179,189,180,138,137,135,187,135,133
109,109,110,109,109,109,109,110,109,110,110,110,109,109,109,110,109,109,108,108,109,108,108,109,109,109,109,109,109,109,109,109,109,109,109,108,109,109,109,109,109,110,109,109,109,108,108,108,108,108,145,162,167,132,106,107,108,107,108,107,107,107,109,108,108,108,109,109,109,109,109,108,109,109,109,109,108,109,108,108,106,106,106,106,106,105,105,105,105,105,104,105,107,107,108,107,107,107,108,108,108,108,107,108,107,107,107,107,107,150,150,152,148,91,100,97,98,161,128,149,150,153,151,151,155,149,106,94,101,103,136,164,147,147,146,149,151,150,152,153,142,140,142,109,97,99,100,102,152,163,144,96,144,141,139,136,140,137,132,89,129,128,136,123,159,141,98,94,137,155,203,148,124,126,128,159,188,191,183,150,145,149,151,150,145,152,151,157,190,191,149,136,138,137,134,136,135,189,137,136
110,109,110,110,110,110,109,109,110,109,109,110,110,109,109,109,109,109,109,109,109,109,109,109,109,109,109,109,110,109,109,109,110,109,109,110,109,110,110,109,109,109,109,109,109,109,109,109,109,159,146,161,170,177,150,108,108,108,108,108,107,109,109,108,109,109,109,109,109,109,109,109,109,109,109,109,110,110,109,109,107,107,105,106,105,105,106,105,105,104,105,105,108,107,107,107,107,108,108,108,108,108,108,108,108,108,108,108,108,150,151,96,96,97,102,147,148,145,130,149,151,154,152,151,129,99,107,102,155,155,151,150,144,146,145,149,150,151,151,152,143,157,96,102,101,102,166,148,147,147,144,97,145,141,138,136,140,137,134,91,131,130,149,158,104,105,112,100,144,129,187,154,158,125,172,188,157,148,148,143,147,151,153,149,170,193,186,136,135,136,135,134,136,135,134,137,139,184,139,138
110,109,109,110,110,111,110,110,110,110,110,109,110,110,109,110,109,109,109,109,110,109,109,109,109,108,109,109,109,109,109,109,109,109,110,110,110,109,109,109,109,109,109,109,109,109,109,109,109,147,162,160,157,124,149,108,108,109,108,108,107,109,109,109,109,109,108,109,109,109,109,109,109,109,109,110,110,110,109,109,109,107,107,106,106,105,106,105,105,105,105,106,107,106,107,108,108,108,108,108,108,108,109,109,108,108,108,108,108,153,138,102,102,142,146,133,150,145,136,149,151,152,102,93,101,98,166,152,150,145,150,149,144,146,145,148,151,151,160,153,103,112,106,132,159,148,148,146,147,145,143,101,145,139,139,137,142,137,134,93,118,103,106,105,104,112,142,124,169,134,167,169,189,148,147,144,146,143,147,147,151,183,192,189,134,134,198,133,138,139,140,135,139,139,137,137,140,185,140,139
110,111,111,111,110,110,110,110,111,110,110,109,110,110,110,110,110,110,110,110,110,109,109,109,109,109,109,110,110,110,110,110,110,110,110,110,110,110,110,109,110,110,110,110,109,109,109,109,157,123,158,159,156,167,154,170,108,109,109,109,107,109,109,109,109,109,109,109,109,109,109,110,109,109,109,110,110,110,110,109,109,109,108,107,108,108,107,106,105,106,106,106,106,107,107,108,108,108,108,109,109,109,109,109,109,108,109,109,109,104,105,148,147,149,148,130,150,146,139,151,145,94,97,97,166,149,156,146,148,145,150,150,144,148,145,152,97,97,102,101,105,162,154,152,159,147,151,146,145,144,142,107,142,138,139,136,159,140,96,120,105,105,112,136,96,119,115,142,150,132,172,159,154,147,147,147,149,142,157,204,192,171,137,136,136,136,198,139,141,141,141,138,141,140,139,140,140,186,141,140
111,111,111,110,110,111,110,110,111,110,111,111,110,110,110,110,109,110,109,109,109,109,109,109,109,109,109,109,110,110,110,109,108,108,110,110,110,110,110,110,110,111,110,109,110,109,109,110,104,163,164,152,106,113,154,177,108,109,109,109,107,109,109,109,109,109,109,110,109,109,109,109,109,110,109,109,110,110,110,110,109,109,109,108,109,109,107,106,106,105,106,107,108,108,108,108,109,108,108,108,108,109,109,108,109,109,109,109,109,156,154,156,147,148,149,128,153,148,135,94,100,101,158,148,150,148,158,145,149,145,149,147,144,154,133,100,101,101,105,139,151,151,147,148,156,146,153,145,145,145,143,98,139,137,136,167,100,110,99,117,97,150,163,125,126,119,118,145,110,139,154,165,152,150,151,155,201,192,134,137,138,183,138,138,138,136,192,141,142,143,142,137,148,141,140,140,142,188,142,142
111,111,110,110,111,111,111,110,111,110,110,110,111,111,111,110,110,110,110,110,110,110,110,109,109,109,109,109,110,111,105,104,108,108,108,109,108,110,110,110,110,110,109,110,110,109,109,140,152,147,159,163,166,174,169,141,155,109,110,109,109,109,109,109,109,109,109,109,109,109,109,109,110,109,110,109,109,110,110,110,109,110,110,109,110,109,108,108,105,106,106,107,108,107,108,109,109,108,108,108,107,108,109,109,109,109,109,109,109,148,151,157,149,149,152,128,131,94,102,99,156,117,143,152,151,150,158,146,149,146,147,122,161,105,101,101,164,163,147,149,149,148,148,139,156,145,154,146,146,146,143,110,123,106,100,101,104,122,148,139,133,129,161,126,129,129,120,140,101,145,138,164,192,143,197,135,191,135,136,136,137,197,139,139,139,138,166,141,144,145,144,141,148,142,141,142,143,195,143,144
110,111,111,110,110,111,111,110,111,110,110,111,111,110,110,111,110,110,111,110,110,110,110,110,110,109,109,109,109,109,102,99,105,108,108,108,107,109,111,110,110,110,110,110,110,110,132,141,172,156,164,178,173,128,180,151,173,108,109,109,109,109,109,109,109,109,109,109,109,110,110,110,109,109,110,109,109,110,110,110,109,110,110,109,109,108,105,106,106,106,106,107,107,107,107,109,109,108,107,108,108,109,108,109,109,109,110,109,109,148,151,168,149,152,115,95,98,97,130,154,152,114,143,153,150,151,159,147,149,105,110,101,103,104,169,150,145,148,146,147,148,147,145,135,154,146,153,147,158,162,101,112,101,108,108,111,152,138,134,138,131,128,179,128,132,138,122,139,150,159,138,203,139,134,138,140,191,139,138,138,138,200,141,140,141,140,164,145,146,147,147,144,146,145,142,143,145,194,146,145
111,111,111,111,111,111,111,111,111,110,111,110,111,111,111,110,110,111,110,110,110,110,110,110,110,110,109,109,109,109,103,104,109,108,108,108,108,108,111,111,111,110,110,110,110,110,124,89,102,99,169,140,168,170,175,115,141,170,109,110,109,108,109,109,109,110,109,109,110,109,110,110,110,110,110,110,109,110,110,110,110,110,110,110,109,107,106,106,106,106,106,107,108,107,108,108,109,109,109,108,108,109,109,109,109,109,110,109,110,147,155,167,142,94,97,105,130,153,157,152,150,117,144,153,152,152,162,110,98,111,103,105,140,150,146,146,144,147,145,147,147,146,147,131,151,152,98,155,99,97,100,110,128,142,142,135,137,138,135,139,134,132,186,133,135,148,126,135,168,166,145,206,144,140,141,144,192,129,135,140,141,204,143,141,144,143,160,146,148,149,147,145,148,145,144,145,145,199,147,146
112,112,111,112,112,112,112,111,111,112,111,111,112,111,111,111,111,111,110,111,110,110,110,110,110,110,109,109,109,109,100,108,109,109,108,109,108,108,108,109,108,110,111,110,110,130,143,147,135,172,146,165,173,183,166,160,182,173,109,109,109,109,109,109,110,109,110,110,109,110,109,110,109,110,110,109,110,109,110,111,109,110,109,110,110,107,107,106,106,106,107,107,107,108,108,108,108,109,109,109,109,110,109,109,109,110,111,110,110,144,94,99,98,98,140,117,155,152,151,153,152,119,146,153,156,148,112,101,104,145,166,149,148,148,145,148,144,147,147,145,147,146,134,148,151,108,104,104,101,101,148,149,142,142,142,137,139,138,136,134,137,137,184,136,139,159,129,141,142,173,157,216,154,141,143,147,197,134,141,143,141,197,143,145,145,144,143,149,151,150,148,147,148,148,145,147,148,201,177,172
113,113,112,112,111,112,111,112,112,112,111,112,111,111,111,112,111,112,111,111,110,111,111,111,110,110,110,109,109,109,108,109,109,109,109,108,108,109,108,108,108,108,108,108,109,113,95,220,146,126,191,166,139,189,189,189,146,140,156,109,109,109,109,110,110,110,109,110,110,110,110,110,109,109,109,110,109,110,110,110,110,109,110,110,110,109,107,107,107,108,107,108,108,108,109,108,109,109,109,109,109,110,110,110,110,110,111,110,111,99,105,108,102,153,154,118,154,153,172,153,150,126,152,147,103,99,105,148,151,150,150,148,147,148,146,148,144,147,145,146,156,113,101,103,102,98,111,155,158,144,142,145,142,143,143,136,137,137,137,140,136,138,170,140,141,165,138,150,149,151,174,215,162,144,148,149,191,135,138,144,145,212,144,146,146,145,143,150,151,151,150,150,150,153,198,194,189,203,185,148
113,112,112,112,113,113,112,112,112,112,113,112,112,112,111,111,111,110,111,111,111,111,111,111,110,110,110,110,109,110,109,109,109,110,109,109,109,109,108,108,108,108,109,108,155,163,198,151,150,165,157,165,188,194,159,152,137,142,138,109,110,110,110,110,110,109,110,109,110,110,110,110,110,110,110,110,110,110,111,110,110,110,110,111,110,108,107,107,107,108,108,108,108,110,108,109,109,109,109,109,109,109,110,110,110,111,111,111,111,104,162,178,153,155,154,111,155,152,173,155,153,97,97,101,107,148,103,152,152,150,149,147,146,148,146,150,145,148,154,160,101,110,101,109,149,148,152,148,148,144,142,141,143,143,143,135,136,138,138,140,139,141,152,142,143,97,99,102,113,130,103,216,169,148,148,150,183,136,141,146,147,201,145,147,148,148,146,151,153,148,197,164,193,198,198,149,151,154,145,142
112,113,112,113,113,112,113,112,113,112,113,112,112,112,112,112,112,112,112,111,111,110,111,111,110,111,111,110,110,110,109,110,109,109,109,109,109,109,108,109,108,108,108,108,176,156,165,140,175,137,167,218,201,181,188,151,145,182,176,163,110,109,109,110,110,110,110,110,109,110,110,110,110,110,110,110,110,110,110,110,110,108,110,110,109,108,108,108,108,108,108,109,110,109,109,109,109,109,109,109,110,110,110,111,111,111,112,111,112,148,153,177,154,155,152,106,153,156,153,92,98,105,157,159,153,152,105,154,152,150,150,150,148,150,147,155,149,108,100,101,106,128,147,147,146,144,152,150,150,146,142,143,143,142,140,137,140,142,141,146,102,113,93,95,100,108,102,108,104,98,106,210,180,148,149,150,171,140,145,147,148,199,148,149,151,147,156,129,185,195,200,148,141,152,144,148,153,151,144,143
113,113,113,113,112,113,113,113,113,112,113,112,113,112,112,113,112,112,112,112,112,111,111,111,110,110,111,111,110,110,110,110,109,109,109,109,109,109,108,109,109,109,109,108,172,155,170,172,178,141,161,170,194,172,185,201,182,199,164,181,110,110,110,110,110,110,110,110,110,110,110,110,110,109,110,110,110,110,111,110,109,108,109,109,108,108,108,108,108,109,109,109,110,109,109,110,110,109,110,110,110,111,111,112,112,112,112,112,112,147,151,177,153,153,150,119,161,100,112,98,120,88,151,153,150,155,108,156,153,151,150,152,149,156,102,99,101,102,100,101,147,148,151,148,147,145,154,151,151,147,142,144,143,143,143,143,157,162,156,93,94,92,106,101,105,149,143,181,166,108,115,210,204,149,151,151,158,146,148,149,150,197,175,180,161,185,209,143,138,141,151,153,147,149,147,143,140,156,142,191
113,113,113,113,114,113,113,113,113,113,113,113,113,112,113,113,112,113,112,112,112,112,112,112,112,111,110,111,111,110,110,110,110,110,110,110,110,110,109,109,109,109,109,110,177,155,164,166,170,146,168,207,194,168,188,196,183,199,168,172,110,110,110,110,110,110,110,110,110,110,110,110,111,110,110,110,110,110,110,110,108,108,108,109,108,109,109,109,109,109,110,110,110,110,110,110,111,110,110,110,111,110,111,112,112,112,112,112,112,151,153,176,153,91,94,108,103,110,131,153,157,89,151,153,146,154,109,155,154,154,137,161,101,97,94,103,147,157,146,146,148,149,151,149,145,145,153,151,151,143,143,139,145,164,131,158,95,103,90,98,98,95,164,154,170,172,172,177,173,116,172,209,198,151,151,153,155,149,153,185,136,198,198,149,142,144,147,143,138,142,143,148,147,147,141,199,201,200,201,154
113,113,112,114,113,113,113,113,114,113,113,113,113,112,113,113,113,113,113,112,113,112,111,112,112,111,112,111,110,111,111,110,111,110,111,111,110,110,110,110,110,110,109,112,172,155,156,174,163,157,168,206,190,165,192,156,188,195,169,171,111,110,110,110,110,111,110,110,111,110,110,110,111,110,110,110,109,110,110,110,109,110,109,109,109,109,110,110,109,110,110,110,110,110,110,110,111,110,110,110,110,111,112,112,112,112,112,113,113,148,159,115,96,97,106,150,152,152,140,152,154,88,152,152,149,154,112,162,152,101,102,104,101,161,160,145,149,149,148,147,150,150,151,150,150,145,153,152,152,146,156,150,151,104,94,94,98,105,108,149,179,173,119,168,171,168,174,178,175,173,176,209,212,155,151,143,130,185,197,167,146,150,145,146,138,140,153,140,141,146,149,197,205,195,191,155,158,155,157,155
114,114,114,114,114,114,114,113,114,114,114,114,114,114,113,113,113,113,113,113,113,113,113,112,112,112,112,112,112,111,112,111,111,112,111,111,111,111,111,111,111,111,110,113,170,155,158,180,164,166,171,181,198,180,190,177,183,189,166,173,110,110,110,110,111,110,111,110,110,109,108,108,111,110,111,110,109,109,109,109,109,109,109,109,109,109,109,110,110,110,110,111,111,111,111,110,110,111,111,112,111,111,112,113,112,112,113,113,113,160,104,104,98,110,153,91,154,151,148,152,155,89,151,153,150,118,124,99,99,107,102,111,154,151,150,152,150,152,149,148,150,150,154,152,148,147,155,136,139,112,94,101,99,103,104,157,135,176,174,173,174,176,122,169,173,159,178,182,159,173,178,207,181,142,192,182,140,143,147,143,142,144,138,138,143,144,162,195,195,190,196,160,156,157,156,156,157,157,156,157
114,114,114,114,114,114,114,114,114,114,114,114,115,114,114,113,113,114,113,114,113,113,113,113,113,112,112,112,112,112,111,112,111,111,111,111,111,111,111,111,111,111,110,112,156,154,158,175,166,170,173,123,168,172,183,156,187,204,166,170,110,110,110,110,111,108,97,100,104,110,109,109,109,111,109,109,109,109,109,109,109,109,110,110,109,109,109,109,110,109,111,111,110,110,110,110,111,111,111,112,111,112,113,113,112,113,113,113,113,102,151,180,155,155,154,96,153,151,149,152,155,89,137,167,103,98,99,102,154,154,143,143,152,152,150,155,150,154,151,149,151,151,156,154,155,149,93,100,98,95,94,106,142,155,175,172,174,174,172,171,177,176,122,174,174,152,177,180,96,171,182,194,151,141,137,145,147,146,142,140,141,153,148,189,206,192,196,167,165,159,158,159,157,158,155,155,155,158,158,157
114,114,114,115,115,114,115,115,114,114,115,114,115,114,115,114,114,114,114,113,113,113,113,112,112,112,113,113,113,112,112,112,112,112,112,112,112,112,112,112,112,111,111,134,164,153,157,178,176,176,178,138,176,214,180,171,195,206,163,171,110,110,110,110,103,100,98,99,106,110,110,109,110,111,110,109,109,109,109,110,109,110,108,109,109,109,109,111,110,110,110,111,110,110,110,110,111,112,112,111,112,112,112,113,112,112,113,113,112,153,155,172,155,154,154,93,151,151,158,156,144,106,107,97,99,155,130,155,154,153,145,144,152,152,153,141,151,153,151,150,154,130,107,98,98,101,103,103,95,146,168,157,147,144,178,175,176,175,176,177,177,178,126,173,173,151,178,181,103,177,191,165,155,141,143,142,151,152,145,177,196,192,181,157,159,158,161,161,161,157,160,162,155,156,154,154,155,156,158,157
115,115,114,114,115,114,114,115,115,115,115,115,114,115,115,114,114,114,114,113,114,114,113,113,113,113,113,113,113,113,113,113,113,113,113,113,113,113,113,112,112,112,111,164,159,154,154,180,172,178,172,143,179,204,183,176,200,202,160,168,190,111,109,102,101,101,99,102,111,111,111,108,109,110,109,110,110,109,109,109,110,102,103,107,104,106,110,110,111,110,111,111,111,110,110,111,111,110,111,112,111,112,113,112,113,112,113,111,111,151,152,169,152,152,152,94,152,98,110,103,106,108,153,166,154,151,117,157,156,155,146,143,151,151,153,143,154,158,93,153,96,103,101,102,102,123,152,150,152,152,149,157,148,145,181,175,175,176,176,188,178,177,130,174,177,149,181,182,135,177,143,168,161,152,147,182,183,192,166,156,157,191,159,159,160,159,155,161,158,155,155,161,157,157,154,153,156,158,158,157
116,115,115,115,115,116,114,115,115,115,115,115,115,115,115,115,115,114,115,114,114,114,114,114,114,114,113,114,113,113,114,114,114,114,113,113,114,113,113,113,113,112,112,156,166,151,151,188,167,180,175,147,179,197,192,140,199,205,161,169,186,109,102,99,101,102,101,102,109,112,110,109,110,108,108,108,110,110,110,106,103,99,101,103,102,105,109,110,109,111,111,110,111,110,111,112,112,112,112,112,111,112,113,113,112,112,111,109,110,150,153,167,150,150,161,152,105,96,105,105,147,139,144,154,154,153,125,157,153,155,146,144,151,152,155,101,125,94,97,103,102,106,159,96,159,153,159,153,155,155,152,157,149,145,181,174,175,174,175,180,172,178,139,169,179,159,152,141,191,151,106,176,183,184,161,162,161,158,157,157,158,181,158,157,159,158,154,160,156,155,156,160,157,156,155,154,156,158,159,158
116,116,116,116,116,116,116,115,116,116,116,115,116,115,115,115,116,115,115,115,115,115,114,114,114,114,114,115,114,114,114,114,114,115,115,114,114,114,114,114,113,113,113,166,166,154,157,192,164,186,171,146,174,210,189,130,201,199,163,169,181,106,100,97,99,101,102,102,106,108,106,107,108,106,105,105,108,105,108,101,99,99,99,101,100,102,102,105,107,109,108,110,110,111,111,112,112,113,111,112,110,111,112,112,110,109,110,109,110,150,152,173,143,105,108,115,96,136,174,151,151,131,144,153,155,153,127,158,154,156,147,150,98,159,94,95,97,97,94,146,164,149,155,152,158,156,159,156,156,155,151,157,149,145,180,174,179,173,171,181,184,126,140,153,95,107,95,96,165,101,125,210,158,161,163,163,162,156,153,154,158,174,157,158,159,159,152,161,158,156,157,160,153,157,157,155,158,158,159,159
116,117,116,116,116,116,116,116,116,116,116,116,115,116,116,116,116,116,116,115,115,115,115,115,115,115,115,115,115,115,115,114,114,115,115,115,115,114,114,114,113,113,112,172,157,149,157,195,170,188,172,152,169,211,190,132,193,197,164,166,181,102,98,99,100,102,102,102,104,104,105,107,107,106,102,103,104,103,102,101,98,98,98,99,99,99,101,104,106,108,108,109,110,108,109,111,109,109,107,108,109,111,108,109,108,109,109,110,111,91,104,108,99,98,152,116,148,149,168,150,152,139,143,152,157,153,130,159,161,98,121,96,93,95,102,108,112,157,152,152,149,149,154,155,158,158,156,155,155,155,151,159,149,146,177,180,181,159,131,160,89,90,92,96,94,107,94,99,142,100,152,213,163,161,161,161,159,154,153,153,159,169,157,159,160,159,154,161,158,157,157,160,157,159,158,157,160,159,160,160
117,116,117,117,117,116,117,116,116,117,116,117,116,116,116,117,116,116,116,115,115,117,116,117,115,116,115,115,116,115,115,115,115,115,115,115,115,115,114,114,114,114,113,140,151,151,154,195,165,187,169,155,166,209,184,153,192,198,163,168,180,101,101,100,102,102,103,103,104,104,105,106,104,102,101,101,104,102,101,100,97,98,97,98,98,100,102,103,104,105,105,106,106,106,106,106,108,107,104,108,106,107,107,109,109,109,110,110,111,107,103,148,155,149,153,118,149,148,170,150,150,148,143,153,158,141,126,92,98,100,100,93,155,136,147,147,154,155,153,154,149,149,154,155,159,155,157,155,153,157,152,158,146,160,104,158,91,93,91,93,89,92,97,111,151,111,155,153,161,141,172,212,166,159,158,158,161,155,154,155,157,160,159,159,160,160,156,162,159,157,160,160,161,160,160,157,160,160,163,162
118,117,117,117,118,117,117,117,117,117,117,116,117,117,117,117,117,116,116,117,116,116,117,116,116,117,116,117,117,116,116,116,116,115,115,116,115,115,115,115,114,114,114,140,142,151,149,189,163,191,177,161,163,211,181,163,195,193,163,167,177,101,102,103,103,103,102,103,101,98,104,103,99,100,103,103,102,102,101,99,97,97,97,97,99,101,102,103,104,105,105,105,105,104,104,105,106,106,105,108,107,108,108,109,111,112,112,113,112,159,150,165,149,150,154,116,148,148,172,149,150,150,161,145,94,93,107,99,107,154,167,158,152,149,149,151,155,155,151,154,148,148,155,151,159,152,159,152,151,163,130,139,87,89,88,93,90,95,94,139,152,159,126,149,149,107,153,155,162,99,188,208,173,160,160,162,161,156,154,154,155,158,160,160,160,159,156,161,159,158,160,163,166,164,159,159,162,160,160,159
118,118,117,118,118,119,118,118,118,118,118,118,117,118,117,118,117,117,117,117,117,117,117,117,117,117,117,117,116,116,116,116,116,115,116,115,115,115,115,115,114,114,114,137,141,154,144,190,154,183,177,170,166,186,181,172,193,189,162,166,173,102,103,103,103,103,100,99,100,102,103,106,100,102,103,100,102,102,101,99,97,96,96,99,100,102,103,104,104,105,105,104,104,103,104,105,106,106,108,108,108,108,109,108,110,110,110,114,115,149,150,166,150,147,152,115,149,150,169,113,155,100,100,102,100,103,151,184,179,179,156,155,153,152,146,151,156,157,152,152,146,146,153,150,158,164,156,144,89,89,91,101,92,95,95,135,154,163,148,152,150,148,138,150,147,108,151,155,155,98,188,209,178,162,161,161,162,158,155,155,157,156,158,160,159,159,158,163,161,160,162,164,184,162,162,163,202,200,192,191
117,118,117,117,119,119,118,119,117,118,118,119,118,118,118,118,118,118,118,118,118,119,117,118,117,117,117,117,117,117,116,117,116,115,115,115,116,115,115,115,115,115,114,196,130,154,136,183,147,186,173,175,171,176,212,165,195,178,162,166,170,104,104,104,103,103,96,97,100,100,101,102,103,103,99,99,103,104,100,99,99,98,98,99,101,103,104,104,104,105,106,104,104,103,103,105,106,107,108,108,108,109,112,110,110,110,111,112,113,150,151,161,150,148,152,122,145,158,102,99,98,109,157,135,180,153,167,181,179,179,154,157,153,151,148,153,156,154,153,153,148,157,93,153,100,92,98,98,91,96,95,156,101,155,177,178,181,151,150,150,151,149,131,151,149,112,152,154,155,160,178,213,184,161,162,162,161,157,156,157,157,156,159,160,162,160,160,163,163,160,190,199,200,194,193,201,200,183,140,140
118,119,119,118,118,118,118,118,119,118,118,119,118,119,118,118,117,118,117,117,117,117,118,117,118,119,117,117,117,117,118,116,117,116,115,115,115,115,116,115,115,115,115,196,128,155,132,190,147,190,170,179,175,177,218,138,201,180,163,165,167,104,103,104,104,101,99,98,99,99,100,99,101,98,96,102,106,105,100,100,98,99,99,100,102,103,104,105,106,105,105,103,110,112,108,104,107,109,109,109,109,114,112,111,111,112,112,111,112,149,151,168,157,117,112,105,97,98,106,149,161,145,176,174,177,151,175,181,178,179,155,157,153,152,148,154,153,162,135,161,91,91,94,98,99,96,106,165,154,161,147,159,151,154,182,184,184,152,150,152,154,152,115,153,151,116,155,154,165,165,167,211,195,162,162,162,163,158,157,157,158,158,160,161,161,204,195,176,145,192,196,208,144,139,139,143,140,145,139,138
119,119,118,119,119,119,118,119,119,119,119,119,119,119,119,118,118,118,118,118,118,118,118,118,118,118,118,118,118,118,118,117,117,117,116,117,116,116,116,116,116,115,115,179,130,157,128,196,145,191,168,180,172,184,212,136,200,167,160,164,165,104,104,103,104,103,101,100,101,99,99,95,99,100,101,103,105,108,107,99,99,99,100,101,102,103,104,105,105,104,105,109,111,112,109,105,106,109,112,113,113,113,110,108,110,110,111,112,112,157,112,94,99,94,105,112,102,153,181,173,151,141,177,175,174,149,180,179,176,177,153,157,150,156,155,151,126,92,92,92,92,89,96,159,85,156,151,149,150,151,148,162,155,157,184,190,185,153,151,154,155,151,132,154,152,115,158,159,112,178,160,211,195,163,163,164,165,159,156,162,197,197,191,194,195,197,166,138,138,136,134,139,150,141,145,147,143,147,144,140
119,118,119,119,120,118,119,119,119,119,120,120,119,119,119,119,119,119,119,119,119,119,118,117,118,118,118,119,118,118,117,117,117,117,117,116,116,116,116,117,116,116,116,185,130,157,125,199,142,200,162,188,174,185,212,133,205,165,165,165,155,105,104,104,104,105,99,99,97,99,100,98,99,99,101,104,105,107,108,104,104,103,102,105,102,104,105,105,105,106,112,112,113,112,108,106,112,113,114,114,113,109,111,111,110,111,111,112,113,103,106,104,157,158,171,126,150,156,175,176,152,149,178,177,174,149,180,179,176,179,165,135,129,88,92,92,90,93,92,149,136,155,152,151,157,150,152,150,152,152,149,162,159,160,187,187,180,151,152,155,149,149,140,152,153,117,160,163,119,173,156,211,200,162,184,143,132,190,191,198,202,135,137,138,135,137,138,138,138,140,138,141,147,143,145,145,151,138,159,198
119,120,120,120,119,120,120,120,120,121,120,120,119,119,120,120,119,119,120,119,118,118,119,119,117,118,127,119,116,117,118,118,118,117,117,117,117,117,117,117,116,116,117,173,129,158,121,197,133,198,127,187,168,206,138,155,206,167,163,163,149,106,103,103,104,105,101,97,97,99,100,100,100,101,103,104,106,108,108,108,108,108,103,104,104,105,105,105,105,109,113,113,112,111,107,109,114,114,113,114,111,109,111,112,112,112,113,113,114,115,179,156,147,154,178,125,150,156,186,177,152,151,177,176,175,153,163,139,142,87,96,88,91,91,92,154,150,154,153,153,154,153,143,153,157,150,151,151,152,154,152,167,162,161,187,176,171,150,149,155,153,154,149,154,112,168,95,93,142,162,143,210,186,190,197,165,135,139,142,140,138,142,136,141,137,136,141,141,140,144,149,143,180,202,195,208,189,192,210,188
120,120,120,120,122,120,120,121,121,120,121,120,121,120,120,119,119,120,120,119,120,120,119,120,127,130,133,128,125,130,129,129,126,127,127,127,131,127,117,117,117,117,137,185,133,156,121,193,130,194,129,190,184,206,201,188,201,166,168,161,142,109,105,104,104,106,103,102,99,99,100,99,100,101,103,104,107,107,107,111,111,108,107,109,106,110,113,113,113,113,113,112,111,111,108,110,112,112,111,111,112,111,111,112,113,113,113,114,114,152,175,156,148,154,178,121,153,158,191,165,153,149,169,148,135,90,97,90,89,92,97,153,154,181,153,156,155,154,154,155,156,152,154,153,158,152,153,152,156,155,154,160,151,154,184,175,179,159,162,145,150,92,100,97,92,92,93,95,97,160,108,191,156,145,141,140,141,139,145,141,139,142,142,144,144,137,170,203,206,199,195,195,228,187,187,189,191,192,190,191
121,121,120,120,120,121,121,122,121,121,121,121,120,121,120,120,121,120,121,120,120,121,119,121,128,129,124,127,139,136,124,121,123,124,125,124,145,134,118,118,117,117,135,185,139,155,121,196,131,186,124,190,173,204,189,184,196,163,171,158,188,113,110,104,104,104,102,102,102,102,101,98,100,104,105,113,114,114,114,113,108,108,109,108,113,114,113,114,114,114,113,114,113,111,111,110,110,110,110,109,111,111,112,113,113,114,114,114,115,151,175,158,148,154,178,121,157,160,175,118,153,94,95,86,89,91,142,134,164,157,156,157,182,183,154,156,156,155,154,155,155,151,156,154,160,152,149,150,150,154,153,165,161,98,156,158,93,105,97,93,94,90,97,93,95,102,151,146,152,189,140,186,155,144,139,140,141,140,150,135,183,203,216,173,180,184,196,189,188,188,189,190,232,190,190,194,193,193,192,193
121,121,121,121,122,122,121,122,121,122,122,122,122,121,121,121,120,121,121,121,120,121,120,121,126,127,124,124,124,123,125,124,125,124,124,123,146,136,118,119,118,118,137,191,140,157,123,191,126,193,126,182,169,202,198,184,186,164,170,158,197,114,114,104,104,102,103,102,102,102,100,98,111,114,115,115,115,115,114,112,109,109,111,114,115,114,111,111,114,111,111,110,113,110,111,110,111,112,111,111,111,111,112,113,114,114,115,115,115,145,173,158,148,149,176,139,153,90,96,92,90,97,161,142,160,158,181,158,157,159,157,158,188,185,156,159,157,158,157,157,156,154,158,156,162,154,153,161,106,100,154,95,95,90,88,91,91,103,92,95,96,144,154,160,162,158,162,163,173,168,96,185,164,142,189,183,227,196,195,199,184,186,185,186,186,184,184,189,189,188,190,189,222,189,191,192,193,193,192,195
121,122,121,122,122,122,121,121,121,121,122,121,121,121,121,122,121,122,121,121,121,121,120,121,127,126,126,144,186,188,186,183,183,199,202,172,143,133,119,119,118,119,138,194,146,155,130,197,125,189,125,178,157,210,153,189,185,162,181,159,195,115,115,115,112,112,104,113,112,115,112,113,116,116,116,115,116,116,113,112,111,110,113,115,114,111,109,109,108,110,109,109,110,109,111,111,111,112,112,113,112,113,114,115,114,114,115,116,116,146,180,148,153,93,93,99,93,95,159,148,187,153,160,158,157,159,182,158,159,160,159,158,186,186,157,157,154,151,150,155,157,157,170,88,109,151,91,94,95,90,93,94,91,96,100,136,153,152,162,162,161,164,161,162,162,160,162,161,176,171,111,206,198,190,163,162,161,186,187,189,189,188,187,187,185,187,186,190,190,189,193,193,220,190,191,192,193,193,192,195
122,122,122,122,123,123,123,122,122,122,122,123,123,121,121,121,121,121,121,121,121,121,121,122,124,123,123,131,157,190,185,184,182,182,202,201,144,135,119,119,119,119,139,198,151,156,136,201,129,194,128,176,153,212,156,191,179,162,185,158,197,115,111,109,107,115,114,112,115,115,116,116,116,116,116,112,114,114,107,111,111,111,112,113,111,110,109,109,109,109,110,110,110,111,111,111,111,112,112,113,113,114,114,114,115,115,116,116,117,103,100,97,91,94,142,138,157,156,188,182,183,152,162,159,159,159,182,159,161,159,159,158,170,172,156,157,157,146,155,153,157,89,88,92,95,93,91,96,98,95,145,157,151,149,161,162,162,161,163,161,163,163,159,159,162,160,163,161,174,147,133,203,195,162,161,161,162,187,187,187,189,190,186,185,185,186,185,191,192,194,193,194,207,191,194,195,193,194,191,194
123,123,123,124,123,123,124,122,123,123,123,123,123,123,123,123,122,121,121,122,122,122,121,122,122,122,122,125,132,160,186,189,185,182,188,196,144,133,119,119,119,119,140,195,167,152,147,202,134,192,125,172,148,212,158,189,174,159,190,161,190,111,108,106,107,107,116,115,116,115,116,115,114,109,106,103,98,101,104,108,110,112,111,111,110,110,111,110,111,111,112,111,112,111,112,111,112,112,112,113,114,114,115,115,115,116,116,117,116,103,151,165,153,153,155,151,157,158,190,183,182,149,161,158,160,160,183,159,159,159,156,157,169,153,136,160,87,90,92,90,90,92,91,93,145,153,96,161,153,155,157,162,155,156,162,161,160,163,160,163,164,160,162,159,160,160,165,162,179,92,152,205,196,161,161,163,163,188,188,189,190,191,190,191,193,194,192,194,192,192,192,194,210,193,195,193,195,194,191,193
124,123,124,123,123,125,124,123,123,123,123,123,123,123,122,123,123,123,122,122,122,121,122,122,119,122,122,125,127,138,171,184,188,183,179,201,144,129,119,119,119,119,138,187,167,153,157,193,141,187,127,172,138,213,169,184,171,159,207,157,174,115,116,116,116,115,115,116,116,117,116,116,116,114,105,103,103,105,105,104,109,111,111,112,111,112,111,112,111,112,112,112,112,112,113,112,112,112,114,113,113,115,116,116,116,116,117,117,117,157,152,171,155,153,154,154,157,157,189,183,183,146,160,158,159,159,180,166,97,131,145,88,91,90,95,91,90,92,92,159,135,158,157,161,178,159,157,149,152,154,154,161,154,151,156,160,163,159,165,162,164,160,162,161,162,162,164,164,180,104,159,208,197,163,161,162,163,186,189,190,191,190,192,193,193,192,192,194,194,193,194,194,209,194,194,195,194,193,199,195
124,124,123,124,124,123,124,123,123,123,123,123,123,123,123,122,122,122,122,122,122,122,121,122,119,117,121,123,123,126,142,166,186,185,187,202,145,126,119,119,119,119,137,189,175,150,165,179,146,181,127,168,134,219,212,183,166,154,212,159,180,116,117,118,117,117,116,116,114,117,117,116,115,114,105,102,105,104,104,106,110,112,112,111,111,112,112,112,113,113,113,113,113,113,113,113,113,113,114,114,115,115,115,115,116,117,117,117,117,158,156,172,157,153,155,156,159,159,190,184,184,145,166,90,163,105,91,89,95,93,97,92,90,112,135,151,164,160,154,152,152,155,153,155,182,154,155,149,149,152,150,158,148,146,155,159,161,158,160,164,162,163,162,164,163,162,165,165,165,166,158,208,193,162,162,163,163,187,184,184,184,192,193,195,193,193,192,194,193,193,193,194,206,190,191,192,191,192,219,194
123,124,124,124,123,123,124,123,124,122,123,123,123,122,123,122,122,122,122,122,122,122,122,121,120,118,119,120,124,123,128,135,169,185,188,205,143,126,119,119,119,119,137,181,183,145,171,180,151,186,132,166,128,213,209,178,165,158,211,157,178,117,118,117,116,116,116,116,115,115,115,111,109,106,102,103,101,104,107,109,112,113,113,113,113,112,112,113,113,113,113,113,114,114,114,114,114,114,115,115,115,116,116,117,116,117,117,117,117,159,156,179,159,155,161,156,162,162,161,104,98,89,88,86,89,89,93,91,162,150,160,160,157,159,160,160,162,158,153,153,155,148,154,144,180,150,155,147,149,151,149,155,147,150,152,160,162,161,158,159,160,165,164,165,167,165,166,164,97,162,169,212,191,163,163,163,163,189,183,184,187,192,191,195,194,190,191,191,190,190,190,193,203,192,190,191,192,191,226,193
124,124,123,124,124,123,123,124,123,124,123,123,122,123,123,122,122,122,122,122,122,121,120,120,121,118,120,118,122,125,126,127,136,159,185,205,143,123,119,120,120,121,143,190,186,145,178,181,164,180,139,157,128,212,195,177,165,162,199,160,187,108,115,110,108,107,110,110,104,103,105,107,107,106,104,104,100,106,109,109,113,114,113,113,113,114,113,113,113,113,114,114,113,114,114,114,114,115,115,115,115,116,116,117,117,117,118,118,118,158,156,173,157,147,160,89,88,91,95,89,91,93,143,141,150,158,149,159,158,160,161,162,158,160,162,160,162,158,154,153,157,151,158,150,183,151,156,147,149,151,147,154,149,151,158,164,162,164,164,166,93,118,151,162,147,86,90,89,116,102,97,205,200,165,163,164,165,187,186,186,184,193,186,191,190,191,188,191,190,191,190,191,190,191,191,193,194,195,230,193
124,123,124,124,124,123,125,124,123,124,124,124,124,123,123,124,122,122,121,121,120,120,121,114,119,117,119,118,121,122,121,123,124,131,164,185,143,122,118,120,119,118,140,195,193,146,192,187,172,191,141,151,127,220,153,193,160,167,201,160,188,107,108,108,109,110,110,106,103,106,106,106,106,106,107,104,104,102,114,112,114,113,114,114,114,114,113,114,114,114,114,114,114,115,114,115,116,116,115,116,116,116,116,117,118,118,118,118,118,158,92,93,93,94,100,95,90,148,147,159,159,148,159,146,161,159,143,161,160,158,161,163,159,160,164,161,162,159,156,156,158,157,161,153,189,155,158,152,150,152,148,167,155,153,123,151,158,90,87,89,91,89,89,89,90,94,98,98,181,98,105,201,201,164,163,165,165,189,184,185,186,191,187,184,192,187,190,192,190,189,189,191,158,194,207,203,203,200,201,203
123,124,123,123,124,123,123,122,121,122,121,122,123,122,122,122,123,122,121,120,119,117,119,108,118,115,123,117,118,118,121,121,123,121,128,143,142,116,114,113,113,113,140,197,196,139,199,181,177,193,153,148,127,215,150,192,162,165,200,162,201,111,109,107,107,111,109,104,105,107,107,108,109,108,107,107,115,116,116,116,114,114,114,114,114,114,114,115,114,114,114,113,115,114,116,115,115,116,115,116,116,117,117,117,118,118,118,119,118,99,93,142,137,163,160,152,159,152,162,159,162,148,159,132,144,158,136,161,160,157,161,163,158,160,162,162,161,163,157,157,159,158,157,152,173,134,97,127,114,136,90,89,91,94,99,96,92,90,90,90,93,98,93,98,157,164,161,157,172,152,176,213,197,165,163,163,163,189,185,181,184,190,190,191,202,198,194,196,202,200,195,197,210,200,204,194,166,135,141,141
125,124,120,121,122,121,122,123,122,122,122,121,122,122,120,119,120,119,121,121,120,118,118,108,118,112,138,121,119,117,117,117,118,120,121,123,141,117,117,115,114,114,144,192,189,138,196,167,190,193,163,148,136,225,154,195,160,178,205,163,199,110,110,110,112,111,111,108,107,114,117,117,115,116,116,116,117,116,117,117,116,115,115,116,115,115,115,114,114,115,115,115,115,115,115,116,116,116,116,116,117,117,117,117,118,118,119,119,119,156,157,171,161,156,160,151,159,149,139,159,162,150,159,136,141,158,146,160,158,156,162,162,158,160,162,160,165,131,91,97,160,152,94,96,104,102,93,97,97,97,92,91,99,99,103,91,153,162,141,142,163,155,156,162,164,164,163,164,169,153,172,211,204,168,201,201,161,201,200,198,198,198,195,203,200,199,160,143,137,130,140,135,140,137,139,139,138,140,143,138
122,121,119,122,122,123,122,122,122,122,121,121,122,119,118,119,120,119,120,121,120,119,118,118,118,110,169,142,122,116,116,117,118,118,120,119,141,117,115,112,114,115,144,187,180,130,183,144,182,169,171,146,143,220,206,186,157,193,195,164,201,113,113,113,112,111,112,111,117,118,117,118,118,118,117,119,118,117,117,117,116,117,116,115,115,115,115,115,115,115,115,115,115,116,115,116,116,116,116,116,117,117,118,118,119,119,118,119,119,155,156,173,159,153,155,147,153,152,152,158,162,150,159,147,144,160,145,162,160,161,161,98,160,152,122,90,91,89,98,96,100,100,102,93,102,106,106,97,162,147,93,96,162,156,161,159,161,162,162,164,149,162,159,162,162,162,162,163,162,156,177,213,198,144,192,191,166,136,142,134,134,136,135,139,138,140,143,141,139,138,141,142,148,139,138,138,137,142,152,147
124,125,123,124,123,123,122,124,122,121,121,121,119,117,119,119,119,119,122,122,122,122,122,126,116,109,191,171,139,122,118,118,116,118,119,120,142,116,108,110,110,114,149,182,178,127,172,141,183,163,179,144,144,214,200,185,159,196,187,158,194,112,111,112,108,110,109,116,117,117,118,117,118,118,117,118,117,117,115,116,116,116,116,115,115,117,116,116,116,116,115,115,116,116,115,116,116,116,117,118,118,118,119,119,119,119,119,120,120,157,157,175,159,154,159,147,156,156,161,159,163,144,164,148,103,144,164,88,91,88,92,89,88,90,92,92,88,92,95,132,159,142,146,159,197,191,187,153,151,147,148,149,155,158,161,161,162,161,163,164,147,160,156,161,160,162,161,158,160,156,159,167,144,146,142,135,139,134,139,134,136,137,134,145,140,140,143,147,139,141,143,146,158,145,153,137,150,155,180,208
124,123,122,123,124,125,123,123,123,124,125,123,121,120,121,119,120,120,122,121,122,122,120,125,117,107,192,191,175,143,124,120,118,115,117,118,140,115,112,112,116,115,140,191,175,129,179,138,181,154,187,143,147,213,196,189,160,200,178,159,186,109,105,108,109,109,108,108,110,112,114,118,114,114,115,114,115,117,116,117,116,116,116,116,117,116,117,117,117,117,116,117,117,116,117,117,117,117,117,118,118,119,119,119,120,120,120,121,120,152,159,175,159,155,161,153,158,144,164,91,95,92,91,87,89,95,98,94,91,90,91,155,161,146,151,158,154,151,154,150,156,156,151,150,200,181,188,151,151,149,149,152,153,154,158,152,156,156,154,157,142,152,151,152,152,157,157,157,163,163,120,168,143,148,146,137,137,132,136,136,140,142,148,136,139,143,157,206,192,196,203,216,202,145,154,140,148,159,192,171
125,124,125,125,126,125,125,124,124,123,123,125,123,122,122,122,123,122,122,121,119,122,120,120,116,108,188,171,196,162,159,133,123,117,117,117,140,113,114,116,117,116,143,198,185,135,180,134,185,146,183,144,153,214,151,195,160,210,168,159,189,107,108,109,107,108,106,110,109,112,114,114,115,114,114,115,116,116,116,116,116,116,117,117,116,117,117,117,117,117,117,117,117,117,118,118,118,117,118,118,119,119,119,119,120,121,120,121,121,87,152,129,97,100,103,107,95,96,106,98,93,94,166,148,151,93,157,157,158,158,155,151,160,157,153,154,152,151,152,149,156,154,151,146,171,181,180,151,151,151,152,152,150,155,161,153,156,155,156,159,152,154,148,155,155,154,158,157,161,148,136,182,140,139,180,200,197,211,211,166,134,138,134,172,173,180,174,172,166,162,161,160,173,164,162,162,163,162,194,162
128,126,126,126,125,124,125,124,124,124,124,124,123,123,123,123,122,122,122,121,121,121,121,110,115,108,185,153,201,160,192,146,137,121,119,117,139,113,116,118,118,117,141,201,183,138,188,128,190,142,191,144,157,221,149,197,162,211,161,157,191,108,110,110,108,105,111,109,111,112,114,114,115,115,114,116,117,116,116,116,117,116,116,117,117,117,117,116,117,117,118,118,118,118,118,118,119,118,119,119,119,120,120,120,121,121,122,121,121,98,100,107,98,102,194,201,199,199,193,201,166,109,110,164,162,157,122,158,159,157,155,151,162,159,155,155,153,154,153,153,155,157,155,149,184,182,181,150,150,151,151,156,151,152,164,151,156,157,157,159,140,158,151,157,153,152,157,158,132,99,138,211,143,166,165,164,166,160,165,164,165,164,166,166,166,166,166,172,164,165,164,165,161,162,163,163,164,161,197,159
129,126,131,148,125,125,125,125,125,124,124,124,125,124,124,123,123,123,123,123,123,122,121,103,117,111,191,138,201,144,205,136,189,124,142,119,140,117,119,118,118,118,168,201,183,154,187,125,189,141,189,146,158,218,151,197,164,209,159,160,188,109,108,111,111,111,112,114,113,115,115,115,116,115,115,116,116,117,116,117,117,117,116,117,117,117,117,117,117,117,118,118,118,119,119,119,119,119,119,119,120,120,120,121,121,121,121,121,122,98,176,140,105,151,244,240,227,249,250,249,249,251,243,164,153,156,122,156,158,156,153,153,161,160,156,156,154,155,154,154,156,157,158,151,176,184,184,153,154,154,152,156,154,154,169,154,154,155,157,157,142,157,169,141,113,119,133,156,91,100,142,228,135,161,163,164,160,154,163,166,165,164,165,165,166,165,166,185,164,165,164,162,156,166,163,161,161,160,194,156
126,130,131,138,146,125,124,124,125,124,124,124,125,124,124,124,122,124,123,122,123,123,122,106,116,113,188,129,194,132,197,130,206,120,191,120,138,120,121,120,120,119,177,194,171,160,179,129,182,136,186,148,167,205,173,186,162,196,161,158,196,112,113,113,114,114,115,115,115,114,114,115,116,116,117,117,116,117,117,117,117,117,117,117,118,117,118,118,117,118,119,118,119,119,120,119,119,120,121,120,120,121,121,121,121,121,122,122,123,96,98,222,117,123,122,124,123,124,124,124,124,125,125,162,152,158,108,155,156,155,153,152,158,158,156,157,155,156,155,154,157,158,159,151,168,182,184,153,156,162,110,103,172,170,154,115,126,136,158,101,88,91,91,95,92,92,91,92,104,174,164,218,133,159,162,162,162,156,160,163,164,163,164,163,162,164,164,197,162,163,159,159,153,161,159,158,160,157,189,155
123,122,119,132,139,125,125,125,125,125,124,123,124,125,124,124,123,124,123,123,123,122,123,120,118,120,190,124,190,125,195,121,203,118,213,118,139,118,120,119,120,121,174,193,170,171,177,142,178,135,180,150,164,205,196,194,162,179,162,161,200,115,117,116,116,116,117,117,117,117,116,117,117,117,116,116,117,117,117,117,117,117,117,118,118,118,117,117,118,118,119,120,120,119,119,119,119,120,120,121,121,121,121,122,122,123,122,124,123,95,129,123,124,123,124,123,124,124,125,125,123,125,125,164,154,156,125,156,158,156,153,153,161,164,154,163,161,159,97,98,115,152,169,163,166,99,91,98,95,92,88,94,95,90,103,97,91,93,92,92,90,89,90,94,99,106,99,101,126,157,153,222,135,160,159,163,163,160,160,165,165,157,160,161,158,162,162,213,159,161,157,159,152,158,158,157,159,155,186,154
120,121,124,125,132,134,126,126,125,125,125,125,125,125,125,124,123,124,124,123,123,123,123,128,118,123,194,119,193,121,197,120,198,116,197,117,139,118,119,120,118,119,163,191,170,184,178,165,176,135,170,154,166,198,183,184,165,167,165,162,201,116,118,117,117,116,117,118,117,116,115,114,115,116,116,117,117,117,117,117,117,118,117,117,118,118,119,118,118,119,119,120,120,120,119,120,120,121,120,121,121,121,122,122,122,123,123,124,123,99,130,123,124,124,125,125,125,125,126,126,126,126,126,165,158,97,141,96,154,154,158,107,91,92,96,95,102,101,93,98,105,103,94,102,104,98,94,99,95,94,92,93,96,95,116,96,94,125,136,128,160,164,164,154,158,159,152,161,173,160,162,225,138,160,163,163,165,173,163,165,167,163,164,164,159,160,163,244,162,156,156,157,154,157,157,158,158,156,191,155
202,130,135,146,132,128,125,125,126,125,125,124,125,124,125,124,124,123,124,123,122,126,122,128,120,123,193,118,195,118,200,119,199,117,204,117,139,119,120,119,119,119,139,192,166,187,176,180,176,133,181,156,167,194,163,194,163,166,170,160,201,117,118,117,117,117,117,87,131,153,150,149,150,149,150,148,148,148,149,149,149,147,148,174,143,161,170,86,169,107,149,151,120,120,121,121,121,121,121,122,122,122,123,122,124,123,124,123,124,102,132,124,124,125,125,125,126,126,126,127,125,126,127,98,100,97,106,90,91,90,91,101,94,94,96,93,99,99,96,93,98,155,160,163,169,159,160,157,156,155,154,155,156,155,169,153,154,153,153,153,154,154,161,158,155,158,163,159,173,157,159,228,139,158,163,163,162,190,163,166,164,160,162,164,165,164,164,230,160,157,158,156,153,158,158,156,156,157,198,153
207,148,125,164,137,137,126,126,126,125,125,125,125,125,125,124,124,124,124,123,156,151,147,122,118,125,194,117,201,120,200,117,201,114,201,117,138,120,121,121,121,121,136,195,164,194,173,191,184,133,188,168,169,188,150,200,164,166,181,161,200,118,117,118,118,119,119,116,114,148,147,147,146,147,146,146,146,145,149,145,145,145,144,96,174,107,158,88,157,153,145,146,120,121,121,121,121,121,122,123,123,123,123,124,124,124,124,124,125,100,128,124,126,126,126,126,126,127,127,127,127,127,128,103,151,160,163,163,153,143,155,161,163,158,156,154,156,155,157,156,158,156,160,154,133,155,156,154,155,156,157,156,157,156,169,156,156,154,152,153,157,156,159,155,155,157,161,160,170,158,156,210,138,161,161,162,160,209,161,162,162,161,158,161,161,159,158,194,157,158,159,156,152,157,156,155,185,186,191,185
113,114,110,113,139,132,126,126,126,125,125,125,124,124,125,125,125,124,124,122,154,144,166,121,119,123,197,118,206,118,209,120,200,118,202,118,140,120,121,120,121,120,135,199,153,195,163,195,181,136,191,190,167,178,150,196,165,163,198,162,189,118,118,120,121,120,121,112,109,148,155,153,146,143,144,144,144,145,146,143,142,140,140,140,139,141,140,140,139,144,143,145,121,121,121,122,122,122,123,122,122,124,124,123,124,124,125,125,125,100,125,126,127,126,126,128,127,127,127,127,128,128,127,161,161,159,102,158,163,163,163,164,158,160,158,158,158,159,157,156,160,160,160,154,135,156,157,156,155,159,156,155,155,155,165,155,157,152,151,153,154,155,158,155,155,158,159,161,171,159,158,197,138,161,161,160,159,224,162,160,160,158,159,161,161,162,159,170,156,156,157,182,184,187,187,185,186,188,182,189
198,174,112,127,153,131,126,127,126,126,126,125,125,125,124,125,124,125,125,122,145,139,164,120,120,119,181,119,198,120,204,118,206,118,206,120,139,121,121,121,120,120,139,188,146,187,155,187,174,135,180,196,165,167,151,198,162,157,206,158,192,119,121,83,82,92,97,97,99,122,96,136,152,127,137,113,119,116,109,110,111,114,120,126,129,136,143,154,146,143,127,126,110,102,103,102,123,123,123,123,124,124,124,125,125,125,124,125,126,100,123,125,127,128,127,128,128,128,128,128,128,128,127,163,161,159,100,158,164,162,163,164,158,159,158,157,158,157,155,155,158,159,161,154,141,156,157,156,157,157,156,156,157,157,158,156,157,152,152,153,155,154,158,156,155,159,159,162,169,164,160,179,142,162,161,163,159,229,160,162,161,158,166,160,162,160,160,156,156,156,159,190,194,189,200,195,202,188,196,183
238,191,115,131,155,152,126,126,126,126,126,126,126,125,125,124,124,124,123,144,143,146,165,119,120,121,141,118,165,120,177,120,194,120,207,121,139,120,121,130,121,121,141,192,137,178,140,181,160,134,174,194,166,164,170,193,164,157,209,157,192,156,141,130,138,91,131,98,99,156,114,130,157,111,197,105,158,178,185,151,156,155,174,194,176,201,188,106,175,120,158,157,143,158,112,160,123,123,123,123,123,124,124,125,125,126,126,126,127,101,124,126,128,128,128,128,128,127,128,128,129,128,128,164,160,159,100,157,163,163,163,164,158,161,158,158,157,158,156,155,157,160,162,156,140,156,159,157,157,159,157,157,158,156,150,156,157,152,152,154,156,154,158,156,156,158,159,161,166,163,163,166,142,170,185,194,196,222,140,136,167,142,174,139,137,136,133,160,140,156,157,152,173,137,138,139,138,142,151,138
238,192,120,142,160,155,125,127,127,127,126,126,126,126,126,126,126,126,125,131,144,144,166,122,120,119,131,119,141,120,157,121,174,119,182,122,138,116,157,96,161,166,141,199,137,171,130,182,152,136,171,192,169,170,173,198,163,165,204,159,191,155,166,83,87,90,113,100,101,147,115,153,171,140,159,110,139,134,128,116,114,106,103,103,102,100,101,98,100,101,100,101,100,100,121,114,124,124,124,124,124,125,125,126,126,127,126,127,127,100,131,127,128,129,129,129,130,129,178,201,209,159,144,166,160,161,104,157,163,164,163,165,157,159,157,157,159,159,156,157,155,157,163,158,148,156,159,158,158,164,157,157,157,158,141,156,157,158,154,155,156,156,159,158,158,161,163,164,167,139,137,175,149,197,199,201,203,205,202,199,199,196,198,186,173,159,152,152,140,133,137,137,140,142,138,138,141,142,149,139
138,129,127,124,159,158,161,127,128,127,128,127,127,127,126,126,126,126,126,125,138,146,163,122,119,120,124,118,129,119,130,119,134,119,136,124,139,186,98,158,143,138,150,201,138,176,130,174,150,135,171,190,167,171,176,199,163,178,202,160,196,149,158,121,155,90,108,101,99,148,135,182,176,140,186,104,180,197,156,136,158,159,157,143,152,192,182,104,167,131,173,168,119,151,115,159,125,124,125,126,125,125,125,127,127,127,127,127,127,105,107,117,127,130,130,130,129,129,183,178,168,128,106,165,171,167,110,166,174,168,166,165,164,164,166,165,153,160,150,161,117,150,119,93,141,154,154,143,154,169,163,166,167,167,142,158,158,123,126,135,153,148,162,159,150,127,162,153,150,89,95,143,142,144,145,141,139,147,140,141,140,141,141,141,139,140,138,156,148,145,144,145,144,148,146,147,148,148,154,147
203,195,142,120,182,181,168,127,128,127,128,124,128,127,127,126,127,126,126,127,135,137,148,122,117,117,120,119,123,119,123,119,124,120,125,128,140,154,102,151,133,132,174,207,139,187,131,198,145,139,169,194,164,177,144,212,164,192,202,160,204,175,172,110,136,92,121,114,129,169,150,125,187,166,174,130,174,167,163,129,155,160,153,122,148,140,134,122,124,121,117,119,111,114,120,115,125,125,126,125,126,126,126,127,127,128,128,128,128,104,106,113,113,108,112,109,117,115,110,118,109,115,104,101,97,102,93,95,92,91,93,91,93,97,102,96,99,102,98,96,95,89,100,93,92,91,90,93,91,105,88,89,90,93,101,95,90,90,89,93,91,90,90,88,93,89,91,91,100,103,99,141,147,148,144,142,139,152,145,143,145,142,148,145,143,144,142,156,148,142,146,146,145,147,147,150,147,149,151,150
144,211,159,127,186,176,178,168,155,127,132,120,133,161,127,127,127,128,127,134,134,165,161,125,119,120,124,119,124,120,124,120,124,119,121,132,138,162,109,165,138,118,188,201,138,191,142,200,141,141,156,192,164,190,147,210,165,201,187,160,203,176,182,136,180,90,113,114,120,190,181,144,172,197,166,124,167,154,165,116,198,202,167,110,161,209,222,130,188,187,152,134,116,173,140,160,126,126,126,127,127,127,127,128,128,128,128,129,129,102,103,111,105,107,104,106,109,110,107,107,106,105,104,97,95,103,101,96,97,95,96,94,93,95,102,96,99,104,100,98,99,93,99,99,103,100,99,110,91,103,93,93,93,94,108,103,96,94,95,95,93,95,95,94,94,94,97,98,116,114,144,158,138,170,165,162,162,167,155,155,154,155,167,155,157,155,155,163,153,150,148,146,154,156,152,149,149,149,160,153
132,212,182,143,186,180,182,160,189,176,188,127,163,166,136,135,136,135,133,138,136,163,149,121,119,118,122,120,122,120,122,119,121,119,122,138,139,149,131,143,143,137,191,191,137,195,157,207,139,145,144,188,163,197,145,204,163,209,173,160,200,146,175,133,157,91,124,133,120,178,148,172,171,193,171,121,170,167,180,119,175,178,164,116,167,181,180,131,169,166,167,138,120,167,144,160,127,128,128,128,128,128,128,130,129,128,129,130,130,102,110,179,191,132,132,133,133,133,135,136,137,136,107,167,167,166,173,158,168,160,164,168,172,169,165,167,166,171,167,165,170,172,175,172,166,163,164,163,163,182,163,164,162,163,168,157,158,165,162,163,163,163,163,162,162,162,164,165,169,168,163,165,138,175,170,170,179,194,177,176,179,182,211,162,165,174,177,202,193,191,193,203,201,205,204,202,202,198,204,191
136,174,168,156,190,189,183,152,151,122,121,122,114,125,102,140,124,120,121,135,145,146,140,125,120,119,121,119,123,121,122,120,122,118,121,147,136,144,200,140,212,170,180,165,138,193,168,202,142,151,138,189,199,217,191,204,161,223,167,161,197,156,181,169,153,90,134,131,121,166,147,175,147,214,180,122,163,159,168,117,172,171,169,117,178,173,208,127,189,163,184,140,119,173,143,159,131,132,132,133,132,132,133,133,133,134,133,133,133,107,207,131,134,134,135,134,135,135,135,136,136,135,135,176,170,176,169,170,188,173,174,174,175,174,174,177,174,172,173,174,178,175,182,172,179,173,174,174,174,157,167,179,172,169,176,179,180,189,177,175,168,167,165,178,181,175,168,169,174,170,160,175,136,183,178,183,190,191,184,182,183,182,199,179,178,179,179,213,189,190,189,196,192,198,184,185,192,195,194,191
114,171,169,140,135,169,170,179,156,165,104,151,148,152,122,165,164,116,167,124,143,158,151,124,119,119,122,120,122,120,120,119,121,118,121,153,138,145,183,141,115,114,175,154,142,176,184,218,152,152,137,192,207,222,172,200,162,203,163,170,198,176,177,149,126,90,138,155,118,172,142,188,145,192,170,121,163,150,179,121,164,188,174,119,170,180,182,130,175,159,157,140,120,160,145,144,142,158,148,146,139,145,161,158,160,157,145,163,157,104,132,157,154,156,149,148,149,147,143,151,155,155,156,185,176,187,186,185,197,187,184,184,188,184,184,190,185,184,184,183,188,185,190,177,187,177,178,178,179,135,181,181,179,179,190,181,182,190,180,179,179,178,178,186,190,188,181,183,173,169,167,180,136,192,195,192,192,188,185,185,185,181,188,185,184,185,186,207,190,195,196,196,198,190,197,200,191,193,187,193
118,182,181,178,182,178,185,183,164,137,107,150,181,173,166,160,131,172,160,126,160,178,152,125,118,118,122,119,120,120,120,119,118,119,119,156,139,147,117,122,128,127,168,139,141,153,193,187,172,154,137,193,195,217,154,182,162,187,164,185,206,197,162,128,104,89,141,171,122,152,146,194,136,191,198,123,176,130,199,124,204,157,169,118,146,124,133,131,117,123,111,116,123,128,145,139,154,136,208,169,141,167,133,163,180,185,167,163,162,103,135,160,158,164,165,163,159,157,159,164,164,166,165,193,181,194,201,190,200,195,191,188,185,191,192,198,190,190,189,190,194,196,202,187,194,187,189,185,184,123,187,187,185,184,189,184,189,198,193,187,189,185,187,179,191,191,183,183,168,165,169,183,150,195,199,193,201,186,193,193,185,188,185,185,194,192,190,199,191,194,195,192,196,199,186,193,189,185,185,194
125,195,214,199,196,165,192,174,160,128,110,150,145,134,126,147,125,121,151,129,162,169,146,125,120,120,120,119,120,121,121,120,122,120,121,157,141,147,113,113,114,113,160,133,144,148,206,174,184,156,148,205,164,215,140,196,160,172,170,194,210,213,143,118,98,89,135,190,123,150,134,190,131,183,175,123,168,121,174,124,170,167,158,118,143,126,132,128,131,132,143,138,126,185,146,144,146,135,181,210,174,162,165,181,172,150,148,180,161,102,134,159,165,163,155,165,159,163,166,161,163,164,165,196,181,197,191,192,209,177,193,194,195,197,200,200,194,191,189,192,199,196,204,179,196,184,186,189,189,115,190,192,192,190,188,194,187,204,189,191,190,189,192,194,193,191,192,184,168,164,173,192,162,198,187,202,204,189,194,194,194,191,181,192,189,193,192,200,196,180,184,188,187,205,195,184,185,189,182,199
133,182,203,204,184,167,191,162,182,136,100,136,147,170,148,176,171,160,137,151,149,162,140,124,121,118,120,119,121,121,122,122,123,124,125,156,139,150,156,125,130,115,159,134,149,138,210,151,197,159,155,211,163,212,139,197,159,167,178,203,206,200,134,90,88,88,145,195,120,146,157,198,119,216,203,121,161,105,171,125,122,122,116,125,125,119,154,125,184,164,177,153,121,170,143,138,128,127,158,147,173,186,173,183,168,168,129,178,156,101,129,146,157,158,161,162,157,156,170,163,159,161,157,93,95,95,124,169,162,162,158,155,150,158,154,158,154,155,160,177,207,214,202,184,202,188,190,195,197,110,199,198,192,188,192,189,186,206,198,199,198,190,187,195,190,194,192,187,167,170,177,196,168,202,204,207,207,196,197,195,189,191,159,191,191,195,193,201,198,191,191,180,186,194,202,194,200,198,178,201
128,118,117,190,185,183,186,159,178,119,174,166,170,144,173,124,163,143,138,159,156,115,104,124,119,120,120,123,124,125,128,130,135,142,151,155,141,155,178,159,153,116,147,147,152,137,212,140,202,160,174,199,170,199,140,192,159,165,205,212,209,209,102,106,87,89,125,177,120,126,129,187,116,175,174,121,175,108,168,124,137,135,129,128,146,138,179,133,149,168,196,165,124,181,146,134,201,198,159,190,129,173,127,143,128,211,186,118,155,104,131,163,168,160,150,155,157,150,158,163,170,165,164,100,96,91,94,92,106,90,91,91,90,96,95,93,93,100,95,91,93,98,109,98,97,103,130,142,118,159,108,99,103,108,118,164,164,164,164,168,174,188,194,203,200,198,196,191,168,185,183,209,166,201,207,213,210,196,198,197,195,195,190,190,192,193,201,205,200,196,175,197,196,203,184,188,193,196,180,197
156,127,109,124,125,122,197,186,149,114,169,164,160,167,173,152,136,130,138,126,121,130,132,124,120,121,123,124,128,134,138,148,165,182,199,156,141,138,133,133,123,122,147,158,156,140,213,132,207,157,189,198,212,192,138,184,157,163,219,203,202,189,95,89,89,89,118,191,119,120,159,190,118,212,210,120,152,110,116,129,125,135,177,131,174,116,163,121,172,189,171,163,124,154,145,139,183,181,207,213,131,161,127,141,129,185,170,119,160,101,126,155,153,164,172,151,157,166,158,180,155,98,141,200,180,188,166,147,142,149,163,150,154,158,120,90,94,99,94,93,93,95,104,91,92,93,95,99,94,109,93,99,92,94,97,92,94,104,91,94,93,91,90,90,99,139,166,142,147,149,158,214,184,210,209,209,214,198,199,201,202,197,194,203,203,200,203,202,202,200,199,199,203,209,200,200,205,207,202,196
181,117,108,114,110,134,157,182,141,110,170,170,150,148,136,131,131,130,134,131,132,133,138,124,121,124,125,133,142,157,168,176,189,202,206,159,143,165,165,138,116,175,149,179,155,159,217,129,227,157,208,204,211,182,137,190,156,168,208,183,183,208,91,101,87,90,97,185,122,116,128,179,119,172,172,116,160,118,133,124,130,134,146,133,155,112,152,126,159,222,202,179,129,184,143,135,211,190,181,223,132,213,128,144,133,161,145,119,179,103,131,175,157,179,162,163,169,163,169,86,89,88,118,174,189,187,205,187,208,186,195,195,188,187,184,176,176,179,172,169,191,167,156,130,113,144,162,158,163,128,98,104,100,102,102,99,97,106,96,95,94,97,92,88,95,92,94,99,89,123,138,203,216,197,185,202,197,194,188,188,196,202,195,202,202,201,206,210,207,205,207,202,192,197,202,202,201,196,192,196
168,117,114,156,125,114,116,186,185,185,170,173,152,185,135,129,130,130,132,131,132,134,137,124,121,131,135,145,157,176,195,201,202,201,209,155,142,158,151,177,132,158,153,196,158,169,190,136,203,155,202,201,179,172,140,198,156,175,207,179,170,141,91,89,89,94,95,217,123,119,123,161,122,173,152,115,123,112,130,129,156,136,179,130,165,111,177,121,165,148,132,125,128,122,149,138,176,144,196,208,133,170,129,140,136,154,142,121,167,105,112,131,190,176,157,167,162,169,214,178,84,88,225,194,182,187,214,201,224,194,201,196,185,183,190,189,183,189,181,175,183,186,164,178,188,183,188,196,184,121,186,193,185,171,188,187,166,158,152,156,162,164,153,152,130,136,105,93,109,97,92,159,217,214,188,211,208,204,197,197,196,200,197,204,201,206,205,213,204,203,202,205,194,237,193,194,202,201,181,190
87,132,128,135,100,101,90,180,176,184,169,178,195,173,137,208,201,209,215,203,204,215,199,125,119,136,152,169,189,213,206,205,206,204,210,158,145,192,171,174,140,148,160,216,158,188,202,152,219,159,202,211,161,151,136,144,159,196,200,165,166,213,92,88,102,99,93,177,125,125,133,168,125,170,177,112,144,116,121,131,165,131,185,128,161,111,212,122,175,164,159,204,127,199,144,130,155,145,179,216,135,206,129,142,135,213,144,125,128,103,116,107,131,111,174,181,169,173,171,185,88,90,165,209,185,189,212,198,215,177,179,175,160,183,193,186,183,182,180,180,194,188,156,179,192,188,195,195,197,124,200,195,195,203,210,199,197,163,191,196,207,202,202,200,197,196,201,195,139,105,94,131,204,204,190,197,199,192,196,196,201,203,198,205,201,197,200,200,204,202,202,201,200,233,212,213,209,191,191,217
97,129,128,137,128,116,136,181,187,194,200,178,184,185,152,144,148,183,185,186,186,185,191,125,122,153,173,198,115,186,211,210,209,204,205,158,147,160,195,175,141,155,185,228,160,207,190,172,212,161,210,205,137,170,172,173,173,210,150,178,181,181,91,91,90,106,93,209,122,125,168,185,132,160,161,114,128,134,153,129,166,124,170,125,172,111,143,120,123,133,126,123,120,119,147,133,172,200,163,185,135,215,132,148,139,139,133,108,107,101,112,113,107,110,120,125,123,125,123,132,169,156,128,217,198,190,190,186,212,189,203,196,190,187,194,193,194,189,188,185,197,186,145,174,179,174,186,192,185,134,206,201,207,202,206,200,204,149,192,199,212,202,205,208,202,204,209,192,155,174,99,135,156,147,144,143,142,142,137,137,142,135,140,137,142,165,199,212,208,204,207,202,203,200,207,210,209,209,209,215
110,117,122,132,136,123,88,149,194,199,199,197,224,193,190,156,145,136,183,184,185,184,188,124,124,174,197,217,125,138,146,145,152,148,114,113,133,168,132,172,110,192,169,165,160,203,160,192,191,161,211,168,119,185,119,163,172,108,154,151,155,161,92,88,117,115,89,171,124,132,159,175,130,179,170,115,142,132,130,134,166,118,167,127,162,126,155,120,167,163,154,209,127,172,144,131,170,167,176,166,114,134,137,135,135,136,136,134,134,99,110,111,107,110,108,114,113,117,122,113,119,116,107,166,164,141,156,150,182,199,212,202,199,196,194,203,197,195,176,178,193,182,137,183,179,176,182,195,204,162,208,210,211,209,209,207,207,144,199,203,225,205,208,210,206,203,202,193,161,179,144,137,162,150,151,150,153,147,143,146,147,145,149,143,143,140,144,143,144,141,138,139,140,146,137,135,141,139,139,147
129,128,126,125,126,135,120,171,202,202,194,200,162,194,196,207,194,211,214,216,214,218,211,127,142,152,150,135,121,86,115,122,111,113,109,181,163,161,194,189,186,144,162,213,158,171,105,129,148,121,144,155,145,175,123,173,176,183,147,127,197,200,89,92,89,120,91,203,118,132,151,171,130,190,157,118,140,150,170,124,161,118,173,125,134,110,125,122,123,128,118,118,125,149,149,130,125,128,95,86,112,126,110,106,104,107,141,138,136,103,110,200,133,86,113,116,113,115,117,111,108,110,106,96,100,96,94,90,117,96,98,98,165,163,159,156,146,188,190,186,217,196,141,191,201,195,196,200,205,209,211,213,213,211,201,211,210,148,198,168,231,201,194,181,181,181,188,180,166,177,179,165,202,161,150,145,150,152,150,151,147,149,154,148,147,149,149,151,148,151,150,152,152,155,145,145,146,150,150,153
120,123,121,126,130,129,124,204,177,199,206,201,185,193,198,195,188,185,185,187,184,136,120,118,116,115,141,120,124,104,137,139,133,160,156,185,189,193,185,153,154,146,160,206,157,131,125,125,120,135,161,117,123,116,129,122,143,179,180,198,191,188,91,129,167,127,89,170,120,136,169,173,128,181,170,120,138,165,169,128,154,117,181,122,185,137,180,116,171,170,206,207,128,171,144,136,149,210,194,137,124,167,170,171,170,170,108,109,135,101,128,103,113,119,164,97,86,84,90,118,114,118,106,174,147,149,153,90,112,94,92,93,101,95,95,95,93,95,97,92,126,162,145,99,95,166,168,213,212,212,204,199,215,183,186,182,175,154,199,201,230,200,205,200,202,199,209,190,178,183,173,201,210,215,192,193,188,196,195,198,181,188,196,202,157,151,155,146,158,153,154,153,155,157,152,148,153,157,158,155
119,119,117,118,118,118,116,197,173,190,211,193,194,189,193,200,183,205,139,128,149,117,121,115,119,114,124,116,141,148,123,127,129,144,139,130,137,141,132,119,118,126,134,132,151,100,119,119,122,101,144,172,174,174,176,162,148,154,135,132,151,172,89,90,89,128,89,191,119,133,173,213,127,192,139,123,149,183,173,116,169,122,145,124,122,119,124,119,120,123,134,172,128,177,148,132,136,187,194,162,133,171,171,172,172,177,156,145,144,98,131,102,106,101,87,101,89,93,170,134,189,166,131,194,189,196,199,195,147,183,201,161,145,146,160,90,98,97,97,96,97,98,94,96,94,96,89,97,92,135,137,130,169,168,166,163,211,166,194,179,201,198,168,175,193,194,206,190,183,179,179,194,210,199,194,227,221,215,213,213,213,213,197,195,201,200,193,198,195,196,196,201,189,188,182,192,185,148,173,151
116,129,128,121,120,119,117,193,179,181,173,197,193,169,180,135,195,192,99,166,156,140,136,133,128,132,130,130,137,127,128,128,118,131,136,162,176,155,240,228,145,122,138,139,139,96,112,83,173,145,94,167,167,146,141,157,171,158,144,171,181,146,92,138,140,127,88,183,120,138,175,180,125,181,174,126,129,190,180,124,166,129,163,123,165,144,182,113,155,199,191,219,126,174,145,137,137,179,178,203,138,173,176,173,173,175,157,150,160,97,128,102,107,149,112,95,92,102,100,135,132,133,134,190,193,195,199,197,146,194,219,201,196,180,194,197,201,187,203,155,145,150,153,93,96,99,95,102,91,94,97,98,95,92,95,102,96,97,146,144,164,169,168,168,167,185,195,189,184,177,176,189,210,157,199,200,215,217,213,214,211,205,203,207,204,212,231,223,228,195,210,210,210,198,218,197,201,198,190,196
127,125,130,119,118,118,115,198,202,205,161,167,171,188,174,188,188,174,121,119,122,122,140,213,203,127,215,218,127,205,191,124,199,119,121,194,177,175,162,151,163,169,126,154,157,167,161,155,117,88,86,84,168,167,168,171,171,171,172,172,178,159,92,89,89,126,89,172,121,135,176,167,125,212,138,120,136,195,161,117,172,121,120,120,123,128,120,116,125,175,194,179,128,165,146,130,136,177,178,168,182,163,175,188,180,163,160,156,163,98,123,104,104,100,89,95,90,95,154,138,173,173,131,187,195,204,196,201,150,196,226,197,194,198,197,199,200,179,218,214,212,197,200,194,202,193,189,150,141,151,150,96,99,93,97,95,96,93,96,92,97,90,98,98,99,98,100,126,167,161,155,171,212,140,214,199,209,229,205,212,198,209,214,210,212,212,210,215,202,198,210,206,207,193,219,221,185,202,217,239
127,125,123,123,128,128,119,198,212,176,160,175,196,164,197,197,188,187,118,121,121,120,133,118,125,129,167,193,130,198,181,126,183,118,122,200,178,180,91,105,186,118,136,134,135,135,136,135,136,134,118,139,169,175,148,156,172,106,155,174,178,177,92,143,130,123,144,203,145,138,170,175,124,167,158,130,122,201,180,115,163,155,165,119,169,172,178,108,139,178,189,205,123,129,147,137,152,185,196,180,182,162,191,196,180,176,164,102,115,98,123,103,103,131,148,94,92,96,98,137,134,136,135,177,192,206,201,201,155,192,222,203,197,196,198,199,202,184,211,210,204,197,204,189,197,188,205,202,209,213,196,191,190,199,173,164,167,162,151,99,102,93,94,96,93,91,107,101,102,147,95,136,210,140,205,216,230,203,226,214,204,213,215,208,209,214,215,225,223,203,216,216,205,197,217,212,223,222,227,238
123,126,127,125,120,115,115,190,138,187,161,149,187,195,203,186,201,211,103,124,123,121,143,127,121,129,120,120,131,117,120,134,125,117,121,119,145,184,95,184,106,111,129,126,124,126,123,120,122,123,115,126,126,101,93,82,174,104,153,174,184,196,93,91,105,127,126,126,124,124,147,172,119,204,130,127,118,178,167,112,150,123,121,118,116,126,114,113,140,166,190,173,123,144,143,133,173,184,202,211,182,184,201,201,199,199,189,173,163,97,123,101,103,101,88,93,91,97,155,137,179,171,134,119,92,202,196,201,162,194,205,202,205,197,198,193,207,185,215,208,186,203,203,191,194,190,199,207,207,203,189,184,195,205,191,192,194,203,194,187,151,195,165,158,162,159,164,97,110,90,101,158,212,151,208,195,202,220,205,213,218,220,211,217,214,216,210,208,205,216,219,215,215,195,210,226,236,224,217,233
130,130,123,118,119,115,119,144,182,183,169,183,167,191,196,192,197,191,124,125,122,121,186,182,142,131,186,198,128,161,147,131,124,121,120,121,114,119,102,97,143,106,125,122,123,124,126,125,133,120,113,125,102,122,114,119,112,137,108,113,123,134,91,95,103,123,123,121,124,119,139,176,117,169,130,134,115,168,144,107,146,156,151,114,157,157,206,106,126,159,145,115,118,172,138,136,117,200,199,205,199,185,201,218,172,173,212,177,169,97,127,134,101,183,127,95,92,94,99,137,135,136,134,104,97,93,94,121,166,89,158,208,213,193,207,200,208,192,217,208,172,202,212,185,195,191,200,214,209,203,188,186,192,204,205,193,192,197,197,194,143,200,200,163,196,194,123,121,146,94,146,190,212,161,212,205,212,230,228,233,225,209,208,214,208,221,224,209,210,218,211,214,209,198,200,226,212,209,215,213
117,119,123,119,119,116,117,162,153,156,162,134,160,142,210,205,204,209,122,123,124,123,185,209,134,143,196,179,132,185,210,130,213,119,125,155,117,101,107,97,130,105,124,125,87,124,121,113,113,135,127,134,137,140,152,138,96,104,97,96,113,102,88,96,107,124,124,121,125,121,151,205,114,228,106,124,111,173,160,112,146,123,118,116,115,131,116,118,115,115,113,113,110,108,144,133,184,209,208,205,211,203,167,171,165,204,172,169,160,99,127,174,103,100,88,94,91,96,149,139,163,182,136,129,126,97,93,93,99,96,93,92,92,159,134,92,121,199,221,208,158,210,205,188,193,197,200,214,208,205,188,182,194,204,200,183,178,193,200,197,139,203,202,147,191,196,116,166,176,140,93,190,213,181,207,201,205,214,220,210,218,215,213,205,213,211,214,217,224,225,220,219,224,185,218,221,214,220,225,206
126,125,127,116,119,119,120,146,162,163,151,152,159,176,204,180,163,178,148,164,182,188,172,138,138,138,136,138,135,164,176,156,146,120,134,137,137,124,119,110,100,118,115,116,120,127,112,118,115,112,110,131,111,125,132,118,110,118,116,102,106,126,137,116,128,122,120,120,121,120,117,119,115,113,102,113,113,114,118,115,163,168,168,111,124,149,148,104,111,146,149,147,104,147,109,111,91,192,209,210,203,212,187,195,174,207,163,177,157,100,112,159,99,194,173,98,93,94,97,184,155,154,129,113,162,189,188,161,147,160,104,94,99,99,93,94,92,91,93,158,151,114,165,191,198,207,206,219,210,209,190,185,211,206,206,207,190,197,192,195,139,200,199,140,191,192,117,179,184,173,101,149,215,207,198,199,206,212,212,213,217,214,216,213,219,215,209,236,218,229,229,226,229,190,226,237,236,233,231,196
122,125,124,123,122,119,121,167,164,123,158,167,169,163,177,151,145,135,156,197,169,195,202,118,116,178,166,157,101,118,119,120,126,129,89,130,114,147,157,168,141,124,109,111,120,127,122,118,102,120,106,112,119,120,115,139,115,115,126,120,114,110,107,110,132,112,123,214,236,205,164,172,103,165,127,174,194,193,210,118,125,142,122,130,83,82,126,130,99,95,139,138,134,131,126,101,129,167,190,195,203,147,180,179,187,174,161,161,180,101,110,114,179,137,125,112,106,94,183,173,219,193,126,119,130,187,198,198,225,204,186,193,172,150,154,101,96,97,98,97,91,91,92,93,121,161,96,118,176,218,202,194,210,212,210,208,189,193,189,193,153,200,196,141,187,188,123,181,187,175,144,94,217,217,217,205,224,213,225,208,223,221,213,217,217,228,220,218,222,224,231,229,223,190,221,216,233,223,227,195
130,127,127,123,120,123,123,194,156,154,192,157,172,164,185,174,155,139,122,199,170,200,204,191,142,183,197,183,93,84,125,167,149,123,86,83,128,114,115,116,114,114,107,120,149,140,138,136,139,165,156,148,155,202,149,142,123,135,126,122,127,130,106,102,102,88,110,118,193,173,86,81,81,88,185,215,172,192,148,133,135,131,130,131,136,106,110,153,121,118,116,146,130,196,222,129,116,140,186,200,198,166,171,161,173,197,179,181,181,99,108,109,106,113,115,117,124,122,167,186,169,182,168,120,137,188,202,201,222,197,166,203,207,206,223,210,201,196,165,163,165,96,98,93,94,93,94,93,96,93,159,156,164,162,188,211,207,191,200,210,181,212,203,139,192,196,125,190,192,175,178,100,174,199,175,170,191,190,202,212,232,232,222,229,231,229,224,241,231,227,235,228,238,197,229,238,227,218,219,197
128,125,124,121,123,123,122,202,150,205,199,178,167,165,160,146,155,116,148,160,180,197,201,203,206,200,178,155,88,139,83,127,117,112,82,83,126,114,114,113,114,113,137,100,184,243,164,252,253,253,253,235,253,217,214,131,142,152,135,132,104,116,125,135,119,113,121,91,153,135,161,142,159,179,206,198,204,185,157,111,114,109,105,101,197,188,106,124,208,180,100,144,147,185,135,165,120,130,185,197,172,168,168,191,189,165,162,160,165,99,104,104,105,106,109,111,115,114,118,124,166,176,181,128,153,198,204,207,212,200,141,204,215,206,223,211,214,202,194,212,175,207,194,96,101,164,97,98,100,95,99,93,104,91,93,98,145,137,92,135,182,211,216,156,203,204,132,197,198,176,177,116,169,154,146,142,139,144,211,206,198,199,206,206,201,198,210,237,246,227,235,231,235,201,233,227,209,224,233,196
124,127,127,117,119,121,123,183,153,196,197,182,167,161,162,157,139,129,140,117,158,203,177,148,166,155,181,185,118,83,138,84,131,125,82,84,129,117,112,109,107,106,123,103,119,174,146,127,118,122,103,102,103,118,124,121,125,119,132,120,139,123,125,123,121,118,117,112,136,116,137,140,174,190,192,200,113,111,92,86,187,141,103,97,183,129,103,103,174,124,98,146,149,201,216,160,123,145,199,183,159,161,171,166,186,197,166,190,181,98,104,197,95,122,108,110,109,110,111,113,111,115,107,134,123,192,209,211,217,200,128,186,226,210,246,213,239,199,178,205,182,191,194,185,194,177,186,160,159,133,160,95,102,98,96,103,94,91,95,94,96,102,139,163,150,170,132,150,207,183,179,158,168,153,151,149,147,148,148,146,145,142,142,142,153,210,203,205,196,199,204,204,201,200,211,217,218,217,235,198
129,130,128,121,124,127,127,153,155,207,181,131,137,165,164,160,199,165,153,142,190,175,169,170,166,195,171,138,85,145,83,119,81,130,82,90,126,113,116,140,175,177,176,89,120,107,131,107,123,123,109,106,111,109,93,108,100,104,107,112,108,93,128,124,126,115,119,129,142,135,99,143,157,150,188,208,106,82,114,112,110,161,105,104,122,173,102,105,126,186,97,149,151,181,203,166,128,156,167,158,167,188,190,166,163,163,198,173,180,101,126,220,98,100,89,120,93,134,112,115,108,104,108,113,103,165,161,163,210,204,116,202,230,214,227,206,217,201,150,209,216,206,204,184,184,192,195,145,203,204,200,190,132,166,151,155,122,94,93,92,93,93,96,95,98,101,97,102,145,153,177,119,198,153,153,147,144,147,146,148,144,149,144,151,154,150,152,147,143,143,139,167,215,206,202,206,207,206,208,200
126,126,125,123,129,123,120,169,173,200,208,189,238,141,147,196,137,169,123,158,171,194,173,174,207,192,184,127,134,83,142,82,147,82,82,94,126,115,162,92,123,118,118,126,148,147,142,135,143,145,137,103,110,113,111,109,125,110,108,109,111,110,108,102,152,147,145,140,140,139,138,142,133,125,181,176,101,88,116,109,84,162,108,107,159,179,100,102,179,160,97,167,159,121,162,151,97,148,182,158,193,156,176,170,179,160,171,168,184,100,126,178,97,143,168,116,97,95,102,144,125,113,105,114,95,103,100,96,96,153,148,140,199,207,239,214,218,201,142,207,234,197,222,185,181,200,206,146,210,197,201,194,140,179,194,204,203,177,164,160,153,140,91,100,98,97,105,94,93,110,115,97,211,163,185,189,193,192,141,148,149,148,146,153,153,149,149,148,149,151,144,145,148,154,146,146,140,143,186,207
130,132,131,127,125,125,124,154,166,177,215,169,159,154,169,160,114,160,171,166,176,186,143,178,165,151,149,107,83,136,83,142,83,146,82,98,123,109,135,97,117,114,118,114,111,110,108,109,111,116,106,119,148,153,139,144,143,142,142,144,139,130,139,177,178,183,157,170,114,179,174,171,174,167,176,120,117,131,116,114,115,114,105,160,154,192,150,156,161,159,155,128,157,150,177,164,170,178,176,184,193,182,172,155,157,167,158,180,187,101,125,170,99,101,93,123,95,97,96,144,202,170,136,105,200,143,158,96,92,93,106,92,107,106,130,146,195,211,133,221,242,211,212,204,181,201,211,151,210,209,207,208,156,183,197,195,204,211,199,181,213,211,209,210,156,143,150,121,95,115,113,115,213,145,220,217,222,220,208,185,186,153,199,199,137,144,155,149,148,151,144,146,145,154,150,150,146,150,145,160
166,169,131,163,177,146,161,129,156,169,143,179,162,164,164,169,251,162,171,107,178,182,157,166,170,163,176,99,137,82,128,85,139,83,82,101,124,113,117,88,121,120,117,109,161,147,152,148,145,160,191,182,179,171,171,141,165,158,163,169,168,170,170,170,173,169,177,177,132,141,141,116,115,117,116,114,114,114,164,192,208,103,107,167,161,179,152,160,154,164,156,137,153,183,170,177,169,171,182,191,186,189,193,192,183,171,148,156,178,101,122,181,96,120,165,129,99,98,98,139,183,120,134,128,171,174,201,197,195,146,159,93,108,97,95,94,93,97,170,104,173,211,206,152,180,196,206,164,207,206,186,212,177,192,195,204,206,200,201,194,210,215,214,242,216,219,225,206,198,96,180,209,214,140,235,226,231,230,246,240,231,219,218,211,212,188,209,199,197,203,138,151,156,156,148,155,144,146,143,162
167,173,168,192,172,199,174,170,162,167,177,187,149,159,171,174,166,160,163,149,172,178,159,166,172,190,200,98,83,132,83,135,84,136,82,103,126,109,217,87,116,117,113,108,179,154,169,171,175,174,176,174,165,168,174,135,145,141,156,169,157,162,163,161,164,172,178,177,175,171,133,166,249,253,253,253,253,253,187,219,201,179,108,120,119,106,169,198,165,178,167,194,190,213,161,190,158,171,197,180,149,210,188,187,193,190,199,196,205,97,120,158,87,88,89,141,96,96,95,139,177,175,135,177,199,200,190,186,181,173,176,213,155,150,160,96,104,94,98,93,91,93,163,161,160,201,204,181,186,208,197,211,189,206,195,213,208,207,204,204,206,212,215,223,215,221,221,216,217,142,198,205,212,138,235,228,238,235,236,231,226,234,235,222,231,231,228,234,217,211,209,193,203,205,171,198,144,154,155,159
198,197,163,164,173,181,186,178,176,201,226,182,208,170,130,174,172,177,160,110,171,162,181,205,187,171,156,99,129,83,115,84,115,87,82,101,126,114,117,88,115,115,110,125,190,178,173,167,169,171,171,177,169,172,174,153,144,109,132,176,175,169,151,168,168,159,173,175,174,175,174,109,159,229,226,194,169,165,160,156,147,130,117,122,113,117,123,87,109,144,199,172,191,216,169,166,178,178,192,164,171,194,211,203,209,223,204,156,152,97,120,186,145,175,166,116,91,89,87,135,163,178,113,111,208,199,200,200,213,207,187,187,154,204,183,199,168,150,165,96,93,98,92,95,92,90,153,102,167,183,200,192,209,178,196,206,209,214,209,205,203,209,214,230,215,211,219,217,213,190,126,204,218,140,240,250,253,253,253,241,242,241,243,240,237,229,229,228,207,222,208,198,179,172,180,184,207,204,198,202
181,172,174,176,188,183,188,185,173,188,108,101,122,215,168,172,174,170,168,165,158,185,184,169,173,182,174,90,82,107,84,127,88,85,87,102,124,110,204,89,117,117,121,95,126,157,155,188,192,123,114,127,114,161,159,163,159,158,155,136,143,175,173,172,163,163,168,173,164,168,167,169,167,109,134,153,163,164,160,157,157,159,155,154,153,156,122,116,116,114,88,154,175,159,164,197,176,187,177,199,181,198,223,223,200,219,176,176,158,98,120,184,175,138,92,111,90,86,91,118,184,180,123,169,192,198,198,204,199,196,195,207,149,209,162,188,159,175,171,203,207,147,157,100,99,93,94,91,90,91,154,147,155,180,199,215,205,209,198,200,207,215,212,194,192,200,219,197,214,196,91,197,217,139,252,236,239,253,239,247,233,245,247,235,236,231,242,234,200,218,213,199,177,170,226,211,156,197,197,200
172,192,189,178,190,202,199,206,199,180,130,126,169,175,166,164,175,168,178,167,163,180,179,193,205,219,171,105,136,82,96,84,84,110,82,103,121,115,117,89,118,125,126,132,138,90,157,120,117,118,121,112,114,140,143,157,163,163,162,130,108,125,136,155,166,171,160,162,175,171,173,171,171,172,121,114,151,148,145,139,164,165,158,157,158,158,157,155,151,139,121,121,128,121,124,113,87,149,182,193,220,195,240,219,201,209,174,176,156,101,125,190,185,196,128,90,91,94,89,113,169,173,124,113,162,169,185,198,202,195,196,203,147,215,154,202,147,211,199,215,218,212,149,190,204,141,150,102,99,92,90,90,95,96,112,168,116,167,208,198,199,188,218,223,210,214,215,221,217,201,105,207,220,139,252,241,253,253,253,247,225,253,253,235,240,242,235,240,192,218,214,210,172,166,184,187,186,193,196,198
222,172,174,203,191,205,176,201,186,199,196,105,159,117,161,210,189,90,168,175,174,180,186,143,211,200,179,96,84,178,90,99,111,82,82,101,143,138,151,88,120,120,117,132,129,103,131,117,119,125,112,111,87,125,159,161,163,162,157,162,162,160,110,132,147,172,162,150,149,145,143,140,140,141,151,155,119,118,119,127,140,106,170,167,167,169,166,164,173,181,121,129,125,120,124,122,119,120,221,216,199,200,179,187,233,175,191,160,162,99,115,125,141,184,142,142,147,92,91,102,120,154,175,197,114,94,91,150,149,192,204,209,145,207,135,202,144,198,209,215,217,211,154,184,200,209,177,181,174,154,161,90,94,92,92,90,92,90,89,164,96,146,203,215,206,207,209,210,210,203,154,146,223,141,253,253,253,253,253,247,188,253,253,235,243,242,222,205,198,182,183,151,184,169,188,192,213,197,197,196
209,207,183,204,198,191,209,206,205,200,214,176,161,107,163,168,174,98,169,170,173,201,192,138,210,192,179,93,92,82,97,86,82,170,82,101,127,103,95,88,120,119,128,145,136,116,165,125,119,117,113,114,87,136,117,121,123,159,161,163,156,157,163,146,133,125,123,124,120,145,142,132,127,121,133,176,141,154,153,170,131,130,126,128,118,121,124,117,116,118,133,119,119,117,118,117,146,207,188,170,223,213,195,206,219,198,181,165,189,98,118,107,169,126,112,111,129,149,187,161,192,209,160,180,151,100,93,95,92,91,159,99,170,199,129,205,152,192,215,215,205,211,158,171,204,213,208,216,205,204,203,198,173,157,153,95,94,97,92,90,91,86,89,169,165,163,166,206,203,199,175,105,228,142,253,253,253,253,241,247,191,253,253,253,253,240,211,208,177,207,165,181,204,178,225,207,222,195,197,197
205,178,200,202,198,206,206,207,213,202,189,154,164,155,156,158,165,172,130,171,179,192,195,167,192,172,170,92,88,168,94,84,158,82,82,103,114,112,94,89,120,119,140,133,138,127,138,122,117,117,117,121,134,203,90,153,130,151,149,154,156,157,163,168,165,164,105,168,93,174,137,119,124,126,120,121,117,118,119,120,128,118,117,117,115,115,147,247,110,233,231,223,175,115,182,195,178,156,183,238,240,181,205,225,194,214,160,154,183,99,113,112,104,111,112,124,122,138,166,174,222,193,146,133,171,197,200,154,101,91,96,93,99,109,156,162,156,208,234,214,215,219,164,164,202,209,212,208,205,198,207,207,214,200,199,202,194,155,166,94,94,91,91,94,91,87,86,133,141,170,167,108,248,143,239,253,253,253,240,247,224,253,253,252,253,240,209,209,177,203,207,207,209,175,201,199,192,195,196,196
204,203,210,211,205,200,181,154,158,159,170,160,129,169,136,165,156,172,120,125,184,185,194,112,194,141,160,127,89,82,97,96,82,168,82,108,129,114,89,89,123,126,157,97,132,132,101,119,117,118,117,118,147,169,93,131,87,146,168,158,146,115,128,122,123,124,125,125,115,120,118,135,115,115,118,118,117,187,199,250,230,227,253,114,253,242,250,201,115,205,195,192,186,117,172,162,121,123,198,246,210,177,187,230,203,206,157,168,182,98,110,107,108,103,113,116,116,126,181,169,172,158,160,131,176,223,191,196,199,204,150,135,100,92,94,94,93,156,107,217,213,218,177,153,202,213,206,206,211,214,212,200,201,198,203,211,209,195,200,181,190,127,164,94,95,92,89,94,89,158,119,146,162,151,153,176,210,248,219,253,238,253,253,253,253,240,233,196,177,201,201,204,206,205,214,209,206,193,208,192
228,208,195,200,197,176,162,178,173,203,192,193,190,163,159,164,167,166,172,108,159,200,181,182,136,139,175,120,124,140,88,83,166,84,82,115,115,119,86,88,122,123,164,170,96,133,111,119,118,117,118,118,125,130,88,138,87,89,120,122,122,132,122,119,119,119,120,139,122,178,178,185,190,100,193,186,179,186,163,210,203,200,197,98,188,171,169,119,125,117,116,120,117,129,194,177,185,189,174,194,228,230,253,241,219,246,183,171,217,99,108,216,109,100,107,110,113,114,112,134,176,162,164,157,193,248,196,212,195,189,198,188,171,151,154,95,97,94,95,91,166,164,166,151,206,230,199,205,209,214,221,215,220,208,212,218,188,185,198,203,205,203,203,197,198,154,163,107,101,94,119,130,134,139,155,139,204,195,168,153,210,243,253,253,232,242,239,213,171,250,195,207,202,200,212,208,205,203,210,214
189,149,178,181,201,193,194,194,170,220,184,165,195,160,157,156,162,171,171,151,159,179,183,180,186,131,118,153,91,82,104,119,82,160,83,122,130,113,89,89,124,123,122,148,141,116,93,119,119,118,118,120,139,225,87,128,139,106,138,141,209,219,235,119,244,253,228,219,123,171,200,198,196,98,196,184,174,152,122,124,122,125,120,122,227,250,244,253,122,239,234,228,235,116,194,192,182,105,195,230,191,169,153,157,153,161,182,180,206,106,141,154,172,178,170,104,107,110,107,108,119,118,144,105,197,239,250,213,195,203,192,192,180,194,181,194,153,144,96,96,96,96,95,107,121,127,202,203,206,212,227,214,215,184,213,212,214,203,209,215,210,215,199,203,206,218,219,198,189,94,175,164,135,139,154,148,152,147,159,145,207,205,134,206,204,213,239,209,165,228,248,205,196,200,213,212,208,208,210,213
178,190,199,168,188,208,152,165,173,157,167,161,200,195,183,158,183,172,166,134,134,177,178,181,194,166,184,135,91,113,85,82,170,85,83,122,116,119,87,87,122,126,160,233,137,131,92,118,118,117,124,125,129,126,93,132,136,106,125,136,199,188,193,121,196,187,175,173,122,140,120,118,119,117,114,176,250,251,138,249,253,225,253,94,229,202,200,198,124,201,181,172,169,127,122,121,119,121,181,180,161,183,196,196,213,185,173,147,156,99,127,223,187,179,153,148,153,128,108,104,113,109,109,96,200,251,229,223,221,216,198,192,197,198,201,187,201,199,210,157,149,96,96,96,93,96,92,166,94,194,218,204,201,207,208,187,214,198,214,223,210,209,217,215,212,217,203,204,205,155,201,168,206,139,152,148,149,149,158,150,149,146,143,144,177,205,202,211,169,205,240,218,197,203,226,202,213,213,209,208
180,183,188,184,216,164,174,168,186,176,173,193,220,201,197,166,166,175,128,124,144,171,177,176,179,187,115,107,99,86,110,153,84,90,82,123,134,114,87,88,124,131,99,127,147,134,88,121,119,123,126,120,137,95,103,132,90,93,132,160,138,119,123,122,122,120,179,250,120,247,253,253,253,101,246,246,208,203,104,209,198,195,182,94,193,125,117,116,119,116,132,233,219,120,207,173,152,160,198,191,206,205,216,198,174,154,185,189,173,98,122,126,151,159,152,137,149,139,169,179,110,108,104,97,95,149,119,226,230,216,233,216,207,232,202,201,206,197,204,199,200,198,186,150,102,93,98,92,96,96,163,91,152,194,208,178,209,192,206,220,220,218,212,214,228,220,209,208,198,186,182,168,180,145,218,192,144,149,149,152,152,148,149,151,149,146,144,147,150,213,211,154,202,209,215,206,211,225,209,206
239,232,136,144,168,171,175,197,182,204,186,212,200,193,200,191,182,150,132,118,118,152,175,171,170,169,106,107,104,88,144,83,162,98,83,120,109,121,86,88,124,125,159,101,135,146,87,121,120,128,120,120,136,248,106,129,148,90,138,139,211,223,236,121,253,253,210,217,121,206,196,191,186,102,166,167,151,120,115,119,121,120,227,121,253,253,253,253,129,234,240,198,196,118,186,183,185,99,207,210,211,201,198,191,199,186,214,200,181,98,117,119,155,153,152,239,149,163,184,181,133,132,128,98,94,93,91,95,159,165,218,220,247,235,233,217,204,207,188,198,196,194,212,143,203,192,153,136,99,96,93,94,97,101,161,155,203,193,200,213,213,213,212,215,223,202,217,203,200,191,112,169,180,137,216,215,192,176,204,171,147,155,153,150,152,150,147,149,156,147,148,147,144,225,202,159,142,176,211,235
136,134,140,181,187,188,178,203,175,189,207,196,184,180,221,210,143,131,144,130,107,131,171,165,126,171,168,106,105,95,143,156,86,84,83,122,113,131,87,87,123,127,158,222,118,136,87,125,125,121,121,120,87,141,119,129,140,88,137,204,148,190,191,129,185,174,170,145,125,118,123,118,113,118,213,251,251,253,103,250,253,224,231,93,209,202,198,191,126,175,169,128,120,119,120,121,191,216,230,215,197,217,205,196,206,206,203,218,217,98,118,162,181,159,151,165,87,180,157,184,170,172,148,99,207,143,91,99,94,92,102,107,241,233,235,217,219,227,215,230,211,215,193,142,180,177,195,203,206,141,162,93,91,97,96,109,96,167,112,143,192,213,195,199,192,206,216,212,201,196,95,169,190,139,227,202,205,198,198,200,182,175,194,181,153,157,148,154,157,152,149,151,155,153,153,151,143,163,210,213
149,147,153,194,183,176,151,168,157,166,189,172,178,212,202,127,124,123,126,125,105,131,159,172,169,168,163,112,105,102,98,84,102,156,83,118,134,120,90,86,123,124,104,124,142,122,87,127,121,122,120,122,154,211,133,132,91,88,144,184,127,120,121,119,120,156,248,241,121,253,253,253,253,113,229,192,165,203,97,201,179,167,140,112,117,119,120,116,123,249,253,228,221,120,195,215,191,125,235,209,205,246,200,222,199,220,214,207,240,97,119,211,161,151,159,159,172,180,141,161,182,194,184,180,202,211,201,191,148,94,96,94,95,129,158,248,217,245,252,249,250,250,210,132,179,166,180,198,195,204,207,201,126,161,97,105,95,101,93,91,106,156,124,213,206,210,205,205,200,194,123,173,182,139,240,220,220,219,185,194,210,225,222,210,200,164,188,189,159,157,154,156,158,154,152,158,153,151,149,147
173,144,164,140,153,157,164,144,169,168,159,171,228,209,206,196,153,143,124,114,122,116,152,172,169,171,163,156,125,103,101,114,102,84,83,119,117,119,89,88,123,131,151,244,138,136,87,126,123,127,122,118,150,210,146,122,132,86,139,139,208,219,231,151,239,253,219,201,120,200,179,180,177,115,158,133,121,121,119,120,153,244,253,103,249,253,253,253,124,200,191,194,185,122,170,163,133,116,247,238,225,212,246,225,220,239,210,222,215,96,113,194,197,162,155,153,165,169,195,193,162,108,151,193,209,224,210,204,203,201,142,138,97,103,98,92,119,143,251,253,213,213,246,122,194,121,180,193,203,188,205,200,205,197,192,130,159,121,95,89,92,96,95,90,165,98,174,208,199,191,163,190,181,140,240,234,230,221,182,208,185,246,232,188,220,231,197,230,176,208,210,195,157,160,153,159,154,153,156,157
194,174,174,169,191,163,169,170,160,166,172,164,160,167,220,194,155,149,145,147,136,115,132,170,172,172,143,172,136,147,114,118,172,154,85,116,127,133,89,88,125,120,94,125,143,131,88,124,123,126,121,122,88,124,136,134,120,90,193,157,134,186,185,167,176,169,157,122,125,122,121,116,133,118,250,253,253,253,98,237,253,199,200,100,202,190,178,176,120,147,116,119,119,128,184,182,214,173,205,245,232,217,233,217,216,203,233,242,240,98,121,198,195,197,178,200,168,176,168,173,179,163,106,103,210,225,210,213,215,208,211,214,207,156,93,97,93,93,91,130,150,204,218,108,189,145,249,224,224,196,249,200,201,190,200,147,199,205,213,103,151,95,96,92,95,96,97,141,149,177,164,129,164,142,245,224,209,226,177,240,215,226,237,189,242,227,188,235,215,229,221,233,198,211,197,195,159,157,155,155
202,179,176,211,206,149,157,188,178,177,198,188,180,167,168,158,159,162,150,154,156,131,150,164,172,168,168,157,142,150,160,115,130,84,84,121,117,121,90,89,123,121,136,119,137,124,88,123,124,128,121,123,193,245,133,157,99,94,179,120,121,122,124,120,134,242,249,249,122,253,253,253,253,124,202,194,196,191,98,181,167,137,121,119,119,117,159,248,121,241,234,231,227,124,192,186,185,105,218,225,207,238,246,207,208,246,232,212,243,103,132,159,196,212,207,197,217,207,206,155,170,184,156,186,209,202,207,184,210,216,221,208,207,214,210,178,135,96,98,96,94,90,109,103,180,146,222,240,225,240,240,253,202,201,195,157,187,202,203,196,234,198,151,155,97,94,99,103,96,154,134,91,104,139,223,227,236,224,167,236,237,231,244,184,227,232,216,252,236,236,222,223,212,202,250,207,201,202,208,191
192,180,211,172,156,172,181,180,204,168,165,168,184,181,196,187,203,136,140,168,163,152,152,172,168,169,152,165,159,121,164,117,110,144,86,119,121,115,92,94,123,121,138,139,127,146,87,122,120,124,122,124,132,126,147,122,128,92,133,132,206,220,223,227,253,220,197,195,122,192,176,162,165,125,127,110,120,122,118,206,251,230,253,108,253,253,241,199,122,198,185,175,171,124,150,120,122,121,246,245,244,224,225,208,233,231,242,229,224,105,136,127,169,135,230,207,235,224,236,193,202,181,177,176,165,208,207,210,208,209,245,205,190,212,210,209,206,199,136,148,97,100,93,91,107,167,183,223,232,253,242,237,252,249,201,173,211,189,201,202,253,193,212,224,206,144,156,103,99,96,142,99,106,139,227,238,225,253,174,253,253,242,235,187,250,237,218,225,233,221,224,226,213,212,242,204,209,215,203,220
185,196,157,185,155,183,181,196,196,203,187,177,163,172,191,156,205,187,174,165,156,154,147,157,173,170,168,165,157,152,149,141,122,120,162,118,113,85,92,99,122,125,125,123,134,137,89,121,121,123,128,119,177,125,139,140,122,104,199,141,136,181,182,191,175,170,129,121,123,123,118,134,246,121,253,253,253,253,109,225,205,205,196,110,188,171,158,123,123,121,118,120,224,132,198,203,187,150,226,241,226,248,253,222,208,225,247,230,249,101,137,108,110,183,129,132,134,130,159,177,166,154,115,145,103,104,104,182,205,207,205,178,207,207,203,200,205,196,203,201,198,156,97,88,101,96,91,146,157,219,212,233,239,235,253,178,220,234,243,192,253,179,215,220,214,213,212,202,179,103,173,142,200,135,241,230,253,248,163,253,253,239,239,190,253,239,224,219,215,208,213,208,214,217,245,208,207,219,236,243
184,214,163,215,207,160,164,180,169,183,187,156,194,195,187,177,196,192,165,169,96,155,134,149,153,176,168,174,165,155,122,132,99,109,113,153,163,109,89,111,132,124,141,224,140,161,87,122,120,129,123,120,181,247,141,132,116,116,187,126,125,123,120,124,208,250,233,253,120,253,253,253,205,121,200,192,147,185,110,164,122,119,123,120,142,250,250,253,121,238,225,229,197,133,192,186,186,104,216,225,249,218,253,209,234,221,240,212,253,98,128,106,109,114,113,131,129,126,192,196,168,158,152,148,140,101,98,101,134,168,215,206,203,212,197,185,208,196,201,208,208,212,191,92,158,100,94,91,95,91,150,158,235,210,237,190,252,237,226,206,248,185,215,218,214,214,213,215,206,156,181,174,170,135,249,250,253,253,179,253,253,253,253,183,244,240,235,221,237,207,220,220,224,194,246,200,203,219,230,228
213,209,198,177,213,182,184,152,169,204,208,179,208,199,195,197,188,171,166,134,159,125,111,125,183,106,157,92,177,140,118,176,125,114,97,131,180,186,88,117,121,123,94,127,99,137,89,122,130,121,121,117,126,131,142,130,127,122,135,207,220,238,241,243,234,202,201,197,122,188,173,164,143,116,117,120,117,125,119,243,250,213,253,127,253,208,200,191,126,185,173,165,124,121,125,121,127,217,212,206,212,250,253,253,253,218,253,217,216,100,130,112,107,106,114,112,111,139,194,173,169,152,152,151,186,164,154,102,106,108,96,94,200,185,189,174,200,191,201,206,206,212,185,93,198,198,147,157,104,96,104,91,92,154,105,202,226,239,239,220,200,183,220,221,219,214,214,210,208,155,179,170,140,154,191,220,249,237,181,253,253,253,229,181,253,238,250,220,252,244,182,211,222,217,230,200,202,202,237,241
205,214,185,167,172,211,198,175,197,186,211,202,205,196,193,187,175,174,158,131,118,119,149,171,181,167,174,164,163,155,166,164,163,173,110,188,179,185,90,124,120,124,194,119,218,124,88,126,124,120,121,124,206,120,134,130,124,132,170,138,136,179,182,187,170,148,125,119,125,121,140,251,252,122,253,253,253,253,121,213,201,198,193,127,176,142,118,119,118,121,183,240,223,133,220,213,193,124,199,192,238,202,208,207,248,232,253,178,253,102,124,208,193,111,107,108,111,118,116,167,173,170,163,162,181,156,203,190,150,102,99,102,96,145,157,181,203,190,207,212,216,212,204,93,211,208,198,190,192,137,123,94,95,95,94,99,163,162,237,240,233,214,221,221,218,218,217,215,208,163,160,139,135,165,209,201,145,179,195,253,253,253,253,184,253,253,239,200,253,241,224,218,182,189,226,202,202,218,215,230
206,218,160,207,158,197,168,162,207,192,186,204,204,207,145,141,185,170,167,159,173,175,175,165,166,168,164,160,164,158,164,163,159,92,133,134,163,105,90,126,120,121,89,196,119,136,86,127,122,119,120,121,172,220,124,133,119,131,154,128,125,126,122,164,239,249,214,253,126,253,253,206,190,120,186,174,169,167,119,127,120,122,119,128,249,248,253,253,124,247,221,199,192,134,181,169,149,125,221,237,217,185,192,199,235,239,253,253,233,100,127,208,237,235,233,115,112,110,108,118,128,145,166,171,179,137,180,184,197,185,165,131,101,109,94,117,171,194,198,213,216,214,213,93,210,210,211,197,207,187,142,194,156,93,94,99,103,98,100,159,170,238,218,224,224,230,223,219,212,172,91,151,159,165,157,143,147,184,206,148,151,244,253,194,237,239,253,207,235,244,218,214,226,224,202,217,206,217,214,252
203,176,180,169,173,184,204,207,196,212,190,191,196,221,183,192,178,169,173,162,169,173,183,174,169,171,166,171,167,176,104,169,165,159,167,143,106,165,103,128,126,116,88,90,198,141,89,123,122,120,122,123,84,123,143,125,131,132,193,146,213,225,248,236,206,199,198,192,135,177,164,149,117,114,113,111,123,249,120,250,253,239,253,130,213,205,200,189,124,178,170,122,123,121,125,182,225,188,185,226,166,184,197,200,216,253,253,253,253,101,126,209,248,218,212,217,220,113,105,105,113,109,113,106,179,133,179,179,179,180,182,181,187,152,100,102,98,92,116,174,213,208,215,94,209,211,196,207,210,205,138,198,200,190,148,148,96,100,99,95,96,105,158,147,220,221,223,222,214,171,96,163,204,229,163,145,170,146,147,140,157,200,140,189,216,253,239,218,231,233,201,220,218,197,189,198,195,211,207,223
212,228,207,243,246,204,191,179,186,166,179,181,197,208,238,174,182,174,172,166,178,176,153,97,172,171,99,127,169,144,102,122,166,172,193,139,116,148,155,135,122,119,89,89,140,107,86,123,122,122,123,127,108,98,135,138,119,136,151,136,137,183,188,183,167,120,122,124,119,133,247,249,253,119,249,239,252,194,126,207,194,185,176,126,123,122,124,123,135,251,253,248,238,130,227,189,183,110,234,215,238,204,200,199,202,225,224,236,247,102,118,199,253,253,247,216,238,240,193,111,109,109,112,106,171,139,182,186,180,175,174,176,177,189,203,145,98,100,102,105,154,164,210,92,208,220,211,208,213,209,137,202,210,200,201,201,203,152,162,98,94,99,95,95,135,139,161,222,214,173,145,170,213,226,154,149,148,143,149,145,147,142,137,145,212,147,142,213,222,228,208,223,216,215,170,199,196,211,223,211
229,225,210,138,181,204,177,201,211,206,197,186,208,192,187,251,200,114,178,171,111,160,179,180,173,167,176,173,177,167,161,159,148,187,131,124,126,137,197,192,142,161,91,89,89,193,89,122,123,122,125,127,92,134,101,135,130,131,132,131,123,121,125,227,247,247,218,253,136,249,217,197,190,116,189,177,170,137,122,120,121,122,236,121,249,253,253,253,122,198,192,188,185,132,167,127,127,120,246,249,244,185,173,194,188,199,207,202,214,98,114,177,237,250,253,223,198,210,225,208,207,112,118,100,98,145,212,186,180,177,180,174,172,172,179,179,179,148,115,102,101,97,90,97,193,225,216,209,217,210,153,199,207,200,206,210,211,218,166,199,169,132,97,93,91,94,95,176,168,178,174,154,213,221,148,194,209,192,151,145,147,145,144,149,141,139,141,211,202,211,213,248,247,244,162,197,196,232,224,243
227,247,233,226,169,178,190,180,206,210,206,200,185,180,170,168,179,160,175,188,168,169,170,170,176,167,163,122,175,169,124,178,168,164,135,126,127,121,96,200,157,148,111,90,89,88,87,121,123,123,130,127,87,124,150,129,130,129,155,146,213,249,238,228,206,203,202,191,144,174,166,119,118,112,115,123,242,246,125,250,248,253,209,129,204,187,175,167,123,126,124,125,118,166,250,197,209,114,200,212,247,176,230,179,174,193,208,202,200,99,115,179,207,210,208,217,228,251,233,229,207,190,134,101,103,106,95,117,208,200,179,180,178,184,171,173,174,175,178,190,158,101,97,91,92,154,114,214,233,207,160,201,211,210,207,208,217,210,157,217,218,215,159,145,98,95,91,90,91,102,121,152,151,220,147,240,231,225,194,205,191,148,145,151,147,149,146,141,141,140,211,201,210,214,164,205,199,234,231,232
219,228,232,206,212,201,185,195,231,201,201,196,197,189,157,166,168,166,167,172,167,143,168,172,123,171,165,143,178,180,196,172,161,171,189,123,122,125,166,131,222,163,114,130,91,87,95,122,123,125,125,120,117,173,88,144,129,133,147,141,134,177,186,184,136,124,124,122,124,236,248,253,253,116,253,252,201,198,127,197,174,169,133,123,123,122,125,225,123,229,225,218,213,177,218,245,214,89,220,164,164,207,246,239,204,163,189,196,184,100,114,175,193,188,193,199,205,211,208,193,195,150,131,135,176,135,94,99,95,113,220,189,182,182,165,180,180,175,176,183,198,177,108,102,97,93,93,115,110,205,162,198,210,216,208,213,216,214,155,221,227,244,199,183,217,157,163,98,94,101,134,96,160,218,146,215,218,205,220,218,235,191,206,195,151,148,149,143,150,147,143,143,141,207,205,211,213,208,247,234
229,236,204,177,207,176,220,203,216,174,187,189,200,167,167,163,160,164,172,168,178,176,173,172,173,174,166,165,199,197,235,171,181,176,175,106,105,103,167,110,212,180,131,105,90,98,102,122,124,120,125,117,93,194,88,104,170,129,124,131,125,125,178,253,253,253,253,253,174,212,195,186,180,117,170,165,138,120,119,121,125,240,253,129,253,253,252,178,121,253,225,216,207,186,179,128,126,152,215,212,184,226,230,223,240,249,194,177,203,100,120,183,189,182,179,193,189,190,177,184,158,177,138,158,204,169,190,121,97,94,97,94,209,207,204,183,183,179,180,179,176,182,202,100,154,150,95,101,92,88,157,168,217,212,210,219,213,211,153,231,229,244,216,234,252,223,230,223,147,155,174,92,187,227,145,218,217,224,245,229,223,231,231,228,201,209,192,150,153,149,148,145,145,148,147,145,162,212,210,215
233,219,213,209,185,215,193,208,243,204,173,213,196,203,174,163,163,163,117,166,177,170,171,172,171,181,168,166,122,186,187,173,177,176,177,171,107,108,201,106,103,124,122,119,117,132,95,125,154,132,131,120,100,89,89,90,108,131,138,139,214,227,211,205,194,190,186,179,173,171,123,117,120,118,128,248,249,241,124,243,231,134,125,123,125,124,124,126,122,125,121,126,123,127,171,126,123,181,209,185,192,202,208,229,240,252,241,241,188,106,125,174,203,203,185,186,178,189,169,147,162,185,175,162,201,171,212,226,193,129,97,97,104,99,217,214,207,181,183,191,208,203,206,105,199,197,186,162,93,95,95,89,139,104,220,215,218,218,155,203,227,243,220,229,239,245,221,240,209,143,182,114,209,231,145,234,214,227,238,237,216,236,231,247,241,235,211,201,207,191,150,148,148,148,151,147,146,147,139,154
213,230,231,214,225,220,214,212,219,191,185,188,188,179,182,172,168,162,113,124,177,171,188,175,182,175,167,169,163,181,179,174,173,177,176,175,107,114,116,106,119,106,108,87,100,98,99,101,180,143,129,123,103,91,92,91,89,130,179,127,126,173,169,168,120,125,126,122,212,252,253,253,246,119,221,116,126,123,120,123,119,120,118,135,123,123,123,123,121,125,125,122,139,204,181,185,179,180,181,174,204,210,190,230,231,252,252,240,250,99,129,130,122,201,193,192,165,163,153,156,144,179,169,172,186,160,184,184,187,206,189,156,103,92,98,132,195,201,206,228,220,199,209,111,202,198,207,192,213,125,93,92,91,89,88,164,169,218,154,206,227,242,213,228,252,227,235,234,214,146,180,178,207,224,144,233,228,222,239,230,228,253,235,242,247,253,217,194,207,216,205,209,198,145,160,148,146,149,148,145
213,207,204,207,199,201,190,191,172,193,186,205,184,175,182,124,188,163,133,183,83,88,174,173,177,178,175,170,168,121,178,178,173,176,176,171,176,124,148,138,138,103,123,122,124,118,124,108,185,171,151,129,145,92,91,94,87,136,126,127,127,126,221,247,253,253,253,232,193,112,129,124,123,119,116,117,119,121,120,123,119,124,243,127,124,120,135,248,123,230,229,224,226,182,181,175,192,156,206,214,233,238,182,226,215,230,238,252,240,97,128,122,178,127,136,134,115,118,142,192,168,156,169,143,181,167,178,209,207,195,196,206,194,160,92,99,95,163,175,195,195,225,210,124,202,187,206,191,195,213,199,130,152,94,97,93,95,168,169,219,232,236,217,221,253,222,249,252,220,164,166,175,183,218,145,249,232,243,220,222,240,253,235,247,244,239,235,193,234,231,205,197,204,202,201,195,145,151,149,152
137,207,198,185,173,186,133,126,158,130,156,166,146,213,130,191,160,162,170,100,134,81,175,174,177,178,94,165,164,174,178,177,175,177,177,174,172,180,149,158,154,183,165,160,157,160,164,136,134,127,133,132,133,120,108,96,89,129,253,250,243,215,170,117,133,125,123,125,118,128,123,122,122,116,116,118,244,248,121,253,250,212,207,126,227,219,220,222,123,227,195,137,129,138,186,190,201,183,174,206,223,209,186,172,198,227,183,178,221,95,126,110,108,108,123,123,118,119,122,181,198,140,141,143,167,180,212,235,205,199,196,201,202,204,205,162,95,94,96,153,129,200,199,125,207,204,209,203,214,204,200,203,207,186,151,92,95,91,102,92,173,175,208,222,242,225,253,246,220,195,95,169,146,220,144,253,236,243,243,253,253,253,249,253,247,253,249,189,239,232,210,207,197,212,233,202,210,212,202,148
153,196,181,143,124,133,125,129,179,154,217,166,162,197,200,160,161,163,161,161,88,231,176,172,172,178,178,167,165,164,105,178,177,182,176,176,172,176,137,136,137,89,164,163,160,159,152,158,145,163,131,153,150,162,139,97,91,148,129,126,128,125,127,131,122,125,126,127,120,125,248,252,236,116,198,186,231,132,180,134,122,120,120,125,202,119,127,125,122,158,166,147,160,203,185,173,210,193,202,207,229,231,201,206,197,179,180,188,200,96,124,111,104,105,114,127,123,115,159,173,166,157,142,137,95,157,181,209,211,205,201,208,204,200,199,198,196,165,96,94,96,156,94,144,211,204,207,207,220,209,191,200,207,206,211,214,123,100,102,95,92,100,166,110,237,216,253,235,218,193,94,171,136,225,143,247,222,239,241,253,239,242,253,253,251,239,252,209,233,245,218,201,247,213,210,205,198,232,219,209
141,110,105,107,106,108,166,199,178,153,154,149,148,153,173,153,166,168,158,159,157,150,116,125,184,182,182,175,165,168,103,179,179,179,182,178,161,179,182,157,152,144,116,171,159,168,174,166,175,164,144,126,138,150,153,159,150,153,145,145,128,127,130,125,246,252,253,253,246,231,223,163,202,155,175,145,138,166,204,140,135,128,123,126,125,134,128,124,133,174,207,192,187,177,197,175,165,206,222,197,203,233,221,228,214,196,190,196,197,102,125,133,102,105,104,111,126,202,179,167,163,172,152,145,100,100,95,152,215,210,205,215,209,208,203,195,193,197,200,164,96,94,93,147,89,187,204,207,216,199,205,210,205,204,205,201,171,163,140,169,98,105,96,97,107,119,187,224,217,204,140,182,129,217,144,236,226,239,239,233,253,253,253,253,250,252,253,213,228,243,213,212,246,222,231,228,205,242,206,213
133,106,104,101,141,124,170,158,150,153,150,152,145,136,145,141,145,158,150,138,97,180,180,191,175,177,182,188,170,167,169,184,178,179,181,179,179,177,175,139,135,138,96,197,163,167,143,155,165,126,146,145,126,151,147,167,178,159,250,248,252,252,127,237,222,111,134,125,127,126,120,137,125,140,135,199,200,157,212,194,202,229,239,128,246,199,242,177,196,180,177,214,167,205,212,187,196,210,194,226,236,234,221,239,208,203,227,224,197,97,124,199,204,207,103,110,111,124,143,169,167,168,181,151,205,158,98,101,92,160,212,210,210,207,210,188,192,194,206,207,204,158,93,133,95,103,92,196,202,212,212,206,221,203,198,205,185,167,139,240,206,160,98,104,94,93,95,173,169,213,189,165,175,166,146,214,222,253,240,253,231,253,253,253,250,239,253,220,221,221,228,221,244,242,218,236,197,216,210,220
132,96,101,98,98,117,135,146,148,158,167,153,152,128,154,156,153,163,150,123,110,148,189,181,163,171,165,170,171,162,168,192,177,181,182,180,180,182,177,176,105,144,133,135,157,165,154,167,169,154,155,131,123,148,150,134,149,179,247,151,152,145,149,142,142,128,128,127,128,127,129,131,147,151,180,202,202,200,197,227,223,206,187,118,120,176,175,181,188,189,193,209,183,182,179,213,167,200,194,239,236,228,205,226,219,213,234,233,215,96,119,191,198,182,186,115,105,106,113,123,152,162,171,163,196,180,209,123,102,94,93,163,214,213,215,203,202,199,193,205,194,205,191,180,99,91,98,94,174,214,228,207,205,209,205,199,198,181,151,217,226,197,206,153,122,99,97,111,95,139,133,105,136,165,145,153,206,208,201,246,228,253,253,253,253,253,253,213,240,252,220,221,239,238,218,235,204,242,222,213
131,113,118,106,93,108,108,173,124,175,140,152,148,164,163,160,151,156,164,140,123,151,182,110,183,177,182,181,180,169,165,177,180,182,181,174,180,181,180,179,101,130,136,198,138,133,157,159,165,167,171,139,155,140,153,151,142,176,164,151,153,146,152,143,140,142,141,132,200,220,247,163,165,155,191,233,215,201,205,189,169,193,195,165,174,191,174,179,189,176,206,205,177,216,182,176,188,204,225,214,196,195,190,191,180,189,159,165,178,97,115,176,138,137,177,195,160,108,107,117,122,136,180,166,190,193,204,209,202,171,97,99,101,167,209,198,202,199,206,206,200,212,206,177,200,157,100,98,94,93,170,214,206,228,208,199,197,200,170,226,220,187,222,213,222,157,159,112,99,101,130,163,169,151,145,154,155,147,169,203,149,212,253,253,253,253,253,194,253,252,253,200,232,242,225,251,207,235,231,231
102,98,95,103,120,105,102,170,122,143,154,134,159,148,148,181,171,149,148,143,148,197,184,184,185,174,170,172,174,173,176,177,106,181,181,180,179,181,180,179,178,112,108,85,91,158,149,160,174,172,166,138,142,150,142,148,136,158,187,144,149,144,170,234,241,187,234,246,160,181,232,172,133,177,213,216,202,188,170,171,183,186,210,188,175,197,198,196,191,201,208,214,185,237,246,174,174,236,201,193,199,197,184,181,185,184,163,165,146,95,111,160,142,137,180,168,162,178,139,113,107,114,128,109,190,190,190,186,202,185,203,128,103,102,95,167,206,200,200,197,209,214,204,178,199,199,189,157,97,96,93,93,124,188,214,209,200,192,180,221,217,177,206,200,235,218,214,200,158,107,148,102,184,204,147,154,153,145,143,146,144,203,168,209,252,253,250,204,242,247,253,244,202,249,226,239,206,246,242,218
158,129,147,160,134,122,100,170,116,179,161,132,147,158,134,170,147,146,158,142,142,99,143,177,166,179,175,174,174,180,177,177,158,179,180,180,128,179,181,178,180,136,131,230,140,100,149,157,162,169,180,174,170,151,141,146,143,159,153,188,134,253,155,253,247,218,179,205,204,198,151,147,138,182,198,183,196,168,159,225,196,237,190,197,209,203,227,219,190,242,176,241,238,243,242,178,177,204,190,187,154,170,167,162,143,162,194,163,179,96,111,159,145,169,169,156,172,163,177,164,108,111,118,104,189,189,184,189,185,174,178,187,166,96,100,107,125,171,211,198,201,233,215,181,210,201,194,190,209,155,103,97,93,94,158,175,209,194,202,212,212,163,207,204,213,213,210,201,217,195,180,89,191,200,153,198,147,151,150,149,149,147,144,156,205,174,214,217,221,252,252,246,227,194,201,204,203,246,250,244
161,119,172,167,169,207,129,164,126,143,146,147,143,165,134,177,136,142,160,152,133,131,179,190,183,141,175,175,179,121,177,176,179,107,181,182,181,186,183,183,180,183,103,223,118,102,187,159,159,161,170,169,120,165,173,144,147,152,162,183,180,136,149,146,160,197,206,175,221,210,189,201,196,201,191,177,179,176,195,161,207,199,228,220,206,213,214,209,193,203,249,195,159,201,172,200,212,245,173,165,166,167,157,171,152,162,194,172,211,98,112,172,160,169,202,155,203,220,187,186,181,165,115,103,164,171,188,195,194,196,185,194,199,194,105,102,101,95,162,164,204,238,220,178,206,211,196,204,216,200,194,157,98,93,92,92,171,169,189,211,209,160,213,215,188,212,209,184,207,202,185,113,192,201,141,248,191,207,157,153,146,148,149,147,152,156,205,136,196,239,239,244,223,223,212,234,196,214,223,242
193,214,183,140,144,185,150,155,128,161,135,151,128,142,163,136,160,154,147,146,144,131,130,177,188,189,172,177,177,183,181,177,181,101,177,179,182,97,180,181,180,180,204,120,131,145,94,177,185,153,160,180,169,150,152,152,146,144,137,144,171,179,191,180,164,187,234,207,208,227,225,212,206,207,204,176,176,164,133,163,235,216,193,210,177,186,212,227,234,212,165,193,203,147,143,128,136,141,146,166,164,177,162,182,180,186,212,230,171,98,111,168,180,183,196,194,173,190,172,175,192,155,178,109,95,98,99,202,194,215,213,196,191,193,196,201,122,102,98,91,167,165,214,175,216,209,205,201,215,211,200,196,193,151,96,100,95,98,178,93,215,147,214,216,179,212,217,162,213,206,177,184,184,207,142,236,220,225,201,196,179,143,148,145,151,153,146,147,147,203,211,209,228,226,211,237,194,215,210,241
216,188,177,220,188,180,135,154,143,150,138,145,143,145,155,153,154,138,171,146,141,138,99,127,164,195,178,172,175,177,180,177,177,178,182,168,183,181,179,181,182,179,185,117,128,134,148,109,166,158,181,166,170,154,183,137,157,136,140,123,155,152,174,230,214,218,252,244,253,224,252,211,201,198,197,205,163,124,202,160,252,249,239,210,216,218,189,206,163,148,147,149,141,149,147,156,151,155,150,151,139,144,148,200,146,225,189,138,146,102,118,177,166,183,186,184,148,186,164,174,185,205,212,235,156,95,104,95,107,198,203,196,190,176,179,192,179,207,139,95,91,96,154,175,217,213,208,202,226,222,204,200,208,212,192,153,98,101,100,103,162,143,224,213,172,206,211,147,209,210,98,186,184,202,142,234,235,219,209,244,205,195,188,152,145,145,139,141,144,155,148,211,206,209,220,242,196,228,216,214
217,174,166,177,157,180,128,175,135,151,146,154,145,142,161,169,182,145,137,168,146,143,99,189,133,132,104,176,175,176,179,178,179,180,172,162,179,179,91,182,179,174,185,222,112,106,117,91,186,158,195,165,180,176,145,162,135,148,127,141,130,142,184,162,238,253,244,242,252,253,253,219,202,202,208,190,208,133,194,148,253,202,214,235,209,154,184,184,140,146,142,139,151,152,147,153,153,146,152,153,154,147,149,145,151,145,148,149,150,103,129,151,144,164,202,179,203,210,216,163,196,184,201,204,202,190,159,102,91,165,197,193,188,182,179,155,156,214,217,205,162,95,95,141,166,206,218,201,225,215,213,200,212,224,198,201,210,145,100,97,98,108,126,138,169,207,209,132,207,207,99,167,171,202,142,231,235,240,243,241,229,225,236,204,180,195,144,141,142,151,153,149,142,144,171,191,212,247,216,219
181,130,141,131,139,132,114,177,139,154,129,127,129,151,153,177,162,142,140,164,150,144,134,181,183,118,148,179,174,118,181,183,177,178,189,158,161,184,182,180,181,183,183,183,104,129,135,146,96,163,216,154,166,169,170,163,153,136,151,148,155,170,136,188,149,215,213,217,216,226,203,213,230,212,213,215,163,168,191,148,242,243,238,186,180,189,147,166,142,132,140,140,145,152,157,150,152,151,153,154,155,151,152,149,150,153,147,155,145,103,129,127,181,129,118,188,209,210,212,176,223,207,200,182,200,189,184,155,94,93,96,100,192,187,183,196,197,222,220,207,211,189,135,147,93,92,170,215,241,212,215,198,214,227,205,214,212,205,205,159,100,103,103,100,100,97,207,135,205,205,142,176,118,201,140,215,234,234,230,240,241,249,248,242,251,233,156,187,144,148,144,145,149,144,152,149,214,187,210,221
115,138,139,133,142,128,96,160,139,145,135,129,132,164,131,137,173,153,155,139,146,136,147,185,194,150,119,179,177,185,184,189,181,182,183,94,172,178,180,89,180,179,183,185,187,130,130,141,147,152,229,166,166,149,173,151,180,147,159,140,146,143,160,160,182,133,199,192,192,197,202,196,206,211,198,198,171,198,223,160,211,190,149,154,140,142,167,133,140,149,133,143,157,153,152,154,153,149,149,151,156,157,152,151,149,155,156,152,156,100,126,120,117,181,137,138,128,141,145,177,134,154,118,183,217,193,189,171,185,159,97,99,97,101,186,191,200,202,219,218,199,204,206,176,105,100,94,89,159,220,223,210,212,222,206,205,210,206,209,205,205,153,109,96,101,97,93,156,189,199,195,181,89,202,142,202,228,221,231,244,235,235,231,235,227,230,249,211,185,210,161,146,145,148,149,152,158,145,145,205
163,133,147,126,142,128,96,161,136,137,134,138,147,139,142,163,152,158,149,161,152,130,133,103,186,133,130,101,177,182,177,169,187,182,181,96,174,181,184,185,183,184,183,184,187,127,111,107,118,93,239,148,159,165,168,160,135,184,148,166,128,152,146,133,157,180,135,203,201,203,207,202,217,194,201,207,189,173,179,173,206,193,175,172,146,139,144,148,161,149,178,145,152,154,152,158,149,151,150,147,148,151,148,150,143,151,147,147,155,99,126,115,107,107,184,122,124,124,126,174,163,165,167,142,244,197,196,170,185,189,186,134,95,97,160,185,185,198,207,184,207,203,202,176,197,159,94,95,95,93,156,210,212,227,203,198,206,205,209,210,206,176,188,156,136,96,96,102,99,169,165,138,94,201,140,195,207,220,215,221,220,226,222,220,222,211,220,213,215,205,215,196,167,141,150,147,145,142,142,146
163,148,145,130,146,139,97,169,137,103,125,140,155,144,147,118,152,158,152,139,148,136,145,105,186,176,115,143,178,179,182,181,184,181,182,182,156,178,184,181,102,182,184,183,184,194,112,116,135,149,209,154,160,174,171,168,156,112,189,183,150,135,142,126,170,157,175,157,198,201,211,205,195,197,203,184,185,202,197,209,197,180,162,175,164,141,146,164,142,172,165,165,149,151,147,154,150,146,144,146,144,151,147,152,152,155,153,154,151,99,126,114,104,113,124,113,175,130,171,149,156,157,148,140,221,220,208,170,195,200,188,204,149,95,103,97,112,192,196,203,208,202,205,177,206,200,206,108,101,100,91,117,178,224,207,202,203,196,196,201,199,185,191,197,147,155,156,101,94,93,113,123,135,196,141,188,221,212,212,237,212,205,196,204,200,196,195,197,214,204,220,215,253,192,209,154,150,147,142,145
158,160,170,121,147,132,109,175,136,134,137,143,153,149,151,144,154,178,157,147,155,145,148,130,185,132,137,189,178,176,182,182,186,182,182,182,141,181,169,182,182,183,182,183,185,187,196,132,130,139,198,189,164,165,162,168,172,162,174,159,180,147,126,155,130,136,179,183,211,198,213,202,211,204,194,181,183,181,180,223,207,185,175,174,171,173,168,182,190,187,176,182,166,157,157,151,153,149,152,151,150,148,152,160,152,158,154,146,148,104,129,199,142,109,115,118,132,153,192,162,153,181,147,147,93,154,228,168,210,222,190,181,184,200,160,97,97,96,114,193,189,205,187,179,198,199,204,202,199,149,98,94,90,167,159,198,202,195,200,199,198,198,193,200,156,192,189,158,159,98,125,157,122,201,142,191,228,238,214,235,214,200,223,215,213,202,200,203,253,203,222,219,235,226,199,225,159,201,139,146
187,178,179,165,140,163,159,164,146,120,152,145,148,147,128,164,142,161,150,181,158,167,136,140,99,123,162,191,106,177,182,178,181,187,182,183,185,188,180,182,182,147,184,183,186,188,81,80,83,109,226,92,175,165,164,164,168,178,178,147,163,144,139,147,133,162,166,194,159,199,245,202,218,194,185,188,217,209,218,235,217,194,177,177,181,179,187,181,180,178,180,176,151,149,151,149,177,143,145,138,145,145,156,155,150,153,156,159,141,100,126,200,141,159,111,114,118,113,193,170,163,157,158,145,101,98,141,178,190,233,196,204,190,204,207,175,125,90,97,158,148,191,203,178,170,190,197,218,205,206,191,163,91,101,91,166,171,198,197,193,197,196,192,196,170,194,196,175,188,158,166,96,165,166,147,199,227,230,229,242,223,232,235,246,243,248,208,224,231,204,253,209,240,240,214,235,202,207,152,172
247,211,209,208,160,173,180,119,164,126,164,138,154,147,127,126,135,184,159,159,158,151,139,137,93,187,191,186,190,182,181,182,188,186,182,185,185,117,177,181,182,186,184,184,186,188,99,79,81,83,136,149,104,162,163,162,165,184,182,120,161,156,157,134,146,131,156,164,190,142,199,194,198,188,191,184,200,205,233,247,196,180,178,176,181,170,183,177,178,179,177,175,153,144,136,154,148,141,141,144,145,149,153,154,156,153,157,152,152,100,120,191,157,162,155,115,114,110,124,138,175,171,170,158,201,135,100,98,98,227,186,213,197,213,209,186,179,150,97,92,98,163,197,178,156,196,208,208,204,222,208,200,170,160,96,92,88,166,173,190,186,201,192,190,186,195,196,194,191,189,188,93,170,165,136,198,212,246,232,242,237,213,219,218,225,235,240,204,253,205,253,247,194,247,214,236,204,198,226,206
242,222,147,117,173,210,151,106,165,119,149,151,142,143,154,126,167,148,156,142,157,154,143,142,110,222,190,182,155,179,179,183,184,187,187,182,183,121,182,183,183,182,186,181,184,188,214,79,81,84,248,144,89,184,155,153,154,164,168,158,140,192,156,140,129,205,122,193,189,191,134,211,166,176,176,171,140,140,144,154,168,169,163,175,179,192,199,189,187,184,185,175,179,177,137,137,106,157,143,165,163,148,123,161,159,159,156,150,148,100,120,182,156,159,148,147,143,106,111,122,133,196,167,162,219,214,104,103,91,136,218,228,201,221,253,193,183,189,184,163,96,107,95,190,196,196,198,207,195,213,209,202,197,160,132,99,95,101,92,170,190,211,201,196,192,191,192,197,192,186,150,142,184,182,137,164,144,180,208,237,236,236,230,229,238,222,190,192,219,202,253,236,239,228,214,230,208,204,217,232
186,182,175,80,137,86,113,102,168,113,158,140,127,136,214,220,167,165,162,164,148,173,148,152,137,192,95,91,80,83,181,182,182,189,185,184,183,183,99,182,183,182,187,184,185,185,221,87,79,82,88,184,177,93,167,157,156,169,171,164,147,146,148,162,228,189,210,157,177,220,188,133,194,189,181,161,189,207,206,207,212,193,190,180,181,202,196,174,175,158,167,174,149,157,124,133,126,122,119,144,146,149,144,143,142,160,140,154,150,99,123,179,152,149,144,141,144,134,108,113,113,129,128,166,235,190,205,160,112,95,92,111,203,253,253,207,192,196,190,196,171,104,94,149,154,181,190,199,187,212,222,202,200,157,190,193,140,95,92,97,92,169,197,197,195,193,192,206,186,190,94,187,190,208,139,159,152,148,141,179,200,207,195,187,199,186,185,202,223,208,225,229,253,253,253,199,206,204,214,218
196,188,179,152,157,125,108,101,162,137,145,169,205,150,183,180,198,233,172,147,154,150,168,140,156,109,147,93,86,85,180,180,182,188,185,181,181,187,95,183,182,183,182,188,185,187,189,123,79,88,85,169,180,104,134,160,153,167,173,167,164,132,196,158,148,183,202,189,151,152,166,188,101,219,184,217,213,243,253,238,240,226,203,201,203,246,158,157,215,165,178,216,199,183,167,158,173,175,171,175,174,171,175,172,172,175,177,175,178,100,121,167,133,194,176,177,178,178,173,118,116,116,129,107,234,227,211,153,210,107,95,92,126,196,253,214,201,203,201,200,174,147,156,155,94,95,130,200,190,196,204,206,209,160,196,187,196,184,134,97,94,97,93,172,216,192,195,208,187,183,107,190,187,206,138,165,150,148,146,153,145,200,197,209,213,178,173,169,215,208,217,209,239,236,253,239,207,212,215,231
196,191,197,181,179,181,106,117,168,146,152,212,184,181,204,160,193,151,160,155,165,141,152,141,142,115,205,94,93,82,181,181,182,183,186,187,193,187,186,196,182,183,182,187,187,191,174,210,79,80,82,128,187,193,90,181,159,162,165,174,170,162,98,229,183,175,207,175,152,166,160,149,151,194,157,210,215,216,212,210,211,215,105,104,101,242,216,245,205,198,196,193,189,194,186,176,177,177,177,177,181,179,180,178,178,179,181,178,182,99,124,176,224,210,201,185,182,180,181,185,181,111,125,106,249,182,217,147,250,223,225,120,95,94,182,225,227,216,206,215,195,143,166,177,156,95,94,92,126,214,201,201,196,153,194,190,198,193,193,183,143,99,100,92,90,171,202,209,184,187,173,183,189,208,140,198,189,148,144,150,157,147,139,193,205,208,179,167,207,204,216,214,239,243,253,239,205,206,195,234
196,189,188,186,186,186,109,158,151,143,143,176,183,181,198,232,151,142,175,157,132,155,139,147,142,133,207,96,93,80,87,185,181,181,190,187,182,187,182,181,182,183,185,183,185,188,212,124,99,112,103,110,182,192,196,96,159,162,160,171,172,169,152,145,149,161,177,157,157,172,180,179,176,134,208,155,163,172,218,214,120,173,225,209,150,185,210,211,212,208,208,198,198,196,195,191,181,180,180,179,184,182,181,181,176,176,175,212,203,102,123,181,177,181,175,176,175,176,173,170,172,172,118,104,166,211,218,147,238,242,224,203,107,93,96,117,175,243,238,243,199,128,191,176,202,157,96,93,100,129,113,199,200,151,197,199,198,190,193,198,192,185,162,94,90,93,114,180,188,186,185,172,172,210,139,207,177,200,186,150,150,156,142,144,145,208,205,201,205,207,239,208,253,253,253,252,209,205,216,228
177,174,171,173,173,178,120,152,172,149,149,204,122,193,127,156,178,165,150,137,144,129,137,144,137,157,96,113,92,83,83,185,189,189,189,191,173,173,183,166,181,184,182,184,143,187,190,139,156,150,210,151,187,164,180,89,185,158,155,159,161,157,157,163,174,116,174,168,171,175,174,171,171,165,111,214,217,211,215,218,238,172,227,230,211,237,209,207,207,208,208,201,215,152,189,199,182,183,214,185,183,180,181,181,180,178,180,228,241,108,130,152,197,181,174,175,173,194,133,107,174,173,173,107,99,162,226,150,162,240,185,216,204,216,116,94,94,165,247,245,211,137,186,175,191,195,192,166,100,96,93,145,209,154,217,195,202,189,187,196,195,198,196,156,107,95,96,93,168,103,181,183,111,210,139,207,169,173,172,163,197,151,147,143,155,143,139,213,203,209,249,235,203,253,253,253,211,202,234,220
