156,156,156,156,156,156,156,156,156,156,155,155,155,155,156,156,157,157,158,158,158,158,158,158,158,158,158,158,157,157,157,157,156,156,155,155,154,154,154,154,154,154,155,155,155,155,155,155,155,155,155,155,156,156,156,156,156,156,156,156,156,156,156,156,156,156,156,156,157,157,158,158,158,158,158,158,157,157,157,157,157,157,157,157,157,157,157,157,158,158,158,158,157,157,158,158,157,157,156,156,155,155,154,154,153,153,152,152,151,151,151,151,150,150,151,151,151,151,151,151,151,151,151,151,151,151,151,151,151,151,152,152,152,152,153,153,153,153,154,154,155,155,156,157,158,158,158,158,159,159,159,159,159,159,159,159,160,160,160,160,160,158,153,145,132,124,122,118,111,109,113,120,131,134,130,129,130,132,135,136,133,133,137,140,143,146,149,144,131,123,122,128,141,147,145,138,127,123,126,128
156,156,156,156,156,156,156,156,156,156,155,155,155,155,156,156,157,157,158,158,158,158,158,158,158,158,158,157,157,157,157,157,156,156,155,155,154,154,154,154,154,154,155,155,155,155,155,155,155,155,155,155,156,156,156,156,156,156,156,156,156,156,156,156,156,156,156,156,157,157,158,158,158,158,158,158,157,157,157,157,157,157,157,157,157,157,157,157,158,158,158,158,158,157,158,158,157,156,156,155,155,154,154,154,153,153,152,151,151,151,151,150,150,150,150,151,151,151,151,151,151,151,151,151,151,151,151,151,151,151,151,152,152,152,153,153,153,153,154,154,155,155,156,157,158,158,158,159,159,160,160,160,159,159,159,159,160,160,160,159,155,152,148,141,132,126,125,119,109,106,109,117,129,134,131,129,130,132,136,136,133,133,137,141,143,145,146,142,132,127,127,130,138,140,136,131,126,125,129,131
156,156,156,156,156,156,156,156,156,156,156,156,156,156,156,156,157,157,157,157,158,158,157,157,157,157,157,156,156,156,157,157,156,156,155,155,155,154,154,153,154,154,154,154,154,154,154,154,154,154,154,155,155,155,155,155,155,155,156,156,156,156,156,156,156,156,156,156,157,157,157,157,157,157,157,157,157,157,157,157,157,157,157,157,157,157,157,157,158,158,159,159,158,158,157,157,157,156,155,154,154,153,153,153,153,152,152,151,150,150,150,149,149,149,149,150,150,150,150,150,150,150,150,150,150,150,150,150,150,150,150,151,151,152,152,152,153,153,154,154,155,156,156,157,158,158,159,160,160,161,161,161,160,160,160,160,160,160,161,156,146,139,137,135,133,131,130,122,105,99,101,110,125,133,132,131,131,134,138,138,133,133,138,142,145,144,139,136,135,135,137,136,132,126,118,118,125,130,134,136
156,156,156,156,156,156,156,156,156,156,156,156,156,156,156,156,157,157,157,157,157,157,157,157,157,157,156,156,156,156,157,157,156,156,155,155,155,155,154,154,154,154,154,154,154,154,154,154,154,154,154,154,155,155,155,155,155,155,156,156,156,156,156,156,156,156,156,156,157,157,157,157,157,157,157,157,157,157,157,157,157,157,157,157,157,157,157,157,158,158,158,158,158,157,157,156,156,155,154,154,153,153,153,153,152,151,151,150,149,149,149,148,148,148,148,149,149,149,149,150,150,150,150,150,150,150,149,149,150,150,150,150,151,151,152,152,153,154,154,155,156,156,157,157,158,159,160,160,161,161,161,161,160,160,160,159,158,157,154,148,139,134,133,133,133,133,131,123,108,99,97,106,124,133,133,133,133,135,140,139,133,133,140,144,144,142,139,137,137,137,137,135,130,123,115,117,129,135,137,138
156,156,156,156,156,156,156,156,156,156,155,155,155,155,155,156,157,157,157,157,157,157,157,157,156,156,157,157,156,156,156,156,156,156,156,156,155,155,155,154,154,154,154,154,155,155,154,154,154,154,153,154,154,154,154,154,155,155,155,155,155,155,156,156,156,156,156,156,156,156,156,156,157,157,157,157,157,157,157,157,157,157,157,157,157,157,157,157,157,157,157,157,157,156,156,155,155,154,154,154,154,153,153,152,152,151,150,149,149,148,148,147,147,147,147,148,148,148,148,149,149,149,149,149,149,149,150,150,149,149,150,150,150,151,151,152,153,154,155,155,156,157,158,159,160,160,161,161,160,160,160,160,160,160,159,158,155,149,140,136,136,136,136,135,133,131,128,123,116,107,98,104,125,135,135,135,135,137,141,140,132,133,143,146,140,140,146,145,137,132,128,129,133,132,127,129,137,140,138,137
156,156,156,156,156,156,156,156,156,156,155,155,155,155,155,156,156,157,157,157,156,156,157,157,156,156,157,157,156,156,156,156,156,156,156,156,155,155,155,155,154,154,154,154,155,155,154,154,154,154,153,153,154,154,154,154,155,155,155,155,155,155,156,156,156,156,156,156,156,156,156,156,157,157,157,157,157,157,157,157,157,157,157,157,157,157,157,156,156,156,156,156,156,155,155,154,154,154,154,154,154,153,152,151,151,150,149,148,148,147,147,146,146,146,146,147,147,148,148,148,148,148,149,149,149,149,150,150,149,149,150,150,150,150,151,152,153,154,155,155,156,157,158,159,160,160,160,160,160,160,160,160,160,158,155,152,148,142,134,132,136,137,136,134,131,129,127,123,117,109,96,102,125,137,137,137,138,138,137,133,124,128,144,147,138,136,142,142,137,132,127,129,136,138,134,135,141,141,138,136
155,155,156,156,156,156,156,156,156,156,155,155,155,155,156,156,156,156,156,156,157,157,157,157,156,156,157,157,156,156,156,156,156,156,155,155,155,155,155,155,155,155,155,155,155,155,154,154,153,153,153,153,153,153,153,154,154,154,154,154,155,155,156,156,155,155,156,156,156,156,156,156,157,157,157,157,158,158,157,157,156,156,156,156,156,156,156,155,155,155,155,155,155,154,154,153,153,153,153,153,153,152,152,151,150,149,148,147,147,146,146,145,145,145,145,146,146,147,147,147,148,148,148,148,149,149,149,149,150,150,150,150,150,150,151,152,153,154,154,155,156,157,158,159,159,159,159,159,159,159,159,159,159,155,147,141,136,134,135,137,140,138,133,129,126,126,128,123,113,103,92,100,125,138,138,139,141,137,127,118,110,118,141,148,138,131,127,128,135,137,134,135,140,140,137,136,139,139,137,136
155,155,156,156,156,156,156,156,156,156,155,155,155,155,156,156,155,155,156,156,157,157,157,157,156,156,157,157,156,156,156,156,156,156,155,155,155,155,155,155,155,155,155,155,155,155,154,154,153,153,153,153,153,153,153,153,154,154,154,154,155,155,156,156,155,155,156,156,156,156,156,156,156,157,157,157,157,157,157,156,155,155,155,155,155,155,155,155,154,154,154,153,153,153,153,152,152,152,152,152,152,151,151,150,149,148,147,146,146,146,145,145,145,145,145,145,145,146,146,147,147,148,148,148,149,149,149,149,150,150,150,150,150,151,152,152,153,153,154,155,156,157,158,158,158,158,159,159,158,158,157,156,154,149,141,135,132,133,138,140,139,136,131,127,125,123,123,118,108,99,89,98,126,139,140,138,133,128,120,113,106,113,135,143,138,131,124,126,136,140,138,139,142,142,138,136,136,136,137,137
155,155,156,156,156,156,156,156,156,156,155,155,155,155,156,156,156,156,156,156,156,156,156,156,156,156,156,156,156,156,156,156,156,156,155,155,155,155,156,156,155,155,155,155,155,155,154,154,153,153,153,153,153,153,153,153,153,153,153,154,154,155,155,155,155,155,155,155,156,156,156,156,156,156,156,156,156,156,156,155,155,155,154,154,154,154,154,154,154,153,153,152,152,152,152,151,151,151,151,151,151,150,150,149,148,147,146,145,145,145,145,144,144,144,144,144,144,145,146,146,146,147,147,148,148,148,148,149,149,149,149,150,150,151,152,152,152,153,154,155,157,157,157,157,157,158,158,158,158,156,154,150,145,140,137,136,137,139,143,141,134,130,128,127,127,122,114,107,103,96,87,97,126,140,141,133,116,111,117,118,112,115,126,134,139,139,134,134,139,140,137,139,144,144,139,136,133,134,138,140
155,155,156,156,156,156,156,156,156,156,155,155,155,155,156,156,156,156,156,156,156,156,156,156,156,156,156,156,156,156,156,156,156,156,155,155,155,155,156,156,155,155,155,155,155,155,154,154,153,153,153,153,153,153,153,153,153,153,153,153,154,154,155,155,155,155,155,155,156,156,156,155,155,155,155,156,156,155,155,155,155,155,154,154,154,154,154,153,153,152,152,151,151,150,150,150,150,150,150,150,150,149,149,148,147,146,145,145,145,144,144,144,144,143,143,143,144,144,145,145,145,146,146,147,147,148,148,148,149,149,149,150,151,151,152,152,152,153,154,155,156,157,156,156,157,157,158,157,154,151,148,144,140,137,136,136,137,138,140,137,130,126,127,127,128,122,111,103,100,95,88,98,127,140,140,130,111,106,114,118,118,120,125,132,142,144,140,139,141,140,138,140,144,144,140,135,131,129,131,132
155,155,155,155,155,155,156,156,155,155,155,155,155,155,156,156,156,156,156,156,155,155,156,156,156,156,156,156,156,156,156,156,156,156,156,156,155,155,155,155,155,155,155,155,155,155,154,154,154,154,153,153,153,153,153,153,153,153,153,153,153,154,154,154,155,155,156,156,155,155,155,154,154,154,154,155,155,154,154,154,154,154,154,154,153,153,153,152,151,151,150,150,149,149,149,149,149,149,149,149,148,148,147,146,146,145,145,144,144,143,143,143,143,142,142,143,143,143,144,144,144,145,145,146,146,147,147,148,148,149,149,150,151,152,152,152,153,153,154,154,155,156,155,156,156,157,157,154,149,143,138,137,139,140,139,136,132,129,129,127,126,125,126,127,128,123,114,106,101,96,91,102,129,140,135,128,118,112,110,113,123,129,132,138,147,148,142,140,141,141,140,141,144,143,140,135,129,123,117,114
155,155,155,155,155,155,156,156,155,155,155,155,155,155,156,156,156,156,156,156,155,155,156,156,156,156,156,156,156,156,156,156,156,156,156,156,155,155,155,155,155,155,155,155,155,155,154,154,154,154,153,153,153,153,153,153,153,153,153,153,153,153,154,154,155,155,155,155,155,155,154,154,154,154,154,154,154,154,154,154,154,154,154,153,153,152,152,151,150,149,149,148,148,148,148,148,148,148,148,148,147,146,146,145,145,144,144,143,143,143,143,142,142,142,142,142,142,143,143,143,144,144,145,145,146,146,147,147,148,148,149,150,151,152,152,152,153,153,153,154,154,154,154,154,154,153,152,150,145,139,134,134,137,138,136,132,127,124,122,122,123,124,126,128,129,126,119,113,107,102,97,107,131,138,129,121,116,113,114,119,128,134,135,140,149,149,142,139,141,142,141,141,142,140,134,128,121,115,109,107
154,154,155,155,155,155,155,155,155,155,155,155,155,155,155,155,155,155,156,156,156,156,156,156,156,156,156,156,155,155,155,155,155,155,155,155,155,155,155,155,155,155,154,154,155,155,154,154,154,154,153,153,153,153,153,153,154,154,154,154,154,154,154,154,155,155,155,154,154,154,154,153,153,153,153,153,153,153,153,153,153,153,153,153,152,151,150,149,149,148,148,147,147,147,147,147,147,147,147,147,146,145,145,144,144,143,143,142,142,142,142,141,141,141,141,141,141,142,142,143,143,144,144,145,145,146,146,147,147,148,148,149,150,151,151,152,152,152,152,153,153,153,153,152,150,147,144,142,142,140,137,135,134,131,127,124,122,121,121,122,122,124,126,129,132,132,127,123,119,113,106,113,133,136,122,112,106,111,127,135,135,135,135,139,147,147,141,139,141,141,140,139,139,134,123,114,108,106,108,110
154,154,155,155,155,155,155,155,155,155,155,155,155,155,155,155,155,155,156,156,156,156,156,156,156,156,156,156,155,155,155,155,155,155,155,155,155,155,155,155,155,155,154,154,155,155,154,154,154,154,153,153,153,153,153,153,154,154,154,154,154,154,154,154,154,154,154,154,154,153,153,153,153,152,152,152,152,152,152,152,152,152,152,152,151,150,149,148,148,147,147,146,146,146,146,146,146,146,146,146,145,144,144,143,143,142,142,142,141,141,141,140,140,140,140,140,141,141,142,142,143,143,143,144,144,145,145,146,146,147,147,148,149,150,150,150,151,151,151,152,152,151,150,148,144,141,139,139,141,139,133,129,127,125,122,120,119,119,120,121,122,124,126,129,132,131,127,123,121,117,112,117,132,134,123,115,111,119,137,144,139,136,135,138,144,145,141,139,141,139,134,131,130,125,116,109,103,102,106,107
154,154,154,154,155,155,155,155,155,155,155,155,155,155,155,155,155,155,155,155,155,155,155,155,155,155,155,155,155,155,155,155,155,155,155,155,155,155,155,155,155,155,154,154,154,154,154,154,154,154,154,154,154,154,153,153,154,154,154,154,154,154,154,154,154,153,153,153,153,152,152,152,152,151,151,151,151,151,151,151,151,151,151,151,151,150,149,148,147,146,146,145,145,145,145,146,146,146,146,145,144,143,143,143,142,141,141,141,141,140,140,139,139,139,139,140,140,141,141,142,142,142,142,143,144,144,144,145,145,146,146,147,147,148,149,149,149,149,150,151,151,149,144,140,136,135,137,139,141,136,123,117,119,120,120,120,117,117,119,120,122,124,126,128,129,126,118,114,114,113,114,118,127,131,131,131,132,136,144,145,140,137,136,137,142,144,142,141,141,135,123,116,114,113,113,111,107,103,101,100
154,154,154,154,155,155,155,155,155,155,155,155,155,155,155,155,155,155,155,155,155,155,155,155,155,155,155,155,155,155,155,155,155,155,155,155,155,155,155,155,155,155,154,154,154,154,154,154,154,154,154,154,154,154,153,153,154,154,154,154,154,153,153,153,153,152,152,152,151,151,151,151,151,150,150,149,149,149,149,149,149,150,150,150,150,149,148,147,146,146,145,145,145,145,145,145,145,145,145,144,143,143,143,142,141,141,141,140,140,139,139,139,139,139,139,139,140,140,140,141,141,142,142,142,143,143,143,144,144,145,145,146,146,147,147,148,148,148,149,148,147,144,139,136,133,133,136,136,134,128,117,113,115,117,120,119,115,116,122,125,126,126,125,125,128,126,119,114,111,109,108,113,125,133,137,141,143,146,148,146,141,138,137,137,140,140,138,135,132,126,116,110,107,107,110,109,104,103,104,105
153,153,153,154,154,154,154,154,154,154,154,154,154,154,154,154,155,155,154,154,154,154,155,155,155,155,155,155,154,154,154,154,155,155,155,155,155,155,155,155,155,155,154,154,154,154,154,154,154,154,153,153,154,154,154,154,153,153,153,153,153,152,152,152,151,151,150,150,150,150,150,150,149,149,148,148,148,148,148,148,148,149,149,149,149,148,148,147,146,146,145,144,144,144,144,144,144,144,143,143,142,142,142,141,141,140,140,139,139,139,139,139,140,140,139,139,139,139,139,140,140,141,141,141,141,142,142,143,143,144,144,145,145,145,146,147,148,148,147,144,141,138,135,135,138,137,134,129,120,115,115,115,116,118,119,118,113,117,129,135,134,130,122,121,129,131,129,123,114,104,95,102,126,139,141,143,145,147,148,146,141,138,138,138,137,134,128,122,116,112,111,110,110,108,104,100,96,101,116,123
152,152,153,153,154,154,154,154,154,154,154,154,154,154,154,154,154,154,154,154,154,154,155,155,155,155,155,155,154,154,154,154,155,155,155,155,155,155,155,155,155,155,154,154,154,154,154,154,154,154,153,153,154,154,154,154,153,153,152,152,152,152,151,151,150,150,149,149,149,148,148,148,148,147,147,147,147,147,147,147,147,147,147,148,148,147,147,147,146,145,145,144,144,144,143,143,143,143,142,142,142,141,141,140,140,140,139,139,138,138,139,139,139,139,139,139,139,139,139,139,140,140,140,140,141,141,142,142,142,143,143,144,144,144,145,146,146,145,143,140,137,135,135,135,136,133,128,120,112,110,114,116,116,117,121,121,117,121,130,135,134,129,121,121,130,133,131,125,115,102,86,94,126,142,144,145,146,147,148,146,140,138,137,136,134,129,123,116,109,106,106,108,110,111,109,106,102,109,125,133
152,152,153,153,153,153,154,154,153,153,153,153,153,153,153,153,153,153,153,153,153,154,154,154,154,154,154,154,154,154,153,154,154,154,154,154,154,154,154,154,154,154,154,154,154,154,154,154,153,153,153,153,153,153,153,153,153,152,152,152,151,151,151,150,150,149,149,148,148,147,147,147,147,146,146,146,146,146,146,146,146,146,146,147,147,146,146,146,146,145,145,144,144,143,143,143,143,143,142,142,141,141,140,139,139,139,139,138,138,138,139,139,139,138,138,138,138,138,138,139,139,139,139,140,140,141,141,141,141,142,143,143,143,144,145,144,142,140,137,136,136,136,138,135,128,121,115,112,111,112,115,115,114,117,123,127,129,128,126,125,125,124,122,124,131,132,127,122,115,102,81,89,125,144,145,146,146,147,147,145,140,136,134,132,129,126,120,116,113,108,102,103,110,117,123,126,124,126,132,134
152,152,153,153,153,153,154,154,153,153,153,153,153,153,153,153,153,153,153,153,153,153,154,154,154,154,154,154,154,154,153,153,154,154,154,154,154,154,154,154,154,154,154,154,154,154,154,154,153,153,153,153,153,153,153,153,152,152,152,152,151,151,150,150,149,149,148,148,148,147,147,146,146,146,145,145,145,145,145,145,145,145,145,146,146,146,146,145,145,145,145,144,143,143,143,143,143,142,142,141,141,140,139,139,139,139,138,138,138,138,139,139,138,138,138,138,138,138,138,139,139,140,140,140,141,141,141,141,141,142,143,143,143,143,142,141,139,137,135,134,134,134,135,131,121,114,111,111,112,114,116,117,118,121,126,130,133,132,125,121,122,123,124,127,132,130,122,116,111,98,77,86,125,145,145,146,146,145,142,138,133,131,133,131,125,120,115,112,113,112,109,110,117,124,132,135,135,135,135,136
152,152,152,152,152,153,153,153,153,152,152,152,152,152,152,152,153,153,153,153,153,153,153,153,153,153,153,153,153,153,153,153,154,154,153,153,153,153,153,153,153,153,153,153,153,153,153,153,153,153,153,153,153,153,152,152,153,153,152,152,151,150,150,150,149,149,149,149,148,148,147,147,146,146,145,145,144,144,144,144,144,144,144,145,145,145,145,144,144,144,144,144,143,143,143,143,142,142,141,140,140,140,139,139,138,138,138,138,138,138,139,139,139,139,139,139,139,139,139,139,140,141,142,142,142,142,142,142,142,142,143,143,144,142,138,136,136,136,137,135,130,128,127,123,115,113,116,117,114,115,118,122,127,129,127,128,131,131,126,124,124,125,126,128,131,127,116,107,102,90,73,84,125,145,145,145,145,141,133,125,119,121,133,133,122,113,105,104,109,116,125,130,132,133,135,135,134,134,136,137
152,152,152,152,152,152,152,152,152,152,152,152,152,152,152,152,153,153,153,153,153,153,153,153,153,153,153,153,153,153,153,153,154,154,153,153,153,153,153,153,153,153,153,153,153,153,153,153,153,153,153,153,153,153,152,152,153,153,152,152,151,151,151,151,150,150,150,150,149,149,148,148,147,146,146,145,145,144,144,144,144,144,144,144,144,144,144,144,144,144,144,143,143,143,143,142,142,141,140,140,140,139,139,139,138,138,138,138,138,139,139,139,139,139,139,139,139,139,140,140,142,143,144,144,144,144,143,142,142,142,142,142,141,139,136,134,134,133,132,128,123,120,121,118,112,112,118,121,120,120,123,126,129,129,124,125,130,131,127,125,125,126,128,130,133,128,116,107,100,88,73,85,125,143,141,139,137,132,125,118,112,115,125,126,116,110,107,109,115,124,134,139,139,138,136,134,133,134,135,136
151,151,151,151,152,152,152,151,151,151,152,152,152,152,152,152,152,152,152,152,152,152,152,152,153,153,153,153,153,153,153,153,153,153,153,153,153,153,153,153,153,153,153,153,153,153,153,153,153,153,153,153,153,153,153,153,153,153,153,153,152,152,152,152,152,152,151,151,151,151,150,149,148,147,147,147,146,145,145,145,144,144,143,143,143,143,143,143,143,143,143,142,142,142,142,141,141,140,140,139,139,138,138,138,139,139,139,139,139,139,140,140,139,139,139,139,140,140,141,142,144,145,147,147,146,145,144,143,143,142,141,139,136,135,137,136,134,129,121,115,112,112,115,115,112,112,118,123,128,131,131,128,123,119,117,121,130,133,128,126,126,127,130,133,138,135,125,115,105,93,78,89,126,140,132,126,120,118,118,117,114,112,110,109,109,113,121,127,131,134,137,138,138,137,135,133,133,133,134,134
151,151,151,151,152,152,151,151,151,151,152,152,152,152,152,152,152,152,152,152,152,152,152,152,153,153,153,153,153,153,153,153,153,153,153,153,153,153,153,153,153,153,153,153,153,153,153,153,153,153,153,153,153,153,153,153,153,153,153,153,153,153,153,153,153,153,153,153,153,152,152,151,150,149,149,148,147,146,146,145,144,144,143,143,142,142,142,142,142,141,141,141,141,140,140,140,140,139,139,138,138,138,138,138,139,139,139,139,139,139,140,140,140,140,140,140,141,142,143,144,146,147,149,149,147,146,145,143,141,140,139,137,135,134,135,133,128,121,113,108,107,109,114,117,116,118,121,125,130,131,129,124,118,115,114,119,129,132,127,127,131,133,133,135,138,135,126,116,105,94,81,90,120,132,125,119,113,110,110,110,110,109,107,108,112,119,129,136,138,139,137,137,137,136,134,133,132,132,133,133
150,150,151,151,151,151,151,151,151,151,151,151,151,151,151,151,152,152,152,152,152,152,152,152,152,152,152,152,152,152,152,152,152,152,152,152,153,153,153,153,153,153,153,153,153,153,153,153,153,153,153,153,153,153,153,153,153,153,154,154,153,153,154,154,153,153,153,154,154,153,153,152,151,151,150,149,148,147,146,145,144,144,143,143,142,142,141,141,141,140,140,140,140,139,139,139,138,138,138,137,137,138,138,139,139,139,140,140,140,140,140,140,141,141,141,142,143,144,145,146,147,149,149,149,147,146,145,142,138,136,136,137,138,135,130,123,116,111,108,107,106,109,117,123,126,128,128,127,125,122,116,114,115,116,116,119,126,128,125,129,142,145,138,134,134,129,120,110,100,91,83,88,107,118,119,118,115,109,99,96,100,106,115,121,125,128,132,135,137,138,137,136,136,135,133,132,132,132,132,132
150,150,151,151,151,151,151,151,151,151,151,151,151,151,151,151,152,152,152,152,152,152,152,152,152,152,152,152,152,152,152,152,152,152,152,152,153,153,153,153,153,153,153,153,153,153,153,153,153,153,153,153,153,153,153,153,153,153,154,154,153,153,154,154,153,153,154,154,154,153,153,153,152,152,151,149,148,147,146,145,144,144,143,143,142,142,141,141,140,139,139,138,138,138,138,137,137,137,137,137,137,138,139,139,139,140,141,141,141,141,141,141,142,143,143,144,145,146,147,147,148,149,149,148,146,144,142,140,136,134,135,135,133,129,122,115,108,105,105,107,109,114,122,128,134,135,131,126,121,116,110,109,114,117,117,121,127,129,128,133,144,146,139,134,132,127,118,109,100,93,88,92,104,110,110,110,110,107,102,101,105,111,121,127,130,132,132,134,136,136,134,134,135,135,133,131,129,126,123,121
150,150,151,151,150,150,151,151,151,151,151,151,151,151,151,151,151,151,151,151,151,151,152,152,152,152,152,152,152,152,152,152,152,152,152,152,153,153,153,153,153,153,153,153,153,153,153,153,153,153,153,153,152,152,152,152,153,153,154,154,153,153,153,153,153,153,153,153,153,152,152,152,152,152,151,149,148,147,146,145,144,144,143,142,142,141,141,140,140,139,138,137,137,137,137,136,136,136,136,136,137,138,139,139,140,141,142,142,142,142,142,142,144,145,146,146,147,148,149,149,148,148,147,146,143,140,136,135,136,135,134,130,121,115,112,109,106,105,105,108,116,122,128,134,140,139,129,122,118,114,108,109,115,118,118,123,131,136,138,139,138,137,136,135,134,129,120,112,105,100,99,102,109,108,99,96,97,104,117,124,123,123,125,126,129,130,131,132,133,132,129,129,133,134,133,130,125,117,104,98
150,150,151,151,150,150,151,151,151,151,151,151,151,151,151,151,151,151,151,151,151,151,152,152,152,152,152,152,152,152,152,152,152,152,152,152,153,153,153,153,153,153,153,153,153,153,153,153,153,153,153,153,152,152,152,152,153,153,154,154,153,153,153,153,153,152,152,152,152,151,151,151,151,151,150,149,147,146,145,145,144,143,142,142,141,141,140,140,139,139,138,137,136,136,136,136,136,136,136,136,137,138,139,140,141,143,144,144,144,143,143,144,146,147,148,148,149,150,150,149,148,147,146,144,142,139,135,133,134,132,128,122,112,107,106,106,105,107,111,117,123,126,126,130,136,135,126,120,117,113,109,111,121,126,126,129,134,136,138,137,134,133,135,136,135,131,124,117,109,105,104,107,112,112,105,102,103,112,129,136,134,131,127,126,128,129,130,131,131,129,122,122,128,129,126,121,116,108,98,93
150,150,150,150,150,150,150,150,150,150,151,151,150,150,151,151,151,151,151,151,151,151,151,151,151,151,152,152,152,152,152,152,152,152,152,152,152,152,152,152,153,153,153,153,154,154,153,153,152,152,152,152,152,152,152,152,152,153,153,153,153,152,152,152,152,151,151,151,151,150,150,150,150,149,149,148,147,146,145,144,144,143,142,142,141,141,140,140,139,139,138,137,137,137,136,136,136,136,136,136,137,139,140,142,143,145,146,146,146,146,146,146,148,149,150,150,151,151,150,149,148,146,144,143,142,140,137,134,130,124,117,111,107,105,106,106,105,111,125,132,130,125,117,116,121,123,122,120,117,114,111,116,131,139,141,140,134,130,127,128,132,135,136,136,135,133,130,124,114,107,105,107,114,120,126,128,127,129,136,139,137,134,129,127,128,129,129,130,131,126,115,114,122,121,110,104,100,100,103,105
150,150,150,150,150,150,150,150,150,150,151,151,150,150,151,151,151,151,151,151,151,151,151,151,151,151,152,152,152,152,152,152,152,152,152,152,152,152,152,152,153,153,153,153,154,154,153,153,152,152,152,152,152,152,152,152,152,152,153,153,152,152,152,152,151,150,150,149,149,149,149,148,148,148,148,147,146,145,144,144,143,143,142,142,141,141,140,140,139,139,138,137,137,137,136,136,136,136,136,137,138,140,142,144,145,147,148,148,149,149,148,149,149,150,151,152,152,152,150,149,147,145,143,142,142,140,136,130,123,116,110,107,105,107,112,114,113,119,130,133,129,122,112,109,114,117,120,121,121,120,120,125,136,141,142,139,133,128,124,126,133,137,137,136,134,132,130,125,118,111,105,108,119,129,139,142,140,139,141,141,139,136,130,127,127,127,125,124,123,117,106,105,113,113,103,97,96,97,102,104
149,149,149,149,150,150,150,150,150,150,150,150,150,150,150,150,151,151,150,150,151,151,150,150,150,151,151,151,151,151,152,152,152,152,152,152,152,152,152,152,152,153,153,154,154,154,153,153,152,152,152,152,152,152,152,152,152,152,152,152,152,152,151,151,151,150,149,148,148,148,147,147,147,147,147,146,145,144,144,143,143,142,142,141,141,141,140,139,139,139,138,138,137,137,136,136,136,136,137,137,139,141,143,145,147,149,150,151,151,151,151,151,151,151,152,152,153,152,150,148,146,145,143,143,143,138,129,121,113,109,108,107,107,112,125,131,131,129,124,121,119,116,112,111,114,118,121,125,127,131,137,138,136,133,128,127,129,130,129,130,135,138,138,136,132,127,123,121,122,117,106,110,129,140,143,144,142,141,142,142,140,136,130,126,126,124,118,113,107,101,94,95,102,105,104,103,103,100,93,89
149,149,149,149,150,150,150,150,150,150,150,150,150,150,150,150,151,151,150,150,151,151,150,150,150,150,151,151,151,151,152,152,152,152,152,152,152,152,152,152,152,153,153,154,154,154,153,153,153,152,152,152,152,152,152,152,152,152,152,152,152,152,151,151,150,150,149,148,147,147,147,146,146,146,146,145,144,144,143,143,142,142,141,141,141,141,140,139,139,139,138,138,137,137,136,136,136,136,137,138,140,142,144,147,149,151,152,152,152,152,152,152,152,152,152,152,151,150,148,147,146,144,143,140,136,130,122,115,108,106,109,112,114,120,128,132,133,128,118,113,113,113,111,113,118,122,126,129,131,132,135,134,130,125,121,121,127,130,132,133,135,137,139,138,135,131,125,122,123,119,108,113,134,145,145,144,143,143,143,142,140,135,127,121,118,114,109,105,102,98,93,93,97,99,100,102,103,102,97,94
149,149,149,149,149,149,149,149,149,149,150,150,150,150,150,150,150,150,150,150,150,150,150,150,150,150,150,150,151,151,151,151,151,151,152,152,152,152,153,153,153,153,153,153,154,154,154,154,153,153,152,152,152,152,152,152,152,152,152,152,151,151,151,151,150,150,149,148,148,148,147,147,146,146,145,145,144,144,143,143,142,142,141,141,141,141,140,139,138,138,138,138,137,137,136,136,136,136,137,139,141,143,146,148,151,152,153,153,153,153,153,153,153,153,152,151,148,147,147,146,145,144,141,134,122,116,116,113,107,107,114,121,129,129,121,118,120,118,110,109,112,113,111,115,123,130,135,135,130,123,114,112,116,119,120,122,126,129,133,135,133,135,140,143,145,142,134,127,121,115,111,118,135,144,144,144,143,143,144,142,138,131,121,111,103,98,97,100,107,108,103,99,97,95,93,94,97,104,113,118
149,149,149,149,149,149,149,149,149,149,150,150,150,150,150,150,150,150,150,150,150,150,150,150,150,150,150,150,151,151,151,151,151,151,152,152,152,152,153,153,153,153,153,153,153,154,154,153,153,153,152,152,152,152,152,152,152,152,152,152,151,151,151,151,150,150,149,149,149,148,148,147,147,146,146,145,145,144,144,143,143,142,142,142,142,141,140,139,139,138,138,138,138,137,137,137,137,137,138,140,142,144,147,149,152,153,153,153,153,153,154,153,152,152,151,149,146,144,143,142,140,137,133,125,113,109,112,113,112,113,119,125,131,127,114,110,113,112,107,108,115,118,118,121,128,132,133,131,125,116,104,102,110,116,120,123,124,128,133,136,136,137,141,143,144,141,133,126,119,115,113,119,134,142,142,143,143,141,137,132,126,120,113,106,98,95,95,98,104,105,101,98,95,93,92,94,98,108,122,130
148,148,149,149,149,149,149,149,149,149,149,149,149,149,150,150,150,150,150,150,150,150,150,150,150,150,150,150,150,150,151,151,151,151,152,153,153,153,153,153,153,153,153,153,153,153,153,152,152,152,152,152,152,152,152,152,151,151,151,151,151,150,150,150,150,150,150,150,150,149,149,148,148,147,147,146,146,145,145,144,143,143,143,143,143,142,142,141,139,139,139,139,138,138,138,138,138,138,140,141,143,145,147,150,151,152,153,153,153,153,153,152,151,150,150,148,143,140,138,134,129,123,118,113,108,108,112,116,122,124,124,123,121,115,108,107,112,112,107,110,122,129,131,133,134,129,120,116,116,112,105,105,112,117,120,122,123,126,132,138,144,145,141,137,133,128,121,118,119,118,113,117,131,138,139,141,143,137,125,114,104,101,104,105,105,105,103,99,95,91,88,88,90,93,98,102,107,114,124,129
148,148,149,149,149,149,149,149,149,149,149,149,149,149,150,150,150,150,150,150,150,150,150,150,150,150,150,150,150,150,151,151,151,152,153,153,153,153,153,153,153,153,153,153,152,152,152,152,152,152,152,152,152,152,152,152,151,151,151,151,150,150,150,150,150,150,150,150,150,150,149,149,148,148,147,147,147,146,146,145,144,144,143,143,143,143,143,142,140,140,140,140,139,139,139,139,140,140,142,143,145,147,149,150,152,152,153,153,153,153,152,151,150,149,148,144,139,135,130,125,120,115,109,108,109,113,117,122,126,126,123,119,115,110,105,105,110,114,115,120,129,132,128,127,128,123,113,109,111,111,107,108,113,118,123,127,128,131,134,138,143,143,139,135,130,123,116,114,118,117,113,116,127,133,133,133,132,125,113,103,96,94,99,103,105,105,104,101,98,94,89,89,92,96,101,106,111,117,124,128
148,148,148,148,148,148,148,148,149,149,149,149,149,149,149,149,149,149,150,150,149,149,149,149,149,149,149,149,150,150,150,150,151,152,153,153,153,153,153,153,153,153,152,152,152,151,152,152,152,152,152,152,152,152,151,151,151,151,151,151,151,151,150,150,150,150,150,150,150,150,149,149,148,148,148,148,148,147,147,146,146,145,144,144,144,144,143,142,142,141,141,141,141,141,142,142,143,144,144,146,148,149,151,152,152,153,153,153,153,152,150,149,149,148,145,140,133,127,121,116,114,111,108,109,116,122,130,131,125,120,114,112,113,111,105,104,109,118,131,138,137,128,109,104,112,114,112,111,112,112,112,112,112,118,129,136,141,142,139,136,133,133,136,136,133,127,118,114,114,114,113,116,123,126,124,119,110,105,102,101,100,99,99,98,97,97,98,104,115,115,104,100,101,102,102,105,111,117,123,127
148,148,148,148,148,148,148,148,149,149,149,149,149,149,149,149,149,149,150,150,149,149,149,149,149,149,149,149,150,150,150,150,151,151,152,153,153,153,153,153,153,153,152,152,151,151,152,152,152,152,152,152,152,152,151,151,151,151,151,151,151,151,150,150,150,150,150,150,150,149,149,149,148,148,148,148,148,148,147,147,146,146,145,144,144,144,144,143,143,143,143,143,143,144,144,145,146,146,147,148,150,151,152,152,153,153,153,153,152,151,148,147,147,143,136,130,124,119,114,112,113,114,114,116,119,124,130,129,122,115,109,108,113,114,111,112,118,126,136,138,133,119,97,92,103,109,111,111,111,112,114,116,118,123,131,138,142,141,135,130,127,128,134,135,134,129,120,114,109,108,112,114,115,116,117,113,103,97,97,97,100,100,99,97,96,98,103,113,127,127,114,107,108,107,103,105,112,118,124,127
147,147,148,148,148,148,148,148,148,148,148,148,148,148,148,148,149,149,149,149,149,149,149,149,149,149,149,149,149,149,150,150,150,151,151,152,152,152,152,152,152,152,152,152,151,151,151,151,151,151,151,151,151,151,151,151,152,152,151,151,150,150,150,150,150,150,149,149,149,148,148,148,148,148,147,147,147,147,147,147,147,146,145,144,145,145,145,144,144,144,145,145,146,147,147,148,148,149,149,150,151,152,152,153,153,153,153,152,151,149,146,145,144,136,122,114,112,111,112,114,118,123,129,128,120,116,118,118,116,113,108,109,116,121,123,129,139,139,129,121,115,105,92,91,103,109,110,109,107,109,115,122,129,132,132,131,129,126,122,121,125,129,133,134,133,129,123,114,102,100,108,109,104,105,111,113,109,103,96,94,96,98,99,100,103,109,120,128,134,130,117,112,114,111,105,106,114,121,127,130
147,147,148,148,148,148,148,148,148,148,148,148,148,148,148,148,149,149,149,149,149,149,149,149,149,149,149,149,149,149,150,150,150,150,150,151,151,151,151,152,152,152,152,152,151,151,151,151,151,151,151,151,151,151,151,151,151,151,151,151,150,150,150,150,150,150,149,149,148,148,148,148,148,148,147,147,147,147,147,147,147,146,145,145,145,145,145,146,146,146,147,147,148,149,149,150,150,150,150,151,152,152,153,153,153,153,153,152,150,146,139,135,133,126,112,105,106,109,114,118,121,126,132,130,118,112,112,113,115,115,112,115,123,128,130,134,141,136,120,110,105,98,89,90,102,110,113,114,114,115,118,123,132,134,131,128,125,121,114,115,123,128,130,131,130,129,126,116,100,96,106,107,100,101,109,112,110,107,103,101,100,100,101,103,106,115,128,136,138,132,118,112,115,112,105,106,115,122,127,130
147,147,148,148,147,147,148,148,148,148,148,148,148,148,148,148,148,148,148,148,149,149,148,148,148,148,149,149,149,149,149,149,149,149,149,149,150,150,150,151,151,151,151,151,151,151,151,151,151,151,151,151,151,151,151,151,151,150,150,150,150,150,149,149,149,149,149,148,148,147,147,147,147,147,147,147,147,147,147,147,147,147,146,146,146,146,146,147,148,149,149,149,149,150,150,151,151,151,151,152,152,152,153,153,152,152,152,151,149,141,125,117,116,112,105,103,106,112,120,124,124,124,124,121,114,111,111,113,119,122,123,126,132,134,131,127,122,117,110,105,104,98,87,89,103,113,120,126,130,129,123,122,125,128,128,129,129,124,113,112,121,126,126,126,126,127,131,122,102,97,106,109,104,105,112,112,106,108,118,120,113,108,104,104,107,115,128,136,139,133,116,109,110,109,105,107,116,122,125,127
147,147,148,148,147,147,148,148,148,148,148,148,148,148,148,148,148,148,148,148,149,149,148,148,148,148,149,149,149,149,149,149,149,149,148,148,149,149,150,150,150,150,150,151,151,151,151,151,151,151,151,151,151,151,151,151,150,150,150,150,150,150,149,149,149,149,148,148,147,147,147,147,147,147,147,147,147,147,148,148,148,148,147,147,147,148,148,149,150,150,150,150,150,150,151,151,151,151,152,152,152,152,153,153,152,152,152,150,145,134,116,106,106,106,104,106,112,117,120,122,120,118,117,114,111,111,113,117,125,129,127,126,125,124,122,118,111,107,105,105,108,106,98,101,113,121,124,127,131,130,124,121,123,125,127,129,131,125,111,110,121,127,127,127,127,129,133,126,108,102,108,110,109,112,119,117,107,109,125,128,119,112,105,104,106,114,127,135,139,131,113,105,107,106,102,102,107,112,117,120
147,147,148,148,147,147,148,148,147,147,147,147,147,147,148,148,148,148,148,148,148,148,148,148,148,148,149,149,148,148,148,148,148,148,148,148,148,149,149,149,149,149,149,150,150,150,151,151,151,151,151,151,151,151,150,150,151,151,150,150,150,150,149,149,149,149,148,148,148,148,148,148,148,148,148,148,148,148,149,149,149,149,150,150,150,150,151,151,151,151,151,151,151,151,151,151,151,151,152,152,152,152,152,152,152,152,152,147,138,126,109,102,104,107,109,115,124,124,115,111,110,110,111,111,110,112,118,125,133,134,125,114,100,96,104,107,107,106,105,109,117,122,122,126,134,134,124,119,119,119,120,122,124,125,126,128,130,124,110,110,123,131,133,134,134,133,133,128,117,111,110,112,116,122,131,128,112,111,123,125,118,111,104,102,106,113,125,133,136,128,109,101,104,102,97,93,90,93,103,107
147,147,148,148,147,147,148,148,147,147,147,147,147,147,148,148,148,148,148,148,148,148,148,148,148,148,149,149,148,148,148,148,148,148,148,148,148,148,148,148,148,148,149,149,149,149,150,150,150,150,149,147,146,147,149,150,151,151,150,150,150,150,149,149,149,149,148,148,148,148,148,148,148,148,148,148,148,149,150,150,150,151,151,151,151,151,152,152,152,152,151,151,151,151,151,151,151,151,152,152,152,152,152,152,152,152,152,146,135,121,105,102,110,114,113,117,125,123,111,105,105,108,114,117,118,120,125,129,132,129,120,106,87,83,95,104,109,112,113,117,127,132,134,136,137,133,123,116,113,114,119,122,124,124,123,125,128,126,119,119,127,132,133,134,136,135,132,127,118,112,109,113,122,130,138,132,113,109,121,124,118,111,103,101,105,112,124,131,133,125,106,98,100,98,93,89,85,88,97,101
146,147,147,147,147,147,147,147,147,147,147,147,147,147,147,147,147,147,147,147,147,147,147,147,147,148,148,148,148,148,148,148,147,147,147,147,148,148,148,148,148,148,148,148,149,149,149,149,149,148,144,140,136,139,147,151,150,150,151,151,150,150,149,149,148,148,148,147,148,148,148,148,149,149,149,149,149,149,150,151,151,151,152,152,152,152,152,152,152,152,151,151,150,150,150,150,151,151,151,151,151,151,151,151,151,151,151,146,135,121,105,106,124,127,116,112,113,111,107,105,105,112,123,131,134,135,134,129,120,114,113,104,87,84,96,108,119,126,127,131,135,136,134,129,121,118,120,118,114,114,119,122,124,122,119,120,126,131,137,138,134,130,127,128,133,134,131,123,110,104,105,113,129,137,139,129,108,105,120,125,118,111,103,101,103,111,123,129,129,121,106,97,95,92,90,90,93,96,99,101
146,146,147,147,147,147,147,147,147,147,147,147,147,147,147,147,147,147,147,147,147,147,147,147,147,147,148,148,148,148,148,148,147,147,147,147,148,148,147,147,148,148,148,148,148,148,148,148,149,146,139,134,130,133,145,151,150,150,150,150,150,149,149,149,148,148,147,147,148,148,148,148,148,149,149,149,149,149,150,151,151,151,152,152,152,152,152,152,152,152,151,151,150,150,150,150,150,151,151,151,151,151,151,151,151,151,151,147,139,127,111,111,126,127,116,109,107,105,103,106,112,120,128,134,135,136,135,127,114,108,109,105,94,95,109,120,130,134,132,132,134,133,129,123,112,111,119,119,114,114,121,125,128,127,123,123,126,133,144,145,136,129,126,127,132,133,128,120,107,101,103,113,132,141,139,128,106,103,119,124,118,111,103,99,99,105,116,121,121,115,105,98,95,93,92,93,97,99,98,97
146,146,146,146,146,146,146,146,146,146,146,146,146,146,147,147,147,147,147,147,146,146,146,146,147,147,147,147,147,147,147,147,147,147,147,147,147,147,147,147,147,147,148,148,148,148,148,148,148,144,134,128,126,131,144,150,150,149,149,149,149,148,148,148,148,147,147,147,147,147,147,147,147,148,148,148,148,148,150,150,151,151,151,151,151,151,151,151,151,151,151,151,150,149,149,149,149,150,150,150,150,150,150,150,150,150,150,149,147,139,124,117,116,114,111,108,106,104,100,108,126,133,130,126,121,122,128,125,114,109,110,110,109,116,132,141,143,139,127,122,121,121,121,118,111,112,119,119,112,114,123,130,136,138,137,134,130,131,139,140,133,129,130,132,133,131,126,119,110,105,103,112,132,141,138,127,106,103,118,123,117,110,102,96,91,94,104,108,108,106,103,101,101,100,99,98,97,95,91,89
146,146,146,146,146,146,146,146,146,146,146,146,146,146,147,147,147,147,147,147,146,146,146,146,147,147,147,147,147,147,147,147,147,147,147,147,147,147,147,147,147,147,148,148,147,147,148,148,148,141,126,118,116,124,141,149,149,149,149,149,148,148,148,148,147,147,147,147,147,147,147,147,147,147,147,147,147,148,149,150,150,151,151,151,151,151,151,151,151,151,151,150,149,149,149,149,149,149,149,149,149,149,149,149,150,150,150,148,146,138,126,117,110,108,109,110,111,110,108,113,127,130,124,117,112,114,124,126,119,116,116,118,121,127,137,141,139,132,120,114,114,115,117,116,112,114,120,122,118,121,131,136,137,138,138,134,128,129,137,138,131,129,132,133,134,131,124,119,115,109,102,109,130,140,137,125,106,102,115,118,110,104,99,95,92,94,100,103,102,102,102,101,100,99,99,97,93,92,93,94
146,146,146,146,146,146,146,146,146,146,146,146,146,146,147,147,146,146,147,147,146,146,146,146,146,146,146,146,147,147,147,147,147,147,147,147,146,146,146,146,146,147,147,147,147,147,147,147,148,137,115,103,101,113,137,148,148,148,148,148,148,148,147,147,147,147,147,147,147,147,147,147,146,146,146,146,147,147,148,149,149,150,150,150,150,150,150,150,151,151,150,150,149,149,148,148,148,148,149,149,149,149,149,149,149,149,149,145,135,126,116,110,109,109,110,114,121,124,125,122,115,111,110,108,107,112,124,129,127,127,129,130,130,129,125,121,117,113,109,108,112,115,116,116,116,118,122,126,131,137,144,142,130,125,125,123,121,125,137,139,132,129,131,132,133,131,124,120,120,113,99,104,127,138,135,124,105,101,110,109,96,91,94,97,101,104,104,104,104,102,100,96,92,91,93,91,85,89,104,112
146,146,146,146,146,146,146,146,146,146,146,146,146,146,147,147,146,146,147,147,146,146,146,146,146,146,146,146,147,147,147,147,147,147,147,147,146,146,146,146,146,146,147,147,147,147,147,146,145,133,109,96,94,106,132,146,147,148,148,148,148,148,147,147,147,147,147,147,147,147,147,147,146,146,146,146,147,147,148,148,149,149,150,150,150,150,150,150,151,151,150,150,149,149,148,148,148,148,148,148,148,148,148,149,149,149,149,143,131,121,113,112,116,118,119,122,125,127,129,123,109,102,103,105,108,116,129,135,132,130,129,128,128,125,117,110,106,103,103,106,111,115,120,124,127,127,125,126,130,137,145,141,125,117,118,118,117,124,137,140,132,127,127,128,131,132,130,127,123,113,96,99,122,131,125,115,100,97,105,104,93,90,94,99,103,105,104,103,102,101,102,100,96,95,98,95,86,91,110,120
146,146,145,145,146,146,146,146,146,146,145,145,146,146,146,146,146,146,147,147,146,146,146,146,146,146,146,146,146,146,146,146,146,146,146,146,146,146,146,146,146,146,146,146,146,146,147,145,140,128,110,99,95,105,128,142,145,147,147,147,148,148,147,147,147,147,146,146,146,146,146,146,146,146,146,146,146,147,147,148,149,149,149,149,150,150,150,150,150,150,150,150,149,148,148,148,148,148,148,147,147,147,147,148,148,148,148,143,131,123,118,121,132,137,136,132,124,120,120,116,107,103,103,107,114,125,140,143,133,124,117,113,115,114,111,108,106,104,103,105,109,117,130,139,144,141,131,122,116,120,133,133,120,115,117,118,117,124,137,140,131,124,120,121,127,134,142,138,124,108,92,94,115,120,109,99,91,91,98,102,101,101,101,100,97,96,99,99,96,99,108,112,111,111,112,107,95,96,111,119
146,146,145,145,146,146,146,146,146,146,145,145,146,146,146,146,146,146,147,147,146,146,146,146,146,146,146,146,146,146,146,146,146,146,146,146,146,146,146,146,146,146,146,146,146,146,147,143,135,123,108,99,97,105,122,134,143,147,147,147,148,148,147,147,147,147,146,146,146,146,146,146,146,146,146,146,146,146,147,147,148,149,149,149,149,150,150,150,150,150,150,149,149,148,148,148,148,148,147,147,147,147,147,147,148,148,148,143,134,127,123,126,136,139,138,131,120,115,115,113,109,110,115,119,122,127,136,135,127,118,109,106,108,109,108,109,111,111,109,111,114,121,132,138,141,137,126,117,109,112,127,129,118,114,116,117,116,123,137,141,134,129,123,124,130,136,143,138,121,105,91,92,108,111,102,95,92,92,95,98,100,101,101,100,98,97,96,96,97,103,112,117,118,118,119,113,99,99,111,117
145,145,145,145,145,145,145,145,145,145,146,146,145,145,145,145,146,146,146,146,146,146,146,146,146,146,146,146,146,146,146,146,146,146,145,145,145,145,146,146,146,146,146,146,146,146,146,141,130,117,104,98,100,105,113,124,139,147,147,147,147,147,147,146,146,146,146,146,146,146,146,146,146,146,146,146,145,146,146,147,147,148,148,148,148,149,149,149,150,150,149,149,149,149,148,148,147,147,147,147,147,147,146,147,147,147,147,144,138,133,130,128,127,126,124,120,113,110,112,113,115,123,137,140,130,123,116,113,113,111,107,106,109,109,108,112,120,123,121,122,127,128,126,123,118,114,113,111,109,114,127,128,118,114,116,116,114,120,136,143,142,140,136,136,140,140,134,126,116,104,92,91,99,103,104,105,104,101,96,92,89,89,93,99,108,107,96,95,105,111,115,117,116,116,117,111,99,98,110,116
145,145,145,145,145,145,145,145,145,145,146,146,145,145,145,145,146,146,146,146,146,146,146,146,146,146,146,146,146,146,146,146,146,146,146,145,145,145,146,146,146,146,146,146,146,146,145,138,125,113,101,98,104,107,106,116,135,145,146,147,147,147,146,146,146,146,146,146,146,146,146,146,146,146,146,146,145,145,146,146,147,147,147,148,148,148,148,149,150,150,149,149,149,148,148,148,147,147,147,147,147,147,146,146,147,147,147,144,137,132,127,122,119,117,116,115,112,114,118,121,123,129,140,139,127,116,106,103,106,108,107,108,110,113,116,120,126,128,126,125,127,125,119,113,106,104,106,108,109,116,127,128,121,118,119,120,120,125,135,141,142,140,135,135,140,138,129,122,117,109,97,92,95,98,103,105,102,100,99,94,87,87,95,104,114,112,97,96,108,115,116,116,114,114,116,110,97,97,108,114
144,144,145,145,144,144,145,145,145,145,145,145,145,145,145,145,145,145,146,146,146,146,146,146,146,146,146,146,145,146,147,147,147,147,146,146,146,146,145,145,145,145,146,146,146,145,142,134,122,111,101,100,108,109,102,109,128,140,144,146,147,147,146,146,146,146,146,146,146,146,146,146,146,146,146,146,145,145,145,146,146,146,146,147,147,147,148,149,150,150,149,149,148,147,147,147,147,147,147,147,147,147,146,146,146,146,146,142,133,123,114,109,110,112,115,117,119,125,134,137,134,129,122,116,112,108,104,104,107,109,111,112,113,119,131,134,128,124,122,119,115,112,112,110,106,104,106,107,109,116,127,130,127,125,126,129,134,136,134,133,133,129,122,122,130,131,126,124,125,118,104,97,96,97,98,95,88,91,105,106,94,94,105,113,116,112,99,98,108,113,114,114,112,112,114,108,95,95,107,113
144,144,145,145,144,144,145,145,145,145,145,145,145,145,145,145,145,145,146,146,146,146,146,146,146,146,146,146,145,146,148,149,148,147,147,146,146,146,145,145,145,145,146,146,146,144,139,132,121,111,100,99,106,107,100,104,120,133,142,146,147,147,146,146,146,146,146,146,146,146,146,146,146,146,146,146,145,145,145,145,146,146,146,146,146,147,148,149,149,150,149,149,148,147,147,147,147,147,147,147,147,147,146,146,146,146,146,141,131,119,106,102,108,114,121,126,127,130,135,137,134,126,112,105,105,105,105,108,113,118,121,122,119,122,131,131,123,119,118,114,109,107,110,110,106,105,108,110,113,120,131,135,132,130,130,132,136,135,129,127,127,122,113,113,122,126,125,124,122,115,102,97,100,101,101,95,85,89,109,111,97,96,110,116,116,111,101,100,107,111,112,112,111,111,113,107,94,93,105,111
144,144,144,144,144,144,144,144,145,145,145,145,144,144,145,145,145,145,145,145,145,145,145,145,145,145,146,146,146,147,150,151,149,148,147,147,147,146,145,144,145,145,145,145,145,143,138,131,124,114,100,95,98,100,99,103,110,122,138,146,146,146,146,146,146,146,146,146,146,146,145,145,146,146,145,145,146,146,145,145,145,145,145,146,146,147,148,149,149,149,149,149,148,148,147,147,146,146,147,147,147,147,146,146,146,146,146,141,131,119,104,102,112,124,137,141,136,129,121,119,124,121,111,106,105,105,108,115,126,134,139,137,130,123,116,113,113,112,112,111,108,109,113,112,107,107,112,116,120,128,139,142,136,133,131,128,124,122,122,122,124,119,108,107,116,121,124,119,109,99,91,93,105,111,110,104,93,95,110,110,94,93,108,115,114,110,103,102,107,109,110,110,110,110,112,106,92,91,104,110
144,144,144,144,144,144,144,144,144,145,145,145,144,144,145,145,145,145,145,145,145,145,145,145,145,145,146,146,146,148,151,151,149,147,147,147,147,146,145,145,145,145,145,145,144,139,131,125,121,113,98,91,92,93,94,97,102,114,133,144,145,146,146,146,146,146,146,146,146,146,145,145,146,146,145,145,146,146,145,145,145,145,145,145,146,147,148,149,149,149,149,149,148,148,147,147,146,146,147,147,147,147,146,146,146,146,146,142,134,125,115,114,122,131,140,140,132,122,110,109,117,117,110,108,109,112,116,122,130,135,137,135,128,120,109,105,108,109,109,109,110,112,118,119,115,115,120,123,126,130,136,137,132,129,128,124,118,116,118,120,122,117,105,103,110,116,121,116,103,91,82,87,104,113,113,107,97,98,110,108,92,91,106,113,113,110,105,104,106,107,108,108,108,107,106,99,87,86,97,103
143,143,143,143,143,143,144,144,144,144,144,144,144,144,144,144,144,144,144,144,145,145,145,145,145,145,146,146,146,147,149,149,147,147,147,147,147,147,146,146,146,146,146,145,142,134,119,112,113,107,95,88,87,86,85,88,95,108,127,139,144,146,146,146,145,145,145,145,145,145,145,145,146,146,146,146,146,146,145,145,146,146,145,145,146,147,148,148,148,148,148,148,148,147,147,147,146,146,146,146,146,146,146,146,145,145,145,143,138,137,138,139,137,135,132,125,115,108,103,105,114,116,109,110,119,125,130,130,125,121,116,114,113,111,108,107,109,110,109,110,112,117,125,130,131,131,132,131,129,126,121,119,119,119,119,119,117,117,118,119,119,114,104,101,105,110,116,114,104,92,77,79,98,108,109,105,96,97,109,107,90,89,104,112,111,110,108,107,106,105,106,107,106,102,95,87,78,78,87,91
143,143,143,143,143,143,144,144,143,143,144,144,144,144,144,144,144,144,144,144,145,145,145,145,145,145,146,146,146,146,148,148,147,146,147,147,147,147,147,147,147,147,146,142,133,121,108,103,106,102,91,84,81,80,82,86,94,105,120,132,141,146,146,146,145,145,145,145,145,145,145,145,146,146,146,146,146,146,145,145,146,146,145,145,146,147,148,148,148,148,148,148,147,147,147,147,146,146,146,146,146,146,146,146,145,145,145,143,140,138,138,136,133,130,125,118,107,102,102,107,118,121,114,115,122,128,133,131,120,112,106,104,106,107,107,109,111,112,113,116,120,125,130,133,132,131,130,128,125,120,113,111,112,114,115,116,117,117,117,118,120,118,111,109,112,117,122,122,115,102,83,80,95,104,106,104,96,98,108,105,89,88,103,110,110,109,109,107,102,99,99,99,100,97,90,85,80,82,88,92
143,143,143,143,142,143,143,143,143,143,143,143,143,143,144,144,144,144,144,144,144,144,144,144,145,145,145,145,145,146,146,147,146,146,146,146,146,146,147,147,147,147,147,136,115,102,97,97,100,96,86,78,72,74,84,93,99,105,112,123,138,145,145,145,145,145,145,145,145,145,145,145,145,145,145,145,145,145,145,145,146,146,145,145,146,147,148,148,147,147,147,147,147,146,146,146,146,146,146,146,146,146,145,145,145,144,144,142,139,129,113,106,110,114,121,118,107,103,107,115,129,132,125,121,119,121,127,124,113,107,106,106,107,107,107,109,114,117,120,126,133,135,132,127,120,115,114,113,113,113,112,112,112,113,115,116,116,116,115,118,125,127,126,128,131,136,141,141,136,122,100,90,95,99,104,104,99,100,107,104,89,88,102,109,108,108,109,105,95,89,86,86,88,90,92,93,94,97,103,105
143,143,143,143,142,142,143,143,143,143,143,143,143,143,143,144,144,144,144,144,144,144,144,144,145,145,145,145,145,145,146,146,146,146,146,146,146,146,147,147,147,147,147,133,106,92,91,92,96,93,83,75,69,71,81,88,92,96,101,113,134,145,145,145,145,145,145,145,145,145,145,145,145,145,145,145,145,145,145,145,146,146,146,146,146,147,147,148,147,147,147,147,146,146,146,146,146,146,146,146,146,146,145,145,144,144,144,141,136,122,100,93,101,111,122,123,114,112,115,123,136,137,126,119,114,116,123,120,109,104,105,107,111,114,117,119,120,122,126,129,133,132,126,119,112,108,106,105,107,109,112,112,111,112,114,116,118,119,121,126,134,137,134,133,133,134,135,136,136,125,103,91,91,94,102,104,101,101,105,100,88,87,96,102,104,105,106,103,96,91,87,86,89,91,94,96,97,99,103,105
142,142,142,142,142,142,142,142,142,142,142,142,143,143,143,143,143,143,143,143,143,143,144,144,144,144,144,144,145,145,145,145,146,146,146,146,146,146,146,146,146,146,146,132,105,90,89,90,94,92,83,77,73,71,71,71,73,78,86,104,131,145,145,145,145,145,145,145,145,145,145,145,145,145,145,145,145,145,145,145,146,147,146,146,147,147,147,147,147,146,146,146,146,145,145,145,145,145,145,145,145,145,145,144,144,143,143,139,132,118,100,96,108,119,129,132,129,128,127,131,138,134,117,108,107,111,120,119,108,103,105,110,119,129,139,139,130,127,129,127,120,115,112,111,110,108,105,104,106,109,112,112,109,109,111,115,121,127,134,142,149,146,133,124,118,112,106,108,117,112,93,83,83,89,99,104,102,101,100,96,88,85,86,90,96,99,99,101,105,105,101,100,101,101,98,95,89,87,89,90
142,142,142,142,142,142,142,142,142,142,142,142,143,143,142,142,143,143,143,143,143,143,144,144,144,144,144,144,145,145,145,145,145,146,146,146,146,146,146,146,146,146,146,132,104,90,88,89,93,91,82,77,74,71,68,66,65,69,79,99,130,145,145,145,145,145,145,145,145,145,145,145,145,145,145,145,145,145,145,146,146,147,146,146,147,147,147,146,146,146,146,146,145,145,145,145,145,145,145,145,145,145,144,144,143,143,143,138,129,119,108,108,121,129,133,134,130,128,126,129,136,131,112,104,105,111,120,122,115,113,115,118,123,129,138,138,127,123,125,121,111,106,105,106,108,108,105,105,108,112,115,117,115,116,118,121,124,129,133,137,139,135,126,116,106,97,89,90,101,99,83,76,79,86,95,101,103,102,97,94,92,91,89,92,98,100,96,98,105,106,102,100,100,99,97,94,88,86,87,87
142,142,142,142,142,142,142,142,141,141,142,142,142,142,142,142,142,142,142,142,142,143,143,143,143,143,143,144,144,144,144,144,144,145,145,145,145,145,145,145,145,145,145,131,105,91,89,89,92,89,80,75,73,72,73,71,67,70,80,100,130,145,145,145,145,145,145,145,145,145,146,146,145,145,145,145,146,146,146,146,146,146,146,146,146,146,146,145,145,145,145,145,145,145,145,145,145,145,144,144,144,144,144,143,143,143,142,137,128,123,124,129,140,142,135,127,117,112,113,119,130,128,111,105,108,115,124,129,130,133,137,133,122,117,116,115,112,111,113,111,107,105,104,105,107,108,106,108,113,118,123,127,131,133,134,133,129,124,118,111,104,104,111,109,97,89,83,83,89,86,73,71,78,85,90,95,102,102,96,96,101,104,105,106,109,106,98,94,94,92,88,86,85,87,91,93,94,94,95,95
142,142,142,142,142,142,142,142,141,141,142,142,142,142,142,142,142,142,142,142,142,142,143,143,143,143,143,143,144,144,144,144,144,144,144,144,145,145,145,145,145,144,143,130,106,92,89,89,90,88,83,79,74,74,76,74,67,69,80,101,130,145,145,145,146,147,148,147,146,146,146,146,145,145,145,145,146,146,146,146,146,146,146,146,146,146,145,145,145,145,145,145,145,145,145,145,145,145,144,144,144,144,143,143,143,143,142,138,129,125,124,128,137,139,133,124,110,104,105,113,127,127,115,112,117,122,129,131,131,133,138,133,118,109,105,104,104,105,106,106,106,107,108,110,112,115,117,120,124,126,128,130,132,131,129,124,118,111,103,94,84,87,102,104,94,86,80,81,89,86,72,71,83,91,93,97,103,103,98,97,102,104,106,106,105,101,94,90,89,88,85,83,83,85,91,95,97,98,99,99
141,141,141,141,141,141,141,141,141,141,141,141,141,141,141,141,141,141,142,142,142,142,142,142,143,143,143,143,143,143,143,143,144,144,144,144,144,144,144,144,144,143,141,129,107,94,90,87,86,88,93,89,78,75,79,76,65,66,80,102,131,145,145,146,148,150,153,152,149,147,146,146,145,145,146,146,146,146,146,146,146,146,146,146,146,146,146,146,145,145,144,144,145,145,145,145,144,144,144,144,143,143,143,142,143,143,142,139,134,124,109,105,111,118,127,124,111,103,103,110,125,130,124,125,131,134,133,128,116,113,118,117,109,105,105,104,104,104,105,106,107,111,117,121,123,129,138,142,141,136,129,123,119,111,101,95,93,91,88,85,81,86,100,103,95,88,80,85,101,100,80,78,94,103,106,107,106,105,102,99,94,92,92,91,87,86,86,88,91,93,92,92,93,95,97,99,99,99,98,98
141,141,141,141,141,141,141,141,141,141,141,141,141,141,141,141,141,141,142,142,142,142,142,142,143,143,143,143,143,143,143,143,143,144,144,144,144,144,144,144,144,141,136,124,107,95,90,86,84,87,96,93,78,74,80,76,63,64,81,100,124,138,144,148,150,152,155,154,149,147,146,146,145,145,146,146,146,146,146,147,147,148,148,147,147,147,146,146,145,145,144,144,145,145,145,145,144,144,144,144,143,143,142,142,143,143,143,140,135,122,102,94,99,108,121,124,117,113,113,118,127,129,124,124,129,131,130,122,108,103,108,109,105,104,107,108,108,110,113,116,119,122,127,129,128,131,138,140,137,131,123,116,111,101,86,79,80,80,80,79,79,85,98,102,95,89,83,88,104,104,88,86,97,104,106,106,102,101,102,98,89,86,88,87,83,83,86,90,94,96,96,96,98,99,100,100,99,99,98,98
140,140,141,141,140,140,141,141,140,140,140,140,140,140,140,140,141,141,141,141,141,141,142,142,142,142,142,142,142,142,142,142,142,143,143,143,143,143,143,143,143,138,129,117,104,95,90,86,83,86,94,90,75,71,78,75,62,64,81,97,109,124,142,151,152,153,154,152,147,145,146,146,146,146,146,146,145,146,146,148,150,151,151,150,150,149,146,145,145,145,144,144,145,145,144,144,144,144,143,143,144,143,142,142,143,143,143,140,132,119,102,96,101,107,115,122,129,134,136,135,132,125,113,109,111,114,118,115,105,103,108,109,105,106,111,115,116,122,130,136,140,141,138,134,127,121,117,115,114,112,108,107,108,100,85,78,79,79,77,77,78,85,97,100,93,89,88,90,96,98,98,96,93,92,96,95,90,91,96,94,87,86,92,93,92,92,94,95,97,98,97,97,98,99,100,100,99,98,98,97
140,140,140,140,140,140,140,140,140,140,140,140,140,140,140,140,140,141,141,141,141,141,142,142,142,142,142,142,142,142,142,142,142,142,142,142,142,142,142,142,143,137,124,113,103,95,89,84,82,84,92,88,73,70,80,78,63,64,82,95,104,119,142,154,154,154,154,152,148,146,146,147,147,147,147,147,147,147,148,150,152,153,153,153,152,151,148,147,146,145,145,145,145,145,144,144,144,144,144,144,144,144,143,143,144,144,144,141,133,122,108,105,111,115,118,124,133,137,136,133,128,120,108,102,102,105,112,112,106,106,112,114,114,117,123,126,126,129,135,138,140,138,133,127,119,112,105,101,101,101,101,103,106,100,85,78,80,80,80,83,89,97,106,109,107,106,107,106,103,101,100,97,91,89,91,91,87,89,95,94,88,88,94,97,96,97,98,98,99,98,97,97,98,99,100,100,98,97,97,97
139,139,139,139,139,139,139,139,139,139,139,139,140,140,140,140,140,140,140,140,140,141,141,141,141,141,141,141,141,141,141,141,141,141,141,141,141,141,141,142,142,136,122,111,103,95,86,81,80,83,91,88,72,71,85,83,66,65,82,96,106,122,145,156,155,154,154,152,150,148,148,148,148,148,149,150,149,149,150,152,155,156,155,155,154,153,151,150,148,147,146,145,145,145,144,144,144,144,145,145,145,145,144,145,145,145,145,143,139,131,120,119,129,132,129,128,128,123,113,110,114,114,108,104,102,104,110,112,111,113,120,126,131,137,143,143,137,132,128,123,117,114,112,109,106,103,101,100,100,101,101,103,106,100,85,78,80,83,87,97,112,121,125,130,135,139,141,136,125,111,95,88,91,92,93,93,93,95,99,97,91,90,95,97,96,97,98,98,98,98,97,97,98,99,99,98,97,96,96,96
139,139,139,139,139,139,139,139,139,139,139,139,140,140,140,139,139,139,140,140,140,140,140,141,141,140,140,140,140,141,141,141,141,141,140,140,141,141,141,141,142,136,124,113,105,96,86,80,79,82,90,87,72,72,86,84,67,67,82,96,108,124,146,156,155,154,153,152,151,150,150,150,150,150,151,151,151,151,152,154,156,157,157,156,156,155,153,151,150,148,147,147,146,146,146,145,145,145,146,147,146,146,146,146,146,146,146,144,140,134,124,123,130,133,130,127,122,113,100,98,106,110,108,107,109,112,118,121,120,122,125,129,133,137,141,140,133,126,118,112,106,103,102,100,99,98,99,99,100,101,102,106,112,110,99,96,100,104,107,114,127,133,134,138,144,146,145,140,130,112,87,80,89,93,94,95,96,98,101,99,94,93,96,97,96,96,97,98,98,97,97,97,97,97,97,97,96,96,96,96
138,138,138,138,138,138,138,138,138,138,139,139,139,139,139,139,139,139,139,139,139,139,139,140,140,139,139,139,139,140,140,140,140,140,140,140,140,140,141,141,141,137,129,119,109,99,88,81,80,82,88,85,73,72,82,81,67,68,83,96,108,125,145,154,154,153,153,152,152,152,151,151,152,153,153,152,152,153,154,155,157,158,158,157,156,155,154,152,151,150,149,149,149,149,149,148,147,147,148,148,148,147,147,146,146,145,145,142,137,130,121,115,114,116,121,120,114,107,99,98,104,107,106,111,121,129,136,138,135,132,128,124,119,117,118,117,112,109,107,106,106,105,102,100,99,99,99,99,99,101,106,113,123,128,128,131,139,141,138,136,133,133,134,134,133,129,120,116,117,104,78,72,85,93,94,96,97,98,100,100,97,96,96,96,96,96,96,97,97,97,95,95,94,94,96,96,96,95,95,95
138,138,138,138,138,138,138,138,138,138,138,139,139,138,138,138,139,139,139,139,139,139,139,139,139,139,139,139,139,139,140,140,140,140,140,140,140,140,141,141,141,137,129,120,111,102,91,84,82,83,86,84,75,74,79,77,67,69,83,97,109,125,144,153,153,153,153,153,153,153,152,152,153,154,154,153,153,153,154,156,157,158,158,157,156,155,153,152,151,151,150,150,150,150,150,150,149,148,148,148,148,147,147,146,145,145,144,140,134,125,115,109,106,108,116,117,110,106,105,107,112,114,112,117,126,131,132,131,126,123,121,116,109,106,107,105,102,100,102,103,106,106,106,105,106,106,107,109,113,116,118,123,133,137,136,138,143,144,141,136,129,126,128,128,127,120,107,104,111,100,73,67,82,91,94,96,96,98,100,100,99,98,97,96,95,95,95,96,96,95,91,89,87,88,90,90,87,88,91,93
137,137,138,138,137,137,137,137,137,137,137,138,138,137,137,138,138,138,138,138,138,138,138,138,138,138,138,138,139,139,139,139,140,140,140,140,140,140,140,140,141,135,124,116,111,104,95,89,87,85,84,82,79,77,76,73,68,71,84,97,111,126,144,152,152,153,155,155,155,154,152,152,153,154,154,154,153,153,154,156,157,158,157,157,155,154,152,151,151,151,150,150,151,151,151,150,149,148,148,147,147,147,146,145,145,145,144,139,130,120,108,103,105,109,116,116,109,110,120,126,130,130,127,125,125,118,106,98,94,96,103,106,105,105,106,105,101,100,102,104,105,108,112,115,118,121,122,129,142,145,139,137,140,136,124,116,112,112,115,116,114,114,117,120,124,120,108,105,110,100,72,65,79,88,92,95,96,97,99,99,99,98,97,96,95,95,95,95,95,91,84,79,77,77,79,77,71,74,85,90
137,137,138,137,137,136,137,137,137,137,137,137,137,137,137,137,138,138,138,138,137,137,138,138,138,138,138,138,139,139,139,139,139,140,140,140,140,140,140,140,141,134,119,112,111,106,97,91,89,86,83,81,80,78,76,73,69,73,85,98,112,127,144,152,152,153,156,156,156,155,154,153,154,154,155,154,152,152,154,155,157,157,157,156,154,153,152,151,151,151,150,150,150,150,150,150,149,148,147,146,146,146,145,145,145,144,144,138,128,118,109,107,112,117,124,124,118,117,123,128,130,128,122,118,115,106,90,81,78,82,94,101,102,103,105,105,105,106,109,113,118,121,123,126,130,130,128,132,143,145,137,133,133,125,108,97,93,95,101,105,105,107,112,117,122,119,107,103,108,97,73,66,77,85,91,94,95,96,98,97,95,93,92,91,89,89,91,93,95,92,83,79,80,81,83,81,75,78,90,96
136,137,137,137,137,137,137,137,136,136,136,136,136,136,137,137,137,137,138,138,138,138,137,137,137,137,138,138,138,138,138,138,138,139,139,139,140,140,139,140,140,132,115,108,111,108,98,92,89,86,83,80,79,78,78,75,70,74,86,99,113,128,144,152,152,153,155,156,156,156,156,156,155,155,155,154,151,151,153,155,156,156,156,155,154,153,152,151,150,150,150,149,147,147,149,149,148,147,145,145,144,144,145,145,144,144,144,139,128,122,119,121,127,133,138,139,135,128,116,112,114,109,98,95,98,94,83,78,78,83,94,101,102,103,103,107,113,119,124,133,144,146,140,138,140,135,123,117,117,116,113,112,112,104,88,82,86,92,100,103,103,106,113,118,121,117,106,101,102,94,75,69,75,82,89,93,94,95,97,94,87,83,83,81,76,77,84,91,97,96,88,88,97,102,102,102,99,101,106,109
136,136,137,137,137,137,137,137,136,136,136,136,136,136,137,137,137,137,137,138,138,138,137,137,137,137,137,137,138,138,138,138,138,138,139,139,140,140,139,139,140,131,114,107,111,108,99,92,89,86,84,81,78,78,82,80,72,74,86,99,114,129,144,152,152,153,155,156,156,156,157,157,156,155,155,153,150,150,152,153,154,154,154,154,153,152,151,151,150,149,149,147,145,145,148,148,147,145,144,143,143,144,144,145,144,144,144,140,132,127,124,124,127,131,135,136,134,124,106,99,103,99,86,83,89,89,83,81,84,91,103,110,114,115,115,117,122,126,129,135,145,146,138,134,135,129,116,108,104,101,101,100,100,92,78,75,84,92,99,103,103,105,111,116,119,117,110,105,103,94,78,71,74,79,86,92,95,96,95,92,86,85,87,86,82,83,90,96,102,102,96,96,102,105,105,105,105,105,103,103
136,136,136,136,136,136,136,136,136,135,135,135,136,136,136,136,136,136,136,137,137,137,137,137,137,137,136,136,137,138,138,138,138,138,138,139,139,139,139,139,139,131,115,108,111,108,99,93,89,87,87,84,77,78,87,86,75,74,86,100,116,131,145,152,151,152,155,156,157,157,156,156,156,155,153,152,150,149,149,150,150,151,152,152,152,151,151,150,150,148,146,144,144,145,147,147,145,143,142,142,144,144,144,144,144,144,143,142,140,134,125,118,113,112,114,115,113,105,91,89,99,98,85,82,89,91,88,90,98,107,119,130,138,141,138,135,132,128,124,122,121,119,116,114,113,111,108,105,103,102,100,98,97,90,77,76,86,94,99,103,103,105,107,111,116,119,120,116,108,97,81,73,73,76,82,90,99,100,93,91,94,98,104,107,106,106,108,109,111,110,107,102,96,92,90,91,93,90,82,78
136,136,136,136,136,136,136,135,135,135,135,135,136,136,136,136,136,136,136,136,136,137,137,136,135,134,133,133,134,135,135,136,136,136,136,135,135,135,137,138,139,130,113,106,109,107,99,94,91,90,91,86,75,74,84,84,75,75,86,99,116,131,144,151,151,152,154,156,156,156,156,156,155,154,152,150,149,148,147,147,148,149,150,150,150,149,148,148,147,146,144,143,143,144,146,146,144,142,142,143,144,145,144,144,144,143,143,142,140,132,118,109,104,103,104,104,102,96,86,88,101,103,95,95,103,106,104,105,111,118,125,131,134,136,136,133,128,122,117,112,107,105,104,103,102,102,103,104,103,101,99,98,99,94,81,81,93,102,107,111,114,116,118,121,126,129,129,123,112,100,87,81,80,82,88,95,104,105,97,94,97,101,106,110,112,110,106,103,102,101,100,94,83,77,78,79,81,78,70,66
135,135,135,135,135,135,135,134,134,134,134,135,135,135,135,135,135,135,135,135,135,136,136,134,131,129,129,128,127,128,130,131,132,132,131,130,127,129,135,138,138,128,108,101,107,106,100,96,94,94,95,88,73,67,71,73,73,77,86,98,112,127,142,150,151,152,153,154,155,156,156,156,155,153,151,149,147,146,145,145,146,147,148,148,146,145,144,144,144,143,143,143,143,144,145,145,144,144,144,144,144,144,144,143,143,142,142,138,131,120,104,98,102,104,105,104,101,97,92,95,108,115,117,123,133,136,130,126,125,123,120,114,104,102,109,111,109,108,106,105,104,103,102,102,101,101,103,103,102,100,98,100,106,103,90,91,106,116,121,127,134,140,143,146,148,145,137,126,113,103,96,94,96,99,104,108,111,111,108,102,95,92,93,95,99,95,84,77,75,74,75,71,61,60,66,69,69,68,66,65
135,135,135,135,134,134,134,134,134,134,134,134,135,135,135,135,135,135,135,135,135,135,135,133,129,127,127,124,120,118,121,122,122,122,122,121,120,124,133,138,138,127,105,97,105,105,99,96,96,96,98,90,73,66,67,69,74,79,87,96,107,121,139,148,150,151,152,152,153,153,154,153,152,150,148,146,145,144,144,144,145,146,146,145,144,143,143,143,143,143,143,143,144,144,145,145,144,144,144,144,144,144,143,143,142,142,141,136,127,114,98,94,103,109,111,111,111,108,104,107,115,120,122,127,136,136,129,125,123,119,113,102,85,83,94,100,100,100,101,101,101,102,103,104,103,105,109,112,114,114,111,113,122,120,109,108,118,125,128,133,138,141,142,143,143,139,129,118,106,100,101,100,100,101,105,105,103,101,100,96,87,83,82,83,86,83,72,65,63,62,63,59,51,51,60,64,63,63,63,64
134,134,134,134,134,133,134,134,134,134,133,134,134,134,134,134,134,134,134,134,134,134,135,133,130,128,127,121,111,106,107,107,106,106,107,110,115,122,132,137,137,126,103,95,103,104,98,96,96,98,100,93,77,70,71,74,77,82,86,93,100,114,134,146,148,149,150,150,149,149,150,149,146,144,143,142,142,142,142,143,145,145,144,143,143,143,144,144,144,144,144,144,145,145,144,144,144,144,144,143,143,143,143,142,142,141,141,136,128,116,98,96,109,117,121,126,132,131,125,122,122,118,111,109,110,108,102,100,103,104,102,94,79,78,92,99,100,100,100,100,100,102,107,109,109,112,120,128,138,141,136,138,146,146,139,133,130,128,128,127,124,120,114,111,111,109,105,100,92,93,100,100,92,88,89,86,79,76,75,75,74,73,73,74,75,74,70,67,65,64,64,60,53,53,60,64,63,62,62,63
134,134,134,133,133,133,133,134,134,134,133,133,134,134,134,134,134,134,134,134,134,134,135,134,131,129,128,120,106,97,94,92,91,90,90,96,109,121,131,136,137,125,101,93,101,101,95,93,95,98,101,95,80,73,75,78,81,84,86,90,97,111,133,145,147,148,148,147,146,146,146,145,142,141,141,142,142,142,143,144,144,144,143,142,143,143,144,145,144,144,145,145,145,145,144,144,144,144,143,143,143,142,142,142,141,141,140,137,132,122,107,105,117,123,123,126,132,130,120,115,115,111,103,98,97,94,88,88,93,96,97,91,80,80,93,102,106,109,108,109,111,115,122,123,119,121,129,138,146,146,138,138,144,144,139,133,125,120,119,116,111,106,99,96,95,94,93,92,90,92,97,95,86,82,83,80,72,66,65,65,66,68,68,69,69,69,68,67,66,65,64,60,54,54,60,63,62,62,62,62
133,133,133,132,132,132,132,133,133,133,133,133,133,133,133,133,134,134,134,134,134,134,134,134,132,131,130,121,104,91,82,77,78,76,71,80,104,121,131,136,136,124,100,91,98,97,90,89,92,97,102,97,81,75,78,81,84,85,84,88,97,113,135,146,146,146,144,143,142,142,142,141,141,142,144,145,146,146,146,146,145,144,143,143,144,144,145,145,145,145,144,144,144,144,144,144,143,143,143,143,142,141,141,141,141,140,140,139,140,134,123,121,126,125,118,113,111,104,91,88,94,97,97,96,96,93,87,87,93,96,97,94,87,88,97,108,120,126,125,128,133,140,147,145,134,131,137,140,138,130,118,113,116,115,110,107,104,103,102,101,99,98,96,95,95,94,93,94,99,98,91,86,81,81,88,87,80,73,68,66,66,66,67,67,67,67,66,65,64,63,63,60,56,56,60,62,61,62,62,63
133,132,132,132,132,132,132,132,133,133,132,132,133,133,133,133,134,134,134,134,134,134,134,134,133,132,131,124,110,96,81,73,72,68,62,74,102,122,131,136,136,124,100,91,95,94,87,86,90,96,102,98,83,76,78,81,86,86,82,85,98,114,135,145,144,143,141,140,140,140,139,139,140,142,146,148,148,149,149,147,145,144,144,144,144,145,145,145,145,144,144,144,144,144,144,143,143,143,143,142,141,141,141,141,140,140,139,139,138,133,123,120,123,120,111,105,100,91,76,74,84,92,97,99,99,98,95,98,106,110,111,110,108,108,110,117,128,132,130,131,135,140,145,141,129,125,131,131,126,117,106,101,102,101,97,95,94,94,93,93,93,93,94,95,95,94,92,95,102,99,86,79,77,81,90,90,83,77,70,67,66,65,66,66,65,65,64,64,63,63,62,60,57,57,60,61,61,61,61,61
132,132,132,132,131,131,132,132,132,132,132,132,132,132,133,133,133,133,133,133,133,133,133,134,135,134,132,128,122,110,93,81,74,68,64,76,104,123,132,136,136,125,102,92,94,92,86,85,89,95,103,99,85,76,73,77,87,87,78,82,99,116,132,140,141,140,140,139,139,139,139,139,140,143,147,150,150,150,150,148,146,145,144,144,144,144,144,144,144,143,143,143,143,143,143,143,143,143,142,141,141,141,140,140,140,139,139,135,128,119,107,103,107,107,104,101,99,90,76,74,85,95,103,107,106,108,112,120,131,137,137,138,140,138,132,129,130,128,123,119,117,116,115,111,103,102,110,112,111,107,102,101,103,102,99,96,95,94,93,92,93,93,93,94,94,93,92,94,100,96,82,75,76,81,89,90,83,77,71,67,66,65,64,63,63,63,63,63,62,62,62,60,57,57,60,62,62,61,57,56
131,131,132,132,131,131,132,132,132,132,132,132,132,132,133,133,133,133,133,133,133,133,133,134,135,135,134,132,129,121,106,93,81,72,65,76,105,124,132,136,136,125,103,92,93,90,84,83,87,94,103,100,87,77,71,74,87,88,77,81,99,116,131,139,140,140,140,140,141,141,141,141,142,144,149,151,151,151,150,148,146,144,144,144,144,143,143,143,143,143,143,143,143,142,142,142,142,142,141,141,141,141,140,140,139,139,138,133,123,111,98,94,99,102,103,104,105,101,92,93,103,111,117,118,116,118,123,129,135,137,136,138,142,139,131,125,122,119,115,110,106,103,101,97,91,91,99,103,103,103,101,102,104,103,100,97,95,94,93,94,98,98,95,95,97,99,100,103,107,101,84,75,76,80,89,90,83,77,71,68,67,65,63,63,63,63,63,63,63,63,62,60,58,58,61,63,63,60,54,51
131,131,131,131,132,132,132,132,132,132,132,132,133,133,133,133,133,133,133,133,133,133,134,134,135,136,135,134,132,127,120,109,95,80,67,75,105,124,132,136,135,124,103,92,91,88,82,81,85,92,102,101,89,79,70,73,86,88,78,81,99,116,132,140,141,142,141,142,144,144,144,145,146,147,150,152,152,151,149,147,144,143,143,143,143,142,142,142,142,142,142,142,142,141,141,141,141,141,141,140,140,140,140,139,139,138,138,133,122,110,97,93,98,103,108,113,118,122,124,129,139,142,136,132,129,128,129,125,116,110,109,109,111,111,107,105,104,104,105,105,103,103,103,99,92,92,100,104,104,104,103,104,105,104,99,96,94,93,93,98,109,109,99,98,105,111,116,121,125,116,93,80,77,80,88,89,83,77,72,69,67,65,64,64,64,64,64,64,64,64,64,62,60,61,63,63,63,58,51,47
131,131,131,131,132,132,132,132,132,132,132,132,133,133,133,133,133,133,133,133,134,134,135,136,136,136,136,135,134,132,129,122,109,94,78,82,109,126,133,137,136,125,102,90,90,86,78,77,80,88,101,101,90,81,73,75,87,88,78,82,98,116,133,142,143,144,144,144,146,147,147,147,148,149,150,151,151,149,147,145,143,142,142,142,142,142,142,142,142,142,142,142,141,141,141,141,141,140,140,140,140,140,139,139,138,138,138,134,125,117,108,105,108,111,115,120,124,128,130,136,143,143,136,131,127,125,125,118,104,97,95,95,96,96,95,95,95,96,100,101,101,101,102,100,93,94,104,108,108,109,110,111,112,111,109,107,107,108,110,116,126,126,117,113,116,120,125,128,128,117,94,81,77,79,88,89,82,77,72,69,67,66,65,64,63,63,64,64,64,64,64,63,62,62,61,63,65,63,58,55
132,132,132,132,132,132,132,132,133,133,132,132,132,132,132,132,133,133,134,134,135,136,138,138,138,137,136,136,135,134,133,129,124,113,98,98,115,127,135,138,138,126,101,88,88,83,73,70,74,83,99,101,89,82,80,82,89,88,78,81,97,115,135,145,145,146,146,147,148,149,148,148,148,148,149,149,148,146,144,142,142,141,141,141,141,141,141,141,141,141,141,141,141,141,140,140,140,140,140,140,139,139,139,138,138,137,137,135,131,130,133,132,127,125,125,124,122,118,112,111,115,116,115,113,110,109,111,108,100,96,94,94,96,96,94,94,94,96,98,99,99,99,100,98,94,98,111,117,115,117,122,125,125,126,127,129,133,138,144,149,151,150,147,141,130,126,127,123,116,104,89,80,76,78,87,89,82,77,73,70,68,67,66,65,62,61,62,62,62,62,62,63,64,62,58,61,70,75,74,74
132,132,133,133,132,132,132,132,133,133,133,133,133,133,133,133,134,134,134,135,136,137,139,140,139,137,132,132,134,135,135,134,133,126,114,113,121,128,136,139,139,126,100,88,89,84,74,70,71,80,97,99,87,81,80,82,87,86,78,81,95,113,135,146,146,146,147,147,148,147,146,146,146,146,146,146,145,143,141,140,140,141,141,141,141,141,141,141,141,141,141,141,141,141,140,140,139,139,140,140,139,139,138,138,137,137,137,135,131,130,134,133,127,124,122,120,116,110,103,100,100,102,104,105,102,102,103,102,98,96,97,97,97,97,99,101,103,107,112,112,107,107,112,112,109,113,125,128,123,125,135,137,133,132,134,135,135,139,146,149,147,146,146,139,126,119,119,114,106,95,83,76,75,76,81,83,82,80,77,74,73,72,72,71,68,68,72,74,74,75,75,76,77,75,71,74,83,89,90,91
132,133,134,134,133,133,133,133,133,133,133,134,134,134,135,135,135,135,134,135,136,137,139,140,140,135,124,123,132,137,137,137,136,133,128,126,126,129,136,140,140,127,101,89,92,90,82,77,74,79,93,94,82,76,74,76,82,82,76,80,93,111,134,145,145,145,145,145,144,143,141,141,141,141,141,141,140,140,139,139,139,140,140,140,140,140,140,140,140,140,140,140,140,140,140,140,139,139,139,139,139,138,138,138,137,137,136,133,125,118,110,106,107,107,108,108,107,105,103,101,100,101,104,105,104,103,103,101,98,98,103,103,99,102,110,117,123,130,140,138,126,126,138,142,139,140,145,143,132,133,147,148,134,128,129,125,114,111,116,118,115,114,113,109,104,101,101,100,98,90,74,69,74,74,69,72,82,86,84,83,83,83,82,81,80,84,92,98,102,104,103,102,102,102,101,102,105,106,104,104
132,132,134,134,133,133,133,133,133,133,134,134,134,135,136,136,136,135,134,134,135,136,137,139,141,132,112,109,123,132,136,137,137,137,135,133,128,130,138,141,141,128,102,91,95,95,90,84,78,81,91,91,80,73,70,72,78,80,77,82,94,112,134,145,145,145,145,144,142,140,139,138,138,138,138,138,138,138,138,138,139,139,140,140,140,140,140,140,140,140,140,140,140,140,140,140,139,139,139,139,138,138,138,137,137,137,136,131,122,111,97,92,96,99,101,102,102,103,104,106,107,108,111,113,114,114,113,113,113,115,117,116,110,111,120,127,133,139,147,143,128,127,139,141,134,132,137,135,127,129,142,141,127,120,120,114,102,97,100,101,100,99,97,96,94,93,93,94,95,89,78,75,82,82,76,79,91,96,95,95,96,95,94,94,93,96,101,106,109,110,108,107,108,110,113,114,113,109,103,99
131,132,132,132,132,132,132,132,133,133,133,134,135,136,136,136,136,135,134,133,134,134,134,136,140,127,96,89,108,122,131,136,137,137,137,134,129,131,140,143,142,128,102,92,98,100,96,91,85,85,91,89,80,73,67,68,75,79,81,87,98,114,135,146,146,145,145,144,142,140,139,138,139,139,139,139,139,139,139,139,139,139,139,139,139,139,139,139,139,139,139,139,139,139,139,139,139,139,138,138,138,137,137,136,136,136,136,131,122,111,97,92,96,99,100,101,102,104,107,113,120,124,125,129,134,136,134,137,144,145,141,135,128,126,128,131,133,134,132,126,114,111,115,110,93,90,99,105,110,114,118,117,110,106,105,102,98,96,97,99,102,102,100,98,97,96,96,96,95,94,93,94,99,102,101,104,109,112,111,111,110,109,108,107,108,105,99,96,96,94,90,90,96,101,108,110,107,99,85,78
131,131,131,131,131,131,132,132,132,133,133,133,134,135,135,135,135,135,134,133,133,133,133,136,141,125,90,79,94,107,120,128,134,137,137,135,130,132,140,143,141,127,101,92,98,100,99,95,89,87,90,87,79,73,69,69,73,78,84,92,101,115,136,146,146,146,146,144,143,141,140,139,139,139,139,139,139,139,139,139,139,139,139,139,139,139,139,139,139,139,139,139,139,139,139,139,139,138,138,138,137,137,136,136,136,135,135,132,128,119,106,103,109,110,104,102,103,105,108,116,128,132,129,130,136,138,136,138,145,145,139,134,128,124,124,125,126,124,120,113,105,102,104,95,76,71,81,91,101,105,105,104,102,100,98,97,97,97,96,98,103,104,102,100,99,98,98,98,100,101,99,101,107,109,107,106,107,108,109,110,112,112,110,109,108,103,94,90,89,87,84,84,90,95,102,104,101,92,77,70
130,130,130,130,130,131,131,131,131,132,132,132,133,133,134,134,134,134,134,134,134,134,135,138,141,127,94,79,82,90,101,114,126,134,137,135,131,132,138,140,139,125,99,88,94,97,98,96,91,89,90,86,76,72,76,76,72,76,87,95,102,116,136,146,147,147,146,145,144,143,141,140,140,140,140,140,139,139,139,139,139,139,138,138,138,138,138,138,138,138,138,138,138,138,138,138,138,137,137,137,137,136,136,136,135,134,134,136,139,136,127,127,137,132,113,104,106,107,107,115,130,132,120,116,120,121,118,116,115,114,114,112,108,106,108,109,110,110,109,106,102,102,104,97,81,77,85,93,101,104,103,103,102,101,99,98,98,98,97,99,102,104,102,101,101,100,99,102,110,108,97,96,104,103,93,86,85,85,88,94,103,106,102,98,94,90,87,87,89,90,90,90,90,92,95,97,96,90,80,75
129,128,127,127,128,129,130,131,131,131,131,131,132,132,132,133,133,133,133,134,134,135,137,139,141,128,99,83,80,82,91,102,115,124,129,131,129,131,136,138,138,123,95,84,90,95,97,96,92,90,90,84,74,72,78,78,73,76,88,97,103,116,136,146,146,146,145,144,144,143,141,141,140,140,140,140,139,139,139,139,139,139,138,138,138,138,138,138,138,138,138,138,138,137,137,137,137,137,137,136,136,136,136,135,134,134,134,137,144,141,130,130,143,136,110,97,99,99,97,103,116,117,107,104,108,110,110,107,101,99,101,101,98,97,99,101,102,102,102,102,100,101,103,97,83,80,86,93,99,104,107,106,102,100,100,101,102,102,101,104,109,111,110,111,113,113,109,112,120,114,93,89,102,101,88,81,79,79,81,87,97,100,96,93,88,85,83,85,89,92,93,93,92,92,93,94,94,90,82,78
128,126,123,122,125,127,130,131,131,131,131,131,131,131,131,132,132,132,132,133,133,135,139,141,141,129,103,89,86,86,89,94,101,108,115,121,125,129,134,137,137,121,89,78,86,92,97,98,94,91,89,83,73,71,76,77,73,77,89,98,102,115,135,144,144,144,143,142,142,141,141,140,140,139,139,139,139,139,138,138,138,138,138,138,138,138,138,138,138,138,137,137,137,136,136,136,136,136,136,135,135,135,135,134,134,134,134,137,143,136,115,113,129,123,95,81,82,81,79,80,84,87,88,92,100,107,113,112,103,99,101,101,98,97,99,100,100,101,101,101,99,99,101,95,83,80,85,91,97,105,115,113,101,98,102,106,108,109,108,113,123,127,125,128,135,136,130,129,132,118,88,81,99,103,93,89,90,90,89,90,93,94,93,92,90,87,81,82,89,92,93,94,94,95,95,95,95,92,84,81
129,127,123,122,124,126,129,131,131,131,131,131,131,131,131,131,132,132,132,132,132,134,138,140,140,128,106,94,91,90,90,92,94,98,104,112,122,129,134,136,136,120,87,75,83,89,95,97,95,93,90,84,74,71,74,75,76,81,90,97,101,112,132,142,142,142,141,140,140,140,140,140,139,139,139,139,139,139,138,138,138,138,138,138,138,138,138,138,138,138,137,137,136,136,136,136,136,136,135,135,135,135,134,134,134,134,134,136,142,135,114,111,124,120,98,88,88,87,85,84,84,85,88,93,100,108,117,116,105,101,103,104,104,105,106,106,106,108,113,114,110,107,106,103,96,96,102,108,112,120,130,128,116,112,116,119,121,122,120,123,131,133,132,134,141,142,137,133,130,113,82,77,97,104,96,93,95,94,93,92,91,91,91,92,92,87,78,78,88,94,95,96,97,97,96,96,96,93,86,83
132,131,128,126,124,125,129,130,130,130,131,131,130,130,131,131,132,132,132,132,132,133,134,135,136,127,107,97,96,95,95,95,96,96,98,106,120,129,134,136,136,120,89,76,81,85,90,94,96,96,93,86,76,71,70,73,80,86,91,95,98,109,129,140,140,140,139,139,139,139,140,140,139,139,139,139,138,138,138,138,138,138,138,138,137,137,137,137,137,137,137,136,136,135,136,136,135,135,135,135,134,134,134,133,133,133,133,136,142,139,127,123,128,127,120,117,117,116,115,115,115,112,106,105,109,114,121,118,106,102,107,112,117,120,121,120,119,125,138,140,131,124,120,119,122,128,137,143,145,148,152,151,146,143,142,141,143,141,137,134,132,131,130,131,131,131,130,125,115,99,77,76,97,104,96,93,92,92,92,92,92,92,92,93,94,87,72,72,87,96,97,98,99,99,98,97,97,94,87,84
121,122,125,125,124,125,128,130,130,130,131,131,130,130,131,131,132,132,132,131,129,129,130,131,134,126,108,98,98,98,97,97,96,96,95,102,119,129,134,136,136,122,93,79,80,82,85,89,96,97,92,85,77,72,70,74,83,89,91,93,95,107,128,138,138,139,139,138,135,133,132,132,131,131,131,131,131,130,130,130,131,131,132,132,131,131,134,134,131,130,129,130,133,135,135,135,135,135,135,134,134,134,133,133,133,132,132,135,141,140,133,129,130,131,131,131,131,130,130,130,130,127,121,118,118,120,124,122,113,111,114,119,125,128,128,128,126,132,145,146,136,127,120,119,126,133,141,145,145,146,147,147,146,143,139,138,140,139,135,130,125,122,122,121,119,119,119,114,104,90,74,76,96,103,96,91,88,88,91,92,92,93,93,94,94,86,70,71,88,97,98,99,100,100,99,97,95,91,85,81
96,101,112,119,121,124,128,130,130,130,130,130,130,130,131,131,131,131,132,129,123,122,125,129,132,126,108,99,98,97,97,96,97,96,95,103,118,129,133,135,135,123,99,84,80,78,79,84,94,95,88,82,77,75,75,79,86,89,89,90,94,107,128,138,138,139,142,138,129,122,117,115,115,115,116,116,116,115,115,115,116,117,120,120,117,120,128,128,120,116,115,119,130,135,135,134,134,134,134,133,133,133,133,132,132,131,131,134,140,139,132,129,130,130,130,130,130,129,129,129,129,130,132,131,127,125,125,126,127,126,125,125,127,128,129,129,128,130,135,133,123,115,107,105,108,111,113,114,115,115,116,115,115,113,109,109,113,114,113,111,109,107,106,105,105,105,103,100,96,87,73,76,96,103,96,89,82,82,89,92,93,93,94,94,94,87,73,74,89,97,98,99,100,100,99,96,90,85,79,76
89,96,112,120,120,123,127,130,130,130,130,130,130,130,131,131,131,131,132,128,119,116,120,125,131,126,109,99,97,96,95,95,96,96,95,103,118,128,133,135,135,124,101,87,82,78,77,82,93,94,83,78,78,79,79,82,88,89,86,87,94,108,129,140,140,142,144,140,129,120,114,110,109,109,111,111,112,112,112,113,113,115,116,116,113,115,122,121,114,110,110,117,130,137,136,136,134,134,133,133,133,133,132,132,131,131,131,134,139,139,132,129,129,130,130,129,129,129,128,128,128,130,132,130,123,121,124,125,125,124,121,119,120,120,121,121,121,121,122,119,112,106,100,98,101,102,99,99,99,100,100,100,99,98,95,96,99,101,102,102,101,100,98,98,98,98,95,93,91,86,76,79,97,102,96,88,77,77,87,93,93,94,94,94,93,89,80,81,92,97,95,94,92,91,90,87,82,77,74,72
100,108,125,129,121,120,126,129,129,129,130,130,131,131,130,130,131,131,132,127,117,112,114,120,130,126,109,99,97,95,94,94,95,95,95,102,118,128,132,134,135,124,101,88,85,82,80,84,94,92,77,73,80,83,81,83,89,89,81,83,94,111,132,144,146,147,147,143,136,128,121,115,113,113,116,118,119,121,122,123,123,123,122,120,118,116,116,115,112,113,115,123,134,140,141,139,135,133,133,132,132,132,132,131,131,131,130,133,139,139,133,129,129,129,129,128,128,128,128,128,128,125,121,115,107,109,120,120,109,103,102,102,103,104,105,105,105,105,106,105,102,100,98,100,104,104,101,99,99,99,99,99,99,98,97,97,100,101,102,102,101,100,99,98,98,97,96,93,91,87,81,85,98,102,96,87,72,72,86,94,95,95,94,94,94,92,89,90,96,96,90,84,78,74,73,71,70,69,69,69
89,101,125,131,118,116,125,129,129,129,130,130,130,130,130,130,131,131,130,125,115,111,112,118,129,128,115,106,103,100,98,97,97,96,95,102,118,127,131,132,130,119,99,89,89,87,85,89,97,93,76,72,82,85,81,82,89,88,79,79,91,107,129,143,149,151,148,144,138,131,125,119,115,114,117,119,119,120,122,124,126,125,122,120,118,117,116,116,117,118,120,126,135,139,139,138,134,133,132,132,132,132,131,131,131,130,130,133,139,139,133,129,128,128,128,128,128,126,122,120,120,117,112,106,99,103,118,118,101,92,92,93,95,96,97,97,97,98,99,98,97,97,97,100,105,105,101,98,98,98,98,99,99,99,99,99,100,101,102,102,101,100,99,98,98,97,95,94,92,89,87,89,97,97,89,79,65,67,84,92,92,92,91,92,95,97,97,98,101,99,93,86,80,77,77,77,77,77,78,79
56,75,112,124,111,110,123,129,129,129,129,129,129,130,130,130,130,129,127,122,115,111,112,118,129,132,125,119,115,111,108,105,102,100,97,104,119,127,129,127,121,111,95,90,94,95,93,96,104,98,80,75,83,84,78,79,88,88,78,77,83,98,119,136,147,151,148,142,135,129,127,122,114,112,113,113,110,110,113,117,121,121,117,114,113,116,123,127,126,126,125,127,131,133,132,132,132,132,132,132,131,131,131,130,130,129,129,132,138,138,132,128,128,127,127,127,127,121,110,105,106,106,106,104,98,103,118,118,101,92,91,92,95,96,97,98,97,98,99,99,98,97,96,98,103,104,100,97,97,97,98,98,98,99,101,102,100,100,101,101,101,100,98,97,97,96,94,94,94,94,92,92,94,88,75,64,56,61,79,87,84,84,84,89,97,102,103,105,108,108,104,101,98,99,102,103,102,101,101,100
52,71,109,120,104,103,117,125,128,129,129,129,129,129,130,130,130,129,126,122,116,112,113,119,130,134,131,128,124,121,118,115,112,109,106,108,116,122,127,125,118,107,91,87,94,98,97,100,107,101,82,76,84,83,76,77,86,86,77,75,78,91,112,129,143,149,146,140,131,125,123,118,109,106,109,107,100,100,106,111,114,115,113,111,108,112,123,129,128,127,124,124,128,130,129,129,131,132,132,131,131,131,130,130,129,129,129,132,138,138,134,131,130,129,129,129,129,121,106,101,104,107,111,110,104,108,122,122,107,100,100,101,103,104,104,104,104,105,106,107,108,109,110,111,112,111,108,106,104,104,105,106,105,106,109,110,110,110,111,111,110,108,106,106,107,106,104,104,107,108,106,103,98,90,79,71,67,72,86,91,89,88,88,93,102,106,106,108,111,111,110,109,108,109,113,114,113,112,110,110
77,89,115,118,98,95,108,118,125,128,128,128,128,129,129,129,129,129,128,125,118,115,115,120,131,136,134,132,130,129,127,126,125,123,121,116,110,112,123,126,120,107,86,81,91,96,97,101,108,103,83,77,83,82,75,75,81,81,76,74,75,86,107,123,135,142,144,139,127,119,114,107,98,97,105,102,89,89,103,108,105,105,109,109,103,106,117,123,122,120,117,119,127,130,129,129,130,131,131,130,130,130,130,129,129,128,128,131,137,140,140,138,135,134,133,133,132,125,112,108,115,121,126,125,118,120,130,131,121,116,117,118,118,118,117,117,119,120,121,124,129,133,137,137,131,128,126,124,120,119,120,121,120,120,123,126,128,131,132,132,128,125,123,124,127,127,123,124,130,131,128,121,110,104,101,98,96,98,104,106,105,104,104,106,110,110,108,108,109,110,110,109,109,109,110,110,109,108,107,107
87,95,112,111,92,87,97,107,115,121,123,123,122,123,126,128,128,128,127,124,117,114,115,121,132,136,135,134,134,133,133,132,132,131,128,121,108,108,120,124,121,107,82,76,88,93,93,98,108,104,86,78,81,81,76,75,77,78,77,76,75,83,102,117,128,136,140,135,122,112,107,99,89,90,102,101,87,87,102,104,94,95,107,107,97,97,107,111,110,109,110,114,122,125,123,124,128,130,130,130,130,129,129,128,128,128,128,130,136,139,140,138,134,133,135,135,134,129,119,118,124,129,134,132,125,125,132,132,127,125,125,126,125,125,124,124,125,126,127,130,135,139,143,142,136,132,132,130,126,125,127,128,127,127,128,131,135,137,139,138,135,132,130,131,135,135,131,131,135,134,129,122,112,107,106,105,104,104,106,107,107,106,104,105,107,107,103,101,102,103,103,103,101,101,101,101,101,100,99,98
82,89,102,100,84,79,86,93,99,106,113,114,109,111,121,125,125,125,124,120,112,110,114,121,131,136,135,134,134,134,134,133,133,132,129,122,111,110,117,121,121,107,79,71,85,89,85,91,106,106,90,81,80,79,78,76,74,76,80,80,76,81,96,109,122,131,135,129,114,105,100,92,81,84,101,104,93,93,104,101,83,85,105,106,90,85,93,95,90,93,103,110,114,115,112,115,124,129,129,129,129,128,128,127,127,127,127,130,136,137,134,131,127,128,133,135,134,132,129,129,131,133,135,132,125,123,126,126,125,125,125,125,124,124,123,123,122,122,124,125,126,127,128,127,126,125,125,124,122,123,126,127,127,126,124,125,129,130,130,130,129,129,128,128,130,129,127,125,122,118,111,106,104,100,96,92,89,90,93,95,94,93,90,91,95,95,90,88,89,90,90,88,86,85,85,86,87,87,85,85
87,90,97,95,82,78,81,87,93,102,112,114,108,109,119,124,124,123,122,117,110,109,114,122,131,136,135,134,134,134,134,134,134,132,128,121,113,110,110,112,115,104,80,74,85,87,79,84,103,106,93,82,73,70,73,74,71,74,82,83,77,79,90,104,121,130,130,123,111,102,96,89,79,83,101,105,97,97,105,100,80,82,104,105,86,80,87,87,82,86,99,107,110,110,106,110,120,125,125,125,125,125,123,123,123,123,123,126,133,133,125,121,119,122,128,130,129,129,129,129,128,127,126,122,115,111,112,112,111,111,112,112,111,111,111,110,109,110,111,111,110,110,109,109,110,111,111,111,113,114,114,115,115,114,111,110,112,113,114,114,115,116,115,114,114,113,113,111,108,103,98,96,97,94,87,81,78,78,82,84,84,82,79,80,85,85,79,76,78,78,78,76,74,73,74,75,76,76,75,75
100,99,99,94,86,82,83,89,99,109,121,124,118,117,121,123,124,123,120,116,110,110,116,123,132,136,135,135,134,134,135,135,135,132,125,119,115,108,100,99,104,100,87,84,89,86,73,77,98,103,94,80,62,56,63,67,68,74,84,85,77,77,85,101,125,133,125,118,112,105,97,89,82,86,101,105,98,98,106,101,85,86,103,103,87,82,89,90,85,87,97,104,109,110,108,109,115,118,118,119,120,119,115,114,114,114,115,120,128,126,112,108,112,115,118,119,119,119,119,118,117,113,106,100,93,89,89,88,85,84,87,88,87,87,86,86,87,87,88,88,87,86,86,86,87,88,89,92,98,98,93,91,91,90,87,85,85,86,88,90,92,93,91,89,87,87,90,91,91,91,89,90,93,89,78,72,70,70,74,76,76,75,72,73,77,75,68,66,68,68,67,66,65,65,67,67,67,67,67,68
105,100,92,87,83,82,81,88,101,113,124,126,118,115,117,120,122,121,118,113,106,107,115,124,132,136,135,135,134,134,135,135,135,131,123,118,115,111,105,104,108,106,96,93,96,88,71,73,92,99,92,79,58,53,64,70,71,76,83,82,72,74,87,107,132,137,120,111,112,107,97,90,86,90,100,104,100,101,105,100,87,89,104,106,95,93,98,99,97,98,104,108,111,112,109,110,112,111,105,105,110,110,107,105,103,104,106,112,123,121,107,102,105,107,108,109,109,109,109,108,106,101,92,85,78,75,74,72,69,68,71,73,72,72,71,71,72,73,74,73,71,71,71,72,73,74,76,81,91,91,80,75,76,76,73,71,69,69,72,75,77,78,76,74,71,72,76,79,83,85,83,84,88,84,72,65,64,65,68,69,70,70,68,68,70,68,62,61,63,64,63,62,61,61,63,64,64,64,64,64
102,94,78,72,76,77,76,83,100,113,122,121,109,104,108,112,117,118,116,109,98,99,112,123,132,136,135,135,135,135,135,135,135,131,122,116,114,116,123,127,127,120,107,102,104,95,74,72,86,91,88,78,62,61,74,81,81,81,80,74,61,69,96,121,144,142,115,105,112,110,96,90,91,94,99,102,103,103,103,97,86,89,105,112,111,112,115,117,117,119,120,119,116,113,112,111,112,103,85,82,94,100,99,96,92,91,95,103,118,120,110,104,100,98,98,99,100,100,99,98,96,92,83,77,72,69,67,65,63,63,66,67,66,65,63,63,66,67,68,67,64,63,65,66,67,69,70,78,93,92,77,69,70,70,69,67,64,64,67,69,70,71,70,69,67,68,71,76,84,85,81,79,81,77,67,62,61,62,64,65,67,68,68,68,66,64,61,61,64,65,64,63,60,60,64,66,66,66,65,65
104,94,75,68,73,75,74,82,98,110,118,116,103,99,102,106,110,113,113,108,98,101,115,125,132,136,135,135,134,134,134,133,133,128,119,114,112,116,125,130,132,126,113,107,109,99,78,72,81,84,82,75,65,67,80,87,87,83,76,66,55,68,106,134,152,145,112,102,114,112,96,90,94,97,99,102,107,107,104,100,95,99,112,119,120,121,120,120,119,118,117,116,114,113,113,111,108,98,79,76,87,94,95,93,87,86,91,101,116,120,113,105,97,94,94,95,96,96,94,92,91,90,89,89,90,88,83,79,77,77,80,81,80,79,77,77,79,80,80,77,72,71,72,74,75,75,74,81,96,97,83,76,77,76,73,70,66,65,66,67,67,67,66,65,64,64,67,73,83,84,77,74,76,72,62,57,58,59,60,62,64,66,69,68,65,62,60,60,62,64,65,64,60,60,64,65,65,65,65,65
111,102,83,74,75,76,78,85,97,106,112,110,101,98,100,101,101,104,108,109,106,111,123,130,134,136,135,134,133,132,132,130,128,123,114,110,110,110,110,115,124,124,113,108,110,101,83,75,78,78,75,72,68,71,82,89,90,84,69,58,52,72,117,146,159,148,113,103,117,115,97,90,95,99,100,104,111,113,108,108,113,118,124,126,123,120,114,108,102,98,95,97,105,110,113,110,101,94,88,86,89,93,96,95,88,89,96,106,119,122,115,107,98,95,96,97,98,97,94,92,91,97,108,120,132,132,122,115,111,110,113,114,115,114,113,112,113,112,110,105,96,92,95,96,97,94,88,91,102,104,98,95,96,94,87,80,74,71,71,70,69,66,63,62,61,62,64,70,80,80,71,69,72,67,56,51,54,56,58,60,63,66,70,70,65,61,58,57,59,62,66,66,62,61,63,63,61,62,64,66
114,109,98,92,90,87,82,87,101,107,106,103,99,99,101,102,103,105,110,113,114,118,126,132,134,135,134,132,129,126,123,119,114,108,103,102,107,108,105,109,120,120,110,106,108,101,86,77,75,72,68,66,66,72,83,90,92,84,65,54,53,76,126,155,163,150,115,106,121,119,98,91,96,100,100,105,114,117,115,117,123,125,125,124,122,118,112,103,90,83,81,87,100,108,113,108,93,84,82,84,89,95,101,101,94,94,102,110,120,121,115,107,98,94,96,97,98,97,96,98,103,109,116,124,133,134,125,119,116,116,117,118,119,121,124,126,127,126,125,119,111,108,112,115,116,113,104,104,111,115,117,118,119,116,110,103,98,95,95,94,92,90,88,85,83,82,81,84,91,88,74,67,67,62,53,50,52,55,57,59,61,63,67,67,62,58,55,55,56,59,63,63,60,59,60,60,58,59,62,64
111,115,122,123,120,107,87,88,110,114,100,94,97,100,104,108,114,117,119,120,121,123,126,129,133,134,132,128,122,116,109,101,90,84,84,90,102,109,110,113,119,117,105,101,104,99,87,78,73,67,62,59,59,67,84,92,93,84,63,54,56,82,132,160,164,151,120,111,126,123,101,92,97,100,101,105,115,121,123,125,125,122,116,115,117,117,114,103,84,75,77,85,99,109,113,104,82,68,63,68,86,100,110,111,103,102,110,115,119,118,112,105,97,93,94,94,94,96,101,111,126,126,112,101,95,92,93,93,94,94,93,93,94,101,112,118,120,122,123,121,117,118,125,130,134,131,122,120,124,131,139,144,145,144,142,139,136,136,138,139,138,138,139,136,130,123,117,114,116,106,85,70,62,56,54,53,53,55,59,60,58,59,60,60,57,55,52,52,53,55,56,57,56,56,56,56,55,56,59,61
115,120,131,136,136,123,97,92,106,107,93,88,92,97,103,108,112,114,114,114,115,117,120,124,130,130,125,118,109,100,91,82,71,68,72,82,97,105,106,110,116,112,98,93,97,95,87,79,72,65,58,57,62,72,87,94,92,83,65,58,63,90,138,163,164,150,122,115,128,125,105,97,100,103,104,109,118,124,128,127,122,117,110,109,114,115,112,102,84,77,80,89,102,110,113,105,84,67,56,62,84,102,114,115,106,106,114,119,121,120,117,111,100,94,92,91,90,92,95,111,139,137,104,83,74,70,71,73,75,76,76,77,80,86,96,103,105,108,110,110,107,110,119,123,125,122,114,114,121,126,131,134,135,135,134,134,136,138,140,140,139,140,142,141,137,132,127,126,130,122,102,82,61,52,54,55,54,56,59,59,57,56,56,56,55,53,51,51,52,52,53,53,52,52,53,53,53,55,58,59
124,125,126,131,138,132,113,99,91,86,85,84,84,89,99,102,99,96,95,95,95,99,109,117,125,125,116,104,89,78,69,62,59,61,69,79,92,98,95,99,109,105,88,83,88,89,86,81,74,66,57,59,74,85,94,96,90,81,69,67,74,99,142,163,162,148,122,115,127,126,112,105,106,108,111,116,124,128,128,124,116,110,105,106,114,114,106,98,90,88,92,98,106,111,114,109,97,82,63,64,84,101,114,114,103,104,115,122,125,128,130,124,108,97,90,87,88,85,80,99,142,139,91,68,69,66,60,58,60,63,68,72,76,78,78,79,82,84,87,86,82,85,94,95,89,84,80,86,100,102,91,87,89,88,85,88,97,102,101,99,95,95,98,101,104,107,111,119,133,135,126,103,66,50,55,57,55,55,58,58,56,55,55,55,54,53,52,51,52,52,53,51,46,45,50,53,53,55,58,60
132,130,125,127,136,134,120,103,81,72,76,77,75,81,94,99,94,89,84,81,81,87,100,111,120,116,101,91,85,76,65,59,58,64,75,85,94,95,90,93,104,100,82,75,81,83,83,80,75,67,57,62,82,94,98,97,89,83,77,77,81,104,145,163,158,145,123,116,126,124,110,104,106,109,114,119,125,128,126,121,113,107,104,106,113,113,106,101,98,97,99,104,110,114,115,110,100,86,70,71,88,103,114,115,106,107,118,126,131,135,138,134,121,110,102,99,99,96,88,102,137,133,90,69,71,69,62,57,56,57,61,66,71,71,67,65,67,70,74,73,69,72,83,84,74,68,65,71,87,86,68,60,61,61,58,63,76,81,77,72,67,66,69,73,78,84,91,103,121,130,132,115,78,62,68,70,69,69,72,72,70,69,69,68,68,65,61,59,59,60,60,58,53,52,57,60,61,62,64,65
139,135,128,126,131,129,120,103,78,65,67,66,65,72,89,97,98,93,81,74,74,80,94,105,112,105,82,79,95,95,79,71,71,78,92,100,101,98,91,92,102,98,79,71,75,77,78,78,75,69,60,66,88,99,99,96,91,88,89,88,86,105,145,161,154,142,123,118,126,120,100,94,102,108,113,117,121,123,122,119,114,110,107,108,112,114,115,112,107,104,102,106,114,118,116,108,92,82,78,83,96,107,114,116,114,116,122,130,137,141,142,141,138,133,128,125,124,122,119,120,125,119,100,87,82,78,77,72,63,58,56,58,63,65,62,61,63,66,71,72,68,73,86,88,80,73,68,71,82,79,61,52,53,53,52,59,73,76,67,60,54,52,54,56,59,63,67,77,94,108,122,118,97,89,94,96,95,97,99,100,99,98,98,97,95,89,79,74,74,74,76,75,73,73,74,75,75,74,74,74
139,136,130,127,128,124,117,100,74,61,61,61,62,68,80,87,90,86,73,68,69,77,93,105,112,105,84,86,110,114,98,89,89,93,101,103,99,94,87,89,99,95,77,71,77,83,88,90,88,83,75,79,97,105,104,99,92,90,94,92,84,100,142,158,148,136,122,119,126,118,96,89,99,106,112,115,117,117,116,115,114,112,109,109,111,115,119,118,112,106,102,105,114,118,117,108,92,87,92,98,106,112,115,117,118,120,125,132,139,142,139,140,144,144,139,138,140,140,137,133,126,119,113,106,98,96,99,96,87,82,80,79,78,77,77,77,77,79,82,80,73,77,92,95,86,77,69,67,72,68,55,49,49,50,52,59,73,75,64,55,47,45,48,51,53,55,57,65,79,93,107,108,96,93,99,102,103,104,105,106,107,106,105,105,106,102,92,87,87,87,88,88,88,88,89,89,87,86,85,84
133,132,130,129,127,121,110,93,71,60,58,60,66,68,67,67,70,68,62,61,66,78,98,111,118,117,108,113,130,132,120,114,114,110,103,96,89,83,80,84,95,92,77,76,88,100,113,118,114,108,101,101,108,112,113,106,93,88,91,87,74,90,135,152,140,129,121,120,126,119,98,91,97,103,111,113,111,110,110,112,115,114,108,108,112,115,118,117,111,104,98,100,110,115,115,110,101,101,111,117,118,118,117,117,117,120,127,132,136,135,129,130,139,141,137,138,147,149,145,141,138,134,129,125,121,123,129,131,129,129,132,127,115,109,111,111,110,108,105,97,83,84,99,102,93,81,69,61,57,54,50,49,49,52,56,64,76,77,67,57,46,45,53,58,60,61,61,66,76,83,87,84,74,74,85,91,90,90,90,91,94,93,90,92,101,104,101,99,98,98,98,98,96,97,100,101,99,98,96,95
131,131,132,131,129,121,107,91,73,62,58,60,68,69,64,61,61,64,69,74,77,88,106,118,123,125,123,126,135,136,130,127,126,120,107,97,89,83,78,83,98,100,88,89,103,116,130,134,127,120,114,110,109,110,112,106,94,90,94,90,76,90,133,148,136,127,120,120,126,118,95,88,95,102,110,112,106,104,106,109,114,114,110,110,113,116,118,116,110,102,93,94,105,111,114,111,104,103,110,114,116,115,110,108,108,112,120,127,132,132,127,129,137,141,139,143,153,153,144,138,134,130,126,122,117,117,123,128,132,135,135,130,120,116,119,121,121,119,116,109,99,100,113,117,111,102,91,82,76,72,71,70,69,70,74,80,87,85,75,65,54,53,62,66,66,65,63,66,74,77,76,71,63,63,72,75,73,72,72,74,77,77,75,78,87,91,90,90,90,90,90,90,90,91,94,96,96,96,95,95
133,133,133,133,133,125,108,92,78,68,63,63,67,70,72,70,64,72,94,105,104,108,119,126,129,129,128,127,125,125,127,128,126,121,113,106,100,92,81,86,109,117,110,112,121,130,139,138,127,119,114,107,100,98,100,100,96,97,103,100,90,102,136,148,138,129,121,120,125,115,88,81,93,103,111,110,101,99,104,108,110,112,113,114,116,118,120,117,110,100,87,87,100,108,113,110,101,94,88,90,101,103,95,90,90,95,105,115,126,132,134,136,138,142,148,153,157,151,135,123,115,109,105,98,86,80,80,86,98,99,90,88,94,99,102,106,111,114,115,117,119,124,133,138,141,140,136,132,128,123,119,114,108,106,107,107,106,100,88,78,69,68,75,76,71,67,63,64,72,75,73,69,63,60,59,56,52,50,51,53,55,57,60,62,64,63,61,61,63,65,64,65,68,70,70,73,78,81,83,84
133,133,133,134,135,126,108,91,77,69,69,69,70,72,74,72,66,79,110,124,121,121,122,124,125,123,115,111,111,113,119,121,120,116,111,106,100,95,90,96,112,119,119,121,125,130,135,134,127,123,121,112,97,90,94,96,97,99,103,101,94,106,137,148,139,130,119,117,123,113,86,80,92,103,112,110,98,96,104,108,108,110,115,117,116,117,120,118,109,97,81,82,99,110,113,110,100,89,78,78,90,92,83,79,80,87,99,112,125,134,138,140,141,144,151,156,160,151,131,116,105,99,96,86,69,60,58,65,79,79,63,62,75,82,84,89,95,98,98,102,109,116,121,127,132,135,136,136,134,132,130,127,123,121,123,122,118,113,107,101,96,96,101,101,95,90,84,82,83,83,83,78,70,62,53,46,41,39,41,43,45,48,51,51,50,47,44,45,49,51,50,51,56,57,54,56,63,66,65,65
130,131,131,132,133,124,107,89,70,66,77,80,76,72,70,69,69,84,116,131,130,125,115,111,114,105,85,81,91,99,105,107,107,105,102,96,88,92,107,112,107,107,115,117,115,115,117,121,128,134,137,126,99,88,92,96,98,98,94,91,87,101,135,148,141,129,114,110,118,111,90,84,94,103,113,112,99,97,106,109,106,108,117,119,113,113,120,119,108,93,75,79,103,115,115,110,99,89,79,77,84,84,76,74,78,87,101,115,129,137,140,142,144,146,149,154,159,152,132,117,106,100,98,87,67,57,56,63,77,74,56,52,62,66,66,69,73,72,64,64,70,75,78,81,84,86,90,93,95,99,105,109,112,116,121,123,123,125,130,133,136,139,140,140,138,134,128,119,108,103,104,97,83,68,55,45,40,38,40,43,46,48,47,46,45,44,41,43,47,49,46,48,53,53,46,46,51,50,42,38
129,129,131,132,133,126,110,92,73,69,83,85,78,72,67,65,66,84,118,135,134,126,110,105,110,101,79,75,90,100,104,106,108,108,106,101,92,98,119,124,113,110,117,119,115,113,114,119,130,137,142,133,111,102,106,108,107,103,98,92,88,103,137,150,143,132,117,113,120,114,96,90,96,105,115,115,103,101,110,112,107,110,120,121,113,113,120,118,108,95,80,84,107,118,116,110,98,86,75,72,77,75,67,67,74,83,94,108,125,135,138,141,142,145,148,153,159,152,133,117,106,102,105,99,83,73,69,72,82,77,58,50,55,57,57,58,61,57,47,46,52,56,57,59,60,62,63,66,69,75,85,91,95,99,105,108,109,113,121,129,137,141,140,140,140,140,142,137,125,118,115,105,87,70,55,45,40,38,39,41,44,45,44,43,42,42,40,42,46,46,44,45,51,50,42,40,43,40,32,28
128,129,131,133,135,130,116,101,85,80,86,85,76,69,65,61,60,78,117,135,134,124,107,104,115,112,96,95,107,114,116,119,123,125,125,120,111,113,127,133,130,128,127,127,126,125,126,128,131,134,137,136,130,130,136,133,123,116,112,106,97,109,143,155,145,136,128,125,128,120,102,96,100,107,118,119,110,109,117,117,112,114,123,124,117,116,119,117,109,102,94,97,110,117,117,110,96,81,65,61,68,67,59,59,67,73,76,90,115,129,134,136,136,140,149,155,160,152,133,117,106,106,118,121,117,108,96,92,95,87,67,57,55,55,56,57,58,55,47,47,57,60,58,59,61,60,57,55,56,61,71,74,71,71,74,76,76,78,81,88,97,102,103,102,99,107,125,134,136,130,116,100,82,67,55,47,41,38,37,37,39,41,42,42,41,41,41,42,44,44,42,44,49,49,43,39,38,37,34,33
129,130,132,134,136,132,120,108,94,88,92,89,81,72,64,59,58,76,113,130,127,117,100,99,115,116,104,102,111,115,114,117,123,127,129,128,123,125,134,139,140,138,133,132,133,134,134,133,133,133,133,135,137,140,143,141,133,129,127,122,112,121,146,154,144,138,134,132,132,124,108,101,104,112,124,126,118,117,122,121,113,114,124,126,121,120,122,121,116,112,108,110,118,121,121,113,95,78,59,53,60,61,58,59,66,69,71,85,111,126,128,130,132,137,146,154,159,152,131,115,104,106,123,130,129,123,112,107,108,103,92,84,78,77,79,79,76,70,59,58,68,69,63,60,61,58,52,49,49,54,64,65,58,56,58,59,60,61,61,67,78,84,84,81,76,86,112,126,129,125,115,99,77,62,55,48,43,40,38,37,37,39,42,42,41,40,40,40,40,40,39,41,47,47,41,37,35,34,36,37
132,132,133,134,136,132,122,112,100,95,99,98,92,81,65,58,62,78,107,118,112,103,90,92,110,113,101,97,103,103,98,100,109,115,119,124,128,134,141,144,142,139,136,135,137,138,138,137,135,134,132,131,131,130,129,132,138,142,143,140,134,136,146,147,140,136,134,133,133,126,112,106,109,118,132,135,127,124,126,122,112,112,122,126,124,125,129,130,128,125,121,122,129,131,129,117,97,77,58,49,52,57,65,69,68,71,77,92,114,124,120,121,128,135,142,149,158,150,127,110,99,103,120,126,120,117,117,118,121,126,132,131,124,122,126,124,115,102,84,78,85,83,71,63,60,55,49,47,47,53,64,65,56,53,56,59,62,63,61,66,78,84,84,79,71,79,103,112,105,106,114,103,72,55,54,51,46,43,41,39,39,40,42,42,41,40,38,37,35,34,34,38,45,45,37,32,31,33,37,40
132,132,133,134,136,131,121,111,103,100,100,99,96,86,70,66,74,86,101,105,98,90,82,87,104,107,95,96,108,110,101,99,107,115,123,129,132,135,138,139,139,139,138,137,136,136,136,135,134,132,130,127,124,121,120,126,138,145,146,146,143,142,145,145,140,136,131,125,117,113,113,115,119,123,126,124,116,115,120,119,113,114,123,128,131,132,132,133,135,133,127,125,129,129,127,118,102,83,62,52,54,61,71,75,71,73,81,95,114,123,121,122,126,132,138,145,153,144,118,99,90,95,116,122,112,107,105,105,107,115,129,133,128,127,132,132,127,117,102,98,105,104,96,88,80,76,74,70,65,65,69,67,59,55,55,57,62,63,60,64,75,82,83,78,68,75,97,102,90,93,113,105,69,53,55,54,50,46,43,40,38,37,40,40,39,37,35,33,31,30,30,34,43,43,34,30,29,33,39,42
130,130,131,133,134,128,115,107,105,101,95,91,90,87,80,82,95,99,96,91,83,79,77,84,97,99,88,97,127,135,121,115,117,126,141,143,135,129,125,126,132,136,139,137,130,127,129,129,128,127,126,123,115,113,117,124,132,137,137,137,137,140,145,147,145,138,125,108,85,86,111,127,134,127,106,93,86,89,103,112,116,120,125,132,141,141,132,131,139,138,127,120,116,115,116,114,111,97,71,61,67,72,78,78,73,75,82,93,110,123,132,133,127,127,135,141,146,133,102,83,75,84,110,117,105,92,78,70,66,71,84,90,89,92,97,104,110,114,114,119,128,134,136,133,123,120,125,119,102,89,80,72,67,61,55,55,59,61,59,61,69,76,82,79,69,74,93,96,83,89,113,107,71,55,59,58,53,48,44,40,34,32,35,36,33,32,31,30,30,29,27,31,40,41,33,29,30,34,41,45
129,130,131,132,133,126,110,102,100,95,86,83,87,88,87,94,107,109,99,88,77,73,74,80,89,90,83,98,135,148,135,128,126,135,153,154,138,128,125,126,132,137,140,134,118,111,114,115,112,111,113,111,104,104,112,120,127,130,130,131,134,137,142,144,144,139,127,109,83,83,111,126,128,116,88,74,75,85,104,115,119,124,131,134,135,134,131,131,131,129,125,118,107,102,104,108,116,105,77,67,76,81,81,79,74,75,82,93,108,122,135,138,131,131,137,141,143,131,106,89,81,87,110,114,100,83,63,51,46,52,66,71,66,65,69,76,86,96,104,112,120,129,138,139,131,132,142,138,123,110,99,93,91,87,81,78,79,80,80,80,79,80,84,81,71,75,92,93,78,83,107,105,77,66,72,72,68,62,55,49,44,43,45,44,40,37,34,32,31,30,28,31,40,40,33,31,32,35,41,45
129,130,132,133,134,125,108,96,89,82,75,76,85,91,94,101,112,115,110,98,80,72,73,75,78,80,80,97,132,148,143,138,134,141,159,160,142,134,135,138,140,141,140,127,100,88,92,91,86,85,90,92,89,94,105,114,121,125,126,129,133,135,134,135,138,139,138,129,112,106,112,110,101,88,71,70,85,103,124,130,122,126,140,135,111,109,130,131,110,107,122,120,100,91,92,100,116,109,79,69,81,85,83,79,74,75,82,94,110,122,129,135,139,142,143,144,143,138,129,118,107,105,114,112,98,80,59,48,47,56,75,76,58,48,46,48,55,63,71,77,83,91,101,106,106,112,123,128,127,127,127,128,132,133,132,128,122,121,125,120,105,95,89,83,75,78,94,93,75,76,95,100,89,87,94,97,96,89,75,69,70,70,70,66,59,52,43,37,36,35,34,37,42,42,35,33,35,37,40,42
129,130,132,133,133,125,110,96,83,75,71,74,84,91,94,100,108,112,113,103,82,73,75,75,72,75,82,100,131,147,147,145,139,145,162,162,143,136,138,138,136,136,136,124,100,89,92,91,85,86,93,97,97,103,113,121,125,128,129,132,137,137,133,131,132,134,138,134,124,118,115,107,95,81,66,73,102,123,137,137,125,128,144,136,102,101,132,132,101,97,120,121,100,88,87,96,115,112,84,75,83,86,82,79,77,78,82,92,109,118,119,126,140,146,144,143,144,143,140,134,125,122,124,119,107,93,75,64,60,67,85,81,55,39,35,35,40,48,58,62,61,65,75,82,86,94,105,111,112,115,120,127,137,141,139,136,132,134,141,137,122,112,107,102,97,99,110,107,89,87,99,101,93,92,99,103,104,100,90,86,89,89,88,84,78,70,62,57,56,55,55,54,53,51,47,46,48,48,45,44
128,129,131,131,131,125,115,100,82,74,75,78,83,87,90,92,95,100,108,102,82,75,79,78,71,74,88,107,132,145,147,147,144,149,162,160,143,134,133,128,120,120,127,126,117,113,115,114,110,113,122,127,128,131,137,139,139,139,140,142,145,144,139,134,127,125,127,125,120,118,120,117,109,95,75,85,126,145,143,138,128,130,144,136,107,108,137,136,105,100,119,121,106,95,88,95,114,114,93,83,82,81,81,81,83,83,81,89,106,112,105,113,135,144,138,139,145,146,140,137,136,136,138,135,129,121,111,99,85,84,95,86,57,40,36,36,42,52,66,67,54,52,60,66,71,78,87,87,77,74,78,89,106,111,103,103,110,119,129,132,129,131,138,140,137,138,141,135,121,115,119,110,89,82,89,92,92,94,99,101,102,102,101,99,96,93,91,90,91,91,89,83,72,67,68,69,70,66,56,51
122,123,126,127,125,122,116,104,85,76,78,81,85,88,88,88,87,92,103,100,82,77,83,83,76,80,97,115,134,145,147,147,145,150,161,159,144,135,133,128,119,119,127,130,126,125,126,125,123,125,130,132,131,133,137,138,136,135,135,136,137,136,130,123,114,111,112,113,115,117,119,118,115,105,89,100,136,150,139,131,127,129,137,130,106,105,128,128,105,101,116,118,106,96,88,92,106,106,92,83,78,77,79,82,86,87,84,90,106,109,101,109,135,143,135,136,147,148,141,135,131,132,138,137,129,123,119,112,103,102,110,103,81,68,63,60,61,67,78,73,53,47,54,60,64,69,76,72,58,52,56,67,86,90,79,78,87,97,106,111,112,116,125,131,134,136,137,135,132,128,123,110,86,74,73,73,72,76,86,92,94,95,93,94,98,99,99,100,101,103,106,101,88,82,85,87,88,83,72,67
111,114,118,119,117,115,114,106,91,83,80,82,89,92,90,88,86,89,99,96,82,79,87,90,87,94,109,124,138,146,146,146,144,148,159,158,144,138,140,139,133,132,136,134,127,124,125,125,123,120,117,112,107,108,114,116,114,113,113,113,114,112,106,100,93,91,93,99,109,113,111,111,112,112,110,118,134,136,124,118,120,123,126,117,97,94,107,109,100,100,110,110,101,93,87,86,91,89,80,75,72,73,76,80,85,88,90,96,108,111,105,115,138,145,134,136,149,151,141,127,109,108,125,124,106,98,99,104,112,120,129,131,126,121,116,107,96,92,93,81,57,49,57,62,65,68,72,68,55,50,52,61,76,78,68,63,64,67,74,75,69,66,67,74,87,95,98,107,122,124,113,100,84,68,53,45,44,46,51,58,66,69,65,70,83,88,86,85,87,93,104,106,99,96,97,99,101,99,94,91
97,100,106,107,104,103,104,100,90,83,78,79,88,92,91,89,86,89,98,97,84,80,87,89,89,97,113,127,140,147,147,146,145,149,159,157,144,139,141,141,139,138,140,134,119,113,115,115,113,109,103,98,93,94,100,104,106,105,102,100,100,98,94,89,84,82,83,89,100,106,106,103,96,94,97,103,110,110,104,104,110,116,122,118,105,100,102,102,100,99,101,97,88,84,83,83,83,80,75,71,70,70,72,74,76,80,85,94,107,112,109,117,136,141,132,136,151,154,143,124,98,96,117,114,89,78,82,90,102,112,120,126,132,134,130,124,115,111,110,100,83,76,77,79,79,79,78,71,59,53,53,58,68,69,60,54,51,51,56,55,48,42,38,43,57,65,68,80,102,108,99,90,81,65,40,27,25,26,29,35,44,46,43,48,62,68,65,66,69,77,89,95,94,94,95,97,100,100,98,97
80,83,89,90,86,84,86,85,83,78,70,71,82,88,91,91,87,91,102,101,88,82,81,81,80,89,109,126,140,148,149,149,148,152,159,157,143,136,134,134,137,139,140,128,103,92,94,95,93,91,89,88,88,91,96,103,111,111,102,97,94,93,93,92,88,85,82,83,87,94,104,95,67,52,50,54,63,72,80,87,95,107,125,132,128,122,113,107,105,98,87,77,68,68,79,84,84,81,75,72,72,70,65,62,61,63,70,84,105,114,110,115,129,134,129,136,153,156,145,126,97,93,113,108,77,63,67,71,75,79,82,89,99,105,106,110,117,124,129,131,132,127,116,110,107,102,93,83,70,61,57,57,62,62,57,52,49,48,51,51,48,44,38,38,45,48,48,56,73,81,80,79,78,63,35,19,16,16,19,22,27,28,27,30,36,38,38,41,48,55,63,69,73,76,79,81,84,85,84,84
72,75,79,79,74,72,73,75,76,78,80,82,84,86,90,90,87,90,99,99,89,82,78,75,73,83,106,126,141,150,152,153,153,156,160,156,143,135,131,131,136,139,140,128,104,91,90,90,91,93,94,95,96,96,97,101,109,110,103,99,97,96,95,93,90,87,83,82,82,88,98,90,63,50,49,52,56,65,77,85,89,101,119,129,130,126,117,112,111,105,93,82,72,73,84,89,89,85,75,71,70,65,56,51,50,55,65,82,107,116,110,110,116,122,129,140,155,158,149,128,97,91,111,106,75,60,60,61,61,61,62,68,80,87,90,98,109,117,120,125,132,132,125,121,120,117,111,104,96,88,79,75,76,72,64,59,56,54,52,51,50,46,40,38,41,42,39,44,55,66,75,80,78,62,31,14,11,10,12,15,17,18,18,19,21,22,23,28,38,45,49,56,65,69,68,70,74,75,73,72
75,76,77,75,69,66,66,67,71,84,108,111,94,86,88,88,85,86,90,90,86,82,77,72,67,78,105,127,144,153,155,157,159,160,162,156,144,136,132,131,135,137,138,132,121,111,101,100,106,113,120,121,116,110,103,99,100,102,105,107,109,106,99,94,91,88,87,86,85,86,90,89,85,87,96,96,89,89,95,96,94,97,105,109,109,111,115,117,119,120,119,113,101,96,99,100,100,92,76,67,63,55,43,39,46,56,70,89,113,119,108,100,96,107,132,149,159,161,153,132,97,90,112,109,83,67,62,59,59,58,58,63,73,80,82,86,91,90,83,80,83,91,105,114,118,124,130,135,137,133,121,113,110,100,83,74,73,67,58,53,52,49,44,43,46,46,43,44,49,63,86,92,82,60,28,11,8,8,10,12,15,16,15,16,18,19,19,26,39,47,47,56,71,74,63,62,70,71,65,62
70,71,72,70,65,62,61,62,65,81,110,117,101,92,88,87,90,90,87,85,82,80,79,73,63,73,104,127,143,153,157,158,158,159,161,156,142,135,135,135,136,135,134,133,130,123,111,110,118,126,134,136,131,123,110,102,98,99,103,107,110,109,104,100,96,95,95,95,94,93,93,96,103,109,116,115,108,105,106,106,104,102,101,101,102,106,113,118,120,124,130,129,120,115,114,111,107,95,75,62,57,50,42,40,46,56,72,91,114,121,114,104,92,101,130,147,153,152,147,128,97,88,104,106,96,89,84,79,76,71,66,66,72,77,80,81,82,75,61,54,55,67,90,102,103,108,119,128,136,136,128,124,124,118,105,99,101,95,83,77,77,71,60,54,55,53,48,47,48,63,92,98,83,58,25,7,6,6,8,12,18,18,14,13,15,18,22,31,45,53,55,62,75,74,60,56,63,64,59,57
59,61,65,65,62,60,59,59,60,70,87,100,107,103,89,89,102,103,91,83,78,78,83,78,62,70,102,126,140,151,158,158,152,152,160,155,138,134,141,143,138,133,130,129,131,128,120,120,127,133,139,141,141,133,119,109,104,100,99,99,100,104,109,110,107,106,108,108,108,108,108,111,115,115,110,109,114,115,112,113,117,116,109,106,107,109,112,113,113,117,126,130,129,128,128,122,112,95,71,56,51,50,53,53,50,57,73,91,110,123,127,121,104,105,124,134,135,134,130,117,95,85,87,97,115,124,125,121,112,100,86,78,76,78,83,85,84,74,55,46,47,59,81,86,73,71,78,85,91,96,101,108,120,127,130,134,139,137,128,124,125,113,88,73,68,62,56,53,51,65,94,100,82,56,21,4,3,4,7,14,24,24,14,10,12,19,31,43,54,64,71,75,75,69,58,53,54,55,57,58
54,56,59,60,58,58,59,60,61,67,78,91,107,107,93,91,104,106,98,88,78,77,85,82,67,74,103,125,139,150,158,157,146,147,158,155,138,136,148,149,139,132,127,126,130,130,126,127,133,137,140,139,135,130,124,118,112,106,99,96,99,104,111,114,112,113,116,118,118,119,119,121,124,122,114,113,119,118,110,108,113,113,109,105,103,100,97,97,101,105,107,114,123,126,122,117,111,94,66,51,49,50,55,56,52,58,76,93,109,123,135,133,119,117,126,130,128,123,115,104,89,83,85,95,112,123,127,126,122,115,105,98,96,96,97,95,91,78,57,46,44,54,77,79,59,51,55,59,63,69,77,88,101,112,120,127,135,137,135,136,142,134,112,99,95,91,85,78,71,79,101,103,83,59,29,12,7,6,9,15,24,23,12,7,9,19,35,49,59,67,73,74,70,63,55,51,51,53,56,58
57,56,54,53,54,57,63,66,68,73,81,91,101,103,98,96,96,100,107,101,81,75,84,85,77,84,107,125,140,151,158,155,142,142,155,155,142,142,155,154,140,131,126,124,125,127,130,133,136,138,138,130,114,112,126,130,124,115,103,100,105,109,111,112,111,114,119,123,125,126,125,127,130,131,128,126,122,113,98,91,91,95,102,100,89,78,67,69,86,87,73,78,102,108,97,96,105,93,60,45,49,50,49,49,50,61,81,98,110,123,137,142,138,137,136,134,131,120,101,88,78,81,96,99,88,84,88,95,105,114,121,127,132,131,123,113,103,87,67,53,44,53,78,80,59,49,50,51,53,55,58,62,68,72,74,79,87,95,104,115,128,134,131,132,138,138,133,123,107,104,113,107,87,67,48,31,18,12,13,15,17,15,7,5,8,18,35,49,60,64,60,59,60,57,52,51,55,57,57,57
59,58,55,54,55,59,66,69,70,73,80,86,92,96,99,97,92,96,109,105,83,76,82,85,86,94,109,125,140,151,157,154,140,139,153,154,143,145,159,157,141,129,122,120,124,129,135,138,138,138,137,126,105,105,128,138,135,126,112,105,105,106,108,107,103,104,110,116,121,121,115,116,124,126,121,116,112,105,93,86,84,89,102,99,78,62,53,59,82,83,64,67,94,99,82,82,98,90,59,46,50,51,47,48,51,63,81,95,106,117,128,135,139,140,138,136,134,124,106,93,84,88,105,99,70,58,60,70,86,101,113,123,132,133,125,119,113,104,93,80,67,70,90,89,68,55,51,48,48,47,46,47,50,50,49,53,61,69,79,90,103,112,119,126,134,138,137,133,125,120,118,110,96,83,70,56,39,32,35,32,24,18,14,13,14,21,34,45,57,59,51,50,54,54,50,50,54,56,54,54
61,61,62,62,61,63,69,70,67,68,73,78,82,87,94,95,91,94,104,101,86,78,78,83,95,104,111,123,139,149,155,152,139,138,150,152,142,144,159,158,141,126,115,114,126,134,140,141,139,137,137,127,108,109,132,144,144,138,125,112,98,96,103,101,88,83,88,96,107,105,89,89,107,107,91,85,89,93,95,94,91,96,110,101,69,54,55,67,89,93,79,81,98,97,78,75,89,85,63,52,52,51,51,53,56,64,75,86,97,105,109,114,120,126,131,135,139,137,129,119,107,104,110,95,60,43,45,52,65,74,79,86,95,101,105,111,121,128,134,128,112,107,113,106,86,69,57,50,47,44,41,42,47,48,45,48,56,60,60,62,66,70,75,80,84,90,97,109,124,126,116,110,109,104,96,85,71,68,75,67,44,33,33,32,28,28,32,39,50,52,46,46,53,53,48,47,50,50,48,47
65,65,67,66,64,66,74,75,71,70,73,74,72,76,87,91,88,92,103,102,91,83,77,81,93,103,111,124,141,150,153,150,141,141,150,150,140,143,159,158,140,124,110,110,123,134,142,144,139,136,136,129,115,117,135,145,148,143,130,114,96,93,103,101,86,77,75,82,97,95,76,77,98,98,75,65,67,75,88,91,83,88,106,100,68,56,64,78,97,100,87,86,98,96,82,80,91,88,69,59,56,55,54,56,61,67,74,84,98,104,102,103,106,112,121,129,134,136,134,130,123,120,122,104,66,46,43,45,51,55,57,62,69,77,85,95,107,119,131,132,122,119,123,119,108,96,82,74,70,63,53,50,52,51,48,48,54,54,49,46,46,47,50,52,54,60,70,86,108,114,105,102,108,108,102,96,90,91,97,89,67,57,59,56,49,45,43,46,53,53,46,46,52,52,47,45,46,46,45,44
70,69,69,67,63,68,80,84,80,78,79,74,63,64,77,83,83,91,106,109,99,90,81,78,81,91,109,128,146,154,151,149,146,146,151,149,139,143,159,158,139,123,108,106,117,129,142,146,139,135,133,131,127,129,137,143,147,142,127,112,99,97,108,108,97,85,72,74,92,92,76,78,98,97,73,56,46,52,74,77,60,64,91,94,73,69,81,94,106,104,86,83,93,97,93,96,105,99,77,65,63,60,56,58,66,73,78,90,108,114,108,102,96,98,109,116,119,121,121,125,133,138,142,125,88,65,56,49,43,43,47,51,54,59,65,69,72,77,84,91,98,107,118,128,136,135,125,119,115,103,83,71,65,61,57,55,54,51,45,42,42,43,44,44,43,46,54,65,79,85,84,86,92,93,88,89,97,101,102,99,92,90,91,87,77,71,68,67,66,61,52,49,52,51,46,43,43,43,45,46
72,73,77,75,68,70,79,83,80,78,76,70,60,59,68,76,83,95,111,116,109,99,86,79,79,90,112,132,149,154,146,144,147,149,152,148,139,143,160,158,139,122,106,104,114,127,142,146,139,134,133,130,127,129,135,141,145,138,121,106,93,91,102,102,90,79,68,73,92,95,83,85,103,99,72,53,41,48,74,77,57,59,84,86,67,63,75,88,102,100,83,81,95,101,100,102,106,96,73,61,62,60,57,59,66,70,72,85,108,118,113,105,94,91,97,103,109,111,108,113,127,138,146,135,106,89,84,76,64,57,57,53,44,42,48,50,51,53,57,65,77,91,106,119,130,134,130,129,130,124,108,98,93,87,80,73,65,59,54,49,45,43,43,42,40,41,45,52,62,71,81,87,89,84,74,75,89,95,94,95,100,102,102,99,93,89,87,84,81,75,67,63,61,59,56,55,55,52,47,45
71,77,90,90,79,73,73,72,72,69,64,62,62,61,59,68,88,104,116,122,121,111,92,85,89,100,120,137,150,150,137,135,144,149,152,149,140,144,160,158,139,121,105,102,114,128,143,146,137,133,134,128,116,116,129,137,140,132,114,96,79,76,87,83,64,57,64,78,99,105,95,98,113,105,73,56,54,65,89,92,75,72,84,77,50,39,45,60,84,90,78,82,102,109,104,99,94,80,58,49,52,54,56,58,60,59,56,69,97,114,119,114,99,90,87,92,104,105,94,94,107,120,134,134,119,117,129,127,112,99,87,67,38,27,34,39,42,46,49,54,59,70,85,92,91,92,96,104,117,125,129,132,135,129,116,102,88,79,77,68,53,46,47,47,46,45,45,49,57,73,96,104,96,82,60,55,67,73,73,78,89,93,92,93,96,98,99,98,96,94,92,88,81,78,78,79,83,73,51,40
78,84,96,96,85,79,76,74,74,71,65,62,62,60,57,69,95,112,122,127,129,119,97,88,92,102,118,133,147,149,138,136,143,149,152,149,140,144,160,158,139,122,105,102,115,128,142,145,136,133,134,125,105,104,122,134,140,133,112,93,77,74,84,78,56,49,56,71,94,100,89,92,108,103,75,64,69,81,101,102,84,78,87,78,51,38,40,52,75,81,69,75,99,107,99,93,91,76,49,38,43,47,50,51,51,50,47,60,89,107,115,112,98,89,85,88,98,98,86,85,96,106,117,117,107,110,126,131,123,116,108,91,63,49,49,49,49,46,40,38,42,54,72,80,75,74,77,85,98,109,117,126,135,136,129,119,107,103,105,98,80,70,69,66,61,55,49,49,55,72,99,108,99,80,50,40,50,57,60,66,74,77,76,79,86,90,92,94,96,97,98,96,91,90,91,94,98,88,66,54
94,94,95,93,88,87,89,89,86,82,78,70,58,56,63,79,103,119,127,132,134,123,101,89,89,95,107,122,140,149,148,147,146,147,152,149,139,142,159,158,139,122,106,104,115,128,142,144,136,133,134,122,95,92,114,132,145,140,115,98,86,85,93,87,67,52,43,51,77,81,63,65,88,93,79,77,87,99,111,106,83,78,92,89,70,60,60,66,77,74,56,60,86,94,83,85,99,86,47,30,35,37,38,39,40,42,43,56,83,98,102,100,92,90,92,93,91,88,84,86,93,95,94,85,71,68,76,86,97,109,121,124,119,109,94,82,71,53,28,19,27,43,67,81,83,81,74,72,73,74,75,82,95,108,119,124,124,129,139,138,125,116,109,99,84,70,59,55,57,69,89,98,96,78,44,30,37,46,57,60,55,52,53,56,61,65,66,72,81,85,84,86,92,96,97,98,100,98,90,87
94,92,89,87,86,88,92,93,90,87,82,75,63,61,68,82,103,117,123,128,131,123,103,92,88,90,99,112,129,140,146,146,141,142,150,149,138,141,158,158,140,125,114,112,118,128,141,144,136,132,134,121,93,89,110,129,147,142,115,99,96,96,100,93,75,59,44,49,74,77,57,58,81,86,72,70,80,93,109,104,80,78,98,100,85,76,71,73,81,76,58,61,85,89,76,79,98,87,46,27,31,32,32,33,35,37,37,51,78,93,96,93,84,82,87,87,81,80,81,84,89,90,89,77,55,46,51,60,74,89,106,117,123,122,112,104,97,80,54,43,46,58,79,89,90,81,64,55,53,50,46,52,68,86,104,114,115,123,135,138,132,128,127,121,110,98,85,77,74,79,94,101,101,81,42,25,30,39,53,54,42,38,41,43,44,45,47,53,62,66,65,70,80,86,86,88,93,96,96,97
77,77,77,78,80,82,86,87,87,84,79,77,77,76,72,79,96,106,111,116,122,118,105,95,88,88,95,103,114,124,131,133,128,133,147,148,137,140,158,158,141,131,129,126,123,128,142,144,135,131,133,122,100,95,110,126,145,140,110,99,104,107,105,96,80,67,58,63,85,87,70,70,88,83,55,44,48,64,93,97,77,79,104,110,97,85,73,73,87,88,76,78,95,94,77,75,87,77,46,30,32,32,30,32,35,35,31,44,72,90,98,92,73,65,68,69,69,71,78,82,83,90,102,91,60,46,50,53,55,58,63,70,78,89,103,115,126,127,119,110,101,100,107,105,95,76,47,34,38,37,31,37,55,70,84,87,80,82,93,98,100,108,123,133,139,137,128,117,104,103,113,116,114,90,46,26,30,37,48,48,36,34,39,39,33,32,36,38,39,40,41,46,56,60,58,63,76,82,84,84
68,69,72,75,79,81,81,80,80,79,77,79,83,82,74,76,87,95,100,106,112,112,104,96,88,87,92,98,106,114,121,124,123,129,142,146,139,142,157,157,141,133,134,130,124,128,142,145,135,131,132,124,107,103,111,125,143,138,110,98,101,100,95,86,75,69,69,78,95,98,85,83,92,82,54,40,41,56,85,89,68,71,98,105,90,79,71,76,93,98,90,91,99,95,81,78,87,76,44,28,29,29,29,30,34,32,26,39,69,91,103,99,78,67,66,65,66,68,73,77,79,89,105,100,74,60,59,55,48,44,44,47,54,67,86,104,119,129,132,131,124,123,129,124,109,86,55,38,36,32,25,27,39,53,67,68,58,57,65,70,72,82,100,115,129,134,132,127,121,119,122,122,118,93,47,24,25,31,43,42,29,28,37,36,25,23,29,32,30,29,31,36,43,45,42,47,60,67,66,66
67,69,72,77,83,83,77,73,69,71,77,80,81,79,75,74,77,83,92,98,102,103,100,95,88,87,91,97,105,111,114,119,125,131,136,140,142,148,157,155,140,131,129,125,121,127,142,145,137,132,132,127,115,111,115,125,139,135,113,96,86,76,68,62,59,64,79,93,105,108,102,97,94,84,68,59,59,68,85,80,54,54,82,85,64,58,68,82,101,107,102,99,97,92,86,88,99,83,41,21,22,24,27,29,31,29,23,36,69,94,113,115,100,89,80,75,72,70,69,71,77,86,99,103,97,88,78,66,53,47,46,48,51,56,62,69,75,84,95,105,114,127,144,146,132,113,88,66,48,35,27,23,23,32,51,57,49,48,52,52,50,52,58,67,80,90,98,109,123,127,121,117,114,90,45,20,17,23,38,37,21,20,35,35,20,18,28,34,34,34,35,37,41,41,36,38,47,49,44,42
63,65,70,75,80,81,77,72,67,69,76,78,75,73,72,71,71,77,88,97,102,105,105,101,93,91,95,99,103,107,111,119,129,134,134,134,134,141,153,152,138,129,123,120,120,127,142,146,137,132,133,126,114,110,116,124,136,132,111,93,79,67,59,53,48,55,71,87,100,103,96,93,95,91,81,77,78,82,89,80,56,56,79,78,53,46,58,75,97,104,97,95,96,95,92,94,103,86,43,22,21,22,23,26,28,27,22,36,69,97,119,127,120,111,100,93,90,82,70,69,78,88,98,104,108,106,98,88,74,66,62,59,54,53,54,55,55,60,70,81,93,112,138,145,132,120,109,95,78,65,55,45,34,36,51,53,41,37,41,42,40,39,38,42,51,61,71,87,109,117,110,107,108,87,44,19,13,18,34,34,16,16,34,34,18,16,26,32,32,34,38,40,41,39,34,35,41,40,32,28
54,58,65,69,70,74,79,79,74,72,74,72,65,63,66,68,69,76,89,101,111,116,118,113,102,99,102,102,100,103,112,122,134,138,134,127,115,121,144,149,137,126,117,115,119,128,143,145,136,132,133,124,102,99,112,123,133,127,105,90,81,74,69,59,44,40,46,60,81,84,68,71,93,101,94,93,98,99,96,88,74,75,89,83,55,42,42,56,82,88,76,79,97,104,99,97,99,84,51,31,25,21,18,19,24,25,24,39,71,99,122,135,136,133,127,122,117,103,78,72,84,93,100,105,107,112,121,121,111,102,93,80,63,57,62,62,58,56,58,60,63,80,111,121,109,108,118,125,128,123,109,93,74,65,67,56,34,26,32,38,44,45,40,39,43,47,51,62,80,89,89,93,102,86,46,22,12,16,32,31,13,14,34,35,19,15,23,26,25,29,39,44,42,39,36,38,44,41,29,23
49,54,64,68,67,71,79,80,74,70,69,65,58,59,68,72,71,78,91,103,113,118,117,111,102,98,101,101,98,100,107,117,129,133,129,120,104,110,138,147,136,125,114,111,115,125,141,145,136,132,134,122,95,92,111,124,130,124,105,93,90,85,80,68,48,39,43,56,77,77,55,59,88,98,88,86,92,96,98,95,87,88,98,88,59,44,42,54,79,82,63,66,92,101,93,92,97,85,55,38,32,27,25,23,23,23,24,40,71,96,115,124,125,127,130,132,132,120,94,85,92,96,99,101,103,108,118,121,120,116,112,101,85,78,80,76,64,56,52,49,46,62,95,104,88,89,105,120,132,135,129,119,105,97,95,81,56,43,42,43,47,45,39,37,38,39,40,49,64,76,85,93,100,88,56,37,31,32,39,35,18,17,33,34,18,14,22,24,20,25,38,44,44,42,39,40,45,41,29,23
46,52,66,72,70,72,78,76,68,62,60,57,54,61,76,82,78,82,94,103,109,109,102,96,91,90,93,95,95,96,97,103,112,117,118,113,102,110,136,145,137,126,113,108,109,119,139,145,137,133,134,120,92,89,112,125,129,124,110,104,105,101,91,77,58,53,62,74,88,82,56,55,79,81,63,56,60,73,95,103,95,96,105,94,64,52,57,70,89,86,60,58,80,86,75,78,96,89,58,42,40,41,43,38,25,20,21,38,69,88,96,96,87,92,111,125,134,132,119,109,102,98,95,94,95,93,88,90,99,109,119,123,121,117,109,95,74,60,52,47,44,58,91,94,69,61,71,80,90,101,114,122,127,131,135,127,107,88,70,57,48,41,37,35,35,36,37,46,61,78,99,107,103,92,74,67,69,65,56,44,30,26,33,30,17,15,24,25,18,20,33,42,46,46,43,42,44,40,30,26
46,52,64,69,67,68,72,71,65,60,59,56,53,59,74,81,80,84,93,99,101,100,95,91,87,88,93,96,95,96,99,102,103,105,108,108,105,113,132,140,136,131,124,117,110,117,138,145,138,134,133,124,105,102,117,125,127,123,111,105,103,96,84,74,65,66,77,87,98,88,60,56,78,79,59,48,47,60,88,97,86,87,99,94,72,64,72,81,92,85,60,58,79,83,69,72,91,86,57,44,47,50,53,46,29,20,20,35,66,84,87,79,59,60,82,100,113,122,126,124,116,110,106,102,97,88,75,74,86,98,111,120,124,124,120,111,96,84,74,64,53,62,90,89,59,47,52,58,64,78,99,113,119,127,135,135,127,114,97,84,75,67,61,55,47,43,41,46,59,78,105,109,92,84,84,87,92,88,75,63,52,47,50,43,27,24,32,31,21,21,33,41,46,49,49,48,47,42,34,30
49,51,57,59,58,59,63,65,64,64,65,62,54,54,62,69,76,82,88,90,89,91,97,96,88,90,102,104,96,99,114,114,101,96,98,104,111,119,127,132,133,138,147,140,119,119,139,146,138,133,132,132,133,130,124,123,125,120,108,95,84,72,60,59,70,79,87,96,106,95,65,63,87,91,75,63,54,59,77,78,60,61,81,88,82,82,87,89,88,79,62,65,87,91,77,74,82,75,52,44,51,54,55,49,35,25,19,32,64,83,88,74,41,31,45,58,69,88,114,129,132,134,133,124,107,92,79,75,80,84,88,92,94,101,112,122,131,129,116,98,75,73,93,88,58,46,50,52,53,63,84,90,82,83,95,105,114,120,123,125,127,123,112,96,76,60,50,50,59,76,101,99,68,63,85,97,99,99,97,92,83,80,83,73,50,41,45,41,29,28,36,42,44,49,57,58,53,47,40,36
43,46,52,55,57,59,61,62,61,62,65,64,57,55,57,65,76,83,84,85,86,89,95,94,87,90,103,105,94,98,115,115,98,93,99,108,118,121,117,118,123,136,155,153,129,125,142,146,138,133,131,135,145,143,129,123,125,120,109,94,78,63,50,50,62,72,79,88,99,94,71,72,96,102,90,76,60,60,76,75,55,55,74,81,77,77,81,85,89,85,73,76,94,95,80,77,84,75,50,41,49,54,56,53,44,36,27,38,69,88,93,76,36,20,28,35,43,61,89,109,122,132,141,136,119,103,89,79,76,75,76,78,79,86,101,116,132,136,129,116,97,95,110,101,70,54,54,52,47,54,74,76,61,58,68,79,92,105,118,127,133,135,132,123,106,91,78,73,75,85,102,93,59,55,81,93,89,91,99,101,97,97,101,94,74,64,63,57,46,41,41,40,40,47,61,63,54,46,39,35
30,36,48,57,64,67,66,62,55,54,59,61,61,60,60,67,82,86,82,84,93,95,89,85,84,88,97,97,89,91,102,103,93,96,111,120,124,118,102,98,107,123,149,154,140,137,146,146,137,132,130,133,143,142,130,125,125,122,114,102,84,69,55,47,44,45,51,62,79,84,77,84,106,112,102,87,65,65,85,87,70,66,77,73,55,49,54,69,93,101,92,92,100,96,79,79,96,86,49,35,42,49,56,59,58,54,45,55,82,98,103,85,45,26,29,32,36,42,51,65,84,106,131,140,134,123,105,89,74,70,75,78,79,82,87,93,100,107,112,117,121,129,141,129,95,74,66,57,46,50,69,72,57,51,54,57,59,67,81,89,92,103,122,134,138,134,124,115,109,106,106,93,64,57,73,74,62,64,80,90,94,99,104,104,98,93,87,80,72,61,46,36,32,41,61,64,50,39,31,27
24,31,45,56,64,67,65,60,52,51,56,60,63,66,68,75,86,89,82,84,94,95,86,82,85,89,94,92,83,82,88,90,88,95,113,124,128,121,101,91,92,108,138,152,148,147,148,145,136,131,130,131,135,136,133,129,125,121,117,108,95,79,61,48,41,40,44,54,69,75,71,80,102,107,95,83,71,75,94,96,80,75,81,74,52,42,46,61,89,98,87,85,91,87,75,79,101,93,54,37,43,48,50,53,58,59,56,66,91,105,107,91,56,39,39,39,39,39,39,49,69,93,121,133,129,123,114,104,92,86,85,82,77,75,77,79,82,88,96,107,118,131,145,139,113,97,92,82,68,66,74,71,54,46,46,45,42,48,62,66,61,72,98,116,126,130,127,125,124,120,114,97,69,59,69,65,49,47,61,71,78,84,89,94,100,101,97,94,90,80,63,52,46,51,67,67,52,39,29,25
26,32,45,53,58,59,58,55,51,52,58,62,65,71,80,86,90,89,85,85,90,90,85,85,90,93,95,89,77,71,71,75,81,91,105,118,131,129,113,97,80,89,124,145,154,155,149,143,136,132,132,129,123,126,137,137,124,118,118,115,109,93,67,54,55,56,59,63,69,65,53,59,84,88,69,65,77,89,104,102,85,80,88,84,67,58,56,63,77,75,58,55,65,69,66,76,99,95,62,48,53,49,37,35,43,51,58,73,95,107,107,95,70,57,56,54,52,52,55,63,76,93,112,116,104,105,117,125,130,124,107,90,73,67,72,75,77,80,83,86,88,101,124,132,125,124,130,126,114,101,89,72,53,43,44,43,42,48,60,58,41,41,59,69,71,78,88,102,120,127,125,107,73,61,69,65,48,40,40,43,48,52,55,64,79,89,94,97,99,97,94,88,81,78,77,71,58,46,34,28
28,33,42,49,52,53,53,51,49,52,59,64,65,72,84,90,91,92,94,93,89,86,84,85,89,91,93,88,78,71,68,70,78,87,96,111,132,135,122,106,90,95,124,143,154,156,149,141,130,127,130,130,125,131,146,145,129,120,118,113,107,92,69,62,69,73,75,73,68,60,49,56,80,83,63,61,78,92,105,105,91,90,100,99,88,82,79,80,86,81,66,62,68,71,70,78,96,93,68,57,58,50,34,28,32,38,48,66,92,106,108,99,79,68,66,64,63,65,71,77,83,91,102,101,88,89,103,117,129,129,115,103,90,82,78,75,73,71,71,69,67,79,106,118,115,118,128,132,130,123,110,95,77,64,57,51,46,50,62,56,31,25,37,42,38,43,57,77,104,118,120,104,69,57,67,63,46,34,28,27,30,32,33,41,54,67,79,87,90,94,99,100,97,92,87,81,73,64,54,49
30,33,38,43,46,48,49,48,45,49,59,64,65,70,80,86,89,97,109,107,91,82,81,81,82,84,88,89,87,83,76,75,78,82,85,101,130,139,126,121,121,127,138,145,147,148,149,139,120,115,125,134,143,151,158,154,141,129,117,104,89,77,68,70,83,90,92,84,66,58,60,70,90,92,77,71,74,83,98,104,100,104,116,120,117,115,114,114,116,115,110,104,98,92,86,85,91,87,72,62,57,50,41,32,23,20,24,44,80,102,110,103,82,70,67,68,72,79,87,90,88,89,92,89,82,77,74,79,90,101,111,120,128,120,97,80,69,62,60,58,55,67,92,97,82,79,86,99,117,130,139,138,127,110,85,67,54,54,67,60,33,24,32,33,25,25,33,50,77,93,99,87,57,49,62,59,42,31,24,22,24,24,23,23,26,36,53,62,63,69,80,88,93,96,97,97,96,94,91,89
39,40,42,44,48,52,57,58,55,57,64,68,67,72,81,87,89,98,113,116,106,95,85,79,78,82,89,92,93,89,81,78,79,80,80,93,119,129,122,123,130,135,137,137,136,138,141,133,113,109,121,133,146,155,161,158,147,131,109,92,78,71,68,72,84,91,93,88,75,73,81,91,105,107,97,87,76,79,95,101,99,103,112,118,119,117,113,113,117,118,115,111,105,98,89,85,85,80,70,60,51,47,47,40,25,18,19,38,75,100,114,112,95,85,82,85,92,96,98,96,91,89,90,88,81,71,59,57,66,79,95,111,126,124,106,92,84,76,69,62,56,64,85,86,66,58,62,75,95,114,132,139,137,126,108,92,79,76,82,70,42,29,33,30,20,16,18,32,58,77,89,82,56,49,59,55,37,26,22,19,18,17,15,13,11,20,38,46,44,50,63,74,81,85,88,92,97,101,104,105
56,55,53,54,58,66,77,82,80,78,75,74,73,78,89,93,90,94,107,120,133,125,95,80,79,84,95,99,97,92,82,78,79,80,81,87,99,107,110,113,117,119,121,121,122,124,127,122,108,107,117,126,135,145,155,156,148,127,94,76,76,73,69,68,71,74,78,85,96,105,112,118,124,126,124,110,84,79,94,97,89,87,90,93,94,89,76,75,87,89,81,81,88,88,80,76,76,72,63,52,41,41,52,52,38,32,34,49,78,102,120,125,116,112,111,114,121,117,104,95,91,92,98,96,85,72,57,51,57,62,68,75,84,93,104,113,119,114,97,82,69,70,85,83,65,56,56,60,65,75,88,98,105,114,125,128,122,115,106,87,58,42,38,32,23,16,12,22,48,71,91,90,68,57,59,50,30,21,21,18,12,10,10,10,10,18,34,38,32,35,50,58,61,62,61,67,78,87,93,96
74,74,73,76,81,86,93,95,93,88,82,79,79,83,91,93,90,92,101,115,134,130,102,85,80,83,93,98,97,94,89,84,81,79,80,82,87,94,102,108,112,113,111,110,110,111,114,111,103,104,114,120,124,132,143,146,141,124,94,82,87,88,83,77,69,67,69,79,97,107,107,110,117,121,123,111,88,82,93,97,93,92,92,92,90,85,74,73,82,81,69,68,78,80,75,72,70,65,57,47,35,37,51,55,47,45,47,60,84,105,124,133,132,131,130,130,131,122,103,93,91,95,103,105,99,87,69,57,54,52,53,55,59,71,91,107,118,119,109,100,92,91,99,92,72,59,54,51,49,53,63,72,80,93,112,126,133,131,120,105,87,74,67,56,43,30,18,22,43,66,92,95,76,65,61,49,29,19,19,16,9,6,7,8,8,15,28,31,24,27,41,47,45,44,44,50,61,69,76,80
95,97,102,109,116,114,104,97,92,88,84,83,85,87,87,88,89,92,96,102,110,111,104,95,83,79,84,88,91,95,102,98,84,77,78,80,83,90,99,108,117,117,109,103,101,100,100,99,96,101,112,116,113,116,124,128,127,121,111,108,113,114,113,101,79,68,67,71,81,79,65,67,84,93,93,91,86,86,91,99,111,117,118,115,107,105,108,107,103,94,80,73,75,75,74,71,67,61,53,45,35,35,43,49,52,56,59,71,92,110,125,136,142,143,139,133,124,112,96,89,90,96,105,114,123,116,95,75,56,48,49,51,53,58,67,75,82,93,106,116,123,126,125,112,88,69,56,49,46,49,55,59,61,64,69,85,110,123,124,126,128,126,117,102,80,58,35,30,43,64,93,99,82,71,65,52,32,21,17,14,9,6,5,5,7,12,22,25,21,25,39,42,34,32,37,41,44,48,53,55
113,117,125,131,135,128,110,99,95,91,89,90,94,95,91,90,92,95,98,101,103,103,100,93,83,78,79,82,87,93,101,98,83,76,76,78,80,86,94,105,118,120,110,102,96,94,94,95,95,100,110,114,110,110,113,114,113,108,101,100,107,112,116,108,88,78,80,82,86,80,65,65,80,85,80,79,81,82,81,87,100,110,117,116,105,103,109,108,101,91,78,72,72,72,70,67,64,58,50,42,33,31,36,43,51,56,56,69,93,110,119,124,126,130,135,134,126,115,101,93,92,95,102,110,119,119,108,94,78,67,61,55,51,50,53,57,62,74,92,107,119,126,128,122,108,93,78,65,53,48,50,51,50,49,49,63,91,107,112,118,127,132,132,125,110,91,68,58,60,72,96,101,89,79,73,59,37,24,18,14,11,8,4,3,6,11,18,21,20,25,36,36,26,24,31,35,36,38,41,42
130,134,142,143,138,127,111,102,100,99,97,99,106,107,103,100,98,101,107,111,114,107,89,80,81,81,80,82,86,88,87,84,79,76,76,76,77,81,88,100,117,122,115,107,97,94,97,99,99,103,109,113,114,113,110,106,100,86,64,58,68,80,93,99,96,99,107,112,114,112,106,104,105,98,84,75,72,68,62,60,61,71,89,94,85,80,79,78,77,73,66,64,69,69,64,61,62,57,48,39,29,27,32,38,44,45,39,53,87,105,105,99,87,93,118,132,135,130,117,106,97,93,94,93,90,95,109,116,118,108,87,69,53,47,51,54,58,62,66,72,81,92,106,120,133,133,120,98,68,50,47,46,47,48,50,59,75,83,83,83,83,92,111,125,132,129,116,104,93,92,102,103,95,89,86,71,44,28,22,17,14,10,5,3,5,10,17,21,21,25,32,31,21,20,27,32,37,39,40,40
140,143,150,149,142,131,115,106,106,105,103,105,109,109,105,102,100,103,109,114,115,106,85,77,80,81,80,81,84,84,80,79,80,79,77,75,76,78,83,95,115,123,119,113,104,100,100,99,98,101,106,110,114,113,109,103,96,81,58,52,63,73,83,91,95,101,108,112,112,111,109,108,109,99,78,66,64,60,56,52,49,56,73,79,73,68,65,64,66,64,58,57,63,64,60,59,60,56,48,40,34,34,39,44,48,49,45,59,93,108,104,94,79,83,104,119,129,131,125,118,108,101,96,88,75,78,97,110,119,116,102,88,74,66,62,59,58,56,53,54,58,69,87,105,125,134,132,119,94,76,65,58,54,52,52,56,64,68,66,63,59,67,87,105,119,126,124,120,114,110,110,105,96,92,94,84,62,48,41,36,32,25,15,9,6,9,18,21,19,21,27,26,20,19,24,29,35,37,36,36
143,145,149,150,147,138,122,113,112,110,108,107,105,102,98,96,98,101,106,108,106,100,90,83,79,78,79,80,82,82,81,82,87,86,79,76,75,76,78,91,114,124,122,120,118,112,104,97,92,94,101,106,109,110,108,105,101,94,83,82,90,91,86,83,84,84,83,82,81,78,73,78,94,89,63,52,55,59,63,65,64,66,69,71,71,70,67,66,66,62,54,51,54,57,59,59,58,54,49,47,48,52,57,61,63,67,73,87,109,118,113,108,104,99,92,94,107,118,127,130,126,119,109,94,75,68,72,77,82,92,106,114,114,105,88,73,60,54,53,52,51,57,69,78,85,98,115,126,131,124,105,87,71,60,53,52,58,61,60,58,57,57,61,65,71,79,91,105,121,126,119,108,91,87,97,98,91,83,76,70,65,53,35,20,9,9,21,23,15,14,19,22,22,22,22,25,31,33,30,29
136,136,136,136,136,131,121,116,115,113,111,107,103,99,96,96,100,102,104,106,107,103,93,86,81,79,79,80,83,83,81,84,91,90,80,76,77,77,76,85,105,115,114,117,125,121,105,95,90,90,95,100,105,107,106,105,104,100,94,94,98,95,85,78,73,70,67,65,62,60,60,68,84,82,60,51,57,62,68,69,67,64,62,62,64,64,62,61,61,57,49,46,48,52,57,58,55,53,54,57,63,68,72,75,77,81,85,96,113,120,117,114,112,103,86,82,90,101,114,123,128,127,121,105,80,65,62,61,64,77,99,114,122,120,109,96,81,69,61,54,47,48,58,62,62,72,93,112,127,130,119,109,98,86,74,66,62,59,56,56,58,55,48,46,47,55,69,87,107,117,117,106,84,79,91,97,98,98,95,91,87,77,60,45,30,26,34,32,19,13,15,19,25,27,26,28,32,31,25,23
121,118,111,109,110,111,114,115,114,113,110,107,103,101,99,101,106,107,104,108,117,113,94,85,85,84,81,82,87,87,81,83,93,92,80,77,82,82,77,80,90,95,94,104,125,126,104,93,91,90,88,92,101,105,105,105,104,100,91,86,86,84,81,74,63,59,63,61,55,57,69,77,80,77,67,64,68,70,70,66,56,52,51,52,53,51,47,47,51,50,44,43,45,49,55,56,51,53,64,72,79,83,85,87,91,89,82,87,105,114,116,112,104,95,87,81,77,79,88,99,112,123,132,120,89,71,66,65,66,71,79,88,98,111,128,130,118,101,78,60,46,44,54,57,54,58,69,77,82,93,108,122,133,130,114,96,76,63,56,56,62,60,50,46,48,52,58,64,70,83,104,102,76,68,75,81,85,90,97,100,100,97,91,82,69,61,56,46,31,20,15,18,29,35,36,37,38,33,23,18
98,96,91,90,92,98,107,112,113,112,111,109,107,105,103,104,108,108,104,108,120,118,101,91,86,83,81,82,86,86,80,83,93,93,81,79,85,85,78,76,80,84,86,99,123,126,109,98,94,89,85,87,97,102,102,104,105,103,96,90,85,80,76,69,58,53,53,50,45,49,63,70,70,69,67,70,77,79,77,66,47,40,43,46,48,47,43,43,49,53,53,54,56,61,67,69,64,67,77,85,90,92,90,90,92,87,77,82,103,114,115,109,96,87,82,77,72,72,77,85,97,109,121,119,102,91,85,79,73,69,66,70,80,96,119,129,126,116,99,82,66,59,61,58,50,49,54,56,55,66,90,110,128,134,128,116,99,87,78,73,74,66,51,46,50,54,57,56,51,64,93,96,72,62,67,69,69,73,83,91,97,101,103,100,93,85,78,67,52,39,28,26,34,38,38,39,41,36,25,20
67,70,77,81,84,91,103,109,110,111,112,112,112,110,105,103,105,105,104,107,116,118,114,103,85,76,79,80,81,80,78,82,92,92,83,81,89,88,79,75,77,82,91,103,118,123,118,109,97,89,85,86,93,97,99,102,106,109,110,105,94,82,71,63,59,51,38,32,32,35,40,47,54,59,61,70,85,91,87,70,39,29,38,46,51,52,47,49,57,66,75,80,82,86,94,97,95,94,95,96,97,94,87,83,80,75,69,80,108,120,115,105,89,78,73,72,75,79,81,82,82,84,88,100,118,124,117,104,85,70,61,61,70,77,82,92,104,115,125,123,109,95,79,64,50,45,50,50,45,50,64,75,84,97,113,125,132,130,121,108,91,72,51,45,55,61,65,62,52,60,86,89,70,62,66,62,49,47,54,64,77,87,95,100,101,101,100,94,82,69,55,45,40,36,33,35,42,41,34,30
59,65,76,83,85,92,102,108,109,111,113,114,115,111,104,100,102,102,103,106,112,116,117,109,91,83,85,85,82,80,77,80,87,89,83,83,88,88,83,79,77,79,86,99,117,126,126,118,102,90,84,83,88,93,96,101,107,112,116,112,100,88,75,64,58,46,30,23,24,26,29,36,45,52,55,67,86,94,91,72,36,24,35,46,55,59,57,62,73,83,93,98,98,101,107,109,108,107,104,102,101,97,91,86,82,78,75,87,114,124,117,106,91,80,73,70,72,74,77,76,70,67,68,82,109,123,124,116,101,87,74,67,68,68,67,73,85,99,115,121,118,110,96,81,67,58,54,48,40,40,49,54,56,68,91,110,126,133,132,125,111,94,73,66,72,75,75,67,54,60,85,90,74,67,68,58,38,30,34,43,55,65,74,81,87,95,104,106,100,91,78,68,60,53,46,44,45,43,38,36
73,78,89,95,97,100,105,108,109,111,114,115,114,109,98,95,97,100,102,105,109,110,109,107,105,102,99,95,92,86,79,77,80,82,83,83,83,85,89,87,80,75,72,88,120,135,132,123,108,94,82,78,83,88,93,100,107,112,114,111,105,97,87,72,54,40,30,24,21,23,29,36,43,47,50,61,80,89,87,70,36,24,34,46,61,70,74,82,96,104,108,108,104,103,105,105,106,105,103,102,102,102,101,99,97,96,95,103,120,126,121,113,101,91,83,73,61,59,65,66,60,59,61,66,76,89,104,115,123,119,103,88,75,69,72,72,70,69,69,77,92,103,110,109,101,86,64,48,38,38,46,49,45,49,62,73,81,94,112,125,133,131,119,110,103,95,86,73,56,63,91,98,84,75,73,59,34,22,23,26,31,35,39,45,53,68,90,102,104,103,98,94,93,87,78,66,50,41,39,38
90,94,102,106,107,108,111,112,112,113,116,116,114,108,100,96,96,98,102,105,109,109,107,107,107,108,108,103,94,86,79,75,76,80,89,90,83,83,92,91,81,73,67,81,114,131,132,127,116,100,80,74,81,88,92,98,104,108,110,110,108,104,96,83,63,50,42,35,30,30,35,40,43,46,49,59,75,83,82,68,42,34,45,59,74,84,88,96,107,113,113,110,106,104,103,103,104,105,104,103,103,104,105,106,105,105,105,111,123,128,125,120,112,103,94,84,73,68,71,70,67,66,68,66,59,66,87,105,120,124,117,108,96,87,80,72,63,55,48,54,72,89,103,112,115,107,90,74,59,52,51,47,40,40,48,53,57,68,88,107,124,132,133,130,124,115,104,89,69,70,92,99,92,86,79,63,36,22,20,20,20,22,23,28,35,49,71,85,91,96,98,102,106,105,97,84,66,56,54,53
109,110,113,115,115,117,120,120,116,116,118,118,113,110,108,104,99,98,102,106,111,112,111,107,99,101,112,108,89,79,76,75,74,82,100,102,87,83,92,91,80,73,70,79,98,114,127,130,125,107,78,70,85,92,93,94,97,100,103,106,110,109,103,95,85,75,66,58,51,47,48,48,47,48,51,59,70,75,75,67,53,54,71,85,97,102,102,103,106,108,108,106,103,102,102,102,104,105,105,104,103,103,105,105,106,106,105,111,123,129,130,128,123,116,108,104,106,102,95,90,89,90,91,80,58,55,73,85,90,100,115,125,132,121,91,71,63,56,50,51,58,66,76,89,107,120,130,124,103,83,63,49,41,41,48,52,52,55,61,71,84,99,115,127,135,136,131,116,92,83,88,94,99,97,87,69,44,30,26,24,24,25,26,29,33,38,45,53,61,70,79,89,101,105,103,99,94,89,84,82
113,114,117,118,118,120,123,123,120,119,120,118,112,110,112,109,100,98,102,107,111,113,115,109,95,96,112,109,87,75,75,74,73,81,98,100,88,84,89,88,82,77,73,76,85,100,119,128,126,109,78,70,86,93,92,92,95,97,96,100,107,110,109,105,99,91,80,70,61,55,53,51,50,51,55,60,67,70,68,64,59,65,82,95,104,107,104,102,100,99,99,100,100,101,101,102,104,106,106,106,104,104,104,104,105,105,105,111,123,128,128,128,129,127,120,118,120,115,103,97,98,100,103,92,65,57,66,71,70,79,100,119,135,130,104,88,81,72,61,55,53,56,62,74,91,110,130,134,121,106,89,73,58,51,54,54,51,50,49,54,63,77,95,111,127,134,134,126,112,102,98,98,102,100,91,73,47,33,30,29,30,32,32,34,36,38,38,40,45,52,61,71,81,88,92,96,101,103,101,100
103,106,112,115,115,117,119,121,124,124,121,116,110,108,112,110,100,98,103,107,109,113,118,112,95,93,106,104,86,76,74,73,72,75,81,85,87,86,83,83,86,84,76,73,74,87,109,120,120,106,79,72,84,90,89,92,99,98,89,90,100,107,112,112,106,97,86,73,60,53,50,49,51,54,60,64,67,66,60,58,60,67,80,89,95,97,95,93,89,88,88,91,97,100,102,103,105,106,107,107,106,105,104,103,102,103,103,110,123,127,121,122,131,134,132,126,117,107,96,91,94,98,105,99,82,71,67,63,58,61,73,88,105,116,122,122,116,103,82,67,58,57,64,68,69,76,90,102,112,120,127,117,90,73,65,59,56,54,54,56,60,66,72,83,99,109,112,118,127,127,120,111,101,94,91,74,46,31,30,33,39,42,42,43,46,48,49,48,43,42,45,47,48,54,65,76,89,98,105,108
86,90,98,104,108,111,113,116,122,123,118,113,108,108,113,111,101,98,101,104,105,110,118,115,103,97,99,95,85,79,75,73,72,72,72,77,86,86,79,79,86,85,76,71,69,83,114,129,129,116,90,81,89,92,90,92,97,95,88,88,97,105,113,114,110,102,89,77,66,57,50,48,52,57,63,65,63,58,49,49,58,67,77,84,87,88,87,84,82,81,81,87,96,102,103,105,105,106,108,108,108,106,103,102,101,101,102,109,123,125,114,114,124,130,134,131,121,110,97,91,92,96,103,103,96,89,82,72,59,55,60,68,81,96,113,123,126,120,103,88,74,67,67,66,62,62,66,76,92,108,124,124,107,95,88,80,71,65,61,59,60,60,61,67,80,89,92,102,118,126,125,116,100,91,89,74,44,29,28,32,39,42,41,42,43,45,49,47,40,35,32,30,29,34,45,59,74,86,96,101
61,65,73,83,95,102,104,108,115,116,111,108,106,109,115,113,104,98,97,97,99,105,114,119,119,110,91,83,86,84,77,73,71,71,72,76,84,84,78,77,82,81,74,70,69,90,134,156,154,139,110,96,99,98,93,90,88,89,92,95,98,103,110,112,111,104,91,82,78,68,53,48,53,58,64,63,56,46,35,37,52,64,74,80,81,80,78,77,77,78,79,86,98,105,106,106,105,106,110,111,109,107,103,101,102,101,100,108,124,124,108,103,107,115,127,133,133,124,105,95,92,93,98,103,109,111,110,98,75,62,59,59,63,69,77,91,112,123,126,119,101,86,73,68,70,67,58,57,62,70,82,95,109,118,122,115,97,82,70,63,61,61,62,65,72,75,75,79,87,99,113,113,98,89,87,71,42,26,23,25,31,33,32,30,27,30,37,39,35,30,24,22,25,29,34,43,56,66,74,78
49,56,72,85,94,101,106,111,114,113,108,106,108,109,109,106,101,97,95,95,96,102,111,116,119,111,93,88,97,94,81,73,71,70,71,75,83,85,81,80,79,77,73,70,69,90,132,157,164,151,117,102,106,104,97,91,87,87,93,97,98,102,107,107,103,97,89,83,79,72,61,57,59,63,69,68,61,52,41,42,55,65,74,77,75,74,72,73,75,77,78,84,96,104,109,111,110,110,112,112,109,107,105,103,102,101,101,108,124,123,106,99,100,107,119,128,134,130,116,106,99,95,97,98,100,106,117,114,96,82,70,61,53,50,52,66,92,111,121,123,116,105,88,79,77,69,56,49,48,51,57,73,100,118,128,128,117,105,92,81,72,66,63,63,66,66,64,66,70,84,106,109,91,85,88,79,56,41,34,30,30,31,31,29,26,29,38,41,37,30,21,17,20,24,28,36,46,53,57,58
48,63,94,108,104,108,121,124,118,112,108,108,113,108,94,89,93,95,97,97,97,101,108,108,103,101,104,109,117,109,86,73,71,70,71,75,83,88,89,86,79,74,72,71,70,82,108,134,159,152,113,98,110,110,101,95,92,91,92,94,97,101,104,99,85,80,83,80,71,69,75,76,72,72,77,79,77,73,67,64,66,70,75,76,72,69,68,70,76,79,79,83,90,100,112,119,120,119,114,111,107,106,108,107,103,101,103,110,124,124,109,102,101,104,112,118,124,128,130,125,113,104,100,89,70,75,102,118,124,116,94,73,51,40,38,47,68,81,87,100,119,123,114,100,83,69,59,54,52,51,51,60,79,95,107,118,129,132,126,113,93,77,65,60,62,63,61,62,67,80,103,103,81,78,93,95,86,74,60,48,38,35,39,40,38,42,52,52,44,34,23,17,16,19,27,36,46,49,45,43
51,66,98,110,105,111,130,132,118,109,104,103,106,99,84,78,83,88,95,99,99,101,106,106,101,103,112,123,135,124,91,73,71,70,71,74,80,86,91,88,78,72,71,70,70,77,92,118,155,156,120,104,109,109,104,100,96,93,90,91,96,99,99,92,78,73,77,77,73,75,84,86,81,78,78,77,74,71,67,64,62,66,78,79,69,65,65,67,72,74,75,77,81,91,105,113,115,112,107,102,99,99,102,102,97,96,97,105,120,122,111,102,95,94,98,103,108,116,125,126,119,113,110,91,56,55,86,108,119,119,106,90,69,52,38,38,52,61,65,81,110,122,118,109,97,87,78,70,62,56,50,55,69,81,88,101,117,127,131,125,111,98,85,76,71,66,60,59,65,78,97,96,74,73,93,101,99,92,81,68,56,50,51,50,48,52,63,62,49,39,29,22,16,16,22,32,44,46,39,35
58,66,82,92,95,109,133,135,115,102,95,90,87,83,77,73,70,76,90,99,101,103,105,109,114,117,118,129,149,138,96,74,72,71,70,71,72,78,87,87,78,72,71,70,69,73,82,109,152,162,138,119,104,100,106,106,99,93,88,89,95,96,92,87,82,76,71,73,85,90,89,88,86,81,72,63,52,45,41,40,41,55,82,87,69,60,62,63,64,64,64,66,69,76,87,93,92,91,89,87,86,86,87,87,85,84,84,93,110,116,110,99,82,76,79,82,86,92,100,108,117,123,126,105,58,46,71,82,81,89,106,112,107,87,52,38,45,50,54,67,90,101,100,107,120,122,113,99,79,64,55,57,70,75,74,75,81,91,105,118,128,130,123,110,91,75,61,57,65,76,90,88,69,69,88,97,97,97,96,92,83,75,68,61,55,58,71,70,54,43,38,30,20,15,15,23,40,45,39,36
64,68,74,81,87,102,128,131,111,98,90,84,80,77,75,73,71,77,91,100,104,106,107,111,118,122,122,134,157,148,107,82,75,70,69,69,70,74,83,83,76,72,71,71,71,74,80,103,142,155,140,121,97,93,107,109,99,92,89,89,94,94,91,89,89,83,73,75,89,94,89,87,89,85,74,61,48,38,33,33,40,54,74,78,64,57,57,57,56,56,57,59,62,68,74,78,78,78,77,77,77,78,78,78,79,77,74,81,100,109,109,98,77,68,71,73,75,81,91,100,109,119,130,114,70,54,66,67,57,65,91,108,116,106,79,62,57,50,44,53,77,89,88,97,116,126,125,116,101,87,75,70,74,72,64,61,61,69,85,101,118,127,130,125,112,97,81,73,75,79,85,82,69,70,85,92,91,94,99,100,95,90,84,77,68,67,75,71,55,45,39,31,21,14,9,17,38,45,38,35
69,71,75,77,79,91,115,120,108,98,90,86,84,81,78,79,84,90,96,102,109,112,111,112,115,118,123,136,158,153,124,99,80,69,68,69,72,76,79,78,75,73,72,73,75,79,84,100,125,133,124,109,88,87,106,109,97,91,91,92,92,93,96,98,99,95,85,82,87,88,84,84,90,89,82,73,62,51,41,44,59,63,54,52,56,56,52,50,49,50,52,56,62,65,67,69,73,74,71,71,73,75,75,76,78,74,66,70,89,101,106,99,79,72,76,77,76,83,97,102,96,102,122,119,93,78,73,63,48,47,60,77,97,110,117,110,87,62,35,38,71,85,80,80,85,96,112,123,128,123,109,95,83,71,61,57,59,63,69,75,81,91,105,120,134,134,120,107,94,86,81,78,75,77,82,84,82,83,89,92,92,94,99,96,87,79,73,65,54,43,32,24,18,12,7,15,37,44,36,32
71,72,75,76,75,86,109,115,106,98,91,87,86,83,79,82,91,97,99,104,111,115,114,113,113,117,124,137,158,156,132,108,83,69,67,69,74,76,77,76,74,73,72,74,77,82,87,98,117,123,116,103,84,84,105,109,96,90,93,93,91,93,98,102,104,100,91,86,86,84,81,83,90,91,86,78,69,58,45,49,69,67,44,39,52,56,49,46,46,47,50,55,62,64,63,65,71,72,68,68,71,73,74,75,77,73,62,65,83,96,105,100,81,73,78,79,77,84,101,102,89,94,118,122,105,90,77,61,44,38,45,61,87,112,137,133,102,68,31,31,68,83,76,72,70,81,106,126,141,141,126,108,87,71,59,55,58,61,62,62,63,73,93,117,145,153,140,124,104,89,80,76,78,80,81,80,77,78,84,88,91,97,106,106,97,86,73,62,53,42,29,20,17,12,5,14,37,44,35,31
