0,0,0,0,0,0,0,0,0,0,0,0,0,0,0,0,0,0,0,0,0,0,0,0,0,0,0,0,0,0,0,0,0,0,0,0,0,0,0,0,0,0,0,0,0,0,0,0,0,0,0,0,0,0,0,0,0,0,0,0,0,0,0,0,0,0,0,0,0,0,0,0,60,136,151,150,150,150,151,150,151,151,151,152,153,153,153,154,156,157,157,156,156,156,156,156,150,131,140,142,139,106,112,117,118,120,115,90,136,141,116,121,123,122,124,133,129,140,150,120,90,91,89,56,104,116,113,95,92,132,137,138,146,142,135,137,141,125,111,72,85,107,106,87,91,117,128,100,105,115,112,100,108,102,129,128,123,84,0,0,0,0,0,0,0,0,0,0,0,0,0,0,0,0,0,0,0,0,0,0,0,0,0,0,0,0,0,0,0,0,0,0,0,0,0,0,0,0,0,0
0,0,0,0,0,0,0,0,0,0,0,0,0,0,0,0,0,0,0,0,0,0,0,0,0,0,0,0,0,0,0,0,0,0,0,0,0,0,0,0,0,0,0,0,0,0,0,0,0,0,0,0,0,0,0,0,0,0,0,0,0,0,0,0,0,0,0,0,0,0,40,116,151,150,150,150,150,150,150,151,150,150,151,152,152,153,153,153,155,158,157,156,155,155,155,155,148,135,141,143,136,102,115,117,117,118,117,114,136,132,120,125,126,124,125,131,135,146,138,136,99,93,98,86,90,121,106,109,138,143,139,140,144,149,138,135,137,123,97,108,115,108,94,66,112,135,138,129,90,118,116,109,105,102,108,99,92,108,29,0,0,0,0,0,0,0,0,0,0,0,0,0,0,0,0,0,0,0,0,0,0,0,0,0,0,0,0,0,0,0,0,0,0,0,0,0,0,0,0,0
0,0,0,0,0,0,0,0,0,0,0,0,0,0,0,0,0,0,0,0,0,0,0,0,0,0,0,0,0,0,0,0,0,0,0,0,0,0,0,0,0,0,0,0,0,0,0,0,0,0,0,0,0,0,0,0,0,0,0,0,0,0,0,0,0,0,0,0,20,95,152,151,150,149,149,149,149,150,149,150,150,150,150,151,152,152,152,153,154,156,155,154,154,154,154,142,126,134,135,141,137,106,116,117,117,117,119,130,136,127,122,125,126,127,126,114,150,152,123,129,120,93,101,106,105,115,105,122,144,146,141,141,142,148,147,136,124,116,73,112,113,96,72,106,138,137,138,139,106,98,116,102,98,98,96,73,64,92,79,0,0,0,0,0,0,0,0,0,0,0,0,0,0,0,0,0,0,0,0,0,0,0,0,0,0,0,0,0,0,0,0,0,0,0,0,0,0,0,0,0
0,0,0,0,0,0,0,0,0,0,0,0,0,0,0,0,0,0,0,0,0,0,0,0,0,0,0,0,0,0,0,0,0,0,0,0,0,0,0,0,0,0,0,0,0,0,0,0,0,0,0,0,0,0,0,0,0,0,0,0,0,0,0,0,0,0,0,75,151,151,151,151,150,149,149,149,149,149,149,150,150,150,151,151,151,152,151,153,153,154,154,153,153,153,153,137,125,141,140,123,99,114,116,117,117,109,132,143,142,136,122,125,126,127,125,135,152,124,133,136,137,109,101,107,108,91,121,138,144,147,146,142,142,145,147,137,87,90,116,114,110,89,108,131,135,137,139,137,137,80,101,103,98,93,69,85,94,99,99,41,0,0,0,0,0,0,0,0,0,0,0,0,0,0,0,0,0,0,0,0,0,0,0,0,0,0,0,0,0,0,0,0,0,0,0,0,0,0,0,0
0,0,0,0,0,0,0,0,0,0,0,0,0,0,0,0,0,0,0,0,0,0,0,0,0,0,0,0,0,0,0,0,0,0,0,0,0,0,0,0,0,0,0,0,0,0,0,0,0,0,0,0,0,0,0,0,0,0,0,0,0,0,0,0,0,55,130,151,151,151,150,150,149,149,149,150,149,150,149,150,150,150,150,151,152,152,153,153,153,153,152,152,152,153,154,131,132,142,145,119,107,114,115,116,117,111,138,125,117,142,133,125,126,129,155,156,152,114,133,135,136,130,111,109,111,84,97,131,144,147,147,143,141,143,147,119,90,82,94,102,84,86,102,119,134,136,140,140,136,104,82,109,98,94,69,97,98,94,97,80,3,0,0,0,0,0,0,0,0,0,0,0,0,0,0,0,0,0,0,0,0,0,0,0,0,0,0,0,0,0,0,0,0,0,0,0,0,0,0,0
0,0,0,0,0,0,0,0,0,0,0,0,0,0,0,0,0,0,0,0,0,0,0,0,0,0,0,0,0,0,0,0,0,0,0,0,0,0,0,0,0,0,0,0,0,0,0,0,0,0,0,0,0,0,0,0,0,0,0,0,0,0,0,34,110,151,151,151,150,150,150,150,149,149,149,149,149,150,150,150,149,149,151,152,152,152,153,153,153,152,151,151,151,149,131,125,138,142,143,110,108,112,114,115,107,111,145,120,111,124,144,123,125,121,136,149,131,135,137,133,135,135,138,129,123,105,82,117,138,144,144,142,140,142,145,75,93,113,104,94,74,117,106,110,124,134,140,144,135,129,78,87,99,105,96,103,101,91,86,81,56,0,0,0,0,0,0,0,0,0,0,0,0,0,0,0,0,0,0,0,0,0,0,0,0,0,0,0,0,0,0,0,0,0,0,0,0,0,0,0
0,0,0,0,0,0,0,0,0,0,0,0,0,0,0,0,0,0,0,0,0,0,0,0,0,0,0,0,0,0,0,0,0,0,0,0,0,0,0,0,0,0,0,0,0,0,0,0,0,0,0,0,0,0,0,0,0,0,0,0,0,14,90,151,151,150,150,150,150,150,148,149,149,149,149,149,149,149,149,149,149,150,150,151,152,152,152,152,151,151,150,150,150,149,127,131,139,140,120,98,112,111,114,116,123,148,128,116,113,115,132,128,126,129,134,147,129,136,138,136,134,135,120,98,133,125,110,107,125,140,138,138,138,136,100,65,93,107,87,70,90,109,107,108,113,130,133,135,136,136,111,65,68,103,104,102,102,95,78,121,122,21,0,0,0,0,0,0,0,0,0,0,0,0,0,0,0,0,0,0,0,0,0,0,0,0,0,0,0,0,0,0,0,0,0,0,0,0,0,0
0,0,0,0,0,0,0,0,0,0,0,0,0,0,0,0,0,0,0,0,0,0,0,0,0,0,0,0,0,0,0,0,0,0,0,0,0,0,0,0,0,0,0,0,0,0,0,0,0,0,0,0,0,0,0,0,0,0,0,0,69,145,151,150,150,150,149,149,149,148,148,148,149,149,149,149,149,149,149,149,149,149,150,151,151,152,151,150,149,149,149,150,150,141,130,135,140,147,114,107,117,113,112,116,132,147,115,118,115,116,123,130,122,143,144,122,129,138,136,137,134,135,131,134,121,111,127,109,116,130,136,136,137,131,94,117,112,105,98,124,107,103,104,104,109,122,130,130,132,130,132,86,77,102,104,102,81,64,70,99,120,80,0,0,0,0,0,0,0,0,0,0,0,0,0,0,0,0,0,0,0,0,0,0,0,0,0,0,0,0,0,0,0,0,0,0,0,0,0,0
0,0,0,0,0,0,0,0,0,0,0,0,0,0,0,0,0,0,0,0,0,0,0,0,0,0,0,0,0,0,0,0,0,0,0,0,0,0,0,0,0,0,0,0,0,0,0,0,0,0,0,0,0,0,0,0,0,0,49,125,150,150,150,149,149,149,149,149,148,148,149,148,148,147,147,148,148,148,148,148,148,149,149,149,150,149,149,148,148,148,149,149,144,132,133,134,139,129,107,113,133,116,110,125,147,135,98,116,117,114,117,122,132,148,130,127,133,136,136,137,137,125,130,148,131,102,110,115,104,124,137,138,131,102,97,114,107,75,103,129,111,101,102,103,104,108,127,128,128,125,107,111,98,103,103,88,83,109,108,71,115,117,36,0,0,0,0,0,0,0,0,0,0,0,0,0,0,0,0,0,0,0,0,0,0,0,0,0,0,0,0,0,0,0,0,0,0,0,0,0
0,0,0,0,0,0,0,0,0,0,0,0,0,0,0,0,0,0,0,0,0,0,0,0,0,0,0,0,0,0,0,0,0,0,0,0,0,0,0,0,0,0,0,0,0,0,0,0,0,0,0,0,0,0,0,0,29,104,151,150,150,149,149,149,149,148,148,148,148,148,148,147,147,147,147,147,147,147,147,148,148,148,148,148,148,148,148,147,147,148,148,149,136,129,134,135,144,125,109,110,118,123,114,138,142,125,105,109,116,116,116,126,150,136,107,123,131,137,138,138,140,146,152,149,135,98,107,138,113,116,131,123,84,118,116,112,101,97,136,130,123,100,100,100,101,105,116,128,127,131,80,101,102,98,90,87,118,119,119,89,92,116,93,0,0,0,0,0,0,0,0,0,0,0,0,0,0,0,0,0,0,0,0,0,0,0,0,0,0,0,0,0,0,0,0,0,0,0,0,0
0,0,0,0,0,0,0,0,0,0,0,0,0,0,0,0,0,0,0,0,0,0,0,0,0,0,0,0,0,0,0,0,0,0,0,0,0,0,0,0,0,0,0,0,0,0,0,0,0,0,0,0,0,0,9,85,152,151,150,150,150,148,148,147,147,146,147,147,147,147,147,147,147,146,146,147,146,146,146,147,147,147,146,147,147,147,146,146,147,147,147,145,130,134,145,138,141,123,113,110,111,123,118,142,127,110,111,99,117,117,115,138,149,130,129,132,127,135,140,137,134,149,150,134,127,107,100,121,131,107,122,110,71,104,111,98,83,104,133,128,127,114,101,99,99,100,102,108,117,121,107,105,103,88,71,97,120,120,118,111,72,107,115,50,0,0,0,0,0,0,0,0,0,0,0,0,0,0,0,0,0,0,0,0,0,0,0,0,0,0,0,0,0,0,0,0,0,0,0,0
0,0,0,0,0,0,0,0,0,0,0,0,0,0,0,0,0,0,0,0,0,0,0,0,0,0,0,0,0,0,0,0,0,0,0,0,0,0,0,0,0,0,0,0,0,0,0,0,0,0,0,0,0,65,142,152,152,150,149,150,148,148,147,146,146,146,146,146,145,146,147,146,145,146,145,146,146,146,146,145,146,146,146,146,146,146,145,145,145,147,147,139,132,137,137,129,109,114,115,112,110,117,129,133,120,110,113,103,107,126,135,152,144,127,132,132,132,135,136,140,149,152,127,123,132,125,92,102,104,102,114,107,112,115,106,114,125,123,132,127,128,128,106,100,99,98,97,87,68,108,106,103,104,103,115,118,120,120,118,116,94,83,113,105,8,0,0,0,0,0,0,0,0,0,0,0,0,0,0,0,0,0,0,0,0,0,0,0,0,0,0,0,0,0,0,0,0,0,0,0
0,0,0,0,0,0,0,0,0,0,0,0,0,0,0,0,0,0,0,0,0,0,0,0,0,0,0,0,0,0,0,0,0,0,0,0,0,0,0,0,0,0,0,0,0,0,0,0,0,0,0,45,122,154,153,152,151,150,149,149,148,147,146,146,145,145,145,145,144,145,145,145,144,144,144,144,144,145,145,145,145,145,145,145,144,145,144,144,145,145,143,132,130,135,142,120,108,109,114,114,108,127,137,123,119,116,111,112,94,130,150,146,119,123,128,132,133,138,122,130,149,141,137,138,131,131,114,100,99,86,109,108,112,107,101,135,135,87,126,128,127,127,118,102,101,98,76,82,96,104,106,93,72,107,120,119,117,116,116,115,113,73,97,111,63,0,0,0,0,0,0,0,0,0,0,0,0,0,0,0,0,0,0,0,0,0,0,0,0,0,0,0,0,0,0,0,0,0,0,0
0,0,0,0,0,0,0,0,0,0,0,0,0,0,0,0,0,0,0,0,0,0,0,0,0,0,0,0,0,0,0,0,0,0,0,0,0,0,0,0,0,0,0,0,0,0,0,0,0,24,102,156,154,154,153,152,151,151,149,148,147,146,146,145,145,144,143,144,144,144,144,143,144,144,144,144,143,144,144,144,144,144,143,144,144,144,143,143,144,145,137,132,136,138,131,94,107,105,112,118,138,153,147,119,121,120,114,112,112,134,152,141,115,122,122,126,133,130,141,153,152,126,132,137,135,129,131,113,103,86,89,105,112,101,120,146,140,97,91,134,129,127,126,109,99,94,82,110,108,106,102,83,101,119,118,119,115,115,115,115,113,95,70,109,109,22,0,0,0,0,0,0,0,0,0,0,0,0,0,0,0,0,0,0,0,0,0,0,0,0,0,0,0,0,0,0,0,0,0,0
0,0,0,0,0,0,0,0,0,0,0,0,0,0,0,0,0,0,0,0,0,0,0,0,0,0,0,0,0,0,0,0,0,0,0,0,0,0,0,0,0,0,0,0,0,0,0,3,82,156,155,154,153,153,152,152,151,150,149,147,147,146,145,144,144,144,143,142,143,143,142,143,143,143,143,143,143,143,143,143,142,143,143,143,142,142,143,143,144,144,134,130,137,137,123,105,106,105,108,119,142,152,141,121,122,119,118,113,134,146,137,114,115,121,124,119,131,109,136,146,135,135,136,137,136,132,129,123,121,92,74,113,110,78,121,142,139,138,62,116,130,127,125,118,83,92,91,110,108,103,93,119,118,116,115,116,114,110,114,114,113,110,74,85,94,59,0,0,0,0,0,0,0,0,0,0,0,0,0,0,0,0,0,0,0,0,0,0,0,0,0,0,0,0,0,0,0,0,0,0
0,0,0,0,0,0,0,0,0,0,0,0,0,0,0,0,0,0,0,0,0,0,0,0,0,0,0,0,0,0,0,0,0,0,0,0,0,0,0,0,0,0,0,0,0,0,61,140,157,156,154,153,153,153,152,152,151,150,148,147,146,144,144,144,144,144,143,143,142,142,142,142,142,142,143,143,142,142,142,142,141,141,142,141,141,142,142,143,144,144,132,139,140,130,107,106,105,105,105,104,129,150,138,115,122,120,119,136,154,151,119,112,114,118,123,121,119,143,153,131,117,129,133,134,136,134,120,144,132,116,104,93,110,117,140,141,138,140,104,81,129,124,123,122,81,91,107,107,99,68,68,101,118,114,113,114,116,108,111,112,112,110,98,56,73,97,37,0,0,0,0,0,0,0,0,0,0,0,0,0,0,0,0,0,0,0,0,0,0,0,0,0,0,0,0,0,0,0,0,0
0,0,0,0,0,0,0,0,0,0,0,0,0,0,0,0,0,0,0,0,0,0,0,0,0,0,0,0,0,0,0,0,0,0,0,0,0,0,0,0,0,0,0,0,40,119,158,157,157,155,154,153,153,154,153,151,150,150,148,147,146,145,144,144,144,142,142,142,142,141,141,141,142,142,142,142,141,140,141,140,140,140,140,140,141,142,142,143,141,132,133,138,142,119,105,105,105,105,114,136,138,115,115,116,118,121,123,113,150,126,91,98,115,116,120,123,111,146,153,138,115,126,130,133,134,133,122,146,137,103,138,104,95,109,131,140,142,137,136,78,104,125,115,117,75,99,104,105,95,110,101,67,115,113,112,111,112,111,109,110,111,109,96,63,71,103,95,0,0,0,0,0,0,0,0,0,0,0,0,0,0,0,0,0,0,0,0,0,0,0,0,0,0,0,0,0,0,0,0,0
0,0,0,0,0,0,0,0,0,0,0,0,0,0,0,0,0,0,0,0,0,0,0,0,0,0,0,0,0,0,0,0,0,0,0,0,0,0,0,0,0,0,19,97,156,157,157,157,156,155,154,153,153,153,153,152,150,149,148,146,145,145,144,144,143,142,141,140,141,140,140,141,141,140,140,140,140,140,140,139,139,140,141,141,142,142,142,143,139,127,138,141,141,113,104,104,106,102,134,144,120,106,111,118,115,117,133,142,146,122,110,86,114,115,117,121,141,151,146,138,103,116,127,130,131,111,106,151,148,130,141,121,87,87,121,138,144,139,135,114,71,125,78,104,108,107,99,79,76,118,119,80,92,113,110,109,108,110,108,108,105,78,67,89,102,109,108,39,0,0,0,0,0,0,0,0,0,0,0,0,0,0,0,0,0,0,0,0,0,0,0,0,0,0,0,0,0,0,0,0
0,0,0,0,0,0,0,0,0,0,0,0,0,0,0,0,0,0,0,0,0,0,0,0,0,0,0,0,0,0,0,0,0,0,0,0,0,0,0,0,0,77,156,158,157,157,158,157,156,155,154,154,154,153,152,151,150,149,147,146,145,144,143,143,142,142,141,140,140,139,139,140,140,140,139,140,139,140,139,139,139,141,142,142,142,142,143,144,133,130,134,137,99,103,104,105,105,115,155,135,110,109,113,116,115,118,118,154,93,108,114,102,101,116,115,133,153,130,113,125,118,97,123,126,131,120,152,141,105,142,123,106,94,90,100,128,138,141,134,132,92,82,68,94,111,106,78,86,118,118,118,111,89,110,109,107,107,108,108,106,102,61,91,105,103,105,105,80,11,0,0,0,0,0,0,0,0,0,0,0,0,0,0,0,0,0,0,0,0,0,0,0,0,0,0,0,0,0,0,0
0,0,0,0,0,0,0,0,0,0,0,0,0,0,0,0,0,0,0,0,0,0,0,0,0,0,0,0,0,0,0,0,0,0,0,0,0,0,0,55,135,158,158,159,158,157,157,156,155,154,153,154,153,152,152,150,149,148,147,146,144,144,143,142,142,141,141,140,139,139,139,140,140,139,138,139,139,139,139,140,141,142,144,144,143,143,143,138,129,137,141,131,102,106,105,106,105,120,150,125,113,112,110,113,117,132,142,136,113,112,112,115,104,113,105,136,147,125,132,125,127,97,104,119,96,120,154,143,132,141,126,100,111,104,82,111,131,138,133,126,97,78,100,108,108,89,74,87,117,117,116,116,102,99,109,106,105,106,105,94,66,74,104,109,113,86,62,86,61,0,0,0,0,0,0,0,0,0,0,0,0,0,0,0,0,0,0,0,0,0,0,0,0,0,0,0,0,0,0,0
0,0,0,0,0,0,0,0,0,0,0,0,0,0,0,0,0,0,0,0,0,0,0,0,0,0,0,0,0,0,0,0,0,0,0,0,0,34,113,157,158,157,158,159,158,157,156,156,154,153,152,152,152,151,150,150,148,148,146,145,144,144,143,142,141,140,139,139,139,139,139,139,138,138,138,138,138,139,139,142,143,145,145,145,144,144,144,131,134,142,145,124,101,107,104,105,104,128,139,108,113,115,111,111,118,139,143,101,111,113,112,114,115,113,138,140,117,123,135,133,126,117,81,127,138,149,122,120,134,136,144,104,107,110,108,80,119,136,131,120,82,89,108,111,97,67,101,83,93,116,115,114,112,100,107,105,104,101,77,92,99,105,108,104,72,64,87,98,99,24,0,0,0,0,0,0,0,0,0,0,0,0,0,0,0,0,0,0,0,0,0,0,0,0,0,0,0,0,0,0
0,0,0,0,0,0,0,0,0,0,0,0,0,0,0,0,0,0,0,0,0,0,0,0,0,0,0,0,0,0,0,0,0,0,0,13,92,157,156,157,157,157,158,158,157,157,156,155,154,153,152,152,151,151,150,149,148,147,146,145,144,143,142,141,140,140,139,139,139,140,139,139,138,138,137,138,138,139,141,144,146,148,148,147,145,144,142,132,133,135,123,101,103,104,106,111,129,148,123,103,108,114,114,109,134,149,130,108,111,112,113,114,110,98,137,131,116,127,130,138,126,124,102,123,155,143,123,134,135,134,138,127,98,104,148,74,93,118,119,116,97,111,108,107,101,120,118,106,60,110,114,112,111,111,110,105,103,103,63,87,107,107,108,107,82,98,98,98,98,73,0,0,0,0,0,0,0,0,0,0,0,0,0,0,0,0,0,0,0,0,0,0,0,0,0,0,0,0,0,0
0,0,0,0,0,0,0,0,0,0,0,0,0,0,0,0,0,0,0,0,0,0,0,0,0,0,0,0,0,0,0,0,0,0,71,148,156,156,156,157,157,158,158,156,156,156,155,154,153,152,152,151,151,150,149,148,147,146,146,145,143,142,141,141,140,139,139,138,139,139,138,138,138,138,138,138,139,140,143,145,147,150,150,147,145,145,137,135,137,141,118,109,105,103,107,133,148,135,111,105,103,112,113,106,138,145,116,110,111,112,113,113,113,144,116,121,123,126,127,132,132,121,133,145,140,110,123,133,135,135,132,136,113,101,115,87,67,101,84,99,108,108,96,59,92,119,118,117,80,78,112,110,110,110,110,106,101,68,83,102,104,108,85,65,88,99,99,97,97,98,37,0,0,0,0,0,0,0,0,0,0,0,0,0,0,0,0,0,0,0,0,0,0,0,0,0,0,0,0,0
0,0,0,0,0,0,0,0,0,0,0,0,0,0,0,0,0,0,0,0,0,0,0,0,0,0,0,0,0,0,0,0,49,128,157,157,156,157,157,157,157,157,157,156,155,155,154,153,152,151,151,150,150,150,149,147,146,145,145,143,143,142,141,140,139,138,138,139,139,138,138,138,138,138,138,139,140,141,144,146,150,151,149,147,146,139,130,134,138,141,106,110,107,104,112,142,138,121,115,109,104,107,125,145,141,92,96,109,111,111,110,99,114,151,117,119,124,126,125,127,123,113,144,152,140,123,129,133,135,135,134,133,138,149,118,120,91,87,84,98,107,105,104,76,97,117,117,115,110,60,100,110,109,107,107,104,121,109,115,112,102,65,67,91,99,100,100,99,98,97,86,1,0,0,0,0,0,0,0,0,0,0,0,0,0,0,0,0,0,0,0,0,0,0,0,0,0,0,0,0
0,0,0,0,0,0,0,0,0,0,0,0,0,0,0,0,0,0,0,0,0,0,0,0,0,0,0,0,0,0,29,107,156,156,157,157,157,157,157,157,157,156,156,155,154,154,153,152,151,150,150,149,149,148,148,147,146,145,144,143,142,141,140,140,139,138,138,138,139,139,139,138,139,139,139,139,140,142,144,147,150,150,148,147,145,133,132,133,135,117,105,108,108,105,117,144,119,107,114,114,105,103,141,150,124,86,86,106,111,110,108,118,150,119,112,126,124,125,126,127,117,134,148,135,148,137,129,131,130,134,127,118,145,153,131,103,115,85,94,100,102,91,88,104,69,121,120,114,113,84,65,110,108,105,101,70,85,114,115,110,98,82,98,98,99,101,101,99,97,96,97,49,0,0,0,0,0,0,0,0,0,0,0,0,0,0,0,0,0,0,0,0,0,0,0,0,0,0,0,0
0,0,0,0,0,0,0,0,0,0,0,0,0,0,0,0,0,0,0,0,0,0,0,0,0,0,0,0,8,86,157,157,156,157,157,157,157,158,157,156,156,155,155,154,154,153,152,151,150,149,149,148,147,147,147,147,146,144,144,143,142,141,140,139,139,138,138,138,139,139,138,139,139,139,139,140,141,143,145,147,149,148,146,147,146,137,134,138,138,107,104,106,107,108,125,143,88,101,111,114,111,130,153,148,108,84,88,100,108,109,107,127,151,112,114,121,125,124,125,111,104,146,147,127,133,154,127,129,126,129,115,129,148,128,129,101,118,105,97,88,72,117,117,113,82,90,119,115,111,109,65,91,105,93,89,91,108,112,112,85,64,85,96,99,99,100,102,100,98,97,96,95,14,0,0,0,0,0,0,0,0,0,0,0,0,0,0,0,0,0,0,0,0,0,0,0,0,0,0,0
0,0,0,0,0,0,0,0,0,0,0,0,0,0,0,0,0,0,0,0,0,0,0,0,0,0,0,65,144,157,157,157,157,157,157,157,157,157,156,156,155,155,154,154,153,152,151,150,149,148,147,147,147,146,146,147,145,144,143,142,141,141,140,139,138,138,138,138,138,139,139,139,139,139,139,141,143,145,147,148,149,147,147,144,133,144,139,144,121,103,103,105,106,124,149,133,107,102,106,114,114,143,145,130,106,94,80,88,103,109,138,140,103,110,114,115,125,124,125,131,156,133,97,117,123,149,146,127,125,114,100,146,146,131,127,115,137,113,115,84,91,116,115,112,103,62,111,117,111,108,92,63,82,86,109,113,109,96,65,73,93,96,94,97,98,99,100,101,97,96,95,94,60,0,0,0,0,0,0,0,0,0,0,0,0,0,0,0,0,0,0,0,0,0,0,0,0,0,0,0
0,0,0,0,0,0,0,0,0,0,0,0,0,0,0,0,0,0,0,0,0,0,0,0,0,44,123,158,158,157,157,157,157,157,157,157,157,157,155,155,155,155,154,154,152,151,150,150,148,148,147,147,146,146,146,146,145,143,143,142,141,141,140,139,139,138,138,138,139,139,139,139,139,140,141,141,143,146,148,149,149,147,146,145,144,146,140,143,130,104,104,104,109,137,138,109,113,102,103,110,108,127,140,106,104,103,86,81,98,124,146,138,107,109,112,115,120,125,114,151,156,117,112,116,121,131,165,130,125,124,139,145,153,136,138,116,140,122,106,97,58,108,113,111,107,87,87,117,111,108,106,75,60,86,110,115,112,85,78,91,95,98,98,95,98,99,98,99,97,95,95,93,95,24,0,0,0,0,0,0,0,0,0,0,0,0,0,0,0,0,0,0,0,0,0,0,0,0,0,0
0,0,0,0,0,0,0,0,0,0,0,0,0,0,0,0,0,0,0,0,0,0,0,23,102,158,157,157,157,157,157,156,157,157,157,157,156,156,155,155,154,154,153,153,152,150,149,149,147,147,146,146,146,146,145,145,144,142,142,141,141,140,139,139,138,138,138,138,138,139,140,140,140,141,142,143,145,147,150,150,149,148,147,145,145,141,143,141,125,115,104,104,115,143,118,110,114,109,102,109,142,157,129,104,104,103,98,83,108,143,149,129,118,110,110,115,114,122,141,153,120,118,118,115,118,121,144,149,135,151,145,123,136,132,132,129,117,102,92,104,64,70,102,110,107,105,84,106,109,104,92,109,88,111,114,105,76,67,84,94,96,100,100,97,97,100,97,97,98,95,95,90,75,56,0,0,0,0,0,0,0,0,0,0,0,0,0,0,0,0,0,0,0,0,0,0,0,0,0,0
0,0,0,0,0,0,0,0,0,0,0,0,0,0,0,0,0,0,0,0,0,2,80,157,157,158,158,157,157,156,156,156,157,157,157,157,155,155,155,155,154,154,153,152,151,149,148,148,147,146,145,145,144,145,144,143,143,142,142,141,141,139,138,138,138,138,138,139,139,140,140,140,141,142,144,144,147,149,151,152,151,149,142,140,145,143,136,107,107,122,106,101,132,131,104,108,114,114,102,113,146,153,127,102,103,102,102,108,136,151,119,114,133,116,108,111,113,135,152,155,108,116,118,117,116,118,122,157,145,150,122,105,129,126,122,130,122,102,94,87,82,40,83,101,107,106,100,99,107,102,79,102,109,113,106,64,73,97,97,96,96,99,99,98,95,97,96,95,96,95,73,55,86,115,48,0,0,0,0,0,0,0,0,0,0,0,0,0,0,0,0,0,0,0,0,0,0,0,0,0
0,0,0,0,0,0,0,0,0,0,0,0,0,0,0,0,0,0,0,0,59,138,157,157,157,157,158,156,157,156,156,157,157,158,157,156,155,155,155,153,154,153,153,151,150,149,148,147,147,145,145,144,144,143,143,143,143,142,142,141,140,140,139,138,138,138,139,139,140,140,140,139,141,143,145,148,149,150,151,153,152,150,144,149,148,146,131,110,106,111,114,121,148,118,107,107,110,113,125,146,157,119,108,105,102,102,124,139,147,150,112,107,127,133,109,107,120,156,154,138,112,114,117,119,115,116,126,148,140,152,114,98,116,125,118,115,126,115,110,103,109,91,56,84,106,104,103,100,100,70,83,110,113,104,93,88,96,95,97,100,95,97,98,98,96,95,92,92,95,93,63,62,97,116,106,6,0,0,0,0,0,0,0,0,0,0,0,0,0,0,0,0,0,0,0,0,0,0,0,0
0,0,0,0,0,0,0,0,0,0,0,0,0,0,0,0,0,0,38,116,156,156,156,156,157,157,157,157,156,157,157,157,157,158,157,155,155,155,155,154,154,153,152,152,150,148,147,146,146,145,145,144,143,143,144,143,143,141,141,140,140,139,139,138,138,139,139,141,141,140,140,140,141,144,145,148,150,152,153,153,152,151,143,144,144,153,133,108,108,103,123,143,138,117,110,106,105,110,145,149,142,114,107,106,100,111,150,153,138,124,115,99,116,131,113,97,127,155,141,157,119,113,116,117,116,103,123,154,135,128,124,111,85,123,119,102,114,113,116,129,135,149,58,54,85,104,104,111,120,102,110,113,103,73,68,91,96,96,97,100,99,95,97,98,95,93,87,84,85,68,68,100,110,111,104,39,0,0,0,0,0,0,0,0,0,0,0,0,0,0,0,0,0,0,0,0,0,0,0,0
0,0,0,0,0,0,0,0,0,0,0,0,0,0,0,0,17,96,156,156,156,156,156,156,157,156,156,156,157,157,157,157,157,157,157,155,155,155,155,153,153,152,151,151,149,148,147,146,146,145,144,144,143,143,143,143,143,142,141,140,139,138,137,138,137,138,139,140,141,141,141,142,142,145,147,149,151,153,152,153,152,146,143,146,146,125,106,108,108,114,143,142,113,115,113,108,104,116,151,124,102,101,105,106,103,110,145,149,112,116,118,107,105,119,111,131,153,119,104,133,142,111,116,116,116,121,149,133,110,117,124,124,85,99,117,108,102,141,153,148,152,147,101,48,61,100,100,85,98,110,110,108,80,84,73,87,97,97,96,97,101,94,95,97,96,93,84,62,66,95,113,111,110,111,88,63,12,0,0,0,0,0,0,0,0,0,0,0,0,0,0,0,0,0,0,0,0,0,0,0
0,0,0,0,0,0,0,0,0,0,0,0,0,0,0,75,153,156,156,156,156,156,156,156,156,156,156,156,156,157,156,156,156,156,156,155,155,154,154,153,153,153,152,151,150,149,148,146,146,145,144,144,143,143,143,143,143,142,141,140,139,138,138,138,138,138,139,140,142,142,142,144,146,147,149,151,151,152,151,152,150,145,151,146,148,120,111,107,107,102,142,127,111,111,114,112,105,125,149,101,90,100,101,105,114,125,151,131,114,115,116,117,103,128,143,149,136,104,108,111,147,124,115,117,110,125,151,126,120,118,118,120,108,81,113,113,142,154,151,115,98,143,91,55,44,81,96,89,109,106,103,95,94,98,91,80,98,97,95,95,97,97,94,95,95,83,60,67,112,115,110,109,105,90,54,60,44,0,0,0,0,0,0,0,0,0,0,0,0,0,0,0,0,0,0,0,0,0,0,0
0,0,0,0,0,0,0,0,0,0,0,0,0,54,132,157,156,156,156,156,156,156,156,156,156,157,157,156,156,156,155,156,155,155,154,154,154,153,152,151,152,152,152,151,150,149,148,147,146,145,145,144,144,143,143,143,142,141,140,139,138,138,137,137,139,139,139,141,142,144,145,148,150,150,151,152,151,153,151,151,144,141,138,138,112,109,112,108,104,118,131,107,116,108,114,124,150,148,102,76,76,96,99,116,146,147,146,107,112,115,116,116,108,127,156,133,112,108,109,111,124,144,116,128,148,151,127,112,118,119,120,118,118,102,106,128,148,133,118,81,81,101,87,71,50,83,111,115,113,97,75,78,97,99,98,88,92,97,96,95,96,98,94,93,93,78,58,72,106,112,111,91,62,65,63,64,62,19,0,0,0,0,0,0,0,0,0,0,0,0,0,0,0,0,0,0,0,0,0,0
0,0,0,0,0,0,0,0,0,0,0,33,111,157,156,156,156,156,156,155,156,156,156,156,156,156,156,156,155,156,155,155,154,154,154,154,153,152,152,152,151,150,150,150,149,148,147,146,146,146,144,145,144,144,143,142,142,141,139,138,137,137,137,137,138,138,140,141,143,145,148,151,151,151,152,152,153,153,152,152,145,145,140,139,113,109,110,113,118,151,116,104,111,111,110,121,154,148,111,92,78,85,101,124,157,151,124,104,107,113,115,116,135,155,154,119,104,109,110,111,112,141,137,142,148,140,127,118,117,118,118,116,116,119,144,159,153,117,90,81,78,83,83,78,64,84,105,112,107,79,88,96,100,102,100,95,92,96,95,95,96,96,95,90,103,82,103,118,112,101,71,62,61,64,62,62,62,49,0,0,0,0,0,0,0,0,0,0,0,0,0,0,0,0,0,0,0,0,0,0
0,0,0,0,0,0,0,0,0,12,90,156,156,156,156,156,155,155,155,156,156,156,156,155,156,156,155,156,156,155,154,154,154,153,153,153,152,151,151,150,150,149,148,148,147,147,146,146,146,146,145,145,144,143,142,142,141,140,138,137,137,136,137,137,137,138,140,142,145,147,150,152,152,152,153,153,154,154,154,153,149,144,144,134,113,109,109,115,137,145,120,111,108,111,103,108,143,126,108,106,81,78,118,148,153,145,112,104,102,111,114,115,144,150,121,107,106,108,110,110,110,121,144,151,130,113,116,117,117,118,117,115,130,148,154,146,122,85,85,82,76,87,114,81,69,89,95,98,93,93,93,94,100,102,101,99,98,96,96,95,94,92,73,73,106,117,117,116,113,80,56,68,65,61,62,62,63,61,27,0,0,0,0,0,0,0,0,0,0,0,0,0,0,0,0,0,0,0,0,0
0,0,0,0,0,0,0,0,69,147,156,155,155,155,155,155,155,155,155,155,155,155,156,155,155,155,155,156,156,155,154,153,154,154,152,152,152,151,150,149,149,148,148,147,147,146,146,145,145,144,144,143,143,143,142,141,140,139,138,136,136,136,136,136,137,138,141,143,146,148,150,151,153,153,153,154,154,154,150,141,141,143,131,110,112,112,110,121,148,135,116,113,109,110,121,154,132,109,110,109,96,81,121,154,129,104,103,104,103,105,112,101,151,131,103,102,107,104,110,109,102,133,149,138,119,113,113,118,119,118,115,113,137,161,162,107,100,86,86,90,77,75,146,98,82,99,84,73,82,92,93,95,98,100,101,101,99,99,97,95,94,81,58,89,116,117,114,109,87,55,30,65,65,63,62,62,62,63,58,5,0,0,0,0,0,0,0,0,0,0,0,0,0,0,0,0,0,0,0,0
0,0,0,0,0,0,47,125,155,155,156,155,155,156,155,155,155,154,155,155,155,156,155,155,155,155,155,156,155,154,154,153,153,152,152,151,150,149,148,148,148,147,147,146,146,145,145,144,144,143,143,142,142,141,140,139,139,138,137,136,136,136,136,136,137,138,141,144,146,149,152,152,153,153,153,153,154,152,149,147,140,144,120,105,108,116,108,133,130,110,109,114,112,105,132,153,118,107,109,110,110,141,154,153,118,103,104,105,103,103,117,139,130,109,103,98,108,104,106,104,114,147,140,114,112,112,112,115,119,116,107,101,149,158,134,106,127,86,82,97,87,76,99,115,90,141,81,80,95,94,95,96,94,99,100,100,99,98,98,95,84,67,77,109,116,115,95,67,62,64,41,48,65,64,62,62,61,63,61,35,0,0,0,0,0,0,0,0,0,0,0,0,0,0,0,0,0,0,0,0
0,0,0,0,27,104,155,154,155,155,155,155,154,155,155,155,155,154,154,155,155,155,155,155,155,155,155,156,155,153,153,152,153,152,151,150,149,148,147,147,146,146,145,145,145,144,145,144,143,142,142,141,141,140,140,138,138,137,136,136,136,136,136,136,136,138,140,143,148,151,153,153,153,153,153,153,153,153,149,149,148,130,96,102,105,110,116,130,108,104,105,111,113,125,153,137,104,109,109,110,112,141,149,111,107,106,105,104,103,99,117,150,100,104,108,106,103,108,111,104,147,155,125,110,111,112,112,114,116,108,106,136,159,121,78,80,116,106,81,88,100,75,80,87,95,137,98,53,92,95,96,95,94,95,98,99,98,97,90,73,72,99,119,118,110,77,53,62,67,65,61,35,61,63,61,61,60,61,53,59,13,0,0,0,0,0,0,0,0,0,0,0,0,0,0,0,0,0,0,0
0,0,6,83,155,154,155,154,154,154,154,154,154,154,154,154,154,154,154,154,154,154,154,154,154,155,155,155,154,153,153,152,152,151,150,149,147,146,146,145,145,144,145,144,144,144,143,143,142,142,141,140,140,139,138,137,136,136,136,136,135,136,136,136,137,138,140,144,148,150,153,153,153,153,153,153,153,146,145,146,145,123,103,99,105,105,144,120,99,105,102,106,117,137,150,138,127,107,110,109,99,144,143,109,109,108,106,104,106,128,153,129,104,106,108,118,104,105,135,142,150,125,111,113,114,112,112,113,112,107,159,152,145,101,82,79,88,129,86,80,96,95,109,124,98,153,111,57,69,90,95,94,94,94,97,98,98,88,58,92,118,116,117,117,102,68,66,66,67,64,62,52,54,62,60,61,61,63,48,44,45,0,0,0,0,0,0,0,0,0,0,0,0,0,0,0,0,0,0,0
0,63,140,155,155,154,153,154,154,154,153,153,153,154,153,154,154,154,154,154,153,154,154,154,155,155,155,154,153,154,152,152,151,150,149,148,147,146,145,145,144,144,144,144,143,144,143,143,142,142,141,140,139,139,138,137,137,136,137,136,136,136,136,136,136,138,140,143,145,148,151,152,152,153,154,153,154,145,139,140,145,117,107,98,108,123,138,110,104,106,103,120,156,151,123,114,152,109,107,127,149,135,100,109,109,110,108,117,153,155,145,112,106,107,109,115,117,108,144,148,112,102,109,111,113,112,112,104,115,129,156,135,86,82,84,79,77,105,107,81,79,117,153,158,129,121,107,70,49,78,90,94,93,93,93,97,99,79,55,102,116,115,111,97,76,65,67,66,65,63,62,61,48,57,61,62,63,64,62,30,54,20,0,0,0,0,0,0,0,0,0,0,0,0,0,0,0,0,0,0
119,155,155,155,154,154,154,154,154,153,153,154,153,153,153,153,153,153,152,153,152,153,154,154,154,154,154,154,153,153,151,151,150,149,147,147,146,145,145,145,144,144,144,144,144,144,143,142,142,142,141,140,139,139,138,137,136,137,137,136,136,135,136,136,137,138,140,142,144,147,150,152,153,152,153,153,151,144,150,139,116,107,105,100,99,138,124,105,105,107,106,129,156,137,109,104,132,135,115,157,152,118,103,109,110,109,109,120,154,137,114,107,107,108,109,111,112,118,149,139,110,106,106,108,112,112,113,108,141,157,113,107,83,81,80,76,77,80,114,96,126,154,153,144,113,94,138,93,55,58,79,94,93,92,91,92,72,76,102,116,113,94,79,76,71,70,69,65,64,62,63,62,56,50,64,64,64,63,61,48,49,59,0,0,0,0,0,0,0,0,0,0,0,0,0,0,0,0,0,0
154,154,155,154,154,154,154,154,153,153,153,153,153,153,153,153,153,152,152,152,153,153,154,153,154,155,154,153,152,152,150,150,149,147,146,146,145,144,145,144,144,144,144,144,144,144,144,143,142,142,141,140,139,139,138,138,137,138,136,136,136,136,136,136,137,138,140,142,145,148,150,152,153,153,153,153,152,151,147,126,100,107,105,104,122,144,116,106,102,107,110,146,133,99,103,104,107,149,143,151,119,102,105,106,111,107,113,142,137,94,103,109,108,108,109,119,140,150,123,107,104,104,104,106,111,111,109,111,148,143,97,82,80,80,79,70,78,83,112,118,141,153,143,112,101,97,117,132,71,45,60,82,92,91,106,116,98,113,113,112,82,51,62,69,70,69,69,66,62,63,62,61,61,53,58,64,64,60,55,63,93,114,56,0,0,0,0,0,0,0,0,0,0,0,0,0,0,0,0,0
154,155,154,154,155,154,154,154,153,153,153,153,153,153,153,153,152,152,153,153,154,154,154,155,155,154,153,152,151,150,149,148,147,147,146,145,145,145,145,146,145,146,146,145,145,145,144,143,142,141,141,140,140,139,139,138,138,137,137,137,136,136,136,136,137,139,141,143,147,150,152,153,153,153,153,153,152,151,143,101,95,100,105,104,129,94,104,106,102,100,112,153,123,102,103,103,104,123,151,146,103,109,106,105,109,108,128,154,129,109,109,109,109,109,106,142,152,148,115,110,108,102,104,104,109,103,130,155,132,98,79,80,80,79,80,78,75,74,145,163,155,124,120,137,103,100,100,96,87,69,49,65,92,73,92,109,116,114,110,115,72,69,69,68,69,70,65,63,61,61,62,62,63,60,59,64,57,51,64,102,116,113,111,13,0,0,0,0,0,0,0,0,0,0,0,0,0,0,0,0
154,154,154,154,155,154,154,153,153,153,152,152,152,152,152,153,153,153,153,154,154,154,154,155,154,153,152,151,150,149,148,147,147,147,146,146,145,146,146,147,147,147,147,147,146,144,143,143,142,141,141,141,140,139,139,139,138,138,137,136,136,136,136,137,138,140,142,145,148,151,153,153,153,153,153,153,152,152,142,108,101,96,105,139,137,101,109,105,104,93,117,116,100,103,104,103,110,147,133,105,105,108,109,106,117,102,140,119,100,109,111,108,109,109,113,146,138,114,108,108,110,104,103,103,112,141,161,151,116,109,94,76,80,80,81,83,87,126,165,162,145,111,107,137,120,102,99,91,86,93,54,52,72,65,84,112,114,115,90,65,64,67,67,69,68,63,62,63,62,61,63,65,65,64,71,79,56,52,82,113,115,107,89,34,0,0,0,0,0,0,0,0,0,0,0,0,0,0,0,0
153,154,154,155,154,154,154,154,153,153,153,153,153,153,153,153,153,153,153,154,154,154,154,154,153,152,152,150,149,149,148,147,147,148,147,147,147,147,147,148,148,148,148,147,145,145,144,143,142,141,141,141,140,139,139,138,138,138,138,137,137,137,137,138,139,142,145,147,149,152,153,153,153,153,152,152,152,152,152,114,103,99,103,144,135,100,112,107,103,118,145,115,105,102,103,104,126,151,131,98,109,107,109,108,127,145,143,116,109,108,110,109,108,102,114,150,125,107,106,108,109,109,102,114,126,152,146,109,100,108,110,80,79,79,80,99,129,145,151,115,116,113,106,116,138,102,100,120,105,88,85,48,76,97,113,115,99,59,61,66,67,66,65,65,64,62,62,62,63,63,65,65,65,65,64,59,68,100,116,117,114,100,72,73,22,0,0,0,0,0,0,0,0,0,0,0,0,0,0,0
153,154,154,155,155,155,154,154,153,153,153,153,153,153,153,152,153,153,153,154,154,153,153,152,152,151,151,150,149,148,148,147,147,148,148,149,149,149,149,149,150,149,148,148,146,145,144,143,143,142,141,141,140,140,139,138,138,138,138,138,137,138,138,139,141,145,147,149,150,151,152,152,153,153,152,152,152,152,151,137,106,102,90,123,105,106,108,108,107,135,126,111,105,103,103,134,161,119,103,101,103,108,108,133,146,151,124,108,108,109,107,110,111,133,154,139,108,106,104,105,105,108,107,139,155,154,108,99,100,103,108,98,76,77,83,134,163,147,110,104,108,121,107,104,125,120,96,103,130,91,111,82,83,104,111,86,74,70,76,68,68,66,65,65,63,61,61,63,65,65,64,65,65,62,65,92,115,117,116,117,108,101,79,72,70,0,0,0,0,0,0,0,0,0,0,0,0,0,0,0
155,154,155,155,155,155,155,155,154,153,153,154,154,153,153,153,153,153,153,153,153,153,153,152,152,151,150,150,149,148,148,149,149,150,150,151,152,151,152,151,151,150,148,147,146,145,144,143,143,143,141,141,141,140,139,139,138,138,139,139,138,139,141,142,145,148,149,150,150,151,151,152,153,153,152,152,151,151,150,151,122,127,147,122,110,107,107,114,147,145,107,122,106,104,103,147,158,119,105,105,97,107,107,140,148,125,107,107,107,109,106,106,122,151,155,133,108,106,104,103,104,104,109,155,152,132,104,103,102,99,106,109,87,97,125,163,160,135,104,104,105,118,126,102,107,138,102,125,134,117,110,121,70,93,108,83,92,93,87,68,67,66,64,65,63,62,60,63,64,66,64,60,54,87,114,117,108,110,106,108,113,99,93,64,86,38,0,0,0,0,0,0,0,0,0,0,0,0,0,0
155,155,155,155,155,155,155,155,154,154,154,154,154,153,153,154,154,154,153,153,153,153,152,152,151,151,151,150,150,149,150,150,151,152,153,153,154,153,153,152,151,150,149,147,145,145,143,143,142,142,141,141,141,141,140,140,139,139,139,140,140,141,143,145,148,150,150,150,151,151,152,153,152,152,151,152,151,151,150,151,150,150,108,104,109,108,106,125,153,140,109,119,112,106,122,155,108,105,104,105,100,104,141,153,117,97,105,108,108,107,107,119,146,136,113,108,107,105,105,101,101,119,147,142,112,104,101,100,103,100,101,106,106,153,152,145,106,102,105,104,102,104,123,107,102,118,114,161,160,140,79,111,108,70,65,77,94,93,92,78,68,67,70,70,63,65,65,65,65,64,61,77,107,121,116,113,106,87,110,99,96,92,93,81,70,88,2,0,0,0,0,0,0,0,0,0,0,0,0,0
155,156,155,156,155,155,155,155,155,155,154,154,154,154,154,154,154,153,153,154,153,152,152,151,151,151,150,150,150,150,151,151,152,153,154,154,153,153,152,152,151,149,148,148,146,144,144,143,142,142,142,141,141,142,142,142,141,140,141,141,142,143,145,147,149,150,150,151,151,152,152,152,152,152,151,151,150,151,150,151,151,144,107,105,111,109,142,157,135,109,107,112,116,115,142,149,124,108,103,104,103,103,145,143,113,105,106,107,107,104,126,155,141,106,104,107,107,105,104,108,135,156,153,127,101,100,100,100,101,103,97,118,146,165,149,107,85,104,105,103,101,103,110,111,105,146,143,154,123,103,86,98,145,59,57,81,94,93,93,90,69,71,71,69,67,64,68,69,57,56,74,105,115,116,115,100,62,56,86,92,92,92,93,95,73,87,53,0,0,0,0,0,0,0,0,0,0,0,0,0
156,156,155,155,155,155,155,155,155,154,154,154,154,153,154,153,154,153,153,154,153,152,152,152,151,151,150,150,151,152,153,153,153,154,154,153,152,152,152,151,150,149,148,147,145,143,143,142,142,141,142,141,142,142,143,143,142,142,142,142,143,144,147,149,150,151,151,151,151,152,152,152,152,152,150,150,150,150,150,150,150,147,105,104,106,109,145,154,127,122,108,108,114,139,148,106,139,115,104,102,103,122,142,106,103,105,105,105,105,107,136,157,128,107,105,104,105,105,104,126,149,152,137,98,99,97,100,100,99,102,112,136,165,156,114,77,73,88,103,103,101,106,103,108,133,160,160,140,98,92,83,83,116,93,53,64,93,94,93,92,80,68,70,69,70,65,66,64,56,59,91,112,111,110,84,58,74,92,89,93,92,94,95,96,91,72,100,16,0,0,0,0,0,0,0,0,0,0,0,0
155,156,155,155,155,155,155,154,154,155,154,154,154,154,154,153,153,154,153,153,153,152,152,152,152,152,152,152,153,154,154,153,153,153,153,153,152,152,151,149,149,148,147,146,145,144,143,142,142,142,142,142,143,144,144,144,143,143,143,143,144,147,148,150,150,151,151,151,151,152,152,151,151,150,150,149,150,150,149,150,149,149,131,105,108,155,156,126,109,116,118,103,131,151,134,103,123,127,108,102,122,152,147,123,103,104,105,105,100,139,138,99,102,104,105,101,104,105,117,153,144,111,133,98,98,98,99,101,101,96,141,153,151,125,89,73,69,71,100,103,102,101,112,157,157,162,131,100,94,93,90,85,131,110,61,54,76,93,92,92,91,72,69,70,71,69,62,60,80,112,115,114,98,56,74,90,93,91,94,95,92,96,97,96,99,78,80,67,0,0,0,0,0,0,0,0,0,0,0,0
155,156,155,155,155,155,155,154,154,154,154,154,154,154,153,153,153,153,153,153,153,153,153,152,152,153,153,153,153,154,154,153,154,153,153,152,152,151,150,148,147,147,146,145,145,144,143,143,143,143,143,144,143,144,144,143,143,144,144,145,146,148,150,150,150,150,150,151,151,151,151,150,150,150,150,149,149,149,149,148,148,148,148,114,107,135,139,115,106,106,123,122,149,146,112,103,106,133,113,106,136,137,116,146,102,102,103,109,121,144,132,102,105,102,104,103,108,140,120,154,136,104,101,99,97,99,97,102,118,152,163,143,107,113,100,77,67,71,89,105,102,108,122,161,144,111,94,93,95,92,93,82,120,131,83,49,63,88,92,92,90,82,67,70,69,60,76,107,118,112,115,113,94,78,87,91,90,91,94,101,97,97,98,97,98,94,60,74,20,0,0,0,0,0,0,0,0,0,0,0
155,155,155,155,156,155,154,154,155,154,154,153,154,154,153,153,154,153,153,153,152,152,153,153,152,153,153,153,153,154,154,153,154,154,152,151,150,149,148,147,146,145,145,145,144,144,144,144,144,144,145,145,145,144,144,144,145,145,145,146,148,151,151,151,151,150,150,150,150,150,150,149,149,149,149,149,149,148,148,148,148,147,147,135,112,139,110,106,107,105,117,148,152,122,100,102,103,115,128,139,145,117,103,129,125,100,103,136,153,148,114,103,104,105,112,102,107,154,151,118,97,105,101,100,97,100,99,102,130,164,149,124,99,98,99,88,68,76,82,94,104,140,161,152,107,96,94,94,94,93,91,89,80,107,94,61,53,70,91,92,90,91,73,59,66,99,120,118,119,115,111,91,79,86,82,90,91,93,96,99,101,98,98,98,96,79,67,69,53,0,0,0,0,0,0,0,0,0,0,0
155,155,156,155,155,155,155,154,154,154,154,154,154,154,153,153,153,153,153,153,153,153,153,153,153,153,153,153,153,153,153,152,152,152,151,150,149,148,147,147,146,146,145,145,145,146,146,145,146,146,146,146,146,145,144,144,145,145,146,148,151,151,151,151,151,150,150,150,150,150,149,149,149,149,148,148,148,148,147,147,147,147,147,146,148,124,100,101,106,104,135,153,135,108,103,94,102,103,145,136,97,101,104,105,144,104,102,142,149,130,111,103,103,102,109,125,142,159,155,107,105,106,103,101,102,97,93,130,155,127,98,102,104,93,96,94,77,75,80,122,151,161,158,125,92,93,96,96,95,94,91,90,91,112,93,114,50,54,81,91,91,79,87,88,114,120,120,116,111,111,83,86,89,89,78,76,93,94,98,97,100,99,97,99,92,69,67,66,70,41,0,0,0,0,0,0,0,0,0,0
155,155,155,155,156,155,155,155,154,153,153,154,153,154,153,153,152,153,153,153,153,153,153,153,153,153,154,153,153,153,152,152,151,151,150,149,148,147,147,147,147,147,146,147,147,147,146,147,147,147,147,147,147,146,145,144,145,145,147,149,152,152,152,151,151,150,150,150,149,149,148,149,149,149,148,148,147,148,147,147,147,147,146,146,140,102,104,96,99,117,155,142,137,103,102,89,92,124,151,149,103,102,107,104,121,132,150,134,106,109,111,107,104,103,106,156,156,139,107,102,103,106,107,101,104,114,152,159,137,97,105,104,105,97,91,97,95,82,95,154,156,134,100,93,92,93,94,95,94,93,92,90,93,147,145,155,102,52,65,88,59,58,81,111,119,118,119,117,117,108,90,89,89,90,88,54,86,96,99,98,100,102,98,87,73,64,61,82,102,108,7,0,0,0,0,0,0,0,0,0
155,155,155,155,155,155,154,155,154,154,154,154,153,153,153,153,153,153,153,152,153,152,153,153,153,153,153,154,154,152,151,152,151,150,150,149,148,147,148,147,147,148,148,148,148,147,147,148,148,147,147,147,147,147,145,146,146,147,149,151,152,152,152,151,151,150,149,149,149,148,148,148,148,148,147,147,147,147,146,146,146,147,146,146,146,126,106,99,90,124,156,121,123,122,101,99,99,157,144,152,135,103,104,106,128,138,153,118,101,104,110,112,105,105,128,158,149,125,100,102,101,106,109,111,135,122,156,145,114,105,104,103,102,101,94,100,128,136,150,151,117,101,93,93,92,93,94,93,92,91,90,109,147,147,107,141,96,48,50,77,85,77,107,117,122,100,84,102,97,91,90,91,92,92,93,66,42,94,98,97,98,94,77,66,59,74,102,114,108,110,61,0,0,0,0,0,0,0,0,0
155,155,155,155,155,155,154,154,154,153,154,154,153,153,153,153,153,153,153,152,153,153,152,152,152,152,153,153,153,152,152,152,151,150,150,149,148,148,148,148,148,148,149,148,148,148,148,148,147,147,147,146,147,147,147,147,149,150,151,152,152,152,152,152,151,151,150,149,149,148,148,149,148,147,147,147,147,147,146,146,146,146,146,146,146,146,112,108,134,156,144,102,104,142,110,104,131,144,120,107,167,112,103,107,141,151,133,100,100,100,106,110,119,144,139,147,123,103,100,102,103,104,107,107,157,153,143,137,103,103,104,103,100,101,97,100,140,164,160,123,99,94,93,94,92,91,93,92,91,90,112,167,160,149,89,96,92,68,46,68,109,112,116,110,77,50,76,91,90,91,91,92,94,96,94,92,33,75,97,97,93,72,65,72,95,116,116,113,108,102,106,20,0,0,0,0,0,0,0,0
155,155,155,155,155,155,154,154,154,154,154,153,153,153,153,152,153,153,153,153,153,152,152,153,152,152,152,152,153,152,152,151,151,151,151,150,149,149,149,150,150,150,149,149,149,148,148,147,147,146,147,147,147,147,148,149,151,152,152,151,152,152,152,151,151,151,150,149,149,149,148,148,148,147,147,147,147,146,146,146,146,146,146,145,146,145,132,123,155,147,125,101,101,123,129,104,149,126,106,102,134,143,107,94,153,110,122,115,99,101,101,108,130,161,137,114,107,103,99,98,102,102,119,164,164,150,101,99,103,104,103,102,102,101,103,148,161,161,130,94,94,95,94,92,92,92,93,90,97,94,135,162,126,96,92,88,100,81,71,101,110,108,91,56,73,93,93,90,90,91,95,95,93,95,93,91,78,68,98,99,97,76,77,95,116,117,113,107,107,105,101,71,0,0,0,0,0,0,0,0
155,155,155,155,154,153,154,154,153,153,154,152,153,153,153,153,153,152,153,153,153,153,152,151,152,152,151,152,152,152,152,152,152,151,151,150,150,150,150,150,150,150,150,149,149,149,148,147,147,146,146,147,148,149,150,152,152,152,152,151,152,152,151,150,151,151,150,150,148,148,147,148,148,147,147,147,146,147,146,146,146,146,146,146,145,145,145,148,139,94,86,101,101,105,137,144,132,112,110,103,100,157,137,146,135,107,110,129,100,100,113,139,149,148,103,108,107,105,101,100,101,113,121,162,143,110,105,101,99,103,103,105,115,145,143,156,139,113,103,95,95,94,94,96,95,95,115,137,135,157,156,106,91,92,92,92,96,97,105,90,112,115,88,87,91,96,99,95,92,90,93,92,91,91,92,95,96,86,95,99,98,98,108,111,112,109,108,106,107,105,80,67,21,0,0,0,0,0,0,0
155,154,154,154,154,153,154,153,153,153,153,152,153,153,153,153,153,153,153,153,153,152,152,152,152,152,152,152,152,152,152,152,151,151,151,150,150,150,150,150,150,150,149,148,149,148,147,147,147,147,147,148,149,150,151,151,151,152,152,151,151,150,150,150,151,151,150,150,148,148,148,148,147,147,147,147,147,147,147,146,147,146,146,145,144,145,144,146,136,100,82,95,110,146,152,117,103,104,106,104,102,125,146,114,92,100,102,117,114,96,116,155,140,113,101,103,105,106,102,101,109,149,156,126,111,103,109,102,98,100,104,101,118,157,164,131,100,98,100,101,99,96,94,94,95,92,125,162,164,163,144,99,91,93,93,95,94,94,122,96,89,107,90,91,92,93,96,96,93,90,89,94,94,94,94,94,94,95,98,109,107,114,116,112,110,108,107,106,94,69,56,60,52,0,0,0,0,0,0,0
154,154,153,154,153,153,153,153,153,153,153,153,153,153,153,153,153,153,153,153,153,152,152,152,152,152,152,152,153,152,152,151,151,150,150,150,150,150,150,150,150,149,148,148,147,147,147,147,148,148,147,148,149,151,151,151,151,151,151,150,150,150,150,150,150,150,151,150,149,148,149,148,147,147,146,147,147,147,147,146,146,146,146,145,145,144,144,144,121,106,95,83,111,159,147,134,130,103,104,101,104,133,144,116,106,101,100,104,124,134,158,137,95,96,100,102,104,106,103,110,142,163,155,106,101,102,102,100,99,95,101,133,162,159,153,118,97,94,101,106,103,99,94,93,98,136,166,164,153,124,97,93,93,93,94,97,95,96,113,112,45,102,102,94,93,92,92,87,91,90,90,93,95,96,94,93,97,110,107,106,116,115,111,109,109,103,96,73,54,59,60,64,64,28,0,0,0,0,0,0
154,154,154,154,153,153,153,153,153,153,153,153,153,153,153,153,152,153,153,153,152,152,152,152,153,152,152,152,152,152,151,151,151,150,150,150,150,150,150,150,149,149,148,148,147,147,148,148,148,148,149,149,149,151,151,151,151,151,151,150,150,150,149,150,150,150,151,150,149,149,148,148,147,146,146,147,148,147,147,146,145,146,145,145,144,144,143,143,139,107,102,105,148,155,133,112,157,109,104,122,146,143,112,119,111,104,100,103,120,144,155,114,77,94,99,100,102,102,101,131,163,135,104,101,100,100,104,99,99,122,125,142,163,129,104,101,101,99,101,107,105,100,92,95,136,166,165,139,96,97,96,95,94,97,98,98,98,106,145,132,74,61,117,95,96,92,91,82,76,92,93,94,97,94,93,105,117,109,104,102,106,110,111,108,107,79,52,59,70,63,63,67,68,56,5,0,0,0,0,0
153,154,154,153,153,153,153,153,153,152,153,153,153,153,153,153,153,153,153,152,152,152,152,152,152,152,152,152,152,152,151,151,151,150,151,151,150,150,150,150,149,149,148,147,147,148,148,148,148,148,149,149,149,150,150,150,150,150,150,150,149,149,150,150,150,150,150,150,149,149,147,147,147,147,146,146,146,146,146,146,145,145,145,145,144,144,143,143,143,125,103,120,150,138,108,101,133,138,115,156,149,134,107,114,115,109,101,118,153,139,95,74,76,82,100,98,104,118,153,154,113,103,101,101,100,100,100,97,104,164,158,143,146,115,103,103,103,105,100,106,105,106,117,121,153,142,120,106,100,101,96,100,101,102,100,99,98,112,156,129,95,46,94,106,94,92,92,93,54,81,94,95,95,99,85,99,86,99,113,109,101,106,106,92,64,56,59,62,60,58,65,68,71,64,32,0,0,0,0,0
153,154,153,153,153,152,153,153,152,152,152,152,153,153,153,153,153,153,153,153,152,152,152,152,152,152,152,152,151,151,150,151,151,151,150,150,150,150,150,149,149,148,147,147,148,148,148,149,149,149,148,148,148,148,148,149,149,149,149,150,149,149,150,150,149,150,150,149,149,148,147,148,148,148,147,146,146,146,146,146,146,146,145,144,143,143,143,143,142,142,106,131,107,87,100,101,104,145,132,152,117,90,104,104,110,108,105,142,156,130,90,74,76,77,92,101,115,141,165,151,103,100,100,100,99,98,98,109,142,164,145,103,102,99,106,106,104,105,105,100,102,113,148,159,137,97,95,92,92,108,103,104,103,100,102,108,115,114,152,110,95,78,48,116,98,93,93,94,72,46,94,98,93,97,69,72,102,115,112,110,96,91,76,64,63,59,59,62,64,65,68,66,63,76,59,13,0,0,0,0
153,153,153,153,153,153,153,153,153,153,152,152,153,153,153,153,154,153,153,153,153,152,153,153,152,152,152,152,151,151,151,151,151,151,150,150,150,150,149,148,149,148,148,148,148,149,148,149,148,148,147,147,147,146,148,148,148,149,149,149,149,149,149,150,148,149,149,149,149,149,148,148,148,147,147,147,146,146,146,146,146,145,144,144,143,143,143,143,142,142,137,141,100,84,98,103,101,100,132,151,112,89,100,105,105,104,129,151,112,97,90,77,76,79,79,94,144,161,120,87,101,99,98,97,102,102,100,126,165,160,124,79,92,101,103,107,106,104,107,96,134,162,157,152,123,94,94,93,96,104,106,102,105,99,120,140,148,163,154,124,97,94,49,77,108,94,94,95,96,43,77,114,79,60,89,114,111,111,105,99,83,54,64,65,62,59,60,58,55,60,65,57,58,67,61,43,0,0,0,0
153,153,153,153,153,152,152,152,153,153,152,153,153,153,153,153,154,154,154,153,153,153,153,152,152,152,152,151,151,151,151,151,151,151,151,150,150,149,149,149,149,148,148,148,148,148,148,148,148,147,147,147,147,146,147,148,148,148,149,148,149,149,148,147,147,148,148,150,149,149,148,148,147,147,147,147,146,146,146,146,145,145,144,144,143,143,143,143,142,142,142,117,102,95,92,105,124,143,137,121,106,99,89,106,104,142,137,114,92,85,101,75,76,78,107,157,152,107,88,72,95,97,98,102,105,101,128,160,138,103,98,90,80,104,100,106,106,104,119,160,165,157,132,100,95,94,96,99,100,96,106,103,97,98,138,161,157,156,130,91,89,97,85,48,112,99,94,93,80,54,46,58,80,110,113,111,101,100,94,83,78,55,55,63,60,60,65,67,59,56,62,65,56,49,57,60,22,0,0,0
153,152,152,153,152,153,152,152,152,152,152,153,153,153,153,153,154,154,154,154,154,153,152,152,153,153,152,152,151,151,151,152,151,151,151,150,149,149,149,148,149,148,148,147,147,147,147,147,147,147,146,146,146,146,146,146,147,146,147,147,148,147,148,146,146,147,148,149,149,149,149,148,148,147,146,147,146,146,146,145,145,145,144,144,143,142,143,142,142,142,143,136,104,102,89,102,139,138,112,133,106,107,90,115,132,146,127,83,81,80,98,90,83,107,133,164,142,102,82,69,79,98,98,99,124,151,154,118,111,100,102,108,84,91,101,99,111,133,132,160,163,133,96,97,95,101,100,100,99,97,102,111,117,148,161,159,136,110,99,94,83,95,98,74,86,108,90,75,60,54,68,99,114,112,108,103,78,81,87,79,74,67,51,63,64,70,69,72,65,55,65,58,52,55,61,69,49,0,0,0
153,152,152,152,152,152,152,151,152,152,152,152,152,152,152,153,154,155,155,153,153,152,152,152,152,152,152,152,151,151,151,152,151,150,150,150,150,150,149,149,149,148,148,147,147,147,148,146,146,147,146,147,146,146,146,146,145,146,146,146,146,146,146,146,145,147,150,149,149,149,148,148,147,147,145,146,146,145,145,145,145,145,145,144,143,142,142,143,143,142,144,145,122,104,105,127,147,123,103,125,123,106,102,132,148,117,106,93,79,79,85,103,103,145,156,119,98,98,94,70,71,92,100,116,167,164,153,103,103,103,104,101,97,71,101,132,141,150,149,136,153,124,101,100,98,98,101,99,98,98,105,144,165,165,153,121,97,97,94,95,90,88,96,94,79,107,91,64,64,93,115,105,107,104,97,84,64,57,75,73,69,66,60,57,62,68,66,66,58,51,51,54,54,53,55,66,47,19,0,0
152,152,152,152,152,152,151,152,152,152,152,152,152,152,152,152,153,154,155,152,152,152,152,152,152,152,152,152,151,151,151,151,150,150,150,150,150,150,150,149,149,148,147,147,147,147,147,146,146,146,146,146,146,146,146,145,145,145,146,146,146,145,145,146,146,147,149,149,149,148,147,147,147,146,145,146,146,145,144,145,145,144,143,144,143,143,142,142,143,143,145,146,142,136,154,135,103,104,104,107,140,112,102,142,128,95,106,108,79,78,80,119,162,137,117,95,96,97,97,88,84,96,119,132,163,127,98,102,101,100,104,96,100,86,100,145,161,157,99,106,107,105,103,103,99,93,102,101,101,104,115,160,164,127,91,97,99,99,97,95,94,86,89,93,91,92,99,85,110,113,114,100,92,89,79,74,73,65,69,68,62,63,63,55,56,59,69,64,55,57,58,54,61,50,53,55,47,75,14,0
152,152,152,152,151,152,152,152,152,152,152,152,152,152,153,152,153,153,153,152,151,151,152,152,151,151,152,151,151,151,151,150,150,150,151,150,150,150,150,150,149,147,147,147,147,147,146,147,147,147,147,146,146,146,145,145,145,145,145,145,146,145,145,145,145,146,148,148,148,148,147,147,147,146,145,146,145,145,145,144,144,144,143,144,143,143,142,143,143,144,145,146,145,150,150,128,92,104,107,105,118,136,152,134,84,80,96,104,93,84,106,138,164,108,92,97,96,96,96,97,88,123,156,143,108,92,97,101,102,99,98,97,99,123,144,152,150,128,106,105,106,105,103,104,103,96,92,115,125,136,156,148,116,96,98,95,100,100,98,96,95,91,89,101,115,101,111,110,109,104,95,86,66,72,73,72,71,71,70,68,65,63,61,56,52,55,55,53,52,58,44,30,45,43,46,73,108,109,65,0
152,152,152,153,152,152,152,151,151,152,152,152,152,153,153,153,153,153,153,152,151,151,151,151,152,151,151,150,151,151,151,151,150,151,150,150,151,150,150,149,148,147,147,147,147,146,147,147,146,146,146,146,146,146,146,145,145,145,145,145,145,146,145,145,145,145,146,147,148,148,147,147,146,146,145,145,145,145,145,145,144,144,143,144,144,143,142,142,144,146,146,146,145,144,116,103,97,96,106,115,133,148,152,117,90,78,83,103,105,108,150,151,113,91,76,97,95,96,97,108,148,163,147,115,98,94,95,98,100,99,96,98,133,159,157,129,86,69,100,104,104,104,102,100,102,97,96,135,155,159,136,116,108,100,99,97,98,100,99,96,96,94,89,113,152,145,113,110,93,88,87,78,66,66,70,68,69,67,69,73,64,63,61,54,52,51,50,50,52,52,56,35,47,65,100,113,108,103,100,27
152,152,152,151,152,152,152,152,152,151,152,152,152,153,153,153,153,153,152,151,151,151,151,151,151,151,151,150,151,151,150,150,150,150,150,151,150,150,149,148,148,148,147,148,146,147,146,146,146,146,146,146,146,146,146,146,146,146,145,145,145,145,145,145,145,145,145,147,147,147,147,147,146,145,145,145,144,144,145,145,144,143,144,143,144,144,143,143,145,147,146,145,143,142,129,106,104,94,98,128,150,142,132,104,99,74,79,99,118,158,122,111,98,96,82,84,96,102,113,116,160,156,118,95,94,95,93,95,97,105,116,104,140,148,122,65,66,71,85,104,105,104,103,106,106,93,134,152,159,154,115,102,102,101,100,100,97,99,99,98,94,92,98,114,156,151,112,107,103,80,80,71,64,66,66,62,62,62,65,90,67,62,57,54,50,45,50,52,53,53,53,60,89,117,114,109,102,97,93,75
152,152,152,152,151,151,152,152,151,152,152,152,152,153,153,153,153,153,153,152,151,151,151,151,151,151,151,151,151,151,151,151,150,151,150,150,150,150,148,147,148,147,147,147,147,147,146,146,146,146,146,145,146,146,145,145,146,146,145,145,145,144,146,146,145,144,145,146,147,147,147,146,146,145,145,144,144,145,145,145,144,145,144,143,143,145,144,146,147,146,145,143,144,141,141,117,105,97,124,156,130,87,116,115,101,86,80,134,134,159,107,96,97,96,93,72,90,138,149,159,128,97,97,95,93,93,93,93,113,162,159,155,132,111,104,89,70,74,74,98,103,101,107,146,153,159,162,145,124,103,100,101,103,102,101,101,99,98,98,97,110,99,131,158,147,133,101,91,114,84,68,62,61,57,67,61,60,64,63,62,62,52,53,54,50,45,50,52,52,48,83,114,106,106,107,106,89,107,75,61
152,151,151,151,151,152,152,151,151,152,152,153,153,153,152,153,153,153,153,152,152,151,151,151,151,151,151,151,151,151,138,141,150,150,150,150,149,148,148,148,147,147,147,147,147,146,146,146,146,146,146,146,146,145,146,145,145,145,146,146,145,145,145,145,145,145,145,147,147,146,146,145,145,145,145,144,145,145,145,145,144,143,143,143,145,146,146,148,147,146,145,145,145,144,143,137,104,133,155,123,100,92,90,130,102,96,111,154,138,91,101,93,96,96,95,85,110,156,137,113,96,94,95,96,94,93,94,91,133,159,152,120,99,101,104,108,89,73,73,80,102,99,118,161,163,161,138,106,87,99,99,101,103,103,101,99,100,97,96,101,132,158,162,157,121,95,91,88,94,105,62,57,59,52,58,59,58,59,58,58,60,55,53,52,52,54,51,47,72,106,112,105,101,99,92,71,63,61,56,37
151,151,151,151,151,151,151,151,151,152,152,153,153,153,153,153,153,152,152,152,152,151,151,151,151,151,150,151,150,143,122,117,150,150,150,149,149,148,147,147,148,148,146,147,146,146,146,146,146,146,146,146,146,145,146,145,145,146,145,146,145,144,145,145,147,146,146,146,147,146,145,145,145,145,145,144,144,144,145,144,143,143,143,145,148,147,149,148,147,146,146,145,145,143,144,143,125,141,135,113,108,102,83,111,116,115,160,114,99,73,93,99,95,97,97,134,162,164,117,97,95,94,92,96,95,94,106,144,165,163,147,111,101,100,102,103,100,77,72,71,106,142,161,162,150,118,99,99,92,94,99,99,103,103,101,99,100,101,109,147,162,162,144,110,87,83,87,90,76,100,76,61,60,49,48,58,57,56,55,56,55,58,51,54,65,65,63,93,110,107,104,102,92,76,65,51,53,65,50,33
151,151,151,151,151,151,151,151,151,151,152,153,153,153,153,153,152,152,152,152,151,150,150,151,151,151,150,150,151,149,129,112,134,150,149,148,148,148,148,148,148,148,146,146,146,146,146,146,146,146,146,145,145,145,145,145,145,146,145,145,145,145,145,145,146,147,147,146,146,146,146,146,146,145,145,145,144,144,144,144,144,144,146,147,150,149,147,147,147,144,145,144,144,144,144,143,142,145,90,91,103,105,96,83,118,137,156,99,69,72,78,107,96,126,123,147,159,128,96,96,97,95,93,94,96,102,136,162,161,129,103,103,104,100,98,98,102,93,84,122,163,156,155,125,100,99,99,99,99,94,99,98,100,100,103,110,107,140,165,163,155,121,92,89,85,81,85,88,80,75,88,55,51,46,44,50,57,62,66,59,56,56,59,89,108,103,111,107,106,102,98,76,55,54,56,42,35,44,32,32
150,150,150,151,150,151,151,151,150,151,152,153,153,153,153,152,152,152,151,151,151,150,149,149,149,150,148,148,148,148,136,103,88,123,140,148,148,148,148,147,147,148,146,146,146,146,146,146,146,146,146,145,146,145,145,146,146,146,145,145,145,145,144,145,147,146,146,146,146,146,146,146,145,145,145,144,144,145,145,145,146,147,148,148,149,149,147,147,146,143,143,145,145,145,144,143,142,134,98,82,97,106,106,122,156,137,102,96,67,71,72,91,102,135,168,139,102,105,101,94,96,98,93,119,108,130,162,135,101,102,104,103,102,100,99,97,97,98,89,148,160,131,101,99,99,98,100,99,98,99,103,99,98,111,128,141,160,163,160,130,97,85,79,78,74,76,87,90,83,66,77,71,52,46,45,49,60,61,58,58,54,83,112,115,112,111,106,104,106,81,61,54,46,47,53,54,39,37,21,36
150,150,150,150,150,150,150,150,150,150,150,151,152,152,151,150,150,150,150,149,149,149,148,148,149,149,148,148,147,148,149,102,85,91,109,148,148,147,147,147,147,147,147,146,146,146,146,146,146,146,146,145,145,146,145,145,145,145,145,145,145,145,145,145,145,146,146,146,145,146,146,146,145,145,146,145,146,146,145,147,149,150,150,149,149,148,147,147,146,141,144,146,145,144,143,142,141,141,112,90,89,102,114,160,124,112,101,98,84,67,71,99,154,153,124,107,96,100,116,95,96,97,94,134,161,145,119,104,101,102,102,101,101,101,98,101,92,110,141,133,107,96,100,100,98,98,99,98,97,98,109,103,97,128,159,164,160,140,105,91,86,73,67,66,72,71,82,88,83,71,53,83,51,52,57,52,50,55,59,77,103,115,110,107,108,105,104,88,67,49,45,55,46,46,49,56,49,38,33,42
150,150,150,150,149,150,150,150,149,149,150,150,150,149,149,149,148,149,148,148,148,148,148,148,148,149,148,148,147,148,135,95,97,107,109,133,135,147,147,146,146,146,148,147,146,146,146,146,145,146,145,145,145,145,145,145,145,145,145,145,145,145,145,145,146,146,146,146,146,146,149,149,147,146,148,147,147,147,148,149,150,151,151,150,149,148,146,145,143,142,145,144,143,143,142,142,141,140,131,106,77,113,143,151,113,101,101,98,97,75,112,156,162,141,102,111,107,101,106,103,94,107,143,163,130,96,98,99,101,100,101,100,100,111,133,132,136,149,112,93,103,99,99,99,99,98,98,98,98,96,98,118,140,163,162,148,114,90,89,86,81,71,67,64,65,65,72,88,76,76,60,54,51,58,66,47,53,70,98,117,111,108,107,94,71,76,69,54,37,33,44,55,45,39,41,46,57,52,34,35
150,150,150,150,150,149,149,149,149,150,149,149,149,149,148,149,148,149,148,149,148,147,148,148,148,147,147,147,147,147,148,110,99,91,91,86,109,142,140,146,146,146,146,146,146,146,146,146,145,146,145,145,145,145,145,145,145,145,145,145,145,146,146,146,146,146,146,145,150,150,151,152,151,153,151,149,149,150,150,150,151,152,152,150,149,147,145,143,142,142,146,145,143,143,142,141,140,140,139,121,126,153,123,102,102,101,100,97,94,96,135,163,127,104,100,109,118,110,97,109,127,165,165,162,121,103,94,96,98,99,99,99,105,158,157,152,133,97,96,107,118,99,98,99,98,97,95,98,93,92,129,156,153,152,124,89,85,80,80,76,73,70,67,62,62,62,64,78,95,105,100,55,44,41,58,64,87,113,110,111,107,105,87,63,58,59,52,44,38,42,38,39,44,37,41,44,55,53,30,19
150,150,150,149,150,149,149,149,149,149,149,149,148,148,148,148,148,148,148,147,147,148,148,147,147,147,147,147,147,147,147,138,108,94,91,118,108,97,102,147,146,145,146,146,146,147,146,146,145,145,146,146,146,146,145,145,145,144,145,145,145,145,146,146,146,145,146,148,154,153,153,155,155,155,153,152,151,150,150,151,151,152,149,148,150,149,145,141,141,142,144,144,144,142,142,141,140,140,139,139,152,114,92,94,100,101,98,99,124,158,139,107,96,97,105,96,112,111,112,102,133,162,136,103,99,103,98,94,97,99,96,94,119,156,160,160,127,99,95,100,112,107,98,97,98,97,91,91,122,159,163,159,123,102,88,71,71,76,73,67,68,64,62,63,60,58,73,109,132,137,138,126,85,50,75,107,109,104,105,104,86,64,61,44,53,50,47,43,42,40,37,48,41,40,40,35,34,65,35,36
149,149,149,149,149,149,149,149,149,148,148,149,149,148,148,148,148,148,148,147,147,147,148,148,148,147,147,147,147,147,147,117,103,96,96,99,103,103,90,109,123,146,146,145,146,146,146,146,145,145,146,145,145,145,145,145,145,145,144,145,145,146,146,146,146,146,147,150,155,156,155,156,156,155,153,152,151,150,150,150,151,146,143,146,148,147,142,141,142,143,143,144,143,143,141,141,141,139,139,139,138,108,98,85,97,100,97,126,165,152,106,96,96,94,100,101,99,115,153,150,144,112,97,97,99,102,102,97,96,97,114,143,154,156,142,113,97,96,95,96,102,115,101,97,100,105,114,139,166,163,143,108,87,81,75,72,63,64,66,65,64,66,64,54,83,109,116,146,159,151,157,161,128,97,103,106,105,108,94,69,55,46,42,45,49,44,45,46,42,42,44,46,40,32,32,30,28,48,51,26
149,149,149,149,149,149,149,149,149,148,149,148,148,148,148,148,147,147,147,147,148,147,147,147,147,146,146,147,147,146,146,136,109,96,97,122,136,98,93,104,89,107,132,146,146,146,146,145,145,145,145,145,145,145,145,145,145,146,145,145,145,146,146,145,146,145,148,153,156,157,157,157,157,155,153,152,151,151,150,150,151,146,143,144,147,147,142,142,144,145,145,144,144,142,140,140,140,139,139,138,138,103,98,87,86,100,113,135,151,121,101,106,107,96,94,109,104,144,158,142,137,116,97,97,99,101,102,100,103,137,159,161,149,120,99,98,98,96,96,94,97,104,105,100,111,144,163,155,147,117,90,87,84,71,72,70,61,57,64,59,60,67,77,126,162,155,157,154,146,119,130,131,139,114,89,96,97,79,60,46,40,42,41,51,48,42,43,42,41,36,33,40,33,31,26,25,27,23,52,32
149,149,149,149,149,149,149,149,149,148,148,148,148,148,148,147,147,147,148,147,147,146,146,146,147,146,146,146,146,146,146,128,119,103,95,102,88,103,85,108,126,89,99,125,146,146,145,146,146,145,145,145,145,145,144,145,146,146,146,145,144,145,145,146,145,147,147,154,156,157,158,158,157,155,153,152,151,150,149,150,149,144,142,143,147,146,144,144,145,144,144,143,142,141,141,140,140,139,138,138,138,123,97,97,83,129,161,125,98,101,98,105,103,97,94,132,163,128,107,98,97,122,114,99,99,100,102,122,160,162,159,129,101,98,96,99,100,99,97,95,93,130,121,135,165,157,151,124,75,90,78,78,76,70,67,66,68,53,55,73,85,120,164,164,166,141,120,95,56,73,98,79,106,101,68,57,47,59,29,37,38,41,46,47,49,39,44,40,45,41,43,39,22,35,31,24,24,22,33,49
149,149,149,149,149,148,149,149,149,148,148,148,148,147,147,147,147,147,147,147,146,146,146,146,145,146,146,146,146,146,146,139,139,99,97,89,81,96,87,90,100,86,109,109,130,133,145,146,145,145,145,145,145,145,145,147,146,145,146,146,146,146,147,148,147,150,152,154,156,158,158,158,157,155,153,152,151,150,150,150,146,143,142,144,144,146,145,145,144,143,143,142,142,141,140,140,139,139,138,138,138,138,108,113,154,144,119,95,95,104,103,101,98,100,155,161,161,123,112,93,100,106,143,103,98,99,99,133,155,135,105,98,97,97,97,98,99,99,100,104,121,153,160,159,156,132,99,88,89,96,75,72,71,69,67,64,67,73,86,118,152,161,159,137,110,89,66,56,48,59,82,85,79,78,57,46,52,63,54,50,40,37,32,41,40,37,46,45,48,40,40,41,35,29,26,26,21,34,49,52
149,149,148,148,148,148,148,149,148,148,148,148,147,147,147,147,147,147,147,146,146,146,146,146,146,146,146,146,146,146,146,140,118,102,98,89,104,87,77,79,73,90,115,104,89,87,127,145,145,145,145,145,145,147,153,153,148,145,145,147,145,147,149,151,151,151,153,154,155,157,158,159,157,156,153,152,151,150,150,149,146,142,143,143,143,144,144,145,144,143,143,142,142,141,140,139,140,139,138,138,137,137,128,116,161,113,98,97,100,102,107,99,107,109,149,138,123,112,50,89,101,99,118,121,131,116,148,149,111,93,96,96,97,98,98,97,98,99,109,137,150,155,157,137,107,89,84,80,80,120,81,67,65,64,66,80,85,108,138,158,160,145,110,82,65,53,53,52,52,59,74,86,75,78,67,54,58,93,45,51,33,42,42,42,28,33,41,41,43,38,34,29,30,15,13,32,45,63,66,57
148,148,149,148,148,148,148,148,148,148,148,148,147,146,147,147,147,147,146,146,146,146,146,146,146,146,145,145,145,146,146,137,112,91,132,106,100,88,92,66,84,102,111,84,75,85,95,145,145,145,145,144,145,151,157,155,147,144,144,146,147,148,149,153,153,152,153,153,155,156,157,157,156,155,154,153,151,150,150,149,144,142,142,142,142,145,144,144,144,143,143,143,142,142,140,140,139,138,138,138,137,137,137,145,122,93,85,96,101,97,101,105,137,146,96,49,37,18,82,113,95,101,134,121,157,157,130,106,94,92,97,96,96,97,97,96,97,110,134,159,161,151,110,84,82,81,79,76,73,98,116,64,59,72,116,143,142,162,157,144,125,95,68,51,52,49,47,52,65,67,63,71,74,76,77,69,50,92,77,46,49,49,29,28,35,40,39,40,41,37,30,29,41,33,38,64,90,115,103,108
148,149,149,148,148,148,147,147,148,148,148,147,147,147,147,146,147,146,146,147,146,145,145,146,146,145,145,145,145,145,145,129,134,158,132,90,88,88,92,63,75,82,84,72,56,83,84,120,145,145,145,145,148,154,156,154,150,145,145,149,148,148,150,153,153,152,153,153,154,156,156,157,156,155,152,153,151,150,146,142,142,141,143,145,144,145,145,144,144,143,143,142,141,141,140,139,139,138,138,137,137,137,136,133,101,99,86,89,98,98,122,147,110,59,34,7,65,127,130,130,98,95,143,154,124,95,97,92,92,91,94,96,95,98,94,100,124,154,157,157,123,85,77,80,76,73,73,67,68,66,126,86,102,152,156,160,156,156,122,95,90,63,55,44,50,48,57,73,65,54,50,65,71,76,88,92,83,58,107,52,53,46,39,38,40,42,35,34,35,29,37,54,51,52,77,110,109,108,110,109
148,148,148,147,147,147,147,147,147,147,147,147,147,147,147,147,146,146,146,145,145,146,146,145,146,145,144,146,145,145,145,141,127,117,111,118,93,91,69,59,77,71,59,67,64,69,86,89,143,145,145,145,150,154,154,154,153,150,149,150,149,149,153,155,152,154,154,152,152,155,155,156,155,153,152,151,150,146,142,141,141,142,144,146,146,145,144,143,143,143,143,142,141,140,140,139,139,139,138,137,137,136,136,136,119,98,94,81,116,147,132,72,43,28,48,111,131,131,130,129,124,146,138,106,109,113,94,92,92,92,91,97,95,91,112,148,155,151,132,100,84,79,74,69,74,62,68,69,66,60,98,109,152,156,159,155,127,81,67,66,95,70,56,41,38,55,59,58,57,60,57,62,84,87,101,148,120,61,75,74,47,53,50,43,40,41,38,25,35,46,71,96,77,95,105,107,106,104,110,108
148,147,147,147,147,147,147,147,147,147,146,147,147,146,146,146,146,146,146,145,145,145,145,145,145,145,145,145,145,145,145,134,124,103,69,105,96,92,55,63,73,79,66,85,68,65,82,86,113,145,145,146,153,154,154,153,153,152,151,151,150,151,154,155,153,155,155,150,149,149,152,152,150,149,151,148,147,143,142,143,144,145,145,145,145,144,143,143,142,142,142,141,140,140,140,139,139,138,138,137,137,136,137,135,135,107,103,107,142,156,128,26,39,100,131,131,130,129,129,129,128,145,119,96,112,146,97,92,92,92,91,91,105,138,153,158,143,106,85,84,79,70,67,58,63,67,62,68,77,98,138,139,152,156,134,96,77,53,53,54,77,93,57,74,28,48,57,74,76,77,87,127,137,137,133,152,127,69,45,77,54,55,50,39,44,46,44,47,68,95,112,105,102,106,105,105,96,70,70,69
148,147,147,147,147,146,147,146,146,146,146,146,146,146,146,146,146,146,146,145,145,145,145,145,145,145,145,145,145,145,145,143,140,101,98,96,102,105,90,63,62,86,69,79,76,65,60,90,84,97,120,148,154,157,156,153,153,152,152,154,155,151,150,153,152,157,155,151,149,148,147,149,147,146,147,147,146,141,141,145,146,146,146,145,143,143,143,142,142,141,141,141,140,140,139,139,138,138,138,137,136,136,136,135,134,136,155,133,146,148,121,99,132,132,131,130,129,129,129,129,128,126,94,94,96,134,125,96,91,89,94,132,163,160,152,117,87,84,82,76,71,66,60,57,54,73,63,115,138,142,153,124,128,109,63,63,56,51,50,51,48,98,72,63,43,46,63,87,92,127,157,156,148,155,144,161,121,88,54,48,50,47,52,52,68,65,51,85,111,109,111,104,102,110,103,71,54,47,43,44
147,147,147,147,146,146,146,146,146,146,147,146,146,146,146,146,146,146,145,146,145,145,147,146,145,144,144,145,145,145,147,131,98,84,97,96,80,110,92,61,57,70,73,71,98,68,52,76,91,80,84,148,154,157,155,154,153,152,152,154,153,153,153,154,155,156,154,152,150,148,147,147,144,146,147,145,142,140,142,145,146,146,144,144,143,143,142,142,141,141,141,140,139,139,140,139,138,138,137,137,136,136,135,135,134,134,150,137,98,98,137,132,131,131,130,130,129,128,128,128,127,128,108,93,95,104,150,100,84,119,158,161,161,127,90,86,80,74,71,68,66,64,57,51,49,101,152,159,161,131,100,82,105,105,57,57,49,49,46,48,45,75,93,59,74,75,86,119,153,158,162,134,95,137,121,116,131,145,100,47,39,53,80,93,112,105,103,108,110,107,108,85,69,85,68,40,25,33,42,37
147,147,146,147,147,146,146,146,146,146,146,146,146,146,146,146,145,145,147,147,147,147,147,147,146,145,146,147,147,147,147,134,85,99,88,85,85,95,96,81,69,69,81,72,81,74,55,56,93,87,77,117,154,156,155,153,152,153,155,156,155,155,155,157,156,156,155,152,150,148,148,146,142,145,146,145,142,141,143,145,145,144,144,143,142,142,142,141,141,141,141,140,140,139,139,139,138,138,137,136,136,135,134,134,134,134,138,154,143,80,126,131,131,130,130,129,128,128,128,127,127,127,125,93,94,92,119,135,146,162,161,139,102,83,81,78,72,63,65,64,65,71,66,81,134,148,161,155,132,93,70,61,63,121,67,50,46,44,46,58,67,71,79,91,102,122,146,164,160,140,108,84,88,131,97,77,86,122,136,114,67,73,103,110,109,108,108,109,107,96,101,56,45,39,30,25,26,25,50,42
146,147,147,147,147,146,146,146,146,146,146,146,146,146,145,145,145,146,148,147,147,147,147,147,147,147,147,147,147,147,147,147,107,91,96,91,84,91,92,85,99,112,74,47,73,83,68,53,72,90,85,79,148,154,153,152,152,153,158,158,156,156,156,158,157,156,155,152,151,148,143,141,141,143,145,145,143,143,144,145,144,144,143,142,142,142,141,141,141,140,140,140,139,139,139,139,138,137,136,136,136,135,134,134,134,134,133,147,150,128,132,131,130,130,129,129,128,128,127,127,126,119,112,106,89,97,132,160,159,147,113,92,84,79,71,69,66,59,58,68,88,106,136,162,160,145,123,119,91,71,64,61,64,87,88,46,43,42,57,73,84,90,124,156,144,159,156,145,101,87,91,60,60,117,104,73,73,85,92,146,97,96,104,105,108,102,78,96,78,61,47,34,28,30,20,24,20,17,33,58
147,147,147,147,147,146,146,147,146,146,146,147,146,145,145,145,145,150,154,151,147,147,147,146,147,146,147,147,147,147,146,146,139,80,97,99,86,82,89,84,81,113,86,60,61,82,105,54,57,86,89,80,110,154,152,152,152,152,156,156,156,155,156,155,156,155,154,153,150,142,140,140,141,143,144,144,143,144,143,144,143,143,143,142,142,142,141,141,141,140,140,140,139,139,139,138,137,137,136,136,135,135,134,134,134,133,132,134,156,131,129,131,130,129,129,127,127,127,127,125,86,57,114,147,130,157,156,150,118,95,77,79,75,71,69,68,60,57,78,102,131,158,161,159,111,87,92,81,70,65,72,68,61,52,64,45,49,52,68,90,127,154,158,158,127,117,112,103,63,55,83,87,63,80,130,76,66,75,78,103,108,88,102,101,85,63,47,38,30,16,26,22,16,14,18,20,18,20,33,56
147,146,146,146,147,147,146,146,146,146,146,146,146,146,146,145,145,150,153,150,146,146,147,147,147,146,146,147,146,146,146,146,145,114,89,99,96,81,84,80,79,95,101,73,53,63,109,86,60,69,91,87,80,139,152,151,151,152,153,154,155,157,157,156,155,156,155,152,146,140,140,139,141,147,145,145,144,144,144,144,143,143,143,142,142,141,141,141,141,140,140,140,139,139,139,138,138,137,136,135,135,135,134,134,133,133,131,132,142,144,126,131,129,129,128,128,127,127,125,84,65,80,123,144,152,158,131,95,84,86,71,63,66,65,65,61,75,95,124,156,161,156,129,93,74,71,77,94,77,75,79,75,62,53,47,44,78,117,122,154,161,159,132,95,77,63,63,88,90,53,61,114,73,67,103,101,62,62,76,76,105,85,76,85,56,40,29,26,16,21,21,15,12,9,19,16,13,22,42,54
147,147,147,146,147,146,146,146,146,146,146,146,146,146,146,146,146,147,153,149,146,146,146,146,146,146,146,147,146,146,146,145,145,142,97,99,99,89,78,81,77,80,102,90,63,52,79,102,63,61,83,91,86,104,151,152,151,151,151,153,156,158,157,156,155,156,154,145,140,139,141,141,145,151,149,149,145,143,143,142,142,142,141,142,141,141,141,140,140,140,139,139,139,138,138,138,137,136,136,135,135,134,134,133,133,132,132,132,131,150,137,129,129,128,127,127,127,126,126,102,92,125,147,148,148,120,86,84,77,73,69,57,61,67,71,92,120,145,152,159,140,96,76,77,78,64,66,96,93,75,71,64,66,49,75,114,130,149,158,157,134,96,82,68,58,57,58,60,110,69,56,86,98,63,63,121,80,64,73,88,108,137,44,98,51,28,25,19,15,7,12,18,13,4,9,18,10,15,41,46
146,146,146,146,146,146,146,145,146,146,146,146,146,146,146,146,146,146,150,149,146,146,145,146,146,146,146,146,146,145,145,144,145,144,126,96,102,100,79,81,81,76,90,102,86,51,65,87,77,62,73,93,89,87,130,151,151,151,151,150,153,154,155,154,153,155,154,141,139,139,142,150,156,151,150,150,146,143,142,142,142,141,141,141,140,141,141,140,140,140,139,139,138,137,137,137,137,136,136,135,134,134,134,133,133,132,131,131,130,137,151,131,130,128,127,126,126,125,128,135,145,145,145,130,126,123,78,80,70,61,60,59,58,87,106,140,156,122,107,99,77,75,68,74,74,66,62,80,114,70,70,93,98,128,159,161,153,124,133,98,60,58,62,62,65,63,58,60,81,94,54,54,104,70,57,95,123,127,117,130,141,145,83,69,92,21,24,8,3,7,11,14,29,2,2,7,2,9,25,36
146,146,146,146,146,146,145,146,146,146,145,145,145,145,146,146,146,146,146,146,146,146,146,146,146,146,145,145,145,144,144,144,144,144,125,97,99,102,93,69,90,70,79,95,94,74,51,75,83,65,72,85,91,90,100,151,151,152,151,150,150,153,153,153,153,148,142,140,139,143,149,152,152,151,151,149,145,142,141,142,141,141,141,140,140,140,140,140,140,139,138,138,138,137,137,136,136,135,134,134,134,134,133,133,132,131,131,130,130,130,146,142,130,128,127,126,125,135,141,142,146,134,119,119,120,110,84,70,71,59,64,78,91,126,165,130,104,84,68,68,66,70,72,70,67,73,64,61,90,111,157,154,159,162,155,135,109,76,60,67,60,52,50,61,74,68,59,64,62,80,55,44,60,92,103,120,157,156,162,153,141,106,46,43,98,56,10,11,13,3,2,7,48,31,2,2,3,2,13,18
146,146,145,145,145,145,146,146,145,145,145,145,145,145,145,146,146,146,146,145,146,145,146,146,145,145,144,145,144,144,144,144,144,144,127,94,91,102,99,74,74,79,73,85,95,91,72,67,67,86,59,81,94,91,96,127,150,151,151,151,151,152,153,149,144,140,140,139,141,143,146,151,152,151,151,148,146,143,141,141,141,140,140,140,140,140,139,139,138,139,138,138,137,137,136,136,136,135,135,134,134,134,133,132,131,131,131,130,130,129,132,154,128,132,131,133,143,146,148,137,125,120,119,113,103,96,91,64,70,99,135,132,150,136,114,83,65,64,70,70,63,66,63,63,71,74,60,71,90,128,158,160,158,123,87,86,55,46,61,69,66,59,52,53,51,62,63,62,53,73,70,84,110,121,150,156,155,137,139,121,138,94,54,47,57,104,7,15,7,2,2,7,18,50,5,2,2,6,18,22
145,145,145,145,146,145,145,145,145,145,145,145,145,145,145,145,145,145,145,145,145,145,145,145,145,144,144,144,144,144,143,143,143,143,143,110,90,96,103,92,61,88,71,74,83,85,83,75,40,104,74,73,90,90,94,109,143,148,149,151,152,151,151,143,141,140,139,139,139,140,141,150,152,153,152,148,143,142,141,141,140,139,140,140,139,139,138,138,138,138,137,137,137,136,135,136,136,135,134,135,133,133,132,132,131,131,130,130,130,129,128,142,148,146,141,144,148,144,130,122,121,117,114,102,94,90,90,88,135,160,163,144,119,98,71,64,56,64,87,75,64,60,56,68,66,87,137,144,144,146,131,138,82,62,57,52,48,49,55,67,72,60,49,48,47,51,55,77,131,138,141,157,155,160,156,143,123,90,62,49,66,98,109,63,42,85,62,6,5,2,2,12,10,18,13,4,2,13,43,47
145,145,145,145,145,145,145,144,145,145,145,145,144,144,145,145,144,145,145,145,145,145,145,144,144,144,144,144,143,143,142,143,142,142,142,131,86,98,104,102,82,77,90,73,80,80,81,79,58,68,107,52,86,91,92,102,108,143,144,150,146,143,143,142,141,139,139,139,139,140,145,150,152,151,153,151,141,139,139,139,139,139,140,140,139,138,138,138,138,138,137,137,137,136,136,136,135,135,134,134,133,132,132,131,131,130,130,129,129,129,128,128,148,150,146,139,111,123,121,120,112,106,102,94,92,92,93,97,142,149,107,73,70,65,39,57,68,76,71,65,62,64,80,112,130,159,159,153,129,101,74,59,60,62,63,55,44,45,50,60,68,61,45,48,59,60,94,119,152,160,162,156,133,140,91,65,64,35,33,39,40,56,107,122,48,44,113,19,2,2,2,7,24,12,36,22,59,87,79,75
145,145,145,144,145,145,145,144,145,144,145,144,144,144,145,145,144,144,144,144,145,144,144,144,144,144,144,143,143,142,142,142,142,142,142,143,117,109,107,104,107,69,96,83,75,82,77,82,71,48,101,72,67,88,87,96,66,121,141,140,144,146,143,139,140,139,139,138,140,144,147,149,149,150,148,140,139,138,138,139,139,139,139,139,138,138,138,139,138,138,137,136,136,135,135,136,135,134,134,134,133,133,132,131,131,131,130,129,128,128,128,127,136,153,144,79,92,120,112,107,100,97,95,89,92,95,92,91,103,61,71,68,52,49,46,51,71,53,55,56,73,93,126,158,160,158,110,88,76,52,57,54,65,61,64,58,48,43,47,48,59,60,70,90,120,157,151,159,161,162,131,101,77,47,43,15,36,36,37,37,46,44,58,139,89,61,70,75,7,2,23,14,51,92,82,48,83,112,108,105
144,144,144,145,145,145,145,144,144,144,144,144,144,144,144,145,145,145,144,144,144,144,143,143,143,143,143,142,142,141,142,141,141,141,142,141,140,117,114,106,108,99,80,102,65,84,77,76,74,70,95,71,57,85,87,91,82,81,140,143,147,148,145,141,139,139,141,140,143,148,148,149,148,148,145,139,138,138,139,139,139,139,139,138,138,138,138,138,138,138,137,136,135,135,135,135,134,134,134,133,132,132,132,132,131,130,129,128,128,127,127,126,126,146,127,90,115,104,97,93,92,94,95,93,90,91,90,140,131,98,71,70,62,44,60,47,60,51,83,124,112,148,139,149,126,77,63,42,43,49,56,52,58,65,61,58,53,39,60,53,73,90,118,141,161,159,137,124,117,95,80,77,47,42,41,35,33,40,47,37,47,38,47,74,101,130,23,96,63,75,72,50,78,95,107,98,107,107,105,105
145,144,144,144,144,144,144,144,144,144,144,144,145,144,144,143,143,144,143,143,143,143,143,143,143,142,142,142,142,141,141,141,141,141,141,141,141,130,109,118,102,120,78,92,86,70,92,69,83,53,54,67,67,73,90,78,94,68,110,144,146,142,139,139,139,139,141,148,151,149,149,147,145,142,139,137,137,138,140,138,139,139,139,139,138,138,138,137,137,138,137,136,130,114,129,135,134,134,136,132,132,132,132,131,130,130,129,128,128,127,127,126,124,130,138,101,101,98,93,94,96,93,98,103,98,86,104,153,154,63,58,68,66,61,74,85,84,127,158,161,147,124,97,76,57,55,72,51,44,54,66,52,45,66,62,54,64,119,131,134,161,142,156,156,146,113,95,66,52,54,52,60,54,47,43,41,34,54,56,43,40,42,46,54,77,124,84,80,105,101,113,92,106,101,101,104,104,102,94,81
145,145,144,144,144,144,143,144,145,144,144,143,143,143,143,143,143,143,143,143,143,142,143,142,142,141,141,141,140,140,140,140,141,140,140,141,141,141,75,104,112,110,109,65,113,64,109,90,68,68,54,62,70,69,85,82,80,87,76,141,139,138,138,139,139,142,146,151,150,148,147,142,140,138,138,137,138,138,138,139,139,138,139,139,138,138,137,137,138,137,135,133,123,108,117,134,135,144,150,128,132,131,131,130,130,129,129,128,127,127,126,124,120,108,131,137,111,95,91,95,95,98,99,97,91,96,163,163,168,103,70,49,61,92,104,138,147,151,156,108,94,81,72,61,57,55,59,65,40,46,77,63,52,70,68,97,98,156,161,158,154,133,104,108,118,89,66,58,56,50,54,52,51,51,48,42,48,46,45,45,49,55,55,81,87,116,111,110,117,107,104,106,106,106,103,88,97,89,70,48
145,144,144,143,144,144,144,144,143,143,143,143,143,143,143,143,143,143,143,143,142,142,142,142,141,141,141,140,140,140,140,140,140,140,140,140,140,140,115,77,124,101,122,84,90,99,76,122,67,81,63,65,85,67,78,94,69,87,87,109,139,138,138,142,147,146,147,150,150,145,139,138,137,137,137,139,141,139,139,139,139,138,138,138,138,138,137,137,136,131,141,99,106,111,110,132,148,137,132,117,131,131,130,129,130,129,128,127,125,124,122,114,104,93,101,152,126,108,102,95,98,97,103,93,91,75,65,110,167,133,124,72,88,127,156,145,161,128,81,51,50,58,60,58,57,59,51,61,49,41,62,98,133,124,156,152,158,142,158,130,100,89,57,59,84,98,70,59,53,48,48,47,48,52,48,52,42,38,45,67,88,117,117,137,113,132,130,114,119,115,104,86,96,93,70,58,60,61,35,27
143,144,144,143,143,143,143,143,143,143,143,143,143,142,142,142,142,142,143,142,142,142,142,142,141,141,141,141,140,140,139,140,140,140,140,140,140,140,140,96,100,114,107,124,61,116,82,105,102,79,86,48,96,71,75,89,78,60,94,76,130,139,142,146,146,145,146,149,148,142,138,138,138,138,140,140,140,139,139,139,139,138,138,138,138,138,137,128,102,89,156,118,110,114,125,122,118,115,138,131,118,130,130,129,128,128,127,126,123,114,101,90,91,89,88,124,144,121,95,92,93,86,93,90,90,80,75,87,105,107,137,135,144,141,117,89,76,86,90,53,34,56,58,58,57,57,53,70,56,73,96,119,156,162,159,161,155,93,86,86,86,51,56,53,50,83,71,59,54,45,46,43,53,55,55,83,84,80,77,111,152,168,160,159,154,156,93,87,71,90,84,43,50,60,61,59,62,55,46,16
143,143,143,143,143,143,143,142,142,143,142,142,142,142,142,142,142,143,142,142,142,141,141,141,140,140,140,140,140,140,139,140,139,140,139,140,139,139,139,127,80,121,104,121,97,84,113,69,127,86,94,69,67,87,72,85,98,57,77,87,97,146,145,147,147,145,144,145,144,138,138,138,138,140,141,141,141,139,139,138,138,138,138,138,137,133,103,104,115,122,117,113,111,115,111,107,138,150,126,134,125,130,129,129,128,126,124,121,104,97,86,76,96,101,79,99,145,132,110,99,94,80,96,87,86,91,115,130,131,138,143,148,119,91,78,58,56,60,102,70,42,44,53,51,60,60,121,146,138,162,152,148,117,136,92,114,96,67,67,63,107,56,49,49,54,53,68,54,60,50,47,59,65,65,83,157,151,166,149,162,162,153,118,127,94,117,93,67,83,78,113,53,43,49,41,45,69,42,47,30
143,143,142,142,143,142,143,142,142,142,142,142,142,141,142,142,142,142,141,141,141,141,140,140,140,140,139,139,139,140,140,140,140,140,139,139,139,139,139,138,100,91,114,105,133,73,111,91,94,111,86,103,47,76,69,81,93,83,56,95,71,126,146,147,146,143,144,143,142,139,141,142,141,141,140,140,140,139,139,139,138,138,138,137,122,108,114,139,103,114,114,105,108,105,140,153,120,132,127,136,120,107,128,127,125,122,118,112,103,112,82,84,94,115,104,119,117,148,123,83,85,76,100,80,105,132,134,134,141,146,142,140,122,61,64,60,57,56,74,90,59,51,53,46,90,109,149,161,161,155,119,90,76,67,58,62,70,71,63,51,74,84,47,50,62,47,55,63,69,54,69,139,132,166,144,164,164,163,127,153,106,84,65,44,55,56,83,74,93,80,91,89,25,35,30,32,60,46,21,19
143,142,143,142,143,142,143,143,142,142,142,141,141,142,142,141,141,141,141,141,141,140,140,140,139,139,139,139,139,140,140,140,139,139,139,139,138,138,139,135,117,75,105,104,114,101,73,120,64,118,97,102,85,40,49,77,89,93,69,74,83,75,145,145,144,143,144,145,145,146,145,143,141,141,140,139,140,138,138,138,138,138,125,109,108,110,112,118,120,122,94,87,149,147,140,102,105,136,136,92,113,97,118,124,115,109,103,113,91,93,78,80,90,55,83,136,95,132,140,131,119,121,142,130,135,141,140,139,147,138,112,91,117,88,64,58,51,55,54,85,98,123,111,150,156,150,138,141,115,67,63,61,47,71,58,52,57,71,70,53,46,85,65,56,57,57,79,94,110,138,130,158,162,160,136,158,124,114,86,62,55,49,37,49,49,53,61,89,136,84,69,108,48,19,28,40,37,87,22,4
143,142,142,142,142,142,142,141,142,142,142,141,141,141,142,141,141,141,141,140,140,139,140,139,138,139,139,139,138,138,139,139,138,139,139,138,138,138,138,138,128,97,77,109,100,118,70,95,94,87,119,88,120,58,47,68,81,93,84,55,87,66,108,143,142,143,147,146,147,147,145,144,142,140,140,139,139,139,139,138,130,114,106,108,111,113,121,129,112,90,83,132,146,131,107,130,129,123,134,105,99,106,105,114,103,70,69,74,84,77,92,103,125,79,86,120,115,100,150,140,145,143,146,145,144,140,149,163,150,117,102,111,114,119,73,65,63,55,81,108,114,161,157,159,136,109,88,53,45,44,50,67,65,47,39,53,36,54,72,65,54,60,90,82,97,101,121,148,160,161,149,161,135,106,84,78,66,57,49,54,49,44,38,40,45,51,55,59,126,107,76,87,97,12,29,26,23,46,54,2
142,142,142,142,142,141,141,141,141,141,141,141,141,141,140,140,140,140,140,139,139,139,138,138,138,138,138,138,138,138,138,138,138,138,136,131,133,137,137,137,136,119,73,89,101,105,94,64,112,78,111,104,106,102,46,86,66,86,90,67,66,83,63,139,145,146,147,147,148,146,145,143,141,141,140,139,138,139,135,118,107,109,109,109,116,132,136,105,79,121,146,99,84,137,125,92,87,104,122,129,84,108,111,109,110,101,72,84,89,84,113,120,118,114,97,112,131,118,143,148,143,144,145,158,142,137,163,166,144,128,120,101,87,115,105,118,145,121,161,154,151,122,109,100,63,61,49,37,37,35,30,61,104,54,26,37,44,60,96,84,69,90,141,147,164,157,158,165,151,120,95,83,54,57,61,57,51,46,43,44,39,39,28,44,42,43,49,57,75,104,74,88,109,66,30,22,23,5,79,23
142,142,141,141,141,141,141,140,141,140,141,141,140,140,140,140,140,139,139,139,139,138,138,138,138,138,138,137,137,138,138,138,138,133,127,119,122,136,136,137,136,128,100,64,88,101,99,79,91,95,80,118,99,122,66,72,88,70,93,70,60,86,76,101,147,148,146,147,149,145,142,141,140,140,139,139,140,123,106,107,109,110,110,126,145,123,100,122,151,132,105,93,118,100,108,77,89,81,105,128,115,110,111,113,109,123,106,91,91,114,99,127,113,119,108,92,118,138,148,154,147,114,93,141,124,133,154,164,156,139,109,112,120,103,119,139,156,153,160,119,97,70,49,72,67,48,43,42,11,44,40,49,85,87,29,46,44,74,93,128,163,153,161,159,156,130,97,94,68,66,56,54,45,52,69,57,44,38,45,41,42,41,36,49,47,45,50,54,62,83,106,137,144,113,36,21,10,3,30,58
142,142,142,141,141,141,141,141,141,140,140,140,139,139,139,139,140,139,139,138,138,138,138,138,138,138,137,137,138,138,137,134,129,129,130,116,115,127,136,136,136,136,120,82,77,92,101,87,75,95,80,96,109,112,114,38,94,68,86,79,62,77,94,69,133,147,145,145,145,143,140,139,138,138,139,128,111,106,108,110,111,121,133,117,85,116,135,129,105,109,122,100,55,48,113,94,81,88,100,125,132,110,101,112,120,102,73,78,46,106,74,94,122,116,111,69,118,133,125,136,150,129,138,145,151,151,153,161,163,155,149,121,93,94,117,127,130,117,81,64,61,43,42,67,104,59,36,39,32,33,41,46,48,106,124,127,149,145,152,158,157,140,115,112,88,74,58,51,49,47,55,51,42,43,46,53,44,36,36,38,42,49,54,57,47,70,63,72,94,87,116,153,152,117,77,13,7,3,14,61
141,141,141,141,141,141,140,140,140,140,140,140,139,139,139,139,139,138,138,138,138,137,137,136,137,137,137,137,138,135,129,129,131,131,131,119,112,121,133,136,136,136,131,110,67,77,99,93,77,78,82,67,102,106,117,72,45,55,73,96,62,72,91,82,91,147,146,144,142,141,139,138,137,134,113,105,107,108,110,115,119,143,111,90,110,128,119,97,96,99,134,108,76,73,77,117,77,103,129,135,126,109,88,112,120,69,69,62,53,61,114,78,119,115,114,117,119,118,118,119,147,135,140,151,140,122,160,159,163,160,138,114,116,113,87,113,133,119,96,65,54,53,41,52,96,99,47,34,44,42,91,95,130,136,143,162,163,145,118,121,85,67,69,71,49,48,54,50,48,51,41,52,46,47,49,49,57,48,40,48,45,68,78,65,90,151,137,128,143,133,131,119,117,64,116,41,34,34,73,71
141,141,140,140,140,140,140,140,140,139,139,139,139,139,139,139,138,138,137,136,137,138,137,137,137,136,136,138,132,125,130,133,131,124,85,72,92,115,126,136,136,136,136,125,94,73,80,106,70,68,77,68,77,96,109,110,46,52,64,80,79,55,92,98,71,121,144,142,140,139,139,138,151,141,120,107,104,104,106,124,100,109,131,113,88,99,120,104,72,71,107,128,81,81,65,109,119,135,126,110,108,129,93,96,114,101,58,69,67,49,94,82,75,119,115,123,136,124,134,132,128,151,127,151,150,152,134,131,162,163,160,153,120,101,93,106,130,135,122,77,55,49,44,42,61,134,94,80,109,140,144,161,156,155,120,127,95,67,77,102,70,58,46,45,44,48,47,41,38,38,39,55,53,52,71,48,60,63,94,97,103,109,148,164,139,159,159,151,153,150,152,94,89,85,105,90,52,59,106,83
141,141,141,140,140,140,140,139,139,140,139,139,138,138,138,138,138,137,137,138,137,137,137,137,137,132,128,128,123,119,130,131,104,67,60,53,60,108,121,133,136,136,136,134,115,72,65,90,88,62,79,65,73,84,100,111,83,46,77,61,89,58,74,96,85,75,142,138,138,138,138,138,142,140,143,113,125,134,112,112,121,97,142,93,74,90,106,119,67,76,87,123,105,81,99,120,126,125,106,84,83,105,121,101,110,118,78,95,92,65,64,118,82,118,132,149,120,101,126,111,104,138,142,140,151,148,138,163,158,162,162,141,122,75,71,59,96,114,123,90,58,46,66,56,83,104,130,157,148,157,131,139,117,97,92,81,47,38,42,78,89,73,50,46,46,49,46,43,38,32,46,53,57,51,80,78,92,96,151,162,157,158,160,161,140,158,138,103,97,70,92,93,76,86,116,97,77,103,106,91
140,140,140,141,140,139,139,139,139,138,139,138,138,137,137,137,137,138,138,137,137,137,137,137,134,127,125,128,124,129,111,81,72,73,73,67,63,80,116,130,136,136,136,135,124,95,60,65,114,68,86,87,79,87,80,112,107,56,80,82,70,81,54,93,96,68,102,138,137,138,138,136,135,139,148,145,129,143,119,90,105,93,102,116,85,99,87,121,103,83,81,93,133,107,126,125,122,110,84,84,67,90,118,97,100,111,113,97,93,84,80,113,135,131,126,96,84,80,90,102,100,105,156,134,148,153,140,105,145,161,163,161,139,83,66,75,76,79,123,126,96,85,114,145,156,152,134,145,128,111,88,76,61,91,76,57,46,39,42,49,93,90,66,47,43,53,50,48,53,41,75,120,110,126,115,138,157,148,155,163,157,121,127,109,80,59,67,54,44,43,48,90,87,102,112,97,73,93,107,104
141,140,139,139,139,139,139,138,139,139,138,138,137,137,137,138,137,137,137,136,136,137,136,135,130,126,128,131,126,88,68,69,70,69,71,72,73,54,99,123,133,136,135,136,138,118,74,63,91,104,82,110,75,93,80,92,107,83,44,104,66,85,75,81,93,86,59,132,137,137,137,135,140,151,158,156,116,126,119,82,83,96,83,120,103,89,85,96,132,90,75,86,116,126,120,129,97,121,107,79,69,69,95,125,119,104,120,103,74,79,96,144,143,109,86,84,83,82,84,96,106,128,145,147,136,135,153,132,148,139,157,156,139,82,81,93,93,123,138,138,146,133,144,148,142,108,100,83,51,98,60,73,78,76,92,52,45,40,46,40,60,87,93,49,46,63,64,103,129,115,112,162,159,158,154,154,146,121,119,79,115,61,38,61,40,35,41,41,42,43,45,62,93,141,108,72,35,63,100,73
140,139,139,139,139,139,139,138,138,138,137,137,137,137,137,137,137,136,136,136,137,136,135,136,133,128,128,130,118,101,87,79,69,69,68,70,69,60,69,115,132,136,136,139,142,131,100,66,75,118,96,100,99,82,103,69,106,100,60,68,76,71,91,83,89,92,72,89,137,137,137,156,165,149,140,156,144,109,119,106,88,74,71,99,127,89,96,86,111,102,68,92,102,132,129,123,96,102,120,85,37,89,125,111,97,103,111,121,90,110,144,124,122,116,84,81,81,77,85,88,109,114,95,152,134,109,118,135,69,113,143,139,133,124,135,132,144,146,147,143,150,116,105,80,59,68,79,70,67,77,88,52,100,59,97,77,51,34,41,41,40,81,102,110,133,136,152,131,159,159,158,142,158,140,97,104,113,87,53,50,54,49,3,62,49,38,39,39,41,40,40,43,70,126,130,77,40,32,98,55
139,139,139,139,139,138,138,138,137,137,136,136,137,136,136,137,136,136,136,135,136,135,134,135,134,131,128,130,130,126,122,110,95,88,81,75,70,69,54,94,123,137,141,141,141,141,119,86,75,95,116,78,118,79,97,88,83,104,84,50,59,65,82,90,88,83,92,62,122,136,152,151,132,161,141,153,155,117,96,101,107,82,64,74,113,112,97,102,66,129,90,106,133,131,122,102,136,101,123,107,96,104,89,89,134,117,104,118,126,112,54,62,91,109,95,83,76,66,75,69,66,73,83,118,148,127,96,122,106,132,139,139,139,142,143,142,145,144,146,139,137,67,83,62,67,62,47,55,60,50,97,65,85,94,64,95,48,73,65,73,86,119,152,152,160,160,159,140,136,119,115,74,61,84,59,60,73,96,66,58,56,50,31,30,63,38,34,36,37,34,34,37,49,85,111,93,63,51,62,89
139,139,138,138,138,138,137,137,138,137,137,136,136,136,136,136,135,136,135,135,135,135,135,134,135,133,131,132,133,131,129,127,124,117,115,103,100,92,80,87,114,136,139,140,142,141,133,105,68,75,106,93,93,109,74,114,74,98,96,71,60,76,66,90,89,76,79,82,84,126,119,135,158,159,156,146,141,125,73,81,93,87,79,56,90,133,88,116,98,105,128,129,123,113,118,99,121,124,97,127,82,99,120,113,95,116,102,108,120,112,81,68,69,73,83,92,71,59,58,64,67,59,85,95,143,147,138,125,134,144,145,145,145,143,134,141,120,109,95,115,128,94,61,57,57,54,53,58,59,54,66,94,57,115,89,115,118,129,153,157,145,156,159,139,133,127,89,90,67,52,62,52,51,54,54,61,58,82,65,46,28,23,51,24,65,46,34,34,31,28,32,36,38,68,82,98,101,101,44,90
139,138,138,137,137,136,137,136,137,137,136,136,136,136,136,135,135,136,135,135,134,134,134,134,134,133,133,133,133,133,132,132,131,130,127,127,126,126,118,119,119,124,138,141,144,144,141,125,88,61,81,112,70,117,90,98,101,84,101,89,64,85,75,72,91,86,54,93,70,87,99,120,141,110,163,139,140,136,107,88,103,79,106,74,66,97,114,100,138,86,123,123,122,104,106,118,95,139,76,104,124,122,104,102,106,129,103,98,114,121,111,76,77,83,75,81,71,53,46,82,66,74,84,86,103,153,146,147,150,148,142,148,142,159,147,155,126,81,87,125,117,88,59,54,56,56,55,61,61,59,110,116,122,132,139,161,159,153,151,147,122,113,94,68,105,67,71,71,64,58,56,66,27,36,40,46,33,53,77,34,18,24,30,39,38,37,36,43,47,47,81,84,64,98,127,137,134,125,60,47
138,138,138,137,137,136,137,137,136,136,136,135,135,136,135,135,135,135,135,134,134,134,134,134,134,134,133,135,136,136,134,134,132,130,132,133,132,133,133,134,133,116,133,144,144,141,139,136,114,64,67,88,87,91,112,78,116,93,92,93,79,76,101,61,86,96,70,68,87,69,103,98,127,128,129,157,135,123,134,97,103,88,85,104,68,80,125,104,124,119,119,127,127,121,97,109,108,114,126,115,135,95,110,132,91,74,118,80,106,116,120,97,71,63,61,72,70,59,66,86,74,57,93,94,76,127,152,150,116,157,145,163,134,150,159,158,150,114,79,80,112,142,92,62,71,72,88,107,124,135,138,160,155,161,131,137,119,104,87,50,75,55,58,51,78,102,77,89,79,65,43,44,27,12,12,4,13,8,44,39,17,17,17,17,55,45,77,102,123,120,139,160,136,164,159,144,109,162,69,30
123,137,138,138,137,137,137,137,136,136,135,135,135,135,134,134,134,134,134,134,134,134,134,133,133,133,133,134,136,137,136,136,135,133,134,134,135,136,136,135,136,126,121,140,142,140,138,138,122,78,61,83,90,79,95,85,95,110,74,88,86,79,95,83,70,93,92,54,86,72,77,84,93,117,84,154,138,123,124,120,94,107,67,110,84,49,90,121,95,144,134,129,121,110,107,80,127,89,126,112,123,131,113,87,78,85,109,102,95,114,121,104,73,58,49,54,56,61,80,63,74,75,80,77,81,98,156,152,73,111,148,110,120,135,157,157,158,136,104,87,85,133,111,101,113,153,151,154,160,163,135,120,115,100,88,77,64,61,55,53,57,57,53,43,53,106,90,97,95,19,26,30,13,11,22,18,21,37,68,61,62,84,93,119,119,149,152,153,160,160,161,161,141,158,138,108,88,109,91,44
55,138,137,137,137,136,136,137,136,135,135,135,134,134,134,134,134,134,133,134,134,134,133,133,133,133,134,134,135,136,136,136,137,136,137,137,138,138,137,137,136,137,120,132,141,139,137,137,137,90,67,75,83,75,79,79,77,110,87,68,72,89,90,90,65,81,89,69,65,89,52,76,78,105,106,123,155,117,97,125,113,112,94,80,124,70,72,114,115,117,133,125,123,94,119,97,109,113,109,138,116,131,108,121,110,68,62,125,101,110,116,103,85,58,53,50,46,47,65,73,78,76,67,88,89,76,117,147,108,77,156,145,146,119,138,158,161,164,128,89,76,106,119,91,135,155,135,106,113,80,66,71,67,76,63,59,59,55,51,52,60,35,30,14,23,51,125,66,105,46,28,26,31,29,57,79,66,100,136,147,142,138,156,156,154,159,145,141,144,126,126,105,77,53,54,74,106,75,78,69
0,105,136,136,137,136,135,136,135,135,134,134,134,133,133,134,134,134,134,133,133,133,133,133,133,133,133,134,135,135,138,135,135,136,136,139,139,137,138,138,139,138,132,119,142,137,137,136,135,116,78,65,84,73,75,74,67,85,112,71,62,81,90,85,74,63,91,70,56,84,73,71,101,79,88,116,156,136,100,91,128,107,102,75,113,97,48,85,135,118,140,133,127,110,102,127,89,125,119,114,101,120,135,111,60,64,70,99,129,115,114,120,129,61,47,47,49,59,103,81,89,73,77,79,80,75,76,145,136,100,119,152,130,135,119,156,166,167,153,124,91,94,83,74,93,93,55,64,57,58,64,60,63,64,56,38,49,43,46,38,30,16,6,28,43,31,114,109,92,86,77,80,107,121,132,135,163,157,160,161,151,146,148,121,106,97,80,69,76,80,52,29,29,30,17,37,83,91,91,86
0,36,136,136,136,136,136,135,135,134,133,134,133,133,134,133,133,133,132,132,132,132,133,133,133,133,134,135,138,140,138,137,119,123,130,133,135,135,136,135,138,137,138,123,127,136,134,135,135,135,105,81,74,82,65,86,63,74,105,99,74,68,86,85,80,64,70,77,58,78,94,61,89,81,91,124,154,162,122,72,111,126,127,99,75,136,89,90,125,132,121,128,104,123,95,122,108,100,116,104,136,106,124,125,106,74,63,70,128,105,106,117,102,100,61,55,60,55,76,87,80,74,68,75,65,79,79,102,148,126,75,151,167,127,112,149,166,165,166,151,141,87,65,101,117,83,40,49,50,50,58,48,57,50,46,24,21,27,38,35,11,13,3,67,81,101,145,157,148,129,160,149,161,157,158,142,156,125,134,124,108,85,55,68,76,65,38,30,21,48,23,12,12,23,21,19,43,76,146,105
0,0,86,136,135,135,135,134,134,134,133,134,134,134,133,132,132,132,132,133,133,133,133,133,133,134,135,136,137,147,138,142,112,90,99,108,116,118,120,124,128,131,122,133,117,133,135,136,136,136,131,113,64,87,74,80,86,74,96,120,89,69,78,86,88,97,47,87,57,69,91,78,63,73,90,126,150,164,142,101,86,135,134,113,91,109,114,86,88,141,127,122,122,117,118,103,136,91,125,123,106,108,129,140,119,87,72,93,133,130,133,123,141,150,102,82,64,58,80,89,86,85,89,89,90,88,77,73,134,142,115,108,113,95,149,151,163,154,163,131,99,53,57,96,113,95,46,16,15,37,37,36,33,31,30,11,22,48,32,68,110,106,133,136,153,161,159,163,161,140,156,142,109,111,104,112,103,64,63,61,61,51,46,41,57,92,36,28,15,26,31,22,9,29,10,5,25,48,98,130
0,0,18,135,135,135,135,135,133,133,134,134,133,133,132,132,132,132,132,132,133,133,133,133,134,134,136,137,137,141,139,139,137,66,69,73,84,91,85,110,83,125,91,108,126,124,137,136,136,136,135,126,93,72,100,71,107,84,90,111,107,80,65,90,73,94,76,68,77,44,91,83,57,52,76,124,159,167,166,138,89,104,136,136,125,93,126,98,90,115,132,115,109,86,120,108,114,121,106,128,120,118,94,124,130,109,95,118,141,144,129,128,141,143,132,117,77,63,82,92,73,72,86,81,90,95,98,83,82,155,135,79,83,93,103,133,127,114,122,81,84,63,75,96,94,109,72,26,15,42,29,42,74,66,117,84,107,124,135,160,155,160,159,148,138,138,122,139,156,107,79,75,73,63,55,63,105,75,51,50,54,48,46,39,41,78,66,29,24,14,38,31,12,19,20,5,20,37,52,90
0,0,0,67,134,134,134,134,133,133,133,132,133,132,132,132,132,132,132,133,132,133,133,133,134,135,135,136,137,137,133,136,144,108,69,80,59,94,65,97,87,84,113,56,138,119,131,135,135,134,134,134,119,77,98,97,97,112,81,105,116,95,75,76,82,66,82,52,85,67,77,82,60,45,49,113,151,161,166,157,134,70,125,135,128,102,95,116,85,86,131,122,105,87,99,130,89,123,120,134,120,89,111,135,144,133,126,138,122,120,131,119,75,103,125,129,97,62,87,86,83,85,88,97,84,86,77,61,81,137,147,112,69,72,68,108,131,134,123,110,81,89,84,93,109,131,122,53,65,136,114,121,133,159,156,158,159,148,149,152,123,126,106,113,77,56,61,54,104,135,50,47,49,54,49,47,70,105,54,48,48,47,46,41,41,50,100,59,34,19,27,37,29,14,33,16,31,38,58,53
0,0,0,0,115,134,134,134,133,132,132,131,132,132,132,132,132,132,132,132,132,131,132,132,134,134,134,135,134,133,132,132,139,147,81,92,77,79,97,69,126,60,119,87,97,130,121,135,134,135,134,135,126,99,69,117,86,114,91,84,113,111,101,69,74,45,56,71,72,89,75,85,63,50,49,83,156,165,167,166,160,94,87,130,127,89,77,113,92,81,107,131,110,75,77,113,109,104,118,98,136,136,117,72,114,138,139,111,112,116,120,92,67,109,97,132,109,90,91,82,70,76,74,65,67,65,52,69,93,104,155,134,106,118,99,131,142,132,136,131,115,129,122,133,139,144,157,155,144,160,162,156,138,156,133,118,96,71,82,54,63,52,55,57,52,47,47,44,60,135,89,45,47,56,47,42,45,85,75,50,44,40,46,37,39,37,67,83,40,23,46,52,77,73,78,113,101,79,118,124
0,0,0,0,48,134,133,133,132,132,132,131,131,132,132,133,132,132,132,132,132,133,134,135,136,135,134,133,133,133,135,134,139,143,119,75,115,64,113,82,100,103,79,126,52,127,122,127,134,134,132,134,120,111,74,88,100,84,112,56,106,112,111,93,61,47,38,93,76,83,90,84,64,45,48,61,132,159,162,165,160,157,76,115,129,109,92,93,119,74,91,126,120,98,69,98,137,95,107,126,131,128,110,119,129,142,146,152,140,128,111,110,70,55,74,109,124,99,76,76,65,67,62,66,61,47,34,69,79,91,125,150,138,140,108,141,144,140,140,141,143,147,148,143,145,148,148,158,127,118,122,79,76,67,62,57,43,48,45,44,48,52,51,59,54,50,46,42,45,74,148,47,42,44,45,43,37,56,92,60,48,41,59,38,55,72,54,87,85,100,105,122,117,154,152,157,160,145,149,154
0,0,0,0,0,97,133,132,132,132,132,131,131,132,131,132,131,131,131,132,133,134,136,136,135,136,133,134,134,134,134,136,146,139,143,88,101,100,85,120,60,128,74,109,97,84,132,118,134,134,130,125,96,108,93,52,109,78,93,77,73,112,105,117,73,58,50,69,99,64,96,90,58,46,56,61,82,164,166,159,155,157,117,88,131,123,103,85,107,99,80,100,130,122,71,73,111,125,111,110,110,138,139,121,115,126,127,141,125,139,126,108,87,62,63,99,139,93,78,71,69,86,49,52,47,47,46,57,79,90,88,144,143,143,147,149,151,146,145,147,141,140,137,111,141,131,122,144,89,58,45,49,49,44,44,39,39,53,58,47,53,64,56,58,59,48,42,39,42,42,116,106,44,34,56,46,46,67,83,88,87,95,152,129,119,137,132,136,155,159,161,153,153,155,148,146,146,116,122,107
0,0,0,0,0,30,132,132,131,131,131,132,132,132,131,132,131,132,134,133,133,135,137,136,136,135,134,133,134,135,134,134,145,145,140,123,70,129,76,111,93,88,115,66,137,62,112,123,125,130,112,124,111,120,95,62,79,103,65,92,57,90,103,109,99,60,88,46,101,80,80,95,78,44,72,78,104,126,165,164,161,145,164,88,107,128,107,78,53,127,82,88,127,128,109,69,91,141,118,114,132,122,141,152,172,141,116,100,61,120,149,107,104,105,108,91,89,84,83,66,73,91,71,50,32,37,53,61,68,83,79,99,153,144,143,136,149,113,112,126,106,121,89,76,102,102,90,92,73,50,34,40,44,52,44,40,12,60,56,47,51,67,76,54,64,55,49,51,46,64,64,160,80,82,126,126,142,147,163,134,165,150,164,163,157,162,159,157,152,125,114,105,104,99,95,77,73,66,46,57
0,0,0,0,0,0,78,131,131,131,131,132,132,131,131,132,134,133,133,134,133,136,137,135,136,134,133,133,134,133,133,133,135,143,137,135,92,94,113,71,132,59,115,83,93,104,68,132,117,111,129,124,111,123,125,66,63,107,82,75,60,60,86,99,106,65,71,72,72,108,71,95,90,61,61,83,80,64,159,165,149,143,147,137,90,135,123,91,75,104,101,71,101,125,135,100,98,121,134,104,91,105,127,140,137,126,145,135,83,105,130,127,92,103,104,81,80,86,89,72,71,77,74,58,26,46,44,44,63,84,100,76,133,150,103,82,88,77,98,109,110,106,86,80,73,80,65,88,79,76,41,41,48,59,47,47,47,53,52,53,67,80,81,81,73,99,123,108,101,119,153,161,160,153,157,160,154,152,161,153,162,146,109,118,101,100,92,118,102,111,27,38,51,51,40,42,24,39,44,57
0,0,0,0,0,0,12,126,131,131,131,131,131,132,132,133,133,133,133,134,134,136,136,134,134,132,133,133,132,132,132,132,132,132,132,136,127,66,123,80,97,100,73,125,58,126,86,114,124,103,106,148,97,112,119,87,77,99,109,86,69,68,75,81,98,86,55,72,60,99,91,77,95,71,54,84,78,80,122,164,163,144,127,157,103,102,129,109,80,86,123,94,93,125,128,132,84,106,138,116,114,121,126,129,74,80,140,152,137,103,100,141,118,105,88,75,83,76,81,75,74,64,51,48,58,70,53,43,47,76,94,78,69,153,123,89,64,80,96,99,48,123,88,95,97,82,102,129,138,130,54,54,48,67,62,68,78,77,135,114,120,118,142,140,141,160,152,150,148,143,155,155,155,145,116,111,95,93,72,101,76,88,64,54,54,46,51,76,84,101,74,34,39,69,48,53,42,46,44,52
0,0,0,0,0,0,0,61,131,131,131,131,131,132,133,133,133,133,134,133,132,133,133,133,132,132,132,132,132,132,132,132,132,132,128,133,133,100,83,122,57,128,84,115,104,105,128,122,128,117,102,122,120,109,73,92,83,98,113,108,87,56,93,59,88,84,63,51,51,81,115,70,96,71,68,96,94,94,69,145,147,114,134,138,153,74,127,122,97,85,100,120,77,125,130,140,130,128,94,134,124,127,140,153,115,94,109,153,152,92,93,98,108,107,75,42,82,85,75,83,87,66,47,52,45,54,45,41,53,49,80,81,55,110,140,103,94,103,100,103,78,124,99,84,79,65,81,86,100,85,75,93,114,152,132,136,132,152,157,150,155,140,145,144,139,146,127,131,97,85,92,105,111,141,72,58,56,58,58,51,50,56,54,49,50,51,53,57,65,74,90,40,35,61,71,48,46,68,47,40
0,0,0,0,0,0,0,0,108,132,132,132,133,133,133,133,132,132,132,131,131,130,132,132,131,132,132,132,131,132,132,132,131,131,124,134,136,132,79,116,103,108,122,103,135,123,133,132,129,121,113,107,90,103,100,140,114,95,118,111,112,65,83,87,65,92,56,51,59,81,106,116,94,78,96,108,113,87,61,97,162,165,140,125,153,123,88,112,121,109,86,121,92,81,147,142,101,62,73,117,132,142,135,153,154,136,90,120,128,98,97,91,92,68,67,52,75,84,103,167,126,66,57,62,33,70,59,30,38,20,62,74,88,103,153,138,134,116,92,98,99,96,88,87,77,85,88,82,74,78,98,138,144,155,135,152,127,146,119,110,104,79,88,56,91,76,88,78,74,68,69,73,53,122,93,55,58,52,58,42,46,58,53,47,44,53,53,55,57,56,68,62,39,45,89,54,40,58,67,48
0,0,0,0,0,0,0,0,43,132,131,134,134,133,132,132,132,132,132,132,132,131,131,131,131,131,131,132,131,131,131,132,120,107,102,121,135,135,121,114,135,113,131,127,132,134,132,136,134,120,116,114,89,83,123,129,133,105,112,114,109,101,49,119,55,77,71,53,60,93,97,88,90,86,100,90,97,66,79,84,142,141,135,151,132,117,85,126,132,126,97,72,136,128,140,103,68,73,76,105,153,89,104,129,149,133,93,68,102,97,91,85,84,65,87,78,108,127,135,137,118,60,68,29,24,65,51,12,49,92,85,80,88,79,114,151,135,98,81,100,98,100,86,86,68,54,78,60,76,113,121,109,99,97,85,70,77,70,75,76,76,77,75,76,79,81,79,80,78,75,69,53,52,68,132,57,60,49,49,43,40,54,47,48,42,47,44,50,53,56,62,57,48,45,67,89,38,42,82,58
0,0,0,0,0,0,0,0,0,90,131,134,134,132,132,131,131,131,131,131,131,131,131,130,131,131,131,131,132,132,131,132,112,105,104,100,135,135,135,126,131,131,130,135,132,135,133,135,135,126,109,117,110,118,136,138,139,129,101,111,103,111,69,78,95,56,97,56,47,90,101,93,124,84,87,79,85,107,106,88,116,163,154,134,131,127,130,132,131,134,116,118,135,129,110,79,45,59,84,138,160,141,138,99,146,116,98,83,96,84,87,131,121,137,128,120,130,134,133,137,105,86,86,40,27,33,39,75,89,62,64,86,63,59,65,136,143,93,63,75,86,83,58,52,40,31,47,75,89,97,102,104,85,82,91,69,72,72,76,79,80,81,81,75,84,79,74,75,75,71,54,38,48,43,96,94,48,50,49,48,44,47,41,38,47,47,37,45,54,58,60,74,69,128,63,104,78,100,117,135
0,0,0,0,0,0,0,0,0,25,133,132,132,132,131,130,130,130,131,130,131,131,131,131,131,130,130,131,131,131,131,131,130,107,114,97,116,135,135,134,132,136,133,134,133,133,135,134,137,135,111,109,112,118,138,135,123,133,119,105,96,100,90,56,108,63,70,75,47,81,132,81,120,119,120,103,105,113,85,77,89,128,144,143,147,130,132,133,132,133,128,108,97,164,159,75,54,76,144,160,141,144,162,134,146,130,94,119,147,120,154,146,137,131,134,129,130,136,134,95,70,113,122,73,62,46,76,77,57,59,78,79,49,46,37,66,154,136,68,59,58,54,50,46,32,88,98,69,76,93,101,97,91,76,108,92,75,73,76,79,75,77,76,73,77,68,69,58,69,59,39,49,55,47,72,119,67,79,69,92,66,66,53,68,64,105,107,107,101,126,96,129,108,141,131,132,145,143,155,155
0,0,0,0,0,0,0,0,0,0,73,131,132,132,130,129,131,130,130,130,130,131,131,131,130,130,131,130,131,131,131,131,132,117,111,106,92,130,135,137,136,134,135,132,135,133,134,134,135,136,129,100,113,108,102,102,99,121,130,107,81,90,91,69,70,83,46,91,55,87,105,116,135,105,94,96,94,95,83,80,77,73,153,162,155,141,131,133,135,80,48,109,169,142,92,68,62,53,125,163,153,141,141,101,148,142,138,137,140,123,134,121,105,96,112,130,136,116,134,81,90,98,70,91,51,53,93,63,42,55,60,55,50,46,47,29,120,147,103,71,57,79,37,81,119,125,107,64,82,84,85,93,87,99,88,113,73,68,73,65,65,61,68,60,49,56,41,66,58,70,77,80,121,94,133,138,125,153,150,160,158,133,159,146,159,158,161,161,161,160,156,158,154,155,158,150,153,139,151,132
0,0,0,0,0,0,0,0,0,0,8,121,131,130,129,125,130,130,131,131,130,130,130,130,131,130,130,130,130,130,131,130,130,116,113,111,99,113,134,137,135,132,135,134,133,134,135,136,136,136,135,113,106,112,98,93,117,131,107,95,88,62,95,62,61,76,63,91,120,106,132,115,90,91,103,90,84,105,99,85,75,85,133,164,158,141,132,135,86,54,62,105,107,113,90,81,81,65,95,149,131,124,82,51,69,110,138,123,108,99,102,96,90,100,126,89,48,67,111,107,70,73,76,141,86,70,61,49,54,56,60,51,42,37,40,28,44,154,127,110,96,105,91,129,124,132,122,98,104,101,116,120,134,148,98,112,80,86,110,85,128,89,143,116,136,135,133,133,144,126,148,141,152,150,152,161,127,142,160,148,156,140,159,137,142,131,132,131,123,127,109,113,100,106,83,91,73,94,80,80
0,0,0,0,0,0,0,0,0,0,0,55,128,129,125,111,115,123,130,130,129,130,130,130,130,130,131,131,131,130,131,131,130,128,124,116,114,105,124,134,136,135,134,135,133,135,135,135,135,133,132,123,101,111,113,114,107,116,123,99,98,51,69,74,62,100,107,114,125,108,103,83,90,105,95,88,86,121,128,106,122,134,143,155,141,133,130,145,138,142,101,118,121,121,107,104,121,80,109,138,138,103,68,50,92,117,109,100,99,95,90,98,123,133,89,29,51,79,119,128,74,77,115,128,94,56,51,47,46,44,47,39,37,25,30,20,20,90,138,122,139,145,124,142,139,144,140,139,143,140,139,145,144,145,148,151,137,158,153,156,157,155,158,146,149,146,145,142,131,141,117,137,108,122,102,112,92,87,87,87,87,82,77,62,73,63,70,59,58,53,63,49,48,50,47,48,48,64,70,62
0,0,0,0,0,0,0,0,0,0,0,0,100,128,125,122,119,118,125,128,130,129,129,130,130,130,130,130,130,130,130,129,129,129,129,122,110,92,110,134,135,136,134,134,135,135,134,134,134,131,122,105,86,103,111,90,98,84,104,111,95,62,66,95,75,129,133,132,135,145,138,102,99,87,91,108,128,90,131,143,152,150,143,127,136,145,141,162,144,148,138,123,129,151,117,116,103,88,120,131,62,8,75,97,100,97,94,96,92,91,114,132,97,46,129,57,104,128,72,76,123,128,105,99,120,82,39,47,45,16,29,27,36,45,25,28,31,34,140,127,139,147,147,147,145,146,143,142,146,146,146,140,144,136,148,149,121,131,115,129,102,111,98,82,83,70,74,51,70,59,68,56,57,49,58,50,54,69,65,55,57,61,57,41,46,50,55,52,43,33,52,43,45,47,48,47,51,56,62,61
0,0,0,0,0,0,0,0,0,0,0,0,37,128,128,135,128,125,123,128,130,129,129,130,130,130,130,129,130,129,129,129,129,129,127,121,118,93,108,125,133,136,136,133,136,135,134,133,130,124,105,75,54,87,107,104,87,84,85,114,90,80,77,69,99,123,133,136,119,103,150,167,132,85,112,157,156,139,142,152,151,153,145,143,144,151,141,139,139,138,136,117,116,118,101,86,107,135,79,11,33,82,91,95,106,95,111,112,105,127,138,139,65,42,118,131,86,30,51,82,119,79,68,72,78,44,23,43,39,37,28,27,42,44,17,15,21,16,66,148,129,143,109,124,92,82,96,62,88,65,91,54,81,91,127,117,67,83,63,39,55,63,56,59,52,54,53,55,56,60,62,61,55,53,55,50,45,56,74,48,49,54,54,49,36,36,47,53,46,34,39,49,52,49,54,58,56,56,58,60
0,0,0,0,0,0,0,0,0,0,0,0,0,86,133,133,127,114,121,120,126,129,129,129,129,129,129,129,129,129,129,129,128,127,126,119,117,109,107,110,131,136,136,135,136,135,133,131,124,112,88,63,51,62,101,109,77,70,80,110,106,99,89,50,95,135,146,151,136,131,153,142,124,123,142,140,130,124,153,141,137,135,136,130,131,134,124,133,136,138,126,117,121,87,90,121,111,31,9,27,73,91,96,106,119,121,122,129,131,136,112,34,32,83,100,131,43,59,75,39,73,123,89,122,73,95,73,15,18,26,32,13,38,35,28,23,14,38,16,128,137,97,48,31,25,39,37,26,26,38,32,33,52,93,116,108,74,65,79,65,64,52,56,58,55,49,50,49,50,61,61,56,57,51,52,48,38,37,59,65,46,47,49,53,35,35,41,46,51,42,32,47,54,53,55,59,56,61,62,58
0,0,0,0,0,0,0,0,0,0,0,0,0,21,122,123,122,108,108,118,124,129,128,129,129,129,129,128,128,128,127,128,127,122,123,128,121,112,97,97,118,132,135,136,135,134,131,126,115,94,73,57,53,47,80,103,104,93,109,72,74,104,105,106,117,121,146,110,102,121,122,132,138,131,147,122,110,124,138,141,135,129,131,140,140,132,130,131,126,118,107,97,115,117,111,117,96,72,57,96,116,118,110,127,130,102,115,130,117,75,123,46,70,35,14,84,109,110,98,46,71,128,128,79,56,108,128,44,22,33,31,25,29,38,42,32,20,24,40,53,150,128,57,20,21,16,17,36,51,19,23,46,65,86,86,93,91,67,87,81,58,35,50,52,53,44,44,47,46,46,53,53,55,54,56,55,43,22,38,76,48,42,44,45,46,22,41,35,44,44,40,36,56,56,59,62,62,69,68,62
0,0,0,0,0,0,0,0,0,0,0,0,0,0,28,76,114,136,142,112,117,122,129,128,128,128,127,129,128,117,107,123,120,125,134,118,113,118,90,86,110,129,133,136,135,133,130,118,98,75,56,51,50,50,60,121,123,94,73,75,103,120,128,119,116,107,93,106,120,128,133,133,140,129,120,129,129,132,117,132,123,118,121,130,119,148,132,141,121,89,81,86,81,99,83,94,115,105,103,114,133,119,126,120,103,117,129,73,29,34,124,93,20,32,58,101,135,91,20,72,126,91,131,78,90,80,64,89,34,20,12,19,4,24,34,19,30,4,68,18,107,141,98,40,2,4,4,32,32,33,46,64,73,94,76,80,85,89,77,79,45,38,45,45,48,45,46,43,44,49,55,62,53,66,47,75,60,61,65,76,69,62,53,68,55,77,70,91,90,92,83,73,96,101,90,114,90,125,97,119
0,0,0,0,0,0,0,0,0,0,0,0,0,0,1,76,136,134,136,118,101,104,128,126,127,128,128,127,133,110,90,126,129,110,110,111,97,126,100,92,104,130,132,135,134,131,125,111,91,61,50,48,46,72,122,128,86,82,66,91,130,117,124,118,120,109,118,124,130,132,127,130,123,133,124,139,135,116,111,120,113,116,124,137,143,151,146,132,85,79,84,80,78,79,81,83,87,85,84,96,109,104,89,123,133,105,32,29,51,86,129,141,40,73,127,84,55,109,74,52,32,46,103,109,73,69,68,138,43,14,20,20,27,4,6,7,19,10,5,5,25,153,138,84,40,26,41,51,54,57,63,76,95,103,100,85,86,110,93,97,84,95,86,88,94,97,109,101,120,108,141,113,125,121,115,119,134,118,149,127,120,116,153,143,153,159,154,159,157,153,158,149,149,160,156,163,152,160,158,159
0,0,0,0,0,0,0,0,0,0,0,0,0,0,0,46,82,84,140,124,102,98,100,103,128,120,126,110,112,117,126,129,133,92,113,105,110,113,107,104,129,143,131,133,133,128,120,102,74,55,50,62,93,115,136,132,75,81,103,102,45,60,96,99,122,122,128,131,130,131,139,141,138,144,143,131,101,52,55,115,128,138,145,147,145,137,129,109,87,86,87,85,81,81,87,87,84,91,108,119,129,126,124,137,113,67,74,68,114,102,40,95,119,59,32,17,49,117,68,19,51,82,121,126,79,82,119,120,90,30,26,19,19,16,37,38,17,12,2,7,10,86,150,126,73,52,61,67,66,66,72,76,98,91,88,94,109,114,123,154,142,156,147,155,151,147,156,148,150,150,157,152,151,151,154,145,155,141,137,141,124,109,153,138,148,147,153,133,126,133,107,131,107,124,142,136,130,136,126,127
0,0,0,0,0,0,0,0,0,0,0,0,0,0,0,0,24,46,99,127,118,93,82,84,95,92,86,83,112,129,119,101,99,95,112,125,110,117,103,103,126,124,122,131,134,125,112,89,89,118,96,113,125,139,118,99,108,119,95,97,68,108,100,106,136,127,132,136,136,134,139,139,146,131,117,94,42,39,99,135,143,152,147,142,124,110,98,86,90,93,89,93,89,86,87,84,100,112,118,127,130,132,136,128,99,74,110,122,51,16,49,69,133,39,33,66,108,123,123,65,107,122,67,75,119,103,83,67,118,77,42,47,28,55,57,57,40,22,20,31,39,44,143,144,103,71,67,71,72,68,81,97,114,95,69,68,104,110,111,128,102,110,97,122,89,76,86,89,99,100,104,137,91,106,91,74,74,57,64,62,71,69,86,70,75,59,87,55,65,55,60,63,73,96,87,63,75,64,72,64
0,0,0,0,0,0,0,0,0,0,0,0,0,0,0,0,4,23,94,128,129,99,73,78,78,94,86,126,132,127,99,76,102,129,97,83,97,114,116,130,128,122,118,126,133,130,106,80,48,115,140,153,127,118,121,111,117,99,78,79,96,161,111,145,144,136,131,146,145,130,138,137,133,100,48,9,84,150,142,159,149,137,124,113,102,86,92,94,95,96,87,92,88,94,98,106,115,111,119,135,135,140,112,66,74,88,68,110,34,55,97,79,74,132,92,136,69,2,95,123,67,22,52,84,112,80,60,69,97,39,50,62,31,56,66,57,54,52,44,50,51,54,97,152,131,74,62,52,60,62,99,139,136,133,87,86,91,90,93,99,56,72,55,48,56,58,74,77,66,57,61,61,64,66,84,44,37,44,47,54,51,57,78,52,55,53,50,42,49,34,46,52,55,78,82,61,65,57,63,63
0,0,0,0,0,0,0,0,0,0,0,0,0,0,0,0,0,64,98,85,112,124,72,74,72,88,97,99,107,148,110,105,108,99,98,117,103,123,120,123,123,122,93,73,130,133,104,70,72,117,139,151,124,127,129,128,127,115,61,77,76,136,125,133,127,146,134,138,136,130,125,120,76,17,50,129,151,147,144,144,134,116,105,98,98,92,86,84,85,85,90,92,89,88,109,128,143,92,119,127,107,104,134,61,74,26,21,102,118,124,88,45,56,135,111,22,26,67,60,129,48,59,97,90,64,113,87,125,103,100,91,33,29,81,64,55,60,63,66,57,54,58,64,129,141,107,92,108,81,112,125,135,136,124,88,88,91,87,81,89,77,64,62,63,68,67,71,67,60,60,65,77,76,90,85,50,39,36,50,51,51,51,67,69,65,63,54,46,52,48,42,40,52,49,93,70,61,57,59,66
0,0,0,0,0,0,0,0,0,0,0,0,0,0,0,0,0,8,65,55,77,101,91,67,71,82,76,89,110,135,133,114,101,104,86,102,115,124,124,123,107,71,49,62,98,131,117,97,107,128,130,119,120,128,126,79,128,134,96,108,106,127,152,158,136,142,139,144,138,115,92,91,47,98,134,138,142,151,137,114,105,104,107,106,119,116,92,105,103,113,118,114,110,117,133,114,129,136,122,92,67,61,132,129,89,30,62,114,140,63,18,65,78,63,136,41,80,98,43,84,114,114,112,56,67,124,119,63,57,98,115,64,39,37,33,68,68,72,73,78,68,68,60,84,148,128,127,104,115,136,133,130,131,82,81,92,94,96,95,79,101,76,65,68,68,62,60,45,44,57,63,70,73,72,60,56,55,48,59,53,52,53,64,74,85,74,54,52,52,64,48,48,51,54,76,91,54,59,42,17
0,0,0,0,0,0,0,0,0,0,0,0,0,0,0,0,0,0,54,92,53,83,100,100,95,78,71,82,98,123,145,104,87,94,88,106,124,125,118,75,49,62,69,70,65,119,119,126,129,129,133,117,120,88,109,96,101,137,134,135,139,145,149,145,143,131,133,146,139,107,47,72,115,139,130,119,119,140,118,89,84,84,115,110,130,113,107,125,140,109,133,114,114,105,111,134,129,134,90,70,64,105,127,139,22,56,90,51,69,120,64,90,24,35,119,123,124,55,26,100,130,86,29,62,94,80,121,66,83,67,53,88,23,19,11,63,40,29,30,33,13,33,14,26,97,143,130,136,147,149,144,141,137,123,128,128,133,123,125,117,137,122,68,76,77,69,67,80,57,57,70,65,76,84,67,66,71,59,66,62,69,70,59,64,81,73,60,63,60,62,65,50,61,55,55,90,55,20,0,0
0,0,0,0,0,0,0,0,0,0,0,0,0,0,0,0,0,0,0,103,91,85,99,98,75,82,66,81,80,101,116,85,91,99,106,111,123,91,54,57,69,70,70,56,42,103,137,138,141,129,125,106,95,58,83,125,127,135,135,126,115,132,132,119,91,122,140,138,129,146,132,115,129,129,117,126,140,110,75,81,88,83,90,99,97,95,93,106,95,96,97,93,88,109,130,133,125,101,119,97,132,75,7,105,122,61,7,43,53,136,134,68,25,86,132,140,27,38,88,62,48,115,69,79,30,42,92,117,114,67,70,134,46,26,27,52,42,17,31,18,7,6,8,9,30,155,134,140,148,151,150,150,145,146,149,146,143,140,146,141,137,149,109,120,154,139,154,153,97,109,153,132,153,139,92,111,143,121,146,119,98,122,90,107,88,81,87,106,108,104,128,92,133,113,83,33,4,0,0,0
0,0,0,0,0,0,0,0,0,0,0,0,0,0,0,0,0,0,0,44,125,81,76,69,61,77,78,74,93,87,135,100,86,94,94,83,114,71,98,94,90,61,45,53,105,133,138,133,127,115,54,50,121,92,124,124,126,110,135,127,116,124,122,116,132,140,141,144,133,142,149,129,115,125,142,133,106,78,78,83,86,87,93,96,94,92,94,96,93,99,98,106,123,134,135,93,46,50,119,100,26,21,54,98,139,54,46,95,124,106,135,36,72,81,31,82,113,77,19,21,52,118,129,79,43,82,120,127,66,71,118,114,120,49,80,83,46,34,37,24,20,10,15,29,44,97,150,132,128,118,66,102,114,121,116,126,121,122,134,125,118,129,147,141,156,132,138,150,157,145,158,144,155,154,149,144,157,151,164,157,153,151,148,153,146,106,150,157,156,162,157,149,154,108,20,0,0,0,0,0
0,0,0,0,0,0,0,0,0,0,0,0,0,0,0,0,0,0,0,0,99,98,58,47,55,71,76,71,72,89,124,119,85,81,74,75,93,101,105,101,66,47,60,78,114,133,125,107,75,117,89,85,118,126,109,97,118,71,118,132,142,135,131,140,141,142,145,135,98,101,140,116,133,138,118,103,88,81,83,89,120,118,108,106,95,100,98,97,100,101,113,135,131,134,66,17,56,74,57,119,36,72,113,113,89,108,81,99,42,14,119,109,46,17,42,73,134,103,35,65,113,115,128,30,66,95,49,65,110,77,79,46,125,86,47,55,62,51,58,35,32,34,38,73,68,56,139,137,100,55,58,80,76,66,90,84,89,80,80,74,96,74,57,62,79,73,85,98,97,85,88,88,90,108,89,84,96,106,110,116,102,94,108,136,119,96,101,110,126,141,110,115,48,0,0,0,0,0,0,0
0,0,0,0,0,0,0,0,0,0,0,0,0,0,0,0,0,0,0,0,29,124,70,61,72,71,105,112,79,73,87,70,80,81,73,69,67,64,69,57,61,70,97,122,102,114,119,75,95,129,124,131,92,113,95,58,82,104,121,126,162,171,146,134,140,143,128,86,111,137,136,141,118,107,94,84,84,86,113,137,137,141,126,105,117,132,118,104,96,99,122,121,72,72,105,65,104,79,32,100,115,127,60,6,44,130,74,7,35,65,110,135,50,50,97,127,85,101,49,105,60,6,89,106,37,6,41,74,105,38,27,27,99,96,46,66,63,46,46,62,58,57,55,75,65,58,91,153,129,70,87,118,96,80,92,82,60,65,75,70,69,49,47,52,55,63,67,75,79,68,61,67,64,71,59,49,55,70,74,66,66,61,70,91,106,86,78,58,72,58,33,0,0,0,0,0,0,0,0,0
0,0,0,0,0,0,0,0,0,0,0,0,0,0,0,0,0,0,0,0,0,72,113,132,133,126,136,127,120,102,72,77,67,57,67,41,60,60,57,60,69,53,115,114,111,131,130,122,133,133,125,96,65,89,115,89,104,132,118,119,149,173,168,128,138,140,128,146,136,140,138,145,101,92,88,84,78,70,132,135,142,156,150,124,145,105,139,123,118,131,115,50,48,59,125,129,78,26,64,108,132,28,31,70,100,125,113,50,96,131,78,82,110,97,81,49,31,108,81,13,25,53,96,121,48,57,93,128,94,74,54,111,130,100,67,74,59,24,29,64,66,55,57,62,49,33,47,124,147,113,95,114,104,86,93,71,56,70,85,80,66,68,57,64,62,46,61,60,82,67,49,50,63,56,61,43,29,44,63,62,57,55,49,59,103,89,72,74,36,4,0,0,0,0,0,0,0,0,0,0
0,0,0,0,0,0,0,0,0,0,0,0,0,0,0,0,0,0,0,0,0,11,113,125,141,142,134,134,145,159,84,71,62,56,57,61,84,63,59,58,71,62,90,137,135,134,134,122,105,95,116,111,79,108,124,137,142,123,102,131,138,162,171,149,133,133,104,156,142,136,138,143,125,69,83,96,90,122,136,134,143,143,153,80,128,141,139,165,158,122,116,73,81,120,109,116,22,64,68,30,80,102,81,122,99,28,99,120,96,31,31,58,136,55,20,49,81,122,117,39,73,115,94,71,117,114,102,56,42,62,82,98,113,87,81,62,48,38,34,36,47,32,40,51,35,23,45,87,157,144,105,106,95,76,64,70,89,73,72,74,71,43,66,117,87,35,40,45,58,77,48,25,56,50,49,46,17,11,47,55,48,47,36,33,70,114,50,16,0,0,0,0,0,0,0,0,0,0,0,0
0,0,0,0,0,0,0,0,0,0,0,0,0,0,0,0,0,0,0,0,0,0,43,99,139,142,105,139,151,139,109,87,59,54,58,54,63,64,68,75,110,67,76,113,136,132,133,129,71,58,101,117,112,101,104,159,162,152,145,143,131,137,172,163,135,140,133,145,158,137,138,143,137,123,118,127,109,137,136,135,140,138,128,102,102,165,125,131,136,138,124,102,107,68,28,102,102,105,64,28,66,128,117,47,15,61,88,127,19,41,100,118,120,108,57,107,114,50,80,116,112,47,14,58,121,86,26,33,55,104,116,77,72,71,76,78,72,47,32,27,30,27,28,41,44,70,91,96,136,153,129,90,92,77,63,67,85,64,44,46,78,88,105,100,100,89,53,77,48,81,83,77,50,44,46,55,21,14,28,35,36,22,16,11,30,31,0,0,0,0,0,0,0,0,0,0,0,0,0,0
0,0,0,0,0,0,0,0,0,0,0,0,0,0,0,0,0,0,0,0,0,0,0,66,122,132,124,125,129,135,162,109,65,61,54,49,62,61,81,77,73,64,67,68,151,132,132,133,102,79,117,126,81,73,68,128,147,145,125,153,167,147,172,167,149,134,142,90,141,149,140,139,140,139,117,153,131,122,133,137,138,138,137,123,125,122,152,123,123,155,129,110,75,65,66,106,135,77,7,60,113,90,103,35,80,108,43,89,101,99,132,67,4,114,129,64,8,44,82,128,30,34,76,86,60,115,5,83,130,127,84,67,75,71,54,63,55,48,55,31,23,42,32,54,70,81,91,91,81,152,146,105,81,78,71,62,76,52,47,79,96,88,92,94,106,111,143,143,140,131,157,161,126,113,152,126,108,99,73,89,94,77,47,4,0,0,0,0,0,0,0,0,0,0,0,0,0,0,0,0
0,0,0,0,0,0,0,0,0,0,0,0,0,0,0,0,0,0,0,0,0,0,0,37,153,124,127,122,121,125,128,118,57,79,67,62,67,70,78,76,60,62,58,53,98,131,132,108,74,70,111,120,97,65,78,90,133,148,148,150,150,136,121,171,158,137,138,116,138,162,138,135,130,127,124,132,130,103,132,137,137,138,137,133,106,70,157,132,145,152,149,112,61,112,127,93,74,75,73,58,16,27,112,107,127,81,21,78,136,96,17,34,77,77,121,23,53,93,67,76,101,85,126,81,60,121,124,131,131,92,39,87,82,71,65,61,48,44,35,20,24,48,62,69,71,80,69,80,63,102,153,132,79,97,94,93,98,83,115,120,127,94,100,94,90,105,117,116,118,138,152,142,149,157,160,150,153,159,155,149,157,92,10,0,0,0,0,0,0,0,0,0,0,0,0,0,0,0,0,0
0,0,0,0,0,0,0,0,0,0,0,0,0,0,0,0,0,0,0,0,0,0,0,0,109,141,134,130,128,128,125,132,88,69,76,71,90,86,68,76,60,59,62,57,51,117,104,79,73,57,58,63,64,65,80,79,128,149,153,128,132,149,146,165,166,148,130,141,88,134,151,134,134,133,113,118,127,127,141,137,137,138,137,134,126,131,153,145,125,109,158,131,86,93,65,43,60,99,114,45,37,77,120,129,37,22,67,77,75,100,54,97,122,39,99,101,115,101,34,64,126,109,34,35,104,130,134,107,51,46,99,112,68,68,79,81,53,55,44,24,50,60,68,78,96,102,82,59,42,88,144,140,112,107,92,115,123,119,130,125,112,87,97,98,92,94,96,72,48,67,79,96,74,95,61,68,97,125,73,97,38,0,0,0,0,0,0,0,0,0,0,0,0,0,0,0,0,0,0,0
0,0,0,0,0,0,0,0,0,0,0,0,0,0,0,0,0,0,0,0,0,0,0,0,27,142,131,129,130,128,133,137,130,63,61,53,83,90,86,69,62,59,54,55,71,91,95,61,84,60,54,58,81,91,76,83,119,128,144,146,146,155,149,127,169,160,141,137,131,139,166,139,135,130,119,123,122,125,146,138,136,137,136,131,131,118,72,115,132,123,153,156,113,114,95,92,108,120,63,15,66,108,54,84,91,79,90,10,41,123,123,127,59,27,101,132,65,15,54,91,73,106,82,131,132,122,95,91,32,70,111,93,71,64,59,64,72,55,43,41,56,61,77,90,89,99,79,51,71,113,120,148,126,129,118,104,104,99,130,89,111,70,80,90,87,82,88,91,33,51,45,72,75,12,21,35,46,41,17,0,0,0,0,0,0,0,0,0,0,0,0,0,0,0,0,0,0,0,0,0
0,0,0,0,0,0,0,0,0,0,0,0,0,0,0,0,0,0,0,0,0,0,0,0,0,69,130,132,136,137,136,136,138,100,54,51,75,92,90,83,90,85,52,77,101,118,116,87,77,69,57,80,95,88,64,67,108,154,146,172,149,135,151,153,169,165,151,135,128,109,150,155,135,134,107,149,135,137,140,154,136,137,135,130,134,127,111,118,129,123,141,156,123,78,119,134,85,34,47,73,55,12,36,65,130,133,63,29,87,138,128,8,45,82,59,69,94,62,100,21,65,131,129,132,131,103,22,120,79,92,77,65,75,50,59,49,72,58,38,56,67,100,88,95,85,74,78,38,88,106,107,138,140,131,139,148,145,132,138,128,126,115,97,114,102,72,102,107,80,23,49,38,98,42,31,40,31,1,0,0,0,0,0,0,0,0,0,0,0,0,0,0,0,0,0,0,0,0,0,0
0,0,0,0,0,0,0,0,0,0,0,0,0,0,0,0,0,0,0,0,0,0,0,0,0,6,124,136,134,132,135,137,134,136,72,94,83,78,89,110,96,85,66,90,101,107,124,109,110,100,69,81,84,73,65,98,97,138,144,147,148,149,155,162,162,165,162,137,121,148,160,166,142,131,113,93,104,122,133,156,145,135,133,130,135,135,143,69,89,121,128,140,157,79,123,82,60,68,93,112,38,43,79,122,108,94,30,79,70,22,99,96,94,98,27,50,124,126,92,69,128,133,123,131,99,48,68,122,120,80,59,49,71,72,67,73,78,77,35,60,74,89,88,83,95,59,102,100,107,105,103,110,154,132,138,147,140,143,141,140,139,144,139,136,133,132,130,126,146,43,52,43,60,100,56,3,0,0,0,0,0,0,0,0,0,0,0,0,0,0,0,0,0,0,0,0,0,0,0,0
0,0,0,0,0,0,0,0,0,0,0,0,0,0,0,0,0,0,0,0,0,0,0,0,0,0,57,136,127,126,134,131,129,138,117,95,79,92,96,106,97,89,88,74,87,100,127,120,122,105,70,67,87,83,86,91,81,87,157,139,162,160,150,164,161,167,172,155,136,143,153,165,158,133,132,123,99,87,119,136,161,134,134,132,134,134,122,90,69,116,117,137,156,139,112,114,120,117,108,46,30,76,91,63,16,110,99,66,16,45,90,141,113,40,51,106,118,113,39,104,134,74,80,99,40,107,128,130,111,77,74,59,53,74,37,26,57,79,59,37,88,89,96,104,108,101,107,105,102,101,103,102,130,145,127,86,113,111,124,129,134,129,143,146,140,140,135,135,139,129,98,80,30,23,0,0,0,0,0,0,0,0,0,0,0,0,0,0,0,0,0,0,0,0,0,0,0,0,0,0
0,0,0,0,0,0,0,0,0,0,0,0,0,0,0,0,0,0,0,0,0,0,0,0,0,0,0,103,129,130,132,131,136,140,137,111,98,96,98,99,89,85,89,87,101,105,114,105,104,106,87,72,87,98,88,84,68,80,135,157,162,163,160,162,148,134,137,165,148,134,141,164,167,145,131,123,85,86,110,114,149,148,130,133,133,134,136,140,135,89,114,123,130,154,75,103,122,70,21,48,70,50,13,44,66,112,130,52,40,96,125,101,88,51,86,52,23,119,133,134,124,71,59,127,75,117,116,75,73,64,67,57,49,61,44,14,29,64,51,75,110,102,108,108,107,104,105,105,103,103,107,104,106,148,132,82,84,101,95,106,108,111,114,103,103,99,85,109,127,138,140,52,0,0,0,0,0,0,0,0,0,0,0,0,0,0,0,0,0,0,0,0,0,0,0,0,0,0,0,0
0,0,0,0,0,0,0,0,0,0,0,0,0,0,0,0,0,0,0,0,0,0,0,0,0,0,0,36,128,130,128,132,136,138,139,129,107,93,123,94,82,87,88,92,93,96,69,87,107,105,87,78,73,93,91,74,74,82,92,158,126,133,131,162,169,136,169,170,153,136,138,150,166,163,133,128,145,135,138,123,127,166,132,132,130,131,134,129,62,64,111,121,125,140,118,92,51,74,83,100,110,48,49,92,129,76,86,73,81,59,8,38,131,112,54,64,124,133,135,76,11,78,131,132,128,78,58,46,75,70,72,61,46,30,19,35,71,91,120,111,101,104,102,101,103,102,103,105,111,103,102,104,108,127,148,122,64,94,97,105,112,97,79,76,74,77,83,82,83,54,7,0,0,0,0,0,0,0,0,0,0,0,0,0,0,0,0,0,0,0,0,0,0,0,0,0,0,0,0,0
0,0,0,0,0,0,0,0,0,0,0,0,0,0,0,0,0,0,0,0,0,0,0,0,0,0,0,0,85,129,128,133,136,136,136,135,110,86,100,81,58,74,85,94,91,92,75,122,95,86,121,103,79,84,75,62,79,64,68,117,159,155,156,158,169,135,128,139,164,137,128,139,160,168,150,129,124,98,57,117,126,150,152,130,132,128,133,132,119,118,125,116,123,135,133,116,98,121,126,97,30,35,76,82,42,35,64,114,37,24,55,93,129,127,59,138,135,94,91,81,103,130,129,95,108,77,93,77,80,70,64,45,58,40,65,79,100,111,105,103,106,105,102,101,99,100,106,105,104,101,99,101,99,109,143,142,103,84,103,93,84,75,73,76,79,98,128,55,15,0,0,0,0,0,0,0,0,0,0,0,0,0,0,0,0,0,0,0,0,0,0,0,0,0,0,0,0,0,0,0
0,0,0,0,0,0,0,0,0,0,0,0,0,0,0,0,0,0,0,0,0,0,0,0,0,0,0,0,19,127,133,132,135,137,135,135,128,64,94,69,57,70,108,99,106,105,86,107,69,91,95,111,87,88,74,77,66,46,53,76,149,163,135,129,160,161,117,153,161,147,134,136,147,168,167,137,130,116,119,110,117,122,163,139,131,130,131,132,130,79,51,89,120,127,129,117,97,121,80,44,53,73,40,16,38,67,110,116,71,57,110,113,48,111,117,138,106,17,87,73,106,107,65,28,75,128,98,65,63,54,54,49,37,25,61,65,103,107,105,102,103,104,105,105,105,106,105,106,98,103,101,100,100,104,119,152,133,86,107,77,56,63,76,80,68,89,44,0,0,0,0,0,0,0,0,0,0,0,0,0,0,0,0,0,0,0,0,0,0,0,0,0,0,0,0,0,0,0,0,0
0,0,0,0,0,0,0,0,0,0,0,0,0,0,0,0,0,0,0,0,0,0,0,0,0,0,0,0,0,70,133,130,130,132,134,133,132,98,76,94,53,70,85,38,84,95,89,78,52,93,91,122,105,89,73,75,88,60,54,70,110,163,164,170,159,169,143,139,147,166,132,123,137,155,168,155,131,132,125,34,102,119,144,157,133,135,132,128,133,107,93,122,118,125,132,128,100,82,106,113,106,125,38,43,91,125,60,10,79,80,53,8,74,133,138,135,99,40,92,72,59,58,41,48,62,79,79,70,51,30,41,58,45,72,94,109,108,103,103,103,103,104,105,106,109,111,106,104,99,102,102,101,99,104,105,137,144,117,81,35,61,79,80,77,33,0,0,0,0,0,0,0,0,0,0,0,0,0,0,0,0,0,0,0,0,0,0,0,0,0,0,0,0,0,0,0,0,0,0,0
0,0,0,0,0,0,0,0,0,0,0,0,0,0,0,0,0,0,0,0,0,0,0,0,0,0,0,0,0,2,115,131,130,130,133,132,133,132,93,100,70,52,52,85,95,92,89,83,84,82,83,88,89,92,79,72,85,98,55,81,90,121,143,128,146,150,151,99,158,170,152,138,141,130,166,168,142,128,128,145,129,118,122,155,145,134,133,128,133,138,102,111,112,127,127,125,120,102,119,128,88,20,40,72,69,13,29,67,85,36,60,116,131,133,119,102,74,107,91,96,55,39,50,73,62,50,63,50,48,41,40,28,55,102,110,115,109,106,102,102,100,106,106,110,107,105,107,108,100,101,98,96,101,109,93,89,155,135,92,74,72,76,47,7,0,0,0,0,0,0,0,0,0,0,0,0,0,0,0,0,0,0,0,0,0,0,0,0,0,0,0,0,0,0,0,0,0,0,0,0
0,0,0,0,0,0,0,0,0,0,0,0,0,0,0,0,0,0,0,0,0,0,0,0,0,0,0,0,0,0,49,127,129,130,134,136,133,129,120,89,83,74,65,85,85,100,94,113,83,82,84,82,82,82,79,59,62,86,78,84,106,95,127,155,164,161,157,132,153,161,171,138,136,130,150,166,159,131,134,129,127,123,120,130,162,133,132,131,134,133,107,72,67,116,124,129,126,121,117,105,64,68,77,40,17,49,84,116,101,56,120,131,97,35,41,108,93,80,55,58,55,53,72,75,58,50,53,43,55,61,50,47,86,109,113,115,113,101,102,103,100,103,106,106,105,114,111,108,109,112,100,107,91,86,79,75,111,146,119,93,43,16,0,0,0,0,0,0,0,0,0,0,0,0,0,0,0,0,0,0,0,0,0,0,0,0,0,0,0,0,0,0,0,0,0,0,0,0,0,0
0,0,0,0,0,0,0,0,0,0,0,0,0,0,0,0,0,0,0,0,0,0,0,0,0,0,0,0,0,0,0,94,129,129,131,135,130,130,134,108,97,91,92,87,69,68,73,83,86,86,82,134,92,84,82,68,63,77,125,99,116,118,114,137,157,158,138,145,116,158,166,158,134,132,134,160,167,146,133,129,119,126,120,106,143,150,130,130,135,135,134,138,149,135,123,121,125,125,107,110,119,121,105,53,55,103,112,47,29,98,135,127,22,52,76,106,113,83,49,44,53,69,81,55,48,42,32,42,65,50,56,67,82,114,120,118,113,106,103,104,106,103,99,104,111,113,108,100,108,118,107,93,81,77,74,56,46,132,112,39,0,0,0,0,0,0,0,0,0,0,0,0,0,0,0,0,0,0,0,0,0,0,0,0,0,0,0,0,0,0,0,0,0,0,0,0,0,0,0,0
0,0,0,0,0,0,0,0,0,0,0,0,0,0,0,0,0,0,0,0,0,0,0,0,0,0,0,0,0,0,0,32,131,127,127,132,129,129,130,112,124,97,89,59,53,106,111,63,89,71,60,123,126,100,83,73,70,66,73,84,88,105,76,133,155,163,136,121,120,157,101,168,145,135,125,141,165,161,134,132,130,99,67,128,125,166,134,131,135,135,133,136,148,140,147,125,125,125,118,120,124,89,32,62,86,53,4,68,132,129,131,73,29,90,120,119,104,78,39,38,58,80,92,64,58,42,50,41,43,46,99,89,95,111,111,104,83,100,104,100,98,103,96,98,114,113,94,101,107,95,81,80,77,78,80,50,20,30,0,0,0,0,0,0,0,0,0,0,0,0,0,0,0,0,0,0,0,0,0,0,0,0,0,0,0,0,0,0,0,0,0,0,0,0,0,0,0,0,0,0
0,0,0,0,0,0,0,0,0,0,0,0,0,0,0,0,0,0,0,0,0,0,0,0,0,0,0,0,0,0,0,0,77,127,129,128,129,110,106,89,87,84,75,61,133,144,102,97,113,83,81,87,92,119,128,107,79,66,73,75,64,77,107,146,149,153,158,131,160,155,158,155,162,136,137,136,156,161,146,130,128,129,120,115,102,147,153,130,133,134,132,129,147,147,124,127,113,112,117,126,118,104,108,97,43,57,112,128,130,81,18,54,116,131,125,107,95,84,44,51,60,78,71,88,73,15,10,25,27,50,71,90,96,116,97,98,88,85,82,96,105,110,104,119,117,116,125,99,85,81,76,75,77,78,77,43,3,0,0,0,0,0,0,0,0,0,0,0,0,0,0,0,0,0,0,0,0,0,0,0,0,0,0,0,0,0,0,0,0,0,0,0,0,0,0,0,0,0,0,0
0,0,0,0,0,0,0,0,0,0,0,0,0,0,0,0,0,0,0,0,0,0,0,0,0,0,0,0,0,0,0,0,14,125,125,121,111,82,78,63,72,75,79,71,102,118,133,100,144,101,95,94,91,96,104,135,98,83,76,76,76,77,87,132,141,149,153,154,153,139,101,115,166,148,135,140,163,163,148,129,132,134,106,102,112,118,160,141,133,133,132,129,131,159,104,137,153,133,129,122,86,123,128,104,67,108,128,102,36,33,95,129,128,103,46,89,110,89,62,65,75,78,89,105,89,36,22,40,31,78,105,114,108,106,101,94,74,78,77,98,107,111,117,125,133,120,97,80,77,74,74,74,74,56,19,0,0,0,0,0,0,0,0,0,0,0,0,0,0,0,0,0,0,0,0,0,0,0,0,0,0,0,0,0,0,0,0,0,0,0,0,0,0,0,0,0,0,0,0,0
0,0,0,0,0,0,0,0,0,0,0,0,0,0,0,0,0,0,0,0,0,0,0,0,0,0,0,0,0,0,0,0,0,58,102,93,99,67,82,76,70,67,60,60,63,57,91,89,105,99,108,91,92,88,84,96,113,109,81,78,82,88,96,86,108,140,139,146,142,137,123,142,143,158,136,136,143,154,155,136,134,129,126,92,101,91,147,160,133,132,132,127,130,138,127,89,166,165,160,140,115,115,54,27,95,128,127,58,52,136,125,127,87,44,33,58,106,102,61,62,75,79,103,98,71,91,9,18,65,101,100,110,114,105,81,67,73,76,78,85,87,81,121,121,103,81,79,78,76,71,74,66,29,0,0,0,0,0,0,0,0,0,0,0,0,0,0,0,0,0,0,0,0,0,0,0,0,0,0,0,0,0,0,0,0,0,0,0,0,0,0,0,0,0,0,0,0,0,0,0
0,0,0,0,0,0,0,0,0,0,0,0,0,0,0,0,0,0,0,0,0,0,0,0,0,0,0,0,0,0,0,0,0,0,75,84,81,91,82,68,63,56,55,63,58,50,62,100,107,93,102,93,93,90,84,90,124,116,104,91,84,98,106,87,91,97,110,115,110,103,139,144,127,110,118,99,89,79,161,137,133,134,149,166,154,114,111,140,147,133,132,130,130,137,154,161,165,163,164,161,122,21,63,125,128,127,117,21,71,124,121,119,71,89,65,102,83,59,52,50,58,58,73,116,72,92,63,51,71,81,82,90,96,85,76,74,76,76,74,78,87,101,95,91,88,78,76,75,67,71,38,2,0,0,0,0,0,0,0,0,0,0,0,0,0,0,0,0,0,0,0,0,0,0,0,0,0,0,0,0,0,0,0,0,0,0,0,0,0,0,0,0,0,0,0,0,0,0,0,0
0,0,0,0,0,0,0,0,0,0,0,0,0,0,0,0,0,0,0,0,0,0,0,0,0,0,0,0,0,0,0,0,0,0,26,62,68,82,78,69,58,61,63,50,47,52,71,90,94,80,94,98,98,80,81,102,129,135,137,121,93,87,85,85,89,104,90,112,113,105,114,124,140,143,147,126,84,72,128,154,129,130,137,160,166,162,141,155,162,134,132,133,129,130,140,154,164,164,160,164,142,109,121,114,84,22,96,103,113,115,95,35,25,54,50,59,52,46,51,55,54,58,60,88,70,46,90,52,63,84,85,82,80,76,70,76,74,71,78,84,70,64,67,70,71,70,74,67,28,11,0,0,0,0,0,0,0,0,0,0,0,0,0,0,0,0,0,0,0,0,0,0,0,0,0,0,0,0,0,0,0,0,0,0,0,0,0,0,0,0,0,0,0,0,0,0,0,0,0,0
0,0,0,0,0,0,0,0,0,0,0,0,0,0,0,0,0,0,0,0,0,0,0,0,0,0,0,0,0,0,0,0,0,0,0,49,78,69,70,60,62,60,50,48,56,82,85,70,68,65,79,75,80,89,86,99,119,125,140,137,116,97,84,84,84,92,94,96,105,110,112,121,141,141,141,126,79,91,136,147,131,127,128,122,161,165,164,167,161,145,130,113,121,125,129,124,136,147,145,159,152,106,91,36,26,76,109,104,93,44,45,53,65,63,37,33,25,35,49,54,49,44,46,84,66,67,73,56,60,73,79,79,75,79,75,63,69,77,93,83,54,59,63,60,61,58,55,21,0,0,0,0,0,0,0,0,0,0,0,0,0,0,0,0,0,0,0,0,0,0,0,0,0,0,0,0,0,0,0,0,0,0,0,0,0,0,0,0,0,0,0,0,0,0,0,0,0,0,0,0
0,0,0,0,0,0,0,0,0,0,0,0,0,0,0,0,0,0,0,0,0,0,0,0,0,0,0,0,0,0,0,0,0,0,0,16,78,73,80,59,54,56,50,65,99,88,59,57,81,81,55,57,58,71,71,106,120,123,133,140,138,121,100,86,84,88,101,90,96,99,118,121,92,108,88,131,120,121,123,107,100,89,107,102,130,142,141,164,154,157,136,103,95,104,112,123,121,111,110,117,99,92,74,12,101,103,107,100,58,10,18,49,48,55,44,25,20,11,38,37,40,48,57,61,70,65,59,41,43,56,70,78,78,75,63,58,76,72,60,70,59,59,56,75,74,26,0,0,0,0,0,0,0,0,0,0,0,0,0,0,0,0,0,0,0,0,0,0,0,0,0,0,0,0,0,0,0,0,0,0,0,0,0,0,0,0,0,0,0,0,0,0,0,0,0,0,0,0,0,0
0,0,0,0,0,0,0,0,0,0,0,0,0,0,0,0,0,0,0,0,0,0,0,0,0,0,0,0,0,0,0,0,0,0,0,0,21,51,57,62,53,53,54,76,85,75,73,64,87,81,44,52,59,49,56,121,131,128,137,127,127,129,105,88,86,85,87,87,84,88,115,115,91,93,126,124,95,116,138,116,79,79,73,78,100,134,146,151,131,148,155,135,71,103,122,117,105,105,104,103,88,92,84,58,94,106,107,65,93,60,94,77,50,18,12,3,4,21,45,43,46,52,54,58,70,65,73,46,25,50,74,83,83,76,65,47,95,58,46,51,48,51,49,31,6,0,0,0,0,0,0,0,0,0,0,0,0,0,0,0,0,0,0,0,0,0,0,0,0,0,0,0,0,0,0,0,0,0,0,0,0,0,0,0,0,0,0,0,0,0,0,0,0,0,0,0,0,0,0,0
0,0,0,0,0,0,0,0,0,0,0,0,0,0,0,0,0,0,0,0,0,0,0,0,0,0,0,0,0,0,0,0,0,0,0,0,3,44,67,58,46,49,61,75,67,70,83,86,83,71,48,60,72,45,91,115,111,114,114,106,103,112,105,97,91,87,81,91,136,103,96,95,91,91,91,92,72,104,129,127,132,135,110,57,65,110,134,145,152,151,137,133,117,117,106,118,123,121,109,106,110,113,104,84,73,94,105,68,100,95,83,75,44,10,11,17,29,41,53,57,43,55,55,62,73,62,51,34,14,56,83,80,71,68,56,24,38,30,40,45,47,33,10,0,0,0,0,0,0,0,0,0,0,0,0,0,0,0,0,0,0,0,0,0,0,0,0,0,0,0,0,0,0,0,0,0,0,0,0,0,0,0,0,0,0,0,0,0,0,0,0,0,0,0,0,0,0,0,0,0
0,0,0,0,0,0,0,0,0,0,0,0,0,0,0,0,0,0,0,0,0,0,0,0,0,0,0,0,0,0,0,0,0,0,0,0,0,22,54,51,55,59,58,58,71,96,85,70,61,63,54,68,66,46,55,61,96,103,103,103,93,95,102,110,106,101,106,120,95,92,91,93,120,116,104,88,80,124,129,129,131,109,109,122,116,134,143,157,141,127,107,98,105,104,91,106,113,119,124,108,103,104,114,105,94,90,74,79,89,70,53,37,20,11,32,42,55,58,51,50,52,57,54,62,69,50,49,52,79,90,57,53,51,70,120,107,50,45,47,40,15,0,0,0,0,0,0,0,0,0,0,0,0,0,0,0,0,0,0,0,0,0,0,0,0,0,0,0,0,0,0,0,0,0,0,0,0,0,0,0,0,0,0,0,0,0,0,0,0,0,0,0,0,0,0,0,0,0,0,0
0,0,0,0,0,0,0,0,0,0,0,0,0,0,0,0,0,0,0,0,0,0,0,0,0,0,0,0,0,0,0,0,0,0,0,0,0,0,31,43,74,75,76,64,71,82,74,67,69,61,61,83,52,44,51,51,87,94,107,114,90,98,113,111,129,118,75,87,87,93,89,85,110,148,113,105,85,106,109,133,142,149,77,129,145,142,146,131,113,98,96,100,92,85,93,125,105,121,116,109,109,111,110,110,100,96,97,97,92,97,73,90,67,58,63,61,57,54,52,44,50,47,49,65,67,69,87,112,78,47,30,21,50,145,94,92,52,32,22,0,0,0,0,0,0,0,0,0,0,0,0,0,0,0,0,0,0,0,0,0,0,0,0,0,0,0,0,0,0,0,0,0,0,0,0,0,0,0,0,0,0,0,0,0,0,0,0,0,0,0,0,0,0,0,0,0,0,0,0,0
0,0,0,0,0,0,0,0,0,0,0,0,0,0,0,0,0,0,0,0,0,0,0,0,0,0,0,0,0,0,0,0,0,0,0,0,0,0,13,69,89,59,76,53,73,83,73,55,87,88,81,88,73,87,83,82,84,60,81,78,86,101,131,126,129,95,83,87,87,89,102,91,97,96,99,82,89,84,72,135,141,148,122,136,135,119,118,90,92,94,94,87,94,100,90,98,95,98,113,111,105,113,107,109,107,112,117,128,111,114,94,91,84,86,100,114,75,67,54,50,37,50,46,66,70,81,92,64,33,8,28,41,64,57,33,34,23,2,0,0,0,0,0,0,0,0,0,0,0,0,0,0,0,0,0,0,0,0,0,0,0,0,0,0,0,0,0,0,0,0,0,0,0,0,0,0,0,0,0,0,0,0,0,0,0,0,0,0,0,0,0,0,0,0,0,0,0,0,0,0
0,0,0,0,0,0,0,0,0,0,0,0,0,0,0,0,0,0,0,0,0,0,0,0,0,0,0,0,0,0,0,0,0,0,0,0,0,0,0,50,71,68,81,98,82,71,81,87,94,88,89,86,84,78,81,71,67,81,54,64,87,106,113,131,114,86,88,86,84,121,125,88,81,91,111,81,87,79,79,85,95,148,137,119,110,103,103,132,103,87,92,89,100,98,89,89,87,87,102,91,99,92,93,105,106,114,118,121,115,101,96,100,102,98,86,91,83,71,58,57,31,55,62,79,76,78,78,48,25,33,43,67,98,78,23,6,0,0,0,0,0,0,0,0,0,0,0,0,0,0,0,0,0,0,0,0,0,0,0,0,0,0,0,0,0,0,0,0,0,0,0,0,0,0,0,0,0,0,0,0,0,0,0,0,0,0,0,0,0,0,0,0,0,0,0,0,0,0,0,0
0,0,0,0,0,0,0,0,0,0,0,0,0,0,0,0,0,0,0,0,0,0,0,0,0,0,0,0,0,0,0,0,0,0,0,0,0,0,0,13,67,40,100,98,70,72,86,96,107,92,89,73,65,78,74,79,66,81,66,70,86,101,121,102,81,77,85,111,83,90,81,111,92,79,63,51,82,77,79,79,80,94,98,98,107,111,116,125,130,112,76,94,95,100,96,88,83,83,78,89,128,100,100,101,108,112,112,112,108,107,111,105,115,117,92,111,83,70,81,84,93,89,56,73,64,63,56,42,47,64,38,39,20,20,0,0,0,0,0,0,0,0,0,0,0,0,0,0,0,0,0,0,0,0,0,0,0,0,0,0,0,0,0,0,0,0,0,0,0,0,0,0,0,0,0,0,0,0,0,0,0,0,0,0,0,0,0,0,0,0,0,0,0,0,0,0,0,0,0,0
0,0,0,0,0,0,0,0,0,0,0,0,0,0,0,0,0,0,0,0,0,0,0,0,0,0,0,0,0,0,0,0,0,0,0,0,0,0,0,0,9,70,119,103,61,87,99,91,86,79,77,82,90,82,87,74,63,65,59,73,81,90,93,90,85,82,105,114,81,85,90,103,103,66,58,47,78,81,80,79,80,82,83,78,104,102,100,112,121,140,120,102,120,106,103,95,93,90,87,84,81,92,94,93,94,108,114,106,104,107,123,112,114,116,116,115,92,90,89,66,64,80,97,100,120,54,97,73,94,64,42,19,0,0,0,0,0,0,0,0,0,0,0,0,0,0,0,0,0,0,0,0,0,0,0,0,0,0,0,0,0,0,0,0,0,0,0,0,0,0,0,0,0,0,0,0,0,0,0,0,0,0,0,0,0,0,0,0,0,0,0,0,0,0,0,0,0,0,0,0
0,0,0,0,0,0,0,0,0,0,0,0,0,0,0,0,0,0,0,0,0,0,0,0,0,0,0,0,0,0,0,0,0,0,0,0,0,0,0,0,4,103,109,102,100,98,75,97,97,73,60,65,63,73,91,56,56,60,65,81,76,85,84,91,80,90,85,79,82,97,85,89,92,86,96,71,76,80,82,79,78,79,81,85,77,76,109,124,125,118,101,106,154,120,114,95,96,91,99,86,87,82,80,93,90,95,85,95,103,85,96,105,116,119,109,117,119,107,92,73,64,63,86,82,108,87,82,81,48,24,6,0,0,0,0,0,0,0,0,0,0,0,0,0,0,0,0,0,0,0,0,0,0,0,0,0,0,0,0,0,0,0,0,0,0,0,0,0,0,0,0,0,0,0,0,0,0,0,0,0,0,0,0,0,0,0,0,0,0,0,0,0,0,0,0,0,0,0,0,0
0,0,0,0,0,0,0,0,0,0,0,0,0,0,0,0,0,0,0,0,0,0,0,0,0,0,0,0,0,0,0,0,0,0,0,0,0,0,0,0,0,41,94,102,84,77,54,85,85,73,62,65,68,64,72,58,53,61,98,102,75,82,83,84,99,123,88,86,84,107,88,83,88,92,103,89,89,77,79,79,75,78,77,87,79,78,82,96,150,129,139,137,100,135,131,90,83,76,95,80,77,87,85,90,83,99,105,100,104,72,89,80,108,111,112,116,103,67,70,88,93,101,93,94,84,85,99,105,18,0,0,0,0,0,0,0,0,0,0,0,0,0,0,0,0,0,0,0,0,0,0,0,0,0,0,0,0,0,0,0,0,0,0,0,0,0,0,0,0,0,0,0,0,0,0,0,0,0,0,0,0,0,0,0,0,0,0,0,0,0,0,0,0,0,0,0,0,0,0,0
