0.00,2.00,2.00,2.00,0.00,2.00,2.00,2.00,0.00,0.00,2.00,0.00,0.00,2.00,4.00,8.00,6.00,4.00,2.00,0.00,0.00,0.00,0.00,2.00,0.00,2.00,2.00,4.00,2.00,4.00,0.00,2.00,6.00,6.00,4.00,2.00,2.00,0.00,2.00,4.00,2.00,4.00,2.00,2.00,2.00,0.00,2.00,2.00,2.00,0.00,0.00,4.00,4.00,0.00,2.00,2.00,4.00,0.00,0.00,2.00,2.00,0.00,0.00,2.00,0.00,0.00,2.00,4.00,2.00,2.00,4.00,0.00,2.00,0.00,0.00,2.00,2.00,0.00,4.00,4.00,4.00,4.00,4.00,2.00,2.00,0.00,2.00,6.00,2.00,0.00,4.00,4.00,8.00,0.00,6.00,0.00,2.00,2.00,8.00,6.00,2.00,4.00,2.00,2.00,8.00,6.00,4.00,6.00,4.00,0.00,0.00,2.00,0.00,2.00,2.00,0.00,2.00,2.00,2.00,0.00,2.00,2.00,0.00,4.00,2.00,2.00,0.00,0.00,2.00,2.00,8.00,4.00,2.00,2.00,6.00,0.00,4.00,2.00,4.00,6.00,8.00,4.00,2.00,6.00,8.00,2.00,0.00,0.00,4.00,4.00,0.00,2.00,2.00,0.00,2.00,6.00,0.00,0.00,0.00,0.00,4.00,6.00,70.00,132.00,70.00,14.00,48.00,42.00,70.00,42.00,104.00,142.00,30.00,88.00,24.00,24.00,12.00,32.00,24.00,48.00,0.00,62.00,4.00,0.00,42.00,46.00,4.00,110.00,104.00,4.00,18.00,106.00,110.00,0.00,36.00,86.00,92.00,20.00,76.00,0.00
0.00,2.00,2.00,1.41,3.16,3.16,0.00,3.16,3.16,2.00,2.83,1.41,0.00,2.00,5.10,8.25,4.00,4.24,4.47,3.16,1.41,1.41,2.00,3.16,5.10,5.10,5.83,7.21,5.10,4.24,1.41,1.41,6.32,5.10,4.00,1.41,2.83,3.16,5.83,5.83,4.24,5.10,1.41,2.83,2.83,3.16,4.47,5.83,6.32,5.10,4.00,5.66,5.66,4.00,4.47,4.47,5.83,5.10,3.16,3.16,3.16,2.00,2.00,1.41,0.00,0.00,1.41,4.24,4.24,2.83,4.47,2.00,4.24,3.16,2.00,2.83,1.41,0.00,3.16,4.24,4.24,3.16,3.16,2.83,1.41,0.00,2.00,5.10,2.83,2.00,5.83,5.66,8.94,4.00,3.16,3.16,4.47,7.21,11.31,11.40,11.40,10.20,7.07,7.62,9.90,7.07,7.07,9.90,7.62,5.10,5.10,6.32,6.00,7.07,8.25,7.07,6.32,6.32,5.66,2.00,4.00,6.32,6.00,7.21,7.62,10.77,11.05,9.06,7.07,6.32,9.90,8.94,7.07,5.83,7.07,6.00,3.16,3.16,4.47,6.32,8.25,4.47,1.41,7.07,8.25,1.41,0.00,1.41,5.83,8.49,10.20,10.77,7.62,6.00,5.10,4.47,0.00,2.83,6.32,9.06,48.27,109.44,135.09,122.61,35.36,38.47,60.81,66.24,117.39,37.66,99.25,110.68,102.30,46.04,37.12,10.00,2.00,37.34,35.81,69.18,18.11,82.00,17.03,15.03,59.48,48.41,31.02,170.56,137.77,74.15,122.12,152.53,86.56,99.36,247.36,242.74,74.04,93.01,109.00,66.00
0.00,1.41,1.41,0.00,2.00,0.00,2.00,0.00,2.00,3.16,3.16,3.16,2.00,2.83,5.10,7.07,2.83,2.83,3.16,4.47,4.47,5.83,6.00,5.10,5.83,7.07,7.62,4.47,2.00,2.83,3.16,0.00,5.10,4.24,5.66,3.16,3.16,7.07,3.16,1.41,3.16,6.00,0.00,1.41,3.16,4.47,3.16,3.16,1.41,2.83,2.00,4.24,5.66,4.00,3.16,3.16,1.41,3.16,4.47,4.00,3.16,2.00,2.00,1.41,0.00,0.00,0.00,2.00,4.00,2.00,3.16,3.16,4.24,3.16,4.00,3.16,2.00,1.41,1.41,3.16,3.16,1.41,1.41,3.16,4.00,4.00,4.47,4.24,2.83,4.47,4.00,4.47,6.00,1.41,2.83,4.47,4.47,8.60,10.00,8.60,5.66,4.00,5.10,7.21,7.07,5.66,7.21,8.94,4.47,5.10,7.62,8.25,8.00,7.07,6.32,6.32,5.10,5.10,8.60,7.07,6.32,5.10,3.16,4.47,7.21,7.07,4.47,4.47,3.16,2.83,5.66,7.62,7.07,7.07,5.83,6.00,5.83,6.32,5.66,5.83,7.07,4.00,1.41,9.49,7.62,4.47,12.08,17.26,17.72,16.55,12.17,11.40,8.94,8.00,6.32,2.00,1.41,5.83,5.66,42.45,150.33,148.92,88.02,17.03,42.19,33.11,42.64,93.61,183.33,67.07,137.41,116.18,129.88,11.05,9.49,13.04,10.20,41.59,40.50,88.77,24.74,97.32,8.49,0.00,57.71,76.55,127.63,82.00,157.54,183.92,68.82,44.27,154.26,206.07,157.16,61.19,133.52,63.89,9.90,8.00
2.00,1.41,0.00,0.00,1.41,3.16,3.16,1.41,2.00,2.00,0.00,1.41,2.00,1.41,2.83,7.21,4.47,2.00,0.00,2.00,5.10,4.47,2.00,3.16,5.66,3.16,1.41,0.00,0.00,2.00,3.16,2.00,3.16,1.41,4.47,3.16,3.16,7.21,6.32,4.47,1.41,5.10,2.00,1.41,1.41,2.83,1.41,1.41,2.00,0.00,3.16,5.10,7.21,5.10,3.16,5.10,0.00,1.41,3.16,4.00,4.47,3.16,1.41,2.00,0.00,0.00,0.00,2.00,3.16,3.16,4.47,4.47,3.16,2.00,3.16,4.00,3.16,3.16,0.00,0.00,0.00,0.00,1.41,2.00,1.41,0.00,2.00,2.00,1.41,5.10,9.06,8.25,5.83,5.83,8.60,8.25,8.25,9.90,8.60,5.83,2.00,2.00,4.00,5.83,7.07,7.21,7.07,8.94,5.83,8.25,9.49,7.07,8.25,10.20,9.49,8.25,6.32,3.16,5.10,9.06,9.06,7.07,6.32,7.07,6.32,1.41,2.83,1.41,4.47,4.24,2.83,2.83,2.83,6.32,3.16,2.83,10.20,7.62,4.47,4.47,5.10,7.62,8.94,12.73,11.40,13.42,20.00,16.12,10.00,4.24,2.83,7.62,4.47,3.16,5.66,3.16,3.16,46.86,111.40,146.54,132.44,32.06,44.41,41.40,29.73,40.72,52.63,109.88,165.68,82.61,75.01,155.76,168.76,24.08,19.65,22.63,18.44,46.17,39.29,85.05,7.07,90.02,16.49,49.34,89.99,63.56,33.38,118.70,115.11,31.91,125.30,152.43,106.00,22.36,161.70,204.32,127.95,32.80,9.06,0.00
0.00,2.00,0.00,0.00,0.00,2.00,0.00,2.00,2.00,2.00,1.41,2.83,1.41,1.41,1.41,5.10,7.07,1.41,2.00,2.83,3.16,2.83,1.41,2.00,4.47,2.00,2.00,2.00,1.41,1.41,0.00,2.00,1.41,0.00,4.00,4.00,1.41,4.24,4.47,5.66,3.16,3.16,1.41,2.83,1.41,2.00,2.00,1.41,3.16,4.47,4.47,3.16,4.24,4.47,4.24,5.83,3.16,1.41,1.41,2.00,2.83,3.16,2.00,1.41,1.41,0.00,0.00,2.00,1.41,3.16,4.47,2.00,1.41,2.00,2.83,2.00,2.83,2.00,2.00,1.41,0.00,1.41,1.41,2.83,4.47,4.00,5.10,7.07,8.00,8.25,8.00,8.00,9.49,9.49,8.60,8.94,11.40,9.49,4.24,3.16,2.00,1.41,7.07,8.94,7.07,5.66,8.49,11.31,8.94,8.94,8.25,8.00,8.94,9.06,11.40,11.40,10.30,7.62,5.10,4.00,4.00,4.47,4.47,3.16,1.41,2.00,2.00,3.16,1.41,3.16,3.16,2.00,1.41,5.83,3.16,6.00,12.17,5.10,4.00,5.10,7.21,14.42,11.66,11.40,12.73,8.60,8.25,10.20,13.93,13.04,10.20,7.21,5.66,5.83,4.47,1.41,43.93,140.01,147.58,89.27,8.49,55.01,42.54,44.65,45.89,63.39,94.76,56.32,129.19,193.60,48.66,186.87,178.40,10.20,13.34,24.08,21.40,46.24,32.31,109.77,35.69,115.52,46.75,101.87,43.86,90.70,106.89,30.89,114.28,143.95,93.86,29.15,120.54,120.42,32.28,63.25,56.32,47.43,10.00,12.00
0.00,2.00,0.00,1.41,2.00,1.41,4.00,2.00,2.00,2.00,1.41,2.83,1.41,2.00,1.41,2.00,7.21,5.10,3.16,0.00,2.83,3.16,2.00,4.00,4.00,4.00,1.41,4.47,1.41,0.00,2.00,0.00,0.00,1.41,4.47,3.16,0.00,2.00,1.41,4.47,6.32,5.10,4.47,3.16,2.00,2.83,2.83,4.24,4.47,3.16,1.41,2.00,1.41,2.83,4.24,5.83,5.83,3.16,2.83,2.00,3.16,3.16,3.16,3.16,2.83,3.16,3.16,3.16,1.41,2.83,0.00,3.16,3.16,2.00,3.16,4.00,4.47,3.16,1.41,2.00,5.10,5.83,6.32,10.30,9.06,8.00,8.00,8.00,9.06,10.20,9.06,9.06,10.77,9.06,8.94,10.00,8.94,7.07,4.47,2.83,4.47,6.32,8.60,10.77,4.24,5.83,11.66,9.90,7.21,7.21,7.62,9.06,8.25,5.10,4.47,5.66,7.07,7.21,5.10,2.83,1.41,0.00,3.16,1.41,1.41,2.00,1.41,0.00,2.00,1.41,4.00,1.41,2.00,4.47,4.00,7.07,10.20,5.66,5.66,8.25,9.06,12.00,8.00,6.32,5.83,11.05,14.14,12.17,11.66,10.20,8.25,5.10,4.24,3.16,26.87,81.44,149.57,130.38,17.26,47.20,56.30,36.00,41.30,14.76,121.21,74.11,8.25,76.12,102.69,199.72,25.61,199.00,172.42,8.25,9.06,19.80,25.61,50.12,36.77,184.98,170.42,256.74,125.54,70.72,118.07,69.66,70.46,130.18,100.50,18.97,95.89,122.12,64.64,27.86,31.05,92.78,17.49,81.30,16.49,14.00
4.00,4.24,1.41,2.00,0.00,4.00,0.00,1.41,2.83,2.83,2.00,0.00,1.41,1.41,2.00,1.41,3.16,5.83,4.24,2.83,0.00,1.41,2.00,4.24,3.16,4.00,2.00,4.00,1.41,2.00,1.41,1.41,3.16,4.47,4.24,1.41,0.00,1.41,3.16,5.10,6.32,5.10,3.16,2.00,4.47,3.16,3.16,4.47,1.41,1.41,2.00,3.16,4.00,4.24,3.16,5.10,7.21,5.83,3.16,1.41,4.00,2.00,1.41,1.41,2.00,3.16,3.16,3.16,2.83,1.41,2.00,3.16,4.24,3.16,1.41,1.41,4.24,4.47,4.47,5.83,7.62,9.49,9.49,7.21,4.00,4.00,5.10,7.07,8.25,8.25,9.06,10.20,9.49,9.06,10.77,8.94,5.83,6.00,9.49,10.20,9.49,8.25,10.00,10.00,7.21,11.40,14.21,10.00,10.30,10.77,9.49,7.07,6.00,7.07,7.62,7.21,7.62,8.60,5.83,5.83,6.32,6.32,7.62,7.62,4.47,3.16,0.00,2.00,1.41,2.00,3.16,0.00,1.41,4.47,6.32,6.32,6.00,4.24,5.83,11.05,9.06,9.49,10.77,7.62,13.34,13.04,8.60,4.00,7.21,4.47,5.83,6.00,5.10,50.93,119.54,147.25,108.76,10.30,60.00,43.17,39.82,55.17,94.19,91.71,80.36,49.82,41.59,94.41,171.27,158.24,39.92,239.47,170.29,13.04,12.00,17.26,38.42,34.67,185.95,259.36,105.60,243.05,187.07,10.00,124.85,216.39,230.43,97.51,61.40,79.06,34.41,20.10,19.70,41.88,49.52,58.31,48.17,73.01,13.34,10.00
2.00,4.24,4.24,2.83,2.00,2.00,1.41,1.41,1.41,2.00,1.41,2.83,1.41,1.41,3.16,3.16,1.41,4.00,3.16,3.16,4.47,4.00,4.47,3.16,1.41,3.16,3.16,4.24,1.41,0.00,0.00,3.16,4.24,3.16,1.41,1.41,2.00,2.00,4.24,3.16,2.83,2.83,1.41,0.00,3.16,4.47,5.10,4.00,0.00,3.16,3.16,3.16,1.41,3.16,2.00,2.00,4.24,5.83,5.10,4.24,4.24,4.24,3.16,1.41,2.83,1.41,3.16,3.16,4.47,4.00,3.16,3.16,5.10,5.83,4.47,4.24,4.47,5.66,9.90,8.49,4.24,3.16,3.16,2.83,3.16,4.00,4.47,5.83,6.32,6.32,8.25,10.20,10.20,11.40,11.40,9.06,7.07,6.32,7.07,8.25,8.25,9.49,11.66,10.30,11.40,14.21,14.21,8.94,8.49,8.60,7.07,5.10,4.00,6.32,9.49,10.77,10.20,11.40,8.49,4.47,5.10,5.10,5.10,7.21,7.07,5.83,5.10,4.24,2.83,2.00,3.16,3.16,4.00,4.47,4.00,6.32,4.47,2.83,7.07,13.04,10.77,5.83,7.21,12.00,9.49,5.66,7.21,8.25,7.62,4.24,3.16,3.16,42.45,137.30,126.25,38.60,39.01,69.31,46.67,30.27,15.30,128.28,85.71,43.93,37.74,34.06,102.45,257.10,131.47,68.35,106.92,272.89,180.04,7.62,8.94,55.17,138.10,177.79,169.73,69.43,117.41,243.43,97.25,149.47,152.43,120.51,51.22,165.15,46.86,36.22,14.76,35.47,32.25,27.89,55.95,24.21,55.01,18.97,32.56,26.00
0.00,1.41,4.47,3.16,0.00,1.41,2.83,1.41,0.00,1.41,2.83,0.00,2.00,3.16,1.41,3.16,2.83,4.24,1.41,0.00,1.41,2.00,2.83,2.00,1.41,2.00,4.00,2.00,1.41,3.16,4.00,2.83,2.83,3.16,1.41,2.00,0.00,1.41,3.16,2.83,3.16,1.41,2.00,0.00,1.41,4.47,7.07,4.00,1.41,3.16,1.41,1.41,1.41,2.83,2.00,2.00,3.16,6.00,7.62,7.21,6.32,7.21,7.21,4.00,1.41,1.41,3.16,3.16,3.16,0.00,1.41,3.16,4.00,5.83,7.07,8.94,9.49,11.66,10.00,4.47,1.41,2.83,5.10,5.10,5.83,7.07,7.07,7.21,7.62,9.49,10.77,10.20,11.40,11.40,9.06,8.00,7.07,4.00,4.47,7.62,8.25,10.30,10.30,8.94,11.31,12.81,11.31,6.00,4.47,6.00,0.00,1.41,3.16,7.07,7.07,8.60,5.83,8.60,9.90,8.25,7.07,5.10,3.16,4.47,5.66,6.32,5.83,5.66,4.47,4.00,3.16,4.00,7.62,5.66,3.16,3.16,5.83,5.66,9.06,16.12,12.65,2.00,7.21,6.32,2.83,5.10,4.24,5.66,4.00,5.66,41.11,96.14,134.24,129.07,3.16,72.11,62.80,40.50,45.61,21.95,97.69,89.84,45.54,53.01,1.41,5.83,171.81,179.25,130.12,76.49,110.06,275.09,192.04,3.16,14.42,154.02,188.99,106.67,94.25,123.97,82.10,161.28,154.32,113.21,89.81,226.32,215.82,126.75,8.94,35.69,17.03,35.44,51.42,10.30,62.03,58.05,14.14,42.00,33.11,16.00
0.00,0.00,3.16,4.24,3.16,1.41,1.41,2.00,2.00,2.00,1.41,2.00,0.00,3.16,1.41,2.00,4.24,1.41,1.41,3.16,3.16,1.41,3.16,2.00,2.83,4.24,3.16,3.16,2.00,2.00,0.00,1.41,2.00,2.83,3.16,2.00,1.41,3.16,1.41,4.47,2.00,2.00,1.41,0.00,0.00,4.00,8.00,4.00,1.41,3.16,4.00,3.16,1.41,2.00,1.41,3.16,3.16,2.83,4.47,7.62,7.21,5.83,4.24,4.47,4.00,3.16,2.00,4.24,2.83,1.41,4.24,5.83,6.00,7.07,8.00,9.49,10.20,7.62,4.24,2.00,2.00,5.83,4.47,4.00,5.66,5.83,7.07,8.94,10.30,10.77,9.49,9.49,12.08,11.05,9.06,8.00,8.25,7.62,7.21,8.60,9.49,11.66,10.77,10.77,11.40,11.40,8.60,6.00,8.25,5.83,3.16,6.32,8.25,7.21,4.00,7.07,7.21,8.94,12.08,12.17,11.40,9.49,7.21,5.66,6.00,7.62,7.07,5.66,4.24,1.41,3.16,7.62,8.94,5.66,4.00,4.00,4.47,5.83,10.20,17.03,8.94,8.60,4.24,3.16,4.24,5.66,4.24,3.16,1.41,53.91,132.80,128.16,57.43,36.80,61.06,60.22,25.30,42.05,80.96,95.63,111.52,14.56,26.57,10.20,3.16,3.16,183.32,132.74,45.28,106.02,24.04,256.50,222.89,57.71,53.85,144.01,169.20,147.65,26.83,58.00,37.74,25.50,47.52,87.82,187.63,53.14,112.29,38.00,9.06,22.36,24.04,39.70,46.17,21.59,59.41,55.44,19.70,58.31,36.06,82.00
4.00,3.16,2.83,3.16,4.47,2.83,0.00,1.41,3.16,1.41,2.00,1.41,0.00,1.41,3.16,3.16,0.00,2.00,2.83,4.24,4.47,4.24,3.16,0.00,2.00,4.00,2.00,4.00,1.41,3.16,3.16,1.41,0.00,1.41,2.00,3.16,2.00,3.16,2.00,3.16,1.41,1.41,1.41,1.41,0.00,3.16,7.62,5.66,5.10,6.00,4.47,2.83,3.16,3.16,2.83,2.83,2.83,3.16,3.16,1.41,6.00,6.00,1.41,2.83,1.41,2.00,5.10,3.16,4.24,7.62,7.62,7.21,6.00,6.00,7.07,8.25,7.62,5.10,5.83,6.00,6.00,7.07,3.16,4.47,7.21,7.21,7.62,10.30,13.04,11.40,10.20,10.77,10.30,9.06,10.20,10.00,11.05,12.65,11.40,11.66,12.08,12.08,9.49,8.94,10.00,9.90,7.07,5.83,6.32,6.00,7.62,10.30,10.20,7.07,4.00,6.32,8.94,8.25,8.94,7.62,7.62,9.49,11.40,8.60,5.10,5.83,8.49,7.07,5.66,4.24,5.10,8.00,8.00,4.00,1.41,4.47,7.62,6.32,7.07,13.42,12.17,12.17,9.06,8.25,8.25,8.94,8.94,44.05,95.52,136.86,99.16,11.40,68.41,50.36,24.00,36.22,105.39,98.08,102.18,103.16,46.52,7.62,16.49,9.49,2.00,7.21,156.16,96.88,31.62,100.21,64.88,199.02,255.48,54.57,53.37,42.43,111.40,34.18,107.52,71.18,113.23,117.00,115.04,65.51,132.24,14.00,117.11,32.06,5.10,12.17,6.32,23.54,24.41,32.56,40.20,45.61,41.11,99.33,199.48,206.00
4.00,4.24,3.16,0.00,1.41,4.24,4.00,4.47,2.00,1.41,1.41,0.00,0.00,1.41,3.16,2.83,3.16,2.00,1.41,2.83,3.16,3.16,1.41,2.00,1.41,3.16,2.83,3.16,1.41,3.16,4.47,3.16,1.41,1.41,3.16,4.24,1.41,2.00,0.00,1.41,2.83,3.16,3.16,3.16,3.16,1.41,5.10,4.24,3.16,1.41,4.00,2.00,1.41,2.00,0.00,3.16,4.47,6.32,9.06,9.06,7.21,3.16,2.00,3.16,3.16,2.83,4.00,4.00,9.90,8.94,7.07,5.83,3.16,2.00,5.66,6.32,7.21,8.00,10.77,11.05,12.00,9.06,6.00,8.60,7.62,7.21,10.00,13.04,13.04,9.06,9.49,10.77,8.25,6.32,7.07,8.00,9.06,10.77,9.06,10.00,10.00,7.62,5.10,7.07,9.90,8.60,5.83,5.66,5.83,7.07,7.62,7.07,5.83,7.62,7.07,6.00,7.21,5.83,5.66,5.66,4.47,4.47,8.60,11.66,7.21,3.16,7.07,8.60,5.66,5.66,7.21,8.94,8.94,5.83,3.16,4.00,3.16,3.16,6.32,12.08,13.04,11.05,10.20,9.49,7.62,7.21,39.82,113.22,94.37,45.34,22.85,53.01,32.89,38.21,77.37,103.32,96.04,32.25,14.56,7.62,21.54,10.30,17.03,11.05,2.00,19.65,123.69,130.23,109.55,132.61,76.03,170.70,212.25,22.09,121.33,159.81,243.26,146.51,106.45,189.51,73.39,18.44,17.09,11.05,136.13,16.00,117.21,30.59,5.83,13.93,9.49,21.95,26.68,19.24,46.07,70.84,181.29,194.16,134.46,26.00
0.00,4.00,3.16,2.00,1.41,1.41,2.00,1.41,2.00,0.00,2.00,0.00,0.00,2.00,1.41,3.16,3.16,2.00,1.41,1.41,1.41,1.41,1.41,1.41,2.00,2.83,2.83,3.16,4.47,4.47,3.16,2.83,3.16,4.47,3.16,1.41,0.00,2.00,0.00,0.00,1.41,4.47,4.47,3.16,4.24,2.00,4.47,2.83,2.00,1.41,4.00,1.41,2.83,1.41,2.00,0.00,3.16,5.83,4.00,4.47,4.47,3.16,2.00,4.47,2.00,3.16,6.00,8.25,8.49,7.07,7.07,6.00,4.47,5.10,7.07,5.10,7.62,9.49,9.49,7.07,6.00,5.83,3.16,6.32,5.66,8.60,12.73,12.81,10.30,8.00,8.94,10.30,11.05,9.06,5.10,5.10,6.32,7.21,5.10,8.60,8.49,7.62,10.20,12.08,11.40,8.94,8.25,8.94,8.94,8.25,7.07,5.83,5.66,6.00,8.25,6.32,5.66,5.66,5.66,5.66,4.24,3.16,2.00,7.21,11.40,5.10,5.66,8.60,7.62,8.94,10.00,11.31,11.40,11.66,10.77,11.40,12.17,11.05,10.00,11.05,11.40,8.94,5.83,5.66,42.80,94.15,115.88,77.83,30.53,51.42,26.31,38.63,56.64,140.98,109.18,62.43,18.44,35.36,19.24,10.30,23.41,18.00,24.17,48.10,60.00,53.76,85.80,108.41,92.35,133.70,45.54,214.22,138.13,83.23,204.35,160.12,72.40,195.24,270.21,123.17,47.01,8.25,9.90,18.44,132.74,17.49,112.45,32.25,1.41,17.03,7.21,12.17,19.03,44.38,175.39,208.73,149.93,4.00,70.84,78.00
0.00,3.16,3.16,3.16,3.16,0.00,0.00,0.00,1.41,2.00,1.41,0.00,0.00,1.41,2.00,1.41,1.41,2.00,2.83,3.16,4.47,4.00,4.24,2.83,4.47,2.83,3.16,4.00,3.16,1.41,0.00,1.41,2.00,1.41,0.00,0.00,0.00,1.41,1.41,0.00,1.41,4.47,3.16,1.41,1.41,4.00,2.83,2.00,1.41,1.41,2.83,4.00,5.10,6.32,4.00,2.00,4.47,4.00,2.00,1.41,3.16,4.00,5.10,2.83,2.83,6.32,8.25,7.07,5.83,7.21,4.47,4.47,5.10,7.62,7.62,6.00,7.07,8.94,8.25,6.32,4.00,6.32,7.21,4.47,8.25,10.00,12.81,11.31,8.94,8.00,8.94,10.00,8.25,8.94,7.62,5.10,3.16,4.47,4.00,11.40,8.60,8.60,11.66,11.40,8.94,7.21,7.62,8.94,7.62,7.62,9.06,9.06,7.62,6.32,7.07,8.60,7.07,5.66,5.66,5.66,5.66,5.83,5.10,4.24,8.94,6.32,7.21,8.49,6.32,7.62,10.00,11.40,12.08,13.93,15.30,17.03,17.26,14.14,11.05,8.25,7.21,8.49,7.21,38.42,123.04,114.49,62.29,10.20,44.92,19.80,59.48,95.01,139.79,101.86,50.70,21.02,10.30,39.62,23.54,15.23,28.07,72.03,85.04,102.62,74.24,53.67,128.81,125.23,80.62,91.08,95.60,143.42,102.53,128.06,76.94,144.89,279.41,279.98,144.25,37.01,54.57,20.00,9.06,13.04,120.81,24.41,89.05,33.62,5.83,31.02,22.85,27.46,131.61,191.44,166.90,77.18,46.52,83.20,55.23,6.00
4.00,4.47,3.16,2.83,4.24,4.00,4.00,3.16,2.00,3.16,3.16,2.00,2.00,1.41,0.00,0.00,1.41,2.00,2.83,2.00,1.41,0.00,3.16,3.16,5.66,3.16,1.41,0.00,0.00,0.00,1.41,2.00,1.41,0.00,0.00,0.00,0.00,0.00,2.00,0.00,2.00,4.00,2.00,0.00,3.16,3.16,3.16,0.00,2.83,1.41,0.00,0.00,0.00,2.00,2.00,0.00,3.16,3.16,4.00,3.16,4.24,5.10,6.32,8.25,10.77,9.49,7.07,7.07,9.49,8.94,5.10,6.00,9.06,9.49,9.49,11.05,12.00,11.40,10.20,11.40,12.00,12.00,13.42,10.00,10.00,9.49,10.20,9.49,5.66,5.10,7.21,7.07,4.47,6.32,8.94,6.32,4.00,5.83,7.62,12.81,10.30,8.94,7.21,5.66,7.62,8.94,7.62,7.21,7.62,7.62,6.32,6.00,5.10,3.16,1.41,5.10,5.83,5.83,7.62,8.94,8.60,7.07,8.00,8.49,7.07,7.07,8.94,10.00,7.62,6.32,8.60,10.00,9.49,11.40,12.17,12.00,12.65,12.08,8.94,7.07,5.66,40.22,95.80,130.55,100.42,26.91,60.42,24.41,32.06,76.37,182.48,138.92,61.40,27.78,54.59,41.76,21.59,50.00,25.30,7.07,33.73,57.69,89.50,100.17,127.19,88.57,159.81,70.77,97.67,33.62,11.66,65.19,77.78,54.33,141.03,135.57,82.04,51.22,24.08,36.22,55.23,26.83,15.03,17.09,88.09,31.40,50.16,15.23,18.87,66.89,150.33,200.36,174.73,81.94,33.62,105.69,52.40,34.06,88.81,114.00
8.00,7.62,5.66,2.83,3.16,3.16,2.00,3.16,4.00,4.47,4.47,4.00,4.00,4.47,3.16,1.41,2.00,1.41,2.83,2.00,2.00,1.41,1.41,2.00,3.16,0.00,2.00,0.00,1.41,3.16,3.16,1.41,2.00,0.00,0.00,0.00,0.00,0.00,1.41,3.16,3.16,3.16,4.47,4.00,1.41,3.16,1.41,3.16,2.00,1.41,3.16,3.16,2.00,4.24,2.00,0.00,2.00,4.00,5.10,8.00,11.05,12.00,11.05,10.77,12.08,12.17,12.00,12.17,11.40,9.06,8.00,9.49,11.40,12.17,13.93,15.30,16.00,14.00,10.00,9.06,10.00,10.00,12.65,14.14,12.65,8.60,8.25,10.00,5.10,4.24,5.66,5.66,5.83,7.07,9.49,11.40,12.00,13.04,14.56,13.04,8.60,7.62,7.62,7.07,7.07,7.21,6.32,8.60,8.94,7.07,4.00,1.41,2.83,4.00,2.00,4.00,2.83,6.00,8.25,8.94,10.30,10.00,9.06,11.31,8.94,8.00,8.94,10.30,10.77,9.49,8.94,10.00,9.06,10.20,8.94,4.47,5.10,6.00,6.00,6.00,31.24,108.93,111.36,52.04,33.11,82.07,41.30,75.15,134.37,171.35,123.00,39.22,36.88,14.14,18.11,62.82,31.02,80.62,57.01,106.68,144.31,148.65,34.41,92.02,84.34,68.03,152.12,121.75,46.86,64.64,145.79,105.99,169.45,83.35,40.50,27.86,34.00,32.98,7.21,40.00,50.00,16.12,16.00,19.24,44.05,32.65,31.24,36.25,154.20,204.47,172.80,85.71,32.31,65.92,68.88,100.65,143.11,145.50,31.14,50.00
4.00,5.66,7.21,4.24,1.41,2.00,0.00,1.41,2.00,1.41,1.41,2.00,2.00,3.16,4.47,4.47,3.16,2.83,4.00,6.00,5.10,4.47,4.00,4.00,3.16,1.41,1.41,3.16,5.83,6.32,4.47,2.83,3.16,4.00,4.00,3.16,2.00,2.00,1.41,3.16,2.00,1.41,6.00,1.41,2.83,2.00,1.41,3.16,2.83,4.24,3.16,3.16,0.00,3.16,2.83,1.41,3.16,3.16,4.47,5.83,7.07,8.00,9.06,10.77,11.66,11.40,13.04,14.14,13.04,12.00,13.04,14.56,13.34,12.17,13.42,12.65,12.00,12.17,11.40,9.06,8.00,8.00,9.06,11.05,11.05,9.06,8.60,8.94,6.32,5.83,5.66,5.66,4.24,2.83,3.16,5.10,7.07,9.06,10.77,9.49,7.62,7.21,6.32,5.83,7.21,5.66,5.83,8.49,5.83,3.16,3.16,2.00,4.00,0.00,4.47,6.32,8.00,8.25,7.62,7.21,7.62,7.07,6.32,10.00,11.40,11.05,10.30,8.60,7.21,7.21,7.21,9.49,12.00,10.77,10.00,6.32,5.10,6.32,23.32,62.10,90.35,84.38,28.64,77.67,61.61,34.00,70.77,199.62,137.03,52.35,44.27,55.23,5.83,9.49,17.09,91.92,29.12,129.19,92.09,98.49,37.01,106.47,110.54,20.59,108.98,82.33,77.94,124.74,67.68,79.25,152.79,179.20,245.05,21.40,19.24,18.44,24.70,26.68,2.00,40.00,49.01,8.00,7.21,7.07,19.03,45.28,123.49,181.73,188.99,100.17,23.41,86.21,67.01,62.24,105.00,130.12,63.15,172.90,208.89,234.00
0.00,4.00,4.47,5.66,4.47,1.41,2.00,1.41,1.41,3.16,4.00,3.16,2.00,3.16,5.10,7.07,8.00,7.07,6.32,5.10,4.47,5.10,6.00,6.00,6.00,6.32,5.10,4.47,4.24,1.41,2.83,5.10,5.10,5.10,6.00,5.83,4.00,5.10,6.32,4.47,2.00,3.16,4.47,1.41,1.41,0.00,2.00,1.41,2.83,2.00,2.00,2.00,2.00,1.41,1.41,4.24,4.24,4.24,4.47,2.83,3.16,4.47,7.62,8.94,8.60,7.21,8.94,11.40,12.00,12.00,13.34,14.56,13.04,12.17,12.08,9.49,8.00,9.06,11.40,12.17,11.05,9.06,8.00,8.00,8.00,8.00,6.32,4.47,6.00,6.00,4.00,5.10,2.83,1.41,0.00,0.00,2.00,3.16,4.47,4.24,5.83,5.83,4.47,5.83,8.49,7.21,7.21,5.66,1.41,3.16,4.47,0.00,6.00,10.00,7.62,5.10,6.00,6.32,7.21,7.07,4.47,4.47,5.10,8.25,10.20,9.49,10.00,10.00,9.49,10.77,10.30,8.00,7.07,8.60,10.77,8.94,5.83,26.83,83.87,95.85,58.86,10.00,38.29,50.77,24.21,121.08,190.77,139.63,27.20,54.92,14.56,6.32,3.16,4.47,19.03,74.03,99.25,160.00,18.87,126.30,142.34,110.31,30.36,82.07,77.83,12.17,25.02,104.96,167.73,171.42,119.04,251.15,265.15,18.60,18.60,9.49,16.12,22.00,4.24,38.47,45.01,10.20,7.21,19.80,67.90,99.37,144.36,95.80,10.77,100.58,72.18,51.22,72.03,25.81,62.29,130.14,234.78,279.03,137.30,44.00
0.00,3.16,2.83,4.24,7.07,5.10,4.00,4.00,4.47,5.83,6.00,5.83,5.10,6.32,5.10,4.00,4.00,4.00,3.16,2.83,3.16,4.00,3.16,2.00,2.00,3.16,5.10,4.00,0.00,1.41,2.83,3.16,3.16,2.00,0.00,2.83,5.10,5.10,4.47,4.00,5.10,5.10,2.00,1.41,1.41,2.83,2.00,0.00,3.16,1.41,0.00,1.41,2.00,2.00,2.00,4.47,2.83,3.16,3.16,3.16,4.24,4.47,4.47,4.47,5.83,5.66,7.21,5.66,4.00,5.10,7.21,7.21,7.07,9.49,9.49,6.00,5.10,7.07,9.06,10.20,10.20,10.20,9.06,8.00,7.07,6.00,5.10,2.00,7.07,5.10,3.16,7.07,3.16,2.00,2.00,2.00,4.24,7.07,5.83,4.24,4.47,5.66,8.94,9.49,5.83,4.47,4.47,1.41,0.00,4.00,4.00,2.00,5.10,3.16,4.00,3.16,2.00,2.83,4.47,6.32,3.16,5.10,5.10,4.00,4.24,5.10,4.47,7.21,8.25,8.94,9.90,4.47,2.83,8.25,9.49,16.49,51.26,75.64,56.73,27.89,49.03,30.36,32.80,25.50,136.03,171.03,96.18,4.00,34.67,20.10,12.65,7.62,28.32,31.78,69.86,127.91,147.87,62.48,101.13,83.68,59.68,24.33,21.95,56.57,47.52,7.07,79.92,121.00,151.00,271.59,91.93,304.03,273.02,10.77,10.20,10.00,12.65,22.14,15.62,42.54,42.54,5.10,39.82,69.86,96.60,103.47,12.17,86.73,59.08,72.40,98.06,57.01,69.53,169.45,210.74,201.00,136.62,64.90,16.12,18.00
0.00,2.00,2.00,1.41,5.10,7.62,5.10,5.10,6.32,5.83,4.00,5.83,6.32,5.10,4.47,3.16,2.00,2.00,1.41,1.41,2.00,2.00,2.83,2.00,2.00,2.00,3.16,4.47,4.47,4.47,4.24,3.16,4.00,2.00,1.41,4.47,6.32,4.47,2.83,3.16,4.47,2.83,2.00,1.41,2.83,4.47,2.83,2.00,4.47,3.16,3.16,1.41,0.00,1.41,2.00,2.00,3.16,2.00,4.00,4.47,4.47,4.24,3.16,4.00,7.07,4.47,5.10,4.00,1.41,3.16,5.10,4.47,4.24,4.24,1.41,1.41,4.24,4.47,4.00,4.47,5.10,7.07,8.25,7.07,6.32,7.07,9.06,9.49,7.07,3.16,2.00,7.07,4.47,1.41,0.00,1.41,5.83,8.60,7.62,7.07,5.83,7.21,8.60,6.32,6.00,5.83,2.83,0.00,0.00,4.00,3.16,2.83,4.00,3.16,3.16,1.41,0.00,1.41,4.47,5.10,1.41,4.47,7.62,8.00,8.94,8.60,4.00,2.83,4.24,4.24,7.07,5.10,2.83,7.07,16.55,56.04,74.09,45.61,17.26,42.64,29.83,29.83,7.62,130.21,143.01,23.19,89.68,51.01,11.31,17.72,12.65,49.48,27.17,113.65,134.01,108.66,31.78,73.43,73.06,43.93,47.01,15.62,19.24,62.82,41.11,3.16,182.94,206.32,203.42,254.91,66.71,341.77,283.02,7.62,8.00,12.17,11.05,17.26,21.95,83.76,163.44,159.73,30.07,29.12,63.66,94.19,33.02,35.61,111.21,96.18,55.44,170.42,211.09,142.24,35.78,7.07,6.32,4.24,5.10,6.00
2.00,3.16,1.41,2.00,2.83,4.47,2.83,4.24,3.16,1.41,1.41,2.83,1.41,1.41,3.16,4.24,2.00,2.00,2.83,3.16,3.16,1.41,1.41,2.00,2.00,1.41,1.41,0.00,3.16,3.16,1.41,3.16,4.24,4.47,4.47,4.24,1.41,3.16,3.16,3.16,1.41,3.16,4.00,6.00,4.00,3.16,1.41,2.00,3.16,0.00,2.00,0.00,0.00,3.16,3.16,2.83,3.16,3.16,3.16,6.32,4.00,2.83,1.41,3.16,7.21,7.62,8.94,8.94,7.07,7.21,8.49,7.07,5.66,4.47,4.00,3.16,5.10,2.00,0.00,1.41,3.16,4.00,5.10,6.32,7.07,9.49,10.00,11.40,10.00,7.07,6.32,5.66,3.16,3.16,3.16,5.83,7.07,7.62,7.21,7.07,7.07,5.66,7.07,3.16,3.16,3.16,1.41,0.00,1.41,4.47,1.41,2.00,1.41,2.00,3.16,5.10,6.00,6.00,7.21,10.00,13.93,20.25,22.36,21.02,19.24,15.03,10.77,7.07,5.83,4.47,5.83,6.32,4.24,17.03,63.89,54.20,10.30,33.38,39.45,20.00,92.66,114.63,117.88,148.19,46.24,79.06,42.38,62.63,6.32,22.14,40.79,103.04,170.47,108.05,72.57,99.37,57.57,69.07,8.49,21.40,14.42,18.60,31.62,64.51,13.34,83.63,188.60,138.36,49.34,151.08,106.48,358.01,291.02,5.83,2.83,10.77,11.40,23.54,146.22,213.10,141.17,125.28,102.18,92.35,82.87,93.38,112.09,104.39,45.34,160.06,250.06,180.36,78.24,7.07,17.72,12.08,12.81,7.62,17.03,8.00
4.00,5.66,4.00,5.10,4.00,4.24,6.00,7.62,5.10,4.00,4.47,4.24,1.41,2.00,0.00,3.16,2.00,2.00,3.16,4.47,4.47,4.47,4.00,3.16,1.41,2.00,0.00,2.00,0.00,0.00,0.00,1.41,3.16,3.16,2.83,1.41,2.83,3.16,1.41,0.00,0.00,2.00,4.47,3.16,2.83,1.41,1.41,2.00,0.00,2.00,0.00,3.16,3.16,2.00,2.83,3.16,2.00,3.16,4.00,8.60,10.00,8.25,8.00,9.06,11.40,12.17,14.14,17.26,15.30,12.08,12.08,13.42,12.08,9.49,8.00,8.25,10.00,7.62,4.47,2.00,2.83,2.00,3.16,5.10,7.07,8.94,8.00,9.06,11.05,12.00,10.00,7.07,6.32,5.83,5.83,7.21,7.21,8.49,8.60,7.21,10.20,11.05,7.62,2.83,1.41,2.00,2.83,2.00,2.83,4.47,2.00,3.16,4.00,3.16,2.00,3.16,5.10,8.25,12.08,17.20,20.59,22.36,22.80,24.08,20.10,14.56,13.04,8.25,5.10,4.47,2.83,20.25,50.22,62.03,41.40,16.55,30.00,25.96,38.42,135.83,152.32,126.25,96.08,62.61,17.89,81.01,17.03,82.38,35.44,102.18,145.03,132.10,38.60,96.26,129.32,151.33,1.41,89.29,19.24,10.30,9.90,17.49,43.27,26.31,30.23,38.18,139.46,182.04,111.40,151.16,166.98,357.74,283.14,3.16,7.62,25.46,128.70,209.06,196.66,110.31,76.69,132.44,55.80,176.18,172.10,60.00,53.85,142.61,213.49,189.89,98.41,6.32,4.00,12.65,26.57,14.76,11.40,9.49,24.70,16.00
2.00,4.24,4.00,4.47,4.24,3.16,5.83,5.10,5.10,5.10,2.00,3.16,3.16,4.47,4.00,4.47,3.16,2.00,2.00,1.41,1.41,3.16,4.00,4.24,2.83,4.00,5.10,3.16,2.00,2.00,3.16,4.00,3.16,1.41,2.00,0.00,4.00,0.00,3.16,2.00,1.41,2.00,1.41,2.83,1.41,0.00,2.00,0.00,2.00,0.00,3.16,2.83,2.83,1.41,2.00,2.00,2.00,2.00,4.47,5.83,8.94,12.00,15.03,16.00,15.30,13.34,13.04,15.03,17.72,19.65,19.65,18.38,16.12,12.08,10.00,9.49,10.00,8.94,8.60,7.21,2.83,2.00,4.00,4.47,6.32,7.21,7.07,8.00,8.00,8.00,9.06,10.00,10.20,10.20,9.49,8.94,10.30,11.66,8.94,7.07,5.66,4.00,4.00,2.83,2.83,5.10,6.32,6.00,6.32,5.83,4.00,3.16,2.00,3.16,4.00,5.83,7.62,10.30,14.42,19.85,22.80,22.36,22.85,23.02,22.36,15.62,11.40,7.21,6.00,8.94,22.36,69.31,57.27,18.87,30.46,44.94,29.43,89.84,165.08,150.90,64.28,22.67,38.05,20.00,16.00,69.07,13.93,56.57,152.12,176.96,52.33,141.74,167.49,100.85,42.76,160.31,36.00,96.08,13.93,6.32,3.16,27.20,63.15,53.54,94.34,137.36,177.79,176.28,43.01,145.77,136.06,346.55,253.33,17.49,125.10,195.49,191.13,109.25,29.83,89.01,78.45,113.03,200.61,154.51,14.56,149.46,192.44,182.16,108.45,18.44,7.07,12.81,8.60,15.23,28.64,10.00,6.00,7.07,18.44,16.00
4.00,4.47,3.16,1.41,3.16,2.00,3.16,0.00,0.00,2.00,3.16,2.83,2.00,4.24,4.00,4.24,2.83,2.00,1.41,0.00,0.00,0.00,0.00,3.16,3.16,4.47,4.24,2.00,3.16,4.00,4.47,3.16,2.83,3.16,3.16,1.41,3.16,3.16,5.66,3.16,3.16,1.41,2.00,1.41,0.00,0.00,1.41,1.41,1.41,1.41,3.16,3.16,3.16,1.41,2.00,2.00,1.41,2.83,2.83,3.16,4.47,5.83,7.62,7.07,7.21,8.25,10.20,10.00,12.17,16.12,18.97,19.24,18.87,16.55,12.17,10.77,11.66,10.30,10.00,11.31,7.62,5.10,8.25,6.32,3.16,4.47,5.66,7.07,8.00,8.00,9.06,11.05,12.17,12.17,12.17,13.93,15.23,12.65,9.06,6.32,2.83,1.41,2.00,3.16,6.32,8.60,10.20,9.06,7.07,5.10,5.10,6.32,6.00,7.07,8.00,11.66,15.23,15.81,17.20,21.21,25.46,23.71,18.97,10.77,16.49,15.03,9.06,4.24,20.00,48.76,66.24,51.11,20.00,51.40,44.05,25.50,137.41,148.22,104.31,32.56,17.49,30.59,40.20,21.59,7.62,61.40,47.43,115.41,104.40,63.32,194.37,158.49,48.83,14.21,14.14,128.06,38.21,78.10,10.20,47.01,98.67,126.85,118.60,123.69,62.48,84.38,209.58,206.24,74.53,172.19,42.43,336.25,149.97,189.24,181.14,104.62,21.21,88.65,59.67,100.66,153.06,148.66,39.12,99.57,188.68,169.59,59.08,13.93,25.50,15.81,8.60,11.31,8.25,12.65,30.27,10.00,4.47,2.00,10.20,2.00
4.00,4.24,3.16,0.00,1.41,2.00,2.83,2.00,1.41,1.41,4.24,4.47,4.24,3.16,0.00,3.16,2.83,2.00,2.83,1.41,0.00,0.00,0.00,1.41,2.00,1.41,3.16,2.00,2.83,2.00,1.41,2.00,1.41,2.00,2.00,3.16,4.24,1.41,3.16,1.41,3.16,1.41,0.00,0.00,0.00,0.00,0.00,2.00,1.41,2.83,0.00,1.41,1.41,2.00,3.16,2.00,1.41,2.83,2.83,1.41,2.00,4.00,4.00,3.16,3.16,1.41,2.83,2.00,1.41,0.00,4.47,9.90,14.42,16.12,13.42,10.00,8.49,8.60,8.25,8.00,5.10,4.24,9.49,7.07,1.41,4.47,6.32,5.66,7.07,9.06,10.20,10.20,10.20,10.20,10.20,11.66,10.30,7.07,6.00,5.10,3.16,4.00,4.47,5.10,7.62,9.49,4.47,4.24,1.41,1.41,3.16,4.47,10.20,13.34,13.04,13.04,17.03,18.97,19.70,19.80,19.24,9.49,3.16,12.81,17.89,13.34,5.83,13.93,61.85,53.24,11.40,44.05,57.01,14.21,113.77,171.03,171.27,65.44,4.00,2.00,2.83,35.01,83.19,118.07,163.08,139.64,74.67,56.92,120.02,172.54,138.81,35.81,74.11,12.65,12.65,92.35,32.31,33.53,17.89,87.48,129.28,135.44,65.07,125.51,141.03,69.64,137.03,173.07,10.30,157.08,48.08,311.08,66.48,108.16,30.23,83.49,59.40,90.79,183.52,151.24,8.25,127.48,170.42,141.87,100.65,33.14,25.30,16.97,28.18,8.60,12.17,10.20,10.77,8.94,30.00,10.00,4.24,3.16,8.94,6.00
2.00,3.16,4.00,1.41,3.16,3.16,2.83,3.16,4.24,1.41,1.41,3.16,3.16,2.83,2.00,2.83,2.83,2.00,3.16,4.24,2.00,3.16,3.16,1.41,0.00,0.00,1.41,2.00,1.41,0.00,0.00,1.41,2.00,1.41,0.00,1.41,4.47,2.00,2.83,2.00,3.16,4.24,1.41,0.00,1.41,3.16,3.16,0.00,2.83,1.41,2.00,2.00,3.16,2.00,2.00,3.16,4.24,4.00,1.41,3.16,1.41,3.16,4.24,2.83,1.41,0.00,3.16,4.00,5.83,7.07,7.07,4.47,4.00,7.62,9.49,10.00,6.32,8.25,11.40,8.94,8.60,7.21,7.21,6.32,4.24,5.66,7.21,7.21,5.83,7.62,9.49,11.40,12.17,12.17,11.05,8.94,5.83,4.00,3.16,3.16,2.00,6.00,5.10,4.47,8.49,10.30,4.47,5.66,4.47,4.24,5.83,12.81,15.23,15.30,15.03,17.09,19.85,18.87,18.97,14.76,6.00,13.04,17.26,15.81,13.04,25.81,48.33,57.57,47.85,21.21,63.78,48.08,53.14,167.26,179.08,132.22,64.20,5.83,5.83,4.24,0.00,27.31,128.06,145.77,151.91,126.14,75.01,85.51,99.49,50.99,36.06,12.73,69.01,10.30,12.00,64.56,30.36,32.89,77.78,97.62,108.81,109.88,156.01,76.16,56.89,59.23,153.84,155.93,43.91,169.52,90.52,253.78,44.72,64.28,52.84,129.63,241.67,193.93,15.03,164.73,229.17,177.88,74.95,4.47,44.92,34.21,29.73,18.87,30.00,19.03,41.04,41.01,33.97,6.32,23.19,15.23,3.16,8.00,64.64,96.00
0.00,1.41,4.24,4.47,4.47,4.24,1.41,2.00,3.16,2.83,1.41,1.41,3.16,3.16,1.41,2.00,2.00,4.00,3.16,4.24,4.00,3.16,2.83,2.83,1.41,0.00,0.00,0.00,0.00,1.41,1.41,1.41,2.00,4.00,6.00,3.16,4.00,2.83,3.16,2.00,2.00,3.16,2.00,0.00,2.00,2.00,1.41,2.83,0.00,2.00,0.00,2.83,4.47,2.00,1.41,1.41,4.47,6.32,1.41,4.00,2.83,5.10,7.07,7.07,4.47,2.83,4.47,6.00,5.83,4.47,5.10,7.07,7.07,8.49,11.66,12.08,8.60,10.00,12.08,7.62,7.07,5.10,5.83,7.21,5.66,5.66,7.21,5.83,4.47,5.83,5.66,7.07,7.62,7.07,6.00,5.10,3.16,2.00,2.83,4.47,2.83,6.32,8.00,7.21,9.90,11.31,9.49,10.77,9.49,9.49,13.04,18.44,17.20,19.65,24.08,25.50,24.17,20.59,13.34,5.83,5.83,10.00,10.20,6.32,32.80,66.60,63.13,32.56,7.07,29.97,24.08,125.42,198.86,157.08,24.70,17.03,8.25,5.66,4.47,42.80,115.55,150.48,145.67,161.21,25.06,145.50,109.59,23.19,41.76,21.59,51.24,19.24,80.62,19.65,20.25,83.35,93.05,116.62,85.71,33.62,61.20,85.16,32.56,95.71,74.97,6.00,169.50,146.70,49.58,135.80,142.24,177.79,25.30,78.41,179.62,154.30,54.13,208.70,285.39,231.62,95.34,27.46,6.32,1.41,33.14,23.71,14.42,8.60,21.26,25.02,65.80,49.09,63.07,8.25,15.81,34.00,62.77,129.10,249.02,262.00
2.00,1.41,2.00,3.16,1.41,3.16,1.41,1.41,0.00,3.16,4.24,2.83,4.24,2.83,3.16,1.41,2.00,0.00,2.00,1.41,2.00,1.41,1.41,3.16,4.24,1.41,0.00,0.00,1.41,2.83,1.41,2.00,0.00,2.00,0.00,3.16,4.24,4.00,2.83,2.83,4.00,3.16,1.41,1.41,3.16,4.47,3.16,0.00,3.16,4.00,4.47,4.47,4.24,2.00,2.83,2.83,4.24,7.21,4.24,4.47,7.21,6.00,6.00,8.00,10.77,8.00,8.60,9.06,8.00,6.32,8.94,10.20,9.06,10.00,11.40,8.94,10.77,11.40,10.00,5.83,5.10,7.07,7.62,5.83,3.16,4.00,6.00,4.00,4.00,7.07,5.83,4.47,2.83,3.16,2.00,2.00,1.41,0.00,1.41,4.47,4.00,8.94,13.04,12.73,14.21,14.42,12.65,14.14,18.11,20.10,18.97,18.44,16.97,18.60,19.65,19.24,19.70,15.81,8.49,11.40,8.60,7.62,24.04,38.21,52.33,58.14,8.60,30.53,28.60,33.94,141.68,169.07,112.51,24.70,20.25,6.32,2.83,3.16,72.47,188.81,191.46,121.04,12.81,134.36,147.09,158.55,39.40,13.04,40.05,26.31,64.12,43.29,112.72,85.15,130.97,150.05,84.20,49.52,149.63,131.85,39.01,36.88,35.81,8.94,10.00,12.81,137.82,139.14,47.71,65.19,92.80,46.04,73.43,50.64,110.75,204.85,324.34,298.69,129.03,27.31,21.26,41.01,30.00,4.47,25.02,18.44,8.60,8.25,11.66,9.06,101.95,64.50,112.09,84.85,118.27,133.93,207.88,171.47,117.75,26.00
2.00,3.16,2.00,0.00,0.00,1.41,2.83,2.00,2.83,2.00,4.47,1.41,4.00,3.16,4.47,2.00,2.83,2.00,2.83,2.00,2.00,2.83,2.00,2.00,4.24,4.47,4.00,4.00,3.16,3.16,3.16,0.00,1.41,1.41,3.16,2.00,1.41,1.41,3.16,4.24,3.16,1.41,0.00,3.16,2.00,3.16,1.41,3.16,2.83,4.00,3.16,1.41,1.41,2.00,1.41,2.00,1.41,5.83,5.83,5.83,6.32,0.00,1.41,5.66,9.06,13.04,13.93,12.17,13.04,15.30,15.81,14.14,14.14,11.40,9.90,8.49,12.08,10.77,7.21,5.66,4.24,6.00,8.25,5.10,2.00,4.00,6.00,4.00,4.00,7.07,5.83,4.47,4.00,4.24,5.10,0.00,2.00,0.00,0.00,4.00,8.25,14.76,17.03,18.44,21.63,22.85,24.74,29.15,33.02,32.25,27.02,23.41,20.59,18.44,14.76,14.14,13.42,9.06,15.23,16.12,7.07,10.30,30.59,4.24,28.28,55.23,42.76,9.06,82.97,153.08,135.88,36.69,25.50,7.62,8.25,5.66,4.24,61.22,205.30,156.24,34.41,165.41,175.33,170.19,127.32,52.80,22.80,16.55,32.06,29.02,51.11,121.70,186.87,151.80,138.25,34.23,90.55,147.11,61.98,60.53,56.59,29.53,4.24,14.14,11.05,10.20,80.21,157.08,76.03,53.31,79.61,41.79,71.57,184.39,282.18,242.55,96.21,25.50,19.70,41.23,21.54,41.04,51.87,3.16,19.65,20.25,11.40,7.07,9.49,2.00,172.26,132.67,221.60,198.98,170.75,113.22,137.67,78.79,120.07,166.00
4.00,5.83,4.00,2.00,2.00,1.41,1.41,2.00,1.41,0.00,3.16,2.00,3.16,1.41,4.24,2.83,2.00,2.83,4.47,3.16,1.41,2.00,1.41,3.16,4.47,4.47,4.00,4.00,3.16,2.00,3.16,4.24,1.41,1.41,2.83,0.00,2.00,1.41,1.41,3.16,4.47,4.24,2.00,5.83,4.00,5.83,1.41,4.00,4.00,0.00,1.41,2.00,2.00,2.00,1.41,1.41,2.00,2.00,3.16,3.16,3.16,1.41,4.24,7.21,5.83,9.49,12.65,12.17,14.14,15.30,13.34,13.34,14.14,13.04,12.08,11.66,14.14,11.31,7.07,7.07,6.32,4.47,7.07,6.00,3.16,5.83,5.83,3.16,3.16,5.83,5.66,4.47,2.83,4.24,5.10,0.00,2.00,0.00,1.41,5.83,12.08,19.70,20.00,19.80,21.21,23.02,26.00,25.50,22.00,21.59,23.02,23.54,19.65,16.12,13.04,9.06,7.62,4.47,15.30,29.83,29.15,20.00,14.76,18.00,17.20,29.97,34.21,132.14,158.78,109.56,22.36,6.32,30.00,12.81,77.79,134.62,170.11,196.01,129.53,109.59,178.02,118.83,39.12,54.59,23.32,19.24,20.00,14.00,41.76,123.69,177.14,192.77,152.79,26.00,117.00,130.97,66.60,58.60,94.00,74.20,34.53,2.00,7.21,11.05,10.30,26.91,71.55,60.42,77.18,152.12,76.03,192.59,167.63,158.93,48.76,36.69,15.23,41.59,20.25,50.22,24.17,32.89,68.03,5.83,15.30,20.40,8.25,2.00,11.31,104.89,284.82,210.95,296.14,99.04,52.63,96.18,122.80,88.51,30.23,58.00
2.00,3.16,4.47,3.16,2.00,3.16,3.16,1.41,0.00,0.00,1.41,1.41,1.41,1.41,1.41,4.47,1.41,4.00,1.41,3.16,2.00,2.00,4.47,4.47,4.47,4.24,1.41,0.00,1.41,1.41,1.41,3.16,0.00,2.00,1.41,2.83,1.41,0.00,0.00,0.00,1.41,4.47,7.07,7.21,3.16,6.32,4.00,3.16,3.16,1.41,2.00,0.00,0.00,0.00,2.00,0.00,1.41,2.00,1.41,0.00,2.00,3.16,4.47,5.10,5.10,7.62,7.07,7.62,7.62,6.32,8.94,10.77,10.20,11.05,11.40,10.30,12.81,10.00,7.62,7.07,4.47,5.10,7.07,4.47,4.00,6.00,4.00,3.16,2.83,3.16,5.10,6.32,3.16,2.00,4.00,0.00,2.00,0.00,3.16,8.94,14.76,21.54,23.71,22.63,22.67,19.80,14.14,8.94,8.25,10.20,12.00,9.06,6.32,5.66,3.16,2.83,2.00,6.32,23.71,38.63,8.94,16.12,8.00,16.12,5.66,2.00,134.62,177.23,60.46,12.08,21.59,15.62,12.65,83.49,188.22,188.11,149.16,20.00,138.58,173.28,64.56,24.08,13.34,36.88,10.00,14.14,40.20,27.02,82.76,158.42,147.98,49.01,93.26,182.83,143.39,71.18,19.03,24.04,15.62,20.25,40.52,18.11,16.49,20.00,42.52,19.24,85.51,39.22,27.02,244.05,58.31,274.88,87.10,30.00,15.81,32.28,15.03,42.54,19.70,58.14,31.14,34.06,77.01,5.66,13.42,21.02,104.69,215.06,270.01,240.67,160.58,90.35,185.52,56.32,41.11,57.08,30.53,87.86,150.63,178.00
2.00,1.41,1.41,2.83,2.00,2.00,2.83,3.16,3.16,1.41,0.00,2.00,0.00,2.00,0.00,2.83,4.00,2.83,0.00,3.16,3.16,4.47,3.16,1.41,1.41,4.24,4.24,1.41,0.00,2.00,2.00,1.41,3.16,2.00,0.00,1.41,3.16,0.00,1.41,3.16,3.16,3.16,10.00,6.00,1.41,5.83,7.21,4.47,4.47,4.47,2.00,1.41,2.00,2.00,1.41,0.00,2.00,0.00,2.00,0.00,2.00,4.00,3.16,4.47,7.07,8.00,6.00,3.16,2.83,3.16,5.10,5.10,3.16,7.07,8.25,7.62,8.94,7.62,5.83,5.83,4.47,3.16,3.16,2.00,4.00,6.00,4.00,5.10,4.24,3.16,4.00,6.32,3.16,2.00,3.16,2.00,1.41,1.41,5.83,12.08,17.89,25.06,31.91,29.73,25.06,16.55,8.60,7.07,7.07,8.00,8.00,8.25,7.07,2.83,4.47,7.21,13.93,33.62,41.62,19.85,14.21,8.25,20.00,50.00,97.53,122.07,150.95,119.08,4.47,14.14,14.76,2.00,76.58,183.90,106.08,77.32,152.12,176.47,142.69,47.27,41.11,17.09,7.07,31.40,20.25,11.66,86.13,96.84,119.08,83.19,185.61,223.89,179.36,101.39,8.25,43.93,43.91,29.15,17.03,32.25,36.25,5.10,6.00,24.08,74.09,90.87,152.55,99.81,38.08,206.32,85.99,236.69,99.05,16.49,16.12,28.07,5.66,39.62,24.70,66.71,25.02,34.21,78.23,2.83,36.06,128.41,281.74,219.57,113.25,21.40,121.70,175.03,157.16,44.41,174.47,187.00,146.12,106.25,43.68,120.00
0.00,2.00,0.00,1.41,2.00,1.41,1.41,3.16,4.47,4.47,4.00,5.10,5.10,2.00,0.00,0.00,0.00,0.00,0.00,1.41,2.00,1.41,0.00,0.00,1.41,3.16,5.66,4.47,3.16,2.83,3.16,4.00,2.00,3.16,2.00,2.00,3.16,1.41,4.24,4.47,4.47,3.16,7.07,7.62,2.00,5.83,3.16,3.16,2.00,1.41,3.16,2.00,0.00,0.00,0.00,0.00,1.41,3.16,4.47,4.00,4.47,4.24,2.83,4.47,6.00,7.62,7.21,4.47,4.24,4.24,6.32,9.90,7.07,4.24,3.16,2.00,6.00,7.07,4.24,4.24,3.16,0.00,2.00,1.41,4.24,7.62,5.10,6.00,4.00,0.00,2.00,6.00,4.00,2.00,2.00,0.00,1.41,5.66,9.90,14.42,19.70,25.30,29.83,24.04,14.21,9.06,7.07,5.66,2.00,3.16,6.32,10.00,9.49,8.94,4.47,18.44,42.94,31.62,7.07,7.62,10.30,20.00,56.04,153.45,169.16,135.59,75.17,90.20,2.83,19.70,83.49,155.59,197.23,74.03,166.47,199.74,119.21,81.71,44.18,36.00,48.04,19.03,12.17,45.12,90.69,113.00,145.24,50.99,77.52,147.11,258.82,171.47,93.35,20.88,45.89,7.07,34.79,49.25,22.36,25.61,60.42,42.94,41.76,79.61,97.32,77.28,83.19,162.69,102.11,66.48,53.24,180.01,103.82,22.80,18.44,23.54,8.25,36.00,18.97,67.36,19.03,63.64,127.91,161.91,230.93,189.45,98.73,165.53,235.26,150.21,41.23,30.36,93.90,125.90,74.73,65.07,48.17,137.75,254.24,270.00
2.00,2.83,2.00,2.00,1.41,2.00,4.00,2.00,2.00,5.10,5.10,4.00,4.24,2.83,2.00,1.41,0.00,0.00,0.00,0.00,0.00,0.00,0.00,0.00,2.00,0.00,3.16,3.16,4.24,3.16,0.00,0.00,3.16,4.47,3.16,5.10,5.10,4.47,4.24,1.41,1.41,2.00,2.00,7.21,8.25,11.66,9.06,7.62,5.10,3.16,4.47,2.83,1.41,0.00,1.41,3.16,4.00,4.47,3.16,2.00,4.24,4.47,4.47,4.24,2.00,5.66,8.49,6.32,7.62,7.62,5.10,8.49,10.77,12.65,12.08,9.49,9.90,8.49,6.32,7.21,7.21,4.47,2.83,3.16,5.10,10.00,11.40,10.00,5.83,2.00,2.83,6.32,4.24,4.47,4.47,4.00,5.83,9.90,11.31,14.42,18.38,21.21,25.18,26.31,13.04,0.00,1.41,1.41,0.00,3.16,4.47,1.41,4.47,9.90,14.00,38.91,39.70,26.57,19.85,4.00,37.44,103.39,173.91,174.20,56.30,56.89,19.65,78.09,17.09,101.86,195.49,125.28,9.06,162.11,196.90,63.25,49.25,38.00,47.01,33.02,45.28,29.15,35.81,144.31,158.37,76.55,42.19,156.78,198.34,119.94,154.18,28.64,129.55,21.02,42.05,4.47,33.14,42.19,74.32,14.14,46.32,108.76,68.35,24.41,126.13,117.10,168.22,202.71,78.10,23.54,18.44,146.12,89.29,38.63,29.02,15.81,13.04,29.02,33.11,161.15,184.35,204.71,193.13,99.30,67.91,72.18,149.16,134.71,29.15,112.61,158.40,180.43,161.21,66.89,118.30,147.00,161.91,185.60,93.72,10.00
4.00,4.24,2.00,3.16,4.47,3.16,1.41,2.00,3.16,2.00,3.16,0.00,3.16,3.16,3.16,2.83,2.00,1.41,0.00,0.00,0.00,1.41,2.00,1.41,1.41,2.00,0.00,2.00,4.47,4.24,4.00,3.16,4.47,5.10,4.47,4.47,4.00,2.00,1.41,1.41,0.00,0.00,0.00,3.16,8.60,8.60,6.32,4.00,2.00,2.83,2.00,2.83,0.00,2.00,2.83,4.24,5.10,5.10,2.83,1.41,5.83,4.47,3.16,1.41,0.00,1.41,5.66,7.07,9.06,10.30,7.62,7.62,8.25,8.94,9.90,7.21,10.00,12.08,11.40,10.30,8.94,8.94,9.06,10.20,9.06,9.49,12.81,14.21,9.90,5.10,4.47,7.21,4.47,5.10,7.07,8.00,10.30,14.21,15.81,18.44,19.85,21.63,22.36,24.33,12.17,2.83,3.16,1.41,0.00,3.16,4.47,7.07,27.20,40.79,29.12,37.66,34.23,13.93,60.88,128.72,164.71,183.07,153.69,68.41,18.11,40.52,11.40,69.86,174.38,150.79,60.42,158.93,174.04,128.72,77.16,67.91,50.00,34.00,48.04,79.26,139.27,160.12,185.71,158.81,8.00,161.44,177.79,105.77,48.27,51.22,95.35,26.31,112.01,12.17,37.12,42.43,62.29,38.91,58.31,108.98,117.39,30.27,92.09,117.00,82.07,76.28,161.25,123.56,139.79,72.57,38.83,144.22,67.08,26.00,27.89,19.24,22.09,94.63,220.08,303.13,200.26,98.67,38.18,128.44,173.90,121.43,36.06,127.39,182.79,126.65,85.48,70.46,74.04,144.14,47.10,31.02,88.06,100.90,15.81,6.00
0.00,3.16,2.00,1.41,1.41,2.00,3.16,2.00,3.16,2.00,3.16,1.41,3.16,3.16,2.83,3.16,4.00,4.24,1.41,1.41,3.16,4.47,4.00,4.24,2.00,2.00,2.83,2.00,4.47,3.16,4.00,4.47,5.83,8.00,6.32,1.41,0.00,2.00,0.00,2.00,0.00,0.00,2.83,7.21,8.60,4.47,3.16,2.00,0.00,1.41,1.41,1.41,3.16,1.41,2.83,3.16,2.00,0.00,3.16,2.83,4.00,3.16,3.16,1.41,0.00,0.00,1.41,2.00,2.00,5.66,7.21,5.83,4.24,4.47,7.62,5.83,8.25,11.40,12.65,13.42,12.65,12.08,9.06,7.07,6.32,6.32,10.00,13.04,11.40,10.20,9.49,10.77,14.00,15.03,13.04,14.14,21.02,24.17,22.85,24.70,27.46,27.20,21.26,16.55,9.06,4.00,4.00,1.41,1.41,2.00,0.00,18.44,44.05,48.76,52.17,24.04,28.64,30.59,125.25,151.64,114.59,57.98,16.55,7.07,24.70,122.61,161.55,180.21,132.40,88.29,160.26,119.08,22.09,44.92,44.18,51.01,46.04,40.52,134.06,208.63,191.44,127.95,41.62,196.16,219.02,145.60,34.93,33.02,7.07,12.65,71.06,31.14,86.31,10.00,43.01,40.02,117.41,163.52,117.71,18.60,120.81,106.25,66.24,10.00,66.89,41.11,145.09,94.09,191.32,43.91,85.09,144.01,59.23,9.49,1.41,89.59,225.61,367.61,300.12,86.73,63.20,117.72,77.82,41.88,93.43,156.59,208.83,138.13,20.40,148.06,171.81,156.46,159.46,68.26,8.49,6.32,81.30,103.12,16.49,4.00
2.00,3.16,4.00,2.83,0.00,0.00,2.83,5.10,4.00,2.00,2.83,1.41,0.00,2.00,1.41,2.00,2.00,4.24,4.47,4.47,4.47,3.16,2.00,4.24,4.00,4.00,3.16,2.00,4.24,4.00,4.00,4.47,7.21,11.40,7.07,0.00,0.00,1.41,2.00,1.41,0.00,0.00,5.10,7.62,4.24,1.41,3.16,2.83,2.00,3.16,4.47,3.16,3.16,2.00,2.00,2.00,1.41,2.00,1.41,2.00,2.00,0.00,2.00,2.00,0.00,0.00,0.00,0.00,0.00,2.00,4.00,4.00,4.00,3.16,5.66,7.07,7.07,5.83,5.83,8.60,8.94,10.00,7.21,2.83,2.00,2.00,6.32,9.90,12.08,13.04,15.30,17.03,20.40,24.00,27.02,30.59,34.18,29.83,24.74,27.46,30.23,25.50,18.38,13.04,8.49,1.41,4.24,2.83,1.41,16.97,33.73,28.64,20.25,42.80,8.60,44.92,111.09,139.71,136.24,57.78,17.03,4.00,28.64,25.50,103.59,184.61,90.35,25.81,129.10,177.05,70.68,37.34,35.36,50.00,45.01,53.24,27.31,96.75,159.81,134.46,7.07,220.98,320.06,241.25,129.00,14.76,12.81,13.34,1.41,11.40,41.04,46.17,28.07,35.01,131.53,163.81,158.24,96.17,85.15,142.56,112.72,50.99,32.28,42.45,28.28,25.30,142.06,110.00,172.17,96.00,58.26,136.13,57.08,125.20,139.61,220.23,171.92,123.69,98.84,163.03,94.34,39.01,98.73,154.54,118.33,47.10,112.18,228.78,280.59,227.11,174.20,104.86,106.00,18.87,11.66,13.93,90.20,104.02,9.90,16.00
4.00,3.16,1.41,3.16,2.00,1.41,1.41,2.00,2.83,3.16,4.47,3.16,1.41,2.00,1.41,2.00,1.41,1.41,3.16,3.16,1.41,0.00,0.00,1.41,2.00,2.00,2.00,2.00,3.16,3.16,1.41,2.00,4.47,11.66,11.66,2.83,0.00,0.00,1.41,3.16,4.00,4.00,3.16,8.25,4.00,2.83,3.16,4.24,2.00,2.83,3.16,1.41,4.24,3.16,1.41,1.41,2.00,1.41,0.00,3.16,4.24,4.00,3.16,1.41,0.00,1.41,3.16,4.00,5.10,7.62,6.32,2.83,3.16,2.83,3.16,1.41,2.83,3.16,1.41,4.47,7.21,8.94,7.07,3.16,3.16,4.47,5.83,7.62,8.94,9.06,12.00,16.12,21.54,25.50,32.25,35.69,29.83,23.19,22.36,24.41,22.63,14.76,11.40,8.25,4.47,2.83,1.41,3.16,17.03,42.45,56.94,56.09,32.56,46.84,96.17,170.95,184.68,117.35,45.45,23.54,16.12,18.38,71.57,148.49,128.41,112.90,166.97,166.57,102.69,67.07,21.02,29.43,31.05,55.32,23.54,129.03,149.83,158.60,83.15,145.60,201.44,265.82,166.74,74.43,123.97,16.49,5.10,10.20,2.00,8.25,39.12,34.23,93.05,172.57,160.31,30.46,138.06,144.37,159.81,128.41,72.11,56.04,22.80,11.31,33.14,19.03,118.53,128.58,57.20,118.87,77.78,95.27,236.68,236.54,152.09,100.44,113.03,192.35,144.01,15.30,141.66,146.32,119.21,41.98,58.14,197.75,297.32,257.42,123.17,54.59,207.48,95.80,100.00,70.72,23.54,11.66,109.84,89.11,14.14,22.00
0.00,3.16,2.83,1.41,0.00,1.41,1.41,1.41,1.41,2.00,1.41,3.16,4.47,4.47,4.47,4.00,4.47,3.16,2.00,2.00,1.41,0.00,0.00,0.00,0.00,0.00,0.00,0.00,0.00,2.00,2.00,1.41,3.16,8.60,15.62,13.93,11.05,8.25,5.10,4.47,4.00,4.00,3.16,7.07,6.00,2.00,0.00,3.16,2.00,1.41,2.83,5.10,4.47,2.00,2.00,2.00,2.00,3.16,0.00,4.00,4.00,0.00,0.00,0.00,1.41,4.24,4.47,5.10,7.62,7.62,6.00,5.10,3.16,4.24,5.66,5.83,5.10,3.16,3.16,2.83,2.83,11.40,9.06,1.41,4.47,7.07,8.25,8.25,9.49,12.65,16.49,19.65,22.36,20.25,19.70,17.72,14.00,12.17,12.65,12.73,11.40,6.00,2.00,0.00,0.00,1.41,1.41,2.00,23.54,24.04,46.32,17.09,30.89,132.94,202.73,158.81,53.01,40.20,9.06,19.24,76.69,141.32,177.72,124.02,89.68,115.11,96.17,42.80,14.76,36.00,28.28,26.00,79.31,128.06,192.17,228.81,193.00,117.88,130.08,191.42,144.84,159.70,58.03,110.22,89.45,17.09,7.07,24.74,59.67,50.99,61.40,130.38,131.40,4.24,134.89,143.69,77.79,102.58,145.84,75.80,116.90,34.53,23.41,12.81,29.83,22.85,83.15,123.98,82.22,51.22,119.10,57.01,153.06,62.80,109.25,65.51,43.01,98.23,136.62,59.67,74.40,76.38,103.25,133.93,105.69,167.45,91.08,8.60,7.21,5.83,203.02,85.15,109.77,79.31,58.31,44.20,117.18,77.83,31.40,22.00
2.00,4.47,1.41,0.00,1.41,3.16,3.16,2.83,2.00,1.41,0.00,0.00,1.41,3.16,3.16,2.00,3.16,4.47,4.00,4.00,4.47,4.00,3.16,1.41,1.41,2.00,1.41,0.00,0.00,2.00,6.00,7.07,6.00,7.07,12.08,16.49,17.26,16.49,13.34,7.07,3.16,2.00,4.00,5.66,4.00,1.41,0.00,1.41,2.00,3.16,5.10,3.16,1.41,1.41,1.41,4.47,6.00,5.83,4.00,4.24,4.47,3.16,4.00,5.10,6.32,5.83,4.47,4.47,5.66,4.47,5.10,7.07,8.00,7.62,5.83,5.66,4.00,3.16,1.41,4.00,0.00,11.05,9.49,4.00,4.24,3.16,6.00,10.00,15.03,20.25,22.14,21.59,18.38,13.93,11.66,6.32,5.10,6.32,5.83,4.47,6.32,7.62,2.83,2.00,2.00,2.00,2.83,4.24,20.00,14.00,65.74,97.51,141.22,171.83,132.40,27.86,38.05,42.43,13.04,34.06,164.84,121.49,17.09,138.60,173.83,34.93,8.00,3.16,20.40,38.05,36.22,72.47,194.40,177.79,183.32,86.68,105.23,218.55,218.56,64.40,10.77,103.00,54.13,111.83,84.72,17.03,31.30,21.02,111.40,206.83,145.12,31.91,94.41,149.04,89.89,32.31,85.62,47.10,118.27,29.53,142.27,34.21,22.85,14.76,55.80,25.02,56.09,167.30,162.05,52.40,129.12,8.94,110.05,125.30,23.41,95.71,146.10,110.57,54.41,177.00,187.26,197.80,126.14,45.80,4.47,115.11,98.73,23.19,6.32,2.00,216.33,80.89,131.03,75.01,43.91,22.67,115.11,91.78,13.93,24.00
2.00,4.47,1.41,1.41,4.24,4.47,4.24,3.16,0.00,0.00,0.00,0.00,0.00,0.00,0.00,0.00,0.00,1.41,2.00,1.41,2.00,1.41,3.16,4.47,4.47,3.16,2.83,2.00,2.00,2.83,1.41,2.00,1.41,3.16,5.10,6.32,7.62,10.20,13.42,12.08,9.49,7.07,6.32,6.32,3.16,1.41,1.41,0.00,0.00,2.00,1.41,4.47,1.41,2.00,3.16,4.47,6.00,5.10,4.00,3.16,4.47,4.24,4.00,4.47,3.16,2.83,5.66,6.32,5.83,4.47,2.00,1.41,1.41,1.41,2.83,4.47,2.00,2.83,3.16,4.24,1.41,8.25,8.60,9.06,6.00,5.83,10.30,17.09,24.04,24.74,19.65,14.14,9.06,7.21,7.21,5.10,4.00,5.83,6.32,6.32,7.21,7.21,1.41,1.41,3.16,4.00,3.16,3.16,27.86,110.32,222.50,218.40,158.32,96.38,63.95,8.25,38.08,73.50,111.09,111.57,72.12,155.03,174.38,125.94,62.29,28.84,10.77,8.60,78.82,143.59,200.82,204.38,130.21,104.39,199.01,211.51,212.88,160.46,89.81,7.07,7.07,100.02,70.11,116.00,97.87,75.17,138.71,203.90,172.68,29.53,109.48,98.11,61.61,48.41,79.92,78.43,18.11,44.00,153.31,41.23,164.07,37.95,43.68,114.56,83.01,92.20,52.00,170.06,199.65,25.50,145.99,29.73,44.94,66.03,27.46,101.98,110.45,153.08,239.45,149.33,77.37,105.11,36.50,27.20,24.41,101.12,106.08,41.59,23.19,20.25,239.75,83.63,129.77,75.07,31.78,24.70,131.64,98.73,46.52,20.00
4.00,5.83,3.16,3.16,4.47,0.00,3.16,2.83,4.00,4.00,4.00,4.00,4.00,3.16,1.41,0.00,1.41,2.00,1.41,2.00,2.00,2.00,1.41,3.16,3.16,3.16,2.00,1.41,3.16,3.16,1.41,1.41,2.83,2.83,2.00,2.83,3.16,3.16,5.66,9.49,12.65,11.40,9.06,7.07,7.07,4.24,1.41,1.41,2.00,0.00,3.16,2.83,2.83,4.47,4.24,2.00,3.16,3.16,1.41,0.00,3.16,4.47,2.00,1.41,0.00,2.00,5.10,3.16,1.41,3.16,4.47,4.47,4.47,4.00,5.10,7.21,6.00,7.62,8.25,7.07,7.07,11.40,16.00,19.03,20.10,20.40,22.85,24.17,20.25,13.04,8.00,5.10,4.24,2.00,4.47,0.00,2.00,5.83,5.83,5.10,4.24,2.00,2.00,2.83,2.83,2.00,2.00,1.41,83.19,212.17,196.82,66.12,39.40,15.81,44.92,60.08,127.91,144.45,54.63,90.61,140.52,135.79,89.94,29.43,28.00,1.41,14.14,31.40,160.45,179.61,166.88,64.40,239.87,279.44,227.27,172.82,75.18,20.88,20.88,7.62,8.94,68.54,108.81,208.47,206.49,199.49,129.19,5.10,134.97,189.21,88.02,31.14,54.41,17.03,17.03,50.64,18.38,48.66,175.64,20.00,150.00,113.04,98.73,20.88,139.18,161.38,132.02,128.16,143.68,78.55,146.49,86.45,88.06,119.41,199.42,174.47,153.94,186.82,69.53,37.74,122.19,103.59,16.97,16.97,35.36,104.08,95.13,52.55,21.95,49.74,262.23,86.45,115.13,59.82,42.43,25.96,108.45,146.71,92.96,30.00
2.00,6.32,4.24,4.24,3.16,3.16,1.41,2.83,5.10,6.00,5.10,4.00,3.16,3.16,1.41,3.16,3.16,1.41,1.41,3.16,5.10,6.32,4.00,2.00,2.00,4.47,2.83,2.83,2.83,2.00,3.16,4.00,3.16,1.41,0.00,1.41,2.00,2.83,2.83,3.16,6.32,9.49,10.00,9.06,10.30,10.00,4.47,2.83,1.41,1.41,2.83,2.00,4.47,4.00,2.83,2.00,2.83,3.16,2.00,0.00,1.41,4.47,5.10,0.00,1.41,2.83,2.00,4.24,5.10,6.00,4.00,2.83,3.16,3.16,3.16,6.32,8.00,10.30,11.40,13.04,16.12,19.03,20.10,21.02,23.02,23.19,20.25,13.42,5.10,3.16,2.00,1.41,4.47,1.41,4.00,2.00,1.41,6.32,3.16,1.41,3.16,4.00,5.10,5.10,3.16,2.00,2.00,3.16,152.09,217.62,84.72,26.57,42.43,9.49,67.19,194.01,154.69,32.25,153.45,148.61,47.54,8.60,43.29,26.31,31.40,19.70,83.01,162.10,197.19,94.54,219.66,285.67,239.42,137.67,75.47,22.85,24.70,25.06,4.24,109.64,180.47,220.45,264.74,252.73,176.01,62.64,156.24,194.55,116.28,28.46,73.82,41.23,5.10,9.06,7.07,47.52,20.25,62.63,161.38,66.03,169.99,127.48,161.82,204.09,96.08,88.10,127.78,103.32,152.27,114.28,99.61,85.62,154.69,257.48,104.62,197.99,130.27,161.47,34.06,8.94,110.07,108.07,8.49,17.03,41.76,108.66,81.22,45.28,42.54,42.54,275.31,78.43,124.78,50.64,42.43,102.39,184.01,250.80,260.00,172.00
2.00,6.32,2.83,2.83,1.41,3.16,2.00,3.16,2.00,0.00,2.00,0.00,2.00,3.16,3.16,3.16,1.41,1.41,3.16,4.00,4.00,4.47,4.47,4.00,4.00,5.66,4.47,4.47,3.16,1.41,0.00,1.41,2.00,1.41,1.41,2.00,1.41,1.41,3.16,3.16,3.16,6.00,7.07,6.32,7.21,10.00,8.25,9.06,7.07,2.00,29.83,92.70,106.37,55.23,3.16,2.83,1.41,2.00,3.16,3.16,1.41,3.16,5.83,2.83,3.16,2.83,3.16,3.16,3.16,0.00,1.41,4.24,4.00,4.47,4.47,5.10,6.00,8.49,8.60,8.25,8.94,8.25,8.25,8.25,7.07,5.10,4.24,1.41,2.00,3.16,2.83,2.00,4.47,1.41,3.16,2.83,3.16,4.47,5.10,4.00,1.41,1.41,2.83,2.00,3.16,4.00,5.10,6.32,179.03,198.00,44.05,15.81,100.17,156.24,151.80,70.21,101.83,172.61,101.98,17.09,15.81,10.00,45.28,32.06,57.01,155.18,207.97,146.12,19.24,158.76,175.73,160.65,127.91,82.02,93.43,24.70,33.14,27.78,63.64,227.18,203.67,181.87,141.68,53.74,111.76,155.05,164.92,65.25,39.12,22.36,54.00,32.25,5.83,11.05,6.32,40.00,94.37,23.41,144.94,217.46,235.78,193.02,60.88,114.40,138.95,59.08,14.42,30.46,120.42,171.82,101.24,124.74,207.87,103.23,29.15,289.36,70.84,227.98,22.36,4.47,103.12,114.16,6.32,15.56,40.50,114.44,76.24,18.38,34.67,15.23,286.03,126.49,165.28,26.08,117.18,84.72,8.94,28.32,149.83,66.00
2.00,6.32,3.16,2.00,0.00,2.00,5.10,4.00,1.41,0.00,2.00,1.41,3.16,4.47,3.16,1.41,1.41,3.16,3.16,2.00,2.00,1.41,1.41,2.00,2.00,4.47,3.16,2.00,0.00,1.41,2.00,2.83,3.16,4.47,4.47,4.00,4.47,4.00,5.10,6.00,4.00,1.41,2.00,2.00,4.00,5.66,10.20,11.05,13.04,10.20,67.54,156.82,133.72,136.12,1.41,1.41,2.00,1.41,0.00,2.00,2.00,2.00,5.10,7.21,7.21,6.32,6.32,5.10,5.83,5.10,2.83,3.16,2.00,1.41,1.41,2.83,2.00,7.62,7.21,3.16,2.00,2.83,3.16,1.41,2.83,1.41,2.00,0.00,2.00,2.00,3.16,5.83,4.24,2.00,3.16,4.47,5.83,7.07,8.00,8.25,8.25,8.25,7.07,6.00,5.10,4.00,4.47,2.00,173.03,195.21,59.21,63.91,236.58,128.65,120.17,156.52,138.31,79.21,9.90,17.03,14.76,83.01,188.43,198.58,194.16,159.73,8.60,184.44,218.76,117.39,35.81,111.11,133.00,71.06,106.07,120.24,176.62,182.16,193.02,201.41,30.59,139.61,146.51,191.21,172.31,113.15,62.77,77.83,19.03,22.09,52.15,32.56,7.62,32.25,82.76,63.01,36.36,155.57,162.79,102.00,86.02,185.41,137.75,88.77,8.94,74.67,26.08,150.33,206.35,164.20,124.43,206.16,77.01,10.00,5.83,321.13,29.73,281.00,32.31,1.41,98.02,114.02,14.14,5.83,36.14,117.72,77.28,15.81,37.36,47.52,267.54,218.12,207.23,57.01,149.94,108.05,149.26,147.87,128.70,68.00
0.00,4.47,5.66,3.16,3.16,4.47,4.47,4.47,4.00,4.00,4.47,4.47,4.00,4.24,1.41,2.00,4.00,3.16,2.00,2.00,3.16,4.00,3.16,1.41,0.00,3.16,4.24,3.16,1.41,1.41,4.47,5.10,3.16,3.16,3.16,1.41,1.41,3.16,2.00,0.00,2.00,1.41,0.00,2.83,4.24,5.10,4.47,3.16,7.62,10.77,96.54,167.53,99.41,170.01,3.16,3.16,3.16,5.10,6.00,7.62,8.25,8.25,10.00,9.90,5.83,4.47,3.16,2.83,2.83,2.83,4.47,7.07,8.00,8.00,8.00,7.62,7.07,8.60,8.60,2.83,0.00,2.00,3.16,3.16,3.16,3.16,1.41,3.16,3.16,2.83,4.47,6.32,4.24,4.00,4.00,4.47,5.10,7.07,8.00,8.25,8.25,8.25,8.00,7.07,5.10,4.00,2.00,3.16,134.13,199.48,203.08,160.11,159.00,173.56,185.53,9.90,19.24,19.70,14.00,30.07,84.40,225.40,223.65,134.54,25.96,90.24,138.60,172.54,38.83,22.67,3.16,115.00,128.14,144.01,226.31,234.39,200.12,187.26,114.07,54.33,167.03,157.94,116.10,128.89,50.77,162.36,39.62,118.27,23.54,23.19,47.07,36.72,26.83,74.43,136.12,170.47,189.26,92.66,46.67,95.41,134.20,61.66,49.74,86.03,45.28,39.32,114.98,172.68,43.86,85.62,104.48,231.02,76.94,18.38,11.05,328.10,21.21,295.08,31.78,8.94,95.13,108.00,17.26,5.66,29.70,106.25,118.81,41.23,107.90,163.15,163.98,229.02,173.33,100.02,94.79,90.71,15.03,34.06,38.91,12.00
0.00,1.41,4.24,3.16,2.83,2.83,1.41,1.41,2.00,2.00,2.83,1.41,1.41,4.24,4.24,1.41,0.00,0.00,0.00,0.00,3.16,3.16,4.47,4.47,3.16,3.16,5.10,5.10,4.47,3.16,4.47,2.00,1.41,0.00,1.41,2.83,1.41,2.00,2.00,0.00,1.41,2.83,1.41,1.41,4.00,5.10,3.16,3.16,3.16,5.10,145.28,210.66,173.56,194.03,3.16,4.00,4.47,5.10,7.07,10.30,10.20,8.00,5.66,5.10,2.00,1.41,2.00,1.41,1.41,4.00,6.00,5.10,5.10,6.00,5.10,6.32,10.77,13.04,12.73,8.60,4.47,2.83,4.00,6.32,6.00,7.62,7.07,6.32,6.00,4.00,3.16,7.07,5.83,4.00,5.10,7.07,7.07,5.10,4.00,4.47,4.24,2.83,3.16,4.24,3.16,4.00,4.24,4.47,56.57,129.53,92.28,24.33,106.92,133.45,21.21,28.43,27.17,37.58,34.93,101.27,207.87,106.22,145.42,242.10,232.23,150.05,51.24,156.70,20.40,3.16,2.83,87.46,238.95,325.22,280.63,147.65,34.41,100.50,188.10,194.08,114.59,32.65,22.36,75.06,4.47,165.15,38.08,125.32,19.24,43.66,84.53,101.39,141.32,171.77,154.43,31.78,156.20,154.43,99.86,35.01,135.51,80.50,64.20,14.21,7.07,37.34,137.44,149.27,49.66,107.56,76.03,239.05,82.22,16.49,28.46,310.00,25.50,273.15,32.53,18.38,92.78,105.57,21.63,59.41,102.42,160.46,216.63,159.81,180.69,84.97,35.47,135.77,145.50,58.41,20.59,6.32,45.10,44.94,78.23,112.00
2.00,2.00,2.83,3.16,3.16,2.83,3.16,3.16,1.41,0.00,2.00,0.00,2.00,2.00,4.00,0.00,1.41,1.41,1.41,1.41,4.00,2.00,1.41,3.16,4.47,4.00,4.00,4.24,2.83,2.00,2.00,1.41,1.41,1.41,2.00,2.00,5.10,5.10,5.10,6.00,6.00,5.83,2.83,1.41,2.83,2.00,3.16,3.16,3.16,69.43,237.45,233.26,207.97,287.43,82.33,8.00,7.07,7.62,8.25,5.83,2.83,3.16,3.16,2.00,2.83,2.00,3.16,4.00,4.00,4.47,3.16,2.83,4.24,4.00,4.47,5.10,5.83,9.49,8.94,8.60,8.60,5.83,4.47,4.47,4.00,5.10,6.32,4.00,2.00,2.83,2.83,8.25,5.10,1.41,4.24,5.10,6.32,4.47,1.41,2.00,6.32,5.10,1.41,2.83,4.00,3.16,4.24,6.32,83.74,227.71,206.94,124.15,48.60,16.97,18.00,15.81,37.74,43.86,162.98,161.90,118.47,200.61,235.26,169.36,99.54,182.21,5.66,180.01,22.14,18.87,35.69,179.66,260.00,226.11,17.49,162.64,209.02,233.45,184.23,61.61,40.45,14.00,13.34,73.06,3.16,127.88,93.48,127.00,54.00,169.71,195.86,164.47,70.88,115.21,204.64,218.45,147.65,102.86,130.39,18.87,108.90,25.50,21.21,10.77,11.05,28.46,144.26,133.75,76.66,137.38,17.72,249.23,93.86,24.04,34.00,294.24,27.86,251.45,29.70,19.03,135.00,142.13,89.94,78.24,5.10,38.63,112.01,152.01,96.21,65.74,37.74,24.70,28.43,46.52,118.70,153.16,155.00,76.24,42.54,86.00
0.00,0.00,2.00,2.83,4.00,2.00,2.00,2.00,2.00,1.41,3.16,3.16,2.83,2.83,5.10,0.00,3.16,2.83,3.16,3.16,4.47,1.41,0.00,0.00,2.00,1.41,1.41,2.83,4.47,4.00,3.16,2.83,2.00,2.83,2.83,2.83,3.16,4.00,4.00,4.00,4.00,5.66,5.83,6.32,4.00,1.41,0.00,0.00,4.00,160.03,238.52,86.21,50.22,258.90,181.07,4.00,4.00,4.24,2.83,1.41,2.00,2.83,4.00,3.16,2.83,4.47,1.41,0.00,1.41,3.16,2.00,2.00,2.83,0.00,2.00,3.16,5.10,9.06,5.83,5.66,7.07,7.21,5.10,4.47,4.00,4.00,4.47,4.24,1.41,1.41,2.83,7.07,5.10,2.83,3.16,1.41,1.41,2.83,4.47,4.47,5.10,7.21,5.10,5.10,6.00,6.32,6.32,6.00,161.91,208.25,23.02,41.62,5.83,17.72,29.15,99.30,187.07,202.28,131.31,69.01,148.38,146.11,50.00,15.56,8.25,207.02,6.32,146.11,154.78,181.59,184.81,183.67,62.13,199.38,233.00,225.85,184.17,114.54,39.60,35.36,49.01,13.04,8.25,71.18,59.82,126.15,112.07,151.86,239.42,231.77,101.24,28.60,206.96,186.72,99.05,77.16,72.28,69.35,170.58,22.36,123.20,16.97,26.91,23.02,7.62,12.81,129.00,146.12,156.11,140.53,93.05,281.19,96.18,32.53,33.94,278.06,26.57,192.60,97.42,96.52,236.22,102.69,32.25,85.29,152.61,161.28,119.82,60.83,24.21,12.65,46.07,105.26,129.87,80.89,55.71,70.61,70.68,93.90,192.43,200.00
2.00,1.41,1.41,2.00,2.00,2.83,2.83,1.41,1.41,4.24,4.00,4.24,1.41,1.41,5.66,5.10,2.83,2.00,4.00,4.00,3.16,3.16,3.16,1.41,2.00,2.00,2.00,1.41,3.16,4.00,4.47,3.16,2.00,3.16,3.16,1.41,2.00,0.00,0.00,0.00,1.41,4.24,4.47,4.47,4.24,3.16,0.00,0.00,3.16,190.38,209.88,24.04,45.89,213.14,202.54,2.00,2.00,1.41,2.00,2.00,1.41,5.10,1.41,2.83,2.83,3.16,0.00,0.00,1.41,2.00,1.41,2.00,0.00,0.00,2.00,1.41,4.00,7.21,7.21,7.07,5.83,4.24,4.00,4.47,3.16,1.41,2.00,3.16,2.83,1.41,2.00,7.07,7.62,4.47,3.16,1.41,0.00,2.83,6.00,7.07,5.10,5.83,7.07,7.07,5.10,5.10,6.32,5.10,186.17,179.35,27.86,21.54,67.88,162.39,206.34,233.69,158.32,66.41,112.61,158.42,71.69,15.30,11.40,4.00,10.00,205.20,65.12,158.15,216.45,163.81,48.10,128.41,212.88,196.29,121.28,63.15,22.14,7.62,10.00,38.05,53.01,8.25,41.88,112.64,204.95,195.89,190.25,175.15,12.65,180.94,167.72,110.32,197.99,21.21,47.01,8.00,1.41,38.05,184.01,12.73,143.00,18.97,33.02,54.04,101.20,83.55,92.97,230.67,84.63,196.54,134.62,310.98,92.48,44.65,74.20,262.08,102.22,185.15,186.12,96.18,163.00,101.83,122.45,96.17,50.99,25.30,15.23,63.25,139.28,129.24,14.56,112.45,84.10,131.80,173.17,223.06,238.30,89.64,224.00,10.00
2.00,2.83,3.16,3.16,2.00,2.83,1.41,1.41,2.00,2.00,1.41,2.83,2.83,1.41,0.00,3.16,3.16,2.83,4.24,4.24,1.41,2.00,2.00,2.00,1.41,3.16,3.16,2.83,2.00,1.41,1.41,3.16,4.00,3.16,2.00,2.00,2.83,3.16,3.16,1.41,2.00,1.41,2.83,1.41,3.16,4.24,4.00,4.00,73.66,186.30,161.99,57.78,74.69,199.90,203.59,59.67,4.00,4.00,3.16,3.16,1.41,7.62,3.16,2.83,2.83,2.83,3.16,4.00,4.00,4.00,3.16,1.41,1.41,2.00,1.41,1.41,4.00,7.62,8.94,9.90,8.60,4.24,1.41,1.41,4.24,3.16,1.41,2.00,2.00,2.00,2.00,10.20,8.94,3.16,2.00,2.83,3.16,5.66,4.47,4.00,4.00,4.47,4.00,4.00,4.47,4.00,5.10,7.07,172.10,174.01,74.03,155.26,226.74,218.77,137.27,48.10,203.07,171.54,51.09,80.10,17.26,5.66,9.49,26.08,112.16,207.46,134.95,48.08,122.81,227.06,233.24,174.26,88.60,37.58,30.46,19.65,5.83,2.00,11.05,38.05,39.82,49.50,158.62,187.28,161.77,31.02,156.95,204.32,232.90,184.17,219.67,50.99,177.00,23.02,21.02,6.00,3.16,32.56,189.32,15.56,154.47,45.28,82.04,77.32,21.26,128.83,110.32,187.41,126.14,210.95,48.85,272.68,134.47,99.33,209.12,222.32,41.23,35.61,99.93,76.85,115.25,95.51,32.98,41.11,113.60,159.25,116.62,28.28,99.36,109.81,124.48,154.72,196.04,159.15,68.25,4.00,203.06,4.47,206.24,18.00
2.00,0.00,3.16,2.00,5.10,6.32,4.47,2.83,2.00,1.41,1.41,1.41,2.83,4.24,1.41,0.00,2.00,1.41,3.16,4.47,4.00,4.47,3.16,1.41,1.41,2.00,1.41,2.00,0.00,2.00,0.00,2.00,0.00,1.41,4.47,6.00,4.00,1.41,2.00,2.00,1.41,2.00,1.41,0.00,1.41,3.16,4.00,4.00,144.25,190.03,100.41,65.07,45.34,110.32,195.66,130.97,3.16,4.00,3.16,4.47,4.24,8.94,3.16,3.16,4.47,2.00,1.41,1.41,0.00,0.00,1.41,2.00,1.41,0.00,1.41,4.47,6.32,5.83,5.66,8.49,11.31,8.49,4.24,1.41,4.00,1.41,2.00,3.16,2.00,1.41,4.24,11.40,6.00,3.16,2.83,2.00,4.47,4.24,1.41,0.00,0.00,2.00,5.10,5.10,4.47,4.00,4.00,4.00,172.10,159.08,172.31,216.49,92.96,102.31,203.59,194.26,143.39,34.41,0.00,79.51,17.03,67.94,170.70,223.18,239.35,100.00,127.10,237.17,225.54,149.46,77.78,21.02,35.61,6.32,10.77,21.21,8.00,15.62,18.38,88.60,114.77,159.51,143.42,74.22,196.09,241.14,210.64,131.64,60.17,45.69,211.53,10.77,171.07,25.18,17.03,8.94,5.83,28.28,184.17,25.02,134.08,96.14,115.84,139.29,176.66,69.35,99.73,188.14,148.22,156.89,106.15,135.15,200.32,128.39,161.40,60.42,154.95,175.39,131.67,50.91,66.71,129.25,155.03,112.09,35.01,102.00,121.67,133.93,184.39,169.55,94.92,14.14,7.62,12.81,9.06,17.20,195.13,2.00,191.07,12.00
4.00,5.10,5.83,3.16,1.41,1.41,4.24,4.47,4.00,4.47,2.83,1.41,2.00,4.24,4.00,4.00,4.47,4.00,4.00,4.47,3.16,3.16,0.00,0.00,2.00,0.00,3.16,2.83,2.00,3.16,4.00,3.16,2.00,3.16,4.24,2.00,2.83,1.41,2.00,1.41,3.16,4.00,4.00,3.16,1.41,0.00,0.00,67.88,152.32,144.50,65.51,13.42,62.48,48.41,114.91,212.80,86.31,3.16,4.47,5.83,3.16,8.00,1.41,2.00,1.41,2.00,0.00,2.00,0.00,0.00,1.41,2.00,1.41,0.00,3.16,4.47,1.41,3.16,4.47,4.24,8.49,11.40,10.30,8.25,10.20,10.00,6.32,5.83,3.16,5.10,5.83,7.07,4.24,2.00,5.10,4.24,3.16,1.41,1.41,3.16,4.00,4.47,4.47,4.47,4.24,2.00,3.16,4.00,134.08,169.03,141.21,138.22,221.72,222.32,127.66,57.72,39.85,58.46,27.02,57.43,83.76,231.92,253.18,133.46,70.71,210.24,220.29,130.25,42.94,28.07,14.42,25.02,12.17,5.66,12.08,56.30,163.88,211.37,203.20,223.34,123.04,31.05,172.82,245.18,212.72,137.53,43.01,34.21,10.30,17.20,175.03,15.81,151.00,23.41,11.05,34.41,41.30,85.99,160.16,26.68,65.12,113.00,136.42,110.21,60.93,105.54,74.89,152.61,69.07,61.07,123.97,9.49,85.15,78.45,88.24,115.97,78.60,11.05,97.74,180.94,177.34,76.49,35.36,125.60,152.97,246.84,63.53,229.26,24.41,22.36,24.70,19.03,21.95,21.54,18.11,16.97,189.13,7.07,184.17,8.00
6.00,7.07,6.00,2.83,0.00,0.00,2.00,3.16,2.00,2.83,4.47,5.10,2.83,1.41,2.00,1.41,1.41,2.00,1.41,1.41,2.83,3.16,0.00,0.00,1.41,2.00,3.16,3.16,3.16,4.00,3.16,2.00,3.16,4.24,3.16,0.00,1.41,3.16,4.47,4.00,5.83,6.00,4.47,2.83,2.83,1.41,1.41,91.05,119.21,118.60,74.97,93.35,134.62,76.94,86.83,229.11,201.20,3.16,3.16,7.62,1.41,8.00,0.00,0.00,0.00,1.41,3.16,3.16,1.41,0.00,2.00,0.00,1.41,2.00,2.00,4.47,1.41,1.41,4.24,4.24,4.24,7.21,10.00,9.06,12.17,12.65,9.90,7.21,3.16,2.83,4.24,5.66,5.83,6.32,5.66,4.47,2.00,1.41,2.00,2.00,1.41,2.83,0.00,1.41,2.83,4.00,4.47,4.00,82.22,70.84,96.38,173.90,153.81,76.84,67.36,12.65,64.12,54.59,67.20,162.20,232.55,130.30,116.16,250.73,230.41,150.63,52.48,47.01,12.73,4.47,16.49,23.54,6.00,8.94,77.67,199.62,224.59,206.29,180.50,35.36,152.61,193.13,137.03,100.42,8.94,30.07,8.60,21.02,7.07,12.17,165.03,12.17,140.04,19.85,32.56,16.55,94.67,188.11,106.10,8.00,31.78,146.71,185.15,138.57,78.29,69.05,86.35,97.99,93.38,106.02,117.69,60.17,96.83,63.95,21.02,96.80,171.98,148.66,74.15,90.55,39.40,96.18,192.77,163.41,70.21,242.01,10.20,224.44,23.32,14.14,18.87,15.81,25.06,21.26,11.40,13.04,188.27,10.20,184.27,10.00
2.00,0.00,4.24,2.83,2.83,4.00,4.24,3.16,0.00,2.00,1.41,3.16,4.00,4.00,3.16,3.16,0.00,0.00,2.00,0.00,1.41,3.16,3.16,1.41,0.00,0.00,1.41,4.47,4.00,5.83,17.49,19.03,12.17,8.94,8.60,6.00,5.10,2.83,1.41,2.00,3.16,1.41,4.47,0.00,2.83,3.16,45.28,99.05,134.74,135.35,42.43,112.61,66.65,104.55,98.33,152.05,238.05,63.78,2.00,7.62,4.00,6.32,0.00,0.00,0.00,0.00,2.00,0.00,2.00,0.00,1.41,1.41,1.41,2.00,1.41,2.83,4.24,1.41,1.41,4.47,2.83,4.00,8.60,8.00,7.62,8.60,10.30,8.60,4.47,2.00,5.10,7.21,5.83,3.16,4.24,5.66,3.16,3.16,1.41,4.00,6.32,5.66,1.41,0.00,1.41,2.00,1.41,0.00,135.35,185.31,154.38,70.94,26.42,10.00,80.22,21.95,94.59,177.13,203.19,130.38,25.96,116.76,215.23,153.63,56.36,17.03,13.93,35.13,3.16,0.00,36.25,42.05,37.34,139.03,211.63,92.96,149.27,244.03,214.41,208.89,148.12,41.23,46.32,46.75,21.21,16.49,4.47,30.27,4.47,11.66,167.15,30.46,124.56,126.13,154.38,170.88,185.71,44.29,105.57,118.42,107.15,208.60,114.14,136.85,70.94,58.31,87.86,48.00,88.65,157.66,110.02,34.93,99.49,80.10,84.02,117.64,94.79,181.14,126.09,216.52,193.66,53.01,185.95,11.05,12.08,198.58,62.10,180.74,15.62,14.00,23.02,22.63,21.95,28.18,8.25,11.40,195.74,23.02,189.76,12.00
2.00,1.41,4.00,0.00,4.00,1.41,4.47,1.41,0.00,3.16,2.83,2.00,2.00,1.41,1.41,4.24,3.16,3.16,5.10,5.10,4.00,4.00,4.47,4.47,3.16,1.41,0.00,3.16,5.83,20.25,36.80,31.78,22.63,7.07,7.21,9.06,9.49,8.94,1.41,1.41,1.41,2.83,2.00,2.83,2.83,31.40,122.15,195.06,179.79,85.28,47.01,124.04,187.39,137.30,46.07,89.90,203.06,165.46,1.41,4.47,4.00,2.83,0.00,0.00,0.00,0.00,1.41,2.00,0.00,3.16,4.00,3.16,0.00,1.41,1.41,2.00,4.47,3.16,0.00,4.00,1.41,4.24,5.66,3.16,0.00,10.77,8.60,6.32,5.10,2.83,5.10,7.07,3.16,4.00,6.32,5.10,3.16,5.10,2.00,1.41,2.00,5.10,1.41,1.41,1.41,1.41,2.00,1.41,164.20,172.05,38.05,26.42,44.72,35.38,153.53,164.47,199.38,167.87,13.04,192.13,177.03,67.07,156.46,15.81,10.00,31.78,16.55,37.34,56.64,126.53,171.45,172.74,179.61,123.49,73.76,193.13,222.16,181.33,137.30,74.97,10.20,15.81,39.12,45.34,27.02,8.25,2.83,25.50,47.43,65.19,177.12,68.12,94.92,130.92,142.86,89.44,76.94,158.78,125.87,116.39,67.07,170.11,33.62,150.63,35.44,60.00,53.31,36.72,97.02,123.82,111.09,116.87,126.06,58.55,57.22,105.31,95.08,255.82,69.66,8.49,230.70,37.66,222.41,10.00,12.65,132.10,50.60,113.14,20.00,17.03,27.02,21.40,9.90,27.20,11.40,14.21,205.55,19.03,197.73,14.00
0.00,1.41,4.24,3.16,3.16,2.00,3.16,2.00,1.41,3.16,2.83,3.16,0.00,2.00,0.00,2.00,1.41,2.83,1.41,2.00,0.00,0.00,1.41,3.16,4.47,4.24,1.41,1.41,4.47,25.96,32.56,15.03,26.08,5.10,1.41,2.83,4.24,13.34,5.10,4.47,3.16,2.83,2.00,1.41,1.41,59.48,74.73,170.21,204.47,147.85,113.15,41.62,63.32,24.00,45.69,86.28,63.39,231.24,83.45,1.41,2.00,2.00,1.41,0.00,1.41,2.00,1.41,1.41,2.83,2.83,3.16,3.16,2.83,2.83,2.00,4.47,3.16,4.00,0.00,3.16,2.00,3.16,3.16,3.16,5.83,14.76,10.00,5.10,2.00,1.41,4.00,6.00,0.00,0.00,7.07,6.32,2.00,5.83,3.16,2.00,4.24,4.24,1.41,2.00,0.00,3.16,2.00,2.83,155.00,171.03,71.06,25.50,127.48,204.17,225.21,104.35,38.47,182.83,251.41,179.74,105.31,37.34,149.03,30.27,8.60,36.14,59.93,151.03,191.88,181.25,145.07,105.69,36.77,138.13,198.64,115.73,60.02,55.79,27.20,11.31,8.25,9.90,49.48,37.20,50.22,73.88,96.19,85.05,136.89,220.91,182.63,38.83,50.16,119.10,154.12,167.39,139.79,52.35,20.59,25.06,37.34,178.89,60.03,182.63,53.74,62.80,26.00,101.04,168.15,116.43,165.95,69.81,232.11,110.00,106.30,155.47,17.72,218.33,10.77,13.04,249.72,24.17,241.60,13.04,17.03,89.45,16.12,70.46,20.25,15.03,19.80,11.40,7.62,21.02,12.65,14.21,209.29,14.56,202.48,12.00
6.00,4.00,3.16,6.00,7.07,5.10,4.47,3.16,3.16,5.10,4.00,2.83,3.16,4.47,3.16,2.83,3.16,2.00,2.00,1.41,1.41,0.00,0.00,0.00,1.41,4.47,3.16,0.00,0.00,28.07,21.59,31.24,25.46,6.00,2.00,3.16,2.00,10.77,11.31,7.07,5.10,1.41,2.00,1.41,28.28,97.42,48.37,18.44,79.40,138.92,102.46,55.61,50.48,97.02,115.74,60.42,121.92,244.38,194.20,0.00,4.00,0.00,2.00,1.41,2.83,2.00,3.16,3.16,1.41,1.41,2.83,1.41,1.41,2.83,1.41,3.16,1.41,3.16,2.00,2.83,1.41,1.41,1.41,2.83,10.20,13.04,5.83,2.00,0.00,1.41,4.47,5.10,1.41,3.16,4.47,4.47,2.83,3.16,6.32,5.10,5.66,4.47,3.16,1.41,1.41,5.83,4.00,4.47,149.00,132.48,187.60,247.17,277.84,157.10,24.08,141.32,232.74,205.10,111.14,21.02,144.06,29.97,145.42,34.21,12.73,49.34,196.66,234.89,96.08,96.80,200.36,203.00,203.93,132.31,38.47,41.01,5.10,6.32,3.16,7.21,5.10,21.26,41.23,36.06,33.62,200.25,179.03,192.04,241.54,132.24,74.00,169.54,161.92,147.22,129.00,79.31,34.00,27.31,2.00,4.00,27.02,201.10,27.02,196.01,76.28,67.68,56.73,125.04,114.00,58.05,179.20,60.13,280.49,38.47,31.24,210.49,46.17,223.00,30.59,20.00,244.13,9.06,238.08,16.49,17.26,53.76,37.58,34.93,19.24,12.65,16.12,9.06,10.20,18.60,13.34,16.12,213.68,58.82,207.54,116.00
8.00,7.62,5.10,3.16,2.00,2.00,2.83,3.16,5.10,5.10,4.47,4.47,2.00,2.00,2.00,5.10,5.10,4.47,4.47,3.16,2.83,3.16,4.00,3.16,1.41,3.16,4.47,1.41,0.00,25.50,16.55,29.15,8.49,4.24,3.16,1.41,1.41,3.16,8.94,12.00,11.05,10.30,8.00,7.07,45.01,70.23,142.04,277.30,248.34,179.88,117.89,45.01,89.94,48.76,157.61,172.96,62.77,168.19,227.88,65.07,2.00,2.00,2.83,4.24,3.16,1.41,1.41,2.00,2.00,2.00,1.41,1.41,3.16,4.47,3.16,1.41,0.00,2.00,4.00,2.00,3.16,2.00,1.41,1.41,10.77,13.42,7.07,4.47,5.10,6.32,5.83,4.24,2.83,4.24,3.16,1.41,4.00,2.00,1.41,3.16,5.66,4.47,4.47,4.00,4.47,7.21,4.00,4.47,105.12,145.17,215.80,208.15,85.44,162.81,186.53,124.17,164.71,53.76,31.02,31.91,130.38,30.53,126.44,57.01,167.72,225.21,155.60,79.62,204.38,219.24,176.00,140.01,69.81,3.16,4.00,7.21,2.83,8.00,5.10,14.76,35.78,131.03,154.43,155.96,191.04,199.45,59.06,83.35,181.25,210.39,199.14,127.01,65.97,22.67,24.33,17.26,6.00,8.00,5.66,6.00,11.40,180.01,19.03,170.05,93.23,61.06,85.04,82.28,103.25,37.74,196.99,67.72,291.15,51.09,31.14,202.63,55.73,222.44,41.23,19.85,240.83,21.59,233.48,14.76,11.05,14.21,33.29,13.42,13.42,12.81,17.03,15.03,17.72,81.41,169.55,196.01,221.63,106.00,185.15,80.00
2.00,4.47,2.83,2.00,3.16,3.16,2.83,3.16,3.16,3.16,5.10,4.00,2.83,2.83,1.41,0.00,1.41,1.41,1.41,2.83,3.16,4.47,4.00,4.24,3.16,1.41,4.24,4.24,2.00,15.56,20.10,15.56,2.83,3.16,4.24,2.83,3.16,3.16,2.00,2.00,3.16,7.21,8.00,61.07,147.87,172.80,263.76,90.55,151.43,108.66,74.53,52.84,101.64,70.68,65.92,114.40,160.21,93.74,161.28,125.63,3.16,4.00,4.47,4.24,1.41,2.00,1.41,1.41,1.41,2.00,2.00,2.83,2.83,1.41,1.41,2.00,2.00,4.24,2.83,2.00,3.16,2.00,4.24,3.16,8.25,12.17,6.32,3.16,5.83,6.32,5.10,4.47,5.83,5.83,3.16,3.16,4.24,1.41,0.00,0.00,3.16,3.16,2.00,4.00,4.47,5.83,2.00,3.16,37.34,25.50,181.20,281.22,254.70,234.73,123.56,16.12,146.12,54.63,46.17,68.54,147.11,108.76,189.69,216.54,159.42,72.80,64.14,193.83,158.81,70.21,31.14,35.47,6.00,5.10,4.47,8.49,7.07,17.20,31.05,32.28,161.23,194.76,142.27,131.37,11.40,128.65,210.95,202.63,183.31,127.32,52.33,21.59,10.30,4.47,27.02,22.80,10.00,1.41,10.77,16.00,14.00,129.88,54.15,113.14,55.57,161.55,166.64,145.50,153.11,177.72,298.08,55.15,287.39,68.96,26.91,175.03,59.62,204.24,37.34,23.32,245.74,16.12,238.21,12.73,12.17,17.20,21.63,32.28,4.00,61.07,113.53,128.06,162.27,220.93,161.21,86.28,86.31,123.91,206.60,124.00
2.00,3.16,1.41,4.47,5.10,4.47,4.47,3.16,2.00,3.16,4.00,4.24,3.16,4.47,3.16,2.00,2.83,2.00,2.00,2.83,1.41,1.41,1.41,4.00,3.16,3.16,4.47,5.66,4.00,4.47,4.47,3.16,1.41,0.00,3.16,3.16,3.16,3.16,3.16,2.00,1.41,2.00,0.00,174.38,240.62,231.19,122.87,70.33,69.87,57.71,121.93,148.66,173.67,49.66,123.69,151.60,38.05,111.62,178.75,212.61,76.42,1.41,2.00,2.00,2.00,1.41,2.00,0.00,2.83,1.41,0.00,1.41,3.16,4.00,3.16,2.00,2.00,3.16,0.00,2.00,3.16,2.00,5.10,1.41,9.49,10.20,4.47,4.00,4.24,2.83,3.16,5.83,7.21,4.00,2.83,2.83,1.41,0.00,0.00,1.41,2.83,3.16,3.16,3.16,4.47,5.66,4.00,4.00,53.37,200.94,283.53,238.84,176.50,74.97,172.57,27.17,167.36,55.79,112.16,225.69,226.93,102.58,83.01,85.62,169.55,165.08,83.44,191.44,10.00,9.06,8.25,12.08,6.32,6.32,14.21,20.10,56.46,121.75,174.73,205.29,167.74,29.53,151.16,202.24,191.27,178.24,138.20,43.57,29.83,36.22,8.00,4.24,1.41,4.47,28.64,20.10,16.97,17.72,21.95,42.05,93.05,168.88,224.44,211.81,191.21,210.72,171.07,170.02,190.88,219.11,398.42,203.07,271.27,91.09,13.04,136.07,62.13,163.03,42.19,27.20,230.03,19.65,224.01,18.60,15.03,22.09,9.90,51.24,109.55,199.97,142.90,76.54,77.88,89.14,166.57,204.84,171.42,182.72,163.98,92.00
2.00,3.16,4.00,2.83,1.41,0.00,3.16,4.00,3.16,1.41,0.00,3.16,2.00,2.83,4.00,6.00,6.32,6.00,5.10,4.47,4.24,1.41,2.00,4.00,2.00,3.16,3.16,5.66,3.16,2.83,3.16,3.16,2.00,2.00,1.41,0.00,0.00,4.00,1.41,3.16,4.47,3.16,1.41,245.59,199.70,33.02,50.77,46.52,57.78,30.53,191.32,133.51,43.29,65.12,107.56,202.19,202.28,190.39,201.70,273.31,192.01,2.00,2.00,2.00,1.41,2.00,2.00,2.83,1.41,2.00,0.00,0.00,1.41,2.00,1.41,0.00,0.00,2.00,0.00,3.16,7.21,6.00,8.49,7.62,10.00,5.10,3.16,4.00,4.47,4.47,4.47,7.07,4.47,3.16,2.00,4.47,3.16,2.00,3.16,4.47,5.83,6.32,7.21,7.62,7.07,5.83,4.00,4.00,111.89,188.04,163.23,13.93,91.05,10.00,176.01,22.80,126.13,161.99,263.61,241.14,138.52,93.05,232.66,201.00,149.16,154.95,22.85,188.52,16.55,10.77,8.25,16.12,19.65,55.01,138.51,190.01,207.06,210.24,213.02,126.14,87.42,192.30,180.83,132.82,43.86,22.80,18.44,15.56,20.00,32.28,13.42,7.21,3.16,6.00,19.70,37.66,80.62,87.05,60.42,184.29,197.36,189.13,183.85,166.05,71.18,110.02,222.10,258.28,175.48,60.75,412.02,305.01,261.22,141.76,11.31,88.29,55.15,104.02,38.18,21.26,207.06,33.97,192.77,109.11,96.02,160.11,172.19,32.56,134.74,114.87,128.28,169.92,156.68,195.31,169.17,82.29,35.38,24.17,45.54,92.00
2.00,2.00,2.00,2.00,3.16,3.16,2.00,2.00,2.83,2.00,2.00,3.16,3.16,2.83,4.24,3.16,2.83,2.00,2.83,3.16,5.83,6.32,5.10,5.83,5.83,1.41,1.41,2.83,4.24,2.83,2.00,2.83,4.24,4.00,4.00,4.00,4.00,5.66,3.16,2.83,3.16,4.00,5.10,262.07,187.02,28.07,37.01,56.04,88.60,46.17,200.00,129.07,81.41,49.58,64.50,138.92,141.22,67.05,82.61,232.22,258.19,3.16,3.16,1.41,0.00,0.00,0.00,1.41,2.00,1.41,0.00,1.41,2.83,1.41,2.00,0.00,0.00,2.00,0.00,6.32,8.94,4.00,7.07,5.83,4.47,2.00,4.00,4.00,4.47,5.83,6.32,5.66,2.00,4.24,4.47,5.83,6.32,5.10,4.47,4.47,4.24,2.83,5.83,5.66,4.00,3.16,2.00,2.00,146.05,160.11,114.02,5.83,168.86,198.64,204.17,108.81,144.68,178.31,38.29,159.53,177.79,116.90,250.32,27.31,18.11,169.00,12.08,182.18,17.49,25.18,14.21,55.17,147.08,229.87,234.80,167.60,14.76,151.22,187.07,205.15,194.62,102.22,36.36,16.55,13.04,28.07,24.33,10.77,20.00,34.23,13.93,7.07,31.11,40.72,27.31,14.42,108.66,174.10,234.61,216.39,83.19,86.73,192.28,259.23,292.06,279.69,281.58,281.30,312.59,198.60,435.30,289.84,244.97,185.83,12.81,40.79,31.24,49.03,79.81,72.69,161.52,117.64,165.80,90.79,21.21,108.68,103.24,125.17,146.32,214.98,167.86,81.06,8.60,7.62,53.81,156.95,198.28,203.06,174.73,136.00
0.00,1.41,1.41,2.83,3.16,1.41,0.00,1.41,3.16,3.16,2.00,2.00,3.16,1.41,4.47,2.83,3.16,4.00,4.24,2.00,3.16,4.24,2.00,4.00,7.21,5.83,3.16,1.41,3.16,3.16,3.16,3.16,5.10,6.00,7.07,7.07,5.10,5.83,6.32,5.10,4.00,3.16,5.83,262.12,180.04,46.17,63.56,36.80,88.81,28.84,210.61,130.67,118.87,21.95,84.97,78.85,56.73,67.07,96.08,228.43,256.12,1.41,0.00,0.00,1.41,2.00,1.41,1.41,2.00,1.41,0.00,3.16,3.16,4.24,1.41,1.41,2.00,2.83,2.00,7.07,6.32,4.00,2.83,1.41,3.16,5.83,7.07,7.07,5.10,5.66,4.47,3.16,2.00,3.16,3.16,4.47,3.16,4.24,1.41,2.00,2.00,3.16,6.32,3.16,0.00,0.00,1.41,3.16,148.05,167.36,65.07,183.44,314.27,240.19,124.81,75.54,66.29,123.10,182.48,185.41,235.98,38.91,257.00,14.14,7.21,153.00,17.03,175.64,82.10,172.54,194.83,205.77,154.30,20.10,177.79,219.18,221.24,190.04,190.65,152.51,77.79,13.04,4.00,18.38,17.89,26.08,25.02,8.25,26.08,24.70,33.73,34.00,17.26,146.24,187.30,212.96,237.86,221.00,103.12,151.08,307.47,273.23,212.51,222.12,233.62,142.30,93.74,42.80,215.41,206.65,373.59,189.26,231.95,208.96,6.32,44.41,38.29,112.29,165.15,115.97,67.96,195.67,184.50,179.81,125.48,184.09,165.94,116.97,8.25,32.89,87.46,156.00,206.16,195.73,157.10,117.46,49.34,31.02,57.43,42.00
4.00,4.47,4.47,4.24,2.83,3.16,3.16,2.83,3.16,4.47,4.00,4.00,5.83,5.10,2.83,1.41,2.00,2.00,4.24,4.00,4.00,5.66,3.16,1.41,3.16,4.47,6.00,5.83,4.47,5.10,6.32,5.10,5.10,6.00,5.10,4.47,4.47,5.10,7.07,8.00,8.00,7.62,9.90,254.00,173.35,58.46,74.03,30.53,71.47,39.92,174.00,106.93,122.15,31.62,7.62,41.18,97.42,73.38,91.92,230.00,247.00,2.00,0.00,1.41,2.83,2.00,2.83,1.41,1.41,5.66,7.07,8.49,2.83,3.16,2.00,4.00,3.16,4.47,4.00,4.47,2.83,4.00,3.16,2.00,2.00,3.16,3.16,3.16,4.00,4.24,2.83,3.16,4.00,4.00,3.16,2.00,1.41,2.83,5.10,5.10,3.16,5.83,7.21,3.16,1.41,1.41,4.24,4.47,156.46,127.58,187.96,280.94,199.48,44.94,158.80,127.20,142.24,150.01,86.09,62.37,255.05,14.14,256.00,12.65,41.04,146.89,62.03,181.95,242.06,216.45,167.86,83.19,142.13,241.95,216.45,160.03,79.65,5.66,19.24,11.40,13.04,11.40,10.20,18.44,21.95,22.85,12.73,44.72,82.68,130.97,167.15,171.03,201.76,230.55,119.33,11.40,152.64,275.35,325.97,344.38,311.72,222.83,43.68,161.25,11.31,21.40,48.17,16.12,86.93,107.87,209.98,102.11,235.34,158.11,103.58,123.11,41.59,142.86,60.00,149.77,86.35,171.41,195.43,103.86,14.21,56.32,96.04,176.00,214.08,207.17,183.41,114.77,40.79,55.61,29.15,115.11,174.01,175.03,137.90,84.00
4.00,5.10,5.10,3.16,3.16,4.00,4.47,3.16,2.83,3.16,4.00,5.10,7.07,7.62,4.47,1.41,1.41,2.00,3.16,4.00,3.16,4.47,6.32,5.10,4.47,3.16,2.00,4.47,6.32,4.00,3.16,4.47,3.16,2.00,1.41,1.41,3.16,4.00,4.00,4.00,4.00,5.66,7.62,229.49,172.19,41.23,90.09,27.89,53.85,42.80,68.00,196.29,120.15,17.03,32.89,17.20,111.22,75.31,90.02,226.08,247.02,1.41,0.00,3.16,1.41,22.80,40.02,40.45,25.30,8.00,4.24,8.60,7.21,1.41,2.83,5.83,2.83,3.16,4.00,3.16,2.00,1.41,2.00,3.16,1.41,1.41,4.24,2.83,0.00,2.00,4.47,3.16,1.41,0.00,2.00,0.00,3.16,3.16,5.83,6.00,5.10,7.21,7.21,3.16,2.83,4.24,4.24,1.41,126.65,119.82,67.07,194.43,242.99,252.76,109.25,75.43,184.76,29.12,17.26,35.44,253.02,30.46,270.36,49.82,190.94,194.65,144.36,138.51,7.62,158.83,174.00,203.58,196.82,54.13,21.95,15.56,17.26,14.14,19.85,8.94,10.30,16.12,16.55,22.80,26.91,65.07,179.78,219.79,219.09,235.85,219.11,167.60,13.04,174.56,312.90,319.68,303.32,291.00,221.78,130.43,40.82,219.11,25.81,206.78,42.19,30.53,84.38,138.23,161.21,146.81,127.10,85.71,281.02,115.84,82.37,115.21,35.13,138.68,177.63,129.77,34.06,4.47,55.71,168.43,231.18,219.26,182.08,123.17,88.81,59.08,11.40,117.69,171.24,158.81,117.92,49.82,5.83,4.00,7.07,6.00
0.00,0.00,1.41,3.16,3.16,2.00,4.00,5.10,2.00,1.41,2.00,2.83,2.00,4.24,5.83,5.83,4.47,4.00,3.16,1.41,2.00,0.00,2.00,2.00,2.00,1.41,3.16,4.00,4.47,4.24,2.00,3.16,3.16,2.00,3.16,4.00,4.00,4.00,4.00,4.00,3.16,4.47,35.47,208.31,145.17,18.60,92.20,41.59,41.23,45.28,118.53,102.11,180.94,44.41,78.41,18.87,147.22,100.65,119.34,221.11,244.01,0.00,0.00,8.94,29.53,52.63,49.98,44.29,34.99,12.00,7.21,4.24,8.00,0.00,6.32,4.24,1.41,0.00,1.41,2.00,2.00,1.41,1.41,1.41,2.00,0.00,3.16,4.47,1.41,2.00,6.00,1.41,4.24,4.00,3.16,2.00,5.83,4.47,2.83,0.00,2.00,5.83,5.10,2.00,2.00,4.00,2.00,1.41,65.62,115.74,201.82,244.01,234.35,154.98,203.74,4.47,228.04,9.90,25.30,8.60,239.00,79.81,246.27,220.86,166.93,29.15,105.57,204.47,238.84,192.05,167.19,131.83,72.50,7.62,5.66,18.11,12.81,5.10,18.38,10.77,17.20,89.32,169.71,205.70,200.36,224.01,211.99,162.60,87.46,100.02,239.01,247.30,211.70,228.08,238.77,153.39,101.64,53.91,9.90,17.03,18.44,213.28,21.26,202.36,76.11,22.63,109.37,262.49,113.32,281.19,69.05,135.77,216.91,82.28,147.38,120.42,28.46,28.46,41.11,127.81,194.59,193.06,156.11,138.60,66.29,43.01,22.36,107.00,137.30,136.72,105.99,57.43,11.05,7.07,11.40,8.25,11.40,8.25,3.16,4.00
4.00,3.16,1.41,3.16,2.83,1.41,3.16,3.16,4.47,4.47,4.00,2.00,0.00,2.00,4.47,5.66,3.16,2.00,3.16,2.00,2.00,3.16,3.16,2.00,1.41,3.16,4.47,4.00,4.47,5.83,6.00,6.00,7.07,8.00,8.00,8.00,8.00,8.00,7.07,5.10,4.47,5.66,113.25,227.30,90.91,17.03,97.05,65.12,27.31,23.71,160.12,50.04,272.25,79.71,140.01,73.55,150.57,125.04,138.92,149.41,287.06,114.55,12.73,34.21,41.88,34.06,9.06,37.34,44.38,17.03,7.21,2.00,8.25,2.00,6.00,3.16,3.16,1.41,2.00,1.41,8.60,21.54,24.33,18.11,16.12,11.66,8.00,5.66,4.47,3.16,5.10,1.41,4.47,1.41,1.41,4.47,4.00,2.83,1.41,0.00,2.00,4.00,3.16,1.41,2.00,3.16,3.16,7.21,117.18,191.40,139.84,24.33,80.52,11.40,239.17,9.90,184.05,149.47,180.71,187.81,203.34,45.28,128.16,81.40,157.29,176.26,144.35,192.52,75.60,39.62,41.59,28.07,33.14,2.00,27.89,17.26,38.00,75.60,109.18,105.39,177.37,222.47,218.96,212.76,185.31,46.04,143.14,213.28,230.46,262.77,221.29,163.08,54.13,128.25,109.11,17.03,7.62,9.06,29.97,40.02,20.40,205.29,22.67,193.31,91.05,17.03,121.20,280.96,88.77,270.27,98.51,117.41,117.11,66.84,76.94,135.07,158.07,155.76,110.29,116.82,116.10,105.12,72.50,96.18,155.08,153.39,122.19,66.21,32.56,21.63,17.89,9.06,17.03,7.62,12.08,5.66,12.00,11.05,0.00,0.00
6.00,5.83,3.16,3.16,2.00,4.24,2.00,2.00,3.16,3.16,2.00,2.83,2.00,2.83,2.83,4.24,3.16,2.00,4.24,4.47,4.47,4.47,5.83,7.07,8.00,6.00,3.16,2.00,2.83,4.00,7.07,8.00,8.00,7.07,5.10,5.10,6.00,5.10,4.47,4.47,4.47,5.66,172.82,208.37,24.74,32.98,114.07,71.18,14.56,10.77,141.17,24.08,248.01,31.40,157.84,72.47,153.88,150.00,139.18,76.97,278.26,254.70,39.60,40.00,15.81,10.30,11.05,41.76,40.52,8.60,10.20,4.00,5.83,8.25,8.25,4.24,2.00,4.47,3.16,13.93,34.21,38.91,33.62,26.31,24.00,24.21,15.81,4.24,2.00,2.83,2.83,0.00,3.16,2.83,5.66,7.21,4.00,1.41,3.16,1.41,1.41,6.00,2.83,1.41,2.00,2.00,8.94,13.42,161.38,168.30,72.99,17.26,71.57,11.66,188.11,98.60,88.57,222.73,213.35,153.31,13.42,118.96,204.40,206.04,167.19,85.44,18.87,130.02,8.25,36.22,44.18,22.00,32.06,9.06,85.91,108.24,155.00,248.40,214.04,200.49,210.51,52.00,89.55,109.22,199.97,244.68,221.21,216.33,185.59,89.11,32.53,29.53,49.25,129.19,120.15,20.00,4.47,4.47,32.00,2.00,24.04,180.18,29.73,181.33,83.55,14.56,114.63,129.26,110.07,52.55,185.07,84.58,120.02,145.84,106.40,105.00,52.84,55.61,49.03,74.24,152.74,83.73,135.57,29.83,2.00,14.76,17.49,16.12,24.70,14.76,25.06,6.00,18.11,9.49,12.17,6.32,16.49,11.66,5.10,4.00
4.00,5.83,7.07,7.07,6.32,7.62,6.32,4.24,3.16,4.00,3.16,3.16,4.00,2.00,1.41,4.00,6.32,5.10,5.10,6.32,5.10,4.47,4.47,4.00,4.00,4.47,5.10,6.00,5.83,4.47,4.47,4.00,5.10,7.07,7.62,5.10,4.00,4.47,5.10,6.32,5.83,5.83,193.13,209.40,35.78,45.12,139.17,60.08,24.33,24.04,141.29,18.00,225.00,46.84,223.76,95.26,229.86,154.01,136.06,98.08,241.01,331.19,47.20,23.71,12.73,1.41,6.32,32.06,37.34,16.12,17.20,8.00,7.07,14.76,17.03,17.89,13.34,11.05,18.44,35.61,40.22,23.71,22.67,20.40,18.44,29.73,30.23,22.80,15.23,10.30,8.00,6.32,2.00,2.00,7.21,5.66,6.00,7.07,3.16,3.16,3.16,8.94,4.24,5.66,10.30,12.17,13.04,8.94,163.08,169.03,75.06,15.03,133.72,147.57,122.20,136.89,101.87,91.39,217.35,212.78,169.50,88.77,110.29,46.69,19.24,123.91,29.83,122.41,8.25,31.02,41.23,50.99,96.80,96.19,235.03,219.27,223.02,214.67,90.55,99.57,179.74,240.62,204.79,210.04,239.47,138.72,59.48,25.50,17.72,18.44,13.04,9.49,48.04,128.00,117.04,19.03,4.00,9.90,37.74,15.81,83.76,179.89,52.35,140.43,244.56,256.91,300.33,249.78,103.94,245.77,165.53,214.46,66.53,61.40,25.06,55.44,97.13,111.32,75.47,16.12,104.39,35.01,98.49,7.07,4.24,22.36,10.00,13.34,21.02,5.66,20.40,4.00,17.49,3.16,12.81,10.30,17.09,9.49,4.00,6.00
4.00,5.10,5.10,4.00,3.16,3.16,5.83,5.10,4.47,4.00,4.47,3.16,2.00,3.16,4.00,4.47,5.10,6.32,5.10,4.47,4.00,4.47,4.47,4.00,4.00,5.10,6.32,6.00,7.62,7.07,4.00,1.41,3.16,4.47,7.62,7.07,5.10,4.47,4.00,4.24,4.47,2.83,209.69,206.29,52.15,33.73,159.91,48.76,34.21,28.84,149.16,7.62,237.00,65.97,296.01,41.62,269.46,144.26,127.10,78.41,250.80,329.80,34.44,5.10,14.14,8.00,2.83,18.44,30.00,26.08,20.10,13.42,10.77,18.38,19.65,24.17,24.08,28.07,31.30,37.01,21.26,10.20,14.21,14.56,16.49,26.42,32.25,27.46,19.85,13.42,10.20,8.49,5.10,7.07,9.90,7.62,10.00,14.56,17.26,15.03,9.06,10.30,15.03,17.72,16.55,12.00,6.32,1.41,118.12,204.83,230.34,219.54,268.21,164.11,113.30,92.20,104.74,275.54,227.54,159.26,57.57,26.31,72.11,46.04,4.00,112.29,23.32,114.27,77.52,144.51,157.00,216.06,222.41,225.06,227.80,53.85,63.66,168.11,244.31,245.28,186.10,135.35,92.02,112.45,92.02,6.00,3.16,11.05,2.00,17.03,10.00,9.49,49.09,122.02,121.00,14.56,23.19,94.76,125.13,168.08,328.94,327.96,260.05,282.11,308.72,248.47,215.42,296.66,192.15,187.22,364.44,183.62,144.36,67.47,30.00,5.66,26.57,31.30,17.09,20.25,81.22,24.33,67.08,8.94,5.83,25.18,8.25,18.44,20.25,7.62,16.49,7.07,11.40,11.40,14.42,13.93,16.97,8.60,5.83,6.00
2.00,2.00,3.16,4.00,3.16,2.00,3.16,3.16,2.83,2.00,3.16,4.47,3.16,3.16,5.10,5.10,3.16,3.16,4.24,3.16,2.83,6.00,9.06,9.06,7.07,6.00,4.00,3.16,5.10,5.10,4.47,4.47,4.24,3.16,1.41,3.16,4.47,4.24,1.41,3.16,4.24,4.24,198.58,193.00,75.43,24.74,174.10,44.18,28.64,15.03,144.12,10.00,236.14,76.49,294.24,41.23,244.03,125.48,122.02,69.07,258.12,326.15,16.00,10.77,15.62,10.00,4.47,9.06,13.04,11.40,9.90,8.60,14.76,22.63,17.89,18.87,15.03,18.38,20.59,23.71,11.66,6.00,8.94,10.77,9.49,11.66,16.49,18.38,18.44,15.23,14.56,16.55,17.03,19.03,22.14,21.21,20.10,24.70,24.08,19.65,16.49,17.03,17.03,12.00,5.83,3.16,3.16,5.83,40.00,135.48,192.77,93.05,97.05,160.58,137.82,106.73,168.32,157.00,19.24,75.33,46.17,45.25,55.08,54.04,11.66,116.10,86.16,198.60,261.17,231.19,207.70,115.39,60.46,64.28,137.67,216.09,248.68,244.13,187.88,84.85,23.41,17.09,21.02,17.09,10.77,5.83,8.49,11.40,5.10,14.14,12.08,12.00,37.36,66.53,180.09,196.09,292.66,345.32,328.15,358.51,368.46,208.17,172.07,72.18,77.79,124.06,181.62,241.83,89.14,123.33,428.17,76.69,206.62,7.07,17.03,16.12,25.30,28.07,4.47,20.10,58.94,27.17,38.08,10.30,4.47,24.04,12.81,18.38,18.44,6.32,14.76,11.40,19.65,17.72,14.21,10.30,12.81,10.77,13.93,14.00
4.00,3.16,3.16,5.10,6.32,5.10,4.00,4.47,4.47,4.00,3.16,3.16,5.10,5.10,4.47,4.00,4.24,1.41,2.83,5.83,5.83,5.83,6.00,5.83,5.10,6.00,6.32,7.62,7.07,5.83,5.10,7.07,6.00,2.00,1.41,2.00,2.83,4.24,4.47,4.47,4.47,5.83,139.64,167.72,60.83,23.02,173.16,55.95,27.02,24.33,131.85,28.60,217.02,76.49,239.35,64.14,187.58,119.21,117.11,65.07,264.12,316.01,11.40,15.81,13.04,5.83,2.83,3.16,11.05,17.09,16.97,17.72,28.64,20.25,4.47,7.07,5.10,10.30,10.30,17.09,10.30,4.00,5.10,7.07,8.00,13.93,13.34,11.40,12.81,12.08,13.34,16.49,18.11,18.11,20.40,20.88,15.03,15.56,7.62,8.94,7.07,8.25,4.24,7.62,9.49,12.65,12.65,10.77,75.96,183.61,241.07,231.74,210.26,165.08,96.02,18.11,125.00,86.02,8.49,78.00,15.23,39.85,43.86,63.32,207.06,220.27,186.95,198.58,112.45,106.73,210.34,238.60,246.03,214.23,194.55,178.54,144.53,50.99,8.25,14.14,19.03,22.09,21.21,18.97,8.94,10.00,4.24,18.38,15.30,28.46,56.92,135.57,209.48,270.65,323.79,354.56,364.82,260.10,165.25,20.00,181.60,235.10,193.02,236.04,165.92,114.63,213.66,203.08,123.56,79.25,369.94,39.40,206.48,31.78,2.00,5.83,20.25,27.89,5.83,13.04,34.99,24.04,10.77,7.07,1.41,18.11,8.94,13.34,17.26,6.32,17.20,19.70,26.00,21.54,15.81,8.60,11.40,5.66,4.00,2.00
6.00,5.83,3.16,4.24,6.00,8.25,7.07,7.07,7.07,6.00,6.32,5.10,5.10,6.00,5.10,4.00,5.66,4.47,5.10,7.07,6.00,4.24,2.00,4.24,5.10,6.00,7.07,6.32,4.24,4.24,4.00,4.00,4.24,2.83,2.83,1.41,2.00,1.41,3.16,4.24,3.16,1.41,101.00,121.93,53.85,24.41,157.54,57.98,32.89,56.09,108.42,56.64,170.19,84.63,166.30,60.00,122.59,125.30,105.80,57.27,263.43,299.02,8.94,9.49,6.32,4.00,9.49,15.03,15.23,14.14,17.09,15.23,16.12,8.25,4.24,2.00,5.10,6.32,11.05,16.12,9.49,5.10,4.24,9.49,14.76,14.76,10.30,7.62,7.07,4.00,2.00,6.00,9.49,10.20,8.94,10.00,7.21,4.00,9.90,8.49,5.10,7.21,5.66,9.06,8.25,4.24,8.60,13.42,135.25,169.81,169.16,92.65,48.37,14.14,131.19,20.25,129.00,89.05,49.58,104.80,76.12,139.84,185.02,235.31,235.05,117.92,112.92,290.00,351.65,311.17,254.04,179.35,77.20,35.81,22.80,30.36,24.17,13.93,8.25,17.89,25.50,27.86,18.87,21.63,16.12,16.49,20.40,123.04,209.31,264.20,249.47,246.42,252.42,196.51,115.55,50.64,176.12,260.01,254.91,262.97,239.57,221.21,177.00,158.45,129.07,21.26,185.22,28.64,188.60,122.44,400.24,50.99,197.46,55.15,12.17,11.66,19.70,29.12,8.60,7.07,14.56,15.81,8.60,2.00,2.83,13.04,10.77,13.42,16.12,10.77,20.25,48.10,52.00,47.01,16.97,72.47,136.62,151.40,127.32,116.00
0.00,3.16,1.41,5.10,5.66,6.32,6.32,5.10,3.16,3.16,6.00,8.25,6.00,4.00,4.00,4.00,5.83,7.07,7.07,6.00,8.00,8.00,5.10,5.10,4.00,2.00,2.00,1.41,3.16,2.83,2.00,2.00,5.10,2.00,1.41,1.41,1.41,1.41,0.00,3.16,4.24,3.16,163.27,140.01,35.13,26.87,141.99,60.88,43.93,91.08,67.01,49.68,83.15,94.24,91.71,40.82,78.09,130.73,85.91,45.12,256.28,281.00,8.94,4.00,1.41,15.23,22.80,19.24,7.21,10.00,15.81,9.06,14.14,8.49,10.30,11.05,8.00,7.21,14.00,13.04,10.30,5.83,8.60,14.76,16.12,14.42,9.90,5.66,5.10,5.10,3.16,4.47,5.66,4.47,7.62,9.06,5.10,7.07,9.90,4.47,3.16,9.90,10.20,5.83,7.62,6.32,12.08,12.17,154.21,146.87,52.17,6.32,66.12,12.08,124.00,20.25,138.36,57.01,223.21,228.47,195.58,143.68,64.08,76.03,224.29,284.89,327.20,303.71,254.66,109.55,66.03,26.08,21.21,22.36,2.83,34.23,17.26,15.03,12.17,20.00,16.12,55.61,113.22,118.87,178.89,240.07,238.44,273.21,261.31,229.37,134.16,37.34,127.63,249.23,345.96,371.32,324.48,261.92,180.23,99.49,11.05,71.81,4.47,59.68,165.15,17.49,184.01,22.36,170.33,155.72,386.75,31.02,196.01,70.61,5.10,2.83,17.03,26.31,11.31,11.66,7.07,9.49,14.56,5.10,5.83,11.31,17.03,16.97,16.97,48.41,110.94,148.65,134.24,140.53,140.06,180.10,152.09,104.02,71.69,78.00
2.00,4.00,5.83,4.47,5.10,2.83,1.41,1.41,2.83,1.41,3.16,3.16,4.47,4.00,3.16,1.41,1.41,2.00,1.41,0.00,2.00,1.41,2.83,2.00,4.00,5.10,2.83,1.41,3.16,5.10,5.10,3.16,5.83,4.47,1.41,1.41,0.00,1.41,2.00,2.83,3.16,4.47,273.13,128.14,113.23,29.83,131.03,50.70,7.07,98.00,46.04,22.36,24.08,142.77,81.15,45.28,89.19,135.30,62.51,31.78,249.24,266.01,3.16,3.16,5.10,22.36,19.65,8.94,11.66,11.66,17.89,16.12,9.49,17.20,17.09,17.03,19.85,15.81,18.11,8.25,8.49,10.20,11.66,14.76,15.23,12.08,7.21,5.83,5.83,4.47,5.10,4.00,20.88,28.28,16.12,7.62,10.77,11.31,7.21,4.00,11.40,20.00,15.03,10.77,7.62,7.62,7.62,11.40,149.27,150.01,58.14,12.65,97.02,100.85,153.67,116.48,193.79,226.30,176.01,36.25,93.05,188.86,281.51,300.70,274.36,198.34,191.15,57.57,12.08,96.02,90.00,7.62,20.10,22.09,8.60,31.40,16.12,29.73,21.54,80.72,170.18,245.31,225.02,223.29,262.19,245.00,159.15,65.86,231.73,265.02,274.71,231.62,235.36,322.94,304.93,225.80,113.88,102.49,14.76,10.00,13.42,91.66,39.62,82.04,158.15,27.78,169.66,23.32,92.48,147.28,264.38,30.00,203.21,95.71,3.16,4.00,17.26,23.19,7.21,8.60,6.00,9.90,16.55,10.00,65.30,132.22,133.22,62.37,14.76,134.01,174.18,82.61,100.21,116.46,91.01,136.57,199.02,260.36,237.07,212.00
6.00,5.10,5.83,5.10,2.83,2.00,0.00,2.83,5.10,5.10,4.24,2.00,3.16,4.00,4.24,3.16,0.00,0.00,2.00,0.00,1.41,1.41,1.41,2.00,4.24,4.47,5.66,4.00,4.00,5.10,5.83,4.24,4.47,8.49,6.32,5.10,3.16,3.16,4.00,4.47,3.16,2.83,307.37,65.86,146.67,12.17,138.00,60.17,14.14,95.05,44.00,13.42,15.03,167.86,138.60,82.33,131.47,150.21,48.10,23.71,244.29,255.05,1.41,1.41,7.07,20.88,19.85,12.65,5.66,3.16,12.17,20.40,18.44,14.42,8.60,30.46,20.00,21.40,30.00,14.76,3.16,4.47,8.60,13.04,12.65,9.06,7.07,5.83,2.00,2.00,2.00,21.26,34.41,31.78,29.70,6.32,16.12,14.42,15.81,19.03,21.95,13.04,10.20,7.21,4.47,4.00,2.00,3.16,159.08,118.88,138.71,224.01,250.91,221.72,161.21,117.05,119.04,59.93,235.58,290.13,214.11,178.87,162.69,96.54,59.09,11.05,119.68,15.23,12.81,94.34,86.09,8.94,17.03,17.20,17.03,29.15,130.92,227.06,245.02,256.46,278.21,194.28,97.65,6.00,78.89,183.41,260.02,231.39,224.14,222.32,179.94,120.84,117.10,179.20,119.33,36.14,129.88,133.30,8.00,18.38,14.56,121.33,9.90,110.45,152.47,22.67,163.23,35.47,78.60,79.06,179.12,97.62,199.22,121.06,6.32,9.49,21.63,27.20,7.07,66.60,131.04,154.00,139.18,133.30,163.37,118.90,114.54,142.78,102.62,179.63,209.50,239.08,255.44,205.18,204.08,213.11,204.48,139.09,69.86,8.00
0.00,1.41,0.00,4.47,5.10,4.24,3.16,4.24,2.00,4.00,6.32,5.10,3.16,2.00,4.24,5.83,6.00,6.00,7.07,8.00,8.00,6.00,2.83,0.00,3.16,1.41,3.16,6.00,5.10,2.00,4.00,3.16,2.00,5.66,6.32,5.10,4.47,3.16,3.16,5.10,5.83,4.47,278.12,60.08,113.11,5.10,155.03,66.27,12.73,89.27,45.10,26.57,15.30,161.25,187.22,49.48,136.53,159.81,23.71,10.77,242.10,237.17,4.24,1.41,4.47,17.89,15.81,2.00,3.16,2.00,9.06,4.00,10.77,5.10,19.85,23.41,16.12,11.05,34.06,31.11,20.10,17.03,16.55,14.76,8.49,9.49,7.62,4.00,1.41,10.00,27.78,33.29,21.21,11.40,28.07,9.49,25.61,24.08,21.02,19.03,8.00,8.60,13.04,2.83,5.83,5.66,4.47,4.47,126.53,139.71,226.35,175.76,23.19,142.27,180.18,159.62,212.72,305.79,249.10,117.39,95.89,93.01,125.48,10.30,103.12,16.12,120.15,9.06,8.49,80.40,106.02,72.80,144.47,210.45,238.03,249.15,279.16,258.05,175.82,22.00,158.32,232.57,273.38,222.32,223.18,250.80,142.08,48.08,28.07,22.80,30.07,32.25,30.23,119.64,124.46,7.62,142.13,130.06,8.49,9.49,15.62,95.04,47.07,92.44,150.05,24.70,173.16,125.13,95.43,141.09,150.65,142.13,194.26,116.18,30.23,66.47,59.08,75.59,141.60,185.57,106.30,79.06,92.00,95.26,149.89,218.01,262.65,175.60,104.94,174.38,236.12,189.32,84.96,24.04,25.46,21.21,17.72,19.24,100.85,160.00
2.00,4.00,6.32,4.47,2.83,4.47,6.32,5.10,5.10,6.32,5.10,4.24,3.16,1.41,4.00,6.32,5.10,5.10,6.00,4.47,1.41,1.41,4.24,2.83,1.41,12.81,19.24,14.21,5.66,4.00,2.00,3.16,3.16,2.83,2.83,2.83,3.16,4.00,4.47,3.16,4.47,4.00,259.00,56.09,93.26,20.88,162.44,65.25,16.12,69.07,82.10,75.64,27.02,92.48,229.47,51.61,111.40,163.25,8.60,32.65,239.02,209.40,6.00,1.41,4.47,16.49,23.02,12.81,11.05,7.62,8.60,12.17,11.31,10.30,17.09,15.81,15.30,10.20,18.60,32.25,36.06,31.05,18.11,11.40,9.06,11.40,5.66,1.41,7.07,28.43,32.65,18.38,5.10,17.26,21.02,18.44,33.97,21.02,10.00,3.16,16.55,11.40,2.83,11.05,10.20,8.94,8.60,8.49,47.01,53.16,155.29,245.70,242.40,249.61,231.49,164.13,173.11,175.23,82.76,110.89,113.14,105.12,115.52,13.34,105.23,10.00,103.32,135.09,205.23,285.87,293.22,266.30,268.27,261.01,199.25,41.40,126.56,210.74,268.97,260.66,249.16,238.31,164.16,107.79,132.24,78.10,7.21,6.00,12.73,14.42,46.82,42.54,27.46,111.46,102.08,48.60,142.30,114.14,15.23,2.83,16.00,49.66,38.08,24.70,98.76,4.24,151.80,183.81,110.22,124.46,165.08,168.34,166.19,95.13,114.28,164.11,101.04,143.22,72.80,131.03,214.35,263.10,218.01,219.00,230.03,205.88,119.87,33.62,15.81,33.38,42.19,83.87,140.89,202.09,222.58,218.04,200.26,205.54,250.01,228.00
6.00,6.32,5.10,5.10,7.07,7.07,6.32,7.07,7.07,5.10,3.16,4.24,5.83,5.10,3.16,3.16,1.41,4.24,3.16,4.47,3.16,4.00,6.00,16.49,34.21,54.59,51.01,50.00,35.13,43.57,48.00,45.10,40.20,39.01,41.01,47.10,52.00,40.50,15.81,2.83,4.24,32.56,254.66,41.62,87.14,33.14,157.71,57.31,36.22,57.43,79.65,150.21,66.71,41.30,180.28,160.21,58.82,159.00,13.34,66.48,227.49,180.04,13.42,1.41,7.07,13.42,28.64,18.44,7.07,10.20,1.41,3.16,7.07,13.04,15.23,14.56,14.56,7.07,5.10,20.00,26.31,27.20,19.65,17.03,18.11,26.83,30.27,32.00,32.28,32.53,15.81,3.16,7.07,18.44,11.40,23.41,19.24,5.10,10.00,10.77,15.30,4.24,9.49,5.83,9.06,9.49,8.94,8.60,62.43,249.16,254.34,168.81,56.60,106.47,123.10,102.00,129.03,136.95,72.73,129.10,95.43,92.35,90.21,114.02,212.08,246.45,314.01,352.16,364.56,342.44,205.88,13.04,161.52,274.37,298.10,279.23,255.00,249.10,198.76,105.55,43.10,17.89,4.24,37.66,10.00,22.80,6.32,10.30,17.03,15.81,42.45,27.89,31.24,113.36,81.61,52.15,104.17,92.44,18.00,11.40,89.14,167.03,192.17,222.00,202.36,179.89,248.46,232.11,246.97,108.24,209.44,221.60,183.98,121.33,129.27,180.49,36.50,158.90,200.36,223.02,185.31,79.32,23.19,26.08,30.00,55.23,150.23,232.50,260.03,243.10,227.06,267.08,283.10,211.40,172.74,170.01,181.60,185.59,120.34,48.00
6.00,4.00,1.41,3.16,3.16,4.47,5.83,6.32,4.47,2.00,3.16,4.47,5.10,5.10,2.83,2.83,5.10,5.83,4.47,5.83,8.25,8.25,5.10,27.46,44.20,34.99,13.93,37.95,73.82,67.19,37.58,18.38,20.10,27.17,30.00,57.31,80.62,83.63,41.18,4.47,4.47,62.63,265.56,52.61,107.00,50.16,154.05,40.20,18.38,32.65,21.21,200.16,65.92,55.71,167.60,124.20,53.24,134.37,20.25,61.40,220.99,206.89,31.11,11.40,6.00,7.07,18.97,20.00,18.44,12.65,4.24,3.16,11.05,16.12,24.08,34.41,32.89,26.08,24.04,16.12,12.08,13.42,16.12,23.19,32.28,38.08,34.53,35.01,32.25,20.25,6.32,5.83,7.62,13.93,10.30,14.14,14.21,15.30,15.30,13.04,4.24,5.10,8.60,7.21,5.83,6.32,5.83,5.66,121.43,256.46,63.53,113.00,10.77,121.00,128.06,99.01,144.68,130.06,77.32,183.87,140.43,195.00,311.36,356.20,350.62,233.64,112.79,17.49,111.83,225.23,286.72,318.98,353.38,338.25,218.45,96.33,15.81,9.06,5.10,8.49,10.20,17.20,25.50,31.62,11.40,27.46,3.16,10.00,13.93,1.41,34.00,12.65,108.23,179.89,184.76,170.14,245.52,226.06,213.88,236.12,267.65,259.46,229.37,198.76,161.52,101.64,102.11,180.89,261.85,61.98,107.04,174.47,202.83,184.35,191.02,118.34,30.46,28.84,12.00,46.24,162.79,249.76,254.44,189.55,166.19,206.93,250.20,208.73,188.10,176.41,171.14,232.80,145.50,111.40,38.63,29.43,12.08,21.63,30.59,26.00
4.00,4.47,4.47,4.24,4.24,5.10,5.83,3.16,4.24,5.10,6.00,6.32,5.10,4.47,5.83,6.00,5.10,4.47,5.10,5.83,4.24,4.24,4.00,32.06,32.25,16.49,26.57,28.43,23.02,31.40,36.06,15.81,10.77,10.77,13.04,66.12,48.10,101.84,60.42,6.32,5.83,75.06,277.09,20.25,124.78,65.92,153.03,32.56,20.25,17.49,16.55,198.93,76.55,82.22,77.28,26.08,91.39,100.45,21.02,61.85,217.12,285.75,40.22,24.70,4.00,10.00,8.94,5.83,9.49,9.49,12.17,12.73,45.34,51.87,52.80,47.41,35.36,31.02,23.02,14.76,16.12,4.00,15.23,25.50,29.97,15.30,2.00,7.07,2.00,7.07,8.25,4.00,7.07,9.49,5.83,2.83,4.47,1.41,4.00,3.16,4.47,2.00,7.62,7.21,5.66,5.83,6.32,5.83,142.06,239.47,32.28,106.02,19.24,118.61,109.37,96.21,82.80,231.62,339.39,316.48,257.84,177.39,79.12,47.27,116.48,260.66,315.93,288.25,275.39,262.12,201.16,174.40,131.83,99.73,105.80,13.04,12.08,13.93,12.00,7.62,14.56,8.25,15.81,21.26,14.76,36.88,11.40,52.80,154.32,168.24,122.00,191.60,281.26,280.46,368.46,374.55,334.60,270.12,250.26,224.44,106.47,104.94,224.63,250.03,269.22,293.62,288.44,281.51,276.26,120.42,47.41,146.87,173.14,54.63,138.85,223.97,272.26,250.20,215.06,216.61,228.56,189.41,181.52,182.54,173.49,160.11,101.40,39.82,59.41,44.72,27.02,152.74,17.89,156.01,18.38,16.97,8.25,7.21,9.06,12.00
2.00,3.16,5.10,7.62,7.62,4.47,0.00,2.00,1.41,3.16,2.00,2.83,2.83,2.83,4.00,5.10,4.00,4.47,3.16,4.24,3.16,2.83,2.00,28.00,25.50,10.30,20.59,111.87,170.79,213.40,238.68,246.03,257.70,287.63,278.51,171.07,43.10,107.04,64.03,4.47,5.83,76.42,289.50,33.29,138.92,69.86,152.19,12.08,16.12,7.07,29.83,171.49,94.02,80.62,98.23,39.92,89.82,61.07,28.28,87.10,177.81,324.39,37.01,45.45,35.69,28.64,23.02,34.53,44.05,47.27,51.92,62.24,71.85,52.63,37.36,19.24,8.25,7.07,11.05,18.00,14.76,13.04,22.67,23.02,6.32,15.81,17.89,20.88,21.02,18.97,17.26,17.72,13.34,8.60,1.41,3.16,7.07,7.07,10.20,11.05,8.25,8.60,11.31,8.60,4.47,4.47,5.66,6.32,127.00,240.03,35.36,104.48,98.23,203.67,257.33,204.30,224.04,212.13,68.66,78.23,157.26,224.36,275.12,277.22,278.60,271.91,177.05,96.38,31.91,8.94,10.77,115.35,108.66,121.70,108.46,3.16,11.40,15.23,12.17,6.32,12.81,33.29,69.77,175.96,178.35,120.54,178.76,241.96,260.35,261.64,255.05,294.16,225.82,130.38,170.00,40.20,145.58,219.51,246.66,270.03,293.49,303.32,273.00,269.42,261.02,201.92,109.77,74.79,77.42,234.61,86.56,244.05,209.38,159.00,126.32,116.28,119.01,151.80,174.05,151.56,65.44,62.43,66.65,36.22,27.89,13.04,24.08,8.49,7.21,10.00,14.42,134.01,21.21,133.45,12.00,9.49,2.83,4.00,6.32,4.00
4.00,4.00,4.00,5.66,4.47,5.83,5.83,3.16,2.00,3.16,1.41,3.16,4.24,3.16,2.00,1.41,2.00,1.41,2.00,1.41,2.00,2.83,3.16,23.02,18.38,12.08,41.01,160.72,202.28,228.84,247.46,237.17,233.93,257.39,294.21,278.46,149.97,101.04,61.01,2.83,3.16,79.16,302.24,41.11,156.52,67.68,166.72,38.63,27.02,7.07,51.01,134.54,123.22,44.94,105.12,82.76,103.39,18.44,32.25,68.66,175.00,329.00,16.00,22.36,24.08,41.23,45.01,46.82,49.50,55.01,63.39,60.08,37.20,10.77,5.10,6.32,7.21,17.20,21.26,8.60,8.60,9.90,17.26,7.07,17.03,21.26,12.81,11.05,14.14,10.00,4.47,5.66,5.10,1.41,4.47,2.00,5.10,3.16,4.47,7.07,9.06,11.66,10.00,5.83,4.00,5.66,7.21,5.83,85.43,229.32,249.24,266.92,260.35,205.14,132.26,32.98,82.76,251.44,365.45,367.76,331.34,204.04,96.54,35.44,24.08,94.02,4.47,91.27,10.30,6.32,7.21,97.32,108.67,112.92,100.13,5.66,27.78,27.86,24.41,17.49,91.97,203.18,300.08,287.31,287.59,255.74,270.77,202.54,110.89,94.92,75.80,180.25,233.17,247.89,291.57,306.42,274.39,258.77,266.27,270.01,225.80,122.54,29.12,13.34,5.10,5.10,8.25,50.04,23.71,248.03,159.66,321.30,153.15,89.94,60.17,141.40,183.00,101.52,38.08,27.46,12.17,15.23,8.60,4.47,1.41,4.00,17.09,21.54,14.00,19.70,19.24,100.02,24.70,102.31,15.56,10.30,4.47,5.10,6.32,4.00
6.00,6.00,7.07,7.62,5.10,6.00,8.94,7.62,7.07,7.07,6.32,7.07,8.94,8.94,7.07,5.10,2.83,1.41,0.00,3.16,4.00,4.47,4.47,14.14,14.76,17.26,48.27,168.11,250.67,155.56,25.06,17.20,8.60,77.20,32.65,221.78,235.44,99.01,60.00,1.41,2.00,81.06,309.04,64.08,170.75,73.35,185.53,48.17,41.23,18.60,67.07,107.08,145.67,12.00,86.83,94.19,117.69,25.30,19.24,38.83,180.40,334.60,31.91,32.31,26.00,15.30,21.21,22.36,12.81,8.25,10.00,6.32,9.49,27.20,41.79,53.37,63.07,58.05,37.12,21.63,4.47,5.10,10.00,14.14,17.03,8.94,5.66,7.07,8.25,8.94,9.06,9.06,8.25,7.62,4.47,2.00,4.47,3.16,4.00,4.47,5.83,7.07,4.24,2.83,4.47,7.21,7.07,4.24,43.17,132.10,98.79,43.29,106.10,187.24,253.30,232.22,246.11,273.43,206.16,96.52,91.44,90.80,28.07,10.77,7.62,94.19,4.47,89.05,2.00,8.60,10.00,65.79,85.60,137.54,88.81,96.04,215.56,247.02,242.67,255.16,291.67,302.58,226.65,33.73,147.87,87.46,89.94,210.79,248.29,269.67,293.85,264.12,256.78,248.62,220.73,130.27,52.50,29.15,12.81,4.24,4.24,10.77,12.08,8.60,7.07,7.07,8.60,50.64,113.70,208.02,260.01,257.67,146.01,151.29,42.52,2.83,101.24,101.24,5.66,8.25,8.60,12.81,17.03,19.03,27.46,28.00,26.42,24.08,11.40,8.60,6.32,73.55,18.87,70.00,15.62,8.00,6.00,9.49,3.16,6.00
6.00,6.00,6.32,4.00,3.16,5.83,7.07,5.66,4.47,4.00,3.16,1.41,2.83,5.83,6.00,7.07,8.94,7.62,5.10,4.47,3.16,2.83,2.83,4.47,11.05,8.25,19.24,73.01,184.63,233.03,126.51,14.42,21.40,22.67,79.06,182.46,264.07,100.72,54.33,0.00,0.00,81.01,299.28,95.26,163.00,72.01,187.58,51.87,34.21,33.14,74.15,85.44,160.43,54.00,98.06,57.71,116.93,74.43,40.05,21.21,190.88,308.53,22.67,28.64,25.96,26.00,15.23,10.20,8.94,5.10,2.00,4.00,14.14,30.89,42.64,44.72,40.00,31.78,22.36,26.91,18.60,5.83,3.16,4.24,5.10,6.00,9.06,10.00,10.20,10.77,9.06,8.00,7.07,6.32,6.00,5.10,4.24,4.24,5.66,4.47,5.10,7.21,7.62,7.07,5.83,5.66,5.66,3.16,55.01,182.60,266.92,264.01,264.85,201.38,107.15,49.19,38.91,129.03,102.08,27.17,135.09,87.13,38.60,7.21,5.10,90.02,5.83,160.65,153.06,139.84,134.83,233.62,310.10,313.36,270.00,279.29,294.98,238.21,189.08,83.73,68.43,190.39,276.12,320.31,323.67,306.74,251.16,254.03,220.15,189.76,115.97,20.10,32.31,26.08,33.53,8.94,2.83,3.16,4.24,8.60,6.00,10.20,7.07,7.07,5.66,13.93,9.90,56.52,215.82,127.95,386.25,191.80,174.29,140.06,2.83,7.62,100.02,101.00,8.49,12.81,9.90,8.25,20.10,30.59,30.59,27.17,24.04,17.49,6.32,1.41,5.10,65.07,8.60,58.55,5.83,1.41,1.41,8.60,16.00,18.00
4.00,3.16,1.41,1.41,2.83,3.16,5.10,4.47,1.41,0.00,0.00,0.00,0.00,2.00,1.41,2.00,2.00,4.24,3.16,1.41,2.00,2.00,2.00,7.62,12.08,16.12,17.49,26.08,83.74,201.40,216.67,117.69,20.59,15.23,67.36,156.46,283.00,101.83,41.59,0.00,0.00,77.06,282.26,123.20,150.21,54.63,159.38,65.97,22.36,56.57,63.95,55.71,174.80,159.42,159.91,42.80,112.29,134.06,37.12,98.33,177.81,261.16,35.01,43.01,42.05,30.59,14.21,0.00,3.16,4.24,5.83,5.66,14.42,41.23,40.05,12.65,16.49,15.81,7.07,20.40,24.08,7.07,2.00,2.83,4.00,6.32,6.00,7.07,8.25,7.62,6.00,6.00,6.00,6.32,6.00,6.32,5.10,7.07,7.21,5.10,7.21,7.62,3.16,1.41,4.24,5.66,4.24,2.00,121.24,184.91,126.49,24.70,68.66,4.47,5.83,16.97,18.87,128.06,102.02,26.31,147.00,85.01,65.79,128.14,118.53,199.12,309.01,349.59,272.12,272.12,264.43,286.75,264.76,163.23,70.77,65.30,222.95,279.00,285.33,261.20,249.02,254.20,249.10,255.64,147.63,153.39,108.34,51.40,24.04,19.24,34.21,22.36,47.20,38.47,44.41,20.59,5.10,9.49,12.65,4.00,8.00,7.21,8.25,13.04,13.04,13.04,10.30,46.69,195.25,159.30,373.75,155.26,180.01,138.00,3.16,7.07,97.01,98.18,15.23,20.88,18.87,11.05,14.21,12.08,3.16,4.47,5.10,5.10,5.83,4.00,5.83,61.07,12.08,61.61,12.65,10.00,11.40,39.45,55.23,58.00
0.00,1.41,2.00,2.00,1.41,4.47,2.83,3.16,1.41,1.41,1.41,0.00,1.41,1.41,2.00,2.83,4.00,3.16,1.41,0.00,1.41,2.83,0.00,9.06,13.34,11.66,22.67,21.26,34.06,114.77,203.82,216.60,121.63,13.42,75.89,164.78,303.00,101.24,31.14,0.00,0.00,73.01,270.12,151.03,149.09,44.27,133.18,74.03,7.21,72.18,61.07,27.02,191.77,269.67,154.83,135.79,104.74,174.05,9.90,130.25,168.30,244.20,8.60,4.47,4.47,4.24,3.16,4.00,4.47,8.49,11.40,20.59,29.15,46.04,40.50,5.83,8.60,6.32,11.31,25.81,26.42,11.40,7.07,6.32,5.10,3.16,3.16,5.83,6.32,5.10,4.00,5.10,7.07,7.07,6.00,7.07,8.00,8.60,7.21,7.07,8.60,5.66,2.83,2.83,4.47,4.47,1.41,0.00,164.01,152.21,64.56,25.30,82.00,15.30,19.70,20.00,22.67,93.90,131.24,282.85,332.47,279.65,291.08,286.06,284.04,319.95,319.83,172.10,80.62,128.16,125.96,235.94,276.06,285.95,279.69,280.45,279.52,266.37,187.72,80.26,24.00,23.19,33.02,110.68,22.09,101.61,27.46,24.70,18.60,14.56,29.83,24.74,44.29,24.70,45.89,29.43,2.00,5.66,19.85,17.72,6.32,8.25,13.34,15.81,17.26,13.93,9.90,96.80,123.55,56.73,251.73,130.55,186.17,126.06,5.10,5.66,98.08,88.00,16.55,22.80,26.83,23.02,12.17,5.66,10.20,7.21,8.60,11.40,14.56,14.00,13.42,55.32,17.49,59.67,14.56,14.14,10.20,97.29,50.64,50.00
0.00,0.00,0.00,0.00,4.00,1.41,1.41,1.41,2.83,2.83,1.41,1.41,2.83,1.41,2.00,4.00,0.00,0.00,0.00,0.00,1.41,4.24,5.83,5.83,13.34,3.16,11.66,18.44,17.89,36.36,97.67,198.07,223.66,136.24,106.48,174.01,316.03,98.33,24.08,3.16,5.10,77.78,263.43,174.04,157.04,44.27,136.95,80.96,39.22,86.65,76.94,20.00,202.24,309.22,148.63,166.72,84.00,172.01,17.03,110.07,175.14,255.24,20.40,29.15,36.50,35.01,28.07,29.73,40.79,50.16,47.27,39.85,35.47,36.80,21.54,6.32,8.49,20.40,21.21,24.41,21.95,8.94,6.32,7.07,8.00,7.07,5.10,4.24,1.41,1.41,3.16,3.16,2.83,3.16,4.00,4.00,5.10,7.21,5.83,3.16,4.47,4.24,5.83,6.32,4.47,4.47,3.16,4.00,165.03,155.00,69.01,8.25,93.13,8.60,82.33,210.61,277.52,304.14,365.05,401.72,339.28,220.45,48.76,66.27,86.76,164.40,239.25,301.53,290.34,261.00,265.83,272.47,254.50,198.76,118.33,54.20,4.24,36.50,23.02,8.60,11.40,2.00,9.06,106.08,13.42,104.08,15.30,25.18,15.30,5.10,20.25,10.77,25.18,29.53,48.70,33.11,13.04,18.38,16.49,89.14,184.74,182.36,82.38,31.14,134.85,249.60,302.03,297.86,238.21,265.65,309.43,191.64,184.53,124.79,6.00,5.83,99.13,82.10,15.23,8.49,31.14,19.65,18.38,20.59,16.97,14.21,13.34,13.04,11.40,10.00,13.04,46.32,34.53,42.38,2.83,8.60,10.20,133.51,24.33,20.00
0.00,1.41,1.41,1.41,4.47,2.00,4.24,2.83,1.41,4.00,5.10,4.47,4.47,3.16,3.16,5.66,2.83,1.41,3.16,5.10,7.62,7.62,14.21,16.12,10.77,4.24,4.24,13.04,22.85,16.97,31.91,99.36,198.04,236.60,206.01,163.08,306.94,97.42,15.81,3.16,0.00,85.01,277.65,189.49,178.47,43.93,156.22,88.09,54.59,107.70,106.30,45.65,226.22,244.81,159.76,101.83,77.28,155.03,14.42,70.26,197.43,284.70,39.32,38.08,29.43,25.50,28.07,42.94,45.54,39.32,32.25,22.09,13.04,12.17,14.21,15.62,5.83,34.53,25.81,19.85,16.55,3.16,3.16,4.00,5.10,6.32,5.10,4.47,4.00,4.47,4.47,3.16,2.83,2.83,2.00,4.47,7.62,6.32,3.16,3.16,4.24,3.16,4.00,4.47,5.10,5.83,4.47,4.00,162.01,110.21,215.52,302.06,288.90,249.45,269.32,297.38,227.88,133.78,52.63,167.72,236.69,267.09,276.41,263.55,278.52,262.49,240.07,214.85,94.02,15.81,23.02,14.21,11.31,17.89,10.20,6.00,8.25,31.40,20.59,15.62,19.70,28.28,33.53,109.42,33.53,112.18,21.26,31.30,14.42,6.32,27.31,32.28,39.82,17.49,72.47,73.55,106.51,228.32,283.00,311.28,297.92,318.65,314.56,304.03,334.98,306.30,273.15,133.46,44.94,115.88,412.42,332.79,166.30,140.51,3.16,8.49,96.19,81.06,11.40,2.83,28.07,11.40,21.54,32.25,18.11,12.73,7.21,3.16,4.00,3.16,7.07,53.14,90.02,44.94,49.48,52.15,43.01,104.08,31.02,30.00
2.00,1.41,1.41,2.83,3.16,0.00,2.83,8.49,8.00,8.25,7.07,3.16,2.00,2.83,3.16,2.00,4.47,4.00,5.66,8.94,13.42,12.00,28.43,28.28,23.71,7.21,4.47,3.16,22.63,24.04,24.04,34.99,84.88,198.17,277.08,195.00,245.49,103.94,26.00,26.08,29.15,95.60,307.08,206.07,202.09,20.25,164.00,83.26,43.38,123.00,151.42,65.19,260.12,147.53,133.15,18.44,94.76,154.05,20.25,41.59,211.59,324.30,12.00,14.76,5.10,8.49,12.65,26.83,4.00,14.21,10.30,7.21,7.07,9.49,13.04,24.08,43.57,51.61,38.60,22.09,10.30,2.00,3.16,4.00,3.16,2.83,4.00,6.32,5.10,3.16,0.00,0.00,4.24,4.47,5.10,5.83,5.66,3.16,2.00,4.24,4.47,4.47,4.24,6.32,4.24,3.16,2.83,2.00,115.60,185.15,227.68,152.43,55.08,41.76,103.59,217.85,287.09,288.06,266.37,278.72,268.57,203.00,82.87,8.94,72.12,48.85,25.30,67.36,9.49,7.21,18.11,10.20,11.05,18.00,4.47,5.83,7.07,26.83,22.67,15.81,15.03,15.81,16.55,97.25,37.34,194.51,155.93,134.13,105.80,125.63,194.50,245.59,239.42,235.73,243.25,273.34,309.69,324.70,298.00,233.83,104.00,111.89,204.78,186.60,34.00,239.87,288.03,332.23,230.14,288.29,428.43,329.12,162.01,147.03,1.41,7.21,97.05,81.01,17.72,11.05,29.12,10.20,15.81,30.53,33.62,34.93,25.30,29.73,38.05,36.14,25.02,59.82,55.73,106.07,38.63,44.92,131.13,237.10,290.17,282.00
4.00,5.10,10.77,12.65,9.06,9.06,9.06,8.49,5.10,7.07,9.06,10.77,8.00,8.60,12.17,15.03,12.17,8.94,4.24,6.00,10.20,7.07,36.77,16.49,24.70,31.05,38.63,35.47,6.32,16.49,20.25,23.41,31.02,88.60,188.37,171.14,142.02,105.80,15.62,16.49,19.24,105.39,323.00,210.09,219.82,20.00,155.29,72.28,56.92,114.77,180.21,96.30,280.71,92.20,103.39,37.34,97.87,164.07,35.61,27.02,209.88,353.51,11.40,9.06,14.21,7.21,21.59,21.02,21.63,35.36,41.30,42.05,39.01,38.05,40.20,48.08,54.41,45.61,27.31,15.81,12.08,7.07,6.32,6.00,5.10,5.10,5.10,2.00,1.41,3.16,4.47,4.47,4.24,2.83,4.24,3.16,3.16,1.41,2.00,4.47,4.24,4.47,3.16,5.10,4.00,1.41,4.24,4.00,37.01,72.72,209.12,303.60,277.42,257.31,239.42,241.35,201.56,76.28,38.08,35.36,42.76,11.40,48.66,60.96,100.85,34.67,10.77,77.01,16.55,8.60,23.02,12.17,11.40,17.26,7.07,1.41,37.01,147.20,222.46,195.92,83.45,100.57,208.81,275.06,281.40,321.20,239.01,229.97,216.75,225.80,257.44,264.48,242.03,184.39,154.12,161.45,2.83,211.70,233.94,234.20,264.59,271.15,273.09,318.02,322.49,279.40,266.19,215.75,99.25,177.34,345.96,192.35,177.13,119.51,119.82,112.61,85.88,108.17,61.47,54.04,50.12,35.44,42.00,63.81,48.76,58.03,111.51,181.14,214.15,220.33,213.00,179.00,149.41,203.21,257.00,273.28,280.92,247.50,241.35,246.00
8.00,17.03,13.42,11.31,5.10,3.16,2.83,2.00,2.83,1.41,3.16,4.24,6.00,14.21,15.23,13.34,12.00,10.00,5.66,4.47,12.08,7.21,31.62,19.03,8.60,102.53,123.48,134.54,45.28,8.60,16.49,18.97,18.38,23.02,51.87,94.20,48.02,102.02,12.17,8.00,3.16,117.35,312.00,184.79,228.76,53.85,138.13,91.92,102.58,92.44,158.32,112.09,297.07,147.00,161.28,46.32,55.32,172.26,65.15,5.10,208.04,358.09,16.49,21.02,16.49,8.00,18.38,29.83,47.41,49.19,41.59,39.01,38.05,39.01,42.00,38.60,20.25,6.00,4.47,7.07,10.00,10.20,8.00,5.10,4.47,4.00,3.16,2.83,3.16,4.47,5.10,5.10,4.47,3.16,3.16,2.83,3.16,2.00,2.00,4.47,4.47,2.83,3.16,5.66,5.66,3.16,3.16,1.41,107.07,196.77,231.62,156.95,71.18,17.26,36.80,21.59,17.03,41.23,39.12,57.27,37.01,12.65,49.98,72.50,84.72,13.34,22.85,63.95,13.93,12.81,75.80,128.56,83.49,59.93,170.88,255.33,291.82,312.66,261.72,278.86,263.43,265.19,259.14,246.64,229.11,150.86,47.71,81.06,97.01,126.25,112.59,121.66,226.01,257.44,249.24,273.31,306.35,286.09,292.48,278.09,252.04,250.03,260.38,215.62,100.42,2.83,8.49,23.19,35.44,25.02,234.08,106.02,203.89,47.54,128.63,137.77,34.67,164.60,186.69,187.45,201.30,213.00,216.45,224.40,238.00,245.46,242.89,227.90,244.28,241.00,225.27,227.07,240.03,250.65,249.02,211.02,119.41,4.00,35.69,34.00
0.00,12.65,10.20,12.81,7.07,5.10,3.16,2.00,4.00,4.24,4.24,4.00,13.04,17.20,7.07,4.47,2.00,4.00,9.49,5.10,11.40,15.23,31.05,38.47,31.02,202.07,204.04,239.07,141.60,46.75,8.25,3.16,7.07,12.81,11.40,85.29,14.14,110.45,30.00,23.19,15.81,129.00,290.00,148.30,227.11,57.43,110.75,83.05,120.43,73.55,110.02,119.08,295.00,202.54,145.50,135.33,10.00,149.97,113.36,35.47,201.42,348.00,6.00,3.16,8.60,8.00,4.24,27.78,37.44,20.25,5.83,4.00,8.00,8.25,6.32,5.83,5.83,4.00,4.00,4.47,2.00,3.16,4.47,3.16,1.41,5.10,6.32,7.07,7.07,4.00,1.41,1.41,4.24,3.16,1.41,4.00,0.00,1.41,4.47,7.21,5.83,5.83,7.62,7.62,5.83,3.16,2.83,4.24,146.05,149.03,69.18,13.42,76.03,11.40,25.30,14.42,17.26,37.12,56.80,50.54,40.20,10.00,22.63,109.37,89.55,83.23,70.71,195.47,274.07,273.09,305.16,286.17,302.55,288.14,303.59,289.93,262.83,160.03,20.40,155.24,76.54,81.15,165.70,277.78,344.01,365.23,338.54,272.03,233.73,255.77,244.20,274.02,266.85,232.14,245.00,213.19,116.18,30.36,66.29,53.85,7.07,22.80,8.94,18.97,11.40,10.00,12.17,23.54,34.21,35.78,194.88,171.47,274.59,163.88,236.41,233.23,208.93,217.19,253.10,251.88,249.10,245.02,241.75,237.61,237.10,196.86,100.65,35.69,31.40,29.15,33.29,51.87,55.23,54.59,34.93,22.80,45.80,102.30,170.30,214.00
8.00,11.40,9.06,8.60,7.07,7.62,5.10,4.00,7.07,9.06,12.17,9.90,13.04,5.66,7.62,3.16,1.41,8.94,10.30,4.00,7.07,10.77,17.20,21.21,60.03,276.46,257.03,241.87,250.42,151.74,54.92,16.12,4.00,11.40,12.81,90.20,13.93,122.26,21.54,7.07,14.56,132.02,284.03,129.00,229.11,12.08,53.16,28.60,88.06,19.85,73.35,138.71,284.01,224.89,118.46,167.00,43.08,112.00,149.47,50.48,196.90,336.43,25.02,21.21,13.93,11.05,17.03,28.60,26.42,22.80,13.42,7.07,12.17,14.14,13.04,15.03,11.05,5.66,2.83,1.41,1.41,2.00,4.00,4.47,7.21,6.32,7.07,8.00,8.00,7.62,6.32,7.62,6.32,4.47,5.10,5.83,4.00,4.47,7.07,7.21,6.32,7.21,5.83,4.47,4.47,5.10,7.62,7.62,141.00,150.01,77.16,9.90,82.10,10.20,29.73,25.50,16.12,15.03,65.44,196.84,261.63,251.05,254.00,279.95,235.36,266.92,252.69,287.31,277.05,281.02,154.05,75.80,70.84,43.86,128.51,230.82,256.12,243.91,243.68,256.56,224.02,218.93,212.04,301.53,345.32,331.19,314.76,186.68,49.52,91.27,175.60,181.25,87.73,22.63,16.55,22.00,24.04,25.02,30.36,63.95,34.44,50.93,36.06,39.85,35.69,25.96,22.14,16.49,5.83,51.61,173.67,202.48,199.90,93.26,142.69,187.54,131.53,49.74,14.14,10.77,24.41,31.40,31.78,10.00,2.83,35.81,123.69,198.34,230.36,231.95,258.25,266.44,202.78,106.53,45.65,33.62,71.85,146.24,172.54,128.00
0.00,5.10,4.00,8.60,9.49,10.77,8.94,5.10,6.32,8.25,10.00,17.20,21.40,17.03,14.00,13.04,14.14,11.66,4.47,5.83,7.62,5.83,12.81,21.26,65.38,297.04,293.08,94.87,217.79,239.34,158.15,92.65,38.21,5.83,11.31,92.54,17.20,116.02,17.49,28.18,24.17,113.11,302.06,144.81,244.97,31.14,35.36,20.40,68.96,28.64,43.93,145.58,280.58,157.18,130.23,107.70,54.59,72.69,172.54,49.19,198.49,326.50,14.00,10.77,7.07,8.25,15.23,27.46,29.15,26.08,21.26,13.04,14.76,14.00,13.04,10.20,8.49,2.00,1.41,1.41,2.00,1.41,4.00,6.00,4.47,2.83,3.16,4.00,4.00,5.83,7.07,7.62,5.10,6.00,9.49,9.06,7.07,5.10,5.83,4.47,4.24,4.24,1.41,3.16,5.66,6.00,5.83,4.47,93.35,205.07,164.66,167.60,241.40,226.22,206.04,197.73,222.90,237.66,252.12,288.46,251.58,180.50,66.48,94.34,62.24,104.62,7.21,215.87,273.09,270.01,286.25,294.89,273.22,267.99,252.05,249.00,249.58,239.10,193.38,113.70,35.47,38.21,9.49,175.41,149.22,58.60,130.61,139.43,10.20,13.42,17.49,13.93,18.87,29.15,11.40,23.41,27.86,25.18,26.57,45.61,19.03,27.46,28.07,28.18,26.00,27.78,15.03,14.56,7.07,118.27,67.42,35.13,104.00,48.33,136.89,226.04,258.00,284.25,255.69,152.12,31.78,14.00,41.04,91.09,134.08,149.45,178.20,122.59,106.28,89.50,83.01,65.92,152.61,128.02,65.15,73.35,80.62,154.54,77.78,64.00
14.00,14.56,14.14,11.40,4.00,3.16,5.66,5.83,3.16,0.00,3.16,5.83,12.81,10.20,11.05,12.00,10.00,6.00,2.83,7.07,4.24,2.00,18.44,35.36,47.54,289.08,260.05,58.94,66.65,185.31,202.65,192.38,93.51,45.28,9.06,89.01,15.81,103.00,14.42,21.63,12.17,99.25,324.30,163.59,253.43,35.01,17.26,14.14,54.15,11.40,13.34,134.95,288.46,42.54,116.10,29.43,59.62,33.73,198.58,81.58,203.12,324.10,12.08,8.00,7.21,6.00,7.62,10.00,11.40,17.03,12.65,7.62,3.16,2.83,3.16,8.60,7.07,0.00,2.00,1.41,1.41,1.41,3.16,2.00,2.00,2.83,0.00,2.00,1.41,2.00,5.10,5.10,5.10,6.32,5.83,5.10,6.32,6.00,7.21,5.83,5.66,4.47,4.00,5.66,7.21,5.10,5.10,3.16,79.40,184.27,266.56,279.43,256.78,173.37,126.66,170.58,187.92,181.34,227.90,342.47,286.64,150.90,205.88,246.81,305.13,221.82,216.01,222.32,267.02,266.19,196.23,104.01,15.56,43.84,18.11,3.16,14.14,4.00,7.21,12.65,20.10,15.81,31.05,118.83,137.77,21.21,122.80,126.40,1.41,5.10,14.14,8.00,4.47,40.00,11.40,20.40,14.00,5.10,14.21,37.34,16.49,15.62,11.05,20.25,2.83,17.49,12.65,31.78,143.76,165.68,185.61,110.05,162.86,118.53,137.00,105.26,113.75,116.93,140.43,186.01,111.80,87.46,108.81,125.64,109.44,84.40,53.46,88.65,126.53,129.00,160.80,183.10,133.46,68.03,58.55,71.06,59.48,141.23,10.00,14.00
12.00,14.14,43.57,51.48,34.21,1.41,1.41,4.24,4.47,4.47,2.83,1.41,7.07,8.25,7.07,4.47,2.83,3.16,5.83,10.30,10.00,5.10,45.54,37.74,14.42,286.17,181.59,76.58,42.45,53.16,100.77,200.42,162.01,137.64,60.42,67.54,15.23,93.90,21.26,11.66,6.32,125.63,337.51,143.95,236.69,43.93,55.46,13.04,56.32,0.00,11.40,129.87,296.43,28.18,88.20,48.66,55.73,7.07,208.78,110.29,201.00,323.01,8.94,8.25,17.03,17.09,23.02,18.44,17.49,17.03,8.49,5.66,4.47,5.66,5.66,9.49,2.83,2.83,2.00,4.24,4.00,2.83,3.16,2.00,2.00,1.41,2.00,0.00,2.00,3.16,4.24,4.00,5.10,6.32,5.10,4.47,5.10,6.00,5.83,4.47,5.66,4.47,5.10,7.21,5.66,2.83,2.00,2.00,103.82,63.70,123.71,140.77,82.87,420.20,550.99,539.21,550.03,582.42,592.03,605.83,647.30,548.85,335.94,111.00,113.22,140.26,66.48,117.00,3.16,17.09,22.36,27.17,29.83,27.86,18.60,11.40,11.66,12.00,13.93,15.62,17.89,13.34,37.20,98.49,135.20,18.60,125.67,121.50,11.40,9.06,14.76,12.00,13.04,52.95,16.49,36.88,15.30,5.10,10.00,54.57,20.25,48.10,35.36,66.53,137.03,140.46,100.50,131.64,263.08,164.45,386.13,93.26,208.24,114.14,76.84,127.01,167.15,199.56,155.03,76.90,92.97,114.02,89.90,41.23,36.88,45.01,30.00,21.26,45.61,8.60,12.08,10.20,30.07,12.00,5.83,3.16,8.60,130.14,11.31,12.00
4.00,13.04,58.14,50.04,82.13,31.11,1.41,0.00,2.83,3.16,0.00,2.83,5.10,5.83,4.47,5.83,3.16,5.10,5.83,5.10,7.07,8.60,66.00,20.88,21.21,290.34,115.73,66.84,69.57,58.03,46.69,88.59,134.62,188.28,146.67,85.43,11.31,83.95,20.25,11.05,8.25,184.84,331.83,66.75,191.21,31.14,99.13,17.49,57.01,25.50,26.83,115.73,278.12,16.12,87.56,28.07,54.59,32.31,190.52,123.20,197.57,324.39,14.76,15.81,24.33,28.64,25.50,20.10,16.49,10.00,4.24,5.83,4.47,6.32,8.94,5.66,2.00,2.00,4.00,4.24,2.00,4.24,3.16,4.47,2.00,2.00,4.00,5.10,3.16,5.83,4.24,2.00,4.24,5.83,6.00,4.00,3.16,6.32,7.07,5.10,5.66,4.47,4.47,4.24,1.41,2.00,1.41,4.47,95.05,62.13,244.63,276.83,192.35,379.16,342.47,303.30,304.42,297.84,290.01,266.58,169.10,67.19,93.06,101.00,34.21,147.65,30.07,158.68,11.05,19.24,15.81,28.28,29.12,19.65,13.34,9.90,8.94,8.00,8.60,10.00,15.23,10.00,29.15,74.43,133.42,31.78,123.33,119.94,28.64,50.70,133.70,142.24,59.41,53.24,67.68,130.00,120.54,81.01,82.28,203.91,229.26,255.23,250.68,268.15,249.48,250.71,270.12,245.54,100.65,223.89,433.24,50.00,238.84,110.35,16.55,12.08,33.11,17.26,38.08,11.31,5.66,5.10,8.94,12.00,13.04,10.20,81.25,46.69,83.20,11.40,20.59,35.36,24.04,26.08,18.44,18.11,17.72,129.55,26.83,24.00
20.00,27.20,65.12,53.25,57.27,59.67,2.00,2.00,1.41,4.47,2.00,4.24,2.83,3.16,2.83,6.32,2.00,2.83,5.10,0.00,0.00,4.47,58.87,42.54,35.61,290.56,63.39,45.65,56.52,60.88,56.32,27.86,35.69,99.09,135.09,194.29,2.83,74.03,4.47,5.83,8.00,218.45,305.08,23.02,138.05,29.15,120.81,15.81,25.50,33.53,48.33,85.15,241.02,44.65,101.86,56.73,40.72,59.41,144.84,138.05,191.53,330.65,29.43,24.33,20.10,20.40,18.97,15.03,13.04,9.06,6.32,8.49,6.32,6.00,4.47,2.00,2.83,2.83,2.00,1.41,0.00,1.41,3.16,5.66,4.00,3.16,1.41,1.41,3.16,7.21,5.83,7.07,6.32,2.83,0.00,2.00,3.16,5.83,5.10,6.00,5.83,4.47,4.47,4.47,5.10,6.32,7.62,8.94,104.02,52.95,341.58,72.72,187.13,216.45,395.61,457.25,448.11,478.71,499.00,499.01,502.02,496.00,362.93,117.21,24.08,148.05,8.49,165.03,0.00,16.00,12.00,26.00,30.27,17.09,9.90,19.24,25.96,76.55,178.64,211.37,157.08,72.11,30.36,41.40,98.03,275.23,338.20,274.53,235.36,266.85,276.59,280.53,275.54,253.33,273.16,256.78,248.08,261.01,266.10,292.67,238.11,269.03,273.02,192.34,89.44,76.16,139.71,109.55,179.11,254.57,290.33,87.01,247.10,110.16,15.62,3.16,27.31,12.65,31.02,15.81,12.81,19.65,21.59,21.59,23.19,19.70,138.05,47.85,140.70,21.54,24.70,30.23,20.25,35.36,25.06,15.03,13.93,119.68,24.70,20.00
30.00,31.02,48.17,78.60,36.72,56.32,17.49,6.00,3.16,4.24,5.66,3.16,4.47,3.16,4.24,6.32,2.00,2.83,5.83,3.16,1.41,1.41,28.84,51.48,36.06,293.34,23.32,15.81,24.04,28.60,23.71,38.21,36.06,10.77,5.10,259.00,3.16,75.17,7.21,4.47,4.47,210.61,292.65,22.14,87.10,54.92,122.59,65.07,43.57,24.08,66.71,55.23,211.02,87.14,56.09,97.42,44.65,51.01,80.81,147.98,184.88,332.49,18.44,16.12,12.00,9.49,10.30,10.00,9.49,8.60,3.16,4.47,4.24,2.00,2.00,2.00,2.83,1.41,0.00,0.00,1.41,2.00,1.41,4.00,1.41,3.16,3.16,2.00,4.24,5.83,5.83,5.83,5.10,2.83,0.00,2.00,5.66,4.47,2.00,2.83,3.16,2.83,4.24,4.47,5.83,6.32,7.21,5.83,109.11,38.47,208.47,159.03,129.07,13.42,8.25,7.07,6.32,7.21,7.62,8.94,7.07,7.07,154.12,117.72,99.30,145.09,54.15,153.94,86.37,9.06,66.57,158.81,245.34,259.23,248.00,237.76,223.02,263.43,267.12,231.46,244.77,247.65,234.42,227.37,279.86,352.73,319.41,259.70,244.13,224.04,127.01,139.27,244.72,264.61,174.64,130.92,102.96,107.48,44.05,115.39,244.82,291.08,278.03,257.33,259.31,261.09,258.12,282.08,272.94,110.14,239.25,92.57,248.65,102.31,12.65,11.66,24.08,41.23,26.57,20.59,19.70,13.34,9.06,11.05,9.06,18.44,222.80,93.43,229.51,21.40,16.55,18.97,4.00,22.85,8.94,5.66,8.60,116.02,5.83,4.00
174.00,127.63,63.81,49.58,7.62,33.02,19.24,1.41,2.83,2.83,4.24,4.00,2.83,0.00,3.16,6.32,1.41,2.00,3.16,4.00,2.83,6.00,14.14,24.04,21.21,297.20,9.49,4.00,5.83,18.44,5.10,9.49,17.03,19.85,20.10,255.24,4.00,78.03,5.10,3.16,4.00,168.81,298.08,55.23,41.59,42.64,90.44,73.06,118.41,7.07,76.24,41.23,181.00,80.92,86.31,76.97,77.78,18.38,34.06,141.17,181.02,332.05,5.83,5.66,4.47,3.16,38.29,48.08,70.71,120.81,136.24,131.00,130.06,131.00,132.00,129.00,125.00,125.00,127.00,128.00,126.00,123.00,150.27,168.01,149.41,166.37,140.36,42.05,64.62,61.40,93.30,95.60,45.25,4.47,7.07,8.25,7.62,5.10,4.47,5.66,4.00,5.83,5.83,4.47,5.66,4.47,4.24,1.41,100.32,33.29,98.99,25.50,4.24,5.83,6.32,7.07,8.25,7.62,7.21,7.62,7.07,7.21,107.90,195.48,274.43,199.32,163.25,222.40,290.19,261.02,256.83,263.47,257.32,265.05,256.03,260.93,254.39,201.78,99.09,52.15,131.04,96.10,22.67,26.68,100.66,218.36,257.00,248.01,244.66,253.44,256.00,249.58,248.00,264.14,253.10,251.24,247.95,258.05,243.05,251.43,263.47,265.42,271.22,255.16,229.06,224.04,238.00,240.35,160.65,53.76,266.61,88.77,262.27,98.08,15.23,7.62,52.15,62.29,50.93,14.56,18.11,14.76,14.14,17.49,20.25,17.03,285.93,38.08,301.37,17.09,5.10,14.56,1.41,17.03,1.41,5.10,7.07,135.62,25.96,22.00
228.00,255.16,85.60,85.16,74.97,32.89,25.18,1.41,2.83,3.16,2.00,0.00,0.00,0.00,2.00,5.10,2.83,1.41,2.00,42.64,99.96,113.36,72.80,39.85,12.65,298.03,22.00,10.77,13.93,15.81,2.83,0.00,11.05,9.49,7.21,251.02,8.00,75.17,7.62,7.62,9.06,101.98,295.92,92.44,18.11,38.08,44.41,55.73,186.34,23.41,110.92,70.72,140.36,50.99,60.03,4.47,107.79,33.62,37.20,117.72,175.00,332.01,1.41,2.83,6.00,9.06,61.20,23.54,163.77,115.80,129.47,129.00,126.02,123.00,120.02,117.04,115.00,117.11,120.02,116.07,111.04,109.04,60.13,46.07,81.22,82.76,173.00,18.44,135.60,142.44,138.81,113.17,91.09,4.47,6.32,5.10,3.16,3.16,7.21,8.94,8.00,7.62,6.32,7.62,7.62,5.10,3.16,3.16,91.14,26.08,92.02,24.08,8.60,7.62,5.10,4.47,5.83,6.32,5.83,4.47,4.47,7.07,70.21,129.00,18.38,141.17,174.41,157.33,66.03,26.68,37.66,184.76,265.93,264.01,245.02,232.31,221.82,226.43,240.41,233.62,252.45,252.69,237.36,199.00,167.36,205.06,236.03,232.14,237.10,249.05,255.00,252.13,246.01,243.02,227.02,243.82,214.70,140.68,86.02,70.21,42.45,31.24,17.26,22.80,9.90,16.12,16.55,50.16,11.40,54.57,260.62,89.55,254.39,96.00,14.56,9.06,113.78,65.01,107.00,14.76,21.21,18.60,19.24,10.77,6.00,5.10,258.31,110.45,276.16,8.25,7.62,19.03,7.07,17.26,7.07,32.80,86.73,150.66,60.83,60.00
210.00,275.81,109.59,97.75,55.08,44.94,31.78,3.16,3.16,4.00,1.41,1.41,1.41,1.41,1.41,4.24,4.47,3.16,4.00,96.77,114.55,112.16,126.66,110.86,9.49,303.01,27.20,29.15,22.80,20.88,19.24,14.42,10.77,7.07,6.32,253.00,10.77,72.11,4.47,5.10,6.00,64.00,300.00,101.04,15.56,39.29,13.34,45.65,223.76,31.14,157.66,108.90,68.41,74.20,58.00,43.57,129.03,77.79,57.57,63.25,174.27,320.16,4.47,10.77,14.14,14.14,56.85,32.98,167.73,133.75,9.06,14.21,14.14,22.09,22.09,18.11,15.03,15.81,15.03,25.06,27.46,29.43,91.05,96.52,62.80,74.11,116.93,48.17,158.07,55.17,36.36,102.42,105.04,4.24,2.83,3.16,4.00,5.83,7.07,2.83,2.83,5.83,5.10,4.24,2.83,3.16,5.10,6.32,94.02,17.20,97.02,10.00,10.30,6.00,6.32,8.25,6.32,4.47,3.16,4.00,8.00,7.62,77.94,194.37,270.80,183.31,122.02,205.65,287.14,290.03,284.08,262.37,257.56,258.28,255.24,251.02,243.17,240.01,245.10,249.10,203.03,97.67,4.47,87.20,80.00,73.01,10.77,10.00,5.10,9.49,8.94,1.41,2.00,47.27,6.32,49.09,9.90,15.03,5.10,14.14,9.06,15.03,8.25,19.24,7.62,24.33,11.66,40.05,8.00,55.01,215.24,99.36,206.19,93.05,7.21,12.08,186.68,64.28,183.85,17.03,18.87,15.56,13.04,17.03,13.34,15.81,161.00,129.31,173.33,7.62,31.14,82.39,117.35,119.08,116.28,129.28,136.95,90.97,35.36,40.00
34.00,176.57,49.58,131.76,18.60,64.12,27.46,2.00,4.47,4.24,3.16,3.16,2.00,1.41,1.41,1.41,2.83,3.16,8.25,112.64,95.63,38.47,96.10,167.67,7.21,293.90,34.99,43.68,5.66,11.05,9.06,18.60,16.55,18.44,17.72,254.28,10.00,73.06,1.41,1.41,3.16,62.00,300.01,76.69,50.99,62.80,47.10,75.18,229.06,33.11,204.48,93.06,33.02,80.71,81.74,55.23,141.80,127.10,38.47,17.03,170.95,296.01,41.23,106.90,134.37,113.14,91.08,79.71,149.22,169.73,140.89,76.54,34.67,47.01,72.18,103.58,116.07,125.04,144.35,144.35,134.01,120.07,61.40,38.08,38.60,2.00,65.07,106.00,70.71,54.13,69.57,109.64,113.53,66.27,74.03,58.31,24.70,7.62,4.47,2.00,5.83,5.66,4.00,4.47,4.47,3.16,2.83,4.24,99.05,4.00,101.40,6.32,7.07,6.32,7.21,7.62,7.07,5.10,4.00,4.47,4.47,2.83,97.01,179.63,92.96,175.82,132.00,186.60,36.50,57.01,43.91,11.40,17.09,7.07,12.81,10.00,9.49,5.66,7.62,10.77,12.17,8.60,19.65,97.42,18.38,83.73,5.10,8.60,11.40,4.24,9.06,1.41,1.41,34.21,21.02,31.62,12.00,21.21,2.83,14.14,10.00,14.76,3.16,13.04,11.40,18.11,12.00,43.01,7.21,51.24,144.01,93.23,139.74,88.20,2.00,7.07,241.75,38.83,242.67,2.83,10.30,1.41,14.42,7.62,2.00,10.30,57.43,75.80,76.55,8.60,89.89,137.20,150.33,150.85,160.00,143.95,81.71,27.20,10.77,6.00
404.00,411.66,187.22,161.40,84.88,111.14,44.72,0.00,3.16,3.16,4.47,5.83,6.32,4.47,0.00,3.16,3.16,2.00,23.32,95.52,58.03,72.44,88.02,180.04,2.83,228.74,114.28,117.89,80.10,74.09,62.03,39.85,10.20,15.30,15.81,264.19,3.16,73.01,14.14,20.10,15.56,72.44,286.06,36.88,59.46,79.31,77.06,104.69,217.86,55.32,238.16,62.80,100.72,41.98,111.40,33.62,151.40,166.01,11.05,54.15,129.03,283.02,134.36,98.41,25.81,38.60,24.70,48.83,146.33,65.19,97.25,164.60,57.43,8.00,48.10,75.80,82.97,119.34,125.87,74.85,51.79,85.09,150.79,180.01,190.07,209.06,135.96,17.89,14.56,51.09,18.44,93.61,117.00,97.95,57.08,85.60,41.30,3.16,2.00,3.16,5.83,3.16,2.83,5.83,6.32,6.00,5.10,7.07,100.18,9.49,101.00,14.00,8.94,7.07,6.32,4.24,2.83,2.00,3.16,4.47,3.16,4.47,139.09,134.13,15.03,241.02,7.07,252.03,19.03,2.00,6.00,20.00,17.03,2.00,9.06,1.41,3.16,8.94,10.77,11.66,18.38,11.05,20.88,87.69,13.42,73.33,5.10,7.21,8.60,3.16,8.94,8.25,9.06,10.77,28.07,13.34,15.03,21.02,5.83,13.93,5.66,12.00,6.00,11.40,11.40,15.03,12.00,39.32,7.21,34.93,73.01,93.48,67.47,113.72,94.37,129.10,247.81,52.17,292.50,68.54,26.31,18.87,8.94,68.25,96.02,102.49,91.21,62.13,45.69,28.84,94.87,133.45,102.70,161.25,194.37,189.02,188.17,171.03,159.53,164.00
116.00,457.77,222.46,167.17,79.31,131.59,86.83,2.00,3.16,3.16,2.83,3.16,4.47,5.83,6.32,6.32,6.00,4.47,43.17,80.81,36.06,85.71,95.63,180.10,2.00,124.48,100.18,130.67,114.16,113.72,91.01,90.21,60.03,63.81,45.54,247.89,8.60,43.01,42.00,27.17,114.93,140.52,250.54,15.81,61.47,66.48,73.01,99.05,197.91,60.42,237.93,35.47,111.22,32.06,126.09,25.50,146.34,175.64,7.07,61.01,57.01,229.48,203.66,133.70,62.51,31.91,43.93,77.79,190.70,81.99,86.16,210.68,90.69,85.43,77.79,121.46,181.53,81.94,99.64,77.82,4.47,45.34,108.60,90.80,114.93,145.77,247.49,201.43,191.05,165.70,133.75,98.88,52.33,48.17,49.40,62.24,45.54,4.00,4.00,3.16,4.47,4.24,5.66,5.66,5.83,7.07,8.00,8.60,102.08,10.30,103.58,15.81,10.30,5.10,6.00,6.32,6.32,72.25,189.08,278.96,269.30,173.85,132.74,116.10,19.24,237.10,12.73,249.00,23.02,3.16,5.83,21.02,17.03,2.00,10.20,0.00,4.47,10.00,11.66,4.47,15.23,21.59,13.42,80.81,18.00,65.62,7.21,8.60,15.56,16.12,15.62,4.24,2.00,34.44,33.14,33.62,11.66,22.80,12.17,14.76,6.32,11.66,10.00,11.31,14.14,18.60,16.97,28.64,33.02,87.46,94.20,53.67,46.84,193.00,158.15,159.81,162.11,118.27,263.50,162.54,151.08,147.11,128.76,140.12,57.43,31.02,42.54,32.06,64.88,90.62,123.69,195.00,209.62,220.13,228.08,237.05,225.02,201.95,184.69,182.00
324.00,426.43,171.03,152.01,81.30,109.59,136.74,48.60,6.00,6.32,6.32,5.10,5.10,6.32,6.32,7.07,8.00,9.49,31.02,80.62,56.94,91.27,95.01,181.02,6.00,52.00,35.36,72.18,73.17,96.18,96.02,122.09,122.07,136.57,140.51,166.23,84.63,111.00,75.29,76.38,142.27,66.29,204.78,36.88,95.43,23.02,37.01,90.62,179.89,73.82,227.18,18.87,93.13,29.70,115.73,42.54,125.51,169.45,31.62,49.09,20.40,139.18,198.82,164.78,60.93,8.25,58.14,67.19,199.06,79.16,88.29,243.21,147.41,70.94,102.18,85.48,222.80,36.36,135.25,79.21,9.90,8.60,82.76,143.09,119.01,62.48,188.41,34.99,47.52,31.02,90.44,70.21,47.54,35.69,38.05,27.17,52.15,6.00,8.25,10.00,8.25,5.83,7.07,8.60,7.62,5.10,4.00,4.24,101.12,17.49,99.01,40.25,21.02,7.07,8.00,7.07,6.32,161.55,252.74,199.85,185.31,193.75,97.05,129.31,33.62,235.92,38.60,248.08,42.19,25.30,12.00,21.95,22.63,20.10,26.68,20.59,1.41,11.66,7.21,48.08,84.21,105.54,169.59,170.66,84.96,54.59,26.68,36.22,41.23,24.04,36.36,33.38,38.05,68.95,13.34,55.08,43.01,93.48,100.32,75.59,34.44,20.25,17.72,16.49,46.65,69.64,48.10,29.15,159.81,260.28,266.33,124.48,69.30,172.57,161.62,203.42,245.62,214.70,125.36,27.02,50.00,62.29,68.95,93.01,58.86,49.34,27.86,8.60,53.01,27.89,44.18,60.17,54.04,37.01,35.69,34.93,36.06,43.01,23.71,24.00
64.00,201.12,137.30,144.00,149.89,125.36,182.43,112.92,2.00,3.16,4.47,2.00,4.24,5.83,4.24,2.00,2.00,2.83,4.47,54.41,71.18,94.37,95.26,166.33,14.42,30.00,24.08,37.01,37.12,56.92,71.01,91.76,101.00,105.80,109.04,48.76,151.79,103.59,80.81,127.88,36.69,72.07,237.39,81.06,101.92,46.75,38.47,80.32,183.07,85.05,221.00,15.30,77.01,20.10,124.62,16.00,104.28,165.70,77.79,26.42,48.27,145.50,201.82,162.86,146.49,103.00,62.77,67.68,216.52,151.32,70.68,175.07,63.53,83.15,157.54,95.52,275.93,152.96,212.46,103.58,163.37,199.56,187.77,134.95,188.60,165.25,235.19,112.72,107.70,81.15,101.82,130.74,67.20,43.91,33.62,28.07,50.16,5.10,7.21,6.00,6.00,5.10,7.21,7.21,4.47,5.10,6.00,5.10,95.26,60.17,84.85,80.99,68.95,74.24,75.01,70.11,60.13,184.61,290.20,334.00,357.71,299.37,200.52,271.31,250.00,264.55,143.59,277.55,277.09,287.39,287.04,282.18,264.01,243.35,233.00,238.53,238.01,232.22,234.08,250.00,250.68,259.56,281.00,249.88,269.24,257.39,268.60,266.00,267.33,254.39,266.58,272.18,267.09,243.30,206.78,231.97,272.94,276.49,261.11,260.54,259.11,266.75,274.88,274.88,278.54,282.29,294.57,285.21,280.94,226.30,233.32,188.10,92.36,163.81,218.15,237.36,241.40,227.11,224.63,223.02,218.04,212.04,195.13,165.53,119.82,74.00,48.27,15.23,62.18,37.34,36.88,32.06,26.83,24.33,35.13,39.62,31.40,32.56,22.36,26.00
176.00,233.94,281.64,153.45,218.29,86.93,173.95,185.40,103.47,38.60,13.04,4.00,61.07,75.54,52.33,4.00,5.10,6.32,14.76,39.92,74.73,84.31,95.71,148.05,17.26,16.00,1.41,11.40,8.25,9.06,10.00,15.23,19.03,25.02,40.50,50.00,145.12,150.86,31.40,137.46,107.49,139.18,301.25,137.36,76.49,46.52,71.18,72.35,216.45,84.85,217.12,15.23,57.01,48.37,121.28,45.28,79.65,140.92,123.20,16.12,53.91,149.51,217.49,110.32,130.36,147.09,82.28,53.85,252.38,205.24,138.62,111.32,93.65,92.65,184.74,8.60,203.00,102.00,180.69,21.02,199.62,140.68,186.43,51.48,184.01,104.20,237.36,132.40,148.66,120.33,28.28,137.36,21.63,76.16,73.06,28.64,49.25,6.32,5.83,5.10,7.07,8.00,8.60,7.07,4.47,4.47,5.10,7.07,97.05,90.35,42.54,52.35,73.01,94.00,99.01,95.04,84.34,139.28,247.52,280.58,225.58,132.57,95.01,218.08,284.18,222.12,153.58,233.32,297.08,293.08,284.03,283.04,282.26,274.54,266.00,256.94,233.48,216.04,219.66,198.08,158.86,152.47,100.65,47.07,136.89,201.06,197.02,184.10,229.07,265.05,282.61,290.11,294.17,254.28,196.04,206.78,214.90,155.00,132.37,173.44,213.11,233.17,252.07,253.10,212.13,187.32,220.64,210.49,100.90,71.18,222.08,156.19,42.64,72.11,89.99,87.10,92.36,78.23,73.43,57.01,56.04,70.88,80.22,75.29,65.07,65.19,73.76,41.18,56.46,23.02,14.56,16.49,32.65,32.25,22.09,11.05,5.10,26.57,19.65,24.00
108.00,19.24,334.28,133.06,198.28,37.58,108.17,161.62,214.41,223.99,184.23,103.59,167.09,128.39,119.82,36.00,36.06,34.23,37.58,39.70,104.55,96.52,139.64,145.00,18.44,17.09,6.32,4.24,2.00,0.00,1.41,4.00,7.07,8.94,53.08,67.91,97.05,105.55,45.10,103.59,120.21,192.59,295.90,189.76,37.95,44.72,80.26,38.47,239.02,61.98,206.16,48.41,16.97,82.37,83.19,75.71,33.73,92.09,168.08,69.35,49.58,115.25,158.00,90.91,164.92,183.32,114.54,36.72,252.20,171.14,151.22,86.83,173.17,43.01,254.28,25.02,144.01,13.93,163.77,55.66,266.36,100.57,286.03,22.80,290.33,190.39,266.91,140.72,206.49,201.96,213.05,158.22,136.03,160.88,149.47,122.70,103.94,10.20,10.20,10.20,9.06,8.00,10.30,10.77,7.07,3.16,5.66,7.62,106.08,94.02,126.49,232.94,253.21,158.62,88.00,85.51,75.31,77.52,86.00,89.01,95.26,82.76,93.01,207.97,270.27,278.35,288.46,282.35,284.03,285.04,288.06,304.01,307.13,286.70,269.00,272.12,275.23,274.01,277.04,282.01,302.17,316.16,312.41,307.13,299.14,292.25,290.83,286.45,291.50,301.00,306.79,297.00,289.04,282.93,266.37,262.88,273.41,291.00,291.02,285.00,287.02,291.02,293.04,290.00,285.00,288.06,293.29,294.63,280.96,267.53,249.44,103.59,52.63,109.22,110.35,122.02,156.32,156.32,148.06,132.00,141.09,187.22,183.79,138.57,91.66,117.21,156.37,172.94,191.90,190.38,200.16,217.83,228.16,229.00,224.44,216.15,211.06,207.89,196.01,188.00
90.00,164.13,240.21,91.05,163.82,41.88,85.29,51.40,48.60,60.42,107.94,61.74,141.66,136.53,109.04,22.09,19.03,26.57,33.02,37.66,92.09,67.88,157.31,123.63,17.03,12.65,7.62,4.47,3.16,1.41,4.24,4.47,5.83,4.47,81.22,71.69,49.50,56.30,139.61,132.10,177.39,204.69,186.00,215.41,42.80,79.85,70.00,70.21,234.42,21.21,177.39,107.56,103.79,146.32,111.00,36.88,21.54,52.00,201.72,102.84,35.36,98.88,54.13,76.16,210.05,152.12,160.26,57.72,201.06,164.35,78.24,37.12,134.01,35.47,311.98,18.97,159.08,24.70,176.41,34.21,270.72,102.63,270.74,34.21,285.04,135.83,234.76,77.37,164.91,47.43,139.79,200.58,130.55,96.19,41.30,60.30,125.90,23.19,24.08,23.02,21.02,21.02,22.80,21.21,21.21,22.00,20.40,17.26,110.32,118.27,298.76,195.47,141.60,164.07,117.00,113.22,105.12,104.02,110.07,116.07,119.04,136.42,195.62,301.68,302.03,289.50,284.48,307.04,334.05,325.81,314.41,320.31,323.01,312.06,304.00,309.00,299.20,284.01,290.44,304.16,316.16,326.30,321.01,305.47,298.43,297.28,287.21,286.17,284.34,265.05,289.00,325.01,319.19,298.61,287.09,305.29,339.43,356.02,339.43,317.13,302.11,289.00,296.11,325.26,339.01,320.06,294.03,273.25,244.09,186.01,113.46,93.30,47.71,138.05,62.64,87.28,117.99,106.37,123.00,112.02,112.64,147.90,122.78,159.15,93.15,95.80,156.49,164.92,172.07,157.08,173.95,180.74,168.76,154.05,144.36,147.00,168.01,169.85,152.64,144.00
118.00,203.30,152.96,71.39,175.73,86.68,85.51,71.34,82.02,179.14,167.31,51.24,50.16,95.80,16.97,113.45,111.40,24.74,53.91,29.97,81.15,11.05,118.02,102.31,20.40,8.25,3.16,4.00,4.00,4.47,5.66,2.00,5.10,3.16,112.64,69.86,9.49,170.51,99.64,37.74,85.38,100.18,124.58,190.96,94.02,122.15,85.44,119.36,234.17,26.91,159.03,215.75,150.71,139.29,85.48,55.03,47.54,32.53,206.62,122.26,40.25,98.41,51.92,125.04,263.23,61.98,195.25,75.07,132.54,105.91,28.07,26.00,109.44,95.51,327.01,42.76,152.19,55.32,161.90,14.42,234.21,20.25,241.27,25.50,238.13,85.05,192.01,56.32,136.06,34.99,96.30,214.08,115.11,97.87,55.15,46.82,84.38,95.43,88.57,67.60,57.08,81.61,112.29,120.00,119.00,106.07,94.19,109.77,165.05,115.84,179.61,73.01,83.35,68.03,73.33,63.01,61.01,52.15,45.89,58.24,70.03,109.48,196.66,177.02,57.01,65.51,77.20,105.60,112.45,112.40,83.29,69.43,63.01,66.29,76.66,84.02,74.97,62.03,65.07,73.01,67.90,60.88,50.00,49.40,61.40,66.41,57.08,60.00,58.00,61.19,72.25,69.35,70.84,75.27,85.51,94.53,103.82,92.09,87.24,68.41,65.25,61.40,74.85,100.65,106.08,102.46,79.25,57.71,28.46,41.23,30.00,108.81,47.20,184.05,89.14,87.32,55.32,22.85,43.38,32.00,20.10,69.64,32.56,101.13,72.99,52.50,122.80,43.08,69.07,10.00,25.18,21.26,28.00,42.38,36.36,23.41,30.36,38.05,39.92,30.00
20.00,205.29,100.96,66.53,91.14,71.69,26.83,111.76,126.49,193.19,21.21,189.49,211.86,240.35,197.99,131.76,136.50,153.38,121.93,43.27,141.32,91.05,152.64,118.42,23.54,11.40,3.16,2.00,7.62,8.60,7.21,8.00,8.94,4.00,136.13,71.57,33.29,151.33,184.74,232.33,229.79,222.50,127.35,148.14,104.86,173.95,127.10,113.78,221.27,77.37,157.08,259.02,112.07,125.87,132.97,90.35,63.53,74.67,131.24,151.92,85.15,124.85,116.38,240.51,274.40,60.83,258.49,113.70,57.31,101.92,83.05,26.31,51.11,150.15,302.32,62.43,102.02,61.61,113.30,79.81,228.23,18.44,231.37,37.20,215.41,209.06,239.47,147.38,199.49,229.86,220.74,172.68,104.62,127.56,70.33,17.49,30.07,126.25,192.26,178.53,89.14,87.24,68.95,116.08,176.26,187.98,149.41,124.46,220.62,51.09,221.65,11.66,107.12,114.02,120.21,112.16,99.25,92.78,99.30,112.09,115.35,120.02,167.48,117.92,57.22,88.10,102.96,93.04,67.08,87.92,71.02,55.08,51.09,62.03,77.20,76.00,75.27,68.12,66.00,66.48,69.87,79.62,80.99,67.19,59.01,64.40,55.01,47.10,165.03,38.00,178.55,49.01,51.87,63.53,48.08,34.18,52.80,43.10,70.84,62.82,72.99,79.31,66.41,55.61,39.22,69.07,64.62,44.65,45.10,25.96,49.66,112.01,65.12,217.17,64.03,52.61,27.89,29.73,25.30,34.21,24.70,22.00,16.12,24.41,51.48,53.01,87.56,24.21,52.35,22.63,13.42,8.25,5.83,21.54,13.04,15.03,14.42,33.53,25.50,12.00
70.00,289.34,176.50,229.51,177.07,83.63,45.45,89.44,155.76,225.28,42.80,227.00,39.82,82.76,28.00,76.69,104.32,97.95,79.12,18.38,186.01,43.27,184.01,126.02,24.33,11.05,4.47,7.21,5.66,1.41,5.66,4.47,5.10,5.10,146.12,77.78,37.95,68.54,187.88,134.74,35.36,186.87,98.79,116.76,79.06,210.45,138.85,101.84,151.91,131.31,171.49,202.09,118.93,166.74,133.96,49.40,40.52,58.94,16.55,172.54,98.11,183.52,267.29,245.60,187.88,127.35,331.19,100.42,65.19,95.38,144.55,26.91,36.14,194.88,267.02,59.67,44.38,89.38,52.35,11.40,176.10,88.81,203.30,79.06,135.80,186.68,159.66,105.85,118.23,113.44,63.07,32.31,97.50,105.69,44.20,15.81,15.03,149.27,167.60,246.81,160.03,73.06,53.67,117.66,41.76,65.01,17.89,43.66,258.03,106.02,224.04,100.45,32.89,31.02,36.88,50.64,55.08,65.01,73.76,54.42,36.69,35.36,122.07,76.94,31.40,67.08,30.89,41.11,21.21,47.01,18.00,36.50,38.08,51.24,59.62,45.89,46.75,29.12,26.00,41.62,45.69,52.33,59.41,38.18,27.46,42.45,34.06,40.45,241.25,22.85,251.16,44.18,49.03,36.25,20.88,30.36,59.82,42.76,63.66,44.72,45.54,47.10,47.01,39.12,28.60,32.80,38.21,62.51,71.39,9.06,77.37,97.65,81.63,184.46,0.00,30.00,46.75,40.22,32.25,39.40,40.72,24.17,3.16,25.06,29.15,27.17,44.92,10.20,43.17,36.06,47.27,39.62,29.15,21.40,23.54,41.23,36.72,24.21,29.12,2.00
30.00,313.19,74.67,93.23,106.71,14.14,26.91,95.71,164.60,239.17,63.95,203.08,88.60,77.90,29.83,55.79,100.96,47.52,51.09,37.58,143.59,73.66,183.64,105.57,23.54,3.16,4.00,1.41,7.62,5.83,8.25,13.04,18.11,21.02,144.01,74.24,35.13,75.80,144.84,48.76,7.07,163.96,79.16,69.87,48.17,237.05,100.45,83.57,63.89,158.15,197.99,100.44,68.01,126.56,90.24,69.05,73.82,50.22,82.22,158.11,51.48,250.97,380.06,228.11,121.83,168.58,392.23,84.40,148.66,83.05,175.15,54.04,5.10,237.07,284.92,79.25,58.46,103.32,82.46,119.87,229.48,215.06,189.50,74.40,43.08,11.66,35.36,76.94,173.44,215.28,210.09,158.52,144.06,116.00,109.44,30.59,69.77,180.42,241.60,90.55,84.86,113.03,122.97,88.09,58.87,130.60,91.59,50.00,293.00,109.18,217.81,118.30,32.56,19.24,16.55,8.25,17.09,27.89,22.36,12.65,17.09,23.19,123.17,294.33,371.03,367.54,280.49,173.14,133.88,144.20,133.51,134.37,136.53,140.58,149.57,154.64,149.83,135.09,108.68,83.35,59.68,50.70,74.53,24.08,19.80,38.60,19.85,34.93,295.90,7.07,306.79,41.30,33.62,18.44,17.49,12.81,51.48,26.91,53.25,38.05,38.08,21.02,22.85,32.28,17.72,16.12,38.29,89.44,75.33,27.02,105.62,72.14,63.53,139.98,32.89,55.15,56.85,48.41,25.61,20.00,19.85,58.24,43.01,59.48,13.34,7.21,29.15,19.80,56.52,27.17,23.19,38.05,66.29,22.36,55.57,34.67,36.50,43.86,32.56,0.00
148.00,330.19,304.63,126.57,115.73,21.95,26.57,60.73,138.52,227.20,151.61,173.97,81.71,93.06,81.15,52.40,84.53,96.18,26.68,67.01,40.25,178.13,177.88,66.53,21.21,1.41,5.66,13.42,17.89,20.25,28.64,41.23,60.17,89.05,139.27,46.04,22.80,91.71,200.64,210.22,141.77,103.09,89.45,38.60,23.02,244.13,64.14,72.80,18.97,156.87,198.40,34.41,15.62,105.26,59.46,79.51,111.76,96.10,162.61,122.07,15.62,321.91,429.33,169.94,60.46,190.16,404.35,77.52,193.83,109.42,208.31,95.60,44.38,271.89,304.24,90.02,47.01,31.40,64.08,138.60,109.12,130.00,94.34,20.88,28.64,108.98,111.36,80.41,140.06,149.91,170.06,226.77,98.84,86.58,152.64,43.01,166.31,167.60,107.00,107.23,99.85,61.98,104.39,158.01,65.38,124.06,86.45,98.79,256.32,105.12,206.00,124.26,25.96,21.54,23.54,27.17,33.02,49.52,36.80,13.34,17.03,11.31,194.86,329.03,372.02,399.49,425.13,413.81,394.22,381.00,394.02,413.27,414.24,412.39,418.00,420.08,400.08,377.11,381.70,414.74,419.70,397.15,376.95,356.56,360.45,317.00,246.91,221.06,269.36,65.19,287.43,357.40,353.24,323.19,259.51,156.52,124.06,130.61,115.32,87.69,56.00,16.00,32.31,29.97,31.62,25.02,35.61,103.58,66.21,65.60,119.08,66.48,29.73,141.22,59.93,54.59,60.03,48.37,18.44,21.95,15.81,80.05,20.40,74.43,12.65,20.00,38.60,26.42,56.94,57.71,14.76,22.80,56.80,28.64,41.18,7.07,34.21,63.25,17.03,8.00
64.00,181.00,361.80,340.09,248.71,164.35,14.21,75.96,189.16,70.46,203.65,141.22,51.48,37.74,54.13,67.23,124.00,124.74,56.30,83.01,134.53,142.84,54.59,9.06,17.03,8.94,17.20,24.41,35.78,52.55,75.27,117.75,178.39,241.76,208.47,99.36,25.30,94.41,54.63,87.13,107.00,41.30,117.21,43.93,52.50,238.41,15.56,46.32,73.01,122.70,179.03,61.47,65.19,158.20,50.93,82.28,107.08,175.76,187.04,41.59,29.83,398.34,425.62,91.24,36.06,163.77,389.20,49.52,224.29,107.82,245.84,106.07,21.26,292.01,295.14,98.08,53.85,67.20,123.46,111.09,33.97,94.87,141.80,128.39,101.00,98.79,11.05,23.71,177.03,91.76,48.76,247.58,40.00,91.09,141.43,145.50,229.14,214.11,220.95,184.29,63.70,138.23,179.36,169.00,194.51,123.37,245.28,85.76,133.15,109.00,217.02,129.47,16.55,23.02,25.50,12.08,1.41,17.89,47.10,20.59,96.52,148.66,96.75,324.61,371.06,313.19,158.90,43.91,75.54,43.01,8.94,19.03,21.21,36.06,154.83,231.95,244.82,238.21,272.01,350.53,434.25,451.60,409.41,395.64,408.31,399.09,391.72,390.42,305.76,211.85,314.81,404.40,393.01,384.60,396.84,389.94,384.10,403.10,421.10,422.57,414.95,400.84,399.45,398.72,344.10,235.05,153.06,168.81,108.26,95.72,144.92,37.12,59.67,147.71,34.41,21.26,58.82,50.70,12.65,29.15,39.85,76.84,88.09,84.06,41.59,37.74,41.23,16.12,34.99,67.08,45.12,75.17,76.94,46.32,42.54,25.81,36.80,69.35,52.35,38.00
104.00,182.89,113.99,257.10,275.15,278.69,173.67,121.66,262.94,87.78,207.41,44.94,49.68,51.24,91.97,104.62,74.67,64.56,49.82,85.91,67.23,51.88,86.83,44.41,12.81,18.60,30.00,53.01,90.55,131.85,166.34,203.27,238.81,250.28,192.35,199.86,34.99,43.93,49.58,131.53,45.61,111.87,143.09,74.85,89.20,241.66,47.85,14.42,104.40,98.48,182.00,96.18,77.82,252.03,29.15,76.66,91.14,222.08,143.40,97.91,82.22,414.84,410.95,37.44,28.28,109.14,389.84,24.17,262.01,96.88,264.76,104.94,25.50,295.04,294.24,129.84,39.82,110.16,84.85,44.94,36.25,112.29,41.23,41.18,41.11,70.46,89.05,31.40,275.28,152.05,126.51,242.16,27.17,78.41,126.02,199.20,203.42,28.84,112.61,248.28,152.98,85.16,145.50,12.81,177.34,203.96,297.41,22.67,81.61,141.72,239.25,117.72,21.02,46.32,69.35,43.08,51.48,49.09,55.32,235.91,354.20,281.04,244.23,211.15,356.56,396.25,420.87,404.35,395.00,398.25,408.18,410.82,391.22,375.03,382.63,343.64,329.19,318.01,312.54,331.34,343.12,283.02,200.12,149.57,107.49,156.98,137.35,109.77,75.33,81.60,113.72,5.83,7.62,41.11,114.06,215.86,258.86,251.10,268.36,294.24,324.39,364.20,410.02,437.83,441.78,438.41,402.04,371.84,313.64,262.49,282.35,113.22,92.65,63.25,60.88,62.24,61.07,57.71,31.02,29.15,4.00,29.73,29.83,47.43,40.20,33.62,33.97,22.09,33.29,64.88,78.10,40.50,22.85,8.25,52.15,56.92,34.00,34.41,31.14,22.00
4.00,247.02,43.86,75.64,24.33,184.55,287.62,46.32,259.88,189.76,178.01,67.90,31.02,33.53,132.61,103.94,41.88,15.62,7.07,25.81,32.89,36.88,36.77,62.29,12.65,41.40,65.19,103.00,150.21,197.23,222.73,213.95,169.45,113.36,162.51,251.16,21.21,74.20,107.70,171.33,107.42,141.03,118.83,87.93,110.75,216.19,101.83,33.02,100.18,57.22,183.00,15.23,114.59,270.48,34.06,78.55,91.21,217.28,82.29,138.85,136.01,392.84,370.26,16.49,17.72,56.52,415.27,85.62,308.77,62.13,258.94,108.17,63.25,263.45,306.99,147.41,61.66,83.73,56.60,53.54,71.12,112.58,12.65,9.06,79.70,7.07,48.76,13.04,292.22,138.16,207.06,226.12,62.03,89.64,100.17,201.06,166.34,93.38,174.18,237.76,110.29,27.20,188.38,20.25,93.74,109.22,201.78,84.72,68.96,185.00,229.09,158.98,87.68,46.17,54.04,22.36,33.62,85.43,173.00,293.62,227.90,185.13,409.27,156.59,7.62,69.31,151.43,238.13,263.09,211.86,168.32,165.66,134.65,155.47,277.04,360.35,367.31,356.14,348.30,343.22,353.11,341.04,310.16,338.20,370.66,382.57,375.95,377.01,314.87,243.91,292.34,374.01,358.34,338.21,354.09,354.73,293.02,241.75,240.42,254.13,273.15,278.46,262.83,218.15,127.76,53.81,175.93,198.58,186.57,227.44,373.48,338.67,41.79,68.96,36.50,54.13,34.23,44.18,16.12,24.08,29.97,9.49,14.14,27.17,4.24,16.97,34.21,26.00,28.43,12.08,15.81,34.53,35.78,43.08,42.76,25.06,18.11,55.32,58.31,54.00
158.00,146.75,108.90,52.15,103.09,144.26,319.38,211.09,158.32,182.18,85.44,67.08,123.04,143.01,140.19,230.27,296.01,309.71,313.01,297.28,298.67,297.20,237.04,142.70,26.57,81.40,123.71,175.84,226.93,230.15,172.17,118.30,69.64,43.01,181.22,262.03,54.92,90.55,75.33,155.97,63.07,96.88,151.42,89.11,124.85,176.11,133.82,57.78,73.55,39.29,191.02,93.91,187.02,210.00,95.13,116.52,20.00,201.56,10.00,146.32,47.10,324.06,336.05,10.20,27.86,31.78,419.06,114.27,317.08,29.53,190.17,21.95,19.03,165.15,230.03,104.74,38.00,48.17,58.19,100.09,77.79,106.53,71.81,55.44,76.24,96.33,123.49,86.83,194.33,148.22,128.69,113.11,36.50,78.55,86.83,148.03,181.57,151.86,238.66,219.39,96.33,20.59,193.13,25.02,127.95,110.06,203.84,78.89,118.81,182.36,161.21,264.84,212.01,151.08,44.41,49.48,28.28,108.26,122.38,467.47,290.40,391.21,437.09,113.11,35.81,107.23,45.80,44.41,39.40,98.76,61.98,102.08,84.12,47.43,24.33,48.17,27.02,23.71,50.00,49.58,47.20,119.77,93.51,181.69,253.16,206.65,154.33,141.09,270.56,140.53,348.08,379.03,383.89,405.65,417.75,412.68,367.45,310.98,348.47,411.41,432.67,433.72,438.40,438.63,421.22,419.64,421.66,353.95,187.21,42.43,290.83,481.50,198.12,103.24,14.42,61.07,27.17,34.53,27.20,31.02,33.02,10.20,14.14,19.70,5.83,18.60,36.77,29.15,29.83,15.23,14.00,33.02,104.32,92.20,121.20,42.38,26.08,69.07,14.56,40.00
118.00,67.60,57.01,49.66,131.46,34.21,297.31,292.25,21.54,52.50,84.12,74.22,69.58,172.12,55.95,135.59,112.16,189.26,214.15,218.01,215.57,210.00,296.82,251.54,62.24,155.08,196.03,108.85,109.04,168.11,60.75,41.30,27.20,14.21,184.01,255.10,74.53,121.20,88.02,143.62,91.92,110.68,263.93,100.90,127.64,169.07,158.35,106.40,63.91,47.01,195.73,179.89,201.44,55.79,39.92,63.01,125.94,114.02,120.42,88.20,86.27,329.80,394.24,17.72,44.94,24.70,382.00,122.48,286.03,83.55,223.03,115.84,32.28,163.15,220.04,128.56,39.82,73.35,79.92,131.22,8.25,70.84,36.69,61.19,67.60,89.19,80.26,131.61,159.30,99.64,55.23,76.16,27.02,83.55,108.66,75.71,111.62,95.43,193.83,194.86,38.21,96.88,232.61,34.06,147.00,40.25,244.37,100.57,152.51,100.50,50.99,157.38,254.95,260.50,233.32,160.01,164.60,225.08,274.93,268.52,320.00,282.65,417.89,75.59,94.02,78.03,66.21,76.16,63.66,105.91,5.10,67.36,15.23,76.90,24.08,35.47,28.64,22.80,32.56,56.59,47.20,147.09,56.64,134.89,38.60,31.78,48.10,9.06,275.22,55.23,287.54,58.86,83.15,106.90,80.22,96.04,171.77,71.02,161.22,186.60,182.46,179.89,198.25,238.73,269.46,312.16,379.31,389.08,330.85,263.47,100.57,414.74,301.23,248.76,223.99,248.62,262.62,250.97,242.03,234.42,233.48,241.10,246.20,250.29,226.43,158.40,80.72,16.49,16.12,13.04,8.25,17.89,96.54,57.71,73.33,53.24,53.74,76.49,100.65,106.00
16.00,115.73,45.34,27.78,124.52,88.59,235.36,297.58,82.46,81.61,102.16,98.84,97.13,198.04,111.95,107.56,244.23,265.77,163.22,89.27,88.57,92.35,275.35,282.11,126.09,243.19,241.93,169.50,165.85,357.74,259.30,234.01,224.22,265.35,340.26,255.83,131.52,156.34,105.22,176.78,49.40,179.94,187.32,109.55,45.25,104.48,120.54,92.54,48.08,15.03,148.79,303.32,146.35,45.89,29.83,85.09,83.01,210.26,200.85,89.81,108.81,337.22,381.56,36.25,82.10,53.01,340.01,126.15,259.00,140.52,216.31,117.92,51.11,150.85,214.01,127.04,62.82,41.79,37.66,107.20,27.20,51.87,50.64,31.40,48.70,29.53,103.59,94.79,112.61,27.46,66.27,71.18,54.63,103.25,86.02,88.65,192.44,57.27,52.50,204.01,164.98,157.38,206.83,18.97,99.86,162.01,173.67,71.81,73.01,27.20,41.76,22.09,45.10,115.60,225.42,256.07,235.05,217.28,227.07,162.11,46.82,30.23,319.95,272.61,165.80,173.03,208.24,198.88,98.08,50.12,115.97,138.71,119.08,75.18,38.83,49.50,61.35,50.91,27.17,49.82,17.20,200.57,51.22,147.96,34.06,53.85,72.72,22.80,226.06,103.35,262.24,54.00,53.76,29.15,15.62,31.40,201.20,42.94,192.04,91.24,48.08,46.86,29.15,37.34,39.82,27.78,35.69,211.85,181.81,280.49,203.07,242.83,171.83,195.25,179.63,179.14,184.27,190.39,201.12,207.87,216.01,219.06,218.04,231.00,239.27,254.91,247.14,231.05,238.54,246.20,251.10,248.13,271.27,309.47,315.19,299.04,266.75,224.89,230.63,244.00
62.00,59.06,38.91,39.60,29.15,96.10,154.72,345.64,146.70,29.15,28.43,16.12,14.76,77.18,189.75,236.37,183.02,186.68,155.79,117.11,119.00,114.28,281.19,269.61,158.40,205.06,158.42,271.68,266.01,318.63,387.14,370.05,375.11,384.84,264.39,48.08,107.70,78.85,52.63,128.14,96.30,138.00,113.70,72.35,56.52,160.65,267.96,267.12,226.01,212.73,240.31,300.83,34.67,33.62,102.46,166.48,66.41,103.25,84.02,121.70,96.00,328.15,344.37,49.01,97.87,56.80,298.03,127.28,233.11,149.16,189.49,124.23,12.17,146.33,247.37,107.20,96.60,68.43,52.48,76.03,47.85,22.80,26.00,58.60,83.01,77.90,36.14,14.14,105.04,33.29,76.55,54.57,58.60,108.23,92.36,73.55,217.55,260.40,312.62,318.98,234.08,226.74,194.55,141.03,144.12,96.80,14.56,103.12,143.68,75.64,157.84,198.36,165.49,29.43,70.84,37.34,39.32,42.19,43.29,113.32,191.21,187.39,257.16,403.40,418.15,383.18,382.08,395.09,393.81,387.32,401.28,327.20,177.54,108.66,131.64,157.16,134.54,48.17,40.20,74.00,54.42,242.68,24.21,185.44,82.61,74.43,78.24,69.43,168.39,178.47,193.13,36.14,33.14,25.50,11.66,23.19,241.01,41.23,189.06,111.33,40.45,78.23,50.16,88.29,93.74,88.20,83.77,161.62,50.70,123.85,235.53,219.21,140.19,117.46,34.41,18.11,28.00,48.02,50.64,47.07,38.47,47.85,53.08,44.38,23.54,98.23,185.35,232.14,234.31,223.27,217.06,208.01,197.57,203.20,235.03,255.24,250.29,240.00,240.30,242.00
32.00,22.14,12.17,29.83,18.44,78.23,218.22,347.81,109.04,20.59,18.44,64.62,77.79,56.30,55.73,141.85,175.39,161.47,82.07,7.07,66.47,178.08,322.02,224.01,126.37,214.76,268.37,290.88,234.39,81.04,127.91,40.45,32.56,50.70,210.00,290.11,210.26,168.91,113.77,90.79,80.36,59.48,172.54,72.80,126.53,228.40,232.12,264.85,237.89,180.94,185.95,195.67,125.22,129.69,92.20,200.32,35.61,144.37,177.20,192.04,206.48,389.31,354.20,165.41,173.12,126.02,265.23,120.15,215.06,150.65,159.52,112.07,50.16,136.01,269.09,94.19,129.52,128.23,136.36,15.30,49.82,52.00,35.61,83.49,54.41,76.16,57.08,21.02,109.55,71.02,125.90,103.35,11.05,81.01,114.07,20.25,106.17,83.49,165.72,102.49,81.61,126.91,139.46,140.70,140.01,76.12,47.01,78.45,114.93,86.13,210.15,29.12,213.40,80.89,112.16,73.17,104.69,126.75,94.59,27.17,3.16,24.08,78.41,86.02,53.14,14.56,84.90,195.47,311.85,400.98,454.04,454.97,425.10,399.66,407.06,419.75,419.75,389.53,344.84,333.35,257.75,213.36,113.70,268.48,270.68,135.20,78.59,89.20,85.51,104.31,53.01,28.43,35.81,89.81,97.05,105.12,230.93,14.42,146.22,123.00,67.07,116.28,40.82,41.11,23.41,17.72,22.14,117.39,44.20,54.15,134.83,228.53,225.80,256.22,197.52,162.01,162.60,185.02,205.00,190.67,163.69,169.85,196.25,188.47,110.94,47.10,36.06,31.02,43.29,54.33,58.00,59.41,57.57,55.71,67.20,53.46,59.62,67.90,65.12,54.00
38.00,37.12,34.06,36.36,43.08,50.16,265.00,245.74,46.17,95.08,15.81,97.50,58.14,61.98,33.29,42.52,36.69,102.49,253.30,316.10,337.76,390.81,320.14,158.15,97.67,139.98,109.11,63.66,96.38,152.01,118.80,36.50,87.66,122.54,111.43,153.39,123.20,129.26,226.43,282.76,229.96,132.06,249.10,197.12,278.80,201.06,63.51,48.17,82.22,119.82,69.07,77.42,76.66,80.40,94.02,53.08,150.57,103.09,62.48,100.24,147.90,383.80,309.46,152.05,62.29,154.64,232.14,121.60,197.21,186.68,211.70,181.14,40.50,124.17,264.59,71.01,190.42,139.79,169.85,43.29,25.06,43.68,56.30,68.41,18.87,17.72,30.27,26.00,118.83,79.06,139.03,200.38,95.08,95.60,136.89,29.53,217.46,256.73,395.29,328.39,196.09,214.40,233.26,261.05,272.03,245.64,163.03,52.33,99.64,56.30,121.43,204.52,160.18,67.07,53.85,173.54,91.92,94.20,149.91,189.11,242.99,230.87,239.77,337.72,379.05,394.32,433.42,362.42,252.01,307.04,356.68,211.00,54.33,53.08,102.62,195.66,255.99,327.00,367.11,402.09,454.19,365.31,316.32,346.32,430.71,433.87,427.85,437.58,405.50,336.82,306.19,289.47,214.04,180.43,161.15,133.88,119.33,38.08,128.72,102.70,72.14,135.07,74.63,26.68,35.36,65.51,63.32,120.31,53.85,21.02,49.82,144.01,87.92,164.92,210.45,279.65,287.00,260.07,251.00,254.89,258.94,237.93,197.21,207.47,227.27,200.25,186.27,185.13,186.39,183.07,186.10,181.02,156.01,141.42,155.86,170.11,124.78,58.03,42.05,42.00
4.00,17.49,16.55,13.34,35.01,39.22,308.99,230.59,39.82,119.54,91.21,48.10,45.61,58.03,120.42,131.86,69.07,197.97,257.45,173.53,123.00,140.06,58.67,60.17,56.32,50.93,8.60,32.56,74.20,59.36,8.49,46.04,90.91,111.22,96.17,104.89,89.99,60.46,147.41,249.26,104.36,84.86,161.70,176.92,228.40,159.15,104.74,76.03,82.29,8.49,163.68,122.29,168.96,117.10,89.27,110.65,81.63,52.50,120.60,128.06,99.73,326.52,233.07,124.26,77.42,132.98,225.27,125.51,195.58,212.24,239.92,183.79,33.02,115.00,254.39,57.43,229.37,140.01,240.87,39.92,32.56,30.00,23.19,53.81,41.23,16.49,52.61,48.33,148.12,102.62,155.39,155.16,71.85,75.17,162.11,28.46,232.36,221.14,99.05,265.94,101.61,163.17,20.88,13.04,17.03,126.27,207.93,156.12,177.75,67.19,15.81,86.37,63.32,18.11,107.48,106.47,35.61,181.60,158.83,112.61,92.02,143.74,190.08,240.61,154.83,186.76,252.00,354.46,275.96,395.27,463.56,455.76,386.12,364.66,396.55,427.88,410.02,398.02,368.86,252.67,112.61,21.21,124.02,107.04,101.83,215.13,328.15,418.54,475.74,472.27,433.42,435.17,435.36,394.56,353.00,339.56,296.23,249.23,250.60,241.37,228.57,186.53,144.84,143.57,127.95,98.23,44.92,88.57,41.30,21.21,61.19,134.65,70.46,124.91,85.43,81.61,82.10,87.69,73.17,81.58,94.92,75.27,41.18,70.68,164.00,245.17,290.01,300.03,260.20,210.95,212.48,225.38,210.76,203.20,222.01,212.24,201.69,164.75,146.01,146.00
28.00,41.40,40.22,30.89,5.10,11.05,307.00,269.67,77.79,17.49,111.04,129.28,82.76,50.12,76.49,50.99,110.06,312.14,199.08,139.98,83.45,50.04,159.71,302.37,292.85,202.09,310.05,286.72,131.64,170.32,214.71,132.14,113.44,32.06,123.04,201.14,179.35,175.24,160.86,246.03,249.39,127.88,55.01,65.30,145.69,199.62,187.96,135.80,41.11,189.24,243.74,352.37,115.32,57.31,19.80,48.10,72.25,114.86,131.10,173.07,84.20,326.02,168.19,93.01,53.08,104.08,222.00,131.04,185.46,219.18,199.65,217.00,39.70,128.44,271.41,84.40,263.55,151.00,277.22,22.14,20.88,85.44,56.09,35.78,45.54,36.25,74.03,53.24,242.29,229.32,201.72,215.13,99.13,80.32,155.05,38.47,186.39,185.53,38.63,144.20,111.14,113.22,30.53,44.00,24.08,69.86,89.14,45.10,216.61,117.52,24.41,86.21,89.05,24.08,113.04,38.08,6.32,161.38,152.24,104.79,66.41,96.02,156.00,240.13,31.78,29.83,8.00,204.35,33.97,281.23,99.25,198.17,194.25,190.52,235.94,359.82,396.38,387.57,443.02,487.51,447.70,419.00,425.96,425.02,411.15,402.50,351.85,260.45,168.58,114.86,52.61,127.10,250.06,289.04,281.51,323.29,371.11,368.47,371.45,378.57,408.53,390.74,325.44,318.90,364.87,398.20,373.37,250.97,114.00,82.46,101.60,170.18,119.10,102.53,179.27,72.25,64.40,17.89,25.18,27.31,40.82,17.09,46.84,58.14,51.87,68.12,67.07,59.23,81.94,36.80,55.44,43.17,67.94,68.31,112.09,115.11,103.00,152.01,232.80,264.00
14.00,14.14,25.06,27.89,27.02,33.29,304.53,332.06,68.96,140.36,80.81,93.23,21.21,11.66,91.01,138.25,47.01,300.01,202.36,122.80,136.62,82.87,177.79,115.74,163.77,73.54,278.37,258.40,122.38,253.46,291.40,114.28,115.97,200.56,263.02,217.62,93.35,110.54,399.14,354.01,72.62,134.62,13.34,64.03,30.53,99.64,143.84,94.92,80.11,162.81,21.02,289.56,181.07,81.84,42.00,60.30,70.72,101.13,87.28,73.35,55.57,351.98,185.53,80.00,47.01,53.74,261.47,155.08,196.87,191.05,143.78,198.65,85.62,117.92,279.18,86.31,285.00,159.71,308.01,22.85,54.13,116.73,51.11,12.17,95.52,59.46,119.94,63.53,280.07,231.90,67.42,265.06,162.56,120.51,107.15,28.60,187.49,174.89,19.03,48.70,79.25,49.58,93.91,68.12,77.90,73.76,117.72,139.84,220.68,114.54,23.41,79.31,71.51,20.40,114.06,81.44,11.40,142.69,160.20,106.08,67.60,81.50,126.25,245.38,68.12,28.60,21.02,191.94,29.73,292.11,20.88,112.29,32.80,37.34,34.06,19.24,65.01,47.10,93.38,193.02,226.06,204.63,255.08,349.19,387.01,389.46,414.78,438.63,455.03,455.13,429.52,395.60,390.02,387.57,325.68,273.09,269.22,208.79,34.99,149.83,245.46,288.01,296.55,292.00,314.23,352.75,364.78,365.57,300.57,226.38,245.90,322.70,114.02,30.46,237.26,61.40,71.55,14.00,28.64,38.47,17.09,40.82,33.02,21.02,19.85,29.83,39.60,20.25,84.00,19.24,51.11,21.40,57.22,44.72,71.02,94.03,87.28,121.24,165.36,158.00
6.00,5.10,11.05,14.21,7.07,26.31,295.21,306.62,159.11,157.75,85.91,109.84,49.66,62.63,84.96,38.47,61.66,312.71,274.07,27.89,6.32,62.03,123.33,252.24,255.63,197.37,354.82,324.30,178.10,288.23,302.76,126.15,145.07,218.40,253.00,264.55,130.14,252.35,196.82,210.16,141.99,204.69,86.16,89.29,135.83,153.08,153.06,112.40,66.75,127.64,135.30,207.52,169.01,260.05,309.57,282.71,169.07,159.42,231.21,83.49,53.16,358.28,246.43,87.56,48.10,73.66,207.04,61.06,176.53,136.70,166.77,172.82,62.82,96.77,243.59,86.83,271.92,195.49,316.16,47.71,105.99,78.85,78.03,11.66,123.32,21.40,153.94,47.10,252.64,219.11,68.95,265.83,198.48,99.48,38.42,50.00,211.40,175.80,98.33,118.47,93.38,74.32,139.63,73.50,109.81,135.07,212.33,136.42,142.90,64.03,20.40,79.31,52.15,60.00,87.05,108.07,8.25,140.13,165.03,115.11,67.60,85.15,77.67,272.38,318.03,163.03,14.14,172.42,37.20,253.33,49.82,82.00,31.62,10.20,5.83,20.40,59.67,46.82,110.16,63.89,70.77,12.08,32.28,23.71,22.36,8.94,74.03,192.68,241.75,211.91,247.89,316.18,393.47,415.93,405.18,386.13,403.03,417.23,425.73,369.55,308.06,331.00,299.88,250.03,247.16,250.92,160.61,51.09,245.35,255.41,200.00,405.96,30.07,20.00,255.05,44.29,39.62,26.57,8.25,43.91,52.04,49.82,16.97,17.03,19.85,11.66,17.26,11.40,55.66,48.66,55.80,45.45,75.96,31.14,89.68,52.15,129.00,97.29,79.62,12.00
16.00,13.34,16.00,23.02,40.25,39.82,257.86,244.64,107.56,20.25,83.77,86.09,91.92,66.48,25.61,12.17,42.54,339.78,306.65,43.66,13.04,128.81,185.15,220.05,106.28,93.04,121.63,77.83,52.35,120.02,120.93,83.73,121.67,91.40,117.46,244.50,288.94,265.00,107.79,165.13,163.13,81.04,77.20,48.76,47.10,44.05,42.45,33.38,30.00,63.25,41.23,117.66,201.72,220.17,169.01,249.16,126.57,77.42,221.88,245.31,224.54,331.91,297.89,144.40,129.63,89.89,145.44,206.01,159.66,124.48,206.16,129.12,50.22,75.64,231.46,79.71,211.42,214.72,301.01,84.63,118.33,58.67,93.64,36.00,120.33,55.79,146.29,67.90,233.77,193.87,197.02,322.44,95.80,110.63,55.46,63.66,221.21,184.01,70.94,88.41,123.24,87.92,120.11,63.66,69.07,34.23,207.62,290.24,298.03,127.01,62.80,107.20,110.32,90.79,141.43,87.10,9.06,141.03,164.00,120.02,66.03,90.00,121.04,250.32,418.61,478.52,407.54,259.42,170.14,296.83,269.06,48.41,46.69,26.87,16.12,28.60,44.29,44.05,89.82,114.02,67.54,75.31,51.87,42.05,5.83,23.02,71.18,34.67,8.25,75.39,83.01,18.87,68.12,45.61,121.61,115.73,116.50,141.43,242.67,335.34,284.45,369.12,400.82,343.18,377.04,329.62,242.89,134.54,55.23,27.31,243.82,433.97,88.10,52.63,209.38,35.47,65.15,42.05,50.00,61.01,58.05,20.88,13.42,4.00,15.56,26.08,19.24,39.40,27.17,25.06,7.62,21.59,75.33,13.04,106.71,70.00,23.71,57.98,72.72,74.00
26.00,24.33,32.65,25.50,20.25,7.62,180.47,189.07,74.85,46.39,74.40,59.46,140.66,176.78,59.46,48.37,35.47,326.50,307.00,25.46,11.40,214.22,272.07,271.81,206.01,189.45,276.67,258.04,147.25,250.11,262.94,174.20,180.50,138.62,59.67,48.17,103.24,200.45,153.69,180.28,65.07,20.25,69.12,63.66,77.06,58.05,19.85,25.50,19.85,42.64,45.61,39.01,73.39,148.12,214.70,95.34,102.84,136.89,190.52,293.29,321.71,319.52,213.36,55.44,120.15,78.23,14.42,11.05,8.49,79.01,248.92,126.91,62.37,34.67,252.45,52.33,169.43,157.84,249.72,29.15,120.27,47.52,96.33,8.94,109.00,97.62,128.76,135.62,183.17,221.39,277.69,243.88,145.89,126.06,67.23,30.46,259.30,227.11,45.28,28.60,99.01,39.12,94.03,142.23,110.14,87.24,62.43,127.12,306.10,157.08,174.06,178.09,75.89,22.09,190.00,64.03,4.00,136.24,169.36,111.46,77.37,74.43,170.84,137.88,39.62,286.47,422.09,399.22,338.89,371.59,495.16,458.15,375.37,254.04,273.02,352.01,271.97,136.31,69.08,183.32,51.24,144.50,68.47,55.23,20.10,26.08,81.58,37.58,36.69,80.10,76.03,20.88,79.16,28.64,56.57,51.48,58.67,43.86,21.63,212.46,26.68,195.35,181.47,49.19,140.00,225.80,238.21,164.44,265.65,182.83,316.95,367.45,97.84,60.83,155.76,16.12,88.20,50.36,21.59,10.30,36.88,46.69,13.34,23.19,26.87,29.83,28.64,47.01,65.51,39.85,21.21,18.44,86.83,29.15,123.00,51.88,64.64,22.09,15.30,38.00
18.00,11.66,21.02,20.00,6.32,9.49,148.22,177.63,72.80,78.23,102.93,88.02,78.41,176.57,131.46,72.14,93.13,254.56,262.64,165.95,226.88,251.75,183.07,208.89,188.45,170.75,206.71,248.07,43.01,220.05,171.17,111.40,96.17,194.99,98.84,71.57,140.06,70.71,68.12,68.00,69.35,32.65,55.79,75.27,14.21,63.95,43.86,46.39,60.75,37.12,23.41,20.59,27.17,71.12,40.50,136.72,55.46,32.25,57.72,48.27,77.83,52.63,121.43,120.21,114.02,50.16,12.81,8.94,6.32,67.07,245.31,169.26,121.56,142.90,277.02,72.25,154.69,189.53,206.71,20.25,135.25,74.03,120.90,49.19,135.09,130.67,175.39,141.74,99.73,64.64,54.20,94.87,51.48,131.52,110.22,112.72,308.92,250.06,22.67,24.00,45.65,111.09,53.67,74.03,36.25,47.85,115.38,95.13,297.74,154.43,246.01,93.05,71.55,96.21,222.83,121.20,5.10,127.00,223.18,165.61,118.53,95.72,179.81,81.61,235.00,353.62,324.10,160.85,77.83,93.43,157.56,398.90,453.29,422.18,447.89,442.76,483.66,489.35,411.58,269.80,185.78,285.38,176.73,32.98,48.83,49.09,76.49,33.62,41.11,82.38,87.46,41.59,91.71,31.24,55.03,77.83,17.20,51.48,9.49,229.11,24.04,243.05,210.49,62.13,184.35,297.38,152.49,256.91,229.33,291.21,179.69,437.92,15.56,86.03,76.94,32.25,73.43,77.90,70.11,64.03,33.62,29.73,25.61,17.26,25.81,17.89,22.85,49.34,56.92,48.17,61.98,62.29,127.81,38.42,156.95,73.35,86.13,90.24,72.40,2.00
22.00,20.59,23.32,25.06,13.04,13.04,148.86,164.91,17.09,61.98,8.00,75.27,88.81,149.09,115.25,233.24,246.52,200.32,85.60,241.70,240.44,218.89,92.23,274.80,92.20,110.22,49.34,167.89,152.19,311.80,268.03,204.22,189.08,181.14,112.29,91.92,64.76,139.03,217.28,205.35,113.77,34.93,25.18,18.87,66.29,44.72,39.29,22.00,34.18,62.51,84.15,86.68,78.03,108.78,93.05,101.27,76.58,74.00,99.37,79.62,55.61,46.86,65.39,76.55,66.84,8.00,123.56,317.92,399.10,296.95,91.27,120.42,118.07,116.43,99.33,224.62,246.16,188.56,183.93,41.98,142.02,29.70,139.18,130.00,107.94,151.21,57.57,103.58,60.96,117.88,71.40,140.01,96.75,63.25,89.19,137.18,355.35,357.34,106.51,46.17,94.02,145.77,40.50,55.15,56.46,63.89,123.55,8.60,286.03,193.13,225.61,63.89,130.39,203.00,257.62,196.77,51.88,149.91,318.13,229.17,157.03,184.95,209.86,65.39,207.58,301.81,407.95,443.71,465.05,454.30,421.47,375.83,254.28,82.87,132.20,74.15,172.79,367.04,480.76,414.56,375.45,424.85,459.95,384.08,295.81,248.01,340.01,341.76,163.25,34.93,108.78,77.79,97.10,42.19,57.78,103.28,53.24,26.00,26.00,203.06,31.14,226.01,235.94,42.19,201.21,287.29,66.41,262.43,84.38,320.45,89.01,442.73,235.81,94.85,60.53,42.54,62.37,35.61,9.90,8.49,24.41,24.04,24.08,29.73,42.54,46.82,48.41,30.59,4.00,27.89,31.78,30.27,145.58,18.44,156.12,30.46,36.06,27.46,116.07,18.00
12.00,8.25,19.24,24.21,13.93,12.17,202.48,185.93,114.24,21.40,111.73,64.78,29.83,79.85,56.89,140.52,92.10,114.98,178.99,112.64,31.14,100.18,249.02,303.30,154.21,217.79,216.12,259.05,192.26,275.48,188.37,27.20,65.15,154.02,148.49,190.39,97.10,64.14,32.31,56.46,87.32,56.04,27.20,74.85,97.95,82.38,88.60,93.23,122.02,177.13,162.60,126.70,192.92,215.11,138.08,91.59,86.68,64.88,60.08,78.29,67.08,4.47,81.41,92.70,100.08,105.55,238.66,315.38,198.48,294.34,165.80,191.11,131.64,139.00,282.97,370.32,298.43,245.34,260.00,143.14,124.20,140.13,123.33,116.84,83.01,140.00,120.43,106.30,75.17,137.88,149.16,41.98,106.28,250.46,335.29,210.24,224.57,326.35,172.10,57.69,144.01,143.84,119.62,85.05,59.67,57.22,76.55,58.82,283.62,258.63,111.83,156.65,144.62,214.46,227.70,109.55,114.48,255.05,355.31,158.64,58.31,239.27,275.26,29.73,283.44,227.37,67.36,172.19,227.11,275.41,282.18,388.08,438.99,452.75,493.04,491.08,439.71,392.23,256.27,105.60,123.91,102.58,261.89,377.17,446.66,445.98,469.86,506.00,506.95,388.79,207.20,142.34,178.49,154.18,86.83,39.62,68.00,13.93,30.23,164.73,112.97,182.00,251.72,37.12,203.06,269.54,45.28,264.74,43.93,203.49,282.08,263.40,426.30,81.58,103.00,103.25,94.67,71.57,44.92,31.14,66.47,64.88,47.54,53.85,59.09,56.09,50.70,42.94,30.36,36.25,14.42,23.02,147.49,30.53,140.70,32.25,33.53,56.80,120.17,22.00
12.00,10.00,14.14,17.26,4.47,10.77,272.11,148.38,150.21,222.95,176.50,86.27,9.49,30.89,38.60,98.48,116.07,71.69,237.19,157.87,39.22,122.80,123.07,330.31,289.91,196.82,79.32,363.03,253.10,77.32,162.09,94.24,98.08,204.22,133.22,177.00,123.43,97.13,175.65,180.90,129.24,31.14,36.77,158.32,306.41,340.36,334.10,466.44,572.26,565.28,553.26,527.11,497.74,430.53,342.55,165.76,84.72,110.45,78.55,47.01,10.20,34.41,76.54,56.09,48.00,15.81,188.35,454.18,387.18,358.27,235.24,73.33,105.60,323.13,343.42,142.44,53.81,98.60,293.14,172.63,64.56,96.54,98.06,75.80,305.20,321.93,98.41,123.85,301.01,252.36,64.33,71.39,159.22,209.27,228.81,257.99,53.76,280.18,219.66,40.00,150.15,81.01,45.89,34.93,41.59,43.66,50.64,30.53,286.90,278.13,44.94,119.82,191.86,155.33,65.12,10.30,37.34,166.77,269.02,233.24,183.52,86.16,266.31,128.89,281.84,254.17,56.04,75.80,22.85,231.60,83.15,143.40,156.95,225.08,306.12,421.86,452.86,433.45,415.79,410.82,424.53,433.27,342.86,113.70,140.19,31.78,110.03,144.20,310.54,451.03,441.47,411.64,434.90,466.47,475.84,387.20,254.50,261.72,310.10,184.69,87.69,140.29,268.25,79.32,218.29,274.97,56.36,269.07,69.07,102.86,304.31,63.95,384.25,245.90,280.26,283.81,306.11,255.33,141.43,62.24,87.13,79.12,47.10,48.10,73.06,86.02,61.40,73.54,76.97,34.53,17.03,20.10,136.12,50.99,141.68,18.87,50.91,16.12,98.99,14.00
12.00,10.00,22.80,21.40,12.81,7.07,291.29,121.60,32.65,197.69,100.77,124.48,41.76,34.53,73.35,96.43,136.42,49.40,147.08,204.61,191.13,100.57,107.42,109.04,24.04,50.00,83.45,347.24,238.52,55.32,83.45,190.96,121.56,182.89,139.09,177.00,126.14,54.15,12.81,24.74,29.43,55.44,24.04,140.46,379.44,51.88,52.63,154.15,97.53,160.01,208.22,197.00,236.46,252.97,276.52,181.07,46.67,24.33,52.35,55.79,25.81,18.38,52.95,82.46,109.04,86.37,42.94,177.20,230.08,150.00,117.18,263.49,370.90,372.92,202.05,126.25,254.64,309.92,333.80,98.08,83.01,116.08,98.41,274.23,199.12,300.57,114.59,291.05,115.97,300.70,37.20,159.00,191.88,136.95,149.93,237.51,89.31,277.63,232.42,80.72,151.64,54.13,46.00,63.32,34.44,68.00,37.12,23.54,296.11,272.07,142.84,161.25,100.57,30.00,12.17,42.19,50.22,107.82,215.36,277.86,275.57,254.23,223.49,85.15,266.19,253.00,57.31,49.19,29.15,289.38,90.00,291.85,39.82,72.14,55.66,81.84,94.02,148.38,71.34,118.96,193.71,303.48,443.85,424.85,397.19,360.36,366.64,289.62,235.33,156.78,28.32,187.98,249.05,282.03,362.44,438.04,436.43,432.74,426.38,452.03,427.86,392.24,246.33,63.56,181.65,243.10,65.60,280.07,24.08,89.89,230.27,115.25,170.00,136.85,128.35,110.02,152.74,239.71,259.60,273.00,330.01,347.01,337.18,332.15,267.11,149.97,128.97,146.86,139.84,122.41,114.86,116.00,134.35,49.09,122.54,81.30,47.71,57.22,101.19,34.00
12.00,15.03,35.47,21.59,17.09,17.20,231.66,145.60,90.87,163.25,154.02,196.62,109.04,27.86,38.83,77.67,171.35,155.60,41.11,107.08,242.83,76.16,161.38,139.44,123.37,57.43,55.32,305.19,213.68,34.21,36.06,55.03,99.64,132.00,153.06,182.54,120.15,56.00,31.62,126.85,215.24,234.78,169.14,49.98,409.19,371.73,357.26,453.69,535.05,535.81,552.12,544.00,521.28,479.23,381.69,218.29,155.54,166.59,124.40,65.97,45.45,41.11,57.31,20.00,41.30,15.81,41.18,112.33,60.17,80.11,138.20,144.03,147.51,138.13,111.51,260.35,428.96,356.33,210.19,149.91,163.32,207.66,162.59,277.71,273.21,292.10,188.73,295.30,251.73,298.08,29.43,203.30,183.22,185.40,177.14,286.81,86.45,259.42,153.06,137.30,51.87,71.40,40.52,59.09,85.62,32.56,83.49,78.45,320.18,272.11,360.46,251.07,284.68,44.29,37.01,26.83,22.67,28.64,3.16,93.06,202.07,275.09,233.00,153.00,280.26,322.87,169.10,151.72,45.61,343.53,54.59,384.26,71.69,57.01,11.40,33.14,42.00,213.38,96.77,55.73,85.91,57.98,180.21,291.77,288.31,237.17,308.30,298.12,362.01,422.00,418.24,369.28,228.88,236.03,248.07,150.21,56.04,134.40,84.02,196.82,351.53,461.69,424.64,347.17,380.13,362.46,271.92,383.38,243.70,108.75,145.38,36.14,86.28,107.52,31.62,32.56,18.00,93.23,194.18,235.94,216.45,216.01,229.18,220.66,234.39,227.71,255.33,341.25,380.89,367.00,342.12,253.84,99.01,41.30,98.41,75.17,43.10,86.31,96.33,42.00
2.00,2.00,31.02,23.32,32.25,11.05,161.01,139.43,154.93,136.68,180.05,130.23,129.00,44.94,42.45,71.34,87.46,121.43,83.49,160.26,196.74,22.85,85.48,90.61,163.25,118.02,149.75,301.05,134.54,31.24,52.35,17.09,64.33,132.08,113.89,179.81,100.02,43.01,84.20,80.62,100.69,37.34,172.82,110.89,138.92,51.87,64.88,56.73,89.05,115.87,132.97,48.76,33.53,21.26,43.10,47.01,22.85,42.19,69.86,74.97,86.93,74.63,86.83,45.61,73.38,119.64,113.99,106.51,60.88,100.85,50.77,152.32,152.43,222.50,208.93,330.71,434.84,35.44,73.76,64.14,262.07,89.64,216.91,165.00,242.30,193.31,242.84,198.00,245.17,228.98,71.06,226.81,82.76,268.13,201.22,323.22,69.34,241.85,76.42,43.93,52.35,50.22,26.57,36.50,49.34,86.83,53.31,36.88,304.32,244.72,415.88,95.04,350.05,123.17,147.00,86.28,33.73,68.01,14.14,68.66,76.49,25.30,46.04,70.11,223.66,376.93,422.08,471.17,423.79,297.74,61.40,389.78,154.38,67.20,17.09,54.59,53.76,276.13,73.54,228.88,115.95,95.08,87.68,82.38,23.19,65.80,172.12,43.57,208.01,220.45,254.53,376.50,262.94,310.16,378.08,412.17,435.83,362.93,290.56,258.19,218.23,85.99,123.56,227.07,240.53,225.38,184.20,298.81,387.62,329.15,282.63,191.25,133.66,164.61,118.42,160.61,176.01,135.42,54.41,1.41,16.12,20.88,26.57,46.04,79.65,180.94,226.32,216.45,199.30,203.06,231.81,277.07,226.74,210.77,247.16,285.21,301.01,282.58,166.31,80.00
6.00,8.25,24.41,16.12,7.21,17.09,147.17,176.28,139.18,145.77,130.43,137.93,104.74,145.09,111.00,89.44,181.73,78.85,67.42,147.47,125.20,53.14,62.43,87.69,50.99,124.78,259.85,266.27,68.12,24.41,26.08,48.66,45.54,134.37,68.35,173.49,76.03,74.43,32.28,130.36,246.01,242.13,170.00,17.26,56.89,26.31,48.02,31.14,51.87,42.45,98.00,60.83,142.86,172.82,172.94,165.66,160.05,156.52,140.23,130.06,134.62,116.84,128.02,210.20,241.23,229.87,185.46,96.77,31.78,135.62,222.08,155.59,84.86,134.77,147.63,349.18,291.50,117.00,77.78,69.87,158.90,94.92,121.33,221.27,281.68,184.63,306.79,267.35,220.99,202.79,86.83,181.34,55.17,113.17,103.47,212.34,104.02,235.05,71.69,95.34,75.89,32.25,57.01,58.41,21.95,42.94,79.26,41.59,287.77,232.08,347.91,150.15,263.23,127.19,16.97,136.53,61.77,92.97,132.20,201.00,286.88,275.23,126.14,115.77,177.54,56.36,113.99,256.22,441.02,350.82,242.74,414.36,490.81,447.32,364.91,239.35,99.96,281.64,32.31,360.51,76.49,79.32,67.01,140.41,41.88,96.14,210.32,38.08,220.42,33.94,42.54,250.14,114.59,197.59,157.49,208.04,335.92,436.61,423.18,404.08,447.09,485.37,465.75,402.70,281.10,195.13,169.17,51.40,141.74,211.98,180.28,318.15,196.82,111.61,228.78,285.14,299.14,308.63,263.89,178.18,128.79,105.23,172.07,139.28,64.50,27.20,2.00,20.00,20.40,31.62,7.62,136.65,222.70,226.32,212.94,225.27,234.08,253.30,258.28,206.00
166.00,136.31,96.88,139.28,160.38,137.67,108.60,143.39,157.21,187.45,171.84,172.89,167.24,70.21,78.00,83.77,196.96,149.35,66.03,80.21,158.75,91.18,73.54,114.20,117.65,114.06,228.95,229.26,23.19,13.04,29.53,22.63,13.42,124.15,66.48,168.43,55.01,73.55,120.00,89.81,92.20,7.07,17.26,63.91,51.79,31.14,35.47,38.00,48.17,91.08,202.48,284.58,283.04,246.27,216.34,164.78,160.61,192.15,218.45,232.01,235.44,239.00,266.27,252.16,143.39,106.93,125.51,167.63,29.83,127.00,42.05,73.82,74.00,112.29,205.22,266.41,66.75,129.38,215.06,338.15,274.37,97.13,101.00,236.33,161.25,93.23,233.38,176.23,69.05,101.13,123.24,63.39,48.33,139.56,116.28,154.35,193.93,161.32,70.00,76.69,52.61,92.09,96.38,74.79,41.59,41.11,50.70,114.06,281.94,238.13,296.03,107.00,235.03,137.42,30.53,135.33,105.91,7.21,184.27,323.01,118.02,224.95,144.51,204.24,261.71,322.74,382.05,426.34,292.00,105.60,75.15,174.01,353.16,460.82,524.77,520.12,488.95,328.87,154.56,393.81,224.61,62.63,99.13,153.39,65.80,111.36,186.53,33.14,210.05,36.00,3.16,181.52,135.09,166.77,62.82,34.23,29.02,101.55,155.08,164.07,231.19,336.54,463.24,533.89,524.98,482.02,477.78,473.08,325.73,147.53,248.97,440.64,110.79,11.40,280.24,162.20,151.56,228.44,355.55,374.49,337.87,296.17,287.14,275.93,254.94,199.12,210.95,211.60,199.30,162.79,82.10,27.78,38.42,14.00,22.67,30.00,23.32,54.20,162.43,176.00
156.00,170.18,180.01,232.16,234.80,246.95,193.02,80.52,100.02,72.72,75.15,47.54,73.06,36.06,38.60,140.43,121.28,114.77,119.64,53.85,201.72,88.09,53.37,61.01,41.98,138.10,295.16,263.08,31.78,19.70,18.60,26.42,15.03,118.53,45.28,169.50,42.45,123.07,175.42,126.66,111.36,10.00,33.62,155.60,210.24,219.20,228.71,249.05,250.32,265.04,257.33,197.12,104.17,83.55,127.20,41.59,38.47,15.23,73.54,82.39,94.92,106.47,78.82,50.99,57.01,15.03,38.83,166.47,139.29,36.22,113.99,68.35,246.14,324.10,376.75,483.13,527.11,452.21,383.65,380.64,405.57,375.48,119.10,201.91,200.45,190.07,18.97,107.56,69.58,54.00,129.00,178.02,236.04,145.17,60.75,26.83,17.72,71.18,63.13,38.60,68.35,42.52,101.98,119.82,129.84,138.20,121.50,131.55,291.97,259.05,291.16,118.33,265.56,140.43,93.05,127.35,134.35,2.83,172.19,359.81,55.46,206.62,88.51,246.92,198.84,145.28,211.53,313.32,367.46,325.16,347.52,380.11,264.20,166.01,57.58,161.08,355.76,370.13,315.84,455.00,584.74,449.18,265.20,178.13,151.16,129.07,134.95,33.62,170.06,49.52,22.80,82.28,115.60,113.22,56.73,56.64,22.09,19.03,53.54,55.61,80.62,13.04,69.08,103.35,238.55,286.57,319.43,399.32,473.24,263.61,407.30,320.66,192.84,72.00,335.73,53.08,60.73,75.31,118.53,171.59,218.84,238.03,176.92,192.51,311.88,341.12,319.41,314.81,283.30,285.33,268.88,219.20,216.09,186.04,141.60,121.43,78.41,17.89,52.33,18.00
120.00,137.93,93.01,70.68,31.30,91.01,155.05,148.22,133.75,179.94,203.38,145.77,130.73,40.00,69.07,157.38,141.66,114.91,144.06,37.95,187.58,43.57,67.07,127.22,81.74,33.62,321.60,301.30,38.08,29.83,27.86,41.11,45.10,95.35,34.23,174.01,37.34,166.05,95.01,200.09,120.21,27.46,19.24,261.63,210.98,121.08,95.08,83.01,81.04,56.36,44.05,53.81,36.88,15.81,116.56,94.19,80.41,150.21,169.62,50.99,28.28,17.20,41.11,35.61,25.06,47.01,39.45,60.46,125.54,161.47,137.30,201.12,352.53,385.56,413.75,330.31,242.74,178.02,7.07,149.16,234.92,317.01,62.03,146.86,204.08,224.95,235.53,220.91,184.20,104.79,106.25,155.00,192.67,120.74,103.94,14.14,34.93,110.06,24.00,127.48,102.22,125.67,62.13,66.03,115.11,188.10,178.31,31.62,316.99,260.50,291.02,87.97,264.40,185.57,71.22,131.22,152.80,37.66,176.50,327.33,97.02,197.77,55.01,260.62,197.80,86.09,26.31,25.50,122.07,182.78,211.12,290.72,311.25,348.97,404.97,394.68,312.03,186.60,60.22,130.73,301.40,455.39,404.82,317.62,359.28,394.00,280.49,218.01,241.98,79.62,25.81,17.09,53.25,17.72,54.92,50.64,23.41,41.11,46.07,24.04,41.98,38.08,72.28,25.18,50.99,33.97,19.24,51.40,315.36,206.52,253.71,165.28,267.02,89.45,377.53,76.49,93.39,75.80,39.29,50.16,47.43,80.22,106.25,109.84,121.06,128.13,111.16,104.31,83.23,139.28,234.48,188.41,109.04,112.29,109.04,156.11,226.49,234.31,209.38,190.00
26.00,78.10,43.29,39.29,48.00,28.07,42.64,72.35,74.03,52.50,228.55,272.62,104.40,120.28,52.00,85.01,26.00,46.67,154.26,31.14,153.08,41.40,83.45,34.93,31.14,52.63,334.97,266.49,39.82,56.36,39.82,12.08,61.85,115.80,43.68,169.00,40.20,153.55,97.74,192.17,112.07,12.73,11.40,241.67,243.42,62.82,27.20,50.93,54.00,164.13,222.58,207.54,157.04,102.45,69.58,104.62,113.57,49.98,141.15,110.39,51.26,25.06,44.41,39.82,16.00,41.01,57.43,29.43,31.02,42.54,152.05,95.71,405.36,500.15,482.70,417.74,371.98,307.56,213.32,195.58,192.35,159.35,134.40,149.00,153.58,95.34,126.25,262.76,260.77,298.75,284.94,197.77,167.09,146.48,94.37,44.20,59.21,74.32,8.60,99.48,113.85,166.64,96.10,116.10,88.10,50.48,174.96,159.86,315.90,192.34,326.12,157.43,287.31,194.94,95.60,158.09,134.46,31.05,171.49,329.32,184.01,203.06,145.53,324.89,229.26,19.24,32.56,64.56,77.32,103.00,56.09,133.00,49.09,137.01,176.78,256.91,304.73,290.00,346.60,424.86,399.40,218.92,24.21,198.60,291.91,419.15,418.00,386.05,441.50,398.76,277.88,205.29,158.00,85.44,99.30,45.28,4.47,12.08,33.11,13.04,31.02,36.22,45.25,85.91,101.84,78.55,44.18,47.85,132.22,316.01,191.54,344.82,253.02,104.79,409.27,37.58,41.04,40.05,52.50,56.64,41.01,48.02,53.67,50.77,28.60,23.02,28.28,97.05,57.71,7.07,87.56,100.50,106.40,45.19,105.39,102.46,82.00,144.07,168.05,166.00
62.00,33.53,72.40,81.01,88.24,75.29,75.17,100.32,53.08,188.22,365.20,251.81,294.73,13.04,114.62,65.80,13.34,21.21,114.63,126.30,120.44,82.22,24.08,12.81,74.22,143.56,379.42,248.34,19.65,51.92,58.05,50.16,67.42,39.92,48.02,157.00,41.59,147.03,94.02,175.07,120.21,40.52,55.95,104.35,229.02,251.27,185.61,164.75,240.83,256.44,218.15,235.17,226.12,194.62,90.02,10.77,107.33,158.40,68.73,133.66,233.52,181.65,89.99,50.77,12.08,12.73,38.18,38.83,15.03,8.94,85.04,136.07,29.02,212.72,347.04,284.69,135.71,70.21,71.55,32.00,52.15,134.10,154.21,156.20,166.00,169.50,210.00,214.40,151.58,46.17,230.31,298.29,277.31,301.84,238.68,242.03,265.48,193.91,57.58,100.17,131.47,164.73,111.87,101.87,14.14,103.71,193.68,106.92,291.76,140.04,350.46,202.07,142.95,206.74,233.50,146.82,75.96,12.65,129.65,343.89,227.50,217.11,150.21,272.77,234.96,123.98,74.89,43.86,37.95,47.71,24.17,177.29,35.47,63.56,74.40,52.15,69.57,153.47,248.07,397.45,496.04,443.85,344.22,364.15,376.20,211.02,54.64,84.06,237.84,390.77,429.80,428.30,416.06,373.51,334.43,254.66,271.05,203.54,56.14,19.24,43.27,58.00,24.41,49.34,21.26,63.07,7.07,16.12,54.13,445.03,35.61,459.18,248.07,124.58,406.24,13.42,49.82,0.00,30.59,51.24,16.12,59.48,47.43,41.11,18.44,35.01,37.12,149.75,63.91,51.87,72.80,144.84,128.25,112.01,115.11,111.54,50.04,94.41,21.02,12.00
82.00,46.07,27.89,65.86,79.21,35.13,15.23,33.38,73.55,228.86,346.41,143.92,224.89,171.23,79.12,98.79,114.63,146.51,104.80,49.52,63.01,70.46,38.18,67.08,139.67,126.66,425.36,257.70,96.80,166.39,77.78,27.02,16.55,36.06,26.08,176.41,94.79,82.97,146.18,127.12,132.24,17.72,32.25,83.73,52.17,146.29,202.37,245.25,223.49,104.74,28.43,72.40,148.50,201.06,81.41,44.00,12.81,18.44,94.34,136.21,55.95,81.44,183.31,181.25,89.10,8.94,39.70,68.25,76.42,85.29,100.08,109.22,76.49,133.42,89.38,61.47,138.52,177.63,158.81,130.61,121.56,109.18,41.23,55.23,54.33,90.62,157.49,197.31,229.63,264.15,118.19,124.56,164.05,169.19,195.48,255.93,262.94,327.81,199.65,112.16,56.52,65.79,135.96,95.38,38.63,126.49,127.58,84.01,289.08,147.00,297.87,255.05,84.77,223.79,332.10,183.31,165.20,90.79,80.62,297.89,289.23,115.38,137.77,89.20,235.09,394.07,390.88,280.85,160.46,62.63,46.82,203.20,25.30,38.91,66.84,16.12,7.07,193.71,123.00,109.12,116.50,285.00,184.63,283.48,409.88,437.67,387.36,363.72,324.42,219.49,23.32,177.09,271.11,352.30,462.23,470.21,470.07,491.81,394.03,292.01,327.81,298.44,135.20,57.43,59.46,43.86,14.00,12.00,49.48,409.56,93.06,426.28,202.41,129.47,413.53,50.22,60.88,28.00,36.88,130.73,83.55,136.95,67.05,48.76,30.23,26.57,69.34,171.77,107.94,112.16,158.40,168.29,105.00,83.77,143.01,45.19,95.05,72.62,12.65,8.00
104.00,121.43,53.54,73.59,34.44,10.77,14.21,22.63,48.17,136.01,356.93,196.77,34.23,147.03,246.16,76.11,313.46,156.32,255.55,7.07,69.66,87.78,124.26,131.53,206.93,135.36,421.63,317.72,164.01,48.76,152.05,15.30,95.60,132.38,69.34,206.01,88.02,44.72,152.09,42.19,131.03,12.81,58.05,51.11,133.66,77.90,81.84,111.80,10.00,17.89,39.92,88.60,96.02,211.97,118.07,142.13,128.51,55.01,39.62,123.17,161.70,155.18,85.43,77.79,142.36,162.60,166.97,168.58,175.15,138.23,129.07,154.72,178.18,135.79,43.01,128.65,78.41,11.66,58.60,53.76,89.64,143.62,170.08,130.75,146.01,147.03,142.02,144.00,130.39,133.84,121.00,1.41,31.24,24.04,12.65,63.89,217.45,386.06,204.47,47.01,13.04,48.37,85.48,107.04,43.68,149.03,96.33,70.34,269.07,197.02,180.28,249.58,233.82,205.25,220.42,64.78,162.69,252.29,303.32,259.88,248.68,135.09,175.03,184.20,231.25,254.25,381.09,428.82,433.89,394.04,286.40,271.33,130.92,63.81,65.25,36.77,13.42,245.59,62.37,25.18,30.89,242.07,116.02,195.17,68.25,223.65,315.70,396.57,444.54,444.54,466.27,436.96,326.48,241.10,70.26,138.40,187.00,290.41,444.62,440.02,428.92,497.84,486.76,291.55,197.45,196.37,173.30,101.64,60.88,257.31,205.18,330.93,92.57,117.96,437.33,25.02,16.97,16.97,33.94,213.03,72.11,222.61,56.92,59.08,42.76,90.26,135.60,161.97,100.45,88.29,168.11,75.01,48.27,105.31,149.04,126.85,94.09,62.37,5.83,0.00
22.00,107.08,75.17,54.64,24.41,41.79,72.24,69.58,65.80,26.31,193.76,193.49,158.22,76.03,219.32,145.50,246.66,121.49,228.01,75.17,89.82,76.16,195.60,69.34,175.11,143.22,385.26,351.24,136.13,25.06,155.93,58.87,168.65,115.04,98.02,184.70,96.04,157.54,173.00,71.06,124.00,39.12,90.55,42.80,102.46,87.73,50.77,125.90,14.76,23.02,20.00,93.72,229.62,160.31,80.99,130.61,113.36,109.04,36.69,30.07,25.50,51.40,144.37,144.53,64.28,85.15,105.91,83.01,77.94,82.10,86.09,78.82,69.43,79.31,162.73,102.77,92.20,26.08,43.57,29.53,104.74,41.98,154.51,206.07,208.47,184.09,119.34,95.77,10.30,182.78,370.89,357.08,224.41,98.08,201.44,267.17,266.18,212.44,105.55,115.04,85.99,114.73,73.01,110.68,39.01,152.21,143.95,24.17,252.58,259.70,59.48,135.59,186.59,237.47,162.12,103.35,45.65,176.01,276.99,334.76,356.53,173.28,111.87,113.65,251.02,387.92,325.01,81.30,195.17,402.52,434.41,387.49,373.41,223.75,113.21,72.35,17.09,274.97,90.79,37.44,7.62,209.38,162.20,178.21,154.83,37.34,99.69,121.06,146.32,165.68,261.72,417.61,473.07,446.65,451.37,450.13,383.42,310.98,149.00,93.35,132.22,245.31,465.45,493.95,471.77,478.00,463.11,369.62,248.52,149.26,310.28,258.80,104.94,72.57,444.76,19.80,0.00,39.22,35.38,182.46,75.89,220.95,25.50,45.12,46.75,149.16,134.16,126.70,35.36,45.89,147.87,180.23,113.77,62.80,112.01,11.66,43.57,67.23,5.66,2.00
18.00,33.11,77.83,48.37,34.00,4.24,103.16,179.47,187.32,175.09,187.58,180.00,60.73,65.38,63.20,70.72,49.50,137.41,72.73,209.62,138.60,63.89,189.84,67.08,143.28,175.07,278.49,325.27,100.00,25.18,150.33,100.02,152.21,152.05,87.14,156.82,34.06,113.44,86.00,111.00,128.76,94.02,30.23,74.04,40.45,36.06,118.83,106.15,21.02,7.21,13.93,81.41,284.29,151.49,153.08,89.44,89.59,166.36,22.36,18.38,79.61,129.03,137.19,98.03,52.48,128.39,8.94,37.01,44.05,137.88,128.70,53.25,31.91,39.01,105.55,155.00,83.73,131.71,221.17,306.19,380.94,420.02,356.73,234.31,394.74,507.44,506.76,364.61,170.56,412.49,285.80,306.35,358.75,121.00,255.80,122.97,93.01,223.90,250.29,219.37,140.70,152.61,136.89,30.00,54.00,153.88,194.55,82.86,247.24,283.40,46.82,75.64,145.58,111.95,28.84,40.05,87.82,220.78,129.84,108.46,111.87,230.87,202.43,92.62,187.02,369.30,436.26,449.59,445.05,324.10,142.86,33.73,229.00,325.96,309.74,316.76,300.18,333.78,267.80,112.16,25.96,189.49,216.69,148.22,193.26,28.28,15.23,20.00,26.83,35.13,30.07,49.09,114.24,167.04,260.91,401.97,456.95,424.32,429.50,418.74,336.15,258.25,128.81,145.17,286.84,289.39,363.78,440.27,402.89,257.72,255.82,261.08,138.81,148.01,445.60,308.92,182.78,80.41,44.92,73.06,101.61,142.95,2.00,0.00,50.00,151.60,141.66,154.01,19.70,75.89,90.26,96.75,85.28,46.84,81.30,37.01,48.17,17.49,15.30,12.00
106.00,82.22,36.72,14.14,54.04,129.03,171.84,144.73,112.09,39.82,72.47,152.74,99.61,51.48,20.40,59.48,30.27,106.90,153.73,194.20,251.62,60.73,189.07,62.48,131.53,127.63,127.10,291.61,72.25,29.53,120.21,112.00,144.01,160.45,69.43,160.95,32.65,129.19,104.48,130.25,139.18,134.37,89.05,132.42,49.09,73.88,68.01,36.72,9.06,2.00,5.10,85.16,217.38,245.70,149.63,79.71,164.35,290.19,163.41,131.73,144.75,128.32,156.46,185.33,186.00,132.91,51.11,33.11,48.10,131.61,153.06,239.10,208.59,87.14,204.44,265.68,290.30,284.72,289.17,318.94,327.18,320.32,397.45,115.52,374.72,207.12,28.07,413.72,214.15,429.19,450.21,385.97,322.53,58.82,218.92,116.25,108.93,161.25,334.26,173.51,160.13,145.23,227.69,105.80,111.89,196.95,231.40,140.46,280.20,324.30,175.33,208.35,161.97,27.20,60.22,47.41,67.68,205.55,223.04,206.89,164.91,143.68,122.48,123.04,359.28,135.07,167.00,222.47,351.05,404.55,419.97,384.54,300.68,156.52,29.02,203.73,343.46,438.51,529.95,507.99,287.36,199.44,208.09,129.55,244.52,34.79,40.79,19.85,25.81,52.50,55.03,39.40,33.29,39.82,62.80,42.54,117.05,93.23,215.06,370.87,456.69,450.62,444.39,448.41,387.78,322.22,195.02,16.55,237.12,261.56,158.11,216.91,216.83,206.09,327.71,402.06,336.01,239.02,298.43,281.38,163.22,107.52,12.73,28.32,62.63,78.09,162.05,214.40,56.59,127.20,40.22,26.87,38.60,56.92,68.82,52.80,59.41,44.92,54.92,64.00
138.00,170.49,149.93,98.49,65.07,101.12,71.85,107.94,148.95,161.25,119.63,96.21,139.71,115.80,24.74,41.98,26.08,57.57,222.75,82.22,273.65,91.59,115.17,145.80,114.02,74.00,74.32,200.36,81.71,51.79,73.06,130.27,115.97,167.67,36.88,162.79,15.81,139.00,111.00,141.00,141.00,122.70,92.65,161.06,88.60,57.98,49.68,56.32,7.21,3.16,5.66,65.07,184.84,204.95,125.87,59.46,121.43,157.10,162.66,53.01,219.99,378.08,336.73,222.01,392.33,482.15,429.06,318.94,162.93,271.53,283.58,289.50,356.88,125.32,331.88,271.83,149.65,90.02,325.75,450.88,445.98,445.09,481.66,168.43,403.61,28.84,149.89,360.62,100.98,208.02,149.09,160.11,215.06,120.67,228.95,164.35,168.40,71.47,261.08,127.95,84.90,69.87,161.77,235.81,218.23,145.42,169.85,137.91,295.92,362.03,313.64,191.53,327.79,271.00,181.69,53.67,51.88,131.13,239.14,281.36,214.18,149.41,110.02,135.42,409.25,134.24,196.03,101.60,48.66,58.41,162.25,262.97,339.10,373.04,391.76,375.31,208.24,53.24,155.16,445.43,499.14,444.54,341.50,286.68,378.26,266.63,98.84,32.65,38.08,46.39,43.17,62.24,53.85,16.49,61.40,44.38,92.96,30.59,68.96,97.13,170.76,234.61,273.02,371.05,462.79,497.01,502.64,464.28,248.91,59.06,145.79,72.90,48.04,72.14,50.99,190.21,305.80,324.86,338.82,342.13,324.23,247.59,333.66,263.49,174.26,101.24,106.02,266.75,99.30,178.73,161.62,51.09,30.00,49.66,32.25,27.89,37.20,36.77,47.71,46.00
136.00,88.77,54.04,78.29,43.86,96.18,39.01,39.40,90.79,123.98,172.74,95.13,20.88,158.05,86.09,33.29,56.04,22.80,137.46,72.12,196.70,135.91,32.31,57.78,210.95,161.52,60.30,198.09,163.77,91.41,36.77,119.00,86.37,169.14,12.81,160.80,19.24,140.01,111.00,141.00,142.01,76.03,212.08,171.40,248.31,127.28,46.07,87.56,5.10,7.21,23.02,59.09,223.27,177.00,180.00,151.92,161.38,90.24,139.18,244.18,312.57,264.04,344.09,153.06,402.16,273.00,220.88,288.53,90.09,247.43,224.41,263.02,344.47,116.02,351.13,82.87,197.31,291.20,63.81,186.10,167.09,156.32,273.51,201.70,450.39,134.73,179.12,409.68,163.25,357.50,270.30,221.18,302.19,57.27,280.07,252.58,302.95,209.65,321.28,91.76,211.93,218.59,206.00,153.94,118.02,139.17,129.03,135.59,305.19,271.27,339.99,165.68,266.66,284.82,268.78,201.60,132.06,78.82,25.30,157.41,215.62,226.57,228.28,282.80,515.88,145.46,140.91,143.95,102.96,84.12,56.30,62.13,106.48,167.36,242.44,353.54,414.66,442.14,425.07,230.22,37.95,229.68,263.15,306.22,431.72,511.72,434.26,300.67,294.19,238.01,39.92,60.83,81.22,25.50,60.96,43.08,52.50,68.00,93.35,61.20,38.63,35.36,57.27,64.12,109.55,180.90,260.00,358.67,454.81,308.32,323.87,237.70,195.00,69.18,27.17,58.00,156.95,157.54,82.38,150.23,302.85,380.93,426.12,412.43,263.88,194.83,117.18,252.69,85.80,265.20,94.40,153.11,32.25,74.53,39.82,31.62,20.10,27.46,16.12,14.00
50.00,79.26,58.05,42.45,72.11,136.42,124.84,63.53,42.05,83.73,48.41,142.39,138.57,175.03,173.00,69.08,56.46,70.21,183.00,127.06,173.63,149.65,27.78,42.54,77.90,183.05,120.07,244.97,138.46,25.06,65.30,143.74,35.78,223.49,99.01,165.08,26.00,146.05,114.07,142.06,155.16,49.50,242.29,62.63,229.18,200.44,37.36,109.00,7.07,25.46,25.81,42.43,157.10,292.37,105.55,127.48,155.62,83.20,162.11,228.35,263.84,383.00,395.48,228.43,457.79,437.00,211.24,270.19,154.56,288.51,237.26,220.08,306.76,114.27,386.04,297.00,195.92,397.90,103.32,396.18,313.00,278.58,401.89,75.39,435.28,427.33,516.19,487.03,266.12,424.64,325.56,125.54,315.84,147.09,117.52,91.40,102.84,200.94,274.88,69.97,49.09,155.77,203.12,166.19,98.08,41.23,23.41,25.06,268.97,186.82,332.34,204.00,94.24,103.39,159.52,111.61,149.47,176.48,224.22,198.48,66.71,69.87,110.02,275.75,580.71,434.50,339.04,80.62,101.84,111.89,132.82,122.70,119.82,124.06,101.87,91.21,168.69,270.13,394.06,436.58,430.93,416.94,329.09,170.47,47.01,205.20,413.32,436.04,452.29,527.00,367.39,377.33,251.72,83.23,44.05,79.25,61.27,31.05,90.80,18.38,41.04,29.43,40.20,58.46,62.24,28.84,58.55,41.59,254.12,203.58,134.85,68.00,145.73,131.31,192.77,165.71,51.61,33.11,11.40,60.75,167.04,177.37,82.00,203.82,263.06,295.05,319.13,269.65,129.53,297.52,150.78,198.24,36.06,91.76,9.90,35.69,40.72,36.88,25.30,16.00
206.00,105.26,152.74,151.95,104.55,133.45,41.98,109.18,98.15,125.17,143.57,185.80,57.98,64.33,126.91,114.56,12.73,163.37,202.04,83.19,185.93,180.69,52.63,49.34,55.23,223.65,311.08,175.41,87.28,60.17,135.79,73.55,108.02,170.95,125.48,163.37,24.41,146.05,117.00,147.03,162.05,23.02,154.43,271.46,128.41,212.25,64.50,121.04,20.59,28.28,6.32,43.57,152.98,296.06,150.15,61.98,143.09,63.39,213.40,161.99,82.22,125.48,203.00,101.61,264.64,229.51,276.59,287.20,119.01,397.20,292.07,289.21,438.29,97.17,421.66,79.06,342.94,523.63,307.13,517.40,501.60,375.37,356.54,57.27,327.23,254.56,213.14,258.15,99.30,233.53,244.72,181.57,358.11,109.04,244.92,278.41,204.17,182.43,239.63,136.00,149.63,97.51,20.25,69.57,108.81,29.15,143.57,187.24,347.32,195.43,236.70,294.68,201.92,91.92,63.95,177.23,149.63,145.13,274.18,298.99,232.80,87.56,93.43,91.71,447.15,564.87,576.39,536.15,306.04,150.00,35.36,128.27,173.30,157.28,159.51,97.29,44.41,11.40,47.27,123.17,242.44,364.84,404.65,367.15,368.77,367.76,188.38,56.32,118.07,404.18,458.00,450.36,475.85,406.52,232.01,131.85,97.01,36.14,109.77,48.27,18.00,11.66,6.00,38.47,7.07,53.24,37.95,37.66,107.94,125.94,148.01,132.40,119.41,67.23,264.59,297.84,218.58,146.32,140.01,104.86,38.21,26.68,35.01,33.14,111.36,190.26,227.11,192.37,191.55,288.21,330.14,294.27,232.28,117.72,100.45,198.30,231.60,155.47,17.09,58.00
186.00,271.54,195.67,161.90,55.23,43.57,97.62,67.07,27.20,55.95,93.04,52.15,101.07,55.79,71.57,170.14,158.81,166.72,116.16,49.82,158.49,244.23,99.49,96.80,133.63,153.38,283.34,100.69,72.80,141.03,141.45,62.37,105.00,163.25,115.11,135.79,26.08,119.71,136.94,149.03,157.16,94.34,213.38,223.61,40.52,187.81,74.11,135.62,18.44,4.24,23.32,55.73,257.72,84.90,225.82,109.84,182.83,48.85,285.24,192.82,176.05,233.42,338.29,147.49,359.47,167.87,74.85,354.01,229.96,475.03,524.55,540.83,517.01,148.76,410.37,36.06,195.21,353.75,89.01,289.88,183.97,237.74,262.25,75.17,418.19,265.65,314.64,397.20,157.54,321.76,28.07,276.56,414.66,190.70,292.84,152.64,118.83,223.90,290.24,73.01,18.11,8.94,49.48,42.54,122.20,158.62,138.97,136.00,431.18,280.86,136.89,194.49,137.19,45.45,158.15,73.33,145.77,160.20,82.97,158.96,261.69,235.09,216.38,161.01,236.21,121.61,192.59,487.06,537.27,530.91,510.54,358.42,176.59,79.26,117.38,104.80,73.35,92.20,84.01,84.38,74.00,52.00,224.18,134.11,244.13,354.36,398.61,440.27,400.52,199.30,72.62,94.02,248.46,412.81,403.63,372.82,352.57,257.10,293.32,300.96,153.84,55.44,55.79,90.08,101.83,57.43,5.66,62.64,65.15,304.80,185.71,240.97,117.96,147.17,266.91,169.81,219.97,209.16,195.06,216.23,148.14,130.70,147.00,117.18,56.94,36.06,26.31,41.40,72.11,180.83,197.34,115.52,262.26,254.89,272.02,274.87,261.22,278.73,158.15,16.00
350.00,259.48,53.01,204.35,88.06,43.01,86.53,107.23,119.24,140.01,77.25,107.94,65.92,99.64,49.09,312.03,289.93,126.65,45.25,109.11,58.00,249.32,138.16,86.31,6.32,55.79,274.64,198.04,55.15,110.32,125.42,138.85,83.49,118.12,82.07,138.60,51.48,122.02,155.08,143.00,155.08,103.73,187.88,66.03,129.65,170.02,45.69,143.59,6.32,14.21,10.77,28.43,259.00,31.78,222.90,48.37,199.99,66.29,380.99,78.92,226.14,418.39,403.55,252.03,447.56,294.19,9.49,317.86,88.60,253.00,223.50,249.81,308.69,217.81,440.84,127.04,139.71,431.56,129.31,438.36,259.33,68.95,344.02,244.46,547.42,537.34,537.58,490.71,157.10,329.09,166.86,199.70,221.72,52.35,172.05,158.15,71.81,167.73,209.31,94.15,45.25,86.02,110.34,64.03,66.29,72.11,48.02,75.96,468.70,387.52,279.63,281.60,106.90,65.62,125.94,175.57,30.23,144.68,89.27,37.58,145.60,233.77,321.20,343.49,431.34,511.68,446.76,291.76,41.11,275.96,449.12,608.53,615.22,440.56,235.34,2.00,95.26,153.39,217.00,220.01,217.52,174.63,317.66,81.61,175.03,52.55,94.25,247.58,394.98,433.82,454.37,418.82,226.38,96.18,120.03,274.93,388.15,399.91,429.68,494.33,443.25,309.85,237.04,139.46,28.07,43.01,16.12,52.61,55.23,377.38,101.24,317.69,126.40,170.66,290.26,107.65,114.54,101.95,38.21,110.44,221.78,275.22,268.12,259.22,194.26,120.07,137.19,124.02,67.68,41.01,31.14,39.85,86.93,184.36,184.23,89.01,34.23,223.16,283.19,300.00
94.00,81.06,138.05,132.97,140.51,126.27,118.83,138.71,92.20,128.89,143.69,59.09,137.36,107.42,153.73,288.89,141.15,27.78,51.11,89.05,15.03,204.84,178.04,38.83,93.05,44.94,196.12,245.59,129.07,6.00,123.37,120.02,43.17,62.10,4.24,166.01,14.76,143.14,143.17,136.06,159.08,25.02,208.35,61.47,207.48,193.04,11.05,142.00,13.34,13.04,11.66,86.28,349.18,228.43,282.88,77.16,166.88,110.45,366.46,82.10,104.40,166.97,185.26,138.00,304.17,342.00,249.42,427.48,128.06,386.35,256.78,244.29,392.42,33.14,385.80,439.74,510.14,474.00,230.14,489.33,311.45,38.00,389.10,109.12,307.26,197.00,223.65,263.35,213.77,376.56,165.08,249.24,357.51,138.31,274.43,80.32,218.40,340.83,292.18,146.65,89.31,61.98,119.88,116.18,92.20,88.65,59.68,72.18,466.00,443.14,390.51,242.87,168.86,80.32,13.04,64.40,151.72,101.39,74.67,78.41,77.47,136.12,39.40,246.29,225.41,306.23,436.57,451.60,477.74,399.17,225.18,101.13,419.15,554.37,569.53,502.29,412.68,305.00,121.50,95.77,58.60,82.62,408.72,129.84,112.73,113.04,188.31,74.43,63.13,135.20,243.65,438.10,442.12,415.28,354.76,204.38,109.00,69.43,154.05,247.46,424.84,436.03,436.25,415.19,271.15,286.68,222.83,52.00,56.52,301.25,167.34,252.12,148.05,212.08,324.41,124.85,106.71,136.57,61.01,37.12,113.36,200.94,174.47,153.53,227.06,269.07,252.23,230.87,191.43,192.67,222.58,155.96,66.29,24.08,15.81,27.89,21.54,87.69,179.98,220.00
144.00,124.72,55.61,32.65,24.17,32.00,36.80,25.96,42.76,27.78,43.17,125.80,148.60,98.49,102.08,309.01,219.20,121.49,103.73,99.96,71.47,113.51,220.11,88.54,8.94,47.85,89.29,192.46,218.56,157.16,113.78,166.77,178.57,159.25,6.00,161.25,19.24,139.17,141.60,137.09,156.01,17.09,232.14,61.40,212.34,212.94,23.41,141.03,5.10,12.08,22.80,86.45,351.55,237.76,257.42,93.23,171.59,162.25,278.73,62.03,135.77,222.46,287.92,216.08,298.29,69.58,295.47,482.78,242.21,461.10,533.99,526.06,458.48,104.62,272.33,267.56,287.29,295.38,90.24,338.58,278.63,225.54,457.93,124.43,458.31,285.30,247.58,358.60,48.04,431.20,488.82,458.84,389.97,97.42,235.73,72.25,202.41,277.65,400.72,83.49,74.63,38.05,32.06,80.62,16.97,12.17,56.57,98.84,507.28,444.02,410.08,284.18,160.70,177.86,125.20,99.69,41.01,32.65,67.23,50.00,149.11,170.58,280.91,326.83,220.08,45.01,90.00,135.07,290.80,446.97,479.27,476.56,382.48,112.26,256.83,501.28,559.13,659.64,647.90,499.36,365.03,206.62,399.66,166.72,73.39,49.58,292.36,154.26,82.46,68.60,79.06,172.82,186.60,242.55,361.96,299.07,355.83,447.30,397.13,196.84,81.99,109.48,241.68,440.46,457.32,447.40,472.06,302.95,183.22,141.04,74.04,115.11,143.42,257.10,351.41,76.03,27.31,163.08,52.33,112.61,109.08,129.88,168.30,43.66,148.19,201.91,113.32,154.40,244.18,275.77,283.93,289.39,233.73,199.56,184.53,129.81,79.21,24.33,26.08,28.00
128.00,133.96,131.24,213.68,178.35,87.32,45.65,90.35,71.18,74.24,104.48,36.80,123.17,190.52,159.25,220.29,139.18,90.91,118.33,140.70,149.51,64.03,199.02,119.94,8.60,68.03,27.20,81.61,137.20,177.20,185.15,124.46,58.05,240.75,5.66,151.08,34.23,131.10,153.08,139.03,139.29,40.82,204.61,279.56,166.14,211.37,28.18,142.06,10.00,8.25,22.36,62.13,251.79,105.00,162.09,83.52,188.41,234.13,223.90,136.65,322.02,408.57,358.65,274.00,339.84,112.51,169.50,316.99,105.04,257.39,275.86,296.82,301.42,214.34,391.32,243.82,281.40,453.58,98.84,428.71,18.44,336.05,503.46,230.01,501.98,496.02,344.75,302.55,121.75,210.87,179.11,159.15,202.61,105.00,222.00,121.06,186.47,129.00,394.61,75.96,72.73,70.71,19.70,109.12,43.01,53.67,49.09,42.43,525.68,455.11,354.14,300.53,23.02,164.40,198.82,192.00,187.30,140.29,40.50,73.88,93.23,237.63,85.62,319.13,292.44,47.01,78.41,36.50,21.02,129.69,250.06,335.75,426.41,497.30,452.18,304.82,81.01,248.28,542.18,590.91,527.95,534.66,495.94,192.98,118.07,167.30,359.60,159.81,155.47,174.38,178.08,192.35,90.70,23.41,200.44,95.26,223.61,298.67,470.94,473.83,493.05,444.64,284.37,118.83,87.46,151.74,332.81,407.95,363.79,208.47,251.47,304.24,255.13,353.29,348.54,73.39,14.42,181.02,27.02,175.64,117.11,103.73,179.07,21.95,167.36,144.73,70.33,133.93,177.20,131.94,82.00,164.35,205.91,238.16,285.38,270.14,209.88,197.00,187.32,172.00
8.00,70.84,97.42,23.41,142.35,95.13,102.46,94.40,106.98,43.01,21.54,38.29,70.94,55.57,43.66,76.66,116.28,92.57,14.14,69.08,146.22,123.98,161.62,101.98,11.40,53.01,27.20,55.03,84.01,28.32,126.25,57.72,135.00,218.56,12.08,143.00,29.97,127.13,130.14,133.63,123.04,45.12,104.74,68.82,23.19,193.44,34.79,140.23,17.20,8.49,14.14,130.55,264.51,82.04,170.42,103.12,200.09,242.79,213.85,108.85,195.06,192.77,170.75,238.55,356.86,268.30,212.08,404.73,137.09,366.34,228.85,179.00,315.50,80.36,462.09,542.24,540.03,515.01,131.10,428.27,102.08,182.26,295.08,120.02,288.60,244.00,287.37,276.28,89.55,333.40,255.08,234.34,299.79,27.86,219.62,250.29,343.08,238.30,437.03,53.08,38.60,62.64,80.05,85.48,101.87,110.45,45.28,34.79,487.48,429.20,236.46,280.42,216.78,118.15,66.53,133.84,189.45,231.95,246.29,161.82,91.39,181.04,240.85,262.27,189.08,90.38,52.84,20.00,60.17,62.18,61.61,87.01,41.11,229.54,423.75,479.41,478.35,397.76,214.46,30.46,192.51,397.28,379.32,272.42,254.72,243.34,341.54,67.08,72.03,132.10,81.22,164.07,222.73,182.36,224.54,65.38,167.49,48.17,116.97,292.66,401.21,489.94,465.63,504.29,448.12,269.61,129.88,67.90,255.19,269.65,230.79,169.75,210.72,447.58,357.87,28.64,73.82,230.93,50.99,264.14,110.68,70.34,186.27,14.14,185.56,122.59,69.97,86.65,45.69,31.40,19.24,54.15,81.61,121.08,100.98,203.30,171.05,214.04,219.82,226.00
0.00,16.12,47.27,147.00,113.72,49.09,112.80,100.44,75.39,89.27,16.55,50.16,40.00,43.08,50.70,67.72,133.09,204.83,90.62,57.20,74.24,56.73,76.66,81.58,11.40,41.30,26.00,38.60,115.17,21.54,54.33,168.27,46.04,151.92,189.59,86.83,62.37,129.27,63.91,126.75,112.64,46.17,34.93,13.42,34.79,175.65,66.29,134.13,17.03,10.00,10.30,142.02,204.35,259.08,148.95,89.14,163.71,178.49,159.66,80.96,244.18,208.25,246.98,249.10,118.87,227.11,449.52,469.80,256.00,458.25,521.31,394.51,255.25,125.87,233.56,226.88,235.94,312.06,182.44,452.25,188.68,254.17,413.68,126.40,394.07,176.56,77.16,398.40,241.25,424.35,466.50,348.31,225.14,104.74,130.36,85.09,147.58,335.26,465.41,60.88,67.68,53.85,97.17,76.54,88.20,85.38,42.64,61.47,486.81,399.06,115.32,210.00,290.24,269.05,261.89,292.07,310.85,284.45,163.37,97.25,24.08,155.72,153.94,229.63,353.16,413.42,312.62,154.21,58.87,93.52,84.06,143.74,61.40,44.29,49.01,134.20,282.63,415.53,426.19,427.94,406.51,242.92,77.83,158.90,301.56,360.49,479.97,421.49,284.06,164.75,97.13,32.28,91.76,188.66,305.37,134.65,178.47,138.31,110.22,153.71,32.65,207.93,184.05,318.14,476.14,478.56,451.88,421.59,222.80,119.68,80.05,248.58,267.88,415.74,382.60,46.07,75.80,268.03,37.12,321.31,70.21,50.77,206.04,42.64,207.45,114.54,26.00,89.01,108.78,92.48,61.07,48.27,40.20,129.84,20.88,153.03,41.04,72.11,127.10,160.00
52.00,59.23,34.67,90.26,145.50,35.44,70.94,77.90,55.23,42.54,91.92,23.41,47.41,67.54,46.17,56.85,41.23,203.07,112.58,91.24,140.01,79.51,59.46,117.52,67.94,18.60,50.60,43.86,104.62,62.77,60.22,133.00,56.64,88.41,55.08,137.62,159.81,147.49,10.30,139.84,99.54,34.99,147.76,186.10,129.07,187.98,96.18,130.00,13.93,21.95,17.26,171.23,257.11,302.37,148.60,78.03,118.42,246.98,176.78,121.43,312.17,392.05,406.96,368.96,180.27,133.15,200.00,250.00,115.00,264.84,306.10,358.06,256.74,108.93,390.61,270.73,199.06,357.71,8.60,403.00,415.50,481.23,474.98,217.02,450.53,113.84,162.39,338.50,94.15,197.00,177.29,243.26,168.39,116.10,248.52,244.50,257.48,232.00,437.88,72.01,21.26,44.29,92.36,105.65,41.59,95.34,31.02,7.07,497.16,437.06,62.23,117.05,231.95,242.01,331.26,376.28,386.08,364.30,226.23,84.38,130.23,177.41,106.25,116.36,208.89,348.01,461.87,466.82,319.78,220.27,102.84,64.76,75.96,6.00,66.60,60.02,24.04,101.40,189.24,298.96,416.16,487.05,407.07,151.40,106.28,172.19,404.65,522.71,594.64,580.03,432.28,305.76,166.52,62.63,215.87,118.33,228.55,162.31,144.25,98.08,57.72,151.08,146.22,9.06,126.51,212.25,302.42,409.20,467.65,266.07,234.88,253.10,199.42,292.59,407.33,78.43,86.83,306.78,14.14,333.04,40.52,60.96,227.11,34.23,205.41,100.45,78.29,13.04,41.23,41.04,33.29,7.07,22.09,114.93,24.41,152.33,53.37,84.15,90.55,70.00
82.00,127.48,96.18,130.73,151.32,106.78,45.28,112.45,116.76,66.12,114.24,70.71,151.03,103.00,93.23,73.39,36.14,128.35,122.45,176.23,72.25,92.96,133.30,163.08,89.89,129.00,160.65,137.03,45.10,156.95,44.29,78.23,133.66,84.12,160.43,136.89,256.63,371.95,122.16,152.19,59.67,36.50,210.72,59.23,121.49,164.76,109.00,139.43,22.67,4.47,31.62,180.95,291.00,108.17,216.01,82.87,78.10,228.16,148.66,183.05,298.17,263.25,227.64,274.82,277.32,197.14,256.53,382.69,139.18,362.22,205.41,12.17,372.00,250.68,495.36,548.34,533.08,438.84,102.00,266.99,181.81,118.07,226.63,158.86,442.11,224.61,197.99,409.21,143.14,311.60,222.45,45.01,278.80,198.12,297.41,297.74,181.29,193.54,322.02,118.15,71.34,76.66,52.63,135.42,114.28,63.01,16.12,53.76,480.70,449.96,36.69,88.02,116.04,175.33,127.48,85.09,58.94,235.92,233.38,72.50,120.00,106.28,83.57,132.02,262.12,277.91,81.58,243.53,411.53,433.52,402.36,295.60,178.39,70.38,104.69,79.16,53.91,22.67,44.18,21.26,83.01,260.00,488.36,201.06,327.48,403.94,225.18,35.36,218.33,439.17,501.81,569.86,543.92,458.05,356.38,150.86,191.44,20.00,125.51,15.03,118.07,93.04,145.77,12.65,25.06,12.73,18.38,70.84,296.49,162.93,128.70,34.06,124.62,260.16,401.45,107.52,50.22,306.10,32.65,310.52,19.80,42.05,261.43,34.41,220.23,55.46,92.09,65.07,112.01,131.61,24.04,51.87,41.59,83.29,40.50,156.20,61.85,123.97,82.76,2.00
42.00,83.01,110.07,124.91,67.01,125.80,137.01,58.14,129.77,124.35,114.59,127.00,100.45,48.85,38.60,23.54,70.71,112.07,156.52,137.30,53.25,44.20,48.70,213.53,70.61,46.82,33.73,30.53,69.43,163.49,133.28,172.42,263.10,211.53,131.52,296.84,156.26,385.97,217.00,139.81,27.31,50.22,103.00,85.62,40.50,203.06,73.82,151.56,3.16,24.08,15.81,156.11,167.72,249.19,178.60,65.07,42.43,134.97,186.10,76.16,134.54,202.77,243.74,162.31,115.11,360.41,453.43,459.44,256.50,448.20,369.22,70.11,368.91,116.36,268.93,285.95,341.01,302.05,223.49,400.82,310.15,307.00,331.12,118.02,308.77,318.95,508.87,489.02,258.21,383.42,202.48,86.21,297.74,54.33,156.77,93.61,64.51,208.17,173.49,118.41,115.42,104.31,108.02,40.82,49.58,50.22,65.07,82.13,425.06,426.02,169.26,284.03,285.46,99.04,46.04,71.39,89.27,258.57,265.88,130.12,77.32,72.11,52.00,108.98,153.39,269.43,365.26,319.64,55.73,232.22,402.12,472.24,448.98,282.93,151.56,95.13,57.58,11.05,64.78,34.06,25.61,74.04,477.76,68.00,396.38,413.73,429.08,409.25,381.50,162.60,73.35,296.84,492.67,513.71,498.46,526.95,390.12,239.71,21.02,87.73,125.42,49.25,124.06,17.09,25.81,20.00,15.62,28.64,221.27,131.10,74.00,169.92,87.46,255.44,299.82,252.29,339.33,288.44,114.02,276.46,0.00,48.00,283.00,40.52,242.12,48.60,108.00,29.73,87.46,205.77,85.88,59.40,100.65,109.12,45.54,124.17,39.01,111.46,103.16,26.00
4.00,104.55,141.91,35.47,105.42,52.63,137.18,47.41,127.64,46.69,36.36,24.74,27.31,103.25,171.17,165.03,67.07,74.11,136.50,103.86,104.39,178.72,237.40,179.61,72.11,121.49,146.70,130.02,66.21,87.01,113.53,54.15,119.64,162.10,103.59,252.24,113.77,385.98,183.10,124.46,5.10,90.55,89.50,174.06,115.17,303.37,20.10,149.00,24.70,21.40,6.00,233.11,212.72,270.95,88.09,44.72,7.21,138.08,99.30,234.31,396.84,451.60,433.04,285.27,40.50,185.60,141.85,211.02,129.10,298.43,327.12,248.36,416.25,127.12,375.25,229.63,200.01,340.35,74.03,465.09,471.50,446.22,421.25,166.47,233.35,209.44,215.94,268.02,120.27,322.45,256.44,184.01,371.24,150.85,260.68,193.21,126.00,227.97,240.87,106.08,26.83,191.13,242.51,223.83,88.24,36.88,110.79,105.69,427.77,450.22,343.98,390.37,514.93,534.42,388.97,171.27,48.37,168.43,291.78,260.86,144.50,41.01,41.98,95.38,39.12,37.34,119.41,312.62,380.58,345.44,261.01,55.61,283.19,361.29,330.29,298.40,158.39,44.41,78.10,46.07,29.83,63.78,481.51,46.65,453.43,125.60,201.25,253.95,380.65,381.49,282.76,312.70,173.77,85.80,196.06,432.92,516.09,566.48,519.23,291.91,66.75,89.55,66.03,9.06,29.83,46.69,47.85,46.75,208.79,251.03,186.01,109.04,58.31,197.12,177.23,300.83,334.29,204.38,167.48,316.32,332.17,123.69,265.15,34.93,240.67,18.60,156.12,41.76,150.53,146.24,132.31,58.41,45.69,72.69,32.06,72.69,52.50,69.87,100.02,24.00
80.00,158.47,88.84,24.00,45.28,90.21,84.72,97.58,94.40,45.34,33.02,63.25,30.27,146.32,170.29,57.08,22.80,58.55,91.21,131.94,189.55,199.12,129.28,28.00,17.03,18.44,19.65,14.14,36.88,62.10,98.73,69.31,143.09,107.56,99.57,125.94,214.57,258.15,56.89,116.18,23.41,118.88,275.97,267.38,82.46,305.37,37.58,141.17,25.96,7.07,11.05,194.76,310.16,152.74,162.79,32.56,10.30,180.51,55.79,136.53,238.16,246.68,246.08,269.07,196.01,234.80,271.45,331.00,149.57,331.84,8.25,320.85,507.24,291.21,490.51,554.52,424.51,273.03,122.97,248.70,185.53,194.26,234.78,227.64,358.47,252.97,298.41,404.40,140.58,323.22,93.05,355.00,406.87,220.20,314.34,125.32,196.60,182.80,337.34,21.63,186.76,128.69,67.90,155.80,165.72,78.64,99.46,155.24,539.10,468.00,430.02,415.21,220.64,395.95,490.93,489.41,338.38,147.20,105.69,221.47,250.54,241.21,220.84,197.47,95.38,75.89,192.35,25.50,151.16,290.46,340.26,355.11,269.67,62.48,186.01,376.30,416.15,399.30,348.26,221.50,60.00,16.00,475.38,12.08,466.00,24.08,50.60,50.00,142.36,319.38,205.18,333.81,459.31,391.32,253.34,91.92,147.57,336.57,520.88,580.44,546.76,442.76,309.71,220.73,106.67,14.00,32.56,47.71,198.84,410.16,121.21,225.32,255.88,153.76,124.58,153.68,72.40,170.14,242.03,372.38,437.80,366.32,327.84,146.75,233.43,55.23,153.06,33.11,134.37,111.22,109.18,19.24,88.02,36.25,70.00,52.95,38.29,50.22,98.67,30.00
32.00,121.40,140.36,208.27,219.82,126.15,71.39,40.25,57.71,89.44,64.76,76.84,96.93,98.39,270.86,158.15,35.36,39.29,39.12,24.33,51.26,15.81,141.03,153.06,88.60,96.80,168.24,145.12,44.65,210.89,181.66,227.00,67.01,227.06,206.29,170.56,51.88,111.43,193.60,95.26,46.32,140.01,109.22,357.56,111.52,307.24,43.93,138.23,15.03,9.06,19.85,62.63,253.84,312.44,104.28,49.66,14.14,191.13,25.96,25.18,221.65,225.36,216.48,34.18,259.27,430.67,442.04,417.78,263.84,402.46,89.94,207.97,331.69,125.03,253.62,276.07,341.67,232.08,123.56,412.68,295.10,257.70,322.59,73.06,463.85,507.43,514.66,464.53,144.28,311.21,200.64,223.65,230.20,85.91,241.50,172.56,132.85,46.24,293.21,39.29,152.09,67.01,53.91,86.68,189.69,145.24,92.44,49.09,591.14,489.08,421.74,489.12,107.15,105.26,216.54,360.50,518.66,547.43,323.45,70.77,87.46,150.69,209.69,280.14,95.13,12.17,186.17,18.60,42.76,42.52,73.55,182.28,284.99,378.22,353.23,97.41,212.34,363.23,436.55,457.79,309.69,174.57,424.84,18.38,479.03,28.43,39.12,38.21,46.84,288.53,24.41,220.78,252.76,413.82,429.95,421.39,384.78,272.66,117.04,136.06,365.93,507.40,518.22,499.80,444.53,334.44,224.54,59.09,198.16,429.93,134.10,381.08,275.95,224.45,273.88,10.20,49.58,138.71,164.56,76.54,241.12,329.15,389.17,318.81,259.05,320.10,310.10,121.08,89.55,106.33,66.71,50.04,48.33,141.36,93.39,88.59,58.14,60.42,65.74,64.00
150.00,162.54,100.90,48.37,5.83,85.62,50.00,28.84,24.08,35.44,11.40,53.76,90.55,63.78,53.74,177.63,167.04,95.38,49.52,68.60,121.66,93.64,137.82,21.63,132.38,146.12,83.95,144.01,35.47,218.56,111.83,177.13,119.08,39.12,158.09,226.53,53.46,157.10,224.14,257.39,159.71,189.49,165.72,236.14,253.71,217.06,76.49,139.00,5.83,8.94,21.63,102.77,59.68,122.59,104.20,27.46,7.07,143.11,138.71,181.80,340.54,443.35,377.58,106.98,187.32,201.94,149.16,207.97,135.00,416.12,272.36,230.50,424.02,153.55,370.41,255.02,48.66,349.91,238.21,473.21,513.74,391.06,278.54,133.00,227.86,185.13,218.45,257.42,206.16,357.08,148.61,231.76,355.32,131.61,178.54,168.34,356.43,250.38,384.78,185.46,220.87,128.81,55.08,74.43,159.86,207.66,198.58,194.37,540.37,488.34,385.54,522.30,191.27,99.30,157.49,72.01,90.79,341.98,515.19,456.16,309.28,133.84,22.14,186.12,208.28,138.10,199.96,60.00,30.59,11.40,14.00,31.14,17.72,107.70,286.68,378.87,322.78,195.72,49.40,317.83,432.73,470.41,441.28,163.93,501.22,35.78,71.22,36.36,21.02,289.77,48.17,263.10,27.31,110.75,190.38,300.10,432.60,436.00,379.68,373.63,282.41,66.48,149.08,327.57,468.28,514.39,496.03,315.68,196.90,254.20,158.62,291.29,245.00,225.08,265.23,134.24,173.49,156.42,76.69,4.47,88.41,122.70,87.01,269.31,309.48,417.72,359.24,255.44,97.95,77.01,33.11,117.89,139.78,227.27,78.41,96.17,75.29,111.52,78.45,74.00
68.00,87.24,187.93,118.80,202.07,136.62,39.62,81.74,89.19,139.46,122.12,56.30,38.08,136.94,184.62,85.62,283.20,64.40,134.73,139.98,31.40,113.22,106.98,167.51,89.19,100.00,141.74,103.23,61.06,169.07,128.32,158.81,105.68,82.37,239.95,119.81,34.99,181.39,193.33,134.01,209.27,214.44,243.52,36.80,254.12,104.31,94.92,140.01,1.41,15.62,24.21,124.79,24.08,117.39,66.47,23.41,11.66,61.01,20.25,103.32,262.46,270.12,284.61,261.77,211.52,304.42,310.03,328.25,158.81,313.08,254.66,485.58,505.02,283.14,465.71,387.09,84.02,351.53,94.54,234.61,219.51,282.24,230.20,124.19,392.46,262.76,211.85,328.54,107.49,469.00,506.57,496.24,377.69,88.60,120.42,177.34,187.28,280.00,465.84,56.30,175.48,197.73,20.00,44.94,119.01,143.18,101.39,134.17,463.88,417.77,336.25,481.30,278.18,173.12,146.48,109.59,32.98,53.85,260.20,401.49,458.60,375.54,166.90,57.27,216.01,319.69,309.48,202.53,55.32,90.08,46.32,19.80,13.04,52.63,57.98,142.84,275.77,324.97,320.20,250.03,50.00,236.55,301.37,304.90,537.78,352.23,254.50,139.12,44.18,279.73,55.44,233.04,14.21,30.89,34.67,40.50,98.03,228.27,187.39,357.00,501.51,466.05,330.97,131.22,68.12,196.86,398.02,498.45,450.21,290.26,137.00,214.15,297.44,209.31,131.76,326.44,339.92,329.19,257.62,209.40,165.28,89.11,31.30,84.06,123.63,91.05,211.30,296.06,322.30,265.71,166.48,88.51,35.13,262.37,119.21,129.31,116.39,128.35,63.25,58.00
14.00,18.97,189.81,258.94,131.73,34.79,8.60,113.14,76.69,46.17,46.84,37.34,43.66,102.42,148.49,235.77,181.16,68.43,122.97,93.65,123.69,73.82,69.35,86.31,105.91,56.30,121.85,79.65,125.90,117.66,96.02,84.12,23.02,67.42,211.59,102.22,21.59,79.31,257.27,143.03,144.26,272.86,238.25,127.32,83.49,204.00,98.67,134.13,7.62,18.97,8.94,127.48,98.18,139.05,28.43,30.27,17.49,72.28,59.40,104.65,248.13,211.36,152.53,136.24,398.30,453.65,442.45,417.89,184.39,249.10,179.03,237.40,294.87,127.19,298.61,305.80,249.62,389.49,148.34,360.84,230.87,44.18,334.18,225.11,454.06,518.61,419.75,299.43,133.09,198.73,129.07,124.91,131.86,302.59,293.00,394.65,419.95,107.00,433.85,278.34,241.62,43.57,218.12,226.63,59.41,103.25,94.87,61.61,411.01,340.99,314.00,388.97,212.15,228.71,206.01,101.04,67.60,40.79,80.00,101.83,217.00,308.76,227.65,165.20,189.17,62.10,334.09,424.45,363.71,185.52,45.28,93.30,45.01,28.84,24.04,23.71,43.86,130.60,230.14,321.60,402.18,354.05,153.84,106.53,402.23,487.09,488.53,490.16,322.33,191.38,32.31,204.24,42.54,38.60,23.19,35.47,15.81,226.43,4.47,217.00,254.57,441.57,471.63,422.57,423.85,326.34,121.70,162.05,304.38,288.20,226.42,243.53,365.40,106.25,17.20,304.96,66.84,166.48,235.91,303.04,326.96,271.92,216.45,172.66,96.67,36.22,66.71,187.36,236.01,288.51,345.70,387.16,364.30,177.59,87.69,142.44,93.15,126.25,35.47,28.00
18.00,49.50,171.17,134.62,64.08,67.05,82.76,134.95,14.76,120.34,85.15,30.53,56.32,128.76,66.48,40.00,39.62,15.23,49.19,33.02,69.35,27.02,57.01,84.10,4.24,65.51,123.43,133.45,193.83,192.15,245.23,136.01,32.89,78.85,216.33,213.14,82.10,119.71,103.73,224.59,97.10,370.09,217.19,120.34,98.76,40.25,133.45,115.41,6.00,15.62,24.70,92.96,193.87,84.00,163.37,161.00,55.08,17.49,84.58,152.61,357.47,435.82,250.20,67.96,222.68,199.97,214.60,246.56,233.45,320.79,169.64,231.16,401.14,127.66,366.35,36.14,293.54,460.11,267.02,446.65,393.57,105.23,335.49,96.30,243.51,259.31,256.29,210.66,140.43,469.14,424.26,375.08,297.59,127.91,219.91,309.30,420.06,92.35,315.42,107.33,99.36,196.51,113.72,201.53,257.62,169.29,4.24,61.66,372.44,308.16,313.36,319.04,82.07,103.39,117.05,127.95,172.03,217.00,227.20,207.52,204.35,232.12,147.47,252.16,322.40,371.86,279.16,23.41,334.71,461.37,379.68,225.73,103.00,119.23,106.40,63.15,34.18,20.25,31.14,20.10,144.36,357.00,385.44,199.62,160.21,57.01,164.47,414.12,538.33,393.88,169.01,216.37,91.01,19.85,19.03,35.81,5.66,242.07,41.59,283.17,86.45,179.61,307.62,389.16,537.02,565.84,552.86,511.24,302.17,254.94,101.64,99.93,447.40,88.20,19.65,305.94,58.67,35.36,125.48,131.10,202.79,299.79,332.10,324.78,270.65,220.45,178.47,86.83,42.43,60.75,179.81,240.13,290.24,229.90,160.05,186.10,180.10,179.74,96.80,76.00
10.00,61.47,156.32,58.00,37.01,11.40,59.41,99.30,68.82,158.32,49.52,45.28,67.54,135.35,84.06,15.23,16.12,65.19,110.32,88.81,41.98,68.66,40.22,68.01,106.68,75.27,72.40,33.73,146.73,163.81,73.82,153.26,39.85,21.26,195.17,285.46,67.01,262.37,33.29,142.34,356.80,314.20,191.05,110.65,96.60,116.16,89.89,136.12,72.25,54.42,29.83,103.59,211.90,190.67,248.52,257.99,126.51,55.61,29.73,93.35,236.24,257.00,269.67,150.05,216.41,252.79,247.34,282.61,93.15,236.41,459.70,530.74,484.85,254.28,441.08,85.15,202.55,270.80,83.05,221.07,160.70,111.00,283.62,11.66,248.07,5.10,108.75,332.80,255.80,439.83,412.64,380.79,337.17,237.02,267.53,407.85,215.62,282.18,218.82,147.33,113.70,191.05,105.31,24.17,151.00,286.34,267.45,151.38,389.49,300.22,310.18,295.61,52.50,49.68,21.26,65.92,89.45,114.02,162.79,173.95,79.31,121.83,168.15,237.36,117.18,236.70,406.36,512.36,365.64,29.83,324.99,430.67,398.00,210.38,85.15,151.58,104.65,57.20,33.29,51.09,55.32,164.92,405.21,235.44,360.85,425.01,354.81,188.74,97.05,355.35,382.38,414.34,382.64,290.37,149.26,21.63,15.62,244.20,34.93,298.18,91.01,63.89,128.82,173.51,180.85,281.06,351.87,519.48,473.60,255.93,223.46,154.69,525.09,178.10,34.99,286.90,33.38,100.44,83.77,63.01,35.38,96.02,147.28,242.87,333.42,329.81,311.46,248.57,216.15,169.06,83.63,26.00,80.62,179.63,231.02,251.18,290.24,321.46,359.12,376.00
44.00,47.01,127.48,132.82,118.23,101.61,41.30,102.11,66.24,206.00,32.31,64.03,52.63,87.28,104.32,59.41,24.70,145.77,166.37,240.84,81.06,7.21,28.28,30.59,29.73,30.46,45.54,68.54,118.79,220.23,138.22,98.81,18.44,5.83,109.12,312.61,207.74,260.40,95.13,212.15,284.49,269.47,172.80,76.69,30.07,33.73,29.97,221.27,126.14,143.01,59.82,122.78,78.85,195.72,139.31,155.88,227.14,106.73,108.05,110.92,220.84,125.87,96.26,312.10,484.53,516.10,513.61,351.51,74.53,180.06,259.65,259.51,284.26,122.48,309.92,129.25,87.20,275.05,8.60,219.00,165.24,390.37,401.72,253.05,400.56,519.01,448.65,275.48,197.77,371.45,423.71,356.00,218.77,114.02,111.72,226.63,230.48,273.48,99.64,99.32,85.16,82.46,113.85,120.21,94.34,59.62,210.62,251.32,512.33,334.39,252.58,272.80,211.21,29.15,56.04,34.18,80.32,110.31,141.48,102.96,106.68,37.44,106.15,141.09,35.36,42.43,95.71,245.93,406.97,448.26,375.71,117.05,270.25,491.96,451.00,203.84,5.10,91.24,131.67,178.39,154.01,85.71,368.40,103.39,356.46,268.21,383.92,453.56,427.43,140.58,170.63,371.86,456.55,516.86,520.10,287.36,145.60,203.08,27.20,297.41,132.67,41.98,53.85,113.99,20.10,76.12,25.18,158.81,375.49,82.13,125.87,219.18,432.84,233.36,11.66,296.71,39.82,87.01,35.47,77.01,40.22,69.53,44.72,78.03,153.38,187.30,231.60,176.46,219.00,273.25,263.50,238.41,177.79,67.08,26.08,9.49,114.40,207.15,257.33,264.00
64.00,53.46,52.80,45.01,16.97,28.60,49.58,115.88,175.60,147.57,16.55,30.89,83.45,69.97,116.73,55.80,21.95,214.95,72.18,144.84,253.02,276.54,121.04,14.21,17.20,35.69,38.08,86.27,31.40,141.77,83.57,27.17,7.62,10.30,14.14,218.83,278.46,96.75,58.14,111.89,82.76,18.97,28.84,24.41,31.14,25.30,29.15,283.20,175.42,204.75,128.76,121.70,166.82,101.87,11.40,14.21,164.35,250.06,31.78,126.37,338.25,330.41,97.17,174.06,242.39,252.03,252.87,216.91,136.31,97.41,56.57,32.53,272.36,49.50,196.47,409.36,511.12,397.96,248.03,370.88,371.90,21.26,231.05,165.85,30.07,10.20,191.05,256.63,229.49,338.42,419.14,407.89,379.49,239.37,132.26,181.69,164.07,105.22,50.04,111.14,185.41,107.42,58.19,157.66,103.28,97.67,21.40,89.81,581.74,418.64,164.47,169.92,250.32,240.42,227.73,231.76,258.92,232.08,82.00,69.01,55.57,86.37,78.10,96.33,63.64,62.13,170.14,56.32,102.07,265.77,392.14,439.93,389.98,87.01,332.22,503.05,394.98,174.41,100.58,74.15,16.00,36.14,378.19,53.54,329.34,3.16,73.01,202.15,394.01,500.12,398.39,199.12,63.07,131.53,458.79,514.84,457.52,209.86,13.42,285.59,130.39,51.42,60.75,133.09,15.30,56.14,59.55,104.20,365.17,153.53,67.94,126.51,252.03,233.85,52.04,327.54,75.59,46.69,35.36,33.94,90.97,66.48,30.23,43.57,10.20,105.00,202.83,43.01,112.16,185.32,218.82,209.69,247.70,227.09,202.01,170.14,65.30,17.03,22.00,16.00
198.00,166.57,123.97,148.76,167.07,212.51,295.41,314.06,269.31,212.15,152.09,115.52,75.29,36.77,140.58,35.61,39.12,162.56,108.17,79.62,257.38,332.34,291.51,20.10,16.12,124.85,151.11,95.41,77.52,51.92,110.16,20.25,7.07,11.40,15.03,97.84,245.41,240.42,184.01,172.42,204.02,247.82,264.03,260.38,249.02,246.07,230.67,194.55,174.96,140.98,99.01,64.40,153.39,177.63,68.96,39.70,156.05,339.72,287.92,441.24,399.10,256.45,139.18,90.71,33.97,10.77,45.10,99.01,327.00,479.07,515.35,516.39,410.39,239.27,211.06,42.54,390.89,390.24,257.16,411.75,485.82,452.58,268.97,275.67,302.51,393.29,467.33,321.46,207.04,398.90,277.62,107.07,71.01,137.30,54.42,50.93,72.14,21.21,134.65,147.15,111.04,153.55,78.55,193.83,171.54,160.65,225.64,225.57,548.21,441.81,100.58,94.20,161.62,270.01,302.66,265.80,216.97,172.26,218.56,139.61,130.14,60.03,127.58,124.56,86.82,61.40,206.63,157.54,90.35,31.02,58.14,213.24,386.57,476.80,376.98,67.36,305.57,457.56,429.07,361.62,267.62,133.12,365.03,27.46,293.54,24.21,21.02,27.31,94.59,294.33,450.79,453.81,449.52,409.50,152.45,156.42,402.02,404.97,356.80,429.48,327.00,193.21,83.05,147.49,28.28,14.56,99.30,121.85,323.35,267.68,132.98,198.60,227.41,156.98,105.22,353.28,65.86,54.33,57.27,84.53,112.04,39.62,45.28,45.61,12.08,56.04,222.95,58.31,159.71,112.61,102.84,22.00,79.81,206.16,267.82,286.75,256.82,244.01,186.10,114.00
142.00,175.80,155.08,252.23,282.35,289.69,292.50,201.30,93.78,62.48,97.32,103.39,112.90,40.20,162.05,68.54,24.08,35.01,111.32,195.31,145.36,392.39,257.41,5.83,21.95,162.01,45.10,120.15,48.08,24.17,128.60,92.10,14.14,17.09,20.25,15.23,60.22,140.72,75.39,16.00,36.72,36.06,118.70,160.13,154.21,146.12,158.40,88.20,62.80,90.97,48.37,35.47,116.28,224.66,202.19,107.07,160.65,406.18,211.68,20.10,72.00,108.78,312.71,459.41,506.25,514.25,487.37,416.98,264.76,103.25,399.71,488.41,382.90,197.41,241.01,442.14,369.48,353.91,142.69,216.39,95.89,132.97,300.67,49.09,230.95,103.48,197.99,330.98,198.58,360.14,338.28,316.18,188.68,96.10,72.24,68.41,72.18,100.24,120.03,153.58,58.31,153.00,111.54,65.80,137.91,179.61,240.52,246.33,437.71,380.79,72.80,100.18,181.07,140.01,93.86,35.61,36.50,73.50,256.28,186.42,135.79,139.64,64.88,126.15,221.96,201.34,204.04,45.54,91.78,48.60,28.43,23.02,78.41,221.38,382.38,461.77,320.68,31.62,268.87,389.61,412.33,384.73,384.88,141.82,286.33,44.18,35.36,59.23,67.23,53.76,106.47,187.77,298.93,425.46,495.26,433.89,116.46,187.39,329.51,495.03,571.79,480.64,360.17,337.86,187.00,41.62,92.23,133.88,232.14,428.30,134.65,205.06,218.82,49.50,119.00,350.37,42.80,21.21,70.21,90.38,26.91,5.10,31.40,37.12,29.73,24.33,210.04,62.48,162.43,109.56,135.35,64.03,104.55,80.62,52.40,140.43,197.02,285.14,315.89,254.00
186.00,294.36,384.03,344.82,290.56,191.27,65.19,246.22,136.24,81.22,56.04,130.51,134.53,113.36,96.75,61.27,21.54,6.32,85.48,223.90,206.93,203.42,110.02,162.31,79.31,126.25,194.59,112.29,7.21,188.73,159.62,227.11,14.42,13.34,22.63,34.06,20.25,74.73,139.54,38.29,93.06,132.22,197.43,36.80,25.50,28.64,64.40,119.04,149.00,139.56,74.95,32.25,45.34,114.56,233.48,260.28,245.61,235.00,304.91,433.97,426.56,338.95,182.60,112.61,381.38,497.03,515.02,514.56,487.54,494.97,388.25,266.01,373.36,242.84,226.45,157.16,270.44,245.46,33.62,264.01,434.61,371.71,263.80,263.04,302.39,395.24,367.03,296.12,178.33,248.62,97.53,204.95,231.74,187.88,47.07,64.14,90.51,59.67,117.75,84.59,90.52,97.95,175.97,163.03,64.88,82.76,31.02,87.10,361.73,319.19,80.99,89.90,42.76,48.27,83.87,49.50,107.42,264.58,232.25,74.24,85.60,122.70,85.04,130.78,214.40,404.08,449.59,323.20,53.85,56.59,44.92,46.82,37.74,18.38,67.60,205.23,357.28,450.92,342.26,117.00,190.06,356.61,299.55,298.40,332.39,191.13,33.97,43.29,4.24,83.05,14.42,42.54,23.71,100.24,248.57,438.02,426.82,266.31,225.02,117.35,145.91,373.75,423.13,531.02,554.23,430.93,307.40,134.53,156.16,453.98,144.94,135.25,195.48,35.47,98.06,334.90,47.01,62.03,45.25,48.33,20.10,24.33,23.41,11.40,29.43,8.60,165.92,83.73,145.58,75.31,145.67,99.64,119.54,85.43,37.74,85.76,90.55,68.60,173.00,138.00
220.00,286.46,293.07,145.12,22.67,156.32,238.84,94.02,78.00,98.51,149.03,133.15,111.40,213.03,192.68,121.20,75.07,38.60,64.03,136.70,109.42,125.87,100.90,134.74,108.68,10.30,31.30,77.99,50.99,199.62,146.89,245.39,5.10,8.00,12.81,51.26,18.00,47.10,145.89,108.46,88.20,88.54,194.37,149.03,62.48,10.20,21.40,17.72,28.00,102.69,68.66,28.18,91.97,55.17,81.15,236.12,256.88,250.80,378.45,490.11,498.09,397.20,233.36,448.36,316.46,106.30,18.00,29.15,46.84,140.66,370.01,471.55,346.66,150.33,140.72,72.11,59.09,106.07,149.57,310.26,329.01,417.15,364.01,192.90,189.21,327.25,363.79,295.85,260.35,215.80,125.71,161.99,84.72,97.69,87.20,68.60,105.04,104.69,23.32,48.27,110.05,33.73,81.71,101.83,149.57,115.55,156.89,116.07,408.18,293.00,199.90,276.35,393.72,305.64,89.10,83.49,186.76,174.29,42.64,23.02,11.40,69.77,137.44,217.85,243.30,42.45,290.40,494.39,426.76,217.49,66.41,22.85,32.65,35.36,50.70,43.01,25.50,179.11,382.65,491.16,354.53,162.73,69.87,177.88,361.16,487.05,368.05,213.62,44.05,41.98,51.48,53.24,32.28,19.65,38.21,171.82,291.73,266.33,296.98,441.83,478.22,170.29,102.80,240.10,437.66,574.92,588.63,345.49,146.16,271.96,233.69,122.15,125.67,76.42,138.06,325.16,41.59,68.54,12.17,19.24,29.43,38.63,15.56,11.05,30.07,10.00,127.66,101.60,103.82,62.80,107.20,120.54,68.25,112.33,76.03,109.48,37.34,55.32,80.36,4.00
46.00,131.55,32.89,78.00,67.91,156.42,215.82,167.67,116.62,8.60,36.69,39.82,54.57,70.38,71.02,27.20,62.61,31.02,105.69,194.26,165.60,205.18,202.24,167.09,19.24,61.61,51.92,40.82,57.01,89.27,156.19,136.12,23.71,14.14,4.47,35.47,43.01,22.36,104.69,182.54,88.51,91.08,136.01,208.93,54.20,39.60,48.37,64.62,75.96,84.34,28.60,78.23,59.48,86.83,42.64,79.25,23.02,282.10,275.43,175.24,73.76,263.14,80.96,303.32,344.31,510.90,500.78,495.45,466.43,421.54,326.71,213.11,147.11,63.56,171.03,216.13,228.44,151.16,130.67,262.67,343.00,309.10,352.80,66.71,209.38,135.56,199.12,228.32,192.92,81.99,106.08,52.50,61.61,96.75,9.90,96.83,73.43,88.57,65.15,139.18,110.86,43.57,39.12,24.21,119.64,87.92,154.95,153.88,489.61,314.00,332.42,298.48,327.67,393.91,353.62,81.30,173.37,305.72,281.37,179.63,86.83,37.95,75.60,152.45,290.34,423.48,303.32,57.01,399.06,507.63,428.88,243.23,52.33,27.46,71.34,69.64,29.73,26.68,29.02,203.42,386.43,476.14,340.71,196.82,117.18,307.58,470.02,484.50,232.08,63.95,58.55,17.72,10.20,47.07,9.49,70.84,149.41,185.41,207.58,288.29,465.14,484.49,402.89,250.46,85.28,128.35,417.97,472.04,431.08,259.00,217.81,158.15,150.45,101.84,168.22,348.21,205.46,127.81,99.30,43.57,45.80,73.39,0.00,9.49,29.83,10.30,117.00,102.70,78.29,42.54,69.77,85.91,69.87,88.81,9.49,82.00,19.65,47.43,59.36,32.00
10.00,107.20,40.79,24.74,124.17,184.63,200.68,62.03,25.81,54.59,34.06,27.89,63.81,79.31,100.69,63.56,39.62,20.00,119.33,179.48,105.99,301.50,111.95,161.99,72.90,12.81,14.76,4.47,51.24,24.17,85.99,44.94,22.00,16.12,10.20,11.40,9.06,17.20,74.97,267.90,119.55,52.95,131.19,118.23,90.08,79.31,18.11,63.91,65.07,114.59,101.24,108.46,57.98,74.15,15.03,64.56,128.41,303.06,252.13,428.07,401.21,314.99,151.91,254.53,274.87,115.73,52.04,107.42,262.55,390.27,375.93,222.80,125.96,162.11,288.17,192.38,133.22,96.33,82.86,50.36,107.04,149.27,317.17,153.84,242.06,188.61,144.01,71.18,22.63,16.12,112.40,62.63,56.46,42.05,60.13,68.96,41.40,89.68,112.92,102.46,135.09,170.56,149.03,155.08,134.24,127.12,212.25,210.77,478.93,329.19,373.26,287.68,230.27,157.54,237.69,339.25,190.18,19.65,165.36,218.89,198.73,155.56,24.21,85.16,70.88,174.38,387.36,485.70,341.01,17.26,349.79,508.38,404.21,219.54,32.98,58.67,35.01,20.00,32.25,8.49,62.24,243.74,342.16,359.14,383.21,244.68,48.83,391.35,500.49,433.80,219.60,41.01,15.30,49.66,61.07,39.29,89.05,199.42,189.21,267.54,164.20,241.21,401.72,500.48,463.32,339.03,143.67,128.39,324.34,375.15,238.20,75.64,112.79,50.93,81.60,280.37,331.91,350.69,325.93,254.23,256.04,240.57,57.98,4.24,24.41,31.14,158.46,61.35,153.39,123.49,128.83,43.93,106.93,75.17,29.15,81.84,58.31,100.45,92.46,64.00
56.00,71.55,8.60,38.21,44.65,60.22,230.42,65.92,44.38,107.94,84.85,44.41,19.85,46.07,62.43,62.03,57.43,12.00,78.03,143.74,176.71,267.30,74.89,32.53,124.48,36.25,15.81,13.42,36.36,45.28,51.42,98.03,157.03,109.12,18.11,6.32,17.26,2.00,14.42,246.07,229.12,32.25,165.60,191.32,190.92,125.99,60.93,57.72,25.81,52.95,122.38,98.39,56.30,27.46,6.00,29.83,110.06,224.66,174.26,173.07,21.26,22.63,155.72,306.62,354.64,323.56,391.85,378.57,261.71,294.85,323.67,298.77,40.02,179.63,267.87,84.86,94.02,76.49,122.80,182.02,156.01,71.40,171.41,261.27,233.59,143.12,84.40,66.57,33.73,70.00,102.42,94.92,66.48,191.13,187.20,72.11,105.57,154.21,16.49,123.32,157.56,133.28,120.83,145.09,142.69,170.21,243.58,276.01,400.62,268.87,321.60,200.53,217.82,184.17,80.10,205.76,295.04,257.24,117.88,53.76,167.30,241.23,196.16,189.99,161.99,41.30,45.45,229.46,369.53,448.54,305.94,76.69,401.28,498.89,404.30,205.91,41.11,14.76,18.38,6.32,42.45,46.17,135.09,154.15,324.50,458.44,386.34,142.77,214.67,491.43,553.02,451.15,322.23,147.76,47.52,53.01,41.40,132.10,137.91,213.84,146.01,55.95,41.11,214.18,419.01,498.61,452.31,399.81,202.63,91.08,85.15,130.15,190.97,148.86,71.22,99.85,171.02,237.36,317.24,342.21,328.40,372.03,278.28,193.21,63.66,4.47,207.54,28.32,198.25,26.57,161.55,85.09,113.30,13.04,31.40,72.28,21.63,106.32,81.40,50.00
86.00,95.85,132.44,178.40,153.38,82.13,243.05,75.29,45.54,126.75,91.76,20.40,71.69,46.52,91.61,48.76,92.35,37.20,37.74,59.48,76.94,181.11,63.95,82.22,60.22,29.73,19.65,27.46,8.94,29.12,37.34,144.35,49.34,175.41,9.06,70.21,100.32,77.78,7.07,114.63,277.84,176.39,111.57,65.19,49.09,161.00,100.85,72.57,44.41,12.81,106.33,119.63,76.03,39.82,18.11,29.70,61.35,141.04,24.08,114.77,121.80,207.48,284.71,397.72,420.59,307.85,244.23,198.60,76.69,193.75,262.25,331.47,56.73,248.34,157.26,112.00,158.90,171.70,89.68,59.48,141.68,132.57,91.93,118.41,124.48,129.00,158.01,138.75,112.09,109.44,68.41,103.82,194.18,218.60,274.89,209.80,179.12,113.72,134.38,148.06,138.85,117.28,109.25,122.26,130.06,57.72,73.50,43.86,275.00,201.06,273.24,122.97,80.41,152.61,109.44,89.31,72.11,213.78,270.12,190.85,32.56,167.26,211.40,277.48,282.31,30.36,64.50,80.36,75.01,130.38,306.49,383.34,165.03,187.81,417.11,439.34,302.80,149.89,38.21,10.20,76.49,52.95,164.71,34.21,79.92,235.29,358.74,430.20,416.77,176.15,197.41,423.25,517.62,496.76,274.59,86.83,15.23,80.62,111.09,134.06,184.10,75.27,129.38,76.55,31.02,188.10,263.93,384.23,465.59,356.95,131.59,143.74,303.60,186.76,147.25,89.44,78.79,19.24,104.31,128.41,169.71,280.59,385.02,419.10,291.92,245.05,175.93,26.57,183.64,62.43,77.67,171.17,12.00,125.90,143.00,134.24,59.46,147.71,87.68,64.00
160.00,178.91,265.23,254.03,266.18,307.04,190.85,52.55,30.07,142.06,99.05,26.08,84.02,46.17,70.61,76.49,140.66,43.57,26.31,60.88,101.87,173.67,213.78,51.24,63.13,63.20,29.73,17.09,56.59,98.18,73.55,128.14,93.61,142.36,104.69,106.17,11.40,110.03,16.55,14.76,170.42,281.68,282.85,298.43,336.69,152.43,174.04,31.14,56.64,51.09,32.25,103.79,38.05,39.32,80.11,44.05,45.61,89.84,76.90,102.08,124.65,32.56,170.42,384.76,248.91,131.64,117.52,109.37,91.30,100.66,123.22,141.45,194.08,214.35,61.40,125.93,113.53,92.65,86.65,103.16,92.36,76.94,99.05,114.59,110.89,103.59,66.71,111.09,48.85,65.07,65.07,25.50,111.97,190.55,250.20,162.79,193.91,31.30,173.99,142.30,127.12,120.02,98.08,95.41,98.18,130.38,47.52,114.02,311.26,279.44,265.54,153.16,80.22,164.92,63.64,38.60,142.27,175.41,232.23,320.62,299.77,164.91,83.20,258.09,328.16,67.47,24.41,21.54,30.27,22.36,52.63,237.07,407.14,372.63,47.27,274.36,410.02,419.69,245.35,113.32,162.12,70.72,207.69,37.01,97.53,64.40,101.83,223.97,411.76,489.72,403.91,220.08,86.68,400.05,490.98,419.66,220.93,67.91,108.05,79.31,197.73,38.91,160.45,18.87,91.18,64.28,76.97,45.61,197.23,295.66,355.02,93.35,412.70,164.05,79.31,224.36,273.06,180.06,112.51,32.31,65.12,128.13,156.70,320.52,369.87,345.95,255.57,227.02,273.64,138.68,37.36,117.21,121.06,59.55,62.63,46.69,91.05,182.48,46.17,10.00
240.00,241.00,146.89,58.31,107.42,215.08,162.87,34.18,28.46,104.71,70.72,27.89,63.51,22.36,31.05,29.53,76.00,49.40,12.81,73.01,107.70,95.13,242.07,89.45,99.86,45.28,51.48,13.42,96.75,13.34,101.60,30.89,214.40,137.77,244.27,67.90,79.06,123.88,111.76,8.60,63.70,240.75,139.27,159.66,356.79,113.03,207.93,48.66,50.64,32.65,69.31,101.40,61.07,60.53,52.48,61.74,21.21,53.01,128.69,84.20,44.41,77.88,77.88,211.70,279.96,130.14,89.05,69.35,91.71,168.81,256.16,272.59,227.98,132.97,83.57,60.83,58.67,72.25,120.83,197.21,141.09,6.00,4.47,41.11,75.15,106.40,62.63,72.62,66.12,39.62,106.28,162.98,216.38,327.38,354.59,240.13,233.81,218.05,229.54,82.46,6.32,20.25,17.72,73.76,118.83,196.21,142.67,145.67,351.02,326.02,281.22,205.94,94.92,153.22,110.16,105.55,148.92,57.31,86.65,117.99,250.91,268.92,244.72,89.29,345.22,364.05,290.87,119.01,72.00,126.14,120.42,78.23,182.13,401.53,417.03,286.72,52.55,313.64,430.49,388.29,353.69,194.65,178.94,31.78,120.81,57.43,52.63,75.80,85.62,271.02,383.51,446.88,397.13,158.24,144.73,386.70,434.10,348.49,280.32,273.22,161.40,22.09,220.23,79.06,57.01,82.28,120.83,75.01,82.29,117.96,321.93,182.82,322.25,182.04,123.17,220.52,293.54,284.68,262.77,180.69,121.79,39.70,11.40,100.42,146.75,197.47,227.02,282.18,399.37,279.52,168.30,120.81,77.06,99.25,95.26,81.84,25.61,161.28,139.27,86.00
248.00,203.74,148.49,147.65,110.44,86.03,131.40,39.12,33.62,37.01,23.71,16.97,22.00,75.43,8.25,10.30,16.12,25.81,12.17,63.39,61.40,62.77,257.40,291.29,63.70,95.60,58.46,13.04,58.26,111.54,76.28,3.16,230.27,141.00,228.74,27.31,147.76,13.42,165.68,6.00,4.47,80.32,151.92,223.03,76.37,38.08,135.76,216.81,39.12,26.83,71.81,69.81,114.77,49.68,34.06,64.28,9.49,48.33,121.34,195.17,107.42,42.52,174.93,247.02,219.49,265.22,187.24,218.98,156.95,123.00,158.76,120.28,28.60,13.93,87.24,111.89,119.88,117.18,43.38,270.66,271.31,173.53,68.88,77.01,49.34,51.24,81.61,61.07,150.86,261.09,308.30,212.94,159.22,178.35,149.47,176.57,265.40,264.76,153.81,80.05,92.57,82.10,71.02,51.87,83.52,188.22,21.95,175.24,406.79,252.21,289.76,235.03,45.28,95.71,14.21,84.01,129.25,146.01,119.33,69.81,46.86,193.00,386.43,393.11,102.16,244.82,414.92,421.00,301.47,140.89,58.00,44.92,42.80,99.33,228.04,365.14,405.29,280.30,65.07,304.14,490.61,494.27,279.73,80.81,140.58,49.09,41.62,60.73,53.81,97.84,127.48,231.67,407.54,497.35,413.09,149.97,154.43,351.28,355.63,385.02,239.52,94.85,263.02,147.28,43.86,138.46,191.02,71.02,170.84,216.30,182.48,118.53,160.82,177.07,137.44,299.48,116.10,154.93,224.54,298.88,301.89,206.49,136.01,54.04,26.91,101.95,142.62,108.02,293.14,356.86,307.78,189.87,81.74,48.27,66.75,77.79,81.04,81.74,71.69,70.00
32.00,157.00,37.66,74.67,66.24,130.39,91.71,25.02,35.38,8.25,22.67,34.06,42.54,76.49,47.01,87.48,76.94,24.74,31.78,64.90,67.68,145.09,79.65,230.50,179.74,237.61,194.50,100.42,20.00,25.46,10.77,6.32,104.69,151.00,65.60,44.27,70.72,121.61,128.82,128.76,14.76,48.17,147.85,308.47,62.24,74.43,85.62,245.60,161.62,48.08,78.10,32.25,54.20,61.74,50.99,68.03,25.30,52.63,38.08,87.97,154.01,165.61,189.97,111.40,209.50,264.12,135.51,125.03,149.27,125.03,116.39,176.15,48.37,10.77,33.62,115.38,235.73,37.44,114.77,265.56,285.09,107.56,73.55,122.87,105.69,74.40,139.18,220.77,341.72,267.96,167.73,186.32,156.52,64.40,38.21,71.34,64.12,33.73,24.33,30.07,63.64,83.73,147.90,117.10,146.33,209.40,279.96,276.83,276.45,137.18,269.07,187.36,115.17,132.74,35.61,98.18,72.01,122.20,128.89,48.37,67.78,96.18,173.37,374.21,503.81,379.01,113.14,245.23,454.16,385.29,85.15,62.24,57.58,49.40,91.92,122.61,134.37,379.44,524.24,351.69,48.08,284.49,403.44,309.47,222.25,48.76,41.88,57.78,68.35,77.47,81.44,40.00,115.04,302.88,423.97,454.85,411.25,133.00,115.87,245.46,305.59,320.76,378.11,271.54,114.93,158.49,248.29,74.67,248.41,375.07,204.17,280.40,102.00,156.70,122.41,357.04,51.22,107.42,145.67,187.24,281.81,307.52,333.94,273.03,159.71,123.00,75.15,21.02,116.02,186.49,255.81,290.83,314.10,292.75,242.16,116.50,22.80,106.51,37.20,32.00
186.00,260.25,222.45,263.15,237.31,214.60,67.60,51.48,77.37,8.60,41.23,59.08,40.00,68.12,91.76,73.59,107.42,96.18,85.88,14.14,88.59,161.99,175.57,243.66,110.03,182.94,181.04,165.87,77.79,119.68,85.80,14.76,6.00,7.62,66.12,37.34,89.05,159.53,8.25,178.00,15.03,17.72,74.24,301.26,269.31,77.01,38.47,117.35,222.72,155.03,64.33,91.27,25.50,54.57,53.16,72.07,58.82,35.69,49.34,65.92,68.25,108.02,168.81,246.76,263.50,158.42,108.17,131.53,99.61,82.87,132.94,127.01,88.20,73.55,57.72,91.39,247.95,86.31,47.07,223.58,294.46,97.74,43.86,124.52,196.03,174.92,155.03,186.04,194.49,61.61,39.32,27.02,38.05,22.36,18.38,11.05,16.12,4.47,13.93,25.50,47.41,34.23,61.61,94.00,118.60,185.15,158.90,41.98,180.71,86.83,196.86,149.59,81.44,176.78,206.63,55.01,172.90,163.32,185.70,90.35,131.21,33.11,87.46,91.61,206.31,347.94,377.75,291.03,181.47,452.77,419.46,304.03,92.66,47.20,37.01,43.86,168.24,166.33,323.34,456.63,504.18,322.46,131.80,257.24,412.77,439.09,210.38,103.04,55.80,72.25,66.75,13.04,92.44,72.18,155.97,256.85,429.39,482.65,395.60,161.97,108.17,289.50,414.91,420.15,387.74,370.83,214.20,32.98,284.10,391.15,151.72,210.24,181.02,104.80,106.73,375.25,22.80,51.92,62.43,53.31,141.66,204.04,279.57,377.92,391.48,345.44,230.63,109.55,39.32,31.62,94.67,197.31,245.34,265.80,322.27,264.76,167.63,74.00,58.41,2.00
276.00,227.71,134.00,130.38,126.00,196.03,175.64,115.60,85.99,23.02,85.43,74.11,76.69,63.01,87.20,131.03,88.59,109.88,55.08,44.72,76.94,85.09,189.17,205.53,256.94,206.93,201.56,182.46,117.10,35.36,139.27,31.02,22.67,25.50,152.49,145.00,174.06,88.57,126.06,128.89,123.04,15.81,64.90,227.00,310.82,136.37,104.40,74.43,117.05,331.44,63.07,179.35,59.09,44.72,30.00,63.01,106.15,81.94,62.80,46.04,57.69,30.59,87.92,132.14,262.07,372.94,265.15,205.12,228.54,223.50,191.00,93.26,7.21,37.95,19.24,130.73,151.00,154.01,148.98,149.41,286.59,170.42,251.83,323.29,246.84,127.26,100.17,143.95,102.00,9.49,11.40,43.29,49.98,19.85,12.17,7.62,10.77,4.24,15.81,13.93,13.42,29.15,25.06,13.93,16.97,26.08,29.43,20.10,202.36,83.05,122.70,143.40,103.48,75.29,178.37,282.06,271.45,286.27,212.25,105.39,152.32,212.78,217.00,148.66,15.62,114.93,221.60,363.52,261.40,28.43,300.54,420.87,393.29,253.69,86.73,124.46,165.61,127.91,23.54,113.46,253.01,422.97,371.90,165.52,227.79,442.31,519.67,466.04,276.48,46.00,63.51,33.11,94.34,38.21,68.41,34.00,97.74,262.65,411.89,482.99,397.62,190.38,45.28,171.47,295.03,473.00,323.61,124.48,258.77,236.28,229.48,92.13,183.67,106.53,63.95,372.71,90.55,57.08,53.81,12.00,25.96,27.02,46.75,117.18,163.17,301.50,355.60,301.73,225.80,169.50,101.82,17.72,8.60,40.52,99.81,232.36,278.61,329.44,276.70,170.00
30.00,10.00,18.87,1.41,7.62,164.61,152.64,160.03,86.31,37.74,58.14,45.54,101.24,24.04,48.17,114.06,19.70,68.43,31.14,7.07,58.46,42.64,143.18,249.26,117.72,241.47,131.80,254.88,32.98,128.72,73.24,22.00,11.66,14.14,291.55,131.95,281.71,47.85,178.10,14.14,182.27,8.94,12.17,108.23,275.80,168.24,91.01,80.02,69.64,415.99,79.85,256.03,24.08,31.91,13.04,44.41,14.21,81.15,63.25,42.43,55.79,59.48,62.43,114.40,76.66,159.30,249.95,132.91,69.64,58.46,30.53,54.64,58.87,78.24,50.99,116.02,94.67,124.34,96.19,54.04,200.08,254.72,242.07,163.25,142.62,138.31,80.62,46.52,37.01,91.01,98.33,61.27,46.07,6.32,4.00,10.00,16.12,8.49,13.34,27.78,24.70,15.56,16.55,15.81,19.85,18.60,12.81,8.49,204.16,105.00,82.97,102.11,215.82,74.97,45.61,151.56,323.39,345.21,274.49,152.24,165.75,184.20,148.34,283.52,99.30,139.94,115.04,171.96,300.56,411.17,352.60,61.20,255.77,380.47,313.59,87.97,84.86,110.54,73.06,79.81,31.91,113.00,216.69,338.29,377.61,168.96,208.31,504.23,589.92,472.04,239.82,49.58,70.46,30.27,78.59,43.86,28.00,6.32,73.01,241.66,387.98,395.50,328.89,243.58,140.89,92.36,302.95,342.55,358.73,155.72,100.00,316.51,155.87,175.65,21.54,339.67,120.28,70.71,82.33,77.79,84.10,93.01,97.87,99.13,105.77,53.76,155.40,236.63,230.27,260.46,286.53,205.20,98.79,11.66,21.02,106.07,185.97,229.39,300.83,286.00
116.00,78.43,41.59,7.21,17.89,188.94,129.88,163.88,134.20,98.06,55.95,63.51,55.23,19.03,8.60,79.61,72.47,27.78,27.02,7.07,68.12,40.00,91.39,257.95,118.81,261.08,70.34,227.71,207.88,17.03,26.91,24.21,19.24,12.00,272.59,166.98,256.20,57.27,126.82,138.41,107.90,110.75,7.62,13.42,167.63,300.68,107.04,96.52,54.41,399.81,140.24,276.56,37.01,55.32,40.50,74.43,67.08,74.43,73.54,151.21,84.72,51.61,83.57,121.61,103.73,25.06,120.44,172.19,52.55,41.88,31.02,17.89,28.46,46.69,18.00,69.58,53.14,44.18,31.02,71.61,42.45,160.38,90.87,102.30,131.03,5.10,34.18,43.10,63.56,94.34,111.00,80.99,14.56,18.38,16.97,8.25,28.46,16.12,18.97,27.17,39.82,29.02,16.55,8.00,11.40,16.00,12.65,14.56,203.20,113.22,67.36,73.39,109.25,252.74,119.71,79.62,62.77,53.76,155.54,48.66,38.08,60.17,39.45,330.12,200.16,157.16,141.32,47.43,82.07,205.28,367.61,416.47,271.97,178.26,377.60,366.35,309.55,196.90,71.01,44.72,23.02,7.21,107.04,150.01,315.24,466.54,413.53,99.54,247.49,464.62,534.42,399.06,220.66,29.43,97.01,13.42,28.46,40.05,42.38,27.89,136.94,197.99,308.92,365.02,298.20,238.47,130.12,147.53,389.57,419.49,331.79,272.36,221.77,154.56,29.73,302.15,100.09,45.12,73.59,57.72,88.60,119.08,131.64,124.00,122.97,149.57,156.63,76.38,39.29,78.10,194.43,315.07,354.12,266.48,167.45,82.07,26.83,27.89,91.93,126.00
44.00,82.37,106.53,31.62,32.28,183.85,142.94,152.61,197.31,25.18,84.38,91.01,30.89,41.88,34.21,35.47,109.11,50.00,69.57,18.38,39.62,57.69,126.49,184.95,175.65,246.03,109.00,282.23,163.27,13.42,17.26,34.99,17.03,14.00,121.66,172.05,78.59,105.55,34.79,153.58,6.32,164.05,4.47,8.60,63.13,291.36,344.07,147.57,111.83,342.84,115.11,216.93,60.75,29.02,14.56,70.84,111.52,83.20,123.17,112.07,152.80,56.46,37.01,71.06,117.80,80.06,74.00,144.68,103.12,34.53,13.04,24.00,22.09,18.38,46.86,87.78,30.07,15.56,82.07,115.41,87.82,133.84,42.43,41.01,133.42,123.98,132.48,124.91,131.85,114.06,74.63,109.64,80.99,28.18,7.21,5.10,25.02,12.17,6.32,12.65,12.08,8.00,19.85,33.38,35.36,31.05,26.91,2.83,200.25,98.18,170.02,211.98,185.30,94.87,142.04,90.79,81.99,142.62,177.79,45.25,30.53,18.11,92.96,233.41,406.06,213.88,114.59,76.38,155.72,100.57,124.45,256.11,404.08,299.38,18.60,264.76,418.04,437.12,298.10,135.83,38.29,31.78,105.99,11.31,66.53,214.22,441.26,478.52,377.73,169.01,200.48,468.00,518.47,309.39,153.84,61.22,19.70,35.47,43.38,39.01,67.19,56.59,76.24,210.00,235.59,305.20,364.34,305.00,105.39,140.66,158.64,39.70,263.88,83.57,32.00,313.36,132.42,60.93,56.60,21.59,97.02,60.75,29.83,18.11,49.68,53.24,59.21,86.02,64.28,45.19,45.45,124.91,261.48,319.77,270.48,273.00,170.51,134.77,76.38,6.00
108.00,118.02,171.96,129.07,55.23,148.50,184.76,101.40,194.33,70.11,110.34,65.30,18.97,37.74,21.95,67.78,108.93,15.23,73.50,92.00,95.34,74.09,100.24,82.22,200.57,179.25,173.56,113.85,98.08,116.28,15.81,12.73,9.49,12.73,7.62,109.48,69.01,90.92,3.16,94.87,130.00,84.59,50.93,8.25,24.08,160.33,313.74,188.35,195.39,371.26,111.21,191.54,60.88,10.77,27.02,9.49,101.55,141.06,34.93,81.63,75.01,142.77,26.00,30.07,48.66,140.68,128.27,84.12,89.94,103.39,64.76,69.35,41.76,59.01,73.82,23.41,84.53,67.36,138.97,107.04,166.48,152.61,63.66,36.06,81.44,135.20,143.59,117.72,100.13,65.19,50.70,75.80,91.92,20.10,9.06,29.70,49.40,45.65,9.06,14.56,13.42,18.11,38.08,13.04,4.24,11.40,21.02,29.15,198.49,78.41,317.17,209.86,302.85,132.48,34.21,114.40,155.87,203.08,105.55,142.02,48.10,30.23,100.17,135.88,360.08,523.42,254.69,56.00,195.47,80.26,117.69,75.17,203.77,371.08,458.60,337.83,8.25,303.64,439.95,327.67,184.69,96.75,91.08,37.36,110.39,75.80,100.44,332.68,442.33,473.43,377.36,108.93,315.41,479.05,404.85,273.21,100.02,30.89,8.94,17.03,15.03,31.14,20.00,141.72,103.23,173.44,239.02,310.52,357.71,285.95,167.73,32.65,231.02,36.88,8.60,333.74,154.54,68.60,64.88,38.47,124.34,104.94,153.16,166.19,182.82,173.08,107.08,170.18,62.37,60.46,76.84,46.69,27.20,167.06,146.10,266.01,258.68,206.71,181.82,74.00
280.00,233.80,226.45,271.25,156.52,167.20,127.32,19.85,122.26,41.11,81.99,18.11,19.65,74.09,68.47,88.10,99.48,43.29,27.20,31.78,44.94,70.26,83.15,120.24,123.32,190.16,249.93,93.72,52.48,148.79,8.94,9.06,23.41,12.81,11.40,59.36,64.88,76.66,72.18,22.80,64.03,10.00,70.46,10.30,18.44,301.05,452.68,264.39,218.20,465.84,234.79,262.73,211.65,73.82,7.07,26.91,44.05,59.55,129.00,99.73,70.34,110.16,50.64,19.65,10.00,126.15,160.11,97.10,117.04,234.73,110.94,71.40,53.85,102.00,43.38,65.15,87.69,122.26,205.46,90.80,187.02,131.24,49.09,18.38,19.24,21.95,29.73,7.62,37.01,30.89,18.38,95.60,119.23,65.39,52.15,63.25,30.89,78.79,37.34,30.07,22.63,32.06,37.12,11.40,7.62,15.30,7.07,45.19,212.24,82.04,387.16,80.62,214.54,183.96,182.44,18.87,86.65,279.26,253.00,105.55,27.86,32.65,85.15,205.37,235.30,127.91,371.21,387.92,411.55,132.80,116.66,73.33,73.50,90.71,274.49,401.91,370.27,211.12,192.84,357.47,357.53,264.71,43.57,101.84,107.65,120.33,71.85,22.14,109.04,289.39,431.01,471.30,274.52,5.83,256.46,435.14,387.29,240.47,93.74,58.05,34.00,11.40,12.73,87.46,53.46,104.28,90.21,122.16,215.13,288.60,222.10,28.60,256.03,58.31,97.99,322.10,157.92,20.59,53.76,55.44,106.83,47.43,48.66,18.44,60.53,136.19,138.13,119.62,39.12,37.34,114.40,85.44,76.49,69.86,65.79,110.45,153.39,159.62,258.94,294.00
198.00,210.62,141.42,146.10,68.31,124.62,212.72,109.48,27.02,17.20,81.01,31.14,15.62,63.15,43.17,49.74,135.00,45.28,53.81,73.33,56.92,76.66,67.07,163.49,204.20,413.63,148.30,110.14,94.37,96.04,5.10,20.59,23.71,11.31,14.21,5.10,205.06,135.79,194.16,13.93,46.04,73.55,48.27,5.66,20.88,281.36,509.36,211.02,51.61,421.07,188.85,276.90,171.82,182.15,33.53,45.54,87.01,77.90,166.60,85.71,103.82,91.41,119.47,55.01,79.12,59.67,97.53,129.00,65.44,108.67,254.89,145.03,125.67,103.82,56.30,120.81,242.12,297.59,322.77,289.53,259.26,139.03,58.19,32.80,9.90,46.86,46.84,45.45,28.28,24.33,24.21,88.60,120.24,103.32,23.32,110.64,140.51,45.89,38.08,75.39,66.00,15.81,65.86,37.95,30.59,21.59,5.83,34.79,213.06,107.00,365.23,127.88,122.59,66.84,185.07,150.94,92.09,94.92,254.17,228.25,144.53,60.08,103.25,170.79,371.27,417.97,110.06,287.78,506.57,411.00,45.45,81.01,63.39,130.12,168.67,254.06,283.21,392.59,287.68,57.01,218.29,413.63,304.87,59.67,88.41,138.60,63.07,31.14,32.56,23.41,127.78,275.95,360.49,339.99,151.33,171.14,364.66,421.75,348.49,200.85,69.57,36.72,49.58,53.01,41.11,47.54,18.60,47.54,69.34,82.68,300.95,95.05,272.98,139.18,89.90,289.29,288.88,229.90,114.59,36.72,73.39,34.00,28.60,52.15,60.42,91.84,149.31,122.15,58.55,58.24,125.51,154.38,26.42,27.31,30.23,38.21,130.06,65.07,187.22,250.00
180.00,283.78,387.10,314.95,304.58,268.33,342.29,117.89,49.19,50.48,105.54,62.18,63.95,92.20,258.63,307.28,146.73,4.24,38.83,13.34,25.96,63.70,80.66,148.38,272.33,220.05,335.63,405.23,414.39,338.33,145.77,18.97,21.02,4.24,17.89,7.07,200.50,107.42,207.10,117.92,3.16,12.65,2.83,4.47,19.65,115.35,492.57,447.18,9.49,401.38,294.60,277.75,112.02,191.00,66.03,18.60,67.68,78.10,81.30,119.04,86.21,51.87,110.00,129.87,293.63,252.96,160.65,137.67,58.26,159.76,7.07,153.39,70.88,12.00,59.40,86.68,43.29,67.23,115.60,92.57,51.24,73.59,41.30,32.80,61.61,95.80,61.27,50.16,38.42,56.52,42.43,56.32,44.18,126.40,99.30,89.89,85.51,101.61,75.17,74.04,24.08,74.43,38.29,85.76,34.18,18.38,35.36,18.60,207.02,115.00,335.07,140.43,110.68,49.40,79.51,87.42,144.69,109.29,51.09,162.43,274.39,203.54,125.94,242.13,167.89,438.55,436.41,271.46,136.62,471.19,461.17,304.97,137.42,210.85,197.08,251.32,108.05,214.31,353.55,421.32,232.74,149.35,370.83,274.61,78.41,104.71,79.40,54.57,65.80,70.84,57.58,96.75,179.00,244.38,324.83,372.19,135.48,173.79,364.93,417.14,353.83,202.73,19.85,38.21,24.70,7.07,24.08,18.60,43.10,203.59,208.85,185.23,247.50,209.58,52.95,169.81,266.10,373.07,370.85,280.92,143.03,80.96,89.81,114.98,132.02,202.65,177.61,140.72,64.88,87.20,149.00,59.21,106.30,114.02,77.01,76.49,89.19,48.04,78.23,0.00
160.00,157.10,351.07,112.16,113.17,258.07,200.48,186.60,71.34,60.42,121.28,95.43,155.00,195.27,216.61,180.50,204.02,222.03,154.01,50.54,33.38,14.00,77.67,94.75,131.03,223.38,386.66,316.19,322.13,409.80,311.82,11.40,26.68,12.17,22.36,13.42,83.49,258.60,121.66,270.70,1.41,11.40,8.00,11.40,11.31,109.14,369.07,530.52,59.46,247.24,455.23,116.10,242.85,90.00,191.40,8.94,42.76,64.78,27.20,97.13,37.12,75.07,38.47,127.48,147.96,56.09,151.18,60.46,147.41,85.91,118.02,81.74,154.16,73.01,122.45,173.23,307.56,395.76,405.10,349.76,286.09,241.81,169.10,116.02,166.19,91.14,159.70,77.06,29.43,57.57,74.43,97.29,108.60,138.64,142.61,140.58,173.65,132.67,98.79,97.01,56.09,117.18,138.01,91.71,63.51,66.03,85.62,101.83,249.90,142.41,309.27,118.07,61.74,77.37,129.10,123.04,180.28,264.50,210.38,44.65,157.29,228.37,213.27,394.12,220.33,247.20,369.80,382.46,295.85,68.03,425.21,525.92,491.82,305.72,102.08,251.27,80.06,63.07,89.81,227.97,374.35,279.09,221.11,193.91,340.15,387.92,287.47,100.85,44.05,107.42,31.14,53.16,180.19,124.02,219.32,367.49,421.83,348.43,95.04,208.24,421.74,484.79,372.52,171.83,25.96,39.62,51.26,28.28,68.03,310.73,59.41,311.08,125.25,204.71,159.30,45.89,29.83,125.87,270.14,352.23,318.76,199.28,127.78,103.09,120.81,174.23,101.24,161.55,65.92,48.83,120.74,110.44,69.64,56.09,140.12,156.37,45.54,35.47,75.06,6.00
38.00,66.60,239.94,284.18,284.08,297.74,135.76,226.17,121.85,84.85,182.48,229.49,242.26,150.79,127.88,107.70,47.41,90.09,171.14,45.10,7.07,45.54,53.91,46.84,91.59,39.12,212.21,280.43,45.61,377.16,388.01,6.32,25.96,17.03,15.03,17.26,29.15,283.19,192.00,278.41,18.38,5.66,17.09,9.49,13.34,45.28,209.94,498.45,238.05,26.00,319.76,398.90,168.62,239.35,166.72,99.46,24.04,63.32,11.40,52.33,123.22,8.60,136.07,79.26,43.57,137.01,20.10,190.17,88.29,168.29,99.30,138.60,175.48,168.91,17.09,159.30,151.38,106.47,28.84,23.71,40.22,206.32,283.64,317.27,317.67,44.72,253.00,208.78,177.34,166.14,162.66,108.34,158.81,198.60,223.79,199.06,201.43,219.28,205.18,163.25,133.00,131.00,137.09,142.35,128.27,115.52,125.20,121.70,297.32,201.72,291.00,167.03,210.16,256.96,229.02,183.61,166.30,208.37,296.97,305.13,199.86,32.65,85.16,454.27,342.34,108.46,213.02,138.64,399.30,594.44,419.64,60.81,488.81,632.37,307.78,120.00,115.88,93.86,71.34,114.63,290.06,224.59,231.40,149.59,178.37,269.95,445.93,399.80,260.11,158.52,41.11,31.91,185.46,38.83,127.00,72.47,233.93,396.68,426.76,349.11,118.61,195.44,406.70,473.81,356.08,154.30,83.01,42.38,88.09,272.42,151.16,280.86,78.23,198.00,146.84,144.40,147.63,75.47,48.76,120.43,211.63,233.50,171.73,108.85,62.48,127.81,49.74,175.97,140.29,36.25,49.58,108.78,119.41,54.04,60.03,203.00,91.24,21.26,82.46,6.00
2.00,25.50,79.31,121.80,155.36,311.59,216.33,243.34,89.01,57.01,197.21,164.30,76.24,64.14,119.54,90.00,143.92,236.01,97.95,51.01,39.62,41.30,49.40,41.01,97.05,204.84,175.03,405.62,49.48,280.91,439.32,129.07,8.94,22.36,11.40,18.11,10.00,133.21,172.19,114.59,24.08,4.24,13.04,14.76,12.65,25.50,102.00,415.44,313.81,87.48,175.00,396.31,150.66,329.66,161.25,134.16,66.89,37.12,42.64,13.34,83.49,137.36,150.31,137.56,74.69,146.71,104.02,199.12,40.00,80.72,40.02,112.29,94.40,145.50,111.36,180.28,239.40,243.82,166.88,232.33,319.90,249.70,211.00,84.34,336.88,274.14,112.51,161.30,127.29,127.48,90.48,7.62,33.73,67.01,121.49,105.26,54.59,27.17,27.02,30.89,35.13,38.21,32.06,30.46,18.00,10.77,48.08,101.83,354.36,254.89,300.67,276.10,130.18,17.72,73.76,36.50,12.73,11.40,75.07,170.19,265.15,219.22,92.36,409.91,409.47,99.37,208.15,88.06,273.18,463.00,567.11,479.52,65.30,479.61,597.17,394.74,145.91,93.39,157.08,172.19,320.66,86.83,143.39,198.16,385.29,277.20,118.30,361.42,448.88,361.32,261.63,140.43,193.02,32.80,149.08,28.46,22.80,106.10,245.82,385.70,425.42,362.41,151.01,215.24,464.08,464.28,339.94,139.27,67.07,135.09,141.80,102.62,112.92,180.10,80.00,185.60,193.08,190.96,135.36,40.52,59.82,138.23,236.39,294.64,182.24,40.00,159.62,130.38,119.51,54.92,47.41,88.77,137.24,63.78,30.59,188.10,140.36,12.08,98.33,4.00
72.00,81.74,78.85,52.00,23.54,280.01,157.85,216.67,46.17,55.44,187.32,117.41,124.19,127.48,152.49,113.65,181.11,13.34,24.74,109.81,76.55,60.30,39.01,14.56,53.91,154.93,209.69,351.45,76.16,117.89,453.21,306.45,24.08,31.11,24.08,26.57,53.14,51.09,50.99,64.28,32.28,7.07,4.47,60.46,96.51,95.08,162.78,358.37,209.42,351.07,351.89,296.44,242.07,82.46,285.17,68.00,187.24,23.41,49.82,60.22,42.05,122.70,53.24,126.25,158.78,178.89,139.14,101.92,48.83,76.49,59.41,80.52,60.75,84.59,158.55,82.29,37.12,105.12,85.48,179.98,124.46,112.33,327.55,512.99,354.53,250.87,62.24,81.50,57.27,37.58,52.80,57.58,55.03,65.19,23.02,69.66,53.76,61.77,88.00,58.19,13.34,10.30,6.32,15.81,13.42,1.41,129.81,197.20,454.85,339.31,279.02,283.52,124.17,122.65,101.64,59.46,19.80,53.54,185.57,214.57,30.27,233.35,261.02,176.96,469.88,269.00,175.00,73.55,388.68,98.67,207.64,432.60,500.61,287.92,152.09,495.26,547.08,322.80,99.81,171.21,413.81,74.00,171.02,53.76,195.51,430.60,403.11,226.06,156.82,381.75,427.87,352.24,138.08,38.00,181.60,38.08,22.85,31.62,13.34,84.38,241.50,360.72,423.54,342.24,27.20,283.34,455.32,407.58,232.00,176.05,83.23,106.30,200.25,114.87,21.02,155.03,98.18,62.77,143.18,99.96,97.05,100.96,33.11,162.98,258.21,233.42,100.13,103.77,62.24,129.03,99.54,39.32,143.00,65.97,24.74,181.22,179.35,45.80,109.84,50.00
0.00,28.00,8.00,0.00,10.00,260.00,108.00,188.00,36.00,62.00,176.00,26.00,12.00,40.00,28.00,8.00,162.00,8.00,26.00,98.00,20.00,0.00,14.00,6.00,2.00,48.00,162.00,236.00,92.00,30.00,414.00,400.00,0.00,18.00,16.00,48.00,36.00,20.00,26.00,4.00,40.00,8.00,0.00,78.00,16.00,148.00,224.00,294.00,2.00,116.00,2.00,112.00,190.00,14.00,342.00,64.00,270.00,58.00,20.00,36.00,8.00,48.00,36.00,28.00,62.00,56.00,96.00,46.00,44.00,52.00,6.00,14.00,102.00,56.00,140.00,122.00,28.00,106.00,98.00,150.00,174.00,188.00,188.00,182.00,34.00,116.00,8.00,0.00,4.00,6.00,34.00,6.00,102.00,58.00,84.00,42.00,54.00,62.00,2.00,54.00,4.00,10.00,0.00,12.00,16.00,2.00,172.00,178.00,460.00,382.00,246.00,242.00,58.00,50.00,22.00,2.00,38.00,84.00,186.00,80.00,136.00,110.00,268.00,52.00,324.00,358.00,152.00,88.00,370.00,18.00,126.00,196.00,220.00,198.00,196.00,114.00,394.00,432.00,160.00,150.00,446.00,66.00,172.00,32.00,2.00,210.00,186.00,176.00,68.00,12.00,238.00,406.00,78.00,10.00,178.00,28.00,30.00,40.00,30.00,14.00,22.00,58.00,266.00,322.00,124.00,26.00,170.00,292.00,32.00,20.00,132.00,166.00,130.00,10.00,12.00,136.00,82.00,24.00,120.00,22.00,12.00,116.00,40.00,22.00,128.00,88.00,126.00,128.00,4.00,160.00,54.00,64.00,126.00,100.00,2.00,172.00,196.00,60.00,82.00,0.00
