0.00,0.00,0.00,0.00,0.00,0.00,0.00,0.00,0.00,0.00,0.00,0.00,0.00,0.00,0.00,0.00,0.00,0.00,0.00,0.00,0.00,0.00,0.00,0.00,0.00,0.00,0.00,0.00,0.00,0.00,0.00,0.00,0.00,0.00,0.00,0.00,0.00,0.00,0.00,0.00,0.00,0.00,0.00,0.00,0.00,0.00,0.00,0.00,0.00,0.00,0.00,0.00,0.00,0.00,0.00,0.00,0.00,0.00,0.00,0.00,0.00,0.00,0.00,0.00,0.00,0.00,0.00,0.00,0.00,0.00,0.00,0.00,0.00,0.00,0.00,0.00,0.00,0.00,0.00,0.00,0.00,0.00,0.00,0.00,0.00,0.00,0.00,0.00,0.00,0.00,0.00,0.00,0.00,0.00,0.00,0.00,0.00,0.00,0.00,0.00,0.00,0.00,0.00,0.00,0.00,0.00,0.00,0.00,0.00,0.00,0.00,0.00,0.00,0.00,0.00,0.00,0.00,0.00,0.00,0.00,0.00,0.00,0.00,0.00,0.00,0.00,0.00,0.00,0.00,0.00,0.00,0.00,0.00,0.00,0.00,0.00,0.00,0.00,0.00,0.00,0.00,0.00,0.00,0.00,0.00,0.00,0.00,0.00,0.00,0.00,0.00,0.00,0.00,0.00,0.00,0.00,0.00,0.00,0.00,0.00,0.00,0.00,0.00,0.00,0.00,0.00,0.00,0.00,0.00,0.00,0.00,0.00,0.00,0.00,0.00,0.00,0.00,0.00,0.00,0.00,0.00,0.00,0.00,0.00,0.00,0.00,0.00,0.00,0.00,0.00,0.00,0.00,0.00,0.00,0.00,0.00,0.00,0.00,0.00,0.00
0.00,0.00,0.00,-1.00,-3.00,-3.00,0.00,3.00,3.00,0.00,-2.00,-1.00,0.00,0.00,1.00,2.00,0.00,-3.00,-4.00,-3.00,-1.00,-1.00,-2.00,-3.00,-5.00,-5.00,-5.00,-6.00,-5.00,-3.00,-1.00,-1.00,-2.00,-1.00,0.00,1.00,2.00,-1.00,-5.00,-5.00,-3.00,-1.00,-1.00,-2.00,-2.00,-3.00,-4.00,-5.00,-6.00,-5.00,-4.00,-4.00,-4.00,-4.00,-4.00,-4.00,-5.00,-5.00,-3.00,-3.00,-3.00,-2.00,-2.00,-1.00,0.00,0.00,-1.00,-3.00,-3.00,-2.00,-2.00,-2.00,-3.00,-3.00,-2.00,-2.00,-1.00,0.00,1.00,3.00,3.00,1.00,1.00,2.00,1.00,0.00,0.00,-1.00,-2.00,0.00,3.00,4.00,4.00,4.00,1.00,-3.00,-4.00,-6.00,-8.00,-9.00,-11.00,-10.00,-7.00,-7.00,-7.00,-5.00,-5.00,-7.00,-7.00,-5.00,-5.00,-6.00,-6.00,-7.00,-8.00,-7.00,-6.00,-6.00,-4.00,-2.00,-4.00,-6.00,-6.00,-6.00,-7.00,-10.00,-11.00,-9.00,-7.00,-6.00,-7.00,-8.00,-7.00,-5.00,-5.00,-6.00,-3.00,1.00,2.00,2.00,2.00,2.00,1.00,1.00,2.00,1.00,0.00,1.00,3.00,6.00,10.00,10.00,7.00,6.00,5.00,2.00,0.00,2.00,6.00,9.00,-31.00,-103.00,-122.00,-75.00,-5.00,34.00,43.00,32.00,-28.00,-37.00,-7.00,-63.00,-79.00,-2.00,33.00,8.00,0.00,13.00,21.00,5.00,-18.00,0.00,17.00,15.00,27.00,30.00,-11.00,-83.00,-106.00,-13.00,117.00,135.00,56.00,-64.00,-219.00,-241.00,-71.00,89.00,101.00,66.00
0.00,-1.00,-1.00,0.00,0.00,0.00,0.00,0.00,0.00,1.00,3.00,3.00,2.00,2.00,1.00,-1.00,-2.00,-2.00,-3.00,-4.00,-4.00,-5.00,-6.00,-5.00,-5.00,-7.00,-7.00,-4.00,-2.00,-2.00,-1.00,0.00,1.00,3.00,4.00,3.00,1.00,-1.00,-1.00,1.00,1.00,0.00,0.00,-1.00,-3.00,-4.00,-3.00,-1.00,-1.00,-2.00,-2.00,-3.00,-4.00,-4.00,-3.00,-1.00,-1.00,-3.00,-4.00,-4.00,-3.00,-2.00,-2.00,-1.00,0.00,0.00,0.00,0.00,0.00,0.00,-1.00,-3.00,-3.00,-3.00,-4.00,-3.00,-2.00,-1.00,1.00,3.00,3.00,1.00,1.00,3.00,4.00,4.00,4.00,3.00,2.00,2.00,0.00,-2.00,0.00,1.00,-2.00,-4.00,-4.00,-5.00,-6.00,-5.00,-4.00,-4.00,-5.00,-6.00,-5.00,-4.00,-4.00,-4.00,-4.00,-5.00,-7.00,-8.00,-8.00,-7.00,-6.00,-6.00,-5.00,-5.00,-7.00,-7.00,-6.00,-5.00,-3.00,-4.00,-6.00,-5.00,-4.00,-4.00,-3.00,-2.00,-4.00,-7.00,-7.00,-5.00,-5.00,-6.00,-3.00,2.00,4.00,3.00,1.00,0.00,1.00,3.00,3.00,4.00,11.00,17.00,17.00,15.00,12.00,9.00,8.00,8.00,6.00,2.00,1.00,3.00,4.00,-29.00,-98.00,-133.00,-88.00,1.00,42.00,30.00,33.00,29.00,-11.00,-67.00,-111.00,-87.00,-22.00,11.00,9.00,1.00,2.00,7.00,14.00,22.00,24.00,16.00,6.00,0.00,-9.00,-72.00,-117.00,0.00,156.00,155.00,56.00,-42.00,-150.00,-171.00,-77.00,12.00,38.00,19.00,7.00,8.00
-2.00,-1.00,0.00,0.00,1.00,3.00,3.00,1.00,0.00,0.00,0.00,-1.00,-2.00,-1.00,-2.00,-4.00,-2.00,0.00,0.00,-2.00,-5.00,-4.00,-2.00,-3.00,-4.00,-3.00,-1.00,0.00,0.00,0.00,-1.00,-2.00,-1.00,1.00,2.00,1.00,1.00,4.00,6.00,4.00,1.00,-1.00,-2.00,-1.00,1.00,2.00,1.00,1.00,2.00,0.00,-3.00,-5.00,-6.00,-5.00,-3.00,-1.00,0.00,-1.00,-3.00,-4.00,-4.00,-3.00,-1.00,0.00,0.00,0.00,0.00,0.00,-1.00,-3.00,-4.00,-4.00,-3.00,-2.00,-3.00,-4.00,-3.00,-1.00,0.00,0.00,0.00,0.00,1.00,2.00,1.00,0.00,0.00,0.00,-1.00,-5.00,-9.00,-8.00,-5.00,-5.00,-7.00,-8.00,-8.00,-7.00,-5.00,-3.00,0.00,2.00,0.00,-3.00,-5.00,-6.00,-5.00,-4.00,-5.00,-8.00,-9.00,-7.00,-8.00,-10.00,-9.00,-8.00,-6.00,-3.00,-5.00,-9.00,-9.00,-7.00,-6.00,-7.00,-6.00,-1.00,2.00,-1.00,-4.00,-3.00,-2.00,-2.00,-2.00,-2.00,-3.00,-2.00,2.00,3.00,2.00,2.00,1.00,3.00,8.00,9.00,9.00,12.00,16.00,16.00,10.00,3.00,-2.00,-3.00,-2.00,-3.00,-4.00,-3.00,-1.00,-36.00,-107.00,-135.00,-82.00,-2.00,26.00,25.00,28.00,37.00,13.00,-25.00,15.00,10.00,-55.00,-34.00,16.00,24.00,19.00,16.00,14.00,14.00,10.00,3.00,1.00,2.00,16.00,-15.00,-87.00,-58.00,33.00,103.00,115.00,17.00,-110.00,-145.00,-90.00,22.00,161.00,195.00,109.00,26.00,-1.00,0.00
0.00,0.00,0.00,0.00,0.00,0.00,0.00,0.00,0.00,0.00,-1.00,-2.00,-1.00,1.00,1.00,-1.00,-1.00,-1.00,-2.00,-2.00,-3.00,-2.00,1.00,0.00,-2.00,0.00,2.00,0.00,-1.00,1.00,0.00,-2.00,-1.00,0.00,0.00,0.00,1.00,3.00,4.00,4.00,3.00,1.00,1.00,2.00,1.00,0.00,0.00,-1.00,-3.00,-4.00,-4.00,-3.00,-3.00,-4.00,-3.00,-3.00,-3.00,-1.00,-1.00,-2.00,-2.00,-1.00,0.00,-1.00,-1.00,0.00,0.00,0.00,-1.00,-3.00,-4.00,-2.00,1.00,2.00,2.00,2.00,2.00,0.00,-2.00,-1.00,0.00,1.00,1.00,-2.00,-4.00,-4.00,-5.00,-7.00,-8.00,-8.00,-8.00,-8.00,-9.00,-9.00,-7.00,-8.00,-11.00,-9.00,-3.00,1.00,2.00,1.00,-1.00,-4.00,-5.00,-4.00,-6.00,-8.00,-8.00,-8.00,-8.00,-8.00,-8.00,-9.00,-11.00,-11.00,-9.00,-7.00,-5.00,-4.00,-4.00,-4.00,-4.00,-3.00,-1.00,0.00,0.00,1.00,1.00,-1.00,-1.00,0.00,-1.00,-3.00,-3.00,0.00,2.00,1.00,0.00,1.00,4.00,8.00,10.00,9.00,9.00,7.00,-2.00,-10.00,-13.00,-13.00,-10.00,-6.00,-4.00,-5.00,-4.00,-1.00,-33.00,-99.00,-132.00,-89.00,6.00,55.00,39.00,25.00,-9.00,-63.00,-66.00,6.00,99.00,106.00,48.00,18.00,12.00,10.00,13.00,16.00,17.00,17.00,12.00,-13.00,-35.00,-11.00,31.00,53.00,32.00,51.00,101.00,27.00,-96.00,-119.00,-59.00,25.00,117.00,118.00,31.00,20.00,54.00,27.00,-8.00,-12.00
0.00,0.00,0.00,1.00,2.00,-1.00,-4.00,-2.00,0.00,0.00,1.00,2.00,1.00,0.00,1.00,0.00,-4.00,-5.00,-3.00,0.00,2.00,1.00,0.00,0.00,0.00,0.00,1.00,2.00,1.00,0.00,0.00,0.00,0.00,-1.00,-2.00,-1.00,0.00,0.00,1.00,4.00,6.00,5.00,4.00,3.00,0.00,-2.00,-2.00,-3.00,-4.00,-3.00,-1.00,0.00,-1.00,-2.00,-3.00,-5.00,-5.00,-3.00,-2.00,-2.00,-1.00,-1.00,-3.00,-3.00,-2.00,-3.00,-3.00,-1.00,1.00,2.00,0.00,-1.00,1.00,2.00,3.00,4.00,4.00,3.00,1.00,-2.00,-5.00,-5.00,-6.00,-9.00,-9.00,-8.00,-8.00,-8.00,-9.00,-10.00,-9.00,-9.00,-10.00,-9.00,-8.00,-8.00,-8.00,-7.00,-4.00,-2.00,-4.00,-6.00,-5.00,-4.00,-3.00,-3.00,-6.00,-7.00,-6.00,-6.00,-7.00,-9.00,-8.00,-5.00,-4.00,-4.00,-5.00,-6.00,-5.00,-2.00,1.00,0.00,-1.00,1.00,1.00,0.00,-1.00,0.00,2.00,1.00,0.00,-1.00,-2.00,-2.00,0.00,1.00,-2.00,-4.00,-4.00,-2.00,1.00,0.00,0.00,2.00,-3.00,-11.00,-14.00,-12.00,-10.00,-10.00,-8.00,-5.00,-3.00,-1.00,-19.00,-74.00,-127.00,-98.00,-3.00,38.00,31.00,36.00,41.00,-7.00,-74.00,-74.00,2.00,75.00,39.00,-17.00,-20.00,-1.00,12.00,8.00,9.00,14.00,20.00,24.00,26.00,-27.00,-151.00,-167.00,-48.00,59.00,106.00,44.00,-70.00,-115.00,-74.00,6.00,95.00,117.00,53.00,10.00,8.00,12.00,9.00,-7.00,-16.00,-14.00
-4.00,-3.00,-1.00,0.00,0.00,0.00,0.00,-1.00,-2.00,-2.00,-2.00,0.00,1.00,-1.00,0.00,1.00,-3.00,-5.00,-3.00,-2.00,0.00,1.00,-2.00,-3.00,-1.00,0.00,0.00,0.00,-1.00,-2.00,-1.00,-1.00,-3.00,-4.00,-3.00,-1.00,0.00,1.00,3.00,5.00,6.00,5.00,3.00,2.00,2.00,1.00,-1.00,-2.00,-1.00,-1.00,-2.00,-3.00,-4.00,-3.00,-3.00,-5.00,-6.00,-5.00,-3.00,-1.00,0.00,0.00,1.00,1.00,-2.00,-3.00,-1.00,-1.00,-2.00,-1.00,0.00,-1.00,-3.00,-3.00,-1.00,1.00,3.00,4.00,2.00,-3.00,-7.00,-9.00,-9.00,-6.00,-4.00,-4.00,-5.00,-7.00,-8.00,-8.00,-9.00,-10.00,-9.00,-9.00,-10.00,-8.00,-5.00,-6.00,-9.00,-10.00,-9.00,-8.00,-8.00,-6.00,-6.00,-9.00,-9.00,-8.00,-9.00,-10.00,-9.00,-7.00,-6.00,-7.00,-7.00,-6.00,-7.00,-7.00,-5.00,-5.00,-6.00,-6.00,-7.00,-7.00,-4.00,-1.00,0.00,0.00,1.00,2.00,1.00,0.00,1.00,2.00,2.00,2.00,0.00,-3.00,-3.00,-1.00,-1.00,-3.00,-4.00,-7.00,-13.00,-13.00,-7.00,-4.00,-4.00,-4.00,-5.00,-6.00,-5.00,-37.00,-99.00,-129.00,-92.00,-5.00,48.00,42.00,19.00,-38.00,-94.00,-83.00,-23.00,31.00,19.00,-83.00,-126.00,-44.00,-15.00,-15.00,10.00,13.00,12.00,17.00,30.00,-29.00,-177.00,-195.00,-64.00,-5.00,-5.00,-8.00,-72.00,-199.00,-230.00,-88.00,59.00,79.00,20.00,-2.00,18.00,35.00,36.00,-6.00,-48.00,-29.00,3.00,10.00
-2.00,-3.00,-3.00,-2.00,-2.00,0.00,1.00,-1.00,-1.00,0.00,-1.00,-2.00,-1.00,1.00,1.00,-1.00,-1.00,0.00,-1.00,-3.00,-4.00,-4.00,-4.00,-3.00,-1.00,-1.00,-3.00,-3.00,-1.00,0.00,0.00,-1.00,-3.00,-3.00,-1.00,1.00,2.00,2.00,3.00,3.00,2.00,2.00,1.00,0.00,1.00,2.00,1.00,0.00,0.00,-1.00,-3.00,-3.00,-1.00,-1.00,-2.00,-2.00,-3.00,-5.00,-5.00,-3.00,-3.00,-3.00,-1.00,-1.00,-2.00,-1.00,-1.00,-3.00,-4.00,-4.00,-3.00,-3.00,-5.00,-5.00,-4.00,-3.00,-2.00,-4.00,-7.00,-6.00,-3.00,-3.00,-3.00,-2.00,-3.00,-4.00,-4.00,-5.00,-6.00,-6.00,-8.00,-10.00,-10.00,-11.00,-11.00,-9.00,-7.00,-6.00,-7.00,-8.00,-8.00,-9.00,-10.00,-9.00,-9.00,-11.00,-11.00,-8.00,-6.00,-7.00,-7.00,-5.00,-4.00,-6.00,-9.00,-10.00,-10.00,-9.00,-6.00,-4.00,-5.00,-5.00,-5.00,-6.00,-5.00,-5.00,-5.00,-3.00,-2.00,-2.00,-3.00,-3.00,0.00,2.00,0.00,-2.00,-2.00,-2.00,-1.00,1.00,4.00,3.00,-6.00,-12.00,-9.00,-4.00,-4.00,-8.00,-7.00,-3.00,-3.00,-3.00,-31.00,-93.00,-103.00,-31.00,39.00,50.00,33.00,30.00,-3.00,-66.00,-85.00,-33.00,32.00,22.00,-80.00,-198.00,-128.00,24.00,14.00,-22.00,-4.00,7.00,8.00,-38.00,-136.00,-167.00,-122.00,-46.00,95.00,143.00,7.00,-136.00,-120.00,-19.00,32.00,57.00,36.00,-4.00,-13.00,-13.00,4.00,27.00,27.00,-19.00,-55.00,-18.00,22.00,26.00
0.00,-1.00,-2.00,-1.00,0.00,-1.00,-2.00,-1.00,0.00,1.00,2.00,0.00,-2.00,-1.00,-1.00,-1.00,2.00,3.00,1.00,0.00,-1.00,-2.00,-2.00,-2.00,-1.00,-2.00,-4.00,-2.00,-1.00,-3.00,-4.00,-2.00,2.00,3.00,1.00,0.00,0.00,1.00,1.00,-2.00,-3.00,-1.00,0.00,0.00,1.00,2.00,1.00,0.00,-1.00,-1.00,1.00,1.00,-1.00,-2.00,-2.00,-2.00,-3.00,-6.00,-7.00,-6.00,-6.00,-6.00,-6.00,-4.00,-1.00,-1.00,-3.00,-3.00,-1.00,0.00,-1.00,-3.00,-4.00,-5.00,-7.00,-8.00,-9.00,-10.00,-8.00,-4.00,-1.00,-2.00,-5.00,-5.00,-5.00,-7.00,-7.00,-6.00,-7.00,-9.00,-10.00,-10.00,-11.00,-11.00,-9.00,-8.00,-7.00,-4.00,-4.00,-7.00,-8.00,-9.00,-9.00,-8.00,-8.00,-8.00,-8.00,-6.00,-2.00,0.00,0.00,-1.00,-3.00,-5.00,-7.00,-7.00,-5.00,-5.00,-7.00,-8.00,-7.00,-5.00,-3.00,-2.00,-4.00,-6.00,-5.00,-4.00,-4.00,-4.00,-3.00,0.00,3.00,4.00,3.00,-1.00,-5.00,-4.00,-1.00,2.00,4.00,0.00,-6.00,-6.00,-2.00,-1.00,-3.00,-4.00,-4.00,-4.00,-31.00,-91.00,-122.00,-84.00,-1.00,60.00,62.00,34.00,28.00,19.00,-38.00,-26.00,43.00,31.00,-1.00,-3.00,-36.00,-34.00,-17.00,-57.00,-33.00,7.00,4.00,-1.00,8.00,-39.00,-146.00,-83.00,90.00,118.00,4.00,-117.00,-154.00,-96.00,55.00,226.00,214.00,71.00,4.00,7.00,13.00,10.00,12.00,9.00,-2.00,-11.00,-14.00,0.00,14.00,16.00
0.00,0.00,-1.00,-3.00,-3.00,-1.00,1.00,2.00,0.00,-2.00,-1.00,0.00,0.00,-1.00,-1.00,2.00,3.00,1.00,-1.00,-3.00,-3.00,-1.00,-1.00,-2.00,-2.00,-3.00,-3.00,-1.00,0.00,0.00,0.00,1.00,2.00,2.00,3.00,2.00,-1.00,-1.00,-1.00,-2.00,-2.00,-2.00,-1.00,0.00,0.00,0.00,0.00,0.00,1.00,3.00,4.00,3.00,1.00,0.00,-1.00,-3.00,-3.00,-2.00,-4.00,-7.00,-6.00,-3.00,-3.00,-4.00,-4.00,-3.00,0.00,3.00,2.00,-1.00,-3.00,-5.00,-6.00,-7.00,-8.00,-9.00,-10.00,-7.00,-3.00,-2.00,-2.00,-3.00,-4.00,-4.00,-4.00,-5.00,-7.00,-8.00,-9.00,-10.00,-9.00,-9.00,-11.00,-11.00,-9.00,-8.00,-8.00,-7.00,-6.00,-7.00,-9.00,-10.00,-10.00,-10.00,-9.00,-7.00,-5.00,-6.00,-8.00,-5.00,-3.00,-6.00,-8.00,-6.00,-4.00,-5.00,-6.00,-8.00,-11.00,-12.00,-11.00,-9.00,-6.00,-4.00,-6.00,-7.00,-5.00,-4.00,-3.00,-1.00,1.00,3.00,4.00,4.00,4.00,4.00,4.00,3.00,2.00,1.00,-4.00,-7.00,-3.00,-1.00,-3.00,-4.00,-3.00,-1.00,-1.00,-41.00,-106.00,-118.00,-57.00,27.00,52.00,35.00,8.00,-38.00,-73.00,-89.00,-60.00,-4.00,9.00,-2.00,-3.00,1.00,22.00,68.00,23.00,-62.00,-23.00,16.00,29.00,9.00,-52.00,2.00,92.00,70.00,-24.00,-40.00,20.00,5.00,-7.00,76.00,110.00,50.00,8.00,0.00,-1.00,10.00,23.00,26.00,14.00,-5.00,-7.00,7.00,18.00,22.00,-30.00,-82.00
-4.00,-3.00,-2.00,-3.00,-4.00,-2.00,0.00,-1.00,-1.00,-1.00,-2.00,-1.00,0.00,-1.00,-1.00,1.00,0.00,-2.00,-2.00,-3.00,-4.00,-3.00,-1.00,0.00,0.00,0.00,0.00,0.00,1.00,3.00,3.00,1.00,0.00,1.00,2.00,1.00,0.00,-1.00,-2.00,-1.00,1.00,1.00,-1.00,-1.00,0.00,1.00,3.00,4.00,5.00,6.00,4.00,2.00,3.00,3.00,2.00,2.00,2.00,3.00,3.00,1.00,0.00,0.00,-1.00,-2.00,-1.00,0.00,1.00,1.00,-3.00,-7.00,-7.00,-6.00,-6.00,-6.00,-7.00,-8.00,-7.00,-5.00,-5.00,-6.00,-6.00,-5.00,-3.00,-4.00,-6.00,-6.00,-7.00,-9.00,-11.00,-11.00,-10.00,-10.00,-9.00,-9.00,-10.00,-10.00,-11.00,-12.00,-11.00,-10.00,-11.00,-11.00,-9.00,-8.00,-8.00,-7.00,-5.00,-5.00,-6.00,-6.00,-7.00,-9.00,-10.00,-7.00,-4.00,-6.00,-8.00,-8.00,-8.00,-7.00,-7.00,-9.00,-9.00,-7.00,-5.00,-5.00,-6.00,-5.00,-4.00,-3.00,-1.00,0.00,0.00,0.00,1.00,4.00,7.00,6.00,1.00,-6.00,-12.00,-12.00,-9.00,-8.00,-8.00,-8.00,-8.00,-34.00,-90.00,-117.00,-74.00,9.00,54.00,50.00,24.00,-36.00,-88.00,-92.00,-102.00,-101.00,-42.00,-3.00,-4.00,-3.00,0.00,6.00,19.00,19.00,26.00,59.00,59.00,-3.00,-42.00,13.00,12.00,-6.00,47.00,-32.00,-102.00,5.00,92.00,117.00,105.00,34.00,-8.00,0.00,5.00,2.00,1.00,2.00,6.00,5.00,-14.00,-22.00,-4.00,12.00,-27.00,-95.00,-163.00,-206.00
-4.00,-3.00,-1.00,0.00,-1.00,-3.00,-4.00,-4.00,-2.00,1.00,1.00,0.00,0.00,1.00,1.00,-2.00,-3.00,-2.00,-1.00,2.00,3.00,1.00,1.00,2.00,1.00,1.00,2.00,1.00,-1.00,-3.00,-4.00,-3.00,-1.00,-1.00,-3.00,-3.00,-1.00,0.00,0.00,1.00,2.00,1.00,-1.00,-3.00,-3.00,-1.00,1.00,3.00,3.00,1.00,0.00,0.00,-1.00,-2.00,0.00,3.00,4.00,6.00,9.00,9.00,6.00,1.00,-2.00,-1.00,1.00,2.00,0.00,-4.00,-7.00,-8.00,-7.00,-5.00,-3.00,-2.00,-4.00,-6.00,-6.00,-8.00,-10.00,-11.00,-12.00,-9.00,-6.00,-7.00,-7.00,-6.00,-8.00,-11.00,-11.00,-9.00,-9.00,-10.00,-8.00,-6.00,-7.00,-8.00,-9.00,-10.00,-9.00,-8.00,-8.00,-7.00,-5.00,-5.00,-7.00,-7.00,-5.00,-4.00,-5.00,-7.00,-7.00,-5.00,-5.00,-7.00,-7.00,-6.00,-6.00,-5.00,-4.00,-4.00,-4.00,-4.00,-7.00,-10.00,-6.00,-3.00,-5.00,-5.00,-4.00,-4.00,-4.00,-4.00,-4.00,-3.00,-1.00,0.00,-1.00,-3.00,-6.00,-11.00,-13.00,-11.00,-10.00,-9.00,-7.00,-4.00,-31.00,-83.00,-85.00,-30.00,21.00,31.00,11.00,-28.00,-69.00,-93.00,-82.00,-32.00,-4.00,-7.00,-8.00,-5.00,-1.00,1.00,-2.00,5.00,48.00,88.00,109.00,105.00,76.00,67.00,23.00,2.00,9.00,-113.00,-226.00,-145.00,46.00,133.00,69.00,14.00,6.00,-11.00,-24.00,-16.00,-7.00,-6.00,-5.00,-5.00,-9.00,-19.00,-26.00,-17.00,-21.00,-47.00,-121.00,-194.00,-116.00,-26.00
0.00,0.00,-1.00,-2.00,-1.00,-1.00,-2.00,-1.00,0.00,0.00,0.00,0.00,0.00,0.00,-1.00,-3.00,-3.00,-2.00,-1.00,1.00,1.00,-1.00,-1.00,1.00,0.00,-2.00,-2.00,-3.00,-4.00,-4.00,-3.00,-2.00,-3.00,-4.00,-3.00,-1.00,0.00,0.00,0.00,0.00,-1.00,-2.00,-2.00,-3.00,-3.00,-2.00,-2.00,-2.00,-2.00,-1.00,0.00,1.00,2.00,1.00,0.00,0.00,1.00,3.00,4.00,4.00,4.00,3.00,2.00,2.00,0.00,-3.00,-6.00,-8.00,-6.00,-5.00,-7.00,-6.00,-4.00,-5.00,-5.00,-5.00,-7.00,-9.00,-9.00,-7.00,-6.00,-5.00,-3.00,-2.00,-4.00,-7.00,-9.00,-10.00,-9.00,-8.00,-8.00,-9.00,-11.00,-9.00,-5.00,-5.00,-6.00,-6.00,-5.00,-5.00,-6.00,-7.00,-10.00,-11.00,-9.00,-8.00,-8.00,-8.00,-8.00,-8.00,-7.00,-5.00,-4.00,-6.00,-8.00,-6.00,-4.00,-4.00,-4.00,-4.00,-3.00,-1.00,-2.00,-6.00,-7.00,-5.00,-4.00,-5.00,-7.00,-8.00,-8.00,-8.00,-9.00,-10.00,-10.00,-11.00,-12.00,-11.00,-10.00,-11.00,-11.00,-8.00,-5.00,-4.00,-34.00,-92.00,-108.00,-53.00,26.00,50.00,26.00,14.00,-42.00,-120.00,-108.00,-53.00,-14.00,5.00,3.00,-5.00,-8.00,0.00,10.00,35.00,60.00,51.00,51.00,86.00,92.00,50.00,45.00,97.00,78.00,-68.00,-156.00,-74.00,39.00,142.00,196.00,113.00,29.00,8.00,-7.00,-12.00,-14.00,-15.00,-10.00,-4.00,1.00,1.00,-6.00,-12.00,-19.00,-41.00,-126.00,-197.00,-108.00,0.00,47.00,78.00
0.00,-1.00,-3.00,-3.00,-1.00,0.00,0.00,0.00,-1.00,-2.00,-1.00,0.00,0.00,-1.00,-2.00,-1.00,-1.00,-2.00,-2.00,-3.00,-4.00,-4.00,-3.00,-2.00,-2.00,-2.00,-3.00,-4.00,-3.00,-1.00,0.00,-1.00,-2.00,-1.00,0.00,0.00,0.00,-1.00,-1.00,0.00,-1.00,-2.00,-1.00,1.00,-1.00,-4.00,-2.00,0.00,-1.00,-1.00,2.00,4.00,5.00,6.00,4.00,2.00,2.00,0.00,-2.00,-1.00,1.00,4.00,5.00,2.00,-2.00,-6.00,-8.00,-7.00,-5.00,-4.00,-4.00,-4.00,-5.00,-7.00,-7.00,-6.00,-7.00,-8.00,-8.00,-6.00,-4.00,-6.00,-6.00,-2.00,-2.00,-6.00,-8.00,-8.00,-8.00,-8.00,-8.00,-8.00,-8.00,-8.00,-7.00,-5.00,-3.00,-2.00,-4.00,-7.00,-7.00,-7.00,-10.00,-11.00,-8.00,-6.00,-7.00,-8.00,-7.00,-7.00,-9.00,-9.00,-7.00,-6.00,-7.00,-7.00,-5.00,-4.00,-4.00,-4.00,-4.00,-5.00,-5.00,-3.00,-4.00,-6.00,-6.00,-6.00,-6.00,-7.00,-8.00,-9.00,-11.00,-13.00,-15.00,-17.00,-17.00,-14.00,-11.00,-8.00,-6.00,-6.00,-4.00,-30.00,-88.00,-108.00,-62.00,-2.00,13.00,14.00,-17.00,-95.00,-116.00,-74.00,-19.00,1.00,-9.00,-7.00,-5.00,-6.00,-28.00,-72.00,-56.00,27.00,74.00,24.00,-76.00,-119.00,-74.00,30.00,92.00,11.00,-96.00,-80.00,12.00,144.00,278.00,252.00,102.00,23.00,13.00,0.00,-9.00,-7.00,-14.00,-20.00,3.00,17.00,5.00,-11.00,-21.00,-27.00,-106.00,-187.00,-120.00,-40.00,20.00,81.00,41.00,-6.00
-4.00,-4.00,-3.00,-2.00,-3.00,-4.00,-4.00,-3.00,-2.00,-3.00,-3.00,-2.00,-2.00,-1.00,0.00,0.00,-1.00,-2.00,-2.00,-2.00,-1.00,0.00,-1.00,-3.00,-4.00,-3.00,-1.00,0.00,0.00,0.00,-1.00,-2.00,-1.00,0.00,0.00,0.00,0.00,0.00,0.00,0.00,0.00,0.00,0.00,0.00,-1.00,-3.00,-3.00,0.00,2.00,1.00,0.00,0.00,0.00,0.00,0.00,0.00,-1.00,-3.00,-4.00,-3.00,-3.00,-5.00,-6.00,-8.00,-10.00,-9.00,-7.00,-7.00,-9.00,-8.00,-5.00,-6.00,-9.00,-9.00,-9.00,-11.00,-12.00,-11.00,-10.00,-11.00,-12.00,-12.00,-12.00,-10.00,-6.00,-3.00,-2.00,-3.00,-4.00,-5.00,-6.00,-5.00,-4.00,-6.00,-8.00,-6.00,-4.00,-5.00,-7.00,-8.00,-9.00,-8.00,-4.00,-4.00,-7.00,-8.00,-7.00,-6.00,-7.00,-7.00,-6.00,-6.00,-5.00,-3.00,-1.00,-1.00,-3.00,-5.00,-7.00,-8.00,-7.00,-7.00,-8.00,-6.00,-5.00,-7.00,-8.00,-8.00,-7.00,-6.00,-7.00,-8.00,-9.00,-11.00,-12.00,-12.00,-12.00,-11.00,-8.00,-5.00,-4.00,-33.00,-93.00,-121.00,-72.00,20.00,53.00,20.00,-2.00,-54.00,-132.00,-138.00,-61.00,24.00,26.00,-12.00,-21.00,-14.00,-8.00,-1.00,33.00,48.00,21.00,-53.00,-127.00,-80.00,-24.00,-48.00,-66.00,-13.00,10.00,-61.00,-55.00,54.00,141.00,123.00,59.00,32.00,16.00,4.00,5.00,12.00,15.00,16.00,-4.00,-25.00,-4.00,6.00,-10.00,-35.00,-126.00,-200.00,-146.00,-75.00,13.00,89.00,35.00,-26.00,-72.00,-114.00
-8.00,-7.00,-4.00,-2.00,-3.00,-3.00,-2.00,-3.00,-4.00,-4.00,-4.00,-4.00,-4.00,-4.00,-3.00,-1.00,0.00,-1.00,-2.00,-2.00,-2.00,-1.00,-1.00,-2.00,-1.00,0.00,0.00,0.00,-1.00,-3.00,-3.00,-1.00,0.00,0.00,0.00,0.00,0.00,0.00,-1.00,-3.00,-3.00,-1.00,-2.00,-4.00,-1.00,1.00,-1.00,-1.00,0.00,-1.00,-3.00,-3.00,-2.00,-3.00,-2.00,0.00,-2.00,-4.00,-5.00,-8.00,-11.00,-12.00,-11.00,-10.00,-11.00,-12.00,-12.00,-12.00,-11.00,-9.00,-8.00,-9.00,-11.00,-12.00,-13.00,-15.00,-16.00,-14.00,-10.00,-9.00,-10.00,-10.00,-12.00,-14.00,-12.00,-7.00,-2.00,0.00,-1.00,-3.00,-4.00,-4.00,-5.00,-7.00,-9.00,-11.00,-12.00,-13.00,-14.00,-11.00,-7.00,-7.00,-7.00,-5.00,-5.00,-6.00,-6.00,-7.00,-8.00,-7.00,-4.00,-1.00,2.00,4.00,2.00,0.00,-2.00,-6.00,-8.00,-8.00,-9.00,-10.00,-9.00,-8.00,-8.00,-8.00,-8.00,-9.00,-10.00,-9.00,-8.00,-8.00,-9.00,-10.00,-8.00,-4.00,-1.00,0.00,0.00,0.00,-24.00,-75.00,-99.00,-52.00,30.00,60.00,41.00,-32.00,-134.00,-151.00,-73.00,13.00,24.00,2.00,-2.00,-15.00,-31.00,-10.00,55.00,106.00,135.00,136.00,28.00,-92.00,-83.00,-2.00,72.00,90.00,36.00,-53.00,-130.00,-95.00,34.00,72.00,38.00,26.00,16.00,8.00,4.00,0.00,0.00,8.00,16.00,19.00,-2.00,-29.00,-24.00,-33.00,-123.00,-191.00,-138.00,-85.00,-12.00,65.00,30.00,-47.00,-128.00,-133.00,-21.00,50.00
-4.00,-4.00,-4.00,-3.00,-1.00,0.00,0.00,-1.00,-2.00,-1.00,-1.00,-2.00,-2.00,-3.00,-4.00,-4.00,-3.00,-2.00,-4.00,-6.00,-5.00,-4.00,-4.00,-4.00,-3.00,-1.00,-1.00,-3.00,-5.00,-6.00,-4.00,-2.00,-3.00,-4.00,-4.00,-3.00,-2.00,-2.00,-1.00,-1.00,-2.00,-1.00,0.00,-1.00,-2.00,0.00,1.00,-1.00,-2.00,-3.00,-3.00,-1.00,0.00,1.00,2.00,1.00,-1.00,-3.00,-4.00,-5.00,-7.00,-8.00,-9.00,-10.00,-10.00,-11.00,-13.00,-14.00,-13.00,-12.00,-13.00,-14.00,-13.00,-12.00,-12.00,-12.00,-12.00,-12.00,-11.00,-9.00,-8.00,-8.00,-9.00,-11.00,-11.00,-9.00,-7.00,-4.00,-2.00,-3.00,-4.00,-4.00,-3.00,-2.00,-3.00,-5.00,-7.00,-9.00,-10.00,-9.00,-7.00,-6.00,-6.00,-5.00,-4.00,-4.00,-5.00,-6.00,-5.00,-3.00,-1.00,0.00,0.00,0.00,-2.00,-6.00,-8.00,-8.00,-7.00,-6.00,-7.00,-7.00,-6.00,-8.00,-11.00,-11.00,-9.00,-7.00,-6.00,-6.00,-6.00,-9.00,-12.00,-10.00,-6.00,-2.00,-1.00,-2.00,-20.00,-60.00,-80.00,-44.00,26.00,64.00,50.00,16.00,-48.00,-122.00,-133.00,-52.00,42.00,41.00,5.00,-3.00,-6.00,-23.00,-28.00,7.00,52.00,90.00,37.00,-50.00,-53.00,10.00,80.00,53.00,43.00,82.00,38.00,-54.00,-111.00,-65.00,5.00,17.00,17.00,18.00,13.00,6.00,0.00,0.00,1.00,0.00,4.00,5.00,-19.00,-45.00,-105.00,-175.00,-146.00,-85.00,8.00,86.00,41.00,-45.00,-105.00,-93.00,-12.00,86.00,185.00,234.00
0.00,0.00,-2.00,-4.00,-2.00,-1.00,-2.00,-1.00,-1.00,-3.00,-4.00,-3.00,-2.00,-3.00,-5.00,-7.00,-8.00,-7.00,-6.00,-5.00,-4.00,-5.00,-6.00,-6.00,-6.00,-6.00,-5.00,-4.00,-3.00,-1.00,-2.00,-5.00,-5.00,-5.00,-6.00,-5.00,-4.00,-5.00,-6.00,-4.00,-2.00,-3.00,-2.00,1.00,1.00,0.00,0.00,-1.00,-2.00,0.00,2.00,0.00,-2.00,-1.00,-1.00,-3.00,-3.00,-3.00,-4.00,-2.00,-1.00,-4.00,-7.00,-8.00,-7.00,-6.00,-8.00,-11.00,-12.00,-12.00,-13.00,-14.00,-13.00,-12.00,-11.00,-9.00,-8.00,-9.00,-11.00,-12.00,-11.00,-9.00,-8.00,-8.00,-8.00,-8.00,-6.00,-2.00,0.00,0.00,0.00,-1.00,-2.00,-1.00,0.00,0.00,0.00,-1.00,-2.00,-3.00,-5.00,-5.00,-4.00,-5.00,-6.00,-6.00,-6.00,-4.00,-1.00,1.00,2.00,0.00,-6.00,-10.00,-7.00,-5.00,-6.00,-6.00,-6.00,-5.00,-4.00,-4.00,-5.00,-8.00,-10.00,-9.00,-8.00,-8.00,-9.00,-10.00,-9.00,-8.00,-7.00,-5.00,-4.00,-4.00,-5.00,-24.00,-65.00,-88.00,-58.00,0.00,29.00,27.00,-15.00,-112.00,-166.00,-86.00,22.00,30.00,4.00,2.00,1.00,-2.00,-19.00,-2.00,75.00,96.00,-10.00,-124.00,-134.00,-78.00,9.00,56.00,27.00,2.00,25.00,90.00,86.00,-22.00,-69.00,-24.00,9.00,15.00,15.00,9.00,2.00,0.00,-3.00,-6.00,-1.00,2.00,-4.00,14.00,-11.00,-93.00,-106.00,-77.00,10.00,96.00,53.00,-32.00,-72.00,-15.00,62.00,130.00,232.00,234.00,115.00,44.00
0.00,-1.00,-2.00,-3.00,-5.00,-5.00,-4.00,-4.00,-4.00,-5.00,-6.00,-5.00,-5.00,-6.00,-5.00,-4.00,-4.00,-4.00,-3.00,-2.00,-3.00,-4.00,-3.00,-2.00,-2.00,-3.00,-5.00,-4.00,0.00,1.00,-2.00,-3.00,-1.00,0.00,0.00,-2.00,-5.00,-5.00,-4.00,-4.00,-5.00,-5.00,-2.00,1.00,1.00,-2.00,-2.00,0.00,-1.00,-1.00,0.00,-1.00,-2.00,-2.00,-2.00,-2.00,-2.00,-1.00,-1.00,-3.00,-3.00,-2.00,-2.00,-2.00,-3.00,-4.00,-4.00,-4.00,-4.00,-5.00,-6.00,-6.00,-7.00,-9.00,-9.00,-6.00,-5.00,-7.00,-9.00,-10.00,-10.00,-10.00,-9.00,-8.00,-7.00,-6.00,-5.00,-2.00,-1.00,-1.00,1.00,1.00,-1.00,-2.00,-2.00,-2.00,-3.00,-5.00,-5.00,-3.00,-2.00,-4.00,-8.00,-9.00,-5.00,-2.00,-2.00,-1.00,0.00,0.00,0.00,0.00,-1.00,-3.00,-4.00,-3.00,-2.00,-2.00,-2.00,-2.00,-3.00,-5.00,-5.00,-4.00,-3.00,-1.00,-2.00,-6.00,-8.00,-8.00,-7.00,-4.00,-2.00,-2.00,-3.00,-16.00,-48.00,-69.00,-37.00,27.00,48.00,29.00,20.00,-25.00,-102.00,-135.00,-87.00,0.00,19.00,-2.00,-4.00,-3.00,-19.00,-7.00,64.00,126.00,121.00,40.00,-42.00,-81.00,-59.00,-4.00,11.00,8.00,7.00,1.00,-68.00,-121.00,-59.00,-44.00,-64.00,-25.00,3.00,4.00,2.00,0.00,-4.00,-7.00,-12.00,-17.00,-17.00,1.00,-19.00,-64.00,-44.00,-41.00,-2.00,81.00,49.00,-39.00,-96.00,-55.00,53.00,146.00,209.00,200.00,130.00,36.00,-16.00,-18.00
0.00,0.00,0.00,-1.00,-5.00,-7.00,-5.00,-5.00,-6.00,-5.00,-4.00,-5.00,-6.00,-5.00,-4.00,-3.00,-2.00,-2.00,-1.00,-1.00,-2.00,-2.00,-2.00,-2.00,-2.00,-2.00,-3.00,-4.00,-4.00,-4.00,-3.00,-1.00,0.00,0.00,-1.00,-4.00,-6.00,-4.00,-2.00,-3.00,-4.00,-2.00,0.00,-1.00,-2.00,-2.00,-2.00,-2.00,-2.00,-3.00,-3.00,-1.00,0.00,-1.00,-2.00,0.00,1.00,0.00,0.00,-2.00,-4.00,-3.00,-1.00,0.00,-1.00,-2.00,-1.00,0.00,1.00,1.00,-1.00,-2.00,-3.00,-3.00,-1.00,-1.00,-3.00,-4.00,-4.00,-4.00,-5.00,-7.00,-8.00,-7.00,-6.00,-7.00,-9.00,-9.00,-5.00,-1.00,0.00,1.00,2.00,1.00,0.00,-1.00,-3.00,-5.00,-7.00,-7.00,-5.00,-4.00,-5.00,-6.00,-6.00,-5.00,-2.00,0.00,0.00,0.00,-1.00,-2.00,0.00,3.00,3.00,1.00,0.00,1.00,2.00,1.00,1.00,4.00,7.00,8.00,8.00,7.00,4.00,2.00,3.00,3.00,1.00,1.00,2.00,1.00,-15.00,-46.00,-63.00,-44.00,3.00,33.00,29.00,29.00,7.00,-77.00,-106.00,3.00,89.00,51.00,8.00,5.00,-12.00,-48.00,-27.00,54.00,106.00,108.00,31.00,-64.00,-37.00,43.00,43.00,12.00,9.00,15.00,13.00,3.00,-65.00,-198.00,-202.00,-77.00,-27.00,-23.00,-3.00,3.00,0.00,-2.00,-1.00,-3.00,-11.00,-46.00,-133.00,-145.00,-30.00,-8.00,-44.00,-6.00,1.00,-28.00,-88.00,-85.00,43.00,151.00,188.00,126.00,32.00,5.00,2.00,-3.00,1.00,6.00
-2.00,-1.00,-1.00,-2.00,-2.00,-2.00,-2.00,-3.00,-3.00,-1.00,-1.00,-2.00,-1.00,-1.00,-3.00,-3.00,-2.00,-2.00,-2.00,-3.00,-3.00,-1.00,-1.00,-2.00,-2.00,-1.00,1.00,0.00,-3.00,-3.00,-1.00,-1.00,-3.00,-4.00,-4.00,-3.00,-1.00,-1.00,-3.00,-3.00,-1.00,-1.00,-4.00,-6.00,-4.00,-1.00,-1.00,-2.00,-1.00,0.00,0.00,0.00,0.00,-1.00,-3.00,-2.00,1.00,1.00,1.00,2.00,0.00,-2.00,-1.00,1.00,4.00,7.00,8.00,8.00,7.00,6.00,6.00,5.00,4.00,4.00,4.00,3.00,1.00,0.00,0.00,-1.00,-3.00,-4.00,-5.00,-6.00,-7.00,-9.00,-10.00,-11.00,-10.00,-7.00,-6.00,-4.00,-1.00,-1.00,-3.00,-5.00,-5.00,-3.00,-4.00,-7.00,-7.00,-4.00,-1.00,-1.00,-3.00,-3.00,-1.00,0.00,1.00,2.00,1.00,0.00,1.00,2.00,3.00,5.00,6.00,6.00,6.00,8.00,13.00,19.00,22.00,21.00,19.00,15.00,10.00,7.00,5.00,4.00,3.00,2.00,3.00,-13.00,-49.00,-47.00,5.00,33.00,20.00,-20.00,-81.00,-114.00,-114.00,-78.00,-17.00,25.00,40.00,21.00,2.00,7.00,40.00,103.00,158.00,93.00,-71.00,-93.00,-17.00,-3.00,6.00,17.00,12.00,11.00,18.00,21.00,-13.00,-75.00,-53.00,-10.00,-15.00,25.00,27.00,-2.00,3.00,3.00,-2.00,-4.00,-3.00,-23.00,-112.00,-186.00,-117.00,-36.00,6.00,28.00,-28.00,-68.00,-108.00,-103.00,30.00,153.00,213.00,173.00,61.00,5.00,-5.00,-11.00,-10.00,-7.00,1.00,8.00
-4.00,-4.00,-4.00,-5.00,-4.00,-3.00,-6.00,-7.00,-5.00,-4.00,-4.00,-3.00,-1.00,0.00,0.00,-1.00,-2.00,-2.00,-3.00,-4.00,-4.00,-4.00,-4.00,-3.00,-1.00,0.00,0.00,0.00,0.00,0.00,0.00,-1.00,-3.00,-3.00,-2.00,-1.00,2.00,3.00,1.00,0.00,0.00,-2.00,-4.00,-3.00,-2.00,-1.00,-1.00,-2.00,0.00,2.00,0.00,-3.00,-3.00,0.00,2.00,1.00,0.00,1.00,4.00,7.00,8.00,8.00,8.00,9.00,11.00,12.00,14.00,17.00,15.00,11.00,11.00,12.00,11.00,9.00,8.00,8.00,8.00,7.00,4.00,0.00,-2.00,-2.00,-3.00,-5.00,-7.00,-8.00,-8.00,-9.00,-11.00,-12.00,-10.00,-7.00,-6.00,-5.00,-5.00,-6.00,-6.00,-6.00,-5.00,-6.00,-10.00,-11.00,-7.00,-2.00,1.00,2.00,2.00,2.00,2.00,2.00,2.00,3.00,4.00,3.00,2.00,3.00,5.00,8.00,11.00,14.00,18.00,20.00,22.00,24.00,20.00,14.00,11.00,8.00,5.00,4.00,2.00,-17.00,-49.00,-58.00,-25.00,15.00,24.00,25.00,-24.00,-117.00,-140.00,-126.00,-96.00,-28.00,8.00,-1.00,-11.00,-15.00,10.00,78.00,135.00,131.00,37.00,-71.00,-110.00,-74.00,1.00,24.00,9.00,5.00,7.00,15.00,24.00,-4.00,-25.00,27.00,87.00,106.00,101.00,85.00,51.00,23.00,9.00,-3.00,-7.00,-18.00,-108.00,-205.00,-165.00,-78.00,29.00,82.00,-33.00,-136.00,-134.00,-60.00,46.00,113.00,187.00,187.00,60.00,-6.00,0.00,-4.00,-9.00,-13.00,-11.00,-9.00,-13.00,-16.00
-2.00,-3.00,-4.00,-4.00,-3.00,-3.00,-5.00,-5.00,-5.00,-5.00,-2.00,-1.00,-3.00,-4.00,-4.00,-4.00,-3.00,-2.00,-2.00,-1.00,-1.00,-3.00,-4.00,-3.00,-2.00,-4.00,-5.00,-3.00,-2.00,-2.00,-3.00,-4.00,-3.00,-1.00,0.00,0.00,0.00,0.00,-1.00,-2.00,-1.00,0.00,1.00,2.00,1.00,0.00,0.00,0.00,0.00,0.00,-1.00,-2.00,-2.00,-1.00,2.00,2.00,0.00,2.00,4.00,5.00,8.00,12.00,15.00,16.00,15.00,13.00,13.00,15.00,17.00,19.00,19.00,17.00,14.00,11.00,10.00,9.00,8.00,8.00,7.00,4.00,2.00,2.00,0.00,-4.00,-6.00,-6.00,-7.00,-8.00,-8.00,-8.00,-9.00,-10.00,-10.00,-10.00,-9.00,-8.00,-9.00,-10.00,-8.00,-5.00,-4.00,-4.00,-4.00,-2.00,2.00,5.00,6.00,6.00,6.00,5.00,4.00,3.00,2.00,3.00,4.00,5.00,7.00,9.00,12.00,15.00,18.00,20.00,21.00,23.00,20.00,12.00,7.00,6.00,6.00,8.00,-10.00,-50.00,-56.00,-16.00,28.00,42.00,-5.00,-86.00,-135.00,-124.00,-64.00,-15.00,-2.00,0.00,0.00,-3.00,-5.00,40.00,118.00,146.00,47.00,-119.00,-164.00,-87.00,-8.00,10.00,0.00,4.00,5.00,2.00,1.00,-16.00,-12.00,45.00,94.00,132.00,97.00,10.00,-25.00,-37.00,4.00,42.00,13.00,-15.00,-97.00,-190.00,-161.00,-100.00,-7.00,79.00,15.00,-110.00,-188.00,-144.00,4.00,117.00,185.00,172.00,59.00,-4.00,-7.00,-10.00,-7.00,-6.00,-6.00,-6.00,-6.00,-7.00,-12.00,-16.00
-4.00,-4.00,-3.00,-1.00,-1.00,-2.00,-1.00,0.00,0.00,0.00,1.00,2.00,0.00,-3.00,-4.00,-3.00,-2.00,-2.00,-1.00,0.00,0.00,0.00,0.00,-1.00,-3.00,-4.00,-3.00,-2.00,-3.00,-4.00,-4.00,-3.00,-2.00,-3.00,-3.00,-1.00,-1.00,-3.00,-4.00,-3.00,-1.00,1.00,2.00,1.00,0.00,0.00,1.00,1.00,-1.00,-1.00,1.00,3.00,3.00,1.00,0.00,0.00,1.00,2.00,2.00,3.00,4.00,5.00,7.00,7.00,6.00,8.00,10.00,10.00,12.00,16.00,18.00,17.00,16.00,15.00,12.00,10.00,10.00,9.00,8.00,8.00,7.00,5.00,2.00,-2.00,-3.00,-2.00,-4.00,-7.00,-8.00,-8.00,-9.00,-11.00,-12.00,-12.00,-12.00,-13.00,-14.00,-12.00,-9.00,-6.00,-2.00,1.00,2.00,1.00,2.00,7.00,10.00,9.00,7.00,5.00,5.00,6.00,6.00,7.00,8.00,10.00,14.00,15.00,14.00,15.00,18.00,21.00,18.00,10.00,4.00,1.00,1.00,3.00,-12.00,-47.00,-58.00,-26.00,12.00,31.00,34.00,-5.00,-81.00,-129.00,-88.00,-6.00,9.00,-6.00,-4.00,-5.00,3.00,7.00,27.00,102.00,84.00,-61.00,-148.00,-116.00,-28.00,11.00,14.00,4.00,-26.00,-18.00,-2.00,29.00,94.00,117.00,95.00,96.00,40.00,-84.00,-109.00,-70.00,-73.00,-88.00,-30.00,29.00,-73.00,-187.00,-149.00,-89.00,-3.00,87.00,38.00,-66.00,-149.00,-148.00,-33.00,83.00,160.00,149.00,49.00,-5.00,-5.00,-5.00,-5.00,-8.00,-8.00,-4.00,-4.00,-6.00,-4.00,-2.00,-2.00,-2.00
-4.00,-3.00,-1.00,0.00,-1.00,-2.00,-2.00,-2.00,-1.00,-1.00,-3.00,-4.00,-3.00,-1.00,0.00,-1.00,-2.00,-2.00,-2.00,-1.00,0.00,0.00,0.00,-1.00,-2.00,-1.00,-1.00,-2.00,-2.00,-2.00,-1.00,0.00,-1.00,-2.00,-2.00,-3.00,-3.00,-1.00,1.00,1.00,-1.00,-1.00,0.00,0.00,0.00,0.00,0.00,0.00,-1.00,-2.00,0.00,1.00,-1.00,-2.00,-3.00,-2.00,1.00,2.00,2.00,1.00,0.00,0.00,0.00,-1.00,-1.00,1.00,2.00,2.00,1.00,0.00,2.00,7.00,12.00,14.00,12.00,8.00,6.00,5.00,2.00,0.00,-1.00,-3.00,-3.00,-1.00,-1.00,-2.00,-2.00,-4.00,-7.00,-9.00,-10.00,-10.00,-10.00,-10.00,-10.00,-10.00,-9.00,-7.00,-6.00,-5.00,-3.00,0.00,4.00,5.00,3.00,3.00,4.00,3.00,1.00,-1.00,-1.00,4.00,10.00,13.00,13.00,11.00,13.00,18.00,18.00,14.00,9.00,3.00,-3.00,-8.00,-8.00,-3.00,3.00,-5.00,-35.00,-47.00,-7.00,44.00,53.00,-11.00,-112.00,-159.00,-126.00,-51.00,-4.00,0.00,-2.00,1.00,38.00,116.00,163.00,137.00,70.00,-18.00,-110.00,-159.00,-112.00,-21.00,4.00,-4.00,4.00,-8.00,-30.00,-10.00,-8.00,-16.00,55.00,130.00,47.00,-123.00,-129.00,-59.00,-33.00,-5.00,9.00,5.00,14.00,7.00,-64.00,-103.00,-17.00,79.00,42.00,-69.00,-172.00,-145.00,-2.00,95.00,151.00,132.00,43.00,-3.00,-8.00,-12.00,-13.00,-5.00,-2.00,-10.00,-10.00,-4.00,0.00,0.00,-3.00,-3.00,-4.00,-6.00
2.00,1.00,0.00,-1.00,-3.00,-3.00,-2.00,-3.00,-3.00,-1.00,-1.00,-3.00,-3.00,-2.00,-2.00,-2.00,-2.00,-2.00,-3.00,-3.00,-2.00,-3.00,-3.00,-1.00,0.00,0.00,-1.00,-2.00,-1.00,0.00,0.00,-1.00,-2.00,-1.00,0.00,-1.00,-2.00,0.00,2.00,0.00,-3.00,-3.00,-1.00,0.00,-1.00,-3.00,-3.00,0.00,2.00,1.00,0.00,0.00,-1.00,-2.00,-2.00,-3.00,-3.00,0.00,1.00,-1.00,-1.00,-1.00,-3.00,-2.00,1.00,0.00,-3.00,-4.00,-5.00,-7.00,-7.00,-4.00,0.00,3.00,3.00,0.00,-2.00,-2.00,-3.00,-4.00,-5.00,-6.00,-4.00,-2.00,-3.00,-4.00,-4.00,-4.00,-5.00,-7.00,-9.00,-11.00,-12.00,-12.00,-11.00,-8.00,-5.00,-4.00,-3.00,-1.00,0.00,0.00,1.00,4.00,6.00,5.00,4.00,4.00,4.00,3.00,3.00,8.00,14.00,15.00,15.00,16.00,15.00,16.00,18.00,13.00,0.00,-13.00,-17.00,-13.00,-7.00,-15.00,-44.00,-55.00,-21.00,21.00,42.00,46.00,-18.00,-126.00,-168.00,-129.00,-51.00,-5.00,-3.00,-3.00,0.00,-11.00,-4.00,75.00,150.00,114.00,-1.00,-84.00,-77.00,-22.00,-2.00,-9.00,-1.00,5.00,0.00,-18.00,-29.00,11.00,77.00,71.00,-32.00,-107.00,-92.00,-66.00,-10.00,58.00,42.00,17.00,38.00,56.00,63.00,30.00,20.00,64.00,26.00,-102.00,-231.00,-193.00,-1.00,144.00,214.00,171.00,53.00,-4.00,-13.00,-21.00,-20.00,-16.00,-18.00,-19.00,-30.00,-41.00,-25.00,-6.00,3.00,6.00,-1.00,-8.00,-53.00,-96.00
0.00,-1.00,-3.00,-4.00,-4.00,-3.00,-1.00,0.00,-1.00,-2.00,-1.00,-1.00,-3.00,-3.00,-1.00,0.00,-2.00,-4.00,-3.00,-3.00,-4.00,-3.00,-2.00,-2.00,-1.00,0.00,0.00,0.00,0.00,1.00,1.00,-1.00,-2.00,-4.00,-6.00,-3.00,0.00,-2.00,-3.00,0.00,2.00,1.00,0.00,0.00,0.00,0.00,-1.00,-2.00,0.00,2.00,0.00,-2.00,-2.00,-2.00,-1.00,-1.00,-2.00,-2.00,-1.00,0.00,-2.00,-5.00,-7.00,-7.00,-4.00,-2.00,-4.00,-6.00,-5.00,-4.00,-5.00,-7.00,-7.00,-6.00,-6.00,-5.00,-5.00,-6.00,-5.00,-3.00,-1.00,-1.00,-3.00,-4.00,-4.00,-4.00,-4.00,-3.00,-2.00,-3.00,-4.00,-5.00,-7.00,-7.00,-6.00,-5.00,-3.00,-2.00,-2.00,-2.00,-2.00,-2.00,0.00,4.00,7.00,8.00,9.00,10.00,9.00,9.00,11.00,12.00,14.00,19.00,24.00,25.00,22.00,18.00,13.00,5.00,-3.00,-8.00,-10.00,-6.00,-20.00,-50.00,-55.00,-32.00,5.00,27.00,-24.00,-121.00,-165.00,-115.00,-21.00,17.00,8.00,4.00,-4.00,26.00,106.00,150.00,104.00,32.00,-22.00,-71.00,-51.00,3.00,12.00,5.00,-5.00,-3.00,10.00,5.00,7.00,42.00,87.00,100.00,85.00,29.00,-61.00,-84.00,6.00,94.00,54.00,0.00,13.00,28.00,33.00,81.00,126.00,71.00,8.00,-62.00,-170.00,-137.00,23.00,160.00,258.00,225.00,87.00,15.00,2.00,-1.00,-3.00,-11.00,-8.00,-5.00,-16.00,-25.00,-39.00,-49.00,-27.00,-8.00,-5.00,-16.00,-54.00,-121.00,-213.00,-262.00
-2.00,-1.00,-2.00,-3.00,-1.00,-1.00,-1.00,1.00,0.00,-3.00,-3.00,-2.00,-3.00,-2.00,1.00,1.00,0.00,0.00,0.00,-1.00,-2.00,-1.00,-1.00,-3.00,-3.00,-1.00,0.00,0.00,-1.00,-2.00,-1.00,0.00,0.00,0.00,0.00,-1.00,-3.00,-4.00,-2.00,2.00,4.00,3.00,1.00,1.00,3.00,4.00,3.00,0.00,-3.00,-4.00,-4.00,-4.00,-3.00,-2.00,-2.00,-2.00,-3.00,-4.00,-3.00,-2.00,-4.00,-6.00,-6.00,-8.00,-10.00,-8.00,-7.00,-9.00,-8.00,-6.00,-8.00,-10.00,-9.00,-8.00,-7.00,-4.00,-4.00,-7.00,-6.00,-3.00,-1.00,-1.00,-3.00,-3.00,-1.00,0.00,0.00,0.00,0.00,-1.00,-3.00,-2.00,2.00,3.00,0.00,-2.00,-1.00,0.00,-1.00,-2.00,0.00,4.00,7.00,9.00,11.00,12.00,12.00,14.00,18.00,20.00,18.00,14.00,12.00,15.00,19.00,19.00,18.00,15.00,6.00,-3.00,-5.00,-3.00,-17.00,-38.00,-37.00,-26.00,-5.00,16.00,17.00,-24.00,-106.00,-150.00,-97.00,-9.00,11.00,-2.00,2.00,3.00,56.00,152.00,177.00,117.00,8.00,-94.00,-144.00,-117.00,-36.00,1.00,2.00,4.00,-4.00,5.00,41.00,85.00,123.00,125.00,81.00,-36.00,-148.00,-130.00,-39.00,28.00,29.00,4.00,-6.00,-8.00,15.00,44.00,40.00,55.00,74.00,2.00,-64.00,-8.00,85.00,189.00,313.00,280.00,105.00,11.00,16.00,29.00,18.00,4.00,-1.00,-4.00,-5.00,-8.00,-10.00,-9.00,-37.00,-64.00,-30.00,-60.00,-118.00,-123.00,-180.00,-169.00,-42.00,26.00
-2.00,-1.00,0.00,0.00,0.00,-1.00,-2.00,-2.00,-2.00,-2.00,-2.00,-1.00,0.00,-1.00,-2.00,-2.00,-2.00,-2.00,-2.00,-2.00,-2.00,-2.00,-2.00,-2.00,-3.00,-4.00,-4.00,-4.00,-3.00,-3.00,-3.00,0.00,1.00,1.00,3.00,2.00,-1.00,-1.00,-1.00,-3.00,-3.00,-1.00,0.00,1.00,2.00,1.00,1.00,1.00,-2.00,-4.00,-3.00,-1.00,1.00,2.00,1.00,0.00,-1.00,-3.00,-5.00,-5.00,-2.00,0.00,-1.00,-4.00,-9.00,-13.00,-13.00,-12.00,-13.00,-15.00,-15.00,-14.00,-14.00,-11.00,-7.00,-6.00,-5.00,-4.00,-4.00,-4.00,-3.00,0.00,2.00,1.00,0.00,0.00,0.00,0.00,0.00,1.00,3.00,4.00,4.00,3.00,1.00,0.00,0.00,0.00,0.00,0.00,2.00,7.00,11.00,14.00,18.00,21.00,24.00,29.00,33.00,32.00,27.00,22.00,18.00,14.00,13.00,14.00,12.00,9.00,6.00,2.00,-1.00,-5.00,-6.00,3.00,20.00,37.00,42.00,1.00,-80.00,-134.00,-100.00,-11.00,17.00,-3.00,-2.00,4.00,-3.00,38.00,138.00,127.00,-20.00,-131.00,-158.00,-160.00,-127.00,-48.00,-6.00,-7.00,-2.00,1.00,26.00,83.00,126.00,149.00,134.00,34.00,-78.00,-102.00,-59.00,8.00,39.00,14.00,-3.00,-2.00,-1.00,-2.00,47.00,107.00,68.00,-21.00,-67.00,-15.00,71.00,168.00,282.00,236.00,70.00,5.00,18.00,16.00,20.00,30.00,17.00,1.00,-5.00,-7.00,-7.00,-7.00,-3.00,-2.00,-46.00,-129.00,-132.00,-126.00,-170.00,-113.00,-27.00,32.00,120.00,166.00
-4.00,-5.00,-4.00,-2.00,-2.00,-1.00,-1.00,-2.00,-1.00,0.00,-1.00,-2.00,-1.00,-1.00,-3.00,-2.00,0.00,-2.00,-4.00,-3.00,-1.00,0.00,-1.00,-3.00,-4.00,-4.00,-4.00,-4.00,-3.00,-2.00,-3.00,-3.00,-1.00,-1.00,-2.00,0.00,2.00,1.00,-1.00,-3.00,-4.00,-3.00,0.00,3.00,4.00,3.00,1.00,0.00,0.00,0.00,1.00,2.00,2.00,2.00,1.00,1.00,2.00,0.00,-3.00,-3.00,-1.00,-1.00,-3.00,-4.00,-5.00,-9.00,-12.00,-12.00,-14.00,-15.00,-13.00,-13.00,-14.00,-13.00,-11.00,-10.00,-10.00,-8.00,-5.00,-5.00,-6.00,-4.00,-1.00,0.00,-1.00,-3.00,-3.00,-1.00,1.00,3.00,4.00,2.00,-2.00,-3.00,-1.00,0.00,0.00,0.00,1.00,3.00,5.00,8.00,12.00,14.00,15.00,19.00,24.00,25.00,22.00,21.00,23.00,23.00,19.00,14.00,11.00,9.00,7.00,4.00,3.00,-7.00,-25.00,-20.00,7.00,18.00,10.00,27.00,9.00,-84.00,-143.00,-102.00,-20.00,6.00,0.00,10.00,56.00,131.00,170.00,172.00,73.00,-99.00,-153.00,-86.00,-3.00,26.00,12.00,3.00,0.00,0.00,40.00,123.00,177.00,166.00,105.00,0.00,-111.00,-123.00,-50.00,47.00,94.00,45.00,6.00,0.00,-4.00,1.00,5.00,-20.00,-64.00,-29.00,40.00,-6.00,-62.00,37.00,160.00,133.00,43.00,11.00,14.00,19.00,19.00,11.00,10.00,11.00,2.00,-3.00,-3.00,-4.00,-2.00,-2.00,-8.00,-79.00,-168.00,-196.00,-196.00,-72.00,41.00,45.00,98.00,75.00,-25.00,-58.00
-2.00,-3.00,-4.00,-3.00,-2.00,-3.00,-3.00,-1.00,0.00,0.00,-1.00,-1.00,1.00,1.00,-1.00,-2.00,-1.00,0.00,-1.00,-1.00,0.00,-2.00,-4.00,-4.00,-4.00,-3.00,-1.00,0.00,-1.00,-1.00,1.00,1.00,0.00,0.00,-1.00,-2.00,-1.00,0.00,0.00,0.00,-1.00,-2.00,1.00,4.00,3.00,2.00,0.00,-1.00,1.00,1.00,0.00,0.00,0.00,0.00,0.00,0.00,1.00,2.00,1.00,0.00,0.00,-1.00,-2.00,-1.00,-1.00,-3.00,-5.00,-7.00,-7.00,-6.00,-8.00,-10.00,-10.00,-11.00,-11.00,-9.00,-8.00,-8.00,-7.00,-5.00,-4.00,-5.00,-5.00,-2.00,0.00,0.00,0.00,-1.00,-2.00,-1.00,-1.00,-2.00,-1.00,0.00,0.00,0.00,0.00,0.00,1.00,4.00,7.00,8.00,11.00,16.00,17.00,14.00,10.00,8.00,8.00,10.00,12.00,9.00,6.00,4.00,-1.00,-2.00,0.00,-2.00,-11.00,-14.00,4.00,14.00,0.00,-14.00,-4.00,0.00,-59.00,-99.00,-50.00,-5.00,-5.00,-10.00,4.00,61.00,138.00,175.00,145.00,20.00,-130.00,-151.00,-62.00,2.00,13.00,8.00,0.00,-10.00,4.00,21.00,39.00,114.00,147.00,49.00,-93.00,-158.00,-132.00,-65.00,-1.00,17.00,10.00,7.00,11.00,18.00,16.00,0.00,-32.00,-17.00,-16.00,-37.00,27.00,54.00,30.00,22.00,19.00,18.00,9.00,9.00,15.00,17.00,8.00,-4.00,-3.00,2.00,-1.00,-4.00,-6.00,-9.00,-76.00,-205.00,-270.00,-224.00,-69.00,80.00,67.00,16.00,27.00,-3.00,-26.00,-58.00,-141.00,-178.00
-2.00,-1.00,-1.00,-2.00,-2.00,-2.00,-2.00,-3.00,-3.00,-1.00,0.00,0.00,0.00,0.00,0.00,-2.00,-4.00,-2.00,0.00,-1.00,-3.00,-4.00,-3.00,-1.00,-1.00,-3.00,-3.00,-1.00,0.00,0.00,0.00,-1.00,-3.00,-2.00,0.00,-1.00,-1.00,0.00,1.00,3.00,3.00,1.00,0.00,0.00,1.00,3.00,4.00,4.00,4.00,4.00,2.00,-1.00,-2.00,-2.00,-1.00,0.00,0.00,0.00,0.00,0.00,0.00,0.00,1.00,2.00,1.00,0.00,0.00,1.00,2.00,1.00,1.00,1.00,-3.00,-7.00,-8.00,-7.00,-4.00,-3.00,-5.00,-5.00,-4.00,-3.00,-1.00,0.00,0.00,0.00,0.00,-1.00,-3.00,-3.00,0.00,2.00,1.00,0.00,1.00,2.00,1.00,1.00,3.00,5.00,8.00,12.00,17.00,22.00,22.00,15.00,7.00,5.00,7.00,8.00,8.00,8.00,7.00,2.00,-4.00,-6.00,-13.00,-29.00,-34.00,-13.00,9.00,8.00,0.00,-30.00,-94.00,-122.00,-75.00,-16.00,2.00,-2.00,-7.00,0.00,58.00,133.00,74.00,-77.00,-138.00,-144.00,-122.00,-47.00,3.00,6.00,-1.00,-5.00,7.00,10.00,23.00,93.00,104.00,-14.00,-157.00,-212.00,-177.00,-94.00,-2.00,9.00,-22.00,-11.00,17.00,28.00,15.00,-1.00,-6.00,24.00,63.00,83.00,126.00,91.00,9.00,58.00,85.00,18.00,-3.00,4.00,2.00,2.00,4.00,7.00,13.00,15.00,1.00,-9.00,-6.00,-2.00,-30.00,-121.00,-220.00,-206.00,-99.00,13.00,121.00,175.00,137.00,-6.00,-158.00,-181.00,-146.00,-87.00,42.00,120.00
0.00,0.00,0.00,-1.00,-2.00,-1.00,-1.00,-3.00,-4.00,-4.00,-4.00,-5.00,-5.00,-2.00,0.00,0.00,0.00,0.00,0.00,-1.00,-2.00,-1.00,0.00,0.00,-1.00,-3.00,-4.00,-4.00,-3.00,-2.00,-3.00,-4.00,-2.00,1.00,2.00,2.00,1.00,1.00,3.00,4.00,4.00,3.00,-1.00,-3.00,-2.00,-3.00,-1.00,1.00,0.00,1.00,1.00,0.00,0.00,0.00,0.00,0.00,-1.00,-3.00,-4.00,-4.00,-4.00,-3.00,-2.00,-2.00,0.00,3.00,4.00,4.00,3.00,3.00,6.00,7.00,5.00,3.00,1.00,0.00,0.00,1.00,3.00,3.00,1.00,0.00,0.00,1.00,3.00,3.00,1.00,0.00,0.00,0.00,0.00,0.00,0.00,0.00,0.00,0.00,1.00,4.00,7.00,8.00,8.00,8.00,7.00,7.00,9.00,9.00,7.00,4.00,2.00,3.00,6.00,10.00,9.00,4.00,2.00,-14.00,-38.00,-30.00,-1.00,7.00,-5.00,12.00,2.00,-89.00,-154.00,-131.00,-57.00,-6.00,2.00,8.00,61.00,148.00,177.00,58.00,-136.00,-197.00,-119.00,-30.00,4.00,0.00,-2.00,-1.00,-2.00,10.00,60.00,113.00,114.00,46.00,-67.00,-146.00,-185.00,-169.00,-65.00,6.00,9.00,-1.00,-11.00,-5.00,10.00,-16.00,-59.00,-20.00,40.00,67.00,96.00,76.00,14.00,-58.00,-99.00,-24.00,47.00,19.00,-13.00,-18.00,-14.00,-5.00,2.00,0.00,-6.00,-7.00,-19.00,-45.00,-81.00,-154.00,-221.00,-183.00,-12.00,162.00,212.00,149.00,40.00,-29.00,-93.00,-87.00,20.00,45.00,36.00,124.00,232.00,270.00
-2.00,-2.00,-2.00,-2.00,-1.00,-2.00,-4.00,-2.00,-2.00,-5.00,-5.00,-4.00,-3.00,-2.00,-2.00,-1.00,0.00,0.00,0.00,0.00,0.00,0.00,0.00,0.00,0.00,0.00,-1.00,-3.00,-3.00,-1.00,0.00,0.00,1.00,2.00,3.00,5.00,5.00,4.00,3.00,1.00,1.00,2.00,0.00,-4.00,-8.00,-10.00,-9.00,-7.00,-5.00,-3.00,-2.00,-2.00,-1.00,0.00,-1.00,-3.00,-4.00,-4.00,-3.00,-2.00,-3.00,-4.00,-4.00,-3.00,0.00,4.00,6.00,6.00,7.00,7.00,5.00,6.00,10.00,12.00,11.00,9.00,7.00,6.00,6.00,6.00,6.00,4.00,2.00,3.00,5.00,8.00,9.00,6.00,3.00,2.00,2.00,2.00,3.00,4.00,4.00,4.00,5.00,7.00,8.00,8.00,7.00,3.00,-3.00,-4.00,-1.00,0.00,1.00,1.00,0.00,1.00,2.00,1.00,2.00,7.00,0.00,-17.00,-26.00,-25.00,-13.00,4.00,-21.00,-103.00,-150.00,-105.00,-31.00,-10.00,-19.00,-13.00,6.00,70.00,146.00,120.00,-9.00,-126.00,-131.00,-52.00,-5.00,0.00,1.00,-1.00,-5.00,-15.00,21.00,105.00,131.00,72.00,-42.00,-144.00,-173.00,-119.00,-19.00,28.00,20.00,9.00,2.00,-2.00,-3.00,-36.00,-68.00,-14.00,45.00,58.00,64.00,-14.00,-122.00,-116.00,-103.00,-104.00,-50.00,-23.00,-14.00,-6.00,-24.00,-36.00,-29.00,-13.00,-1.00,-1.00,-14.00,-91.00,-181.00,-198.00,-167.00,-88.00,-16.00,49.00,137.00,128.00,11.00,-89.00,-144.00,-177.00,-158.00,-35.00,113.00,147.00,146.00,148.00,60.00,-10.00
-4.00,-3.00,-2.00,-3.00,-4.00,-3.00,-1.00,0.00,-1.00,-2.00,-1.00,0.00,-1.00,-3.00,-3.00,-2.00,-2.00,-1.00,0.00,0.00,0.00,-1.00,-2.00,-1.00,1.00,2.00,0.00,-2.00,-2.00,-3.00,-4.00,-3.00,-2.00,-1.00,2.00,4.00,4.00,2.00,-1.00,-1.00,0.00,0.00,0.00,-3.00,-7.00,-7.00,-6.00,-4.00,-2.00,-2.00,0.00,2.00,0.00,-2.00,-2.00,-3.00,-5.00,-5.00,-2.00,-1.00,-3.00,-4.00,-3.00,-1.00,0.00,1.00,4.00,7.00,9.00,9.00,7.00,7.00,8.00,8.00,7.00,6.00,8.00,11.00,11.00,9.00,8.00,8.00,9.00,10.00,9.00,9.00,10.00,9.00,7.00,5.00,4.00,4.00,4.00,5.00,7.00,8.00,9.00,11.00,13.00,14.00,13.00,12.00,10.00,4.00,-2.00,-2.00,1.00,1.00,0.00,-1.00,-4.00,-7.00,-22.00,-40.00,-28.00,-7.00,-4.00,-13.00,-59.00,-127.00,-153.00,-167.00,-146.00,-54.00,-2.00,-11.00,-3.00,68.00,161.00,137.00,-25.00,-153.00,-163.00,-93.00,-5.00,16.00,0.00,0.00,2.00,39.00,114.00,158.00,169.00,128.00,0.00,-120.00,-163.00,-102.00,11.00,32.00,16.00,26.00,15.00,2.00,-3.00,-30.00,-42.00,17.00,54.00,74.00,114.00,30.00,-92.00,-93.00,-60.00,-63.00,-64.00,-25.00,46.00,71.00,22.00,-8.00,-12.00,-24.00,-27.00,-17.00,-2.00,-77.00,-203.00,-237.00,-198.00,-94.00,27.00,117.00,169.00,115.00,-12.00,-118.00,-174.00,-122.00,-41.00,-40.00,21.00,70.00,3.00,-29.00,-23.00,-24.00,-13.00,-6.00
0.00,-1.00,-2.00,-1.00,-1.00,-2.00,-1.00,0.00,1.00,2.00,1.00,-1.00,-3.00,-3.00,-2.00,-3.00,-4.00,-3.00,-1.00,-1.00,-3.00,-4.00,-4.00,-3.00,-2.00,-2.00,-2.00,-2.00,-2.00,-3.00,-4.00,-4.00,-3.00,0.00,2.00,1.00,0.00,0.00,0.00,0.00,0.00,0.00,-2.00,-6.00,-7.00,-4.00,-1.00,0.00,0.00,-1.00,-1.00,1.00,1.00,-1.00,-2.00,-1.00,0.00,0.00,-1.00,-2.00,0.00,3.00,3.00,1.00,0.00,0.00,1.00,2.00,2.00,4.00,6.00,5.00,3.00,2.00,3.00,5.00,8.00,11.00,12.00,12.00,12.00,11.00,9.00,7.00,6.00,6.00,6.00,7.00,9.00,10.00,9.00,10.00,14.00,15.00,13.00,14.00,19.00,22.00,21.00,21.00,23.00,22.00,16.00,7.00,1.00,0.00,0.00,1.00,1.00,0.00,0.00,-12.00,-28.00,-43.00,-51.00,-23.00,12.00,-6.00,-78.00,-137.00,-113.00,-31.00,7.00,-5.00,21.00,97.00,156.00,175.00,123.00,-20.00,-140.00,-118.00,-22.00,13.00,4.00,1.00,-2.00,39.00,134.00,182.00,162.00,119.00,-24.00,-196.00,-213.00,-116.00,-14.00,19.00,7.00,4.00,17.00,31.00,15.00,-10.00,-13.00,39.00,95.00,127.00,116.00,-15.00,-115.00,-87.00,-58.00,-8.00,57.00,41.00,5.00,-4.00,11.00,38.00,34.00,17.00,12.00,9.00,-1.00,-75.00,-220.00,-328.00,-293.00,-81.00,63.00,57.00,70.00,23.00,-69.00,-142.00,-203.00,-138.00,20.00,131.00,156.00,132.00,99.00,36.00,-6.00,-6.00,-7.00,-5.00,-4.00,-4.00
-2.00,-3.00,-4.00,-2.00,0.00,0.00,-2.00,-5.00,-4.00,-2.00,-2.00,-1.00,0.00,0.00,-1.00,-2.00,-2.00,-3.00,-4.00,-4.00,-4.00,-3.00,-2.00,-3.00,-4.00,-4.00,-3.00,-2.00,-3.00,-4.00,-4.00,-4.00,-4.00,-3.00,-1.00,0.00,0.00,1.00,2.00,1.00,0.00,0.00,-1.00,-3.00,-3.00,-1.00,-1.00,-2.00,-2.00,-3.00,-4.00,-3.00,-1.00,0.00,0.00,0.00,1.00,2.00,1.00,0.00,0.00,0.00,0.00,0.00,0.00,0.00,0.00,0.00,0.00,0.00,0.00,0.00,0.00,1.00,4.00,7.00,7.00,5.00,5.00,7.00,8.00,8.00,6.00,2.00,0.00,0.00,2.00,7.00,11.00,13.00,15.00,17.00,20.00,24.00,27.00,30.00,32.00,29.00,24.00,23.00,25.00,23.00,17.00,11.00,6.00,1.00,-3.00,-2.00,1.00,-12.00,-33.00,-26.00,7.00,26.00,7.00,-43.00,-102.00,-128.00,-88.00,-23.00,1.00,0.00,-6.00,-23.00,23.00,109.00,90.00,-21.00,-121.00,-118.00,-30.00,13.00,5.00,0.00,1.00,5.00,-11.00,12.00,112.00,124.00,-7.00,-165.00,-266.00,-241.00,-112.00,-13.00,8.00,3.00,1.00,3.00,28.00,46.00,-2.00,1.00,92.00,155.00,148.00,68.00,-19.00,-80.00,-105.00,-46.00,31.00,29.00,-4.00,-8.00,4.00,0.00,-61.00,-96.00,-37.00,6.00,-57.00,-125.00,-139.00,-170.00,-150.00,-30.00,89.00,123.00,88.00,1.00,-98.00,-149.00,-111.00,3.00,110.00,196.00,261.00,223.00,105.00,60.00,56.00,16.00,-10.00,-13.00,-6.00,2.00,-7.00,-16.00
-4.00,-3.00,-1.00,-1.00,-2.00,-1.00,-1.00,-2.00,-2.00,-3.00,-4.00,-3.00,-1.00,0.00,-1.00,-2.00,-1.00,-1.00,-3.00,-3.00,-1.00,0.00,0.00,-1.00,-2.00,-2.00,-2.00,-2.00,-3.00,-3.00,-1.00,0.00,-2.00,-6.00,-6.00,-2.00,0.00,0.00,-1.00,-3.00,-4.00,-4.00,-1.00,2.00,0.00,-2.00,-3.00,-3.00,-2.00,-2.00,-1.00,-1.00,-3.00,-3.00,-1.00,1.00,2.00,1.00,0.00,-1.00,-3.00,-4.00,-3.00,-1.00,0.00,-1.00,-3.00,-4.00,-5.00,-7.00,-6.00,-2.00,1.00,2.00,1.00,-1.00,-2.00,-1.00,1.00,4.00,6.00,4.00,1.00,1.00,3.00,4.00,5.00,7.00,8.00,9.00,12.00,16.00,20.00,25.00,32.00,35.00,29.00,23.00,22.00,20.00,16.00,13.00,11.00,8.00,4.00,2.00,1.00,-1.00,-13.00,-29.00,-49.00,-55.00,-24.00,-13.00,-68.00,-150.00,-175.00,-117.00,-35.00,5.00,8.00,17.00,71.00,148.00,102.00,-61.00,-158.00,-155.00,-95.00,-23.00,1.00,-5.00,-8.00,-12.00,5.00,75.00,147.00,127.00,-5.00,-140.00,-184.00,-168.00,-89.00,8.00,22.00,4.00,1.00,-2.00,0.00,-8.00,-33.00,-4.00,87.00,146.00,122.00,-12.00,-138.00,-139.00,-112.00,-71.00,-4.00,2.00,-14.00,-8.00,-3.00,1.00,19.00,34.00,-46.00,-117.00,-55.00,-60.00,-193.00,-236.00,-147.00,-22.00,110.00,190.00,142.00,-15.00,-122.00,-143.00,-119.00,-41.00,38.00,165.00,292.00,245.00,104.00,54.00,62.00,57.00,60.00,49.00,5.00,-6.00,20.00,14.00,10.00,22.00
0.00,1.00,2.00,1.00,0.00,-1.00,-1.00,1.00,1.00,0.00,-1.00,-3.00,-4.00,-4.00,-4.00,-4.00,-4.00,-3.00,-2.00,-2.00,-1.00,0.00,0.00,0.00,0.00,0.00,0.00,0.00,0.00,0.00,0.00,-1.00,-3.00,-7.00,-12.00,-13.00,-11.00,-8.00,-5.00,-4.00,-4.00,-4.00,-3.00,-1.00,0.00,0.00,0.00,-1.00,-2.00,-1.00,-2.00,-5.00,-4.00,-2.00,-2.00,0.00,2.00,1.00,0.00,0.00,0.00,0.00,0.00,0.00,-1.00,-3.00,-4.00,-5.00,-7.00,-7.00,-6.00,-5.00,-3.00,-3.00,-4.00,-5.00,-5.00,-3.00,-3.00,-2.00,2.00,3.00,1.00,1.00,4.00,7.00,8.00,8.00,9.00,12.00,16.00,19.00,20.00,19.00,18.00,17.00,14.00,12.00,12.00,9.00,3.00,0.00,0.00,0.00,0.00,1.00,1.00,-2.00,-5.00,7.00,25.00,16.00,-27.00,-94.00,-153.00,-136.00,-53.00,-4.00,1.00,3.00,49.00,131.00,169.00,124.00,-11.00,-115.00,-92.00,-34.00,-7.00,0.00,-4.00,-10.00,31.00,128.00,192.00,184.00,181.00,114.00,-71.00,-172.00,-137.00,-60.00,2.00,22.00,9.00,-6.00,-7.00,-24.00,-58.00,-22.00,61.00,98.00,105.00,3.00,-130.00,-118.00,-74.00,-89.00,-98.00,-65.00,-21.00,-6.00,-8.00,-8.00,-7.00,-9.00,5.00,27.00,-6.00,-40.00,-31.00,-55.00,-25.00,38.00,44.00,64.00,25.00,-77.00,-129.00,-58.00,44.00,53.00,72.00,123.00,99.00,22.00,-14.00,-5.00,4.00,5.00,3.00,-5.00,13.00,31.00,22.00,27.00,31.00,27.00,25.00,22.00
2.00,2.00,1.00,0.00,-1.00,-3.00,-3.00,-2.00,-2.00,-1.00,0.00,0.00,-1.00,-3.00,-3.00,-2.00,-3.00,-4.00,-4.00,-4.00,-4.00,-4.00,-3.00,-1.00,-1.00,-2.00,-1.00,0.00,0.00,-2.00,-6.00,-7.00,-6.00,-7.00,-11.00,-16.00,-17.00,-16.00,-13.00,-7.00,-3.00,-2.00,-4.00,-4.00,0.00,1.00,0.00,-1.00,-2.00,-3.00,-5.00,-3.00,1.00,1.00,-1.00,-4.00,-6.00,-5.00,-4.00,-3.00,-2.00,-3.00,-4.00,-5.00,-6.00,-5.00,-4.00,-4.00,-4.00,-4.00,-5.00,-7.00,-8.00,-7.00,-5.00,-4.00,-4.00,-3.00,-1.00,0.00,0.00,1.00,3.00,4.00,3.00,3.00,6.00,10.00,15.00,19.00,21.00,21.00,17.00,13.00,10.00,6.00,5.00,6.00,5.00,2.00,-2.00,-3.00,-2.00,-2.00,-2.00,-2.00,-2.00,-3.00,0.00,0.00,-29.00,-88.00,-138.00,-132.00,-69.00,-10.00,2.00,-6.00,-11.00,26.00,96.00,102.00,16.00,-97.00,-107.00,-32.00,0.00,1.00,4.00,2.00,-4.00,34.00,116.00,167.00,182.00,85.00,-105.00,-190.00,-141.00,-52.00,-4.00,1.00,-11.00,-25.00,-17.00,-11.00,-28.00,1.00,107.00,177.00,144.00,27.00,-83.00,-114.00,-84.00,12.00,83.00,47.00,-8.00,-26.00,-19.00,-9.00,-9.00,-13.00,-33.00,-25.00,55.00,78.00,4.00,-39.00,-36.00,8.00,104.00,124.00,8.00,-94.00,-139.00,-101.00,44.00,153.00,185.00,180.00,114.00,27.00,2.00,-5.00,-12.00,3.00,6.00,0.00,-12.00,-12.00,-3.00,-1.00,22.00,15.00,-5.00,18.00,5.00,-24.00
-2.00,-2.00,-1.00,-1.00,-3.00,-4.00,-3.00,-1.00,0.00,0.00,0.00,0.00,0.00,0.00,0.00,0.00,0.00,-1.00,-2.00,-1.00,0.00,-1.00,-3.00,-4.00,-4.00,-3.00,-2.00,-2.00,-2.00,-2.00,-1.00,0.00,-1.00,-3.00,-5.00,-6.00,-7.00,-10.00,-12.00,-11.00,-9.00,-7.00,-6.00,-6.00,-3.00,1.00,1.00,0.00,0.00,0.00,1.00,2.00,1.00,0.00,-1.00,-4.00,-6.00,-5.00,-4.00,-3.00,-2.00,-3.00,-4.00,-4.00,-3.00,-2.00,-4.00,-6.00,-5.00,-4.00,-2.00,1.00,1.00,1.00,2.00,2.00,2.00,2.00,3.00,3.00,1.00,2.00,7.00,9.00,6.00,5.00,9.00,16.00,23.00,24.00,19.00,14.00,9.00,6.00,6.00,5.00,4.00,5.00,6.00,6.00,6.00,4.00,1.00,-1.00,-3.00,-4.00,-3.00,-1.00,-10.00,-79.00,-182.00,-210.00,-158.00,-83.00,-29.00,2.00,19.00,41.00,102.00,108.00,-21.00,-155.00,-169.00,-86.00,6.00,16.00,-10.00,-5.00,46.00,143.00,197.00,183.00,77.00,-103.00,-198.00,-197.00,-190.00,-148.00,-55.00,-5.00,-5.00,-2.00,-4.00,0.00,13.00,57.00,138.00,190.00,163.00,26.00,-85.00,-85.00,-50.00,30.00,68.00,26.00,2.00,0.00,-20.00,-38.00,-26.00,-12.00,-42.00,-110.00,-83.00,38.00,52.00,19.00,38.00,23.00,17.00,20.00,-38.00,-66.00,23.00,92.00,82.00,134.00,203.00,143.00,19.00,-38.00,-36.00,-26.00,-14.00,-5.00,-4.00,7.00,23.00,11.00,-19.00,-37.00,-54.00,-50.00,-29.00,-23.00,-13.00,-12.00,-20.00,-20.00
-4.00,-3.00,-1.00,-1.00,-2.00,0.00,1.00,-2.00,-4.00,-4.00,-4.00,-4.00,-4.00,-3.00,-1.00,0.00,-1.00,-2.00,-1.00,0.00,0.00,0.00,-1.00,-3.00,-3.00,-1.00,0.00,-1.00,-3.00,-3.00,-1.00,-1.00,-2.00,-2.00,-2.00,-2.00,-3.00,-3.00,-4.00,-9.00,-12.00,-11.00,-9.00,-7.00,-5.00,-3.00,-1.00,-1.00,-2.00,0.00,3.00,2.00,-2.00,-4.00,-3.00,0.00,3.00,3.00,1.00,0.00,1.00,2.00,0.00,-1.00,0.00,0.00,1.00,1.00,1.00,3.00,4.00,4.00,4.00,4.00,5.00,6.00,6.00,7.00,8.00,7.00,7.00,11.00,16.00,19.00,20.00,20.00,21.00,22.00,19.00,13.00,8.00,5.00,3.00,0.00,-2.00,0.00,2.00,3.00,5.00,5.00,3.00,0.00,-2.00,-2.00,-2.00,-2.00,-2.00,-1.00,-38.00,-117.00,-132.00,-66.00,-16.00,-9.00,-13.00,19.00,99.00,129.00,50.00,-67.00,-135.00,-134.00,-89.00,-29.00,0.00,1.00,-10.00,-31.00,12.00,126.00,147.00,-28.00,-233.00,-270.00,-226.00,-171.00,-66.00,-6.00,-6.00,-7.00,-8.00,27.00,104.00,158.00,176.00,180.00,129.00,-5.00,-133.00,-171.00,-88.00,31.00,44.00,11.00,-1.00,-8.00,-7.00,-8.00,-15.00,-16.00,-42.00,-113.00,-98.00,20.00,107.00,109.00,-2.00,-50.00,40.00,73.00,36.00,-57.00,-85.00,53.00,167.00,154.00,143.00,148.00,45.00,-32.00,-17.00,-11.00,-12.00,-12.00,-5.00,4.00,-5.00,-19.00,-19.00,-25.00,-41.00,-43.00,-34.00,-37.00,-42.00,-25.00,-59.00,-130.00,-91.00,-30.00
-2.00,-2.00,-3.00,-3.00,-1.00,1.00,1.00,-2.00,-5.00,-6.00,-5.00,-4.00,-3.00,-1.00,-1.00,-3.00,-3.00,-1.00,-1.00,-3.00,-5.00,-6.00,-4.00,-2.00,-2.00,-2.00,-2.00,-2.00,-2.00,-2.00,-3.00,-4.00,-3.00,-1.00,0.00,-1.00,-2.00,-2.00,-2.00,-3.00,-6.00,-9.00,-10.00,-9.00,-9.00,-8.00,-4.00,-2.00,-1.00,-1.00,-2.00,0.00,2.00,0.00,-2.00,0.00,2.00,1.00,0.00,0.00,1.00,2.00,1.00,0.00,-1.00,-2.00,0.00,3.00,5.00,6.00,4.00,2.00,3.00,3.00,3.00,6.00,8.00,9.00,11.00,13.00,16.00,19.00,20.00,21.00,23.00,23.00,19.00,12.00,5.00,1.00,0.00,1.00,2.00,1.00,0.00,0.00,1.00,2.00,1.00,-1.00,-3.00,-4.00,-5.00,-5.00,-3.00,-2.00,-2.00,-3.00,-39.00,-64.00,-17.00,9.00,-6.00,-3.00,65.00,154.00,133.00,4.00,-125.00,-130.00,-46.00,-5.00,-5.00,-4.00,-5.00,8.00,77.00,160.00,128.00,-37.00,-165.00,-201.00,-206.00,-135.00,-40.00,-9.00,-9.00,-12.00,3.00,86.00,179.00,220.00,262.00,235.00,153.00,60.00,-91.00,-175.00,-116.00,-9.00,31.00,16.00,5.00,1.00,-1.00,-7.00,-11.00,-21.00,-11.00,54.00,113.00,115.00,131.00,186.00,96.00,-79.00,-38.00,93.00,119.00,62.00,-11.00,21.00,133.00,177.00,89.00,-59.00,-127.00,-75.00,-22.00,-8.00,4.00,4.00,-6.00,-11.00,-12.00,-12.00,-14.00,-31.00,-37.00,-17.00,-13.00,-26.00,-21.00,-8.00,-30.00,-100.00,-184.00,-250.00,-224.00,-172.00
-2.00,-2.00,-2.00,-2.00,-1.00,-1.00,-2.00,-1.00,0.00,0.00,0.00,0.00,0.00,-1.00,-3.00,-3.00,-1.00,-1.00,-3.00,-4.00,-4.00,-4.00,-4.00,-4.00,-4.00,-4.00,-4.00,-4.00,-3.00,-1.00,0.00,-1.00,-2.00,-1.00,-1.00,-2.00,-1.00,-1.00,-3.00,-3.00,-3.00,-6.00,-7.00,-6.00,-6.00,-6.00,-8.00,-9.00,-5.00,-2.00,-23.00,-85.00,-105.00,-41.00,3.00,2.00,-1.00,0.00,3.00,3.00,1.00,1.00,3.00,2.00,-1.00,-2.00,-3.00,-3.00,-1.00,0.00,1.00,3.00,4.00,4.00,4.00,5.00,6.00,6.00,7.00,8.00,8.00,8.00,8.00,8.00,7.00,5.00,3.00,1.00,0.00,1.00,2.00,0.00,-2.00,-1.00,-1.00,-2.00,-1.00,-2.00,-5.00,-4.00,-1.00,-1.00,-2.00,-2.00,-3.00,-4.00,-5.00,-6.00,-3.00,0.00,2.00,5.00,53.00,149.00,149.00,21.00,-101.00,-137.00,-68.00,16.00,15.00,-8.00,-5.00,2.00,55.00,139.00,185.00,146.00,-9.00,-150.00,-132.00,-23.00,22.00,2.00,-9.00,-9.00,3.00,14.00,45.00,129.00,194.00,180.00,134.00,38.00,-111.00,-154.00,-64.00,17.00,21.00,4.00,0.00,-4.00,-3.00,-1.00,2.00,-40.00,-91.00,-22.00,128.00,201.00,194.00,177.00,59.00,-92.00,-105.00,-59.00,-8.00,28.00,10.00,-31.00,-35.00,94.00,177.00,60.00,-25.00,-44.00,-67.00,-30.00,4.00,2.00,5.00,6.00,-2.00,-11.00,-14.00,-10.00,-6.00,-13.00,-19.00,-6.00,4.00,-40.00,-60.00,-14.00,-43.00,-73.00,-8.00,21.00,-29.00,-66.00
-2.00,-2.00,-1.00,0.00,0.00,-2.00,-5.00,-4.00,-1.00,0.00,0.00,-1.00,-3.00,-4.00,-3.00,-1.00,-1.00,-3.00,-3.00,-2.00,-2.00,-1.00,-1.00,-2.00,-2.00,-2.00,-1.00,0.00,0.00,-1.00,-2.00,-2.00,-3.00,-4.00,-4.00,-4.00,-4.00,-4.00,-5.00,-6.00,-4.00,-1.00,0.00,0.00,0.00,-4.00,-10.00,-11.00,-11.00,-10.00,-29.00,-96.00,-119.00,-49.00,-1.00,-1.00,-2.00,-1.00,0.00,0.00,0.00,0.00,-1.00,-4.00,-6.00,-6.00,-6.00,-5.00,-5.00,-5.00,-2.00,-1.00,-2.00,-1.00,-1.00,-2.00,0.00,3.00,4.00,3.00,0.00,-2.00,-1.00,-1.00,-2.00,-1.00,0.00,0.00,0.00,0.00,-1.00,-3.00,-3.00,-2.00,-3.00,-4.00,-5.00,-7.00,-8.00,-8.00,-8.00,-8.00,-7.00,-6.00,-5.00,-4.00,-4.00,-2.00,3.00,9.00,-5.00,22.00,131.00,126.00,-38.00,-153.00,-137.00,-57.00,-7.00,1.00,7.00,67.00,165.00,197.00,184.00,145.00,7.00,-153.00,-193.00,-114.00,-21.00,5.00,1.00,3.00,15.00,87.00,165.00,180.00,177.00,108.00,-30.00,-119.00,-145.00,-152.00,-151.00,-79.00,24.00,27.00,-1.00,2.00,4.00,6.00,3.00,-28.00,-81.00,-63.00,31.00,109.00,160.00,102.00,-82.00,-170.00,-124.00,-82.00,-8.00,70.00,14.00,-126.00,-172.00,-92.00,-29.00,-8.00,1.00,-6.00,-3.00,-9.00,-20.00,-1.00,12.00,1.00,-2.00,2.00,2.00,-3.00,-9.00,-13.00,-14.00,-15.00,-36.00,-47.00,-17.00,-47.00,-85.00,-21.00,51.00,107.00,142.00,145.00,108.00,68.00
0.00,-2.00,-4.00,-3.00,-3.00,-4.00,-4.00,-4.00,-4.00,-4.00,-4.00,-4.00,-4.00,-3.00,-1.00,-2.00,-4.00,-3.00,-2.00,-2.00,-3.00,-4.00,-3.00,-1.00,0.00,-1.00,-3.00,-3.00,-1.00,-1.00,-4.00,-5.00,-3.00,-3.00,-3.00,-1.00,-1.00,-3.00,-2.00,0.00,0.00,1.00,0.00,-2.00,-3.00,-5.00,-4.00,-3.00,-7.00,-10.00,-22.00,-29.00,-9.00,2.00,-3.00,-3.00,-3.00,-5.00,-6.00,-7.00,-8.00,-8.00,-8.00,-7.00,-5.00,-4.00,-3.00,-2.00,-2.00,-2.00,-4.00,-7.00,-8.00,-8.00,-8.00,-7.00,-5.00,-5.00,-5.00,-2.00,0.00,0.00,-1.00,-3.00,-3.00,-1.00,-1.00,-3.00,-3.00,-2.00,-2.00,-2.00,-3.00,-4.00,-4.00,-4.00,-5.00,-7.00,-8.00,-8.00,-8.00,-8.00,-8.00,-7.00,-5.00,-4.00,-2.00,1.00,46.00,137.00,191.00,150.00,-1.00,-149.00,-124.00,-7.00,19.00,-8.00,-14.00,-2.00,68.00,170.00,193.00,132.00,7.00,-88.00,-99.00,-87.00,-22.00,15.00,-1.00,1.00,6.00,66.00,163.00,193.00,183.00,185.00,114.00,-54.00,-153.00,-139.00,-114.00,-86.00,-27.00,21.00,27.00,8.00,-5.00,-3.00,-10.00,-32.00,-12.00,74.00,131.00,158.00,177.00,81.00,-33.00,-52.00,-81.00,-61.00,43.00,81.00,31.00,-5.00,-26.00,-57.00,-18.00,33.00,10.00,-3.00,12.00,13.00,-1.00,-8.00,-3.00,-7.00,-7.00,-4.00,-5.00,0.00,3.00,-4.00,-21.00,-61.00,-70.00,-16.00,-61.00,-163.00,-82.00,67.00,69.00,20.00,65.00,88.00,15.00,-26.00,-17.00,-12.00
0.00,-1.00,-3.00,-3.00,-2.00,-2.00,-1.00,-1.00,-2.00,-2.00,-2.00,-1.00,-1.00,-3.00,-3.00,-1.00,0.00,0.00,0.00,0.00,-1.00,-3.00,-4.00,-4.00,-3.00,-3.00,-5.00,-5.00,-4.00,-3.00,-2.00,-2.00,-1.00,0.00,-1.00,-2.00,-1.00,0.00,0.00,0.00,-1.00,-2.00,-1.00,-1.00,-4.00,-5.00,-3.00,-3.00,-3.00,-1.00,-35.00,-97.00,-89.00,-28.00,-3.00,-4.00,-4.00,-5.00,-7.00,-9.00,-10.00,-8.00,-4.00,-1.00,0.00,1.00,2.00,1.00,-1.00,-4.00,-6.00,-5.00,-5.00,-6.00,-5.00,-6.00,-10.00,-11.00,-9.00,-7.00,-4.00,-2.00,-4.00,-6.00,-6.00,-7.00,-7.00,-6.00,-6.00,-4.00,-1.00,-1.00,-3.00,-4.00,-5.00,-7.00,-7.00,-5.00,-4.00,-4.00,-3.00,-2.00,-3.00,-3.00,-3.00,-4.00,-3.00,-2.00,40.00,73.00,46.00,-4.00,-106.00,-113.00,-3.00,22.00,-3.00,-16.00,-34.00,16.00,129.00,71.00,-145.00,-236.00,-211.00,-125.00,-5.00,23.00,4.00,3.00,2.00,81.00,233.00,282.00,227.00,134.00,20.00,-74.00,-154.00,-179.00,-113.00,-25.00,4.00,-3.00,-2.00,-7.00,-15.00,-9.00,-17.00,-15.00,39.00,98.00,126.00,152.00,141.00,-7.00,-152.00,-153.00,-84.00,1.00,61.00,72.00,39.00,9.00,1.00,-5.00,-11.00,9.00,45.00,31.00,2.00,-5.00,-6.00,-4.00,-9.00,0.00,11.00,-9.00,-23.00,-17.00,-12.00,-11.00,-12.00,-43.00,-101.00,-158.00,-171.00,-112.00,-69.00,-76.00,-33.00,95.00,127.00,36.00,-10.00,-6.00,-3.00,-24.00,-78.00,-112.00
-2.00,-2.00,-2.00,-3.00,-3.00,-2.00,-3.00,-3.00,-1.00,0.00,0.00,0.00,0.00,0.00,0.00,0.00,-1.00,-1.00,1.00,1.00,0.00,0.00,-1.00,-3.00,-4.00,-4.00,-4.00,-3.00,-2.00,-2.00,0.00,1.00,-1.00,-1.00,0.00,-2.00,-5.00,-5.00,-5.00,-6.00,-6.00,-5.00,-2.00,-1.00,-2.00,-2.00,-3.00,-3.00,-1.00,-52.00,-128.00,-131.00,-143.00,-147.00,-63.00,-8.00,-7.00,-7.00,-8.00,-5.00,-2.00,-3.00,-3.00,0.00,2.00,0.00,-3.00,-4.00,-4.00,-4.00,-3.00,-2.00,-3.00,-4.00,-4.00,-5.00,-5.00,-3.00,-4.00,-7.00,-7.00,-5.00,-4.00,-4.00,-4.00,-5.00,-6.00,-4.00,-2.00,-2.00,-2.00,-2.00,-1.00,-1.00,-3.00,-5.00,-6.00,-4.00,-1.00,-2.00,-6.00,-5.00,-1.00,-2.00,-4.00,-3.00,-3.00,-6.00,-64.00,-163.00,-190.00,-124.00,-29.00,12.00,0.00,-13.00,-20.00,40.00,158.00,139.00,-44.00,-188.00,-212.00,-169.00,-92.00,-21.00,4.00,-2.00,-7.00,-16.00,7.00,124.00,252.00,218.00,15.00,-156.00,-207.00,-208.00,-156.00,-60.00,-6.00,0.00,-3.00,-3.00,3.00,-27.00,-77.00,-77.00,0.00,121.00,169.00,157.00,68.00,-115.00,-190.00,-166.00,-146.00,-92.00,-19.00,16.00,14.00,5.00,-3.00,-4.00,-1.00,-9.00,-19.00,-27.00,10.00,57.00,5.00,-40.00,-23.00,-17.00,-16.00,-12.00,-10.00,-15.00,-21.00,-19.00,-51.00,-90.00,-89.00,-61.00,5.00,36.00,-15.00,-82.00,-34.00,59.00,32.00,-13.00,-18.00,-42.00,-103.00,-153.00,-151.00,-76.00,37.00,86.00
0.00,0.00,0.00,-2.00,-4.00,-2.00,0.00,0.00,0.00,-1.00,-3.00,-3.00,-2.00,-2.00,-1.00,0.00,-1.00,-2.00,-1.00,-1.00,-2.00,-1.00,0.00,0.00,0.00,1.00,1.00,-2.00,-4.00,-4.00,-3.00,-2.00,-2.00,-2.00,-2.00,-2.00,-3.00,-4.00,-4.00,-4.00,-4.00,-4.00,-5.00,-6.00,-4.00,-1.00,0.00,0.00,0.00,-53.00,-99.00,-6.00,11.00,-92.00,-65.00,-4.00,-4.00,-3.00,-2.00,-1.00,0.00,-2.00,-4.00,-3.00,-2.00,-2.00,-1.00,0.00,1.00,3.00,2.00,-2.00,-2.00,0.00,-2.00,-3.00,-1.00,-1.00,-3.00,-4.00,-5.00,-6.00,-5.00,-4.00,-4.00,-4.00,-4.00,-3.00,-1.00,-1.00,-2.00,-1.00,-1.00,-2.00,-1.00,1.00,1.00,-2.00,-4.00,-4.00,-5.00,-6.00,-5.00,-5.00,-6.00,-6.00,-6.00,-6.00,-50.00,-83.00,-19.00,24.00,5.00,-5.00,11.00,88.00,187.00,196.00,121.00,-1.00,-137.00,-138.00,-30.00,11.00,2.00,3.00,2.00,48.00,140.00,180.00,173.00,106.00,-62.00,-194.00,-209.00,-203.00,-184.00,-104.00,-28.00,-5.00,-1.00,1.00,-2.00,-5.00,37.00,83.00,92.00,148.00,206.00,180.00,95.00,-23.00,-136.00,-171.00,-99.00,25.00,70.00,29.00,14.00,20.00,7.00,-12.00,-20.00,-13.00,-3.00,-8.00,-1.00,6.00,31.00,58.00,-3.00,-35.00,-15.00,-23.00,-24.00,-6.00,9.00,-50.00,-97.00,-96.00,-139.00,-95.00,16.00,85.00,139.00,159.00,116.00,28.00,-19.00,-12.00,-21.00,-82.00,-129.00,-80.00,20.00,69.00,30.00,13.00,118.00,200.00
2.00,1.00,-1.00,0.00,2.00,2.00,2.00,1.00,-1.00,-3.00,-4.00,-3.00,-1.00,-1.00,-4.00,-5.00,-2.00,0.00,0.00,0.00,1.00,3.00,3.00,1.00,0.00,0.00,0.00,-1.00,-3.00,-4.00,-4.00,-3.00,-2.00,-3.00,-3.00,-1.00,0.00,0.00,0.00,0.00,-1.00,-3.00,-4.00,-4.00,-3.00,-1.00,0.00,0.00,-1.00,12.00,28.00,23.00,45.00,68.00,32.00,0.00,-2.00,-1.00,0.00,0.00,1.00,1.00,-1.00,-2.00,-2.00,-1.00,0.00,0.00,-1.00,-2.00,-1.00,0.00,0.00,0.00,0.00,1.00,0.00,-4.00,-6.00,-5.00,-3.00,-3.00,-4.00,-4.00,-3.00,-1.00,0.00,-1.00,-2.00,-1.00,0.00,-1.00,-3.00,-4.00,-3.00,-1.00,0.00,-2.00,-6.00,-7.00,-5.00,-5.00,-7.00,-7.00,-5.00,-5.00,-6.00,-5.00,8.00,22.00,10.00,-8.00,48.00,159.00,203.00,204.00,158.00,21.00,-106.00,-114.00,-28.00,15.00,7.00,0.00,-6.00,-9.00,44.00,154.00,194.00,155.00,35.00,-127.00,-190.00,-183.00,-118.00,-12.00,21.00,7.00,0.00,-2.00,1.00,-2.00,23.00,112.00,180.00,176.00,187.00,174.00,12.00,-173.00,-157.00,-77.00,-59.00,-3.00,19.00,0.00,1.00,-2.00,2.00,9.00,1.00,-18.00,-27.00,-54.00,-99.00,-56.00,88.00,169.00,49.00,-102.00,-89.00,-35.00,-34.00,-37.00,-59.00,-72.00,-88.00,-171.00,-179.00,-95.00,1.00,83.00,105.00,92.00,34.00,-8.00,-6.00,-52.00,-130.00,-120.00,-14.00,70.00,84.00,99.00,168.00,223.00,181.00,70.00,0.00,-10.00
-2.00,-2.00,-3.00,-3.00,-2.00,-2.00,-1.00,-1.00,-2.00,0.00,1.00,-2.00,-2.00,1.00,0.00,-3.00,-3.00,-2.00,-3.00,-3.00,-1.00,0.00,0.00,0.00,-1.00,-3.00,-3.00,-2.00,-2.00,-1.00,-1.00,-3.00,-4.00,-3.00,-2.00,-2.00,-2.00,-3.00,-3.00,-1.00,0.00,-1.00,-2.00,-1.00,-1.00,-3.00,-4.00,-4.00,-55.00,-92.00,-31.00,-23.00,-67.00,-89.00,-97.00,-46.00,-4.00,-4.00,-3.00,-1.00,-1.00,-3.00,-3.00,-2.00,-2.00,-2.00,-3.00,-4.00,-4.00,-4.00,-3.00,-1.00,-1.00,-2.00,-1.00,-1.00,-4.00,-7.00,-8.00,-7.00,-5.00,-3.00,-1.00,1.00,3.00,3.00,1.00,0.00,0.00,0.00,0.00,-2.00,-4.00,-3.00,-2.00,-2.00,-3.00,-4.00,-4.00,-4.00,-4.00,-4.00,-4.00,-4.00,-4.00,-4.00,-5.00,-7.00,-6.00,-2.00,46.00,141.00,196.00,202.00,131.00,-45.00,-180.00,-149.00,-39.00,4.00,-3.00,-4.00,-3.00,22.00,96.00,116.00,86.00,34.00,-121.00,-216.00,-200.00,-172.00,-85.00,16.00,28.00,5.00,3.00,0.00,1.00,2.00,-19.00,7.00,106.00,176.00,149.00,1.00,-147.00,-195.00,-199.00,-184.00,-120.00,-34.00,1.00,1.00,1.00,0.00,-1.00,-6.00,-11.00,-11.00,-12.00,-31.00,-81.00,-77.00,14.00,60.00,77.00,111.00,54.00,-20.00,-19.00,-60.00,-99.00,-95.00,-163.00,-149.00,-26.00,28.00,31.00,41.00,99.00,91.00,8.00,-41.00,-102.00,-156.00,-108.00,4.00,64.00,67.00,86.00,153.00,196.00,147.00,53.00,0.00,-5.00,-2.00,-10.00,-18.00
-2.00,0.00,1.00,-2.00,-5.00,-6.00,-4.00,-2.00,-2.00,-1.00,1.00,1.00,-2.00,-3.00,-1.00,0.00,0.00,-1.00,-3.00,-4.00,-4.00,-4.00,-3.00,-1.00,1.00,2.00,1.00,0.00,0.00,0.00,0.00,0.00,0.00,-1.00,-4.00,-6.00,-4.00,-1.00,0.00,0.00,1.00,2.00,1.00,0.00,-1.00,-3.00,-4.00,-4.00,-42.00,-96.00,-71.00,-3.00,30.00,-17.00,-79.00,-45.00,-3.00,-4.00,-3.00,-2.00,-3.00,-4.00,-3.00,-3.00,-4.00,-2.00,1.00,1.00,0.00,0.00,-1.00,-2.00,-1.00,0.00,-1.00,-4.00,-6.00,-5.00,-4.00,-6.00,-8.00,-6.00,-3.00,-1.00,0.00,-1.00,-2.00,-1.00,0.00,-1.00,-3.00,-3.00,0.00,3.00,2.00,-2.00,-4.00,-3.00,-1.00,0.00,0.00,-2.00,-5.00,-5.00,-4.00,-4.00,-4.00,-4.00,-6.00,5.00,71.00,158.00,91.00,-102.00,-179.00,-170.00,-124.00,-28.00,0.00,-9.00,-1.00,50.00,157.00,219.00,217.00,96.00,-127.00,-225.00,-198.00,-147.00,-55.00,19.00,22.00,6.00,4.00,3.00,0.00,-10.00,-17.00,31.00,106.00,131.00,77.00,-72.00,-196.00,-208.00,-189.00,-131.00,-16.00,42.00,15.00,-10.00,-5.00,3.00,1.00,-4.00,-5.00,-4.00,-8.00,1.00,43.00,91.00,103.00,121.00,157.00,69.00,-89.00,-136.00,-73.00,46.00,72.00,-71.00,-173.00,-128.00,-45.00,53.00,147.00,174.00,123.00,36.00,-43.00,-115.00,-155.00,-108.00,1.00,0.00,-52.00,53.00,180.00,165.00,71.00,10.00,-3.00,-8.00,-9.00,-10.00,-7.00,0.00,-5.00,-12.00
-4.00,-5.00,-5.00,-3.00,-1.00,-1.00,-3.00,-4.00,-4.00,-4.00,-2.00,1.00,0.00,-3.00,-4.00,-4.00,-4.00,-4.00,-4.00,-4.00,-3.00,-1.00,0.00,0.00,0.00,0.00,-1.00,-2.00,-2.00,-3.00,-4.00,-3.00,-2.00,-3.00,-3.00,-2.00,-2.00,-1.00,0.00,-1.00,-3.00,-4.00,-4.00,-3.00,-1.00,0.00,0.00,-48.00,-60.00,12.00,14.00,6.00,40.00,30.00,-60.00,-128.00,-63.00,-3.00,-4.00,-3.00,-1.00,0.00,-1.00,-2.00,-1.00,0.00,0.00,0.00,0.00,0.00,-1.00,-2.00,-1.00,0.00,-1.00,-2.00,-1.00,-1.00,-2.00,-3.00,-6.00,-9.00,-9.00,-8.00,-10.00,-10.00,-6.00,-3.00,-3.00,-5.00,-5.00,-1.00,3.00,2.00,-1.00,-3.00,-3.00,-1.00,-1.00,-3.00,-4.00,-4.00,-4.00,-4.00,-3.00,-2.00,-3.00,-4.00,43.00,137.00,86.00,-109.00,-206.00,-201.00,-127.00,-14.00,12.00,-13.00,-21.00,-7.00,70.00,181.00,224.00,126.00,-70.00,-186.00,-192.00,-130.00,-20.00,28.00,12.00,1.00,-2.00,-4.00,-5.00,47.00,157.00,210.00,203.00,189.00,122.00,-30.00,-171.00,-216.00,-211.00,-133.00,-13.00,21.00,9.00,10.00,-3.00,-15.00,-1.00,8.00,1.00,-20.00,-41.00,13.00,44.00,6.00,48.00,113.00,121.00,89.00,24.00,-23.00,-62.00,-93.00,-57.00,3.00,22.00,9.00,-19.00,-15.00,69.00,115.00,63.00,11.00,-73.00,-176.00,-171.00,-69.00,25.00,76.00,138.00,136.00,30.00,-24.00,-20.00,-22.00,-21.00,-19.00,-19.00,-20.00,-18.00,-12.00,-7.00,-7.00,-8.00,-8.00
-6.00,-7.00,-6.00,-2.00,0.00,0.00,0.00,-1.00,-2.00,-2.00,-4.00,-5.00,-2.00,-1.00,-2.00,-1.00,-1.00,-2.00,-1.00,1.00,2.00,1.00,0.00,0.00,-1.00,-2.00,-1.00,-1.00,-3.00,-4.00,-3.00,0.00,3.00,3.00,1.00,0.00,-1.00,-3.00,-4.00,-4.00,-5.00,-6.00,-4.00,-2.00,-2.00,-1.00,-1.00,3.00,-7.00,-29.00,-12.00,65.00,121.00,68.00,-68.00,-143.00,-69.00,-1.00,-3.00,-3.00,-1.00,0.00,0.00,0.00,0.00,-1.00,-3.00,-3.00,-1.00,0.00,0.00,0.00,-1.00,-2.00,0.00,2.00,1.00,-1.00,-3.00,-3.00,-3.00,-6.00,-8.00,-9.00,-12.00,-12.00,-7.00,-4.00,-3.00,-2.00,-3.00,-4.00,-5.00,-6.00,-4.00,-2.00,-2.00,-1.00,0.00,0.00,-1.00,-2.00,0.00,1.00,-2.00,-4.00,-4.00,-4.00,-6.00,-23.00,-89.00,-169.00,-150.00,-60.00,-7.00,4.00,-4.00,-8.00,54.00,162.00,208.00,97.00,-116.00,-215.00,-203.00,-141.00,-27.00,23.00,9.00,2.00,4.00,5.00,-6.00,-4.00,64.00,158.00,198.00,205.00,174.00,35.00,-121.00,-167.00,-137.00,-70.00,-8.00,2.00,-7.00,-1.00,5.00,2.00,3.00,12.00,17.00,13.00,-22.00,-15.00,81.00,131.00,73.00,8.00,-29.00,-130.00,-181.00,-119.00,-71.00,-12.00,20.00,41.00,92.00,62.00,25.00,58.00,76.00,29.00,-21.00,-81.00,-170.00,-140.00,-13.00,46.00,36.00,67.00,159.00,152.00,41.00,-2.00,2.00,-14.00,-20.00,-14.00,-10.00,-15.00,-22.00,-16.00,-11.00,-11.00,-10.00,-10.00,-10.00,-10.00
-2.00,0.00,3.00,2.00,-2.00,-4.00,-3.00,-1.00,0.00,0.00,-1.00,-3.00,-4.00,-4.00,-3.00,-1.00,0.00,0.00,0.00,0.00,-1.00,-3.00,-3.00,-1.00,0.00,0.00,1.00,2.00,0.00,3.00,15.00,19.00,12.00,8.00,7.00,6.00,5.00,2.00,-1.00,-2.00,-1.00,1.00,2.00,0.00,-2.00,-1.00,-31.00,-57.00,-45.00,-44.00,-30.00,-19.00,-31.00,-39.00,-8.00,-4.00,-65.00,-48.00,-2.00,-3.00,-4.00,-2.00,0.00,0.00,0.00,0.00,0.00,0.00,0.00,0.00,1.00,1.00,-1.00,-2.00,-1.00,2.00,3.00,1.00,-1.00,-2.00,-2.00,-4.00,-7.00,-8.00,-7.00,-5.00,-5.00,-5.00,-2.00,0.00,-1.00,-4.00,-5.00,-3.00,-3.00,-4.00,-3.00,-1.00,1.00,4.00,6.00,4.00,1.00,0.00,-1.00,-2.00,-1.00,0.00,-44.00,-134.00,-145.00,-66.00,-13.00,-6.00,-6.00,19.00,92.00,160.00,178.00,130.00,7.00,-103.00,-170.00,-141.00,-26.00,11.00,-5.00,-3.00,-3.00,0.00,33.00,42.00,37.00,113.00,182.00,79.00,-149.00,-244.00,-204.00,-185.00,-122.00,-10.00,39.00,35.00,21.00,4.00,-4.00,-4.00,-4.00,-6.00,-7.00,12.00,67.00,122.00,145.00,164.00,163.00,39.00,-105.00,-118.00,-99.00,-125.00,-112.00,-62.00,-66.00,-58.00,-18.00,48.00,87.00,57.00,50.00,-14.00,-77.00,-80.00,-84.00,-68.00,-65.00,-7.00,117.00,212.00,152.00,1.00,-33.00,-11.00,-11.00,25.00,60.00,25.00,-12.00,-14.00,-13.00,-16.00,-19.00,-13.00,-8.00,-9.00,-17.00,-23.00,-17.00,-12.00
2.00,1.00,0.00,0.00,0.00,-1.00,-2.00,-1.00,0.00,1.00,2.00,0.00,-2.00,-1.00,-1.00,-3.00,-3.00,-3.00,-5.00,-5.00,-4.00,-4.00,-4.00,-4.00,-3.00,-1.00,0.00,1.00,3.00,11.00,27.00,31.00,16.00,5.00,6.00,9.00,9.00,4.00,-1.00,-1.00,1.00,2.00,0.00,-2.00,-2.00,-25.00,-78.00,-153.00,-160.00,-54.00,-19.00,-119.00,-175.00,-123.00,-41.00,-39.00,-103.00,-63.00,1.00,-2.00,-4.00,-2.00,0.00,0.00,0.00,0.00,1.00,2.00,0.00,-3.00,-4.00,-3.00,0.00,1.00,-1.00,0.00,2.00,1.00,0.00,0.00,-1.00,-3.00,-4.00,-3.00,0.00,4.00,5.00,2.00,-1.00,-2.00,-1.00,1.00,3.00,4.00,2.00,-1.00,-1.00,1.00,2.00,1.00,0.00,1.00,1.00,-1.00,-1.00,-1.00,-2.00,-1.00,8.00,19.00,2.00,-23.00,-20.00,24.00,97.00,155.00,194.00,162.00,1.00,-167.00,-177.00,-63.00,12.00,5.00,-8.00,-7.00,-7.00,-5.00,38.00,119.00,164.00,172.00,178.00,105.00,-72.00,-180.00,-185.00,-179.00,-137.00,-54.00,2.00,13.00,21.00,30.00,17.00,2.00,-2.00,-17.00,-45.00,-5.00,53.00,52.00,91.00,124.00,141.00,88.00,-76.00,-143.00,-119.00,-111.00,-67.00,-6.00,-13.00,-28.00,-34.00,-48.00,-21.00,-32.00,-94.00,-64.00,-26.00,-47.00,4.00,58.00,57.00,53.00,88.00,112.00,44.00,-6.00,-18.00,-37.00,-25.00,-10.00,-12.00,17.00,48.00,16.00,-16.00,-17.00,-21.00,-17.00,-7.00,-8.00,-11.00,-11.00,-15.00,-19.00,-17.00,-14.00
0.00,-1.00,-3.00,-3.00,-1.00,0.00,-1.00,-2.00,-1.00,-1.00,-2.00,-1.00,0.00,0.00,0.00,0.00,-1.00,-2.00,-1.00,0.00,0.00,0.00,-1.00,-3.00,-4.00,-3.00,-1.00,1.00,4.00,7.00,6.00,1.00,-2.00,-1.00,1.00,2.00,3.00,3.00,-1.00,-4.00,-3.00,-2.00,-2.00,-1.00,-1.00,-17.00,20.00,137.00,199.00,136.00,51.00,34.00,23.00,0.00,18.00,60.00,-7.00,-107.00,-60.00,-1.00,0.00,2.00,1.00,0.00,-1.00,-2.00,-1.00,-1.00,-2.00,-2.00,-3.00,-3.00,-2.00,-2.00,-2.00,-2.00,-1.00,0.00,0.00,-1.00,-2.00,-1.00,-1.00,-1.00,3.00,7.00,8.00,5.00,0.00,-1.00,0.00,0.00,0.00,0.00,1.00,2.00,0.00,-3.00,-3.00,-2.00,-3.00,-3.00,-1.00,0.00,0.00,-1.00,-2.00,-2.00,-1.00,-3.00,-17.00,-17.00,59.00,172.00,188.00,102.00,-34.00,-172.00,-222.00,-155.00,-41.00,5.00,-3.00,-4.00,-5.00,-9.00,26.00,119.00,173.00,165.00,140.00,99.00,14.00,-114.00,-180.00,-115.00,11.00,54.00,22.00,8.00,8.00,7.00,12.00,22.00,11.00,47.00,96.00,85.00,134.00,188.00,135.00,38.00,-46.00,-119.00,-154.00,-143.00,-116.00,-52.00,10.00,12.00,-5.00,-32.00,-60.00,-45.00,-38.00,-50.00,-26.00,-63.00,-150.00,-116.00,-77.00,-43.00,57.00,110.00,106.00,37.00,-5.00,12.00,4.00,-11.00,-19.00,-22.00,-17.00,-13.00,-17.00,-9.00,2.00,-8.00,-17.00,-15.00,-14.00,-11.00,-7.00,-9.00,-12.00,-11.00,-11.00,-14.00,-14.00,-12.00
-6.00,-4.00,-3.00,-6.00,-7.00,-5.00,-4.00,-3.00,-3.00,-5.00,-4.00,-2.00,-3.00,-4.00,-3.00,-2.00,-3.00,-2.00,0.00,-1.00,-1.00,0.00,0.00,0.00,-1.00,-2.00,-1.00,0.00,0.00,2.00,-5.00,-20.00,-18.00,-6.00,-2.00,-3.00,-2.00,4.00,8.00,7.00,5.00,1.00,-2.00,-1.00,-20.00,-51.00,-48.00,14.00,52.00,23.00,33.00,44.00,-42.00,-96.00,-36.00,-13.00,-92.00,-139.00,-65.00,0.00,0.00,0.00,0.00,-1.00,-2.00,-2.00,-3.00,-3.00,-1.00,1.00,2.00,1.00,-1.00,-2.00,-1.00,-1.00,-1.00,1.00,0.00,-2.00,-1.00,1.00,1.00,-2.00,-2.00,-1.00,-3.00,-2.00,0.00,-1.00,-2.00,-1.00,-1.00,-3.00,-2.00,2.00,2.00,-3.00,-6.00,-5.00,-4.00,-4.00,-3.00,-1.00,-1.00,-3.00,-4.00,-4.00,1.00,64.00,187.00,246.00,225.00,134.00,-18.00,-126.00,-191.00,-188.00,-96.00,-19.00,-4.00,-13.00,-11.00,-9.00,-9.00,47.00,143.00,184.00,96.00,-91.00,-200.00,-197.00,-182.00,-109.00,6.00,29.00,5.00,2.00,1.00,4.00,5.00,14.00,10.00,-12.00,31.00,128.00,179.00,192.00,218.00,132.00,-70.00,-162.00,-153.00,-143.00,-128.00,-73.00,0.00,11.00,0.00,0.00,-17.00,-29.00,-27.00,-28.00,-43.00,-56.00,-37.00,-3.00,0.00,-39.00,-65.00,-60.00,-50.00,-34.00,-24.00,-25.00,-14.00,1.00,-6.00,-16.00,-8.00,1.00,-6.00,-16.00,-17.00,9.00,34.00,8.00,-17.00,-12.00,-8.00,-9.00,-10.00,-11.00,-13.00,-14.00,-17.00,-48.00,-96.00,-116.00
-8.00,-7.00,-5.00,-3.00,-2.00,-2.00,-2.00,-3.00,-5.00,-5.00,-4.00,-4.00,-2.00,0.00,-2.00,-5.00,-5.00,-4.00,-4.00,-3.00,-2.00,-3.00,-4.00,-3.00,-1.00,-1.00,-2.00,-1.00,0.00,-5.00,-15.00,-15.00,-6.00,-3.00,-3.00,-1.00,-1.00,1.00,8.00,12.00,11.00,9.00,8.00,7.00,1.00,24.00,-76.00,-277.00,-246.00,-120.00,-97.00,-45.00,13.00,-23.00,-121.00,-167.00,-54.00,8.00,-63.00,-45.00,0.00,-2.00,-2.00,-3.00,-3.00,-1.00,-1.00,-2.00,-2.00,-2.00,-1.00,1.00,3.00,4.00,3.00,1.00,0.00,0.00,0.00,0.00,1.00,2.00,1.00,-1.00,-4.00,-6.00,-5.00,-4.00,-5.00,-6.00,-5.00,-3.00,-2.00,-3.00,-3.00,-1.00,0.00,0.00,-1.00,-3.00,-4.00,-4.00,-4.00,-4.00,-4.00,-4.00,-4.00,-4.00,45.00,145.00,207.00,208.00,80.00,-135.00,-186.00,-107.00,-61.00,-39.00,-31.00,-17.00,-10.00,-26.00,-19.00,53.00,157.00,212.00,129.00,-72.00,-183.00,-178.00,-176.00,-140.00,-55.00,-3.00,0.00,-4.00,-2.00,0.00,1.00,-7.00,16.00,103.00,153.00,151.00,180.00,144.00,28.00,-72.00,-165.00,-195.00,-166.00,-126.00,-64.00,-17.00,-4.00,-3.00,0.00,0.00,-4.00,-6.00,-11.00,2.00,19.00,-4.00,-36.00,-52.00,-56.00,-23.00,38.00,20.00,-52.00,-65.00,-49.00,-33.00,-23.00,-16.00,-9.00,-14.00,-16.00,-15.00,-20.00,-21.00,-15.00,-13.00,-11.00,11.00,28.00,6.00,-12.00,-10.00,-13.00,-15.00,-17.00,-72.00,-165.00,-196.00,-141.00,-90.00,-82.00,-80.00
-2.00,-2.00,-2.00,-2.00,-3.00,-3.00,-2.00,-3.00,-3.00,-3.00,-5.00,-4.00,-2.00,-2.00,-1.00,0.00,1.00,1.00,-1.00,-2.00,-3.00,-4.00,-4.00,-3.00,-1.00,-1.00,-3.00,-3.00,-2.00,-11.00,-20.00,-11.00,-2.00,-3.00,-3.00,-2.00,-3.00,-3.00,0.00,2.00,3.00,6.00,8.00,-39.00,-121.00,-166.00,-147.00,-78.00,-27.00,-12.00,-15.00,-26.00,-41.00,-30.00,11.00,68.00,129.00,78.00,-27.00,-30.00,-3.00,-4.00,-4.00,-3.00,-1.00,0.00,1.00,1.00,-1.00,-2.00,-2.00,-2.00,-2.00,-1.00,-1.00,-2.00,-2.00,-3.00,-2.00,0.00,-1.00,-2.00,-3.00,-3.00,-2.00,-2.00,-2.00,-3.00,-5.00,-6.00,-5.00,-4.00,-5.00,-5.00,-3.00,-3.00,-3.00,-1.00,0.00,0.00,1.00,1.00,-2.00,-4.00,-4.00,-3.00,-2.00,-3.00,37.00,11.00,-175.00,-281.00,-246.00,-183.00,-79.00,-2.00,6.00,-22.00,-46.00,-27.00,18.00,92.00,172.00,202.00,150.00,58.00,-33.00,-141.00,-152.00,-41.00,31.00,23.00,6.00,1.00,-4.00,-6.00,-5.00,-10.00,-30.00,9.00,113.00,151.00,141.00,113.00,3.00,-126.00,-180.00,-183.00,-181.00,-127.00,-23.00,21.00,5.00,-4.00,-1.00,6.00,8.00,1.00,-10.00,-16.00,-14.00,22.00,54.00,16.00,48.00,150.00,161.00,137.00,140.00,169.00,151.00,39.00,-37.00,-34.00,-20.00,3.00,23.00,10.00,-5.00,-12.00,-19.00,-16.00,-10.00,-9.00,-12.00,-14.00,-12.00,-9.00,-4.00,-47.00,-113.00,-128.00,-157.00,-198.00,-158.00,-60.00,39.00,123.00,141.00,124.00
2.00,1.00,-1.00,-4.00,-5.00,-4.00,-4.00,-3.00,-2.00,-3.00,-4.00,-3.00,-3.00,-4.00,-3.00,-2.00,-2.00,-2.00,-2.00,-2.00,-1.00,1.00,1.00,0.00,-1.00,-3.00,-4.00,-4.00,-4.00,-4.00,-4.00,-3.00,-1.00,0.00,-1.00,-3.00,-3.00,-1.00,-1.00,-2.00,-1.00,0.00,0.00,-67.00,-177.00,-223.00,-103.00,61.00,11.00,-27.00,-15.00,-142.00,-168.00,-45.00,48.00,78.00,-2.00,-103.00,-136.00,-129.00,-56.00,-1.00,0.00,0.00,0.00,-1.00,-2.00,0.00,2.00,1.00,0.00,-1.00,-3.00,-4.00,-3.00,-2.00,-2.00,-1.00,0.00,0.00,1.00,2.00,1.00,1.00,3.00,2.00,-2.00,-4.00,-3.00,-2.00,-3.00,-5.00,-6.00,-4.00,-2.00,-2.00,-1.00,0.00,0.00,-1.00,-2.00,-1.00,-1.00,-3.00,-4.00,-4.00,-4.00,-4.00,-52.00,-147.00,-214.00,-238.00,-175.00,-54.00,14.00,27.00,11.00,14.00,96.00,193.00,186.00,89.00,-1.00,-79.00,-165.00,-156.00,-59.00,-13.00,-8.00,-1.00,-2.00,-5.00,-6.00,-6.00,-11.00,-20.00,22.00,118.00,174.00,185.00,130.00,-26.00,-151.00,-178.00,-178.00,-177.00,-123.00,-23.00,19.00,4.00,0.00,3.00,1.00,4.00,6.00,-2.00,-12.00,-17.00,-19.00,18.00,87.00,161.00,224.00,208.00,184.00,191.00,171.00,165.00,185.00,219.00,194.00,60.00,-35.00,-27.00,-7.00,17.00,34.00,3.00,-22.00,-16.00,4.00,19.00,2.00,-15.00,-15.00,-22.00,-7.00,-5.00,-91.00,-172.00,-142.00,-37.00,21.00,65.00,155.00,182.00,170.00,181.00,139.00,92.00
-2.00,-3.00,-4.00,-2.00,1.00,0.00,-3.00,-4.00,-3.00,-1.00,0.00,-1.00,-2.00,-2.00,-4.00,-6.00,-6.00,-6.00,-5.00,-4.00,-3.00,-1.00,0.00,0.00,0.00,-1.00,-3.00,-4.00,-3.00,-2.00,-3.00,-3.00,0.00,2.00,1.00,0.00,0.00,0.00,-1.00,-3.00,-4.00,-3.00,-1.00,-17.00,-26.00,27.00,43.00,-42.00,-53.00,16.00,11.00,-20.00,5.00,12.00,-79.00,-169.00,-196.00,-185.00,-181.00,-170.00,-72.00,0.00,0.00,0.00,-1.00,-2.00,-2.00,-2.00,-1.00,0.00,0.00,0.00,1.00,2.00,1.00,0.00,0.00,0.00,0.00,1.00,4.00,6.00,6.00,7.00,6.00,1.00,-3.00,-4.00,-4.00,-4.00,-4.00,-5.00,-4.00,-1.00,-2.00,-4.00,-3.00,-2.00,-3.00,-4.00,-5.00,-6.00,-6.00,-7.00,-7.00,-5.00,-4.00,-4.00,-46.00,-76.00,-20.00,13.00,3.00,8.00,2.00,-18.00,32.00,159.00,231.00,208.00,132.00,-3.00,-151.00,-201.00,-145.00,-62.00,-21.00,-14.00,-7.00,-4.00,-8.00,-14.00,-19.00,25.00,131.00,190.00,185.00,190.00,213.00,126.00,-71.00,-172.00,-177.00,-126.00,-32.00,6.00,-4.00,-11.00,-12.00,-9.00,-6.00,-6.00,-3.00,0.00,-8.00,-37.00,-74.00,-87.00,-13.00,121.00,186.00,189.00,182.00,166.00,65.00,-110.00,-219.00,-255.00,-163.00,-21.00,4.00,-35.00,-65.00,-40.00,-8.00,20.00,39.00,-2.00,-27.00,-16.00,-5.00,-25.00,-89.00,-109.00,-96.00,-150.00,-155.00,-32.00,45.00,75.00,110.00,114.00,152.00,195.00,157.00,74.00,26.00,10.00,-45.00,-92.00
-2.00,-2.00,-2.00,-2.00,-3.00,-3.00,-2.00,-2.00,-2.00,-2.00,-2.00,-3.00,-3.00,-2.00,-3.00,-3.00,-2.00,-2.00,-2.00,-3.00,-5.00,-6.00,-5.00,-5.00,-5.00,-1.00,1.00,-2.00,-3.00,-2.00,-2.00,-2.00,-3.00,-4.00,-4.00,-4.00,-4.00,-4.00,-3.00,-2.00,-3.00,-4.00,-5.00,-6.00,-3.00,2.00,-23.00,-46.00,-25.00,-14.00,0.00,28.00,38.00,33.00,-32.00,-128.00,-138.00,-64.00,-10.00,-10.00,-10.00,-3.00,-3.00,-1.00,0.00,0.00,0.00,-1.00,-2.00,-1.00,0.00,-1.00,-2.00,-1.00,0.00,0.00,0.00,0.00,0.00,2.00,4.00,4.00,5.00,5.00,2.00,-2.00,-4.00,-4.00,-4.00,-5.00,-6.00,-4.00,-2.00,-3.00,-4.00,-5.00,-6.00,-5.00,-4.00,-4.00,-3.00,-2.00,-3.00,-4.00,-4.00,-3.00,-2.00,-2.00,-4.00,-6.00,-2.00,3.00,67.00,187.00,178.00,104.00,144.00,164.00,29.00,-159.00,-163.00,-21.00,34.00,25.00,18.00,-1.00,-11.00,-8.00,-9.00,3.00,11.00,38.00,136.00,206.00,211.00,159.00,7.00,-142.00,-186.00,-178.00,-150.00,-88.00,-31.00,-7.00,-1.00,-2.00,-4.00,-4.00,0.00,4.00,5.00,5.00,-22.00,-37.00,-25.00,12.00,108.00,174.00,189.00,151.00,74.00,-31.00,-183.00,-259.00,-263.00,-268.00,-273.00,-277.00,-225.00,-171.00,-149.00,-82.00,-38.00,-26.00,-10.00,8.00,20.00,-10.00,-63.00,-72.00,-13.00,-36.00,-99.00,-41.00,21.00,24.00,7.00,28.00,133.00,210.00,167.00,51.00,-7.00,7.00,-40.00,-147.00,-196.00,-203.00,-174.00,-136.00
0.00,1.00,1.00,-2.00,-3.00,-1.00,0.00,-1.00,-3.00,-3.00,-2.00,-2.00,-1.00,-1.00,-2.00,-2.00,-3.00,-4.00,-3.00,-2.00,-3.00,-3.00,-2.00,-4.00,-6.00,-5.00,-3.00,-1.00,-1.00,-3.00,-3.00,-3.00,-5.00,-6.00,-7.00,-7.00,-5.00,-5.00,-6.00,-5.00,-4.00,-3.00,-5.00,-8.00,-4.00,14.00,26.00,25.00,12.00,-24.00,-66.00,-75.00,-21.00,11.00,38.00,77.00,37.00,-3.00,4.00,14.00,8.00,-1.00,0.00,0.00,-1.00,-2.00,-1.00,-1.00,-2.00,-1.00,0.00,-1.00,-3.00,-3.00,-1.00,1.00,2.00,2.00,2.00,1.00,-2.00,-4.00,-2.00,-1.00,-3.00,-5.00,-7.00,-7.00,-5.00,-4.00,-4.00,-3.00,-2.00,-3.00,-3.00,-2.00,-3.00,-3.00,-1.00,0.00,0.00,-1.00,-2.00,-1.00,0.00,0.00,-1.00,-3.00,-4.00,-11.00,45.00,173.00,232.00,213.00,113.00,-9.00,-65.00,-123.00,-162.00,-170.00,-122.00,-35.00,-1.00,2.00,4.00,-1.00,-13.00,-15.00,46.00,149.00,194.00,192.00,139.00,-20.00,-167.00,-198.00,-189.00,-190.00,-189.00,-143.00,-54.00,-7.00,-4.00,-7.00,-8.00,-2.00,1.00,-2.00,-2.00,-13.00,-33.00,-34.00,17.00,119.00,186.00,206.00,224.00,221.00,97.00,-149.00,-307.00,-260.00,-174.00,-213.00,-218.00,-135.00,-78.00,-34.00,-80.00,-200.00,-186.00,-67.00,-21.00,-20.00,2.00,44.00,25.00,-99.00,-155.00,-81.00,37.00,128.00,141.00,121.00,125.00,169.00,160.00,59.00,-8.00,-11.00,-45.00,-144.00,-206.00,-194.00,-146.00,-86.00,-47.00,-31.00,7.00,42.00
-4.00,-4.00,-4.00,-3.00,-2.00,-3.00,-3.00,-2.00,-3.00,-4.00,-4.00,-4.00,-5.00,-5.00,-2.00,-1.00,-2.00,-2.00,-3.00,-4.00,-4.00,-4.00,-3.00,-1.00,-1.00,-4.00,-6.00,-5.00,-4.00,-5.00,-6.00,-5.00,-5.00,-6.00,-5.00,-4.00,-4.00,-5.00,-7.00,-8.00,-8.00,-7.00,-7.00,0.00,11.00,13.00,-2.00,-16.00,-22.00,-37.00,0.00,45.00,6.00,-30.00,3.00,36.00,29.00,22.00,13.00,0.00,-1.00,0.00,0.00,-1.00,-2.00,-2.00,-2.00,-1.00,1.00,4.00,7.00,6.00,2.00,-1.00,-2.00,0.00,3.00,4.00,4.00,2.00,-2.00,-4.00,-3.00,-2.00,-2.00,-1.00,-1.00,-3.00,-4.00,-3.00,-2.00,-3.00,-4.00,-4.00,-3.00,0.00,1.00,-2.00,-5.00,-5.00,-3.00,-3.00,-4.00,-3.00,-1.00,-1.00,-3.00,-4.00,-12.00,30.00,161.00,248.00,163.00,-42.00,-120.00,-76.00,-126.00,-150.00,-74.00,-13.00,5.00,2.00,0.00,-4.00,28.00,53.00,62.00,152.00,213.00,184.00,167.00,82.00,-110.00,-217.00,-215.00,-157.00,-50.00,4.00,-3.00,-9.00,-7.00,-7.00,-10.00,-12.00,-11.00,-9.00,9.00,40.00,70.00,123.00,167.00,171.00,191.00,195.00,116.00,-11.00,-152.00,-270.00,-316.00,-310.00,-308.00,-196.00,-12.00,9.00,-8.00,17.00,-4.00,-2.00,-34.00,-106.00,-67.00,15.00,45.00,-6.00,-102.00,-84.00,7.00,33.00,60.00,84.00,84.00,162.00,185.00,81.00,9.00,-16.00,-82.00,-176.00,-214.00,-206.00,-166.00,-86.00,-40.00,-44.00,3.00,115.00,174.00,175.00,130.00,84.00
-4.00,-5.00,-5.00,-3.00,-3.00,-4.00,-4.00,-3.00,-2.00,-3.00,-4.00,-5.00,-7.00,-7.00,-4.00,-1.00,-1.00,-2.00,-3.00,-4.00,-3.00,-4.00,-6.00,-5.00,-4.00,-3.00,-2.00,-4.00,-6.00,-4.00,-3.00,-4.00,-3.00,-2.00,-1.00,-1.00,-3.00,-4.00,-4.00,-4.00,-4.00,-4.00,-3.00,15.00,33.00,16.00,-4.00,-7.00,-20.00,-34.00,60.00,183.00,120.00,17.00,11.00,10.00,-7.00,-14.00,-2.00,6.00,3.00,1.00,0.00,-1.00,1.00,18.00,39.00,40.00,24.00,8.00,3.00,5.00,4.00,1.00,2.00,3.00,2.00,3.00,4.00,3.00,2.00,1.00,-2.00,-3.00,-1.00,1.00,3.00,2.00,0.00,0.00,-2.00,-3.00,-1.00,0.00,0.00,0.00,-1.00,-3.00,-5.00,-6.00,-5.00,-4.00,-4.00,-3.00,-2.00,-3.00,-3.00,-1.00,46.00,100.00,-3.00,-181.00,-241.00,-223.00,-100.00,59.00,53.00,-8.00,-17.00,-10.00,-3.00,12.00,14.00,31.00,133.00,171.00,142.00,131.00,3.00,-149.00,-174.00,-170.00,-132.00,-23.00,19.00,-11.00,-17.00,-14.00,-13.00,-8.00,-5.00,-8.00,-15.00,-18.00,-18.00,47.00,168.00,218.00,211.00,218.00,219.00,159.00,11.00,-174.00,-291.00,-313.00,-299.00,-278.00,-219.00,-106.00,-21.00,-7.00,-15.00,-18.00,4.00,26.00,8.00,72.00,158.00,77.00,5.00,85.00,151.00,103.00,40.00,-7.00,3.00,116.00,176.00,114.00,34.00,-4.00,-52.00,-157.00,-231.00,-215.00,-165.00,-121.00,-88.00,-59.00,7.00,115.00,171.00,158.00,109.00,39.00,3.00,-4.00,-7.00,-6.00
0.00,0.00,-1.00,-3.00,-3.00,-2.00,-4.00,-5.00,-2.00,-1.00,-2.00,-2.00,-2.00,-3.00,-5.00,-5.00,-4.00,-4.00,-3.00,-1.00,0.00,0.00,0.00,0.00,0.00,-1.00,-3.00,-4.00,-4.00,-3.00,-2.00,-3.00,-3.00,-2.00,-3.00,-4.00,-4.00,-4.00,-4.00,-4.00,-3.00,-2.00,-23.00,-37.00,-7.00,11.00,6.00,-7.00,-32.00,-39.00,19.00,101.00,53.00,-36.00,-8.00,10.00,-35.00,-43.00,-9.00,7.00,2.00,0.00,0.00,8.00,26.00,41.00,47.00,39.00,18.00,0.00,-6.00,-3.00,0.00,0.00,2.00,3.00,1.00,0.00,-1.00,-2.00,-2.00,-1.00,1.00,1.00,0.00,0.00,-1.00,-2.00,-1.00,0.00,0.00,1.00,3.00,4.00,3.00,0.00,-3.00,-4.00,-2.00,0.00,-2.00,-3.00,-1.00,0.00,0.00,0.00,0.00,1.00,9.00,-36.00,-163.00,-244.00,-226.00,-146.00,-48.00,-2.00,4.00,-7.00,-24.00,-7.00,1.00,21.00,127.00,207.00,121.00,-29.00,-105.00,-173.00,-212.00,-190.00,-165.00,-107.00,-30.00,-3.00,4.00,18.00,8.00,-5.00,-7.00,-10.00,10.00,83.00,168.00,205.00,200.00,194.00,183.00,162.00,87.00,-98.00,-238.00,-234.00,-193.00,-204.00,-207.00,-151.00,-99.00,-41.00,-7.00,-13.00,-12.00,-11.00,-14.00,-12.00,4.00,16.00,9.00,58.00,109.00,35.00,12.00,97.00,95.00,77.00,139.00,118.00,9.00,-27.00,-39.00,-120.00,-190.00,-193.00,-153.00,-97.00,-65.00,-43.00,22.00,103.00,135.00,136.00,103.00,33.00,1.00,5.00,7.00,8.00,7.00,2.00,-3.00,-4.00
-4.00,-3.00,-1.00,-1.00,-2.00,-1.00,-1.00,-3.00,-4.00,-4.00,-4.00,-2.00,0.00,-2.00,-4.00,-4.00,-3.00,-2.00,-1.00,0.00,-2.00,-3.00,-1.00,0.00,-1.00,-3.00,-4.00,-4.00,-4.00,-5.00,-6.00,-6.00,-7.00,-8.00,-8.00,-8.00,-8.00,-8.00,-7.00,-5.00,-4.00,-4.00,-55.00,-108.00,-58.00,1.00,3.00,-12.00,-25.00,-21.00,-26.00,-50.00,-74.00,-75.00,-52.00,-53.00,-44.00,-3.00,16.00,-70.00,-159.00,-81.00,9.00,27.00,35.00,22.00,1.00,-13.00,-17.00,-11.00,-4.00,0.00,2.00,2.00,0.00,-3.00,-3.00,-1.00,0.00,-1.00,5.00,20.00,24.00,18.00,16.00,10.00,0.00,-4.00,-4.00,-3.00,-1.00,-1.00,-2.00,-1.00,-1.00,-2.00,0.00,2.00,1.00,0.00,0.00,0.00,1.00,1.00,0.00,1.00,3.00,6.00,-43.00,-97.00,-40.00,24.00,20.00,11.00,9.00,7.00,57.00,146.00,180.00,186.00,128.00,-5.00,-50.00,-65.00,-154.00,-175.00,-144.00,-130.00,-60.00,-7.00,-7.00,-2.00,3.00,0.00,7.00,17.00,0.00,46.00,108.00,105.00,154.00,206.00,210.00,212.00,184.00,46.00,-142.00,-213.00,-215.00,-223.00,-218.00,-163.00,-53.00,8.00,-5.00,-13.00,-7.00,-9.00,-27.00,-39.00,-20.00,-11.00,-17.00,-11.00,-3.00,-1.00,-7.00,-47.00,-86.00,-12.00,98.00,81.00,-5.00,-42.00,-68.00,-120.00,-155.00,-152.00,-110.00,-72.00,-86.00,-103.00,-30.00,95.00,155.00,153.00,121.00,60.00,24.00,18.00,8.00,-1.00,-1.00,3.00,5.00,4.00,0.00,-1.00,0.00,0.00
-6.00,-5.00,-3.00,-1.00,-2.00,-3.00,0.00,0.00,-3.00,-3.00,-2.00,-2.00,-2.00,-2.00,-2.00,-3.00,-3.00,-2.00,-3.00,-4.00,-4.00,-4.00,-5.00,-7.00,-8.00,-6.00,-3.00,-2.00,-2.00,-4.00,-7.00,-8.00,-8.00,-7.00,-5.00,-5.00,-6.00,-5.00,-4.00,-4.00,-4.00,-4.00,-25.00,-47.00,-24.00,8.00,4.00,-5.00,4.00,4.00,-7.00,-18.00,2.00,19.00,24.00,46.00,24.00,0.00,7.00,-70.00,-149.00,-66.00,28.00,32.00,13.00,-5.00,-11.00,-12.00,-11.00,-7.00,-2.00,0.00,3.00,8.00,8.00,3.00,-2.00,-4.00,1.00,13.00,27.00,35.00,31.00,26.00,24.00,15.00,5.00,3.00,2.00,-2.00,-2.00,0.00,-1.00,-2.00,-4.00,-6.00,-4.00,-1.00,-1.00,-1.00,1.00,0.00,-2.00,-1.00,0.00,2.00,8.00,12.00,11.00,10.00,12.00,17.00,19.00,6.00,-69.00,-79.00,88.00,209.00,212.00,152.00,12.00,-106.00,-164.00,-206.00,-165.00,-46.00,10.00,2.00,-2.00,-4.00,-4.00,0.00,2.00,-1.00,36.00,104.00,151.00,198.00,214.00,200.00,175.00,48.00,-78.00,-109.00,-172.00,-221.00,-214.00,-216.00,-179.00,-62.00,23.00,14.00,-5.00,-7.00,-6.00,0.00,4.00,4.00,0.00,0.00,7.00,-8.00,-22.00,-11.00,-16.00,4.00,84.00,18.00,-110.00,49.00,185.00,35.00,-110.00,-132.00,-99.00,-68.00,-46.00,-34.00,-10.00,66.00,107.00,83.00,57.00,23.00,0.00,7.00,15.00,14.00,13.00,13.00,12.00,6.00,-2.00,-3.00,-2.00,-2.00,-4.00,-6.00,-5.00,-4.00
-4.00,-5.00,-7.00,-7.00,-6.00,-7.00,-6.00,-3.00,-3.00,-4.00,-3.00,-3.00,-4.00,-2.00,-1.00,-4.00,-6.00,-5.00,-5.00,-6.00,-5.00,-4.00,-4.00,-4.00,-4.00,-4.00,-5.00,-6.00,-5.00,-4.00,-4.00,-4.00,-5.00,-7.00,-7.00,-5.00,-4.00,-4.00,-5.00,-6.00,-5.00,-5.00,-7.00,-13.00,-16.00,-10.00,-18.00,-19.00,-4.00,-7.00,-9.00,0.00,1.00,-13.00,28.00,85.00,47.00,2.00,-4.00,4.00,22.00,28.00,28.00,21.00,9.00,-1.00,-6.00,2.00,13.00,16.00,14.00,8.00,7.00,13.00,17.00,16.00,13.00,11.00,14.00,28.00,33.00,21.00,17.00,20.00,18.00,20.00,25.00,22.00,14.00,9.00,8.00,6.00,2.00,-2.00,-4.00,-4.00,-6.00,-7.00,-3.00,1.00,3.00,4.00,3.00,4.00,9.00,12.00,11.00,8.00,5.00,3.00,-3.00,1.00,61.00,147.00,114.00,58.00,53.00,-84.00,-214.00,-205.00,-161.00,-82.00,8.00,34.00,9.00,-15.00,-23.00,-10.00,2.00,-1.00,-10.00,38.00,91.00,96.00,158.00,212.00,223.00,178.00,66.00,-55.00,-175.00,-214.00,-204.00,-210.00,-195.00,-129.00,-53.00,-23.00,-17.00,-12.00,-7.00,-3.00,-2.00,0.00,3.00,-1.00,-4.00,7.00,20.00,13.00,46.00,86.00,52.00,114.00,227.00,252.00,300.00,228.00,102.00,140.00,70.00,-63.00,-45.00,-31.00,-22.00,43.00,97.00,106.00,64.00,16.00,17.00,35.00,22.00,5.00,3.00,4.00,6.00,3.00,-1.00,-4.00,-4.00,4.00,9.00,1.00,-8.00,-9.00,-6.00,-3.00,-4.00,-6.00
-4.00,-5.00,-5.00,-4.00,-3.00,-3.00,-5.00,-5.00,-4.00,-4.00,-4.00,-3.00,-2.00,-3.00,-4.00,-4.00,-5.00,-6.00,-5.00,-4.00,-4.00,-4.00,-4.00,-4.00,-4.00,-5.00,-6.00,-6.00,-7.00,-7.00,-4.00,-1.00,-1.00,-4.00,-7.00,-7.00,-5.00,-4.00,-4.00,-3.00,-2.00,-2.00,-17.00,-23.00,4.00,7.00,-17.00,-23.00,-21.00,-16.00,-7.00,3.00,1.00,-16.00,-2.00,24.00,28.00,19.00,5.00,8.00,20.00,23.00,15.00,5.00,2.00,0.00,-2.00,4.00,18.00,26.00,20.00,12.00,10.00,13.00,19.00,22.00,24.00,28.00,28.00,23.00,16.00,10.00,11.00,14.00,16.00,23.00,28.00,23.00,15.00,12.00,10.00,6.00,5.00,7.00,7.00,7.00,10.00,14.00,17.00,15.00,9.00,9.00,15.00,17.00,15.00,12.00,6.00,-1.00,56.00,166.00,216.00,218.00,213.00,164.00,106.00,38.00,-103.00,-212.00,-224.00,-158.00,-55.00,-4.00,4.00,2.00,-4.00,-8.00,-12.00,-17.00,39.00,131.00,155.00,179.00,221.00,225.00,156.00,52.00,-44.00,-168.00,-222.00,-200.00,-186.00,-128.00,-92.00,-112.00,-62.00,-6.00,-1.00,-1.00,-2.00,1.00,0.00,-3.00,-3.00,2.00,1.00,-14.00,-3.00,68.00,123.00,167.00,274.00,306.00,255.00,278.00,295.00,247.00,210.00,191.00,191.00,105.00,-78.00,-100.00,26.00,66.00,24.00,4.00,9.00,14.00,16.00,11.00,14.00,24.00,12.00,-4.00,-5.00,-3.00,-2.00,-4.00,-7.00,-7.00,-4.00,-1.00,-3.00,-9.00,-12.00,-13.00,-12.00,-7.00,-5.00,-6.00
-2.00,-2.00,-3.00,-4.00,-3.00,-2.00,-3.00,-3.00,-2.00,-2.00,-3.00,-4.00,-3.00,-3.00,-5.00,-5.00,-3.00,-3.00,-3.00,-1.00,-2.00,-6.00,-9.00,-9.00,-7.00,-6.00,-4.00,-3.00,-5.00,-5.00,-4.00,-4.00,-3.00,-1.00,-1.00,-3.00,-4.00,-3.00,-1.00,-1.00,-3.00,-3.00,25.00,67.00,59.00,24.00,6.00,-4.00,-6.00,-1.00,-6.00,-8.00,8.00,15.00,-12.00,-32.00,-4.00,11.00,2.00,3.00,8.00,10.00,0.00,-10.00,-10.00,-6.00,-4.00,-1.00,7.00,11.00,7.00,7.00,13.00,16.00,16.00,16.00,15.00,17.00,18.00,11.00,6.00,6.00,8.00,10.00,9.00,6.00,4.00,7.00,12.00,14.00,14.00,15.00,17.00,19.00,21.00,21.00,20.00,23.00,24.00,19.00,16.00,17.00,17.00,12.00,5.00,1.00,-1.00,-3.00,40.00,134.00,166.00,87.00,-43.00,-145.00,-137.00,-104.00,-121.00,-73.00,-3.00,7.00,-14.00,-32.00,-15.00,-2.00,6.00,22.00,80.00,189.00,234.00,215.00,207.00,104.00,-34.00,-64.00,-135.00,-214.00,-224.00,-232.00,-184.00,-60.00,22.00,16.00,-1.00,-6.00,-4.00,3.00,6.00,7.00,5.00,-2.00,-5.00,0.00,-10.00,49.00,153.00,196.00,272.00,328.00,328.00,351.00,312.00,206.00,162.00,71.00,-74.00,-124.00,-181.00,-170.00,-89.00,-123.00,-136.00,-59.00,-16.00,1.00,17.00,16.00,8.00,2.00,-2.00,-2.00,15.00,27.00,9.00,-5.00,-4.00,-7.00,-10.00,-7.00,-4.00,-6.00,-7.00,-11.00,-19.00,-17.00,-11.00,-9.00,-8.00,-10.00,-13.00,-14.00
-4.00,-3.00,-3.00,-5.00,-6.00,-5.00,-4.00,-4.00,-4.00,-4.00,-3.00,-3.00,-5.00,-5.00,-4.00,-4.00,-3.00,-1.00,-2.00,-5.00,-5.00,-5.00,-6.00,-5.00,-5.00,-6.00,-6.00,-7.00,-7.00,-5.00,-5.00,-7.00,-6.00,-2.00,-1.00,-2.00,-2.00,-3.00,-4.00,-4.00,-4.00,-5.00,27.00,77.00,60.00,19.00,20.00,27.00,17.00,-4.00,-22.00,-17.00,3.00,15.00,-13.00,-55.00,-31.00,7.00,5.00,3.00,8.00,2.00,-11.00,-15.00,-11.00,-5.00,-2.00,1.00,11.00,16.00,12.00,17.00,26.00,19.00,4.00,1.00,5.00,5.00,5.00,6.00,5.00,4.00,5.00,5.00,0.00,-5.00,-3.00,3.00,8.00,11.00,13.00,16.00,18.00,18.00,20.00,20.00,15.00,11.00,7.00,4.00,7.00,8.00,3.00,-3.00,-9.00,-12.00,-12.00,-10.00,-73.00,-183.00,-217.00,-210.00,-209.00,-156.00,-56.00,-2.00,1.00,-2.00,-6.00,0.00,-6.00,-38.00,-40.00,59.00,193.00,206.00,166.00,197.00,112.00,-104.00,-210.00,-229.00,-234.00,-214.00,-191.00,-176.00,-127.00,-38.00,2.00,-2.00,1.00,2.00,3.00,6.00,8.00,8.00,3.00,7.00,3.00,9.00,54.00,123.00,201.00,265.00,322.00,354.00,333.00,256.00,159.00,16.00,-174.00,-235.00,-190.00,-195.00,-163.00,-114.00,-174.00,-191.00,-95.00,-54.00,-66.00,-36.00,-14.00,-7.00,2.00,-3.00,-7.00,-7.00,-5.00,1.00,18.00,23.00,4.00,-5.00,-1.00,-2.00,-4.00,-3.00,-3.00,-6.00,-10.00,-18.00,-26.00,-20.00,-9.00,-7.00,-7.00,-4.00,0.00,2.00
-6.00,-5.00,-3.00,-3.00,-6.00,-8.00,-7.00,-7.00,-7.00,-6.00,-6.00,-5.00,-5.00,-6.00,-5.00,-4.00,-4.00,-4.00,-5.00,-7.00,-6.00,-3.00,-2.00,-3.00,-5.00,-6.00,-7.00,-6.00,-3.00,-3.00,-4.00,-4.00,-3.00,-2.00,-2.00,-1.00,0.00,-1.00,-3.00,-3.00,-1.00,-1.00,1.00,15.00,20.00,14.00,22.00,31.00,31.00,11.00,-27.00,-38.00,8.00,49.00,10.00,-36.00,-12.00,18.00,13.00,12.00,15.00,3.00,-8.00,-9.00,-6.00,0.00,9.00,15.00,14.00,10.00,6.00,6.00,8.00,2.00,-3.00,2.00,5.00,2.00,1.00,2.00,3.00,5.00,3.00,-3.00,-7.00,-7.00,-5.00,-3.00,-1.00,0.00,2.00,6.00,9.00,10.00,8.00,6.00,6.00,0.00,-7.00,-6.00,-5.00,-6.00,-4.00,-1.00,-2.00,-3.00,-5.00,-12.00,-54.00,-135.00,-154.00,-78.00,-6.00,10.00,7.00,7.00,1.00,-3.00,37.00,70.00,75.00,134.00,185.00,203.00,205.00,109.00,-104.00,-290.00,-333.00,-295.00,-253.00,-178.00,-74.00,-29.00,-18.00,-9.00,-10.00,-5.00,2.00,8.00,11.00,10.00,10.00,12.00,-2.00,-16.00,4.00,87.00,207.00,261.00,247.00,229.00,230.00,193.00,106.00,-8.00,-173.00,-260.00,-243.00,-236.00,-237.00,-214.00,-177.00,-115.00,-28.00,14.00,9.00,6.00,53.00,76.00,14.00,-22.00,-24.00,-21.00,-12.00,-10.00,-8.00,-8.00,-5.00,-1.00,4.00,9.00,5.00,0.00,2.00,1.00,-4.00,-6.00,-8.00,-10.00,-11.00,-33.00,-52.00,-29.00,-12.00,-56.00,-130.00,-151.00,-127.00,-116.00
0.00,-1.00,-1.00,-1.00,-4.00,-6.00,-6.00,-5.00,-3.00,-3.00,-6.00,-8.00,-6.00,-4.00,-4.00,-4.00,-5.00,-7.00,-7.00,-6.00,-8.00,-8.00,-5.00,-5.00,-4.00,-2.00,-2.00,-1.00,-1.00,-2.00,-2.00,-2.00,-1.00,0.00,1.00,1.00,-1.00,-1.00,0.00,-1.00,-3.00,-3.00,-57.00,-100.00,-35.00,19.00,29.00,41.00,43.00,30.00,-1.00,-32.00,5.00,31.00,-29.00,-35.00,13.00,31.00,18.00,10.00,12.00,-1.00,-8.00,-4.00,-1.00,6.00,18.00,19.00,6.00,0.00,5.00,1.00,-10.00,-6.00,9.00,11.00,0.00,-4.00,0.00,-1.00,-5.00,-5.00,-5.00,-7.00,-8.00,-8.00,-7.00,-4.00,-1.00,-1.00,-1.00,2.00,4.00,4.00,3.00,1.00,-1.00,-5.00,-7.00,-4.00,-3.00,-7.00,-10.00,-5.00,3.00,6.00,5.00,2.00,8.00,16.00,11.00,6.00,4.00,5.00,0.00,-7.00,-10.00,53.00,180.00,222.00,195.00,138.00,59.00,-62.00,-222.00,-266.00,-262.00,-296.00,-251.00,-109.00,2.00,14.00,-3.00,-4.00,-2.00,-4.00,-3.00,-1.00,-2.00,0.00,-8.00,44.00,113.00,117.00,176.00,240.00,236.00,229.00,241.00,229.00,120.00,-13.00,-111.00,-235.00,-329.00,-350.00,-323.00,-259.00,-179.00,-77.00,1.00,16.00,-2.00,-9.00,-7.00,-9.00,-2.00,10.00,-46.00,-105.00,-46.00,-11.00,-28.00,-15.00,-5.00,-2.00,-1.00,-4.00,-8.00,-10.00,-5.00,3.00,4.00,-1.00,-5.00,-8.00,-11.00,-12.00,-12.00,-38.00,-98.00,-136.00,-134.00,-128.00,-140.00,-156.00,-141.00,-64.00,36.00,78.00
-2.00,-4.00,-5.00,-2.00,1.00,2.00,1.00,-1.00,-2.00,-1.00,-1.00,-3.00,-4.00,-4.00,-3.00,-1.00,-1.00,-2.00,-1.00,0.00,0.00,-1.00,-2.00,-2.00,-4.00,-5.00,-2.00,-1.00,-3.00,-5.00,-5.00,-3.00,-3.00,-2.00,1.00,1.00,0.00,-1.00,-2.00,-2.00,-3.00,-4.00,-62.00,-106.00,-34.00,23.00,23.00,19.00,7.00,0.00,-2.00,-20.00,-18.00,-28.00,-31.00,23.00,27.00,9.00,8.00,7.00,11.00,2.00,-3.00,-3.00,-1.00,4.00,5.00,4.00,6.00,10.00,16.00,16.00,9.00,14.00,16.00,-1.00,-13.00,-9.00,-2.00,-2.00,-6.00,-10.00,-10.00,-7.00,-6.00,-5.00,-4.00,-5.00,-5.00,-2.00,1.00,-4.00,-20.00,-28.00,-16.00,-3.00,-4.00,-8.00,-6.00,-4.00,-9.00,-16.00,-15.00,-10.00,-7.00,-7.00,-3.00,7.00,9.00,2.00,-4.00,-12.00,14.00,93.00,120.00,112.00,166.00,219.00,142.00,-15.00,-93.00,-172.00,-269.00,-297.00,-274.00,-197.00,-93.00,-17.00,5.00,2.00,0.00,-3.00,-2.00,-2.00,-7.00,-5.00,-2.00,10.00,20.00,54.00,156.00,224.00,225.00,222.00,238.00,245.00,147.00,-57.00,-223.00,-265.00,-242.00,-231.00,-235.00,-264.00,-282.00,-215.00,-98.00,-10.00,7.00,-6.00,-12.00,11.00,39.00,13.00,-19.00,-24.00,-15.00,-12.00,-86.00,-123.00,-27.00,0.00,-36.00,-18.00,-3.00,-4.00,-3.00,-3.00,-6.00,-7.00,-6.00,-7.00,-7.00,-6.00,-50.00,-129.00,-132.00,-47.00,-13.00,-82.00,-144.00,-82.00,59.00,109.00,89.00,125.00,199.00,225.00,214.00,212.00
-6.00,-5.00,-5.00,-5.00,-2.00,0.00,0.00,-2.00,-5.00,-5.00,-3.00,-2.00,-3.00,-4.00,-3.00,-1.00,0.00,0.00,0.00,0.00,1.00,1.00,-1.00,-2.00,-3.00,-4.00,-4.00,-4.00,-4.00,-5.00,-5.00,-3.00,-4.00,-6.00,-6.00,-5.00,-3.00,-3.00,-4.00,-4.00,-3.00,-2.00,15.00,33.00,14.00,2.00,0.00,-16.00,-14.00,-3.00,0.00,-6.00,-15.00,-17.00,21.00,53.00,30.00,19.00,17.00,11.00,12.00,5.00,1.00,1.00,-1.00,-6.00,-13.00,-12.00,-4.00,3.00,12.00,20.00,18.00,8.00,-5.00,-12.00,-12.00,-17.00,-18.00,-7.00,-1.00,-4.00,-7.00,-7.00,-4.00,-1.00,-1.00,-3.00,-2.00,2.00,-2.00,-16.00,-28.00,-31.00,-21.00,-6.00,-2.00,-8.00,-15.00,-19.00,-19.00,-11.00,2.00,6.00,2.00,0.00,0.00,1.00,-5.00,26.00,138.00,224.00,223.00,206.00,158.00,110.00,101.00,-26.00,-227.00,-280.00,-212.00,-137.00,-112.00,-94.00,-24.00,1.00,-20.00,-6.00,10.00,8.00,4.00,4.00,1.00,-14.00,-17.00,27.00,124.00,215.00,245.00,239.00,241.00,189.00,56.00,0.00,-40.00,-166.00,-221.00,-214.00,-224.00,-222.00,-167.00,-119.00,-116.00,-65.00,-28.00,-35.00,-22.00,-9.00,-8.00,-13.00,-14.00,-9.00,-7.00,-10.00,-12.00,-15.00,-20.00,27.00,63.00,25.00,20.00,11.00,-22.00,-16.00,-6.00,-9.00,-12.00,-8.00,-7.00,-50.00,-126.00,-154.00,-139.00,-133.00,-137.00,-113.00,-24.00,69.00,99.00,129.00,196.00,226.00,213.00,204.00,203.00,213.00,204.00,125.00,28.00,-8.00
0.00,1.00,0.00,-4.00,-5.00,-3.00,-3.00,-3.00,-2.00,-4.00,-6.00,-5.00,-3.00,-2.00,-3.00,-5.00,-6.00,-6.00,-7.00,-8.00,-8.00,-6.00,-2.00,0.00,1.00,1.00,-3.00,-6.00,-5.00,-2.00,0.00,-1.00,-2.00,-4.00,-6.00,-5.00,-4.00,-3.00,-3.00,-5.00,-5.00,-4.00,8.00,19.00,5.00,1.00,3.00,-6.00,-9.00,-7.00,-3.00,-9.00,-15.00,-9.00,9.00,12.00,12.00,24.00,11.00,10.00,23.00,9.00,-3.00,-1.00,-4.00,-8.00,-5.00,0.00,3.00,2.00,1.00,4.00,4.00,-5.00,-13.00,-8.00,-2.00,-11.00,-22.00,-22.00,-20.00,-17.00,-15.00,-13.00,-6.00,-3.00,-3.00,0.00,1.00,-8.00,-24.00,-28.00,-15.00,-3.00,-2.00,-9.00,-16.00,-18.00,-19.00,-19.00,-8.00,7.00,7.00,2.00,3.00,4.00,2.00,-2.00,43.00,136.00,200.00,173.00,23.00,-141.00,-180.00,-154.00,-185.00,-238.00,-223.00,-114.00,-13.00,-1.00,-11.00,-5.00,5.00,2.00,-6.00,1.00,6.00,-8.00,2.00,58.00,134.00,208.00,238.00,243.00,257.00,244.00,167.00,22.00,-142.00,-231.00,-233.00,-222.00,-223.00,-212.00,-131.00,-14.00,28.00,18.00,2.00,-16.00,-25.00,-25.00,-19.00,-7.00,6.00,4.00,-6.00,-3.00,10.00,-14.00,-46.00,-25.00,-4.00,-9.00,-20.00,23.00,75.00,41.00,14.00,6.00,-10.00,-27.00,-25.00,47.00,49.00,-67.00,-141.00,-160.00,-106.00,25.00,92.00,95.00,142.00,217.00,219.00,140.00,104.00,169.00,235.00,189.00,57.00,-17.00,-18.00,-21.00,-17.00,-17.00,-93.00,-160.00
-2.00,-4.00,-6.00,-4.00,-2.00,-4.00,-6.00,-5.00,-5.00,-6.00,-5.00,-3.00,-1.00,-1.00,-4.00,-6.00,-5.00,-5.00,-6.00,-4.00,-1.00,-1.00,-3.00,-2.00,1.00,-8.00,-19.00,-9.00,4.00,4.00,0.00,-3.00,-3.00,-2.00,-2.00,-2.00,-3.00,-4.00,-4.00,-3.00,-2.00,-4.00,1.00,11.00,7.00,6.00,12.00,17.00,16.00,39.00,68.00,31.00,-21.00,34.00,107.00,30.00,-31.00,-9.00,-5.00,15.00,31.00,13.00,0.00,1.00,-2.00,-4.00,1.00,10.00,11.00,3.00,-7.00,-12.00,-8.00,-5.00,-6.00,-5.00,-3.00,-2.00,-11.00,-28.00,-36.00,-30.00,-18.00,-11.00,-9.00,-7.00,-4.00,-1.00,-5.00,-18.00,-25.00,-17.00,-5.00,3.00,1.00,-14.00,-25.00,-19.00,-8.00,-1.00,7.00,9.00,-2.00,-11.00,-10.00,-8.00,-7.00,-6.00,37.00,15.00,-154.00,-239.00,-218.00,-241.00,-219.00,-147.00,-112.00,-59.00,-17.00,-14.00,-16.00,-21.00,-11.00,-3.00,-7.00,8.00,70.00,131.00,198.00,271.00,273.00,254.00,252.00,252.00,188.00,33.00,-113.00,-209.00,-245.00,-245.00,-249.00,-237.00,-152.00,-107.00,-132.00,-60.00,4.00,-6.00,-9.00,-12.00,-16.00,-21.00,-23.00,-18.00,4.00,39.00,45.00,22.00,6.00,2.00,0.00,-21.00,-37.00,23.00,27.00,-3.00,139.00,165.00,22.00,19.00,51.00,28.00,-8.00,-79.00,-96.00,-6.00,79.00,84.00,70.00,117.00,195.00,224.00,218.00,219.00,230.00,205.00,108.00,17.00,-15.00,-33.00,-42.00,-53.00,-125.00,-202.00,-222.00,-218.00,-198.00,-202.00,-225.00,-228.00
-6.00,-6.00,-5.00,-5.00,-7.00,-7.00,-6.00,-7.00,-7.00,-5.00,-3.00,-3.00,-5.00,-5.00,-3.00,-1.00,-1.00,-3.00,-3.00,-2.00,-3.00,-4.00,-6.00,-16.00,-33.00,-48.00,-51.00,-40.00,-35.00,-43.00,-48.00,-45.00,-40.00,-39.00,-41.00,-47.00,-52.00,-38.00,-13.00,-2.00,-3.00,-24.00,-43.00,-24.00,-5.00,3.00,15.00,28.00,36.00,57.00,70.00,19.00,-43.00,-41.00,-54.00,-95.00,-48.00,-1.00,-3.00,18.00,26.00,4.00,-6.00,-1.00,-1.00,-6.00,-12.00,-12.00,-7.00,-2.00,-1.00,-3.00,-5.00,-7.00,-6.00,-4.00,-4.00,-1.00,-5.00,-20.00,-26.00,-22.00,-19.00,-17.00,-18.00,-24.00,-30.00,-32.00,-31.00,-23.00,-9.00,1.00,5.00,4.00,-3.00,-8.00,-3.00,5.00,10.00,10.00,3.00,-3.00,-3.00,-5.00,-9.00,-9.00,-8.00,-7.00,-53.00,-168.00,-239.00,-164.00,-30.00,10.00,-5.00,0.00,-3.00,-23.00,-23.00,5.00,9.00,8.00,47.00,106.00,166.00,240.00,314.00,348.00,350.00,329.00,205.00,7.00,-161.00,-272.00,-279.00,-254.00,-255.00,-249.00,-191.00,-94.00,-43.00,-16.00,-3.00,-7.00,-6.00,-6.00,-6.00,-9.00,-13.00,-15.00,-11.00,7.00,24.00,23.00,24.00,28.00,6.00,-25.00,-18.00,9.00,65.00,153.00,192.00,211.00,202.00,178.00,227.00,225.00,125.00,96.00,129.00,132.00,125.00,121.00,106.00,40.00,36.00,139.00,200.00,223.00,176.00,44.00,-23.00,-26.00,-24.00,-41.00,-129.00,-230.00,-260.00,-243.00,-227.00,-246.00,-260.00,-211.00,-172.00,-170.00,-178.00,-179.00,-109.00,-48.00
-6.00,-4.00,-1.00,-1.00,-3.00,-4.00,-5.00,-6.00,-4.00,-2.00,-3.00,-4.00,-5.00,-5.00,-2.00,-2.00,-5.00,-5.00,-4.00,-5.00,-8.00,-8.00,-5.00,-15.00,-35.00,-30.00,-13.00,-36.00,-73.00,-67.00,-34.00,-17.00,-20.00,-27.00,-30.00,-50.00,-80.00,-63.00,-20.00,-4.00,-4.00,-21.00,-49.00,-52.00,-29.00,-4.00,4.00,4.00,17.00,29.00,15.00,-8.00,-11.00,-52.00,-129.00,-99.00,-5.00,10.00,-7.00,-37.00,-80.00,-60.00,-22.00,-9.00,0.00,1.00,-6.00,-16.00,-18.00,-12.00,-3.00,3.00,-1.00,-8.00,-16.00,-28.00,-31.00,-26.00,-23.00,-16.00,-5.00,-6.00,-16.00,-23.00,-31.00,-35.00,-34.00,-35.00,-32.00,-19.00,-6.00,-3.00,-3.00,-5.00,-9.00,-2.00,11.00,15.00,15.00,13.00,3.00,-5.00,-5.00,-4.00,-5.00,-6.00,-5.00,-4.00,-39.00,-69.00,-30.00,-1.00,-4.00,-1.00,4.00,1.00,-14.00,-4.00,77.00,128.00,114.00,195.00,311.00,348.00,324.00,231.00,109.00,9.00,-109.00,-222.00,-259.00,-289.00,-343.00,-337.00,-218.00,-72.00,-15.00,-9.00,-5.00,-6.00,-2.00,-10.00,-25.00,-18.00,-9.00,-5.00,3.00,6.00,5.00,1.00,0.00,4.00,67.00,158.00,143.00,145.00,219.00,220.00,211.00,235.00,244.00,239.00,229.00,191.00,161.00,93.00,-99.00,-172.00,-100.00,-61.00,3.00,82.00,132.00,181.00,187.00,102.00,12.00,-16.00,-12.00,-43.00,-146.00,-247.00,-253.00,-187.00,-166.00,-194.00,-206.00,-199.00,-188.00,-176.00,-171.00,-186.00,-139.00,-23.00,36.00,29.00,5.00,12.00,30.00,26.00
-4.00,-4.00,-4.00,-3.00,-3.00,-5.00,-5.00,-3.00,-3.00,-5.00,-6.00,-6.00,-5.00,-4.00,-5.00,-6.00,-5.00,-4.00,-5.00,-5.00,-3.00,-3.00,-4.00,-2.00,4.00,16.00,25.00,18.00,13.00,19.00,20.00,15.00,10.00,10.00,13.00,-4.00,-35.00,-34.00,-13.00,-6.00,-5.00,-3.00,-7.00,-19.00,-21.00,-11.00,-3.00,6.00,11.00,9.00,15.00,34.00,42.00,26.00,14.00,26.00,36.00,17.00,1.00,-51.00,-112.00,-74.00,-23.00,-9.00,4.00,8.00,4.00,-3.00,-9.00,-9.00,-2.00,-9.00,-34.00,-49.00,-48.00,-42.00,-35.00,-31.00,-23.00,-7.00,2.00,-4.00,-14.00,-23.00,-27.00,-15.00,2.00,5.00,2.00,5.00,8.00,4.00,-1.00,-3.00,-5.00,-2.00,2.00,1.00,0.00,1.00,2.00,0.00,-3.00,-4.00,-4.00,-5.00,-6.00,-5.00,4.00,15.00,9.00,-2.00,3.00,12.00,-9.00,-34.00,50.00,231.00,331.00,304.00,251.00,175.00,74.00,-5.00,-112.00,-245.00,-304.00,-288.00,-271.00,-262.00,-192.00,-104.00,-77.00,-45.00,-13.00,-11.00,-11.00,-13.00,-12.00,-7.00,-4.00,-8.00,-13.00,-14.00,-13.00,-8.00,-11.00,32.00,146.00,160.00,120.00,186.00,241.00,280.00,340.00,352.00,316.00,270.00,246.00,224.00,106.00,-104.00,-223.00,-250.00,-269.00,-271.00,-272.00,-281.00,-228.00,-80.00,22.00,16.00,-7.00,-50.00,-136.00,-220.00,-272.00,-250.00,-215.00,-211.00,-192.00,-176.00,-172.00,-169.00,-173.00,-150.00,-61.00,31.00,59.00,44.00,27.00,23.00,16.00,-2.00,-13.00,-12.00,-8.00,-6.00,-9.00,-12.00
-2.00,-3.00,-5.00,-7.00,-7.00,-4.00,0.00,2.00,1.00,-1.00,-2.00,-2.00,-2.00,-2.00,-4.00,-5.00,-4.00,-4.00,-3.00,-3.00,-3.00,-2.00,-2.00,0.00,5.00,5.00,-18.00,-83.00,-163.00,-213.00,-238.00,-246.00,-257.00,-287.00,-277.00,-171.00,-43.00,3.00,-2.00,-4.00,-5.00,-8.00,-17.00,-28.00,-23.00,-16.00,-19.00,-5.00,8.00,-1.00,7.00,39.00,38.00,40.00,61.00,37.00,18.00,3.00,-20.00,-19.00,-17.00,-16.00,-23.00,-35.00,-35.00,-26.00,-23.00,-34.00,-44.00,-47.00,-50.00,-57.00,-59.00,-51.00,-36.00,-17.00,-8.00,-5.00,1.00,0.00,-7.00,-11.00,-17.00,-19.00,-6.00,9.00,16.00,20.00,21.00,18.00,17.00,17.00,13.00,7.00,1.00,-3.00,-5.00,-7.00,-10.00,-11.00,-8.00,-7.00,-8.00,-7.00,-4.00,-2.00,-4.00,-6.00,1.00,4.00,5.00,10.00,61.00,202.00,253.00,193.00,215.00,210.00,67.00,-78.00,-157.00,-217.00,-261.00,-277.00,-276.00,-244.00,-172.00,-83.00,-17.00,-4.00,-10.00,-9.00,-12.00,-13.00,-10.00,-3.00,7.00,14.00,12.00,2.00,-10.00,-28.00,32.00,169.00,169.00,111.00,173.00,225.00,230.00,243.00,255.00,272.00,213.00,130.00,136.00,40.00,-145.00,-219.00,-246.00,-270.00,-277.00,-279.00,-271.00,-269.00,-261.00,-194.00,-95.00,-65.00,-45.00,41.00,56.00,-54.00,-152.00,-159.00,-116.00,-88.00,-108.00,-149.00,-174.00,-151.00,-51.00,53.00,59.00,-4.00,-27.00,-1.00,16.00,6.00,-6.00,-8.00,-12.00,2.00,21.00,11.00,0.00,3.00,2.00,0.00,-2.00,-4.00
-4.00,-4.00,-4.00,-4.00,-4.00,-5.00,-5.00,-3.00,-2.00,-1.00,-1.00,-3.00,-3.00,-1.00,0.00,-1.00,-2.00,-1.00,0.00,-1.00,-2.00,-2.00,-3.00,-1.00,7.00,11.00,-1.00,-46.00,-140.00,-227.00,-247.00,-237.00,-232.00,-251.00,-292.00,-232.00,-73.00,3.00,-1.00,-2.00,-3.00,-5.00,-12.00,-27.00,-28.00,-22.00,-35.00,-36.00,-17.00,-7.00,1.00,26.00,28.00,38.00,67.00,35.00,9.00,-4.00,-28.00,-15.00,-1.00,1.00,0.00,-10.00,-24.00,-40.00,-45.00,-44.00,-49.00,-55.00,-63.00,-57.00,-30.00,-10.00,-1.00,6.00,6.00,10.00,16.00,7.00,-5.00,-7.00,-3.00,5.00,13.00,14.00,10.00,11.00,14.00,10.00,4.00,4.00,5.00,1.00,-2.00,-2.00,-1.00,-1.00,-4.00,-7.00,-9.00,-10.00,-8.00,-5.00,-4.00,-4.00,-4.00,-5.00,37.00,155.00,249.00,252.00,230.00,201.00,124.00,32.00,-73.00,-228.00,-340.00,-365.00,-331.00,-204.00,-74.00,-34.00,-16.00,-2.00,-4.00,-7.00,-9.00,-6.00,-4.00,16.00,49.00,44.00,15.00,4.00,14.00,26.00,20.00,9.00,67.00,199.00,269.00,265.00,259.00,251.00,250.00,200.00,86.00,27.00,-39.00,-171.00,-233.00,-247.00,-276.00,-286.00,-271.00,-258.00,-266.00,-270.00,-219.00,-110.00,-28.00,-3.00,-1.00,-5.00,-2.00,2.00,21.00,4.00,-71.00,-104.00,-100.00,-43.00,58.00,137.00,161.00,91.00,37.00,27.00,-2.00,-14.00,-5.00,2.00,1.00,-4.00,-6.00,-8.00,-14.00,-18.00,-17.00,2.00,23.00,8.00,-11.00,-9.00,-4.00,-1.00,2.00,4.00
-6.00,-6.00,-7.00,-7.00,-5.00,-6.00,-8.00,-7.00,-7.00,-7.00,-6.00,-7.00,-8.00,-8.00,-7.00,-5.00,-2.00,1.00,0.00,-3.00,-4.00,-4.00,-4.00,2.00,13.00,17.00,31.00,96.00,155.00,110.00,22.00,-14.00,7.00,46.00,21.00,-35.00,-26.00,-1.00,0.00,-1.00,-2.00,-3.00,-5.00,-25.00,-40.00,-32.00,-36.00,-36.00,-26.00,-15.00,3.00,21.00,22.00,0.00,-12.00,6.00,25.00,8.00,-17.00,-8.00,12.00,20.00,27.00,30.00,24.00,3.00,-21.00,-20.00,-10.00,-8.00,-10.00,-6.00,9.00,26.00,39.00,52.00,63.00,57.00,37.00,18.00,4.00,-1.00,6.00,14.00,13.00,4.00,-4.00,-7.00,-8.00,-8.00,-9.00,-9.00,-8.00,-7.00,-4.00,-2.00,-2.00,-1.00,0.00,-2.00,-5.00,-5.00,-3.00,-2.00,-4.00,-6.00,-5.00,-3.00,42.00,115.00,84.00,-5.00,-77.00,-182.00,-236.00,-230.00,-243.00,-221.00,-160.00,-96.00,-21.00,12.00,2.00,-4.00,-7.00,-6.00,-4.00,-3.00,0.00,5.00,8.00,22.00,68.00,104.00,72.00,82.00,192.00,247.00,242.00,255.00,264.00,276.00,218.00,33.00,-79.00,-45.00,-79.00,-197.00,-248.00,-252.00,-261.00,-264.00,-256.00,-246.00,-209.00,-119.00,-50.00,-27.00,-8.00,-3.00,-3.00,4.00,5.00,7.00,7.00,-1.00,-7.00,-8.00,72.00,114.00,-2.00,-37.00,34.00,62.00,32.00,-2.00,-7.00,-7.00,-4.00,-2.00,-5.00,-10.00,-13.00,-19.00,-27.00,-28.00,-23.00,-16.00,-11.00,-7.00,-2.00,9.00,16.00,0.00,-12.00,-8.00,-6.00,-3.00,3.00,6.00
-6.00,-6.00,-6.00,-4.00,-3.00,-5.00,-5.00,-4.00,-4.00,-4.00,-3.00,-1.00,-2.00,-5.00,-6.00,-7.00,-8.00,-7.00,-5.00,-4.00,-3.00,-2.00,-2.00,4.00,11.00,8.00,9.00,43.00,118.00,148.00,80.00,8.00,-13.00,15.00,45.00,23.00,6.00,12.00,6.00,0.00,0.00,1.00,13.00,7.00,-18.00,-31.00,-31.00,-17.00,-9.00,3.00,13.00,24.00,33.00,0.00,-20.00,9.00,26.00,-8.00,-40.00,3.00,47.00,18.00,-17.00,-28.00,-25.00,-10.00,-6.00,-10.00,-8.00,-5.00,-2.00,0.00,2.00,15.00,33.00,40.00,40.00,31.00,20.00,18.00,11.00,3.00,3.00,3.00,-1.00,-6.00,-9.00,-10.00,-10.00,-10.00,-9.00,-8.00,-7.00,-6.00,-6.00,-5.00,-3.00,-3.00,-4.00,-2.00,-1.00,-4.00,-7.00,-7.00,-5.00,-4.00,-4.00,-3.00,-55.00,-160.00,-232.00,-264.00,-261.00,-194.00,-99.00,-44.00,-17.00,-3.00,-4.00,-3.00,5.00,14.00,11.00,4.00,1.00,2.00,-3.00,52.00,149.00,134.00,126.00,233.00,310.00,304.00,270.00,260.00,254.00,238.00,174.00,73.00,-31.00,-185.00,-276.00,-290.00,-301.00,-281.00,-251.00,-226.00,-220.00,-181.00,-81.00,-20.00,-12.00,-2.00,10.00,8.00,2.00,1.00,-3.00,-5.00,0.00,2.00,-5.00,-7.00,-4.00,-5.00,-7.00,-13.00,28.00,54.00,-14.00,-38.00,-10.00,-4.00,-2.00,-3.00,-2.00,-1.00,-6.00,-10.00,-7.00,-8.00,-20.00,-30.00,-30.00,-27.00,-23.00,-15.00,-6.00,-1.00,-1.00,-3.00,-7.00,-8.00,-3.00,-1.00,-1.00,-7.00,-16.00,-18.00
-4.00,-3.00,-1.00,-1.00,-2.00,-1.00,-1.00,-2.00,-1.00,0.00,0.00,0.00,0.00,0.00,1.00,2.00,0.00,-3.00,-3.00,-1.00,0.00,0.00,0.00,3.00,11.00,14.00,9.00,14.00,54.00,121.00,145.00,89.00,18.00,-6.00,-7.00,-12.00,-1.00,13.00,7.00,0.00,0.00,3.00,12.00,7.00,-8.00,-22.00,-11.00,16.00,10.00,8.00,11.00,20.00,25.00,-54.00,-109.00,-34.00,27.00,-4.00,-37.00,-8.00,17.00,-9.00,-35.00,-43.00,-42.00,-30.00,-11.00,0.00,1.00,-3.00,-5.00,-4.00,-8.00,-10.00,-2.00,-4.00,-16.00,-13.00,-1.00,4.00,2.00,-1.00,-2.00,-2.00,-4.00,-6.00,-6.00,-7.00,-8.00,-7.00,-6.00,-6.00,-6.00,-6.00,-6.00,-6.00,-5.00,-5.00,-6.00,-5.00,-4.00,-3.00,-1.00,-1.00,-3.00,-4.00,-3.00,-2.00,-57.00,-116.00,-72.00,-23.00,-15.00,-4.00,-5.00,-12.00,-10.00,-4.00,-2.00,-4.00,-1.00,1.00,62.00,128.00,117.00,199.00,309.00,296.00,264.00,255.00,249.00,268.00,264.00,162.00,52.00,-58.00,-215.00,-279.00,-256.00,-248.00,-249.00,-250.00,-249.00,-223.00,-137.00,-98.00,-107.00,-31.00,23.00,17.00,21.00,22.00,28.00,34.00,26.00,10.00,5.00,9.00,4.00,0.00,0.00,-4.00,-8.00,-13.00,-13.00,-7.00,-5.00,8.00,-49.00,-140.00,-89.00,-9.00,2.00,0.00,-3.00,-1.00,1.00,6.00,14.00,20.00,16.00,1.00,-11.00,-11.00,-3.00,2.00,1.00,-1.00,-3.00,-4.00,-3.00,3.00,11.00,14.00,12.00,10.00,11.00,-20.00,-55.00,-58.00
0.00,-1.00,-2.00,-2.00,1.00,4.00,2.00,-1.00,-1.00,1.00,1.00,0.00,1.00,1.00,0.00,2.00,4.00,3.00,1.00,0.00,-1.00,-2.00,0.00,1.00,3.00,10.00,15.00,16.00,26.00,76.00,150.00,160.00,85.00,6.00,-24.00,-16.00,1.00,7.00,3.00,0.00,0.00,1.00,8.00,-3.00,-18.00,-14.00,-7.00,2.00,-6.00,-13.00,-3.00,17.00,26.00,-30.00,-74.00,-22.00,19.00,4.00,-7.00,-8.00,-10.00,-10.00,-7.00,-4.00,-2.00,-3.00,-3.00,0.00,4.00,6.00,9.00,18.00,27.00,26.00,14.00,5.00,5.00,2.00,-8.00,-15.00,-13.00,-9.00,-7.00,-6.00,-5.00,-3.00,-3.00,-5.00,-6.00,-5.00,-4.00,-5.00,-7.00,-7.00,-6.00,-7.00,-8.00,-7.00,-6.00,-7.00,-7.00,-4.00,-2.00,-2.00,-2.00,-2.00,-1.00,0.00,-2.00,-8.00,-18.00,-24.00,-18.00,-15.00,-18.00,-16.00,-17.00,13.00,130.00,271.00,306.00,271.00,273.00,286.00,282.00,297.00,319.00,172.00,-74.00,-118.00,-121.00,-225.00,-273.00,-269.00,-268.00,-275.00,-279.00,-265.00,-182.00,-69.00,-24.00,3.00,33.00,35.00,22.00,18.00,15.00,9.00,11.00,14.00,19.00,24.00,21.00,13.00,9.00,5.00,0.00,4.00,15.00,17.00,6.00,-8.00,-13.00,-15.00,-17.00,-13.00,-7.00,81.00,108.00,-43.00,-82.00,-12.00,8.00,4.00,-5.00,-4.00,-4.00,0.00,15.00,22.00,12.00,1.00,-2.00,-4.00,-2.00,4.00,7.00,11.00,14.00,14.00,12.00,12.00,15.00,14.00,14.00,14.00,10.00,-21.00,-50.00,-50.00
0.00,0.00,0.00,0.00,0.00,1.00,1.00,-1.00,-2.00,-2.00,-1.00,1.00,2.00,1.00,0.00,0.00,0.00,0.00,0.00,0.00,1.00,3.00,5.00,3.00,-3.00,-3.00,6.00,12.00,8.00,19.00,72.00,144.00,165.00,104.00,27.00,-2.00,4.00,8.00,2.00,-3.00,-5.00,-11.00,-15.00,-19.00,-18.00,-14.00,-23.00,-35.00,-37.00,-28.00,-12.00,16.00,30.00,37.00,47.00,30.00,0.00,-2.00,17.00,4.00,-7.00,11.00,20.00,27.00,36.00,35.00,28.00,28.00,40.00,50.00,47.00,38.00,33.00,25.00,8.00,2.00,6.00,-4.00,-15.00,-14.00,-11.00,-8.00,-6.00,-7.00,-8.00,-7.00,-5.00,-3.00,-1.00,-1.00,-3.00,-3.00,-2.00,-3.00,-4.00,-4.00,-5.00,-6.00,-5.00,-3.00,-2.00,-3.00,-5.00,-6.00,-4.00,-2.00,-3.00,-4.00,-3.00,-1.00,-1.00,-2.00,5.00,7.00,63.00,200.00,277.00,302.00,353.00,378.00,333.00,220.00,47.00,-66.00,-78.00,-151.00,-239.00,-261.00,-263.00,-261.00,-265.00,-272.00,-254.00,-191.00,-111.00,-43.00,-3.00,6.00,1.00,-7.00,-7.00,-2.00,-1.00,4.00,6.00,4.00,3.00,3.00,3.00,5.00,11.00,10.00,-3.00,-14.00,-16.00,-14.00,-13.00,-17.00,-16.00,61.00,181.00,170.00,69.00,31.00,110.00,243.00,302.00,276.00,238.00,238.00,189.00,60.00,-14.00,-14.00,-6.00,-5.00,-5.00,-4.00,-6.00,-6.00,-3.00,5.00,17.00,18.00,12.00,11.00,13.00,13.00,11.00,10.00,11.00,25.00,34.00,14.00,-2.00,-5.00,-10.00,-20.00,-24.00,-20.00
0.00,1.00,1.00,-1.00,-2.00,-2.00,-3.00,-2.00,-1.00,-4.00,-5.00,-4.00,-4.00,-3.00,-3.00,-4.00,-2.00,1.00,3.00,5.00,7.00,7.00,11.00,16.00,10.00,3.00,3.00,7.00,9.00,12.00,27.00,76.00,156.00,177.00,122.00,64.00,24.00,9.00,5.00,-1.00,0.00,-1.00,-19.00,-41.00,-35.00,-33.00,-50.00,-56.00,-54.00,-40.00,-8.00,22.00,10.00,43.00,90.00,31.00,-14.00,-3.00,8.00,-6.00,-13.00,20.00,39.00,35.00,29.00,25.00,28.00,38.00,43.00,39.00,32.00,22.00,11.00,-2.00,-11.00,-10.00,-5.00,-6.00,-15.00,-15.00,-7.00,-3.00,-3.00,-4.00,-5.00,-6.00,-5.00,-4.00,-4.00,-4.00,-4.00,-3.00,-2.00,-2.00,-2.00,-4.00,-7.00,-6.00,-3.00,-3.00,-3.00,-1.00,0.00,-2.00,-5.00,-5.00,-4.00,-4.00,-2.00,65.00,215.00,302.00,279.00,249.00,244.00,255.00,219.00,114.00,-13.00,-157.00,-236.00,-250.00,-261.00,-263.00,-274.00,-262.00,-240.00,-188.00,-74.00,-15.00,-13.00,-9.00,-8.00,-8.00,-10.00,-6.00,-2.00,-5.00,-10.00,-12.00,-18.00,-28.00,-32.00,-34.00,-32.00,-22.00,-16.00,-14.00,-8.00,-2.00,-11.00,-31.00,-31.00,15.00,64.00,51.00,88.00,217.00,283.00,280.00,284.00,296.00,302.00,304.00,301.00,287.00,273.00,116.00,-38.00,108.00,203.00,76.00,-10.00,-12.00,-3.00,-6.00,-6.00,-3.00,-3.00,-2.00,2.00,7.00,20.00,28.00,18.00,9.00,4.00,-1.00,0.00,3.00,5.00,50.00,90.00,24.00,-48.00,-52.00,-43.00,-4.00,31.00,30.00
2.00,1.00,1.00,2.00,1.00,0.00,2.00,6.00,8.00,8.00,7.00,3.00,0.00,2.00,3.00,0.00,-2.00,0.00,4.00,8.00,12.00,12.00,18.00,28.00,21.00,6.00,-2.00,3.00,16.00,23.00,23.00,30.00,70.00,146.00,214.00,182.00,71.00,20.00,24.00,26.00,29.00,26.00,7.00,-21.00,-21.00,-19.00,-36.00,-34.00,-39.00,-53.00,-32.00,5.00,8.00,40.00,72.00,18.00,-12.00,-4.00,-7.00,-19.00,-33.00,-14.00,12.00,13.00,1.00,-6.00,4.00,12.00,0.00,-11.00,-9.00,-6.00,-7.00,-9.00,-11.00,-24.00,-43.00,-42.00,-31.00,-22.00,-9.00,-2.00,-3.00,-4.00,-3.00,-2.00,-4.00,-6.00,-5.00,-3.00,0.00,0.00,-3.00,-4.00,-5.00,-5.00,-4.00,-3.00,-2.00,-3.00,-4.00,-4.00,-3.00,-2.00,-3.00,-3.00,-2.00,-2.00,58.00,181.00,216.00,145.00,55.00,-12.00,-79.00,-197.00,-266.00,-260.00,-265.00,-278.00,-267.00,-197.00,-78.00,8.00,21.00,19.00,24.00,7.00,-3.00,4.00,2.00,-2.00,-1.00,0.00,-2.00,-3.00,-5.00,-12.00,-15.00,-13.00,-15.00,-15.00,-7.00,7.00,35.00,103.00,155.00,134.00,105.00,122.00,194.00,245.00,238.00,231.00,243.00,265.00,282.00,292.00,298.00,226.00,96.00,98.00,200.00,176.00,-34.00,-237.00,-288.00,-263.00,-230.00,-235.00,-216.00,-92.00,-2.00,3.00,1.00,4.00,3.00,-1.00,5.00,11.00,8.00,2.00,-5.00,-16.00,-31.00,-32.00,-24.00,-28.00,-38.00,-35.00,-25.00,-37.00,-55.00,-51.00,-36.00,13.00,115.00,237.00,290.00,282.00
-4.00,1.00,10.00,12.00,9.00,9.00,9.00,6.00,5.00,7.00,9.00,10.00,8.00,7.00,12.00,15.00,12.00,8.00,3.00,0.00,2.00,7.00,14.00,16.00,13.00,-8.00,-36.00,-23.00,6.00,16.00,19.00,22.00,29.00,71.00,159.00,169.00,71.00,13.00,12.00,16.00,19.00,9.00,-1.00,6.00,19.00,16.00,20.00,18.00,-18.00,-44.00,-43.00,-25.00,-20.00,-20.00,-9.00,-5.00,-13.00,-26.00,-22.00,-21.00,-28.00,-19.00,-9.00,-9.00,-9.00,-6.00,-5.00,-9.00,-18.00,-31.00,-41.00,-42.00,-39.00,-38.00,-40.00,-46.00,-52.00,-44.00,-25.00,-15.00,-11.00,-7.00,-6.00,-6.00,-5.00,-5.00,-5.00,-2.00,-1.00,-3.00,-4.00,-4.00,-3.00,-2.00,-3.00,-3.00,-1.00,-1.00,-2.00,-2.00,-3.00,-4.00,-3.00,-1.00,0.00,-1.00,-3.00,-4.00,-1.00,-62.00,-206.00,-289.00,-276.00,-252.00,-238.00,-241.00,-195.00,-63.00,15.00,5.00,-8.00,-7.00,8.00,40.00,51.00,19.00,-4.00,1.00,7.00,5.00,1.00,2.00,3.00,3.00,5.00,1.00,23.00,118.00,217.00,181.00,60.00,75.00,196.00,266.00,280.00,256.00,238.00,228.00,216.00,219.00,243.00,264.00,242.00,184.00,154.00,145.00,-2.00,-193.00,-233.00,-232.00,-263.00,-271.00,-273.00,-287.00,-291.00,-279.00,-266.00,-185.00,-97.00,-165.00,-199.00,-90.00,-20.00,-49.00,-116.00,-106.00,-40.00,-36.00,-57.00,-54.00,-44.00,-34.00,-42.00,-54.00,-47.00,-2.00,97.00,181.00,214.00,220.00,213.00,179.00,149.00,200.00,257.00,261.00,254.00,243.00,241.00,246.00
8.00,11.00,12.00,8.00,5.00,3.00,2.00,0.00,-2.00,-1.00,1.00,3.00,6.00,11.00,14.00,13.00,12.00,10.00,4.00,-2.00,-5.00,-4.00,-10.00,-19.00,-5.00,-36.00,-112.00,-100.00,-31.00,5.00,16.00,18.00,17.00,19.00,43.00,57.00,25.00,-2.00,-2.00,0.00,-3.00,-9.00,0.00,32.00,51.00,50.00,78.00,85.00,51.00,25.00,-10.00,-30.00,-35.00,-82.00,-111.00,-39.00,-12.00,-46.00,-20.00,1.00,-4.00,-8.00,-16.00,-21.00,-16.00,-8.00,-13.00,-29.00,-42.00,-44.00,-41.00,-39.00,-38.00,-39.00,-42.00,-37.00,-19.00,-6.00,-4.00,-5.00,-8.00,-10.00,-8.00,-5.00,-4.00,-4.00,-3.00,-2.00,-3.00,-4.00,-5.00,-5.00,-4.00,-3.00,-1.00,-2.00,-3.00,-2.00,-2.00,-2.00,-2.00,-2.00,-3.00,-4.00,-4.00,-3.00,-1.00,-1.00,-58.00,-176.00,-213.00,-147.00,-65.00,3.00,25.00,21.00,17.00,16.00,21.00,12.00,-1.00,-4.00,-17.00,-30.00,-17.00,-13.00,-21.00,-11.00,-5.00,-8.00,61.00,128.00,69.00,54.00,160.00,254.00,286.00,277.00,253.00,240.00,237.00,230.00,227.00,244.00,229.00,118.00,40.00,3.00,-77.00,-73.00,-24.00,-88.00,-211.00,-257.00,-249.00,-257.00,-273.00,-285.00,-290.00,-276.00,-250.00,-250.00,-260.00,-199.00,-72.00,-2.00,-6.00,-3.00,10.00,1.00,-6.00,-2.00,19.00,12.00,-65.00,-88.00,19.00,146.00,186.00,187.00,201.00,213.00,216.00,223.00,238.00,231.00,215.00,224.00,243.00,241.00,225.00,226.00,240.00,250.00,249.00,207.00,107.00,4.00,-35.00,-34.00
0.00,-4.00,-10.00,-10.00,-7.00,-5.00,-3.00,-2.00,0.00,3.00,3.00,4.00,11.00,14.00,7.00,2.00,2.00,0.00,-3.00,-5.00,-9.00,-14.00,-30.00,-38.00,-11.00,-45.00,-153.00,-173.00,-95.00,-31.00,-8.00,-1.00,5.00,8.00,9.00,7.00,2.00,10.00,24.00,23.00,13.00,-1.00,0.00,26.00,43.00,57.00,85.00,83.00,70.00,51.00,2.00,-16.00,-1.00,-32.00,-71.00,-25.00,-6.00,-17.00,23.00,33.00,13.00,0.00,-6.00,-1.00,7.00,8.00,-3.00,-24.00,-31.00,-17.00,-5.00,-4.00,-8.00,-8.00,-6.00,-5.00,-3.00,0.00,4.00,4.00,0.00,-3.00,-2.00,1.00,-1.00,-5.00,-6.00,-7.00,-7.00,-4.00,-1.00,-1.00,-3.00,-3.00,-1.00,0.00,0.00,-1.00,-4.00,-6.00,-5.00,-5.00,-7.00,-7.00,-5.00,-3.00,-2.00,-3.00,-4.00,-3.00,-5.00,-6.00,2.00,7.00,8.00,12.00,3.00,-33.00,-51.00,-23.00,4.00,6.00,-16.00,9.00,78.00,48.00,50.00,193.00,274.00,273.00,281.00,286.00,283.00,280.00,278.00,283.00,261.00,151.00,-4.00,-73.00,-23.00,-31.00,-157.00,-271.00,-338.00,-365.00,-333.00,-260.00,-214.00,-210.00,-220.00,-228.00,-229.00,-232.00,-245.00,-207.00,-87.00,-29.00,-65.00,-50.00,5.00,6.00,-4.00,6.00,11.00,10.00,12.00,23.00,21.00,16.00,67.00,161.00,186.00,163.00,206.00,213.00,177.00,217.00,253.00,251.00,249.00,245.00,241.00,237.00,237.00,195.00,89.00,7.00,-19.00,-27.00,-28.00,-43.00,-55.00,-48.00,-34.00,-22.00,-37.00,-79.00,-159.00,-214.00
-8.00,-9.00,-9.00,-7.00,-7.00,-7.00,-5.00,-4.00,-5.00,-9.00,-12.00,-7.00,-1.00,-4.00,-7.00,-3.00,-1.00,-4.00,-5.00,-4.00,-7.00,-10.00,-14.00,-15.00,-2.00,-16.00,-92.00,-174.00,-182.00,-115.00,-46.00,-14.00,0.00,9.00,10.00,6.00,5.00,8.00,8.00,1.00,-4.00,2.00,4.00,1.00,7.00,11.00,15.00,17.00,23.00,15.00,-14.00,-14.00,2.00,20.00,24.00,1.00,-16.00,0.00,32.00,42.00,39.00,31.00,25.00,21.00,13.00,11.00,13.00,17.00,23.00,22.00,12.00,7.00,12.00,14.00,13.00,15.00,11.00,4.00,2.00,1.00,1.00,2.00,0.00,-4.00,-6.00,-6.00,-7.00,-8.00,-8.00,-7.00,-6.00,-7.00,-6.00,-4.00,-5.00,-5.00,-4.00,-4.00,-5.00,-6.00,-6.00,-6.00,-5.00,-4.00,-4.00,-5.00,-7.00,-7.00,-1.00,2.00,-5.00,-7.00,-4.00,-10.00,-20.00,-23.00,-8.00,-1.00,51.00,189.00,259.00,251.00,254.00,243.00,235.00,232.00,227.00,252.00,277.00,281.00,154.00,-45.00,-53.00,-18.00,-120.00,-228.00,-256.00,-243.00,-228.00,-220.00,-222.00,-217.00,-211.00,-261.00,-328.00,-330.00,-293.00,-179.00,-34.00,-49.00,-170.00,-159.00,-36.00,16.00,15.00,22.00,23.00,25.00,29.00,29.00,31.00,35.00,36.00,38.00,35.00,25.00,21.00,16.00,-3.00,42.00,152.00,202.00,151.00,93.00,142.00,183.00,116.00,43.00,14.00,-4.00,-20.00,-31.00,-29.00,-8.00,-2.00,-21.00,-96.00,-197.00,-229.00,-231.00,-256.00,-264.00,-188.00,-82.00,-40.00,-31.00,-41.00,-85.00,-121.00,-128.00
0.00,-1.00,-4.00,-7.00,-9.00,-10.00,-8.00,-5.00,-6.00,-8.00,-10.00,-14.00,-17.00,-17.00,-14.00,-13.00,-14.00,-10.00,-2.00,5.00,7.00,5.00,10.00,14.00,7.00,5.00,7.00,-54.00,-154.00,-178.00,-137.00,-78.00,-28.00,-3.00,8.00,10.00,10.00,2.00,-15.00,-25.00,-22.00,-5.00,-6.00,-33.00,-38.00,-31.00,-17.00,4.00,20.00,28.00,9.00,-13.00,-18.00,40.00,88.00,28.00,-26.00,-10.00,23.00,22.00,14.00,18.00,14.00,10.00,7.00,8.00,14.00,23.00,27.00,22.00,16.00,13.00,13.00,14.00,13.00,10.00,6.00,2.00,-1.00,-1.00,0.00,-1.00,-4.00,-6.00,-4.00,-2.00,-3.00,-4.00,-4.00,-5.00,-7.00,-7.00,-5.00,-6.00,-9.00,-9.00,-7.00,-5.00,-3.00,-2.00,-3.00,-3.00,-1.00,-1.00,-4.00,-6.00,-5.00,-4.00,67.00,144.00,126.00,159.00,224.00,226.00,206.00,197.00,222.00,236.00,231.00,247.00,251.00,168.00,46.00,-50.00,-45.00,61.00,-4.00,-198.00,-273.00,-270.00,-258.00,-259.00,-273.00,-267.00,-251.00,-249.00,-249.00,-239.00,-190.00,-88.00,-23.00,-26.00,-9.00,47.00,75.00,53.00,26.00,11.00,-2.00,-12.00,-15.00,-5.00,10.00,11.00,11.00,22.00,26.00,25.00,25.00,12.00,1.00,15.00,28.00,25.00,24.00,24.00,15.00,4.00,7.00,38.00,39.00,-3.00,0.00,-20.00,-134.00,-226.00,-258.00,-284.00,-253.00,-134.00,-29.00,0.00,-28.00,-87.00,-133.00,-144.00,-127.00,-108.00,-100.00,-87.00,-71.00,-61.00,-63.00,-62.00,-62.00,-72.00,-58.00,-41.00,11.00,64.00
-14.00,-14.00,-14.00,-11.00,-4.00,-1.00,-4.00,-5.00,-3.00,0.00,1.00,-3.00,-8.00,-10.00,-11.00,-12.00,-10.00,-6.00,-2.00,1.00,3.00,2.00,14.00,31.00,18.00,7.00,51.00,57.00,-31.00,-128.00,-179.00,-139.00,-70.00,-33.00,-9.00,1.00,5.00,1.00,-12.00,-18.00,-12.00,-7.00,-14.00,-29.00,-35.00,-35.00,-17.00,2.00,4.00,11.00,3.00,-16.00,-29.00,21.00,78.00,29.00,-23.00,-7.00,25.00,16.00,-7.00,-8.00,-11.00,-8.00,4.00,6.00,-3.00,-6.00,-3.00,-1.00,4.00,7.00,1.00,-2.00,-1.00,-5.00,-5.00,0.00,2.00,1.00,-1.00,-1.00,-1.00,-2.00,-2.00,-2.00,0.00,2.00,1.00,-2.00,-5.00,-5.00,-5.00,-6.00,-5.00,-5.00,-6.00,-6.00,-6.00,-5.00,-4.00,-4.00,-4.00,-4.00,-4.00,-5.00,-5.00,-3.00,52.00,166.00,240.00,256.00,243.00,134.00,-61.00,-170.00,-185.00,-180.00,-223.00,-320.00,-269.00,-124.00,-132.00,-246.00,-285.00,-221.00,-174.00,-220.00,-267.00,-266.00,-191.00,-57.00,-11.00,-31.00,-18.00,3.00,2.00,-4.00,-4.00,-4.00,-2.00,-5.00,-8.00,14.00,32.00,21.00,14.00,10.00,1.00,-5.00,-10.00,-8.00,2.00,0.00,-9.00,-4.00,0.00,-5.00,-9.00,-5.00,-4.00,-10.00,-11.00,-11.00,-2.00,9.00,4.00,29.00,125.00,141.00,-15.00,-104.00,-61.00,-55.00,-83.00,-102.00,-113.00,-114.00,-114.00,-110.00,-100.00,-87.00,-88.00,-105.00,-107.00,-82.00,-7.00,87.00,121.00,129.00,160.00,182.00,116.00,-2.00,-58.00,-71.00,-57.00,-25.00,0.00,14.00
-12.00,-14.00,-37.00,-51.00,-21.00,1.00,-1.00,-3.00,-4.00,-4.00,-2.00,-1.00,-5.00,-8.00,-7.00,-4.00,-2.00,-3.00,-5.00,-9.00,-10.00,-5.00,15.00,32.00,12.00,-10.00,24.00,58.00,41.00,-15.00,-77.00,-118.00,-142.00,-105.00,-59.00,-29.00,-6.00,-13.00,-16.00,-10.00,-6.00,-30.00,-55.00,-29.00,-18.00,-43.00,-24.00,7.00,6.00,0.00,-9.00,-15.00,-16.00,-13.00,-6.00,-8.00,-9.00,7.00,18.00,8.00,-1.00,-3.00,-4.00,-8.00,-13.00,-16.00,-19.00,-18.00,-15.00,-11.00,-6.00,-4.00,-4.00,-4.00,-4.00,-3.00,-2.00,-2.00,-2.00,-3.00,-4.00,-2.00,1.00,0.00,-2.00,-1.00,0.00,0.00,0.00,-1.00,-3.00,-4.00,-5.00,-6.00,-5.00,-4.00,-5.00,-6.00,-5.00,-4.00,-4.00,-4.00,-5.00,-6.00,-4.00,-2.00,-2.00,-2.00,-13.00,-47.00,-70.00,-54.00,-78.00,-251.00,-466.00,-539.00,-550.00,-582.00,-592.00,-602.00,-620.00,-547.00,-327.00,-111.00,-83.00,-93.00,8.00,37.00,3.00,6.00,4.00,-3.00,-7.00,-10.00,-11.00,-9.00,-10.00,-12.00,-13.00,-12.00,-8.00,-13.00,-22.00,-22.00,-18.00,-15.00,-13.00,-11.00,-11.00,-9.00,-7.00,-12.00,-11.00,-10.00,-16.00,-8.00,3.00,1.00,0.00,13.00,19.00,-17.00,-31.00,49.00,133.00,137.00,86.00,97.00,189.00,160.00,-10.00,-93.00,-58.00,-22.00,48.00,126.00,167.00,199.00,153.00,17.00,-88.00,-114.00,-81.00,-10.00,36.00,45.00,18.00,-16.00,-12.00,-7.00,-11.00,10.00,30.00,12.00,-3.00,3.00,7.00,6.00,8.00,12.00
-4.00,-11.00,-26.00,-50.00,-55.00,-22.00,1.00,0.00,-2.00,-1.00,0.00,-2.00,-5.00,-5.00,-4.00,-3.00,-3.00,-5.00,-5.00,-5.00,-7.00,-7.00,0.00,6.00,-3.00,-14.00,13.00,52.00,66.00,58.00,34.00,-42.00,-121.00,-139.00,-146.00,-77.00,-8.00,-18.00,-19.00,-11.00,-8.00,-42.00,-67.00,-10.00,9.00,-23.00,-5.00,15.00,21.00,25.00,12.00,-13.00,-8.00,-2.00,-21.00,-2.00,26.00,30.00,14.00,-7.00,-15.00,-16.00,-13.00,-15.00,-24.00,-28.00,-23.00,-20.00,-16.00,-8.00,-3.00,-3.00,-4.00,-6.00,-8.00,-4.00,0.00,-2.00,-4.00,-3.00,-2.00,-3.00,-3.00,-2.00,-2.00,-2.00,-4.00,-5.00,-3.00,-3.00,-3.00,-2.00,-3.00,-5.00,-6.00,-4.00,-3.00,-6.00,-7.00,-5.00,-4.00,-4.00,-4.00,-3.00,-1.00,0.00,-1.00,-4.00,-3.00,4.00,-109.00,-247.00,-174.00,11.00,200.00,302.00,304.00,295.00,290.00,265.00,145.00,-5.00,-44.00,-1.00,21.00,22.00,30.00,23.00,11.00,9.00,5.00,4.00,8.00,5.00,-3.00,-7.00,-8.00,-8.00,-7.00,-6.00,-6.00,-8.00,-11.00,8.00,30.00,13.00,-9.00,-15.00,-26.00,13.00,124.00,126.00,-7.00,-47.00,38.00,112.00,117.00,71.00,77.00,167.00,229.00,246.00,249.00,245.00,244.00,247.00,258.00,226.00,47.00,-148.00,-134.00,-30.00,20.00,27.00,15.00,11.00,14.00,17.00,15.00,8.00,4.00,5.00,8.00,12.00,13.00,10.00,-19.00,-46.00,-19.00,11.00,18.00,25.00,23.00,14.00,14.00,18.00,17.00,20.00,24.00,24.00
20.00,26.00,44.00,30.00,-12.00,-14.00,0.00,0.00,-1.00,-2.00,0.00,3.00,2.00,-1.00,-2.00,-2.00,-2.00,-2.00,-1.00,0.00,0.00,-2.00,-21.00,-37.00,-28.00,-18.00,7.00,40.00,55.00,59.00,54.00,26.00,-7.00,-73.00,-135.00,-68.00,2.00,-2.00,-4.00,-5.00,-8.00,-14.00,-7.00,23.00,17.00,-11.00,-14.00,-13.00,11.00,32.00,20.00,-5.00,-3.00,-25.00,-74.00,-37.00,37.00,59.00,23.00,-17.00,-31.00,-33.00,-29.00,-24.00,-20.00,-20.00,-18.00,-15.00,-13.00,-9.00,-6.00,-6.00,-6.00,-6.00,-4.00,-2.00,-2.00,-2.00,-2.00,-1.00,0.00,-1.00,-3.00,-4.00,-4.00,-3.00,-1.00,-1.00,-3.00,-4.00,-5.00,-7.00,-6.00,-2.00,0.00,0.00,-1.00,-3.00,-5.00,-6.00,-5.00,-4.00,-4.00,-4.00,-5.00,-6.00,-7.00,-8.00,-2.00,52.00,114.00,62.00,7.00,157.00,385.00,457.00,448.00,478.00,499.00,499.00,502.00,496.00,362.00,117.00,-2.00,-4.00,-6.00,-3.00,0.00,0.00,0.00,0.00,-4.00,-6.00,-7.00,-19.00,-25.00,42.00,166.00,210.00,143.00,40.00,-29.00,-25.00,93.00,273.00,326.00,262.00,235.00,247.00,252.00,247.00,244.00,253.00,253.00,243.00,245.00,252.00,257.00,247.00,237.00,267.00,273.00,187.00,88.00,74.00,136.00,109.00,-72.00,-160.00,-73.00,1.00,7.00,6.00,10.00,3.00,-11.00,-12.00,1.00,5.00,8.00,19.00,21.00,21.00,23.00,18.00,-17.00,-47.00,-14.00,20.00,21.00,17.00,19.00,25.00,22.00,15.00,13.00,20.00,23.00,20.00
30.00,31.00,36.00,47.00,32.00,-6.00,-15.00,-6.00,-3.00,-3.00,-4.00,-3.00,-2.00,-3.00,-3.00,-2.00,-2.00,-2.00,-3.00,-3.00,-1.00,-1.00,-24.00,-47.00,-36.00,-28.00,-12.00,15.00,23.00,23.00,21.00,28.00,30.00,10.00,-5.00,-1.00,3.00,5.00,6.00,4.00,4.00,16.00,31.00,21.00,-19.00,-46.00,-58.00,-65.00,-23.00,24.00,27.00,5.00,3.00,5.00,-11.00,-9.00,25.00,51.00,17.00,-17.00,-18.00,-18.00,-18.00,-16.00,-12.00,-9.00,-9.00,-10.00,-9.00,-7.00,-3.00,2.00,3.00,2.00,2.00,0.00,-2.00,-1.00,0.00,0.00,-1.00,-2.00,-1.00,0.00,-1.00,-3.00,-3.00,-2.00,-3.00,-3.00,-3.00,-5.00,-5.00,-2.00,0.00,-2.00,-4.00,-2.00,0.00,-2.00,-3.00,-2.00,-3.00,-4.00,-5.00,-6.00,-6.00,-5.00,-5.00,-38.00,32.00,159.00,84.00,-12.00,-8.00,-7.00,-6.00,-6.00,-7.00,-8.00,-7.00,-5.00,-6.00,-13.00,46.00,83.00,54.00,87.00,64.00,-1.00,36.00,152.00,245.00,259.00,248.00,237.00,223.00,225.00,235.00,226.00,215.00,227.00,234.00,227.00,261.00,322.00,318.00,259.00,244.00,215.00,114.00,114.00,237.00,264.00,170.00,108.00,94.00,76.00,28.00,-104.00,-244.00,-291.00,-278.00,-257.00,-258.00,-261.00,-258.00,-268.00,-193.00,-39.00,11.00,-17.00,-18.00,-8.00,-4.00,-6.00,-24.00,-40.00,-25.00,-10.00,-8.00,-3.00,-1.00,1.00,9.00,12.00,-41.00,-93.00,-40.00,17.00,15.00,6.00,4.00,9.00,8.00,4.00,5.00,2.00,-3.00,-4.00
-174.00,-111.00,-54.00,-37.00,-3.00,1.00,-3.00,-1.00,-2.00,-2.00,-3.00,-4.00,-2.00,0.00,-1.00,-2.00,-1.00,0.00,-1.00,0.00,-2.00,-6.00,-10.00,-17.00,-15.00,-11.00,-3.00,4.00,3.00,4.00,-1.00,3.00,11.00,15.00,20.00,11.00,0.00,-2.00,-1.00,1.00,4.00,40.00,73.00,41.00,-7.00,-27.00,-52.00,-73.00,-32.00,5.00,-6.00,-16.00,-1.00,52.00,77.00,32.00,11.00,17.00,-2.00,-7.00,-3.00,-6.00,-5.00,-4.00,-4.00,-3.00,29.00,46.00,-34.00,-120.00,-136.00,-131.00,-130.00,-131.00,-132.00,-129.00,-125.00,-125.00,-127.00,-128.00,-126.00,-123.00,-148.00,-168.00,-149.00,-164.00,-118.00,-42.00,-60.00,-59.00,-80.00,-92.00,-32.00,-4.00,-7.00,-8.00,-7.00,-5.00,-4.00,-4.00,-4.00,-5.00,-5.00,-4.00,-4.00,-4.00,-3.00,-1.00,-8.00,-18.00,-14.00,-5.00,-3.00,-5.00,-6.00,-7.00,-8.00,-7.00,-6.00,-7.00,-7.00,-6.00,61.00,184.00,233.00,191.00,163.00,218.00,266.00,261.00,242.00,233.00,256.00,265.00,256.00,260.00,254.00,183.00,67.00,28.00,36.00,20.00,15.00,6.00,-66.00,-192.00,-257.00,-248.00,-244.00,-253.00,-256.00,-249.00,-248.00,-257.00,-253.00,-241.00,-242.00,-244.00,-243.00,-247.00,-254.00,-265.00,-271.00,-255.00,-228.00,-224.00,-238.00,-227.00,-152.00,-53.00,-18.00,-22.00,-12.00,-4.00,-6.00,-3.00,-28.00,-62.00,-37.00,-4.00,-2.00,-7.00,-10.00,-15.00,-19.00,-13.00,-23.00,-37.00,-15.00,6.00,5.00,4.00,1.00,-1.00,1.00,5.00,5.00,-13.00,-25.00,-22.00
-228.00,-142.00,-68.00,-84.00,-52.00,-11.00,-3.00,-1.00,-2.00,-1.00,0.00,0.00,0.00,0.00,0.00,-1.00,-2.00,-1.00,0.00,-33.00,-94.00,-113.00,-70.00,-12.00,4.00,-4.00,0.00,-4.00,-13.00,-9.00,-2.00,0.00,-1.00,-3.00,-6.00,-3.00,0.00,-5.00,-7.00,-7.00,-9.00,20.00,48.00,25.00,-2.00,-9.00,-26.00,-55.00,-40.00,-22.00,-48.00,-49.00,-10.00,50.00,60.00,2.00,-13.00,-13.00,-30.00,-13.00,1.00,-2.00,-1.00,-2.00,-6.00,-9.00,-5.00,5.00,-24.00,-93.00,-129.00,-129.00,-126.00,-123.00,-120.00,-117.00,-115.00,-117.00,-120.00,-116.00,-111.00,-109.00,-60.00,-41.00,-80.00,-73.00,-37.00,-18.00,-82.00,-133.00,-112.00,-78.00,-27.00,-4.00,-6.00,-5.00,-3.00,-3.00,-6.00,-8.00,-8.00,-7.00,-6.00,-7.00,-7.00,-5.00,-3.00,-3.00,-5.00,-2.00,2.00,-2.00,-7.00,-7.00,-5.00,-4.00,-5.00,-6.00,-5.00,-4.00,-4.00,-5.00,57.00,129.00,13.00,-141.00,-174.00,-155.00,-54.00,26.00,-37.00,-177.00,-264.00,-264.00,-245.00,-232.00,-221.00,-226.00,-240.00,-233.00,-217.00,-225.00,-237.00,-199.00,-167.00,-205.00,-236.00,-232.00,-237.00,-249.00,-255.00,-252.00,-246.00,-236.00,-227.00,-235.00,-213.00,-136.00,-86.00,-63.00,-11.00,24.00,17.00,6.00,7.00,-2.00,-15.00,-4.00,9.00,13.00,29.00,36.00,14.00,0.00,4.00,9.00,-25.00,-65.00,-29.00,13.00,15.00,15.00,17.00,10.00,0.00,5.00,61.00,110.00,58.00,-2.00,-7.00,1.00,5.00,3.00,5.00,-20.00,-81.00,-87.00,-60.00,-60.00
210.00,146.00,99.00,84.00,15.00,-16.00,-7.00,-3.00,-1.00,0.00,-1.00,-1.00,1.00,1.00,-1.00,-3.00,-4.00,-3.00,0.00,-30.00,-81.00,-112.00,-99.00,-29.00,9.00,-3.00,-8.00,-15.00,-22.00,-20.00,-19.00,-12.00,-4.00,-1.00,2.00,-1.00,-4.00,-4.00,-4.00,-5.00,-6.00,0.00,0.00,3.00,11.00,10.00,3.00,-22.00,-28.00,-21.00,-57.00,-78.00,-18.00,45.00,40.00,7.00,-3.00,-24.00,-55.00,-20.00,21.00,10.00,-4.00,-10.00,-14.00,-14.00,-36.00,-32.00,24.00,27.00,-9.00,-9.00,10.00,22.00,22.00,18.00,15.00,13.00,15.00,22.00,27.00,29.00,57.00,80.00,62.00,74.00,26.00,-48.00,-31.00,-38.00,-19.00,17.00,3.00,-3.00,-2.00,-3.00,-4.00,-5.00,-5.00,-2.00,-2.00,-5.00,-5.00,-3.00,-2.00,-3.00,-5.00,-6.00,-2.00,10.00,14.00,0.00,-9.00,-6.00,-6.00,-8.00,-6.00,-4.00,-3.00,-4.00,-8.00,-7.00,-65.00,-187.00,-247.00,-181.00,-122.00,-204.00,-285.00,-290.00,-280.00,-262.00,-257.00,-258.00,-255.00,-251.00,-243.00,-240.00,-245.00,-249.00,-192.00,-72.00,4.00,52.00,80.00,43.00,10.00,6.00,-1.00,-9.00,-8.00,-1.00,2.00,5.00,6.00,-3.00,-7.00,1.00,5.00,2.00,-1.00,1.00,8.00,9.00,3.00,4.00,6.00,2.00,0.00,-1.00,31.00,64.00,30.00,-3.00,4.00,11.00,-25.00,-64.00,-26.00,17.00,16.00,11.00,11.00,13.00,13.00,13.00,72.00,129.00,69.00,7.00,-23.00,-82.00,-117.00,-118.00,-116.00,-117.00,-120.00,-76.00,-35.00,-40.00
-34.00,-30.00,37.00,71.00,11.00,-4.00,5.00,-2.00,-2.00,-3.00,-3.00,-1.00,0.00,1.00,1.00,-1.00,-2.00,-3.00,-2.00,12.00,35.00,18.00,-20.00,-15.00,4.00,23.00,30.00,12.00,4.00,-1.00,-9.00,-11.00,-15.00,-18.00,-17.00,-12.00,-6.00,-3.00,-1.00,1.00,3.00,0.00,2.00,29.00,50.00,50.00,47.00,36.00,22.00,14.00,-14.00,-44.00,1.00,45.00,21.00,5.00,15.00,-5.00,-38.00,-11.00,18.00,2.00,26.00,102.00,134.00,112.00,90.00,75.00,75.00,118.00,139.00,67.00,19.00,43.00,71.00,102.00,116.00,125.00,144.00,144.00,134.00,120.00,49.00,9.00,31.00,2.00,-65.00,-106.00,-34.00,49.00,66.00,68.00,59.00,66.00,74.00,54.00,13.00,-7.00,-4.00,-2.00,-3.00,-4.00,-4.00,-4.00,-4.00,-3.00,-2.00,-3.00,-3.00,4.00,9.00,2.00,-5.00,-6.00,-6.00,-7.00,-7.00,-5.00,-4.00,-4.00,-4.00,-2.00,-59.00,-129.00,-79.00,55.00,132.00,62.00,-36.00,-57.00,-38.00,-9.00,6.00,1.00,-8.00,-10.00,-9.00,-4.00,3.00,4.00,-2.00,-7.00,-5.00,-9.00,-17.00,-11.00,-5.00,-7.00,-7.00,-3.00,1.00,1.00,-1.00,9.00,21.00,10.00,0.00,3.00,2.00,2.00,6.00,7.00,3.00,-1.00,-3.00,-2.00,0.00,-1.00,-6.00,-15.00,17.00,54.00,22.00,-6.00,-2.00,-1.00,-19.00,-38.00,-18.00,2.00,5.00,-1.00,-12.00,-7.00,-2.00,-5.00,33.00,75.00,42.00,5.00,-32.00,-110.00,-150.00,-150.00,-160.00,-141.00,-76.00,-26.00,-10.00,-6.00
-404.00,-284.00,-105.00,-57.00,-70.00,-56.00,-20.00,0.00,-1.00,-3.00,-4.00,-5.00,-6.00,-4.00,0.00,3.00,3.00,2.00,-20.00,-32.00,-2.00,8.00,2.00,4.00,2.00,59.00,114.00,97.00,80.00,69.00,62.00,38.00,10.00,-3.00,-15.00,-10.00,-1.00,1.00,-10.00,-20.00,-11.00,-8.00,-6.00,24.00,56.00,73.00,77.00,72.00,58.00,42.00,32.00,10.00,12.00,9.00,-23.00,-13.00,11.00,2.00,-11.00,-4.00,-39.00,-102.00,-94.00,-60.00,-15.00,31.00,23.00,28.00,26.00,35.00,97.00,76.00,33.00,0.00,-35.00,11.00,-22.00,-119.00,-119.00,-69.00,-51.00,-78.00,-137.00,-179.00,-188.00,-205.00,-122.00,-16.00,-14.00,-3.00,-18.00,-61.00,-93.00,-87.00,-57.00,-68.00,-41.00,-3.00,-2.00,-3.00,-3.00,-1.00,-2.00,-5.00,-6.00,-6.00,-5.00,-5.00,-6.00,-3.00,1.00,0.00,-4.00,-7.00,-6.00,-3.00,-2.00,-2.00,-3.00,-4.00,-3.00,-2.00,-5.00,-6.00,-1.00,3.00,5.00,4.00,1.00,0.00,0.00,0.00,-1.00,-2.00,-1.00,1.00,3.00,4.00,4.00,6.00,7.00,1.00,-6.00,-11.00,-12.00,-7.00,-5.00,-6.00,-5.00,-3.00,-4.00,-8.00,-9.00,10.00,28.00,13.00,-1.00,-1.00,-3.00,-5.00,-4.00,0.00,0.00,-3.00,-3.00,-1.00,0.00,5.00,6.00,-8.00,17.00,53.00,14.00,-46.00,-91.00,-129.00,-106.00,-11.00,70.00,63.00,26.00,10.00,8.00,53.00,96.00,102.00,88.00,62.00,42.00,16.00,30.00,71.00,102.00,160.00,194.00,189.00,188.00,171.00,159.00,164.00
-116.00,-84.00,-49.00,-45.00,-53.00,-54.00,-22.00,0.00,-3.00,-3.00,-2.00,-3.00,-4.00,-5.00,-6.00,-6.00,-6.00,-4.00,-10.00,-17.00,-12.00,-11.00,-11.00,-6.00,-2.00,50.00,100.00,107.00,114.00,104.00,91.00,73.00,60.00,54.00,45.00,21.00,5.00,-25.00,-42.00,-27.00,-103.00,-135.00,-61.00,-15.00,23.00,66.00,71.00,57.00,48.00,29.00,21.00,13.00,-7.00,-32.00,-47.00,-23.00,-10.00,-15.00,-5.00,1.00,-35.00,-116.00,-126.00,-50.00,-8.00,-17.00,-33.00,-24.00,-32.00,-71.00,-80.00,-72.00,-68.00,-67.00,-54.00,-36.00,-55.00,-75.00,-62.00,-34.00,-4.00,30.00,65.00,90.00,113.00,141.00,176.00,200.00,190.00,157.00,121.00,87.00,47.00,-4.00,-46.00,-43.00,-15.00,-4.00,-4.00,-3.00,-2.00,-3.00,-4.00,-4.00,-5.00,-7.00,-8.00,-7.00,-4.00,-9.00,-18.00,-13.00,-5.00,-5.00,-6.00,-6.00,-6.00,-54.00,-174.00,-277.00,-266.00,-160.00,-68.00,-22.00,-3.00,-7.00,-9.00,-1.00,1.00,-3.00,-3.00,-1.00,1.00,2.00,2.00,0.00,-4.00,-6.00,-6.00,-2.00,6.00,5.00,-6.00,-17.00,-18.00,-9.00,-6.00,-7.00,-11.00,-16.00,-10.00,-3.00,-2.00,15.00,33.00,17.00,-6.00,-14.00,-12.00,-7.00,-6.00,-6.00,-6.00,-8.00,-10.00,-11.00,-12.00,-6.00,27.00,75.00,75.00,24.00,-45.00,-115.00,-149.00,-158.00,-102.00,-38.00,-97.00,-154.00,-151.00,-146.00,-128.00,-95.00,-47.00,-1.00,21.00,32.00,59.00,84.00,120.00,182.00,208.00,210.00,228.00,237.00,225.00,200.00,184.00,182.00
324.00,212.00,45.00,-2.00,-7.00,-51.00,-77.00,-39.00,-6.00,-6.00,-6.00,-5.00,-5.00,-6.00,-6.00,-7.00,-8.00,-9.00,11.00,40.00,29.00,7.00,1.00,-3.00,0.00,20.00,35.00,53.00,73.00,85.00,96.00,109.00,122.00,133.00,140.00,65.00,-69.00,-109.00,-48.00,-55.00,-89.00,-65.00,-44.00,-28.00,-9.00,13.00,29.00,34.00,26.00,11.00,9.00,10.00,-5.00,-21.00,-25.00,-17.00,-25.00,-34.00,-10.00,-3.00,-4.00,-7.00,-18.00,-16.00,-24.00,8.00,44.00,17.00,5.00,-5.00,-86.00,-144.00,-119.00,-66.00,-6.00,-9.00,-62.00,-31.00,54.00,57.00,7.00,7.00,81.00,143.00,108.00,48.00,23.00,18.00,7.00,-29.00,-52.00,-13.00,44.00,35.00,2.00,-3.00,-4.00,-6.00,-8.00,-10.00,-8.00,-5.00,-5.00,-7.00,-7.00,-5.00,-4.00,-3.00,-5.00,9.00,39.00,36.00,9.00,-5.00,-8.00,-7.00,-6.00,-60.00,-162.00,-194.00,-128.00,-17.00,43.00,9.00,-31.00,-37.00,-37.00,-39.00,-36.00,-24.00,-12.00,-11.00,-16.00,-20.00,-26.00,-18.00,-1.00,6.00,4.00,34.00,84.00,103.00,159.00,168.00,63.00,8.00,26.00,36.00,10.00,-23.00,-31.00,-33.00,-38.00,-23.00,3.00,3.00,25.00,83.00,100.00,67.00,31.00,11.00,-5.00,-4.00,40.00,65.00,33.00,29.00,114.00,232.00,233.00,114.00,49.00,92.00,159.00,203.00,242.00,207.00,70.00,17.00,50.00,62.00,65.00,27.00,-10.00,-15.00,-10.00,-5.00,-1.00,27.00,44.00,56.00,54.00,-1.00,-35.00,-34.00,-34.00,-25.00,-21.00,-24.00
64.00,7.00,-25.00,0.00,-48.00,-117.00,-112.00,-44.00,-2.00,-3.00,-2.00,0.00,-3.00,-5.00,-3.00,-2.00,-2.00,-2.00,2.00,16.00,29.00,41.00,43.00,21.00,8.00,18.00,24.00,29.00,37.00,54.00,71.00,88.00,101.00,105.00,107.00,43.00,-48.00,-23.00,17.00,-27.00,35.00,63.00,-40.00,-51.00,-28.00,-35.00,-34.00,-26.00,-5.00,3.00,-1.00,3.00,1.00,20.00,37.00,0.00,-43.00,-53.00,-24.00,-13.00,-47.00,-59.00,-59.00,-109.00,-127.00,-61.00,-32.00,-64.00,-92.00,-107.00,-64.00,5.00,-30.00,-83.00,-76.00,-90.00,-123.00,-136.00,-116.00,-102.00,-149.00,-199.00,-173.00,-134.00,-151.00,-159.00,-130.00,-105.00,-92.00,-81.00,-72.00,-64.00,-54.00,-38.00,-13.00,-2.00,-4.00,-5.00,-6.00,-6.00,-6.00,-5.00,-4.00,-4.00,-4.00,-5.00,-6.00,-5.00,-7.00,16.00,60.00,68.00,65.00,74.00,75.00,70.00,60.00,109.00,233.00,334.00,327.00,228.00,189.00,233.00,250.00,192.00,143.00,206.00,277.00,287.00,287.00,282.00,264.00,243.00,233.00,237.00,238.00,232.00,234.00,240.00,249.00,259.00,259.00,249.00,242.00,255.00,268.00,266.00,258.00,254.00,265.00,272.00,267.00,237.00,206.00,229.00,263.00,268.00,260.00,254.00,258.00,266.00,274.00,274.00,272.00,281.00,289.00,285.00,243.00,177.00,146.00,108.00,87.00,155.00,218.00,237.00,240.00,227.00,223.00,223.00,218.00,212.00,195.00,162.00,116.00,70.00,31.00,-6.00,-29.00,-35.00,-36.00,-32.00,-24.00,-24.00,-35.00,-39.00,-31.00,-22.00,-22.00,-26.00
-176.00,-202.00,-149.00,-65.00,-75.00,-80.00,-93.00,-126.00,-95.00,-31.00,-1.00,4.00,-39.00,-75.00,-37.00,-4.00,-5.00,-6.00,-13.00,-15.00,-20.00,-32.00,-18.00,-4.00,-3.00,0.00,-1.00,3.00,8.00,9.00,10.00,14.00,19.00,25.00,22.00,0.00,18.00,38.00,-5.00,-20.00,23.00,7.00,-56.00,-38.00,-15.00,-42.00,-65.00,-55.00,-14.00,12.00,22.00,14.00,-15.00,-6.00,28.00,5.00,-38.00,-33.00,7.00,8.00,-41.00,-85.00,-90.00,-79.00,-65.00,-30.00,-23.00,-52.00,-97.00,-151.00,-96.00,34.00,-11.00,-90.00,-37.00,-7.00,49.00,90.00,45.00,-9.00,-103.00,-136.00,-30.00,47.00,-2.00,-83.00,-123.00,-113.00,-124.00,-112.00,20.00,92.00,18.00,-66.00,-73.00,-28.00,-5.00,-6.00,-5.00,-5.00,-7.00,-8.00,-7.00,-5.00,-4.00,-4.00,-5.00,-7.00,-3.00,8.00,17.00,38.00,73.00,94.00,99.00,94.00,83.00,134.00,242.00,280.00,218.00,110.00,95.00,214.00,284.00,213.00,152.00,226.00,297.00,293.00,284.00,283.00,282.00,273.00,266.00,256.00,233.00,216.00,219.00,194.00,156.00,152.00,91.00,46.00,124.00,201.00,197.00,184.00,225.00,265.00,279.00,290.00,294.00,254.00,196.00,206.00,208.00,151.00,131.00,171.00,213.00,233.00,252.00,253.00,210.00,187.00,218.00,209.00,98.00,-65.00,-138.00,-75.00,-33.00,-68.00,-87.00,-85.00,-87.00,-78.00,-64.00,-57.00,-56.00,-68.00,-80.00,-72.00,-65.00,-65.00,-56.00,-36.00,-22.00,-19.00,-14.00,-16.00,-29.00,-32.00,-22.00,-11.00,-5.00,-9.00,-19.00,-24.00
108.00,-3.00,-120.00,-90.00,-30.00,-16.00,-60.00,-141.00,-204.00,-219.00,-172.00,-101.00,-112.00,-122.00,-66.00,-36.00,-36.00,-34.00,-34.00,-30.00,-39.00,-54.00,-27.00,-1.00,-4.00,-6.00,-6.00,-3.00,0.00,0.00,1.00,4.00,7.00,8.00,-3.00,-16.00,-3.00,-18.00,-45.00,-23.00,-17.00,-37.00,-23.00,17.00,12.00,-40.00,-69.00,-38.00,-3.00,19.00,50.00,38.00,-12.00,-40.00,-14.00,16.00,-7.00,-4.00,41.00,33.00,37.00,59.00,0.00,-70.00,-64.00,-22.00,-24.00,-32.00,-10.00,-7.00,-52.00,-76.00,-42.00,-35.00,-12.00,25.00,17.00,-13.00,-24.00,-17.00,-48.00,-67.00,-34.00,-18.00,-73.00,-147.00,-142.00,-109.00,-144.00,-185.00,-164.00,-97.00,-90.00,-139.00,-146.00,-116.00,-52.00,-10.00,-10.00,-10.00,-9.00,-8.00,-9.00,-10.00,-7.00,-3.00,-4.00,-7.00,-4.00,-2.00,-72.00,-214.00,-246.00,-146.00,-88.00,-84.00,-74.00,-77.00,-86.00,-89.00,-95.00,-73.00,-93.00,-205.00,-270.00,-278.00,-287.00,-282.00,-284.00,-285.00,-288.00,-304.00,-307.00,-286.00,-269.00,-272.00,-274.00,-274.00,-276.00,-282.00,-302.00,-316.00,-312.00,-307.00,-299.00,-292.00,-290.00,-286.00,-291.00,-301.00,-302.00,-297.00,-289.00,-279.00,-266.00,-259.00,-273.00,-291.00,-291.00,-285.00,-287.00,-291.00,-293.00,-290.00,-285.00,-288.00,-293.00,-290.00,-277.00,-263.00,-217.00,-103.00,-33.00,-71.00,-107.00,-122.00,-150.00,-156.00,-139.00,-132.00,-141.00,-177.00,-183.00,-119.00,-91.00,-117.00,-146.00,-172.00,-185.00,-190.00,-200.00,-217.00,-227.00,-229.00,-224.00,-216.00,-211.00,-206.00,-196.00,-188.00
90.00,73.00,-10.00,-71.00,-50.00,-35.00,-7.00,31.00,29.00,25.00,25.00,26.00,72.00,116.00,73.00,2.00,1.00,25.00,19.00,-7.00,-4.00,48.00,61.00,20.00,-1.00,4.00,7.00,4.00,1.00,1.00,3.00,4.00,5.00,4.00,-14.00,-28.00,7.00,-53.00,-139.00,-115.00,-175.00,-170.00,0.00,80.00,34.00,-30.00,-56.00,-31.00,-14.00,-3.00,29.00,-11.00,-94.00,-133.00,-109.00,-28.00,-8.00,-20.00,17.00,24.00,31.00,47.00,-11.00,-38.00,21.00,6.00,-59.00,-56.00,5.00,81.00,61.00,-3.00,2.00,-23.00,-43.00,-6.00,5.00,-9.00,-12.00,21.00,82.00,86.00,20.00,-33.00,-5.00,69.00,67.00,19.00,25.00,15.00,-46.00,-47.00,-12.00,-6.00,-5.00,-6.00,-15.00,-23.00,-24.00,-23.00,-21.00,-21.00,-22.00,-21.00,-21.00,-22.00,-20.00,-17.00,-17.00,-118.00,-233.00,-173.00,-105.00,-114.00,-117.00,-113.00,-105.00,-104.00,-110.00,-116.00,-119.00,-121.00,-171.00,-264.00,-302.00,-289.00,-283.00,-307.00,-334.00,-325.00,-314.00,-320.00,-323.00,-312.00,-304.00,-309.00,-299.00,-284.00,-290.00,-304.00,-316.00,-326.00,-321.00,-305.00,-298.00,-297.00,-287.00,-286.00,-284.00,-265.00,-288.00,-325.00,-319.00,-297.00,-287.00,-304.00,-339.00,-356.00,-339.00,-317.00,-302.00,-289.00,-296.00,-325.00,-339.00,-320.00,-294.00,-271.00,-243.00,-186.00,-105.00,-48.00,-26.00,-37.00,-60.00,-83.00,-101.00,-105.00,-109.00,-112.00,-112.00,-115.00,-115.00,-101.00,-90.00,-93.00,-122.00,-160.00,-162.00,-157.00,-172.00,-179.00,-168.00,-154.00,-142.00,-147.00,-168.00,-169.00,-152.00,-144.00
118.00,113.00,70.00,70.00,116.00,85.00,16.00,7.00,58.00,139.00,155.00,51.00,20.00,57.00,12.00,-74.00,-67.00,-24.00,-35.00,-13.00,5.00,1.00,-2.00,-8.00,-4.00,-2.00,-1.00,0.00,0.00,2.00,4.00,2.00,1.00,3.00,-12.00,-28.00,-9.00,-43.00,-98.00,-20.00,81.00,90.00,92.00,85.00,46.00,6.00,-46.00,-62.00,-44.00,-20.00,3.00,-45.00,-117.00,-121.00,-75.00,-18.00,12.00,23.00,16.00,-8.00,-36.00,-60.00,-50.00,-3.00,47.00,19.00,-49.00,-56.00,-12.00,20.00,2.00,0.00,37.00,29.00,3.00,8.00,31.00,42.00,17.00,8.00,10.00,-19.00,-33.00,-19.00,-8.00,-3.00,-2.00,-6.00,-4.00,18.00,25.00,6.00,5.00,13.00,21.00,16.00,-44.00,-95.00,-88.00,-67.00,-57.00,-78.00,-111.00,-120.00,-119.00,-105.00,-94.00,-109.00,-89.00,-53.00,-24.00,59.00,72.00,-28.00,-73.00,-63.00,-61.00,-52.00,-45.00,-56.00,-70.00,-105.00,-135.00,-94.00,-57.00,-64.00,-74.00,-96.00,-112.00,-103.00,-83.00,-68.00,-63.00,-65.00,-76.00,-84.00,-74.00,-62.00,-65.00,-71.00,-67.00,-59.00,-48.00,-46.00,-61.00,-63.00,-57.00,-60.00,0.00,60.00,-6.00,-69.00,-67.00,-71.00,-84.00,-94.00,-97.00,-92.00,-77.00,-66.00,-63.00,-61.00,-69.00,-91.00,-106.00,-97.00,-78.00,-57.00,-27.00,-10.00,-24.00,-32.00,-28.00,-57.00,-89.00,-82.00,-42.00,-9.00,-19.00,-32.00,-20.00,19.00,24.00,-42.00,-72.00,-50.00,-34.00,-16.00,-3.00,-8.00,-3.00,14.00,28.00,40.00,31.00,22.00,29.00,38.00,37.00,30.00
20.00,-11.00,-56.00,-49.00,5.00,28.00,-24.00,-77.00,-72.00,-29.00,-15.00,-109.00,-210.00,-227.00,-196.00,-111.00,-86.00,-150.00,-121.00,-36.00,-53.00,-91.00,-56.00,-10.00,5.00,3.00,-1.00,2.00,7.00,7.00,6.00,8.00,8.00,4.00,-6.00,-19.00,-18.00,74.00,181.00,203.00,229.00,182.00,93.00,61.00,60.00,52.00,5.00,-25.00,-48.00,-35.00,-5.00,-3.00,4.00,41.00,96.00,80.00,56.00,74.00,18.00,-54.00,-83.00,-72.00,38.00,150.00,140.00,44.00,-53.00,-88.00,-28.00,28.00,-3.00,-26.00,26.00,39.00,-14.00,-33.00,2.00,14.00,-40.00,-77.00,-57.00,-4.00,13.00,30.00,112.00,205.00,195.00,139.00,180.00,225.00,210.00,117.00,61.00,84.00,61.00,15.00,-30.00,-107.00,-192.00,-157.00,-89.00,-79.00,-65.00,-107.00,-175.00,-183.00,-149.00,-123.00,-84.00,51.00,119.00,-10.00,-107.00,-114.00,-119.00,-112.00,-99.00,-92.00,-98.00,-108.00,-115.00,-120.00,-108.00,-75.00,-57.00,-79.00,-102.00,-84.00,-66.00,-73.00,-70.00,-55.00,-51.00,-62.00,-74.00,-76.00,-71.00,-68.00,-66.00,-64.00,-69.00,-78.00,-76.00,-65.00,-59.00,-58.00,-55.00,-47.00,3.00,38.00,-14.00,-49.00,-49.00,-56.00,-46.00,-32.00,-32.00,-43.00,-53.00,-61.00,-72.00,-79.00,-63.00,-34.00,-37.00,-57.00,-60.00,-37.00,3.00,7.00,-21.00,-39.00,-48.00,-59.00,-64.00,-52.00,-27.00,-10.00,-24.00,-33.00,-21.00,0.00,16.00,-14.00,-51.00,-53.00,-21.00,15.00,6.00,-16.00,-12.00,-2.00,-5.00,-8.00,-13.00,-15.00,8.00,32.00,25.00,12.00
-70.00,-104.00,-173.00,-224.00,-177.00,-75.00,-35.00,-16.00,34.00,64.00,26.00,-1.00,25.00,35.00,28.00,71.00,91.00,45.00,22.00,-13.00,-54.00,-36.00,-2.00,2.00,-4.00,-1.00,4.00,6.00,4.00,-1.00,-4.00,-4.00,-5.00,-5.00,-6.00,-11.00,-12.00,63.00,166.00,127.00,31.00,18.00,52.00,55.00,45.00,32.00,28.00,34.00,-24.00,-51.00,-39.00,6.00,80.00,89.00,75.00,42.00,39.00,57.00,-7.00,-67.00,-85.00,-52.00,62.00,124.00,88.00,33.00,-28.00,-72.00,-23.00,47.00,36.00,18.00,35.00,27.00,-3.00,-14.00,17.00,58.00,36.00,-7.00,6.00,52.00,54.00,45.00,109.00,185.00,156.00,98.00,117.00,112.00,57.00,12.00,-35.00,-57.00,-27.00,-5.00,15.00,9.00,-107.00,-196.00,-151.00,-73.00,-48.00,-62.00,-40.00,-1.00,-16.00,-41.00,-23.00,-2.00,-4.00,-17.00,-31.00,-31.00,-36.00,-50.00,-53.00,-65.00,-72.00,-51.00,-35.00,-35.00,-38.00,-36.00,-31.00,-30.00,-27.00,-31.00,-21.00,-1.00,-18.00,-36.00,-37.00,-49.00,-55.00,-45.00,-35.00,-28.00,-26.00,-34.00,-42.00,-47.00,-41.00,-27.00,-27.00,-31.00,-34.00,-40.00,-11.00,21.00,-9.00,-44.00,-48.00,-33.00,-20.00,-29.00,-37.00,-42.00,-44.00,-44.00,-45.00,-47.00,-47.00,-33.00,-17.00,-20.00,-26.00,-8.00,14.00,9.00,-19.00,-56.00,-70.00,-30.00,0.00,-24.00,-35.00,-23.00,-28.00,-36.00,-37.00,-22.00,-3.00,-12.00,-25.00,-27.00,-13.00,2.00,10.00,36.00,47.00,39.00,15.00,-17.00,5.00,40.00,32.00,19.00,8.00,-2.00
-30.00,-37.00,-70.00,-76.00,-19.00,14.00,20.00,18.00,-14.00,-9.00,29.00,69.00,85.00,58.00,23.00,-54.00,-84.00,7.00,33.00,-16.00,13.00,55.00,41.00,11.00,-5.00,-1.00,4.00,1.00,-3.00,-5.00,-8.00,-13.00,-18.00,-21.00,-17.00,-6.00,-3.00,-45.00,-84.00,-47.00,5.00,31.00,35.00,11.00,4.00,5.00,17.00,30.00,-19.00,-53.00,-59.00,-22.00,51.00,57.00,20.00,-12.00,11.00,29.00,-26.00,-50.00,-21.00,22.00,91.00,120.00,71.00,14.00,-31.00,-50.00,-14.00,3.00,-20.00,-2.00,5.00,-38.00,-33.00,14.00,57.00,93.00,80.00,108.00,198.00,205.00,134.00,60.00,40.00,10.00,-31.00,-76.00,-169.00,-215.00,-210.00,-138.00,-75.00,-80.00,-37.00,30.00,62.00,94.00,131.00,62.00,-61.00,-110.00,-119.00,-68.00,21.00,84.00,78.00,14.00,-1.00,16.00,28.00,35.00,22.00,17.00,15.00,8.00,6.00,-7.00,-20.00,-4.00,16.00,23.00,121.00,294.00,371.00,361.00,274.00,157.00,130.00,137.00,132.00,134.00,136.00,139.00,149.00,154.00,147.00,135.00,106.00,42.00,-31.00,-49.00,-15.00,-2.00,-14.00,-11.00,-13.00,-34.00,-23.00,1.00,-22.00,-41.00,-29.00,-18.00,-15.00,-10.00,-7.00,-18.00,-30.00,-38.00,-35.00,-19.00,-21.00,-31.00,-17.00,-14.00,-25.00,-16.00,-7.00,-17.00,-34.00,-52.00,-56.00,-37.00,-31.00,-39.00,-36.00,-30.00,-20.00,-12.00,-13.00,16.00,43.00,17.00,-3.00,-6.00,-11.00,-14.00,-13.00,3.00,23.00,38.00,37.00,4.00,-28.00,-29.00,-36.00,-30.00,-6.00,0.00
148.00,248.00,280.00,126.00,13.00,-19.00,9.00,18.00,-12.00,-64.00,-135.00,-121.00,-76.00,-92.00,-81.00,-39.00,-75.00,-69.00,-26.00,-41.00,36.00,156.00,139.00,45.00,3.00,1.00,-4.00,-12.00,-16.00,-19.00,-28.00,-40.00,-58.00,-87.00,-80.00,-26.00,-6.00,-81.00,-184.00,-196.00,-127.00,-32.00,9.00,-23.00,-19.00,8.00,33.00,44.00,-6.00,-52.00,-50.00,-20.00,10.00,26.00,20.00,9.00,13.00,-20.00,-81.00,-70.00,-12.00,50.00,98.00,76.00,34.00,21.00,33.00,39.00,43.00,56.00,37.00,26.00,41.00,32.00,12.00,-2.00,1.00,25.00,25.00,39.00,98.00,126.00,80.00,6.00,-28.00,-74.00,-111.00,-75.00,-77.00,-143.00,-169.00,-105.00,-19.00,10.00,14.00,-35.00,-163.00,-159.00,1.00,107.00,99.00,61.00,103.00,158.00,65.00,-116.00,-75.00,92.00,72.00,5.00,0.00,-8.00,-7.00,8.00,23.00,27.00,27.00,36.00,27.00,-3.00,-17.00,-8.00,97.00,278.00,372.00,394.00,400.00,400.00,393.00,379.00,394.00,413.00,414.00,412.00,418.00,420.00,400.00,377.00,380.00,402.00,411.00,397.00,369.00,356.00,360.00,317.00,240.00,221.00,145.00,65.00,213.00,357.00,353.00,323.00,252.00,153.00,116.00,128.00,113.00,87.00,56.00,16.00,-12.00,-27.00,-30.00,-25.00,-22.00,-18.00,-28.00,-52.00,-58.00,-48.00,-28.00,-30.00,-54.00,-48.00,-30.00,-24.00,-18.00,-11.00,-9.00,-18.00,-20.00,-8.00,-4.00,-12.00,-23.00,-23.00,-29.00,-27.00,-7.00,-18.00,-25.00,6.00,20.00,-5.00,-27.00,-20.00,-1.00,8.00
64.00,181.00,323.00,313.00,243.00,143.00,9.00,-21.00,64.00,8.00,-144.00,-138.00,-51.00,-32.00,-23.00,58.00,124.00,94.00,53.00,77.00,113.00,100.00,48.00,9.00,-1.00,-8.00,-14.00,-20.00,-32.00,-49.00,-71.00,-110.00,-168.00,-232.00,-206.00,-76.00,8.00,45.00,50.00,14.00,-1.00,5.00,-7.00,-43.00,-40.00,-14.00,11.00,25.00,1.00,-40.00,-53.00,-57.00,-65.00,-8.00,35.00,29.00,21.00,-31.00,-78.00,-37.00,19.00,65.00,90.00,40.00,-2.00,24.00,57.00,36.00,32.00,51.00,30.00,15.00,14.00,2.00,-9.00,4.00,14.00,54.00,101.00,44.00,-23.00,-90.00,-141.00,-122.00,-101.00,-52.00,-11.00,11.00,3.00,-32.00,-23.00,-17.00,0.00,27.00,11.00,-59.00,-165.00,-212.00,-218.00,-139.00,43.00,138.00,159.00,169.00,103.00,-36.00,-40.00,73.00,51.00,-1.00,-3.00,-11.00,-7.00,-19.00,-17.00,11.00,1.00,-8.00,-3.00,-18.00,54.00,146.00,-12.00,-283.00,-370.00,-313.00,-155.00,22.00,75.00,41.00,8.00,1.00,-3.00,30.00,136.00,230.00,244.00,238.00,272.00,348.00,431.00,450.00,408.00,394.00,408.00,395.00,381.00,390.00,303.00,211.00,312.00,404.00,393.00,383.00,381.00,381.00,383.00,403.00,421.00,422.00,414.00,400.00,398.00,398.00,342.00,227.00,152.00,136.00,106.00,81.00,41.00,-33.00,-58.00,-37.00,-20.00,-16.00,-18.00,-13.00,-12.00,-27.00,-38.00,-60.00,-88.00,-71.00,-41.00,-32.00,-26.00,-16.00,-18.00,-30.00,-44.00,-63.00,-68.00,-45.00,-17.00,-15.00,-25.00,-47.00,-52.00,-38.00
-104.00,-42.00,95.00,236.00,275.00,202.00,84.00,20.00,60.00,59.00,13.00,16.00,32.00,49.00,63.00,55.00,70.00,62.00,49.00,84.00,58.00,-46.00,-86.00,-36.00,-8.00,-15.00,-24.00,-43.00,-78.00,-122.00,-158.00,-186.00,-214.00,-229.00,-174.00,-65.00,-18.00,-9.00,37.00,92.00,36.00,-83.00,-95.00,-69.00,-60.00,-52.00,-21.00,-8.00,-36.00,-53.00,-70.00,-85.00,-70.00,-4.00,25.00,10.00,5.00,-6.00,20.00,81.00,82.00,39.00,28.00,21.00,4.00,26.00,47.00,10.00,-2.00,19.00,20.00,14.00,5.00,5.00,12.00,27.00,25.00,30.00,60.00,42.00,15.00,-8.00,-38.00,-36.00,3.00,70.00,87.00,31.00,-67.00,-124.00,-80.00,-39.00,-27.00,-8.00,2.00,-9.00,-13.00,-16.00,-69.00,-91.00,-79.00,-84.00,-43.00,-8.00,39.00,136.00,131.00,15.00,-48.00,-22.00,-11.00,-13.00,-9.00,-39.00,-51.00,-40.00,-45.00,-49.00,42.00,224.00,316.00,281.00,95.00,-195.00,-356.00,-396.00,-413.00,-403.00,-395.00,-398.00,-408.00,-410.00,-391.00,-369.00,-352.00,-338.00,-328.00,-318.00,-311.00,-331.00,-343.00,-283.00,-195.00,-127.00,-105.00,-130.00,-121.00,-109.00,-75.00,27.00,46.00,3.00,7.00,31.00,103.00,213.00,257.00,251.00,267.00,294.00,324.00,364.00,410.00,437.00,431.00,419.00,402.00,365.00,312.00,248.00,158.00,7.00,-90.00,-20.00,59.00,57.00,39.00,27.00,31.00,27.00,0.00,-20.00,-29.00,-39.00,-40.00,-31.00,-23.00,-22.00,-28.00,-57.00,-78.00,-38.00,9.00,-2.00,-44.00,-54.00,-30.00,-20.00,-23.00,-22.00
-4.00,3.00,-32.00,-69.00,-24.00,97.00,170.00,45.00,-143.00,-179.00,-82.00,-11.00,-11.00,10.00,81.00,90.00,35.00,12.00,7.00,-15.00,-31.00,-24.00,-14.00,-6.00,-12.00,-33.00,-55.00,-83.00,-121.00,-170.00,-209.00,-200.00,-146.00,-85.00,-38.00,-9.00,-21.00,-59.00,-100.00,-115.00,-98.00,-87.00,-86.00,-84.00,-71.00,-37.00,13.00,19.00,6.00,-5.00,-27.00,14.00,83.00,71.00,2.00,-29.00,-24.00,-11.00,36.00,92.00,136.00,132.00,56.00,4.00,-5.00,13.00,15.00,-33.00,-33.00,34.00,102.00,90.00,60.00,132.00,160.00,97.00,61.00,11.00,-30.00,-45.00,-63.00,-35.00,-4.00,9.00,24.00,5.00,-23.00,-7.00,55.00,128.00,157.00,111.00,62.00,56.00,25.00,5.00,52.00,92.00,64.00,19.00,-8.00,-22.00,-12.00,-7.00,18.00,83.00,85.00,17.00,-20.00,-1.00,48.00,25.00,-62.00,-46.00,2.00,-22.00,-29.00,-67.00,-113.00,19.00,154.00,7.00,-152.00,-74.00,3.00,-48.00,-149.00,-238.00,-263.00,-210.00,-167.00,-161.00,-133.00,-151.00,-264.00,-357.00,-367.00,-356.00,-346.00,-341.00,-353.00,-332.00,-298.00,-330.00,-369.00,-369.00,-373.00,-377.00,-289.00,-207.00,-292.00,-374.00,-357.00,-338.00,-354.00,-353.00,-293.00,-241.00,-238.00,-254.00,-273.00,-278.00,-261.00,-218.00,-121.00,36.00,174.00,197.00,177.00,208.00,239.00,143.00,-15.00,-20.00,36.00,23.00,4.00,-4.00,2.00,16.00,13.00,-3.00,-10.00,-3.00,-3.00,-12.00,-21.00,-26.00,-18.00,-11.00,-15.00,-6.00,-16.00,-40.00,-8.00,22.00,18.00,36.00,54.00,54.00
158.00,44.00,-76.00,-52.00,32.00,143.00,169.00,36.00,-142.00,-182.00,-80.00,-60.00,-123.00,-96.00,-104.00,-225.00,-296.00,-309.00,-313.00,-297.00,-298.00,-297.00,-205.00,-61.00,-9.00,-49.00,-102.00,-146.00,-186.00,-197.00,-161.00,-113.00,-65.00,-25.00,-9.00,-4.00,-30.00,-62.00,-75.00,-102.00,-57.00,19.00,-32.00,-88.00,-72.00,-46.00,-22.00,-23.00,-9.00,10.00,3.00,42.00,124.00,113.00,79.00,90.00,12.00,-51.00,6.00,61.00,47.00,6.00,6.00,10.00,-26.00,-29.00,7.00,17.00,-7.00,-26.00,-8.00,11.00,1.00,-7.00,-4.00,19.00,38.00,32.00,19.00,-37.00,-74.00,-68.00,-70.00,-35.00,-6.00,-64.00,-115.00,-68.00,30.00,143.00,119.00,-5.00,-36.00,-29.00,-12.00,65.00,162.00,148.00,56.00,13.00,8.00,10.00,7.00,1.00,-54.00,-105.00,-56.00,40.00,96.00,66.00,98.00,177.00,188.00,150.00,26.00,-48.00,-28.00,-22.00,-113.00,-199.00,-99.00,-50.00,-131.00,-113.00,-29.00,-7.00,-27.00,-36.00,-16.00,27.00,61.00,84.00,80.00,27.00,-24.00,-36.00,-27.00,-21.00,-30.00,-33.00,-38.00,-45.00,-70.00,-177.00,-251.00,-200.00,-147.00,-141.00,-101.00,-128.00,-291.00,-379.00,-382.00,-405.00,-417.00,-408.00,-357.00,-309.00,-348.00,-410.00,-432.00,-433.00,-437.00,-436.00,-420.00,-417.00,-414.00,-349.00,-178.00,30.00,178.00,200.00,89.00,-7.00,-12.00,3.00,3.00,-6.00,-22.00,-29.00,-19.00,-10.00,-10.00,-8.00,3.00,15.00,26.00,29.00,19.00,14.00,14.00,-1.00,-51.00,-90.00,-67.00,-40.00,-22.00,3.00,-14.00,-40.00
118.00,33.00,-21.00,21.00,11.00,-27.00,-37.00,-12.00,-8.00,-50.00,-74.00,-72.00,-69.00,-49.00,-49.00,-65.00,-104.00,-177.00,-214.00,-217.00,-214.00,-210.00,-160.00,-57.00,-25.00,-83.00,-151.00,-102.00,21.00,6.00,-51.00,-41.00,-26.00,-9.00,2.00,-7.00,-15.00,-53.00,-88.00,-49.00,-13.00,-35.00,-93.00,-98.00,-74.00,-78.00,-74.00,-81.00,-60.00,-29.00,-26.00,26.00,82.00,14.00,-37.00,1.00,-44.00,-30.00,80.00,48.00,-61.00,-91.00,-42.00,-5.00,-16.00,-23.00,0.00,19.00,4.00,-56.00,-120.00,-103.00,-31.00,7.00,-4.00,-12.00,-31.00,-72.00,-68.00,-33.00,-8.00,23.00,35.00,12.00,-9.00,27.00,69.00,78.00,100.00,78.00,29.00,18.00,21.00,16.00,12.00,16.00,-43.00,-75.00,33.00,77.00,-26.00,-95.00,-59.00,-22.00,1.00,36.00,46.00,95.00,137.00,68.00,22.00,119.00,250.00,252.00,182.00,160.00,164.00,218.00,272.00,98.00,-192.00,-124.00,103.00,35.00,-58.00,2.00,60.00,66.00,44.00,20.00,1.00,-7.00,-14.00,-17.00,-16.00,-23.00,-26.00,-18.00,-24.00,-41.00,-38.00,5.00,42.00,36.00,31.00,29.00,17.00,9.00,-11.00,-47.00,-61.00,-58.00,-83.00,-102.00,-80.00,-82.00,-80.00,-60.00,-114.00,-176.00,-181.00,-178.00,-198.00,-236.00,-268.00,-312.00,-375.00,-348.00,-268.00,-207.00,-67.00,102.00,213.00,239.00,223.00,246.00,262.00,250.00,242.00,234.00,233.00,241.00,246.00,250.00,226.00,147.00,54.00,4.00,-8.00,-11.00,-8.00,-8.00,22.00,51.00,-7.00,-53.00,-38.00,-51.00,-89.00,-106.00
-16.00,13.00,30.00,-24.00,-91.00,-78.00,13.00,46.00,-20.00,-78.00,-94.00,-97.00,-97.00,-122.00,-74.00,107.00,237.00,234.00,156.00,89.00,88.00,92.00,54.00,8.00,-47.00,-126.00,-176.00,-77.00,155.00,274.00,255.00,234.00,224.00,262.00,293.00,198.00,93.00,99.00,104.00,73.00,18.00,-67.00,-11.00,91.00,32.00,10.00,29.00,-10.00,14.00,15.00,23.00,119.00,93.00,-9.00,-19.00,-34.00,43.00,209.00,194.00,85.00,88.00,115.00,52.00,-15.00,-46.00,-43.00,-2.00,17.00,1.00,-39.00,-66.00,-45.00,-26.00,-16.00,2.00,3.00,-15.00,-39.00,-37.00,-16.00,8.00,43.00,50.00,19.00,-16.00,26.00,101.00,69.00,19.00,15.00,6.00,-5.00,22.00,54.00,26.00,-17.00,-53.00,-56.00,34.00,124.00,164.00,157.00,63.00,6.00,84.00,162.00,84.00,-16.00,-17.00,8.00,12.00,22.00,45.00,92.00,200.00,256.00,235.00,217.00,226.00,162.00,-16.00,-25.00,133.00,165.00,133.00,173.00,208.00,185.00,92.00,-44.00,-115.00,-126.00,-118.00,-66.00,-32.00,-49.00,-58.00,-36.00,-3.00,9.00,10.00,32.00,40.00,24.00,34.00,50.00,38.00,6.00,-52.00,-91.00,-69.00,-54.00,-53.00,-27.00,-12.00,-25.00,-9.00,20.00,-4.00,-40.00,-46.00,-30.00,-25.00,-35.00,-35.00,-24.00,-7.00,-19.00,-116.00,-220.00,-180.00,-20.00,132.00,189.00,179.00,179.00,184.00,189.00,201.00,207.00,216.00,219.00,218.00,231.00,235.00,228.00,226.00,230.00,238.00,246.00,251.00,248.00,269.00,309.00,315.00,299.00,266.00,224.00,226.00,244.00
-62.00,-28.00,17.00,28.00,-3.00,-20.00,23.00,21.00,-28.00,-25.00,-18.00,-16.00,13.00,-40.00,-160.00,-216.00,-183.00,-131.00,-116.00,-117.00,-119.00,-114.00,-75.00,-44.00,-41.00,5.00,110.00,143.00,151.00,290.00,380.00,370.00,375.00,376.00,260.00,34.00,-56.00,-17.00,-13.00,-72.00,-93.00,0.00,72.00,55.00,55.00,159.00,249.00,235.00,211.00,210.00,222.00,158.00,29.00,31.00,93.00,46.00,21.00,54.00,84.00,89.00,0.00,-52.00,-16.00,1.00,-13.00,-25.00,-4.00,18.00,7.00,7.00,41.00,47.00,-12.00,-54.00,-26.00,-16.00,-44.00,-61.00,-45.00,-2.00,21.00,14.00,0.00,35.00,77.00,58.00,35.00,14.00,3.00,18.00,26.00,13.00,-35.00,-67.00,-31.00,51.00,169.00,259.00,307.00,289.00,234.00,223.00,175.00,141.00,144.00,91.00,-14.00,-97.00,-90.00,-31.00,-85.00,-198.00,-115.00,29.00,47.00,35.00,39.00,36.00,43.00,109.00,189.00,175.00,211.00,362.00,411.00,382.00,382.00,383.00,379.00,386.00,401.00,326.00,172.00,108.00,131.00,157.00,134.00,48.00,-4.00,-24.00,-51.00,-36.00,-19.00,-52.00,-82.00,-74.00,-49.00,-46.00,-123.00,-175.00,-97.00,-35.00,-33.00,-19.00,-10.00,-23.00,-22.00,-10.00,20.00,37.00,-6.00,-6.00,50.00,86.00,92.00,88.00,77.00,34.00,-13.00,-97.00,-193.00,-186.00,-136.00,-80.00,-28.00,-18.00,-28.00,-41.00,-50.00,-46.00,-38.00,-47.00,-53.00,-41.00,-5.00,77.00,177.00,232.00,234.00,223.00,217.00,208.00,197.00,203.00,234.00,255.00,250.00,240.00,239.00,242.00
-32.00,-21.00,2.00,19.00,12.00,-42.00,-133.00,-129.00,-21.00,10.00,-18.00,24.00,74.00,31.00,-55.00,-129.00,-174.00,-143.00,-56.00,-7.00,47.00,165.00,190.00,88.00,81.00,182.00,268.00,251.00,133.00,78.00,58.00,40.00,32.00,-47.00,-168.00,-242.00,-209.00,-159.00,-112.00,-59.00,-23.00,57.00,23.00,-70.00,37.00,182.00,209.00,240.00,235.00,173.00,177.00,148.00,112.00,124.00,90.00,101.00,28.00,-139.00,-170.00,-156.00,-146.00,-89.00,-66.00,-131.00,-153.00,-74.00,-11.00,6.00,5.00,-14.00,-22.00,-4.00,4.00,-2.00,-7.00,-6.00,-30.00,-101.00,-105.00,-15.00,31.00,0.00,-22.00,-27.00,-52.00,-70.00,-57.00,-21.00,-11.00,-70.00,-109.00,-49.00,1.00,1.00,-4.00,11.00,-6.00,-83.00,-50.00,30.00,-24.00,-109.00,-135.00,-140.00,-140.00,-75.00,47.00,77.00,21.00,-23.00,-30.00,-8.00,-13.00,-80.00,-104.00,5.00,104.00,125.00,92.00,27.00,3.00,2.00,-8.00,2.00,18.00,4.00,58.00,193.00,305.00,400.00,454.00,436.00,406.00,399.00,407.00,419.00,416.00,383.00,344.00,318.00,240.00,99.00,88.00,244.00,262.00,118.00,20.00,-30.00,-84.00,-104.00,-31.00,22.00,29.00,71.00,97.00,105.00,79.00,12.00,-8.00,-1.00,-3.00,8.00,21.00,27.00,22.00,5.00,-7.00,-18.00,-35.00,-54.00,-126.00,-205.00,-225.00,-219.00,-190.00,-162.00,-162.00,-185.00,-205.00,-190.00,-163.00,-167.00,-196.00,-179.00,-98.00,-47.00,-36.00,-31.00,-43.00,-54.00,-58.00,-59.00,-55.00,-52.00,-54.00,-53.00,-55.00,-67.00,-64.00,-54.00
38.00,37.00,34.00,31.00,40.00,46.00,-1.00,-19.00,44.00,36.00,-15.00,-35.00,-52.00,-19.00,18.00,28.00,35.00,98.00,244.00,316.00,319.00,357.00,293.00,137.00,96.00,125.00,109.00,44.00,-83.00,-152.00,-83.00,-36.00,-72.00,-110.00,-40.00,98.00,123.00,128.00,214.00,270.00,224.00,132.00,155.00,197.00,166.00,135.00,53.00,32.00,82.00,66.00,3.00,-63.00,-74.00,-80.00,-94.00,-3.00,96.00,98.00,48.00,48.00,115.00,102.00,30.00,4.00,-6.00,-14.00,8.00,25.00,9.00,-25.00,-87.00,-103.00,-38.00,17.00,29.00,-1.00,-56.00,-78.00,-31.00,5.00,-12.00,12.00,53.00,42.00,16.00,-5.00,-4.00,10.00,14.00,-3.00,-81.00,-127.00,-88.00,-58.00,-28.00,-14.00,-83.00,-228.00,-333.00,-272.00,-163.00,-172.00,-233.00,-261.00,-272.00,-223.00,-107.00,-37.00,-18.00,-19.00,61.00,202.00,137.00,23.00,52.00,80.00,85.00,15.00,-107.00,-180.00,-241.00,-218.00,-204.00,-310.00,-376.00,-394.00,-415.00,-345.00,-252.00,-307.00,-356.00,-209.00,-6.00,53.00,81.00,179.00,253.00,323.00,367.00,393.00,428.00,363.00,287.00,344.00,408.00,412.00,416.00,426.00,403.00,335.00,305.00,284.00,214.00,165.00,161.00,130.00,28.00,-33.00,-21.00,12.00,52.00,62.00,61.00,26.00,-31.00,-56.00,-59.00,-55.00,-46.00,-21.00,-31.00,-66.00,-83.00,-128.00,-208.00,-279.00,-287.00,-260.00,-251.00,-253.00,-258.00,-237.00,-197.00,-191.00,-206.00,-200.00,-186.00,-185.00,-186.00,-183.00,-186.00,-181.00,-156.00,-140.00,-154.00,-170.00,-123.00,-58.00,-42.00,-42.00
-4.00,-15.00,-15.00,13.00,35.00,37.00,35.00,27.00,25.00,67.00,88.00,33.00,12.00,58.00,120.00,131.00,39.00,65.00,186.00,156.00,73.00,4.00,-51.00,-58.00,-56.00,-35.00,-5.00,-22.00,-59.00,-50.00,6.00,46.00,70.00,93.00,92.00,79.00,87.00,34.00,-147.00,-196.00,-33.00,79.00,135.00,174.00,138.00,101.00,103.00,44.00,-74.00,-6.00,74.00,-77.00,-168.00,-116.00,-89.00,-110.00,-70.00,50.00,120.00,100.00,89.00,93.00,31.00,8.00,45.00,28.00,-11.00,-25.00,-15.00,-10.00,-21.00,-17.00,-1.00,-1.00,-14.00,-7.00,-13.00,-52.00,-43.00,-15.00,-32.00,-18.00,23.00,36.00,32.00,4.00,-8.00,20.00,6.00,-27.00,-11.00,-7.00,-11.00,-5.00,-6.00,9.00,54.00,90.00,-3.00,-130.00,-100.00,-32.00,-20.00,-13.00,-13.00,-62.00,-144.00,-156.00,-87.00,-17.00,5.00,8.00,-17.00,-2.00,76.00,50.00,-28.00,-52.00,-55.00,-62.00,-68.00,-76.00,-87.00,-106.00,-154.00,-184.00,-245.00,-294.00,-275.00,-361.00,-462.00,-438.00,-383.00,-364.00,-385.00,-411.00,-410.00,-398.00,-367.00,-251.00,-89.00,-3.00,2.00,3.00,71.00,206.00,324.00,416.00,471.00,464.00,433.00,429.00,432.00,393.00,353.00,330.00,295.00,246.00,220.00,233.00,220.00,165.00,137.00,136.00,116.00,77.00,43.00,10.00,-5.00,3.00,12.00,21.00,70.00,109.00,37.00,-48.00,-82.00,-87.00,-73.00,-80.00,-93.00,-71.00,-36.00,-64.00,-160.00,-245.00,-290.00,-300.00,-259.00,-210.00,-211.00,-225.00,-208.00,-203.00,-222.00,-212.00,-186.00,-162.00,-146.00,-146.00
-28.00,-33.00,-33.00,-15.00,-1.00,1.00,1.00,-30.00,-74.00,-9.00,111.00,125.00,73.00,44.00,51.00,38.00,33.00,75.00,76.00,63.00,58.00,-2.00,-141.00,-299.00,-279.00,-201.00,-297.00,-281.00,-131.00,-168.00,-190.00,-132.00,-112.00,-2.00,-3.00,-150.00,-178.00,-138.00,-126.00,-139.00,-165.00,-123.00,-49.00,-42.00,-101.00,-182.00,-187.00,-109.00,-13.00,89.00,217.00,240.00,107.00,28.00,14.00,-33.00,-72.00,-94.00,-131.00,-144.00,-81.00,-4.00,8.00,-1.00,3.00,4.00,21.00,36.00,13.00,-9.00,38.00,91.00,30.00,-37.00,-15.00,20.00,17.00,1.00,11.00,7.00,-6.00,24.00,55.00,32.00,-7.00,-15.00,2.00,5.00,-59.00,-169.00,-179.00,-74.00,5.00,26.00,18.00,6.00,12.00,36.00,36.00,-45.00,-96.00,-37.00,-16.00,-44.00,-18.00,16.00,-5.00,-45.00,-49.00,-11.00,14.00,6.00,3.00,2.00,3.00,9.00,2.00,11.00,26.00,24.00,21.00,2.00,0.00,8.00,-13.00,-19.00,-8.00,-12.00,-25.00,-54.00,-99.00,-146.00,-186.00,-190.00,-235.00,-357.00,-395.00,-387.00,-442.00,-472.00,-447.00,-419.00,-409.00,-410.00,-411.00,-402.00,-350.00,-255.00,-167.00,-94.00,-8.00,125.00,249.00,289.00,281.00,320.00,371.00,359.00,356.00,376.00,403.00,390.00,325.00,318.00,361.00,392.00,372.00,250.00,114.00,76.00,89.00,68.00,78.00,96.00,47.00,48.00,38.00,-8.00,3.00,25.00,35.00,6.00,-45.00,-58.00,-49.00,-52.00,-63.00,-58.00,-33.00,-25.00,-35.00,-42.00,-46.00,-65.00,-108.00,-95.00,-83.00,-152.00,-230.00,-264.00
-14.00,2.00,12.00,-7.00,-27.00,-28.00,-18.00,-45.00,-66.00,-10.00,53.00,54.00,21.00,-10.00,-91.00,-134.00,-43.00,-2.00,12.00,106.00,135.00,78.00,41.00,36.00,24.00,-28.00,-134.00,-156.00,-120.00,-188.00,-175.00,-114.00,-115.00,-25.00,3.00,-64.00,-67.00,97.00,396.00,354.00,45.00,-31.00,13.00,16.00,-26.00,-98.00,-139.00,-91.00,33.00,35.00,-9.00,30.00,-5.00,-67.00,-42.00,-6.00,51.00,92.00,27.00,-14.00,-28.00,-59.00,-36.00,0.00,19.00,-38.00,-128.00,-121.00,-70.00,-20.00,15.00,16.00,21.00,45.00,42.00,15.00,-1.00,-15.00,-2.00,21.00,-11.00,-51.00,-26.00,2.00,-32.00,-56.00,-15.00,30.00,58.00,60.00,39.00,33.00,65.00,91.00,41.00,-17.00,-36.00,-45.00,-19.00,-16.00,-54.00,-37.00,-42.00,-68.00,-38.00,-16.00,33.00,134.00,137.00,48.00,8.00,7.00,25.00,4.00,-53.00,-34.00,7.00,14.00,8.00,-4.00,-9.00,-9.00,8.00,26.00,4.00,-23.00,-19.00,-19.00,-20.00,-8.00,-6.00,-8.00,-20.00,-37.00,-26.00,-9.00,-1.00,-3.00,-68.00,-177.00,-220.00,-204.00,-245.00,-344.00,-387.00,-389.00,-409.00,-428.00,-455.00,-455.00,-410.00,-380.00,-390.00,-387.00,-325.00,-273.00,-269.00,-206.00,-30.00,147.00,245.00,288.00,296.00,292.00,314.00,350.00,358.00,346.00,282.00,223.00,245.00,187.00,70.00,28.00,-11.00,-53.00,-32.00,0.00,-12.00,-6.00,6.00,-21.00,-33.00,-19.00,-13.00,7.00,28.00,17.00,0.00,-17.00,-26.00,-13.00,5.00,8.00,-12.00,-51.00,-83.00,-107.00,-140.00,-158.00
6.00,5.00,-1.00,-11.00,-7.00,4.00,11.00,80.00,154.00,100.00,36.00,20.00,-21.00,-59.00,-63.00,-38.00,-61.00,-69.00,-6.00,7.00,-6.00,-2.00,81.00,251.00,248.00,173.00,286.00,287.00,178.00,243.00,220.00,125.00,140.00,78.00,77.00,182.00,130.00,81.00,92.00,58.00,139.00,170.00,80.00,86.00,135.00,153.00,152.00,103.00,-10.00,-104.00,-135.00,-71.00,108.00,249.00,305.00,250.00,150.00,150.00,103.00,9.00,-51.00,-81.00,-41.00,-21.00,-35.00,-55.00,-29.00,52.00,51.00,48.00,64.00,25.00,15.00,30.00,17.00,12.00,46.00,46.00,10.00,26.00,47.00,17.00,-2.00,10.00,18.00,17.00,17.00,-3.00,-18.00,7.00,23.00,21.00,37.00,50.00,24.00,-40.00,-84.00,-75.00,-98.00,-110.00,-64.00,-68.00,-86.00,-71.00,-87.00,-120.00,-111.00,-63.00,-16.00,2.00,4.00,7.00,4.00,0.00,3.00,4.00,-2.00,-6.00,-3.00,-5.00,-9.00,-5.00,64.00,236.00,276.00,107.00,2.00,-12.00,-22.00,13.00,39.00,0.00,-26.00,-10.00,5.00,4.00,-14.00,-16.00,6.00,41.00,52.00,11.00,-9.00,11.00,22.00,4.00,-74.00,-190.00,-241.00,-209.00,-218.00,-311.00,-392.00,-414.00,-397.00,-386.00,-403.00,-416.00,-401.00,-342.00,-308.00,-331.00,-299.00,-250.00,-247.00,-249.00,-160.00,51.00,214.00,253.00,192.00,80.00,2.00,-16.00,5.00,21.00,27.00,25.00,8.00,-22.00,-52.00,-39.00,-12.00,-13.00,-15.00,-10.00,3.00,11.00,-17.00,-48.00,-45.00,-35.00,-27.00,-3.00,11.00,-52.00,-129.00,-95.00,-16.00,12.00
-16.00,-13.00,0.00,19.00,36.00,35.00,67.00,138.00,107.00,7.00,-33.00,4.00,23.00,-24.00,-20.00,2.00,-17.00,-23.00,-20.00,-15.00,-7.00,-56.00,-171.00,-198.00,-100.00,-40.00,-45.00,-27.00,36.00,110.00,100.00,83.00,110.00,55.00,80.00,224.00,268.00,175.00,47.00,48.00,106.00,78.00,46.00,47.00,47.00,44.00,41.00,33.00,30.00,36.00,38.00,100.00,201.00,207.00,158.00,168.00,126.00,45.00,124.00,224.00,214.00,142.00,93.00,124.00,102.00,48.00,124.00,206.00,143.00,90.00,80.00,36.00,11.00,31.00,50.00,27.00,43.00,109.00,113.00,69.00,41.00,29.00,32.00,36.00,44.00,14.00,-39.00,-11.00,47.00,95.00,197.00,229.00,57.00,-72.00,-24.00,46.00,56.00,2.00,-46.00,-70.00,-82.00,-73.00,-65.00,-46.00,-3.00,-34.00,-168.00,-252.00,-182.00,-56.00,-38.00,-64.00,-79.00,-81.00,-11.00,19.00,1.00,3.00,0.00,-2.00,-2.00,0.00,75.00,242.00,376.00,428.00,407.00,256.00,161.00,259.00,226.00,38.00,-34.00,-19.00,-16.00,-17.00,-21.00,-28.00,-18.00,30.00,61.00,14.00,-17.00,2.00,5.00,1.00,-5.00,-19.00,-2.00,28.00,31.00,16.00,-4.00,-44.00,-98.00,-115.00,-114.00,-141.00,-222.00,-277.00,-284.00,-361.00,-386.00,-343.00,-376.00,-325.00,-155.00,-100.00,-55.00,11.00,-103.00,-161.00,-79.00,-51.00,-24.00,33.00,20.00,-38.00,-50.00,-61.00,-57.00,-6.00,12.00,-4.00,-11.00,-22.00,-9.00,36.00,27.00,-12.00,-3.00,5.00,-7.00,11.00,19.00,0.00,21.00,49.00,62.00,74.00
26.00,24.00,21.00,17.00,7.00,-3.00,23.00,39.00,29.00,46.00,44.00,56.00,122.00,126.00,20.00,-48.00,-23.00,-18.00,-35.00,-18.00,-3.00,-47.00,-168.00,-219.00,-122.00,-117.00,-225.00,-195.00,-129.00,-227.00,-244.00,-170.00,-174.00,-96.00,-46.00,-48.00,103.00,182.00,146.00,138.00,45.00,-7.00,17.00,44.00,77.00,43.00,13.00,25.00,13.00,-27.00,-44.00,-39.00,-69.00,-148.00,-213.00,-93.00,100.00,134.00,190.00,283.00,314.00,264.00,99.00,-7.00,-6.00,6.00,12.00,11.00,6.00,1.00,-38.00,-65.00,-47.00,-19.00,27.00,37.00,22.00,24.00,19.00,11.00,8.00,7.00,8.00,8.00,-1.00,-11.00,-14.00,13.00,96.00,204.00,265.00,210.00,122.00,84.00,34.00,-12.00,-47.00,-67.00,-31.00,-23.00,-71.00,-33.00,79.00,128.00,93.00,41.00,33.00,28.00,8.00,-5.00,-83.00,-150.00,-72.00,2.00,0.00,-2.00,0.00,8.00,11.00,18.00,19.00,-8.00,-25.00,-56.00,27.00,279.00,419.00,382.00,332.00,371.00,432.00,445.00,374.00,253.00,267.00,352.00,259.00,52.00,-26.00,22.00,49.00,12.00,-8.00,5.00,-2.00,-14.00,-16.00,-16.00,-11.00,-4.00,2.00,6.00,5.00,-6.00,-8.00,25.00,51.00,30.00,-12.00,-14.00,6.00,-41.00,-71.00,-44.00,-84.00,-55.00,-10.00,-156.00,-251.00,-158.00,-66.00,-57.00,-64.00,-60.00,-34.00,-14.00,-6.00,-6.00,-21.00,-9.00,8.00,8.00,13.00,23.00,19.00,7.00,-12.00,-41.00,-56.00,-38.00,-15.00,-18.00,-12.00,3.00,-1.00,24.00,53.00,22.00,15.00,38.00
18.00,10.00,-1.00,0.00,-2.00,-9.00,-8.00,15.00,58.00,78.00,87.00,88.00,62.00,30.00,11.00,50.00,93.00,36.00,-74.00,-162.00,-226.00,-180.00,5.00,106.00,45.00,40.00,153.00,163.00,43.00,-42.00,-86.00,-101.00,-68.00,-34.00,-43.00,-69.00,-67.00,-50.00,-52.00,0.00,61.00,29.00,14.00,25.00,9.00,11.00,32.00,46.00,51.00,37.00,8.00,-18.00,-27.00,-33.00,-38.00,-14.00,24.00,32.00,14.00,31.00,53.00,-13.00,-105.00,-113.00,-70.00,-20.00,8.00,8.00,6.00,23.00,100.00,138.00,117.00,142.00,133.00,72.00,79.00,136.00,98.00,-7.00,-54.00,-58.00,-43.00,22.00,77.00,107.00,126.00,77.00,45.00,37.00,-27.00,-54.00,21.00,93.00,108.00,105.00,85.00,32.00,-17.00,-24.00,-40.00,-44.00,24.00,58.00,-15.00,-21.00,64.00,61.00,21.00,21.00,2.00,-33.00,-32.00,-66.00,-106.00,-53.00,-5.00,1.00,-43.00,-112.00,-105.00,-51.00,-17.00,-78.00,-235.00,-351.00,-324.00,-155.00,-73.00,-69.00,151.00,396.00,436.00,416.00,428.00,442.00,439.00,442.00,399.00,245.00,180.00,244.00,176.00,32.00,-28.00,-41.00,-33.00,-17.00,-13.00,-15.00,-9.00,-19.00,-39.00,-24.00,-18.00,-27.00,-10.00,7.00,9.00,7.00,7.00,5.00,25.00,52.00,35.00,15.00,-44.00,-148.00,-213.00,-151.00,52.00,124.00,-11.00,-81.00,-12.00,32.00,36.00,58.00,70.00,64.00,31.00,-10.00,-20.00,-17.00,-15.00,16.00,9.00,-47.00,-54.00,-48.00,-59.00,-62.00,-44.00,-30.00,-55.00,-72.00,-83.00,-88.00,-39.00,2.00
-22.00,-18.00,-12.00,-12.00,-13.00,-13.00,-16.00,-25.00,6.00,59.00,8.00,-71.00,-72.00,-18.00,99.00,200.00,246.00,173.00,-68.00,-227.00,-236.00,-206.00,-15.00,183.00,92.00,-22.00,47.00,105.00,151.00,256.00,259.00,198.00,174.00,103.00,87.00,89.00,-15.00,-139.00,-217.00,-203.00,-112.00,-34.00,25.00,10.00,-55.00,-40.00,-10.00,0.00,32.00,62.00,79.00,83.00,78.00,95.00,93.00,16.00,-50.00,-70.00,-93.00,-78.00,-34.00,-36.00,-60.00,-72.00,-52.00,0.00,-79.00,-296.00,-399.00,-292.00,-77.00,64.00,118.00,116.00,-29.00,-204.00,-236.00,-173.00,-126.00,-41.00,17.00,-21.00,-41.00,0.00,99.00,120.00,17.00,-18.00,40.00,30.00,-57.00,-100.00,-96.00,-52.00,45.00,137.00,184.00,157.00,88.00,46.00,82.00,107.00,22.00,-51.00,-22.00,49.00,60.00,7.00,-34.00,-7.00,92.00,61.00,-129.00,-187.00,-129.00,-88.00,-46.00,-45.00,-100.00,-158.00,-157.00,-68.00,19.00,26.00,-88.00,-289.00,-405.00,-441.00,-465.00,-435.00,-395.00,-375.00,-252.00,-82.00,-40.00,-13.00,143.00,352.00,459.00,412.00,364.00,418.00,440.00,375.00,275.00,248.00,340.00,328.00,147.00,-8.00,-53.00,-54.00,-52.00,-42.00,-53.00,-71.00,-47.00,0.00,26.00,5.00,-21.00,-2.00,21.00,22.00,22.00,13.00,-21.00,-48.00,-72.00,-132.00,-41.00,137.00,52.00,-86.00,-60.00,-37.00,-41.00,-22.00,-7.00,-6.00,-14.00,-17.00,-18.00,-28.00,-37.00,-44.00,-30.00,-6.00,4.00,-7.00,-31.00,-30.00,-13.00,-12.00,-6.00,-12.00,-36.00,-27.00,4.00,18.00
-12.00,-8.00,-9.00,-15.00,-13.00,-12.00,-58.00,-93.00,-27.00,-17.00,-78.00,-64.00,-19.00,30.00,56.00,39.00,61.00,112.00,56.00,-32.00,-23.00,-44.00,-129.00,-142.00,-106.00,-155.00,-212.00,-109.00,119.00,253.00,171.00,26.00,-20.00,39.00,147.00,165.00,82.00,33.00,12.00,-22.00,-30.00,2.00,16.00,-29.00,-75.00,-81.00,-83.00,-86.00,-119.00,-176.00,-162.00,-124.00,-182.00,-215.00,-135.00,-78.00,-67.00,-57.00,-57.00,-71.00,-66.00,2.00,72.00,85.00,100.00,104.00,56.00,-58.00,-195.00,-147.00,47.00,141.00,131.00,1.00,-243.00,-346.00,-298.00,-245.00,-156.00,-38.00,75.00,140.00,93.00,-14.00,-1.00,112.00,70.00,-70.00,-41.00,79.00,95.00,9.00,-100.00,-237.00,-293.00,-174.00,-16.00,102.00,108.00,48.00,66.00,113.00,112.00,85.00,46.00,5.00,-26.00,-48.00,-51.00,-18.00,59.00,97.00,117.00,213.00,178.00,-11.00,-109.00,-157.00,-170.00,-88.00,-58.00,-109.00,-113.00,-28.00,44.00,13.00,-67.00,-169.00,-227.00,-211.00,-270.00,-388.00,-432.00,-452.00,-483.00,-471.00,-439.00,-391.00,-254.00,-96.00,-15.00,89.00,250.00,367.00,420.00,444.00,464.00,478.00,470.00,377.00,207.00,136.00,167.00,153.00,76.00,-7.00,-32.00,-13.00,-25.00,-80.00,-111.00,-70.00,-19.00,-3.00,-5.00,-17.00,-31.00,-38.00,-29.00,-89.00,-107.00,62.00,139.00,80.00,83.00,96.00,81.00,69.00,43.00,-3.00,-47.00,-57.00,-46.00,-50.00,-54.00,-55.00,-49.00,-38.00,-29.00,-15.00,-12.00,-19.00,-27.00,-26.00,-14.00,4.00,32.00,51.00,38.00,22.00
-12.00,-6.00,2.00,3.00,-4.00,-10.00,-41.00,-57.00,-89.00,-191.00,-175.00,-61.00,-9.00,15.00,37.00,17.00,4.00,36.00,72.00,71.00,13.00,-14.00,-85.00,-259.00,-287.00,-146.00,-44.00,5.00,7.00,7.00,44.00,31.00,28.00,50.00,78.00,89.00,56.00,97.00,174.00,180.00,120.00,21.00,-34.00,-70.00,-233.00,-338.00,-334.00,-461.00,-569.00,-564.00,-550.00,-527.00,-488.00,-427.00,-287.00,-110.00,-83.00,-110.00,-67.00,-23.00,2.00,-20.00,-67.00,-55.00,0.00,13.00,126.00,331.00,359.00,226.00,106.00,7.00,-96.00,-163.00,-196.00,-137.00,-36.00,59.00,121.00,78.00,62.00,94.00,96.00,-39.00,-305.00,-306.00,-60.00,-77.00,-297.00,-240.00,-13.00,14.00,-86.00,-130.00,-136.00,-128.00,-9.00,88.00,45.00,32.00,39.00,1.00,-9.00,-14.00,-7.00,15.00,8.00,16.00,33.00,25.00,24.00,100.00,189.00,152.00,64.00,9.00,-37.00,16.00,159.00,216.00,172.00,32.00,-102.00,-96.00,-66.00,-51.00,-32.00,-11.00,21.00,66.00,83.00,-20.00,-153.00,-224.00,-304.00,-407.00,-451.00,-424.00,-412.00,-410.00,-399.00,-418.00,-323.00,-88.00,34.00,13.00,15.00,115.00,295.00,425.00,430.00,411.00,434.00,465.00,465.00,381.00,254.00,253.00,308.00,184.00,-11.00,-71.00,-66.00,-66.00,-63.00,-57.00,-50.00,-52.00,-39.00,-46.00,-89.00,-29.00,137.00,245.00,268.00,282.00,302.00,237.00,99.00,43.00,74.00,76.00,47.00,45.00,73.00,86.00,31.00,-52.00,-70.00,-34.00,-13.00,-20.00,-37.00,-46.00,-46.00,-10.00,36.00,16.00,-14.00,-14.00
12.00,6.00,6.00,13.00,10.00,5.00,13.00,25.00,-25.00,-86.00,-77.00,-50.00,-12.00,34.00,66.00,73.00,59.00,18.00,56.00,158.00,103.00,33.00,94.00,89.00,23.00,48.00,58.00,-13.00,-51.00,-36.00,58.00,171.00,117.00,18.00,5.00,1.00,-6.00,-4.00,10.00,24.00,29.00,7.00,-7.00,48.00,43.00,-46.00,-41.00,31.00,94.00,160.00,195.00,197.00,234.00,245.00,155.00,65.00,33.00,24.00,6.00,-14.00,-15.00,-17.00,-52.00,-80.00,-89.00,-86.00,-38.00,62.00,177.00,120.00,-104.00,-262.00,-347.00,-304.00,-101.00,82.00,214.00,277.00,240.00,98.00,-67.00,-45.00,78.00,48.00,-83.00,-86.00,41.00,54.00,-62.00,-47.00,30.00,-1.00,-43.00,-23.00,-24.00,-63.00,-50.00,-30.00,-14.00,60.00,100.00,49.00,0.00,-23.00,-31.00,0.00,17.00,-5.00,-8.00,6.00,-79.00,-161.00,-75.00,0.00,12.00,36.00,49.00,95.00,197.00,260.00,256.00,253.00,175.00,47.00,10.00,-1.00,-28.00,-22.00,-3.00,37.00,90.00,53.00,-25.00,-50.00,-53.00,-67.00,-82.00,-57.00,-71.00,-114.00,-171.00,-303.00,-379.00,-380.00,-376.00,-360.00,-335.00,-289.00,-233.00,-144.00,19.00,183.00,249.00,282.00,356.00,421.00,434.00,418.00,426.00,422.00,396.00,369.00,214.00,58.00,86.00,87.00,52.00,58.00,2.00,-32.00,-68.00,-111.00,0.00,122.00,115.00,110.00,151.00,182.00,216.00,273.00,330.00,347.00,337.00,332.00,262.00,137.00,97.00,128.00,134.00,122.00,114.00,116.00,95.00,49.00,54.00,69.00,40.00,-5.00,-32.00,-34.00
-12.00,-15.00,-13.00,-5.00,-6.00,-14.00,35.00,88.00,37.00,9.00,81.00,142.00,107.00,26.00,-22.00,-76.00,-151.00,-147.00,-41.00,21.00,20.00,66.00,119.00,138.00,118.00,57.00,36.00,44.00,17.00,-9.00,2.00,52.00,62.00,0.00,-25.00,-14.00,-6.00,0.00,-30.00,-117.00,-213.00,-228.00,-131.00,47.00,275.00,369.00,347.00,453.00,535.00,534.00,547.00,544.00,521.00,479.00,373.00,209.00,155.00,166.00,124.00,64.00,35.00,39.00,28.00,12.00,-5.00,-9.00,-36.00,-63.00,-16.00,73.00,123.00,62.00,32.00,78.00,55.00,96.00,289.00,347.00,188.00,45.00,-45.00,-100.00,-55.00,69.00,162.00,109.00,42.00,124.00,177.00,73.00,-5.00,-11.00,-9.00,-64.00,-133.00,-78.00,-43.00,-42.00,49.00,101.00,29.00,-57.00,-39.00,54.00,79.00,-6.00,-83.00,-77.00,-45.00,-41.00,-162.00,-247.00,-96.00,39.00,37.00,24.00,15.00,-12.00,1.00,82.00,197.00,275.00,233.00,153.00,148.00,159.00,163.00,133.00,44.00,19.00,48.00,14.00,-36.00,-35.00,-11.00,3.00,0.00,43.00,92.00,9.00,-78.00,-49.00,-107.00,-269.00,-282.00,-237.00,-271.00,-295.00,-362.00,-422.00,-408.00,-323.00,-228.00,-236.00,-248.00,-149.00,32.00,108.00,84.00,174.00,339.00,445.00,419.00,347.00,374.00,346.00,268.00,278.00,224.00,99.00,20.00,-35.00,-60.00,-34.00,-18.00,-22.00,-18.00,54.00,185.00,235.00,216.00,216.00,229.00,219.00,197.00,201.00,254.00,341.00,380.00,367.00,340.00,244.00,99.00,41.00,78.00,75.00,43.00,63.00,64.00,42.00
-2.00,2.00,-1.00,-20.00,-28.00,-11.00,18.00,11.00,-30.00,-39.00,-33.00,-96.00,-129.00,-16.00,11.00,-61.00,-75.00,-61.00,-47.00,-78.00,-58.00,9.00,-9.00,-89.00,-145.00,-118.00,15.00,97.00,26.00,-20.00,-6.00,-16.00,13.00,70.00,33.00,-17.00,-2.00,-43.00,-81.00,-32.00,-27.00,-35.00,-25.00,-70.00,-54.00,29.00,27.00,-37.00,-81.00,-105.00,-92.00,-43.00,-10.00,16.00,43.00,37.00,21.00,42.00,68.00,74.00,80.00,71.00,68.00,28.00,-70.00,-117.00,-113.00,-88.00,-59.00,-51.00,-27.00,36.00,145.00,182.00,111.00,71.00,71.00,34.00,-48.00,33.00,162.00,56.00,-41.00,-1.00,-12.00,-73.00,-43.00,0.00,-45.00,-76.00,-55.00,-51.00,39.00,204.00,197.00,98.00,58.00,37.00,56.00,33.00,-38.00,-29.00,-9.00,-6.00,47.00,76.00,49.00,36.00,14.00,-29.00,-27.00,14.00,-6.00,-104.00,-147.00,-60.00,33.00,51.00,2.00,-67.00,-57.00,-8.00,26.00,70.00,165.00,315.00,422.00,460.00,404.00,195.00,53.00,99.00,103.00,40.00,16.00,26.00,39.00,53.00,68.00,-20.00,-112.00,-92.00,-62.00,-15.00,3.00,-53.00,-49.00,-43.00,-152.00,-220.00,-245.00,-277.00,-256.00,-298.00,-378.00,-409.00,-405.00,-350.00,-290.00,-258.00,-218.00,-85.00,121.00,226.00,240.00,225.00,183.00,253.00,357.00,324.00,262.00,143.00,-35.00,-97.00,-118.00,-160.00,-176.00,-127.00,-32.00,-1.00,-16.00,-20.00,-25.00,-26.00,50.00,176.00,226.00,215.00,199.00,203.00,227.00,231.00,211.00,210.00,247.00,285.00,301.00,275.00,163.00,80.00
-6.00,-8.00,-14.00,-16.00,-6.00,6.00,7.00,-10.00,7.00,15.00,-76.00,-132.00,-71.00,-5.00,1.00,80.00,175.00,77.00,-55.00,-52.00,-7.00,18.00,33.00,11.00,38.00,111.00,119.00,86.00,44.00,20.00,-14.00,-48.00,-43.00,-34.00,-24.00,-13.00,2.00,-8.00,9.00,125.00,222.00,242.00,154.00,17.00,-10.00,26.00,41.00,31.00,29.00,29.00,0.00,-60.00,-131.00,-171.00,-172.00,-161.00,-160.00,-154.00,-140.00,-130.00,-131.00,-116.00,-112.00,-169.00,-225.00,-226.00,-185.00,-92.00,-29.00,-135.00,-222.00,-148.00,-79.00,-39.00,95.00,177.00,17.00,-111.00,-55.00,-11.00,35.00,89.00,-9.00,-144.00,-139.00,-118.00,-166.00,-185.00,-94.00,-39.00,-68.00,-22.00,40.00,82.00,85.00,-12.00,-104.00,-95.00,-66.00,-87.00,-72.00,4.00,53.00,46.00,19.00,38.00,69.00,19.00,-21.00,-6.00,52.00,100.00,47.00,-7.00,-12.00,-12.00,30.00,88.00,40.00,-136.00,-283.00,-254.00,-114.00,-109.00,-164.00,-50.00,95.00,255.00,414.00,350.00,241.00,353.00,464.00,436.00,362.00,239.00,94.00,19.00,12.00,-33.00,-69.00,-44.00,-41.00,-45.00,-23.00,-31.00,-47.00,-35.00,-25.00,-24.00,-37.00,-67.00,-83.00,-104.00,-149.00,-208.00,-321.00,-422.00,-418.00,-404.00,-447.00,-469.00,-459.00,-401.00,-273.00,-195.00,-167.00,-41.00,119.00,190.00,170.00,57.00,-18.00,-66.00,-196.00,-285.00,-299.00,-286.00,-234.00,-178.00,-125.00,-105.00,-162.00,-134.00,-8.00,26.00,-2.00,-12.00,-20.00,-26.00,3.00,107.00,213.00,226.00,212.00,225.00,234.00,236.00,222.00,206.00
-166.00,-132.00,-95.00,-134.00,-159.00,-135.00,-65.00,56.00,105.00,144.00,171.00,161.00,139.00,13.00,-30.00,-77.00,-194.00,-148.00,-38.00,47.00,49.00,33.00,52.00,69.00,111.00,103.00,73.00,61.00,23.00,13.00,26.00,16.00,12.00,6.00,-8.00,-12.00,-1.00,51.00,96.00,55.00,6.00,-1.00,17.00,22.00,-9.00,-23.00,-33.00,-38.00,-32.00,-86.00,-202.00,-281.00,-275.00,-245.00,-210.00,-164.00,-160.00,-191.00,-218.00,-232.00,-234.00,-239.00,-252.00,-219.00,-132.00,-97.00,-123.00,-98.00,-23.00,1.00,18.00,67.00,70.00,99.00,200.00,176.00,10.00,-113.00,-205.00,-338.00,-272.00,-5.00,1.00,-121.00,-64.00,-54.00,-162.00,-143.00,-12.00,-42.00,-92.00,7.00,-20.00,-126.00,-104.00,-132.00,-193.00,-118.00,-56.00,-59.00,-52.00,-76.00,-89.00,-65.00,-41.00,-3.00,47.00,53.00,23.00,8.00,4.00,-1.00,22.00,50.00,16.00,-25.00,-20.00,-4.00,10.00,-44.00,-118.00,-101.00,-79.00,-133.00,-237.00,-319.00,-374.00,-402.00,-292.00,-96.00,32.00,174.00,339.00,455.00,518.00,509.00,474.00,305.00,151.00,239.00,211.00,49.00,51.00,83.00,39.00,9.00,-14.00,-33.00,-21.00,0.00,3.00,-58.00,-105.00,-64.00,-15.00,-4.00,-29.00,-86.00,-131.00,-162.00,-223.00,-330.00,-463.00,-525.00,-500.00,-482.00,-474.00,-449.00,-308.00,-142.00,-228.00,-292.00,-95.00,-7.00,-114.00,-162.00,-151.00,-219.00,-340.00,-371.00,-327.00,-296.00,-273.00,-247.00,-215.00,-197.00,-210.00,-210.00,-199.00,-146.00,-46.00,-14.00,-24.00,-14.00,-15.00,-24.00,-20.00,33.00,128.00,176.00
-156.00,-156.00,-180.00,-214.00,-233.00,-245.00,-190.00,-78.00,2.00,62.00,68.00,12.00,-3.00,-2.00,-23.00,-82.00,-118.00,-44.00,33.00,46.00,33.00,4.00,-12.00,1.00,-41.00,-136.00,-132.00,-33.00,13.00,8.00,11.00,13.00,15.00,19.00,5.00,-13.00,-11.00,-85.00,-154.00,-61.00,9.00,0.00,13.00,-51.00,-174.00,-217.00,-228.00,-249.00,-248.00,-250.00,-253.00,-197.00,-104.00,-82.00,-76.00,-19.00,6.00,-14.00,-52.00,-82.00,-93.00,-106.00,-64.00,22.00,55.00,15.00,-38.00,-96.00,-121.00,-4.00,95.00,-24.00,-231.00,-324.00,-373.00,-479.00,-527.00,-451.00,-369.00,-367.00,-342.00,-219.00,-31.00,112.00,196.00,188.00,6.00,-107.00,-69.00,-54.00,-109.00,-177.00,-195.00,-143.00,-57.00,-24.00,5.00,5.00,-31.00,31.00,64.00,-28.00,-92.00,-116.00,-127.00,-123.00,-121.00,-91.00,-48.00,-5.00,26.00,41.00,49.00,42.00,3.00,-33.00,-19.00,2.00,8.00,36.00,50.00,16.00,-75.00,-142.00,-127.00,-145.00,-211.00,-301.00,-348.00,-319.00,-341.00,-360.00,-261.00,-166.00,-54.00,161.00,349.00,360.00,315.00,442.00,548.00,436.00,259.00,156.00,85.00,28.00,-16.00,-29.00,19.00,36.00,18.00,-29.00,-92.00,-77.00,-37.00,-38.00,-22.00,-1.00,-29.00,-44.00,-10.00,-1.00,-26.00,-91.00,-209.00,-286.00,-315.00,-383.00,-366.00,-261.00,-287.00,-264.00,-81.00,0.00,-34.00,-53.00,-58.00,-74.00,-117.00,-160.00,-207.00,-238.00,-176.00,-176.00,-298.00,-341.00,-318.00,-312.00,-283.00,-254.00,-237.00,-217.00,-214.00,-181.00,-141.00,-115.00,-48.00,-16.00,-23.00,-18.00
-120.00,-120.00,-93.00,-30.00,-28.00,-91.00,-134.00,-143.00,-121.00,-167.00,-201.00,-135.00,-101.00,-24.00,57.00,103.00,138.00,60.00,4.00,12.00,31.00,23.00,-67.00,-119.00,-81.00,-13.00,32.00,28.00,15.00,19.00,26.00,39.00,45.00,16.00,-4.00,-2.00,-5.00,-4.00,-1.00,6.00,17.00,23.00,3.00,-54.00,-105.00,-112.00,-92.00,-83.00,-78.00,-26.00,34.00,40.00,24.00,5.00,-19.00,-6.00,79.00,150.00,104.00,10.00,-20.00,14.00,41.00,28.00,22.00,29.00,20.00,-34.00,-116.00,-143.00,-93.00,-63.00,-193.00,-378.00,-412.00,-325.00,-241.00,-153.00,-7.00,137.00,131.00,-3.00,-2.00,128.00,203.00,201.00,193.00,220.00,183.00,42.00,-101.00,-151.00,-144.00,-103.00,-20.00,14.00,-14.00,-33.00,0.00,59.00,52.00,-13.00,-52.00,-66.00,-115.00,-186.00,-164.00,-30.00,56.00,36.00,3.00,-57.00,-158.00,-160.00,-44.00,33.00,38.00,37.00,35.00,39.00,-14.00,-75.00,1.00,18.00,-82.00,-86.00,-26.00,-23.00,-100.00,-168.00,-211.00,-262.00,-293.00,-348.00,-388.00,-373.00,-308.00,-176.00,-35.00,101.00,281.00,420.00,398.00,316.00,339.00,353.00,274.00,217.00,165.00,72.00,15.00,-6.00,-30.00,-5.00,10.00,-8.00,-22.00,-39.00,-41.00,-23.00,9.00,19.00,18.00,25.00,22.00,23.00,9.00,-31.00,-135.00,-149.00,19.00,60.00,-3.00,-9.00,-34.00,-75.00,-91.00,-75.00,-38.00,-20.00,-45.00,-80.00,-101.00,-108.00,-120.00,-127.00,-110.00,-88.00,-68.00,-118.00,-206.00,-187.00,-109.00,-87.00,-109.00,-153.00,-213.00,-234.00,-208.00,-190.00
-26.00,-18.00,5.00,10.00,0.00,2.00,-27.00,-55.00,-58.00,16.00,203.00,268.00,84.00,-82.00,-48.00,-1.00,-24.00,-33.00,-36.00,-23.00,5.00,-25.00,-60.00,-32.00,3.00,41.00,68.00,43.00,35.00,50.00,31.00,11.00,51.00,93.00,42.00,-1.00,4.00,13.00,23.00,8.00,-4.00,-9.00,-3.00,71.00,116.00,61.00,8.00,-37.00,0.00,147.00,222.00,207.00,156.00,80.00,9.00,-55.00,-73.00,-47.00,18.00,81.00,48.00,-22.00,-44.00,-31.00,0.00,29.00,33.00,29.00,29.00,-17.00,-68.00,42.00,305.00,489.00,482.00,409.00,369.00,295.00,205.00,195.00,170.00,37.00,-108.00,-149.00,-152.00,-87.00,126.00,260.00,244.00,256.00,262.00,174.00,124.00,120.00,41.00,-35.00,-59.00,-30.00,5.00,-50.00,-71.00,-43.00,-94.00,-114.00,-79.00,-42.00,37.00,110.00,113.00,45.00,-27.00,-140.00,-252.00,-191.00,-26.00,63.00,52.00,30.00,39.00,39.00,2.00,-5.00,27.00,35.00,24.00,3.00,-32.00,-62.00,-77.00,-83.00,-55.00,-1.00,-41.00,-114.00,-155.00,-241.00,-283.00,-290.00,-337.00,-409.00,-396.00,-218.00,19.00,189.00,291.00,387.00,418.00,386.00,399.00,373.00,267.00,205.00,158.00,82.00,16.00,-5.00,2.00,5.00,14.00,13.00,-1.00,-4.00,32.00,84.00,96.00,67.00,44.00,43.00,-29.00,2.00,168.00,118.00,-3.00,-24.00,-43.00,-34.00,-28.00,-40.00,-40.00,-42.00,-41.00,-41.00,-48.00,-43.00,-23.00,-19.00,-28.00,3.00,27.00,-1.00,-21.00,10.00,81.00,41.00,-88.00,-93.00,-80.00,-140.00,-168.00,-166.00
62.00,10.00,-61.00,-71.00,-69.00,-72.00,-75.00,-92.00,-53.00,115.00,269.00,247.00,129.00,-7.00,-67.00,-19.00,13.00,-3.00,-84.00,-124.00,-59.00,-26.00,-2.00,8.00,-72.00,-129.00,-84.00,-34.00,-19.00,14.00,39.00,50.00,39.00,-15.00,-25.00,1.00,7.00,3.00,-2.00,-5.00,-17.00,-39.00,-49.00,22.00,185.00,244.00,167.00,162.00,204.00,208.00,218.00,235.00,207.00,150.00,90.00,4.00,-96.00,-157.00,-68.00,129.00,224.00,170.00,87.00,43.00,5.00,-9.00,27.00,38.00,15.00,8.00,-56.00,-135.00,-29.00,207.00,347.00,283.00,133.00,67.00,64.00,32.00,-52.00,-128.00,-152.00,-156.00,-166.00,-161.00,-177.00,-212.00,-147.00,46.00,212.00,243.00,272.00,298.00,238.00,242.00,264.00,159.00,20.00,-97.00,-128.00,-80.00,-75.00,-53.00,14.00,66.00,54.00,-14.00,-32.00,-17.00,-18.00,-53.00,-105.00,-44.00,81.00,90.00,21.00,-12.00,13.00,36.00,15.00,-7.00,-19.00,31.00,120.00,121.00,62.00,30.00,36.00,26.00,-22.00,-34.00,-13.00,14.00,44.00,44.00,-22.00,-135.00,-248.00,-397.00,-483.00,-410.00,-323.00,-359.00,-370.00,-211.00,-45.00,71.00,227.00,360.00,413.00,428.00,412.00,362.00,288.00,253.00,271.00,188.00,56.00,19.00,36.00,42.00,20.00,15.00,14.00,3.00,1.00,-8.00,-23.00,-5.00,28.00,13.00,-6.00,-12.00,-14.00,6.00,9.00,0.00,-6.00,5.00,16.00,-17.00,-27.00,-3.00,-14.00,-35.00,-37.00,-15.00,22.00,17.00,-20.00,-23.00,8.00,15.00,-5.00,11.00,50.00,45.00,19.00,12.00
-82.00,-41.00,-27.00,-57.00,-55.00,-35.00,-14.00,-33.00,-53.00,-123.00,-191.00,-133.00,20.00,166.00,74.00,-84.00,12.00,145.00,70.00,-36.00,-37.00,-8.00,27.00,12.00,-68.00,-79.00,-34.00,-19.00,-81.00,-150.00,-55.00,27.00,-15.00,-12.00,14.00,-12.00,-65.00,-22.00,79.00,52.00,-8.00,-5.00,-32.00,-73.00,11.00,129.00,173.00,239.00,215.00,71.00,18.00,61.00,106.00,99.00,38.00,0.00,-10.00,-14.00,-34.00,-73.00,-49.00,74.00,181.00,159.00,63.00,4.00,26.00,67.00,76.00,85.00,100.00,109.00,51.00,-54.00,-68.00,23.00,132.00,177.00,158.00,118.00,117.00,108.00,10.00,-55.00,-54.00,-84.00,-149.00,-197.00,-229.00,-224.00,-108.00,67.00,164.00,168.00,194.00,247.00,256.00,147.00,-38.00,-96.00,-55.00,22.00,122.00,83.00,14.00,40.00,30.00,13.00,7.00,-1.00,68.00,157.00,81.00,-108.00,-177.00,-169.00,-151.00,-69.00,10.00,96.00,170.00,64.00,-106.00,-30.00,232.00,393.00,372.00,265.00,158.00,49.00,-16.00,-9.00,8.00,35.00,42.00,14.00,-7.00,-69.00,-111.00,-72.00,-96.00,-135.00,-142.00,-266.00,-402.00,-416.00,-372.00,-347.00,-321.00,-217.00,-20.00,168.00,267.00,344.00,427.00,470.00,470.00,460.00,373.00,292.00,327.00,258.00,66.00,-47.00,-56.00,-18.00,0.00,-12.00,-12.00,-73.00,-82.00,33.00,37.00,-11.00,-21.00,-49.00,-45.00,-28.00,-28.00,31.00,82.00,23.00,-20.00,-13.00,-25.00,-9.00,58.00,80.00,69.00,104.00,144.00,119.00,35.00,33.00,96.00,19.00,-95.00,-57.00,4.00,8.00
-104.00,-61.00,-29.00,-54.00,-31.00,4.00,-9.00,-16.00,-32.00,-130.00,-238.00,-176.00,34.00,147.00,70.00,-4.00,68.00,150.00,85.00,-7.00,-44.00,-65.00,8.00,92.00,72.00,41.00,23.00,60.00,100.00,43.00,-4.00,-3.00,-58.00,-118.00,-58.00,-2.00,2.00,40.00,57.00,22.00,3.00,8.00,-11.00,-26.00,-35.00,-58.00,-47.00,-20.00,-8.00,8.00,15.00,31.00,56.00,61.00,92.00,138.00,120.00,49.00,-27.00,-113.00,-161.00,-139.00,-77.00,24.00,121.00,162.00,158.00,168.00,174.00,138.00,127.00,153.00,178.00,134.00,-35.00,-126.00,-48.00,-10.00,-53.00,-37.00,70.00,135.00,128.00,130.00,146.00,147.00,141.00,144.00,129.00,65.00,-1.00,1.00,24.00,23.00,12.00,-61.00,-180.00,-181.00,-47.00,37.00,-1.00,6.00,85.00,53.00,-12.00,-3.00,8.00,-18.00,-52.00,-20.00,100.00,189.00,185.00,172.00,81.00,-64.00,-152.00,-246.00,-299.00,-217.00,-130.00,-131.00,-175.00,-159.00,24.00,241.00,356.00,408.00,427.00,355.00,282.00,222.00,74.00,34.00,63.00,14.00,6.00,17.00,-13.00,-3.00,27.00,6.00,2.00,29.00,-53.00,-202.00,-302.00,-392.00,-438.00,-443.00,-446.00,-407.00,-325.00,-241.00,-70.00,127.00,187.00,278.00,410.00,440.00,426.00,441.00,414.00,282.00,195.00,196.00,164.00,93.00,45.00,-52.00,-36.00,126.00,83.00,-15.00,-17.00,-25.00,-12.00,12.00,24.00,46.00,68.00,34.00,-18.00,-49.00,-42.00,15.00,82.00,103.00,73.00,86.00,138.00,75.00,-47.00,-97.00,-114.00,-117.00,-94.00,-41.00,-3.00,0.00
22.00,-21.00,-57.00,-31.00,-14.00,-39.00,-67.00,-69.00,-63.00,-26.00,-38.00,-96.00,-97.00,-76.00,24.00,133.00,18.00,-102.00,-2.00,41.00,-18.00,-38.00,-54.00,-38.00,42.00,84.00,50.00,13.00,6.00,12.00,17.00,-21.00,-79.00,-47.00,-2.00,25.00,82.00,138.00,139.00,55.00,0.00,-21.00,-46.00,-34.00,-43.00,-64.00,-43.00,-15.00,7.00,13.00,-12.00,-72.00,-182.00,-134.00,68.00,118.00,85.00,63.00,35.00,30.00,23.00,-41.00,-139.00,-143.00,-64.00,55.00,104.00,77.00,65.00,4.00,4.00,64.00,68.00,77.00,111.00,101.00,38.00,2.00,7.00,26.00,19.00,41.00,144.00,205.00,208.00,179.00,9.00,-84.00,-9.00,-151.00,-366.00,-348.00,-189.00,-98.00,-184.00,-263.00,-227.00,-93.00,18.00,-47.00,-85.00,-29.00,-71.00,-63.00,1.00,-8.00,29.00,22.00,-36.00,-19.00,17.00,65.00,160.00,213.00,151.00,91.00,22.00,-142.00,-268.00,-321.00,-315.00,-151.00,83.00,100.00,-153.00,-372.00,-325.00,-69.00,193.00,358.00,433.00,386.00,306.00,221.00,96.00,47.00,6.00,-57.00,-59.00,-21.00,-3.00,-24.00,-8.00,28.00,16.00,-37.00,-97.00,-120.00,-133.00,-165.00,-253.00,-400.00,-465.00,-443.00,-434.00,-433.00,-381.00,-309.00,-149.00,65.00,129.00,224.00,400.00,469.00,471.00,478.00,443.00,346.00,248.00,122.00,45.00,38.00,-14.00,-15.00,26.00,14.00,0.00,13.00,26.00,-23.00,-72.00,-36.00,-17.00,-44.00,-35.00,7.00,24.00,26.00,17.00,-45.00,-125.00,-161.00,-112.00,-50.00,-39.00,-6.00,37.00,26.00,4.00,2.00
18.00,-14.00,-57.00,-48.00,-30.00,3.00,99.00,179.00,187.00,173.00,145.00,108.00,18.00,-65.00,-5.00,51.00,-35.00,-81.00,69.00,128.00,39.00,19.00,38.00,66.00,109.00,137.00,55.00,-46.00,-28.00,3.00,-10.00,-20.00,-8.00,4.00,-5.00,-16.00,-22.00,-18.00,0.00,1.00,-14.00,-46.00,-17.00,71.00,40.00,36.00,118.00,78.00,9.00,-4.00,-13.00,-72.00,-157.00,-102.00,5.00,40.00,75.00,55.00,4.00,13.00,67.00,129.00,136.00,93.00,45.00,10.00,-4.00,1.00,34.00,79.00,70.00,30.00,27.00,39.00,94.00,155.00,73.00,-88.00,-205.00,-305.00,-375.00,-420.00,-337.00,-234.00,-377.00,-503.00,-457.00,-293.00,-169.00,-235.00,-284.00,-275.00,-207.00,-121.00,-153.00,-119.00,89.00,183.00,-12.00,-149.00,-14.00,93.00,28.00,-24.00,0.00,24.00,37.00,25.00,11.00,15.00,16.00,69.00,145.00,106.00,16.00,2.00,44.00,65.00,27.00,10.00,83.00,122.00,100.00,73.00,-124.00,-369.00,-420.00,-407.00,-428.00,-324.00,-131.00,7.00,211.00,319.00,288.00,316.00,265.00,239.00,250.00,96.00,-25.00,-41.00,-27.00,19.00,22.00,4.00,14.00,16.00,-12.00,-35.00,-30.00,-41.00,-99.00,-160.00,-257.00,-397.00,-444.00,-419.00,-405.00,-389.00,-330.00,-256.00,-116.00,145.00,286.00,289.00,337.00,415.00,381.00,252.00,112.00,40.00,82.00,148.00,268.00,297.00,168.00,75.00,43.00,-37.00,-100.00,-47.00,0.00,0.00,0.00,-22.00,-32.00,2.00,18.00,-24.00,-89.00,-84.00,-54.00,-45.00,-7.00,23.00,32.00,9.00,-15.00,-12.00
-106.00,-78.00,-18.00,10.00,34.00,105.00,147.00,142.00,108.00,35.00,-46.00,-107.00,-99.00,-45.00,-20.00,-17.00,-4.00,-32.00,-15.00,104.00,95.00,18.00,5.00,40.00,130.00,117.00,-5.00,-97.00,-72.00,26.00,41.00,0.00,-17.00,-12.00,-14.00,-25.00,-21.00,-7.00,10.00,8.00,-7.00,-34.00,-89.00,-56.00,41.00,57.00,51.00,32.00,1.00,-2.00,1.00,14.00,94.00,157.00,92.00,75.00,163.00,196.00,152.00,127.00,125.00,125.00,156.00,185.00,186.00,121.00,44.00,14.00,-33.00,-78.00,-152.00,-239.00,-172.00,-87.00,-185.00,-265.00,-257.00,-242.00,-246.00,-299.00,-322.00,-319.00,-223.00,-115.00,-183.00,-207.00,28.00,219.00,214.00,332.00,449.00,379.00,205.00,18.00,-20.00,17.00,-29.00,-64.00,29.00,109.00,19.00,-134.00,-161.00,-105.00,-98.00,-112.00,-95.00,-91.00,-85.00,-29.00,-94.00,-208.00,-103.00,22.00,35.00,42.00,56.00,111.00,172.00,180.00,163.00,90.00,-29.00,-88.00,-119.00,-120.00,-101.00,-206.00,-344.00,-392.00,-397.00,-364.00,-281.00,-154.00,29.00,195.00,299.00,426.00,515.00,434.00,276.00,157.00,64.00,20.00,-16.00,-33.00,8.00,15.00,-21.00,-50.00,-52.00,-36.00,-28.00,-35.00,-50.00,-39.00,-34.00,-86.00,-203.00,-361.00,-443.00,-447.00,-439.00,-425.00,-384.00,-318.00,-195.00,15.00,182.00,240.00,150.00,118.00,210.00,206.00,286.00,361.00,270.00,237.00,296.00,274.00,132.00,34.00,9.00,19.00,39.00,-13.00,-66.00,-32.00,-39.00,-76.00,-23.00,19.00,-11.00,-54.00,-56.00,-42.00,-43.00,-43.00,-54.00,-64.00
138.00,155.00,148.00,96.00,45.00,5.00,-59.00,-105.00,-125.00,-148.00,-94.00,-90.00,-128.00,-69.00,-24.00,-9.00,-2.00,-55.00,-127.00,-78.00,30.00,48.00,-40.00,-117.00,-42.00,70.00,68.00,-12.00,-30.00,-9.00,-37.00,-53.00,-15.00,15.00,-8.00,-30.00,-15.00,1.00,1.00,-1.00,1.00,40.00,22.00,-76.00,-53.00,31.00,32.00,6.00,-4.00,-3.00,-4.00,3.00,-42.00,-98.00,-41.00,-40.00,-61.00,58.00,117.00,1.00,-213.00,-378.00,-315.00,-222.00,-368.00,-482.00,-429.00,-299.00,-161.00,-192.00,-278.00,-289.00,-208.00,-125.00,-205.00,-267.00,-145.00,90.00,315.00,437.00,444.00,445.00,360.00,143.00,36.00,16.00,-48.00,-105.00,-100.00,-114.00,-148.00,-160.00,-133.00,-69.00,-73.00,-143.00,-134.00,-22.00,40.00,54.00,62.00,69.00,149.00,230.00,218.00,115.00,-17.00,-73.00,-68.00,-71.00,-117.00,-189.00,-250.00,-271.00,-177.00,-24.00,46.00,115.00,225.00,249.00,207.00,149.00,98.00,47.00,-32.00,-112.00,-151.00,-89.00,-8.00,-36.00,-140.00,-236.00,-319.00,-371.00,-376.00,-347.00,-208.00,-25.00,155.00,370.00,477.00,443.00,332.00,255.00,294.00,257.00,97.00,15.00,15.00,-6.00,-42.00,-57.00,-28.00,4.00,-7.00,-17.00,-19.00,-30.00,-60.00,-97.00,-162.00,-231.00,-267.00,-364.00,-457.00,-493.00,-490.00,-438.00,-240.00,-28.00,-66.00,-65.00,48.00,50.00,38.00,113.00,245.00,320.00,329.00,307.00,218.00,246.00,333.00,262.00,172.00,97.00,2.00,-20.00,-16.00,-89.00,-122.00,-39.00,24.00,21.00,4.00,-7.00,-22.00,-34.00,-40.00,-46.00
136.00,82.00,42.00,69.00,18.00,-45.00,1.00,36.00,59.00,117.00,128.00,79.00,-20.00,-98.00,-74.00,-28.00,-32.00,-22.00,-20.00,-21.00,47.00,74.00,30.00,-53.00,-142.00,-121.00,-60.00,-6.00,78.00,90.00,34.00,1.00,-8.00,-7.00,-10.00,-16.00,-9.00,-2.00,-1.00,1.00,-2.00,-2.00,-58.00,-163.00,-143.00,-18.00,41.00,21.00,1.00,-6.00,-19.00,-24.00,-11.00,-1.00,0.00,-42.00,-109.00,-88.00,-41.00,-110.00,-224.00,-260.00,-200.00,-152.00,-224.00,-268.00,-212.00,-123.00,4.00,134.00,221.00,263.00,192.00,116.00,151.00,28.00,-197.00,-176.00,-54.00,-103.00,-164.00,-156.00,-133.00,-89.00,-109.00,-134.00,-172.00,-188.00,-161.00,-232.00,-266.00,-221.00,-154.00,24.00,202.00,250.00,256.00,195.00,68.00,88.00,195.00,218.00,206.00,153.00,118.00,138.00,105.00,119.00,146.00,42.00,-45.00,-111.00,-242.00,-282.00,-209.00,-162.00,-132.00,-64.00,24.00,127.00,209.00,224.00,224.00,170.00,44.00,-46.00,-80.00,-81.00,-90.00,-80.00,-31.00,-34.00,-103.00,-167.00,-233.00,-335.00,-405.00,-429.00,-401.00,-230.00,36.00,223.00,263.00,293.00,415.00,488.00,387.00,300.00,289.00,158.00,37.00,44.00,50.00,25.00,40.00,40.00,-34.00,-68.00,-65.00,-61.00,-36.00,-31.00,-52.00,-64.00,-109.00,-180.00,-240.00,-338.00,-366.00,-308.00,-263.00,-230.00,-182.00,-69.00,-3.00,40.00,147.00,157.00,69.00,77.00,222.00,365.00,426.00,383.00,256.00,166.00,113.00,43.00,51.00,47.00,-56.00,-62.00,-4.00,-15.00,-25.00,-10.00,-20.00,-27.00,-2.00,14.00
-50.00,-69.00,-57.00,-31.00,-4.00,63.00,95.00,56.00,38.00,83.00,38.00,-70.00,-119.00,-147.00,-131.00,-64.00,-22.00,31.00,109.00,112.00,65.00,37.00,24.00,21.00,-38.00,-102.00,-4.00,87.00,26.00,-22.00,-50.00,-76.00,32.00,139.00,71.00,-5.00,-10.00,-4.00,4.00,4.00,-7.00,7.00,59.00,59.00,-9.00,-37.00,-10.00,1.00,-7.00,-18.00,-21.00,-6.00,134.00,246.00,94.00,25.00,107.00,81.00,6.00,39.00,223.00,383.00,321.00,228.00,374.00,437.00,200.00,-10.00,-101.00,-202.00,-237.00,-220.00,-172.00,-113.00,-165.00,-208.00,-181.00,-118.00,-100.00,-228.00,-307.00,-278.00,-166.00,28.00,221.00,411.00,516.00,404.00,266.00,351.00,322.00,108.00,23.00,-5.00,-11.00,55.00,24.00,-83.00,-22.00,60.00,-27.00,-150.00,-203.00,-166.00,-76.00,-10.00,-8.00,12.00,65.00,68.00,74.00,96.00,89.00,77.00,22.00,-90.00,-146.00,-162.00,-224.00,-195.00,-43.00,69.00,98.00,158.00,302.00,413.00,339.00,70.00,-96.00,-102.00,-119.00,-116.00,-116.00,-124.00,-87.00,-88.00,-166.00,-267.00,-372.00,-418.00,-413.00,-399.00,-327.00,-158.00,29.00,191.00,353.00,436.00,447.00,406.00,367.00,373.00,239.00,48.00,34.00,78.00,55.00,30.00,12.00,-17.00,-28.00,-29.00,-40.00,-57.00,-57.00,-16.00,8.00,-19.00,-120.00,-200.00,-110.00,-60.00,-100.00,-121.00,-178.00,-144.00,-30.00,14.00,11.00,51.00,160.00,154.00,82.00,150.00,232.00,284.00,319.00,234.00,107.00,82.00,140.00,133.00,30.00,-26.00,-7.00,7.00,-17.00,-36.00,-8.00,16.00
-206.00,-82.00,108.00,131.00,101.00,71.00,-41.00,-96.00,-97.00,-122.00,-136.00,-121.00,-49.00,-13.00,-65.00,-82.00,-9.00,79.00,106.00,82.00,73.00,69.00,41.00,47.00,55.00,96.00,181.00,121.00,27.00,-22.00,-94.00,-53.00,2.00,-18.00,-11.00,11.00,14.00,4.00,-1.00,-3.00,-4.00,1.00,135.00,267.00,121.00,-23.00,-8.00,-3.00,-18.00,-20.00,2.00,7.00,-131.00,-264.00,-145.00,-19.00,-5.00,7.00,-13.00,-31.00,-62.00,-125.00,-121.00,-100.00,-180.00,-224.00,-180.00,-122.00,-108.00,-207.00,-291.00,-289.00,-192.00,-89.00,-80.00,65.00,338.00,384.00,307.00,415.00,499.00,368.00,130.00,-52.00,-126.00,-179.00,-212.00,-168.00,-98.00,-130.00,-177.00,-138.00,-71.00,-73.00,-181.00,-254.00,-172.00,-48.00,-60.00,-136.00,-148.00,-88.00,-17.00,22.00,32.00,-29.00,-136.00,-172.00,-102.00,-13.00,125.00,250.00,194.00,85.00,-63.00,-177.00,-118.00,-142.00,-264.00,-250.00,-140.00,-85.00,-63.00,83.00,368.00,560.00,562.00,456.00,303.00,144.00,-17.00,-126.00,-165.00,-156.00,-131.00,-95.00,-44.00,3.00,-5.00,-107.00,-233.00,-359.00,-377.00,-320.00,-363.00,-363.00,-188.00,-6.00,118.00,316.00,458.00,449.00,424.00,363.00,232.00,122.00,59.00,35.00,43.00,31.00,0.00,-6.00,6.00,-6.00,-7.00,5.00,-12.00,-7.00,-25.00,22.00,141.00,113.00,53.00,-34.00,-193.00,-241.00,-180.00,-143.00,-140.00,-86.00,-26.00,-26.00,-35.00,3.00,99.00,190.00,227.00,192.00,146.00,221.00,313.00,287.00,155.00,33.00,69.00,181.00,222.00,143.00,6.00,-58.00
186.00,190.00,148.00,83.00,37.00,-23.00,-67.00,-63.00,-26.00,-49.00,-84.00,-4.00,90.00,54.00,-71.00,-89.00,46.00,95.00,6.00,9.00,108.00,123.00,63.00,81.00,133.00,32.00,-89.00,-57.00,-20.00,-57.00,-78.00,-41.00,-1.00,9.00,5.00,22.00,26.00,-13.00,-16.00,3.00,7.00,-50.00,-209.00,-220.00,-39.00,26.00,-4.00,-13.00,-14.00,3.00,12.00,55.00,54.00,-58.00,-75.00,-60.00,-92.00,-45.00,-49.00,-103.00,-135.00,-220.00,-214.00,-145.00,-187.00,-162.00,69.00,214.00,224.00,383.00,524.00,540.00,398.00,139.00,44.00,-20.00,-141.00,-142.00,-89.00,-136.00,-180.00,-162.00,-126.00,-63.00,-108.00,-251.00,-314.00,-238.00,-148.00,-162.00,-28.00,272.00,304.00,188.00,227.00,152.00,-82.00,-183.00,-144.00,-71.00,-18.00,-4.00,12.00,-17.00,-114.00,-154.00,-117.00,-120.00,-117.00,-40.00,-28.00,-98.00,-96.00,-29.00,-26.00,7.00,55.00,-8.00,-22.00,-58.00,-189.00,-232.00,-154.00,-160.00,-220.00,-72.00,189.00,418.00,523.00,515.00,495.00,315.00,40.00,-69.00,-83.00,-78.00,-72.00,-84.00,-83.00,-84.00,-70.00,-52.00,-23.00,-69.00,-232.00,-343.00,-389.00,-429.00,-376.00,-199.00,-45.00,58.00,217.00,367.00,390.00,363.00,320.00,257.00,290.00,276.00,138.00,55.00,54.00,83.00,101.00,57.00,-4.00,-18.00,-20.00,64.00,163.00,75.00,-15.00,-7.00,-22.00,-90.00,-181.00,-208.00,-195.00,-175.00,-135.00,-129.00,-147.00,-109.00,-49.00,-30.00,-26.00,-25.00,40.00,177.00,188.00,115.00,153.00,221.00,235.00,240.00,253.00,191.00,53.00,-16.00
350.00,243.00,1.00,-132.00,-85.00,-1.00,72.00,107.00,117.00,98.00,72.00,99.00,65.00,-18.00,41.00,184.00,207.00,118.00,32.00,5.00,40.00,71.00,52.00,15.00,2.00,-54.00,-118.00,-68.00,-21.00,17.00,77.00,104.00,61.00,-56.00,-56.00,-21.00,-47.00,-27.00,-5.00,1.00,5.00,58.00,88.00,2.00,-13.00,41.00,18.00,-13.00,-2.00,11.00,4.00,-22.00,-1.00,29.00,-20.00,24.00,113.00,55.00,-55.00,-12.00,226.00,405.00,335.00,252.00,365.00,289.00,-3.00,-86.00,-71.00,-151.00,-223.00,-248.00,-207.00,-152.00,-162.00,-127.00,-136.00,-162.00,-129.00,-204.00,-245.00,-65.00,136.00,241.00,415.00,537.00,537.00,413.00,134.00,-37.00,-71.00,-98.00,-82.00,-38.00,-52.00,-79.00,-70.00,-86.00,-81.00,-20.00,-32.00,-86.00,-80.00,-64.00,-65.00,-68.00,-41.00,-73.00,-124.00,-59.00,-95.00,-192.00,-102.00,-9.00,68.00,130.00,17.00,-14.00,89.00,34.00,-140.00,-229.00,-256.00,-328.00,-416.00,-454.00,-434.00,-291.00,-3.00,275.00,441.00,526.00,536.00,439.00,225.00,0.00,-95.00,-153.00,-217.00,-220.00,-215.00,-164.00,-41.00,48.00,85.00,49.00,-90.00,-247.00,-362.00,-426.00,-443.00,-357.00,-225.00,-85.00,118.00,272.00,358.00,399.00,428.00,458.00,393.00,309.00,235.00,109.00,28.00,13.00,14.00,8.00,-5.00,-17.00,-29.00,-21.00,-10.00,-30.00,-55.00,-62.00,-104.00,-95.00,-28.00,-90.00,-219.00,-272.00,-268.00,-237.00,-170.00,-117.00,-136.00,-124.00,-56.00,-29.00,-31.00,-38.00,34.00,178.00,172.00,41.00,4.00,101.00,237.00,300.00
-94.00,-81.00,-17.00,92.00,140.00,110.00,118.00,138.00,92.00,96.00,142.00,54.00,-92.00,-87.00,15.00,33.00,-18.00,-14.00,44.00,37.00,1.00,34.00,46.00,-38.00,-93.00,-38.00,-40.00,-115.00,-98.00,6.00,118.00,110.00,10.00,-16.00,3.00,2.00,7.00,18.00,7.00,-4.00,-5.00,-1.00,-12.00,-57.00,-62.00,-20.00,-1.00,0.00,-3.00,-11.00,-6.00,-60.00,-193.00,-228.00,-116.00,-5.00,25.00,10.00,63.00,68.00,-84.00,-158.00,-131.00,-138.00,-209.00,-261.00,-233.00,-156.00,-128.00,-215.00,-256.00,-244.00,-187.00,-3.00,231.00,421.00,510.00,378.00,230.00,344.00,310.00,38.00,-74.00,-82.00,-141.00,-197.00,-223.00,-177.00,-83.00,-70.00,-135.00,-219.00,-199.00,-121.00,-145.00,-76.00,174.00,241.00,43.00,-91.00,-74.00,-59.00,-106.00,-113.00,-90.00,-87.00,-51.00,-13.00,2.00,11.00,-20.00,-75.00,-67.00,-26.00,1.00,-58.00,-133.00,-94.00,-74.00,-48.00,71.00,133.00,-36.00,-193.00,-179.00,-283.00,-424.00,-438.00,-432.00,-367.00,-220.00,42.00,387.00,541.00,529.00,487.00,409.00,232.00,-11.00,-84.00,-25.00,-51.00,-84.00,-27.00,48.00,113.00,96.00,38.00,-31.00,-134.00,-240.00,-371.00,-435.00,-410.00,-313.00,-201.00,-101.00,46.00,134.00,225.00,371.00,434.00,426.00,345.00,271.00,285.00,196.00,52.00,13.00,-56.00,-152.00,-101.00,-4.00,-6.00,-59.00,-102.00,-105.00,-55.00,1.00,-3.00,-85.00,-183.00,-154.00,-119.00,-215.00,-264.00,-248.00,-220.00,-170.00,-192.00,-222.00,-151.00,-55.00,-16.00,-15.00,-27.00,-20.00,63.00,174.00,220.00
-144.00,-120.00,-44.00,21.00,22.00,0.00,-25.00,-25.00,-8.00,14.00,42.00,51.00,89.00,90.00,-58.00,-183.00,-155.00,-102.00,-86.00,-94.00,-68.00,28.00,72.00,28.00,-8.00,9.00,-24.00,-131.00,-167.00,-137.00,-111.00,-154.00,-172.00,-68.00,0.00,9.00,3.00,-18.00,-13.00,-5.00,-2.00,16.00,23.00,7.00,-12.00,-20.00,-8.00,3.00,-5.00,-11.00,-6.00,65.00,219.00,237.00,79.00,-36.00,-62.00,-82.00,-73.00,-2.00,-53.00,-203.00,-242.00,-216.00,-173.00,9.00,288.00,325.00,242.00,390.00,532.00,526.00,372.00,89.00,-108.00,-231.00,-287.00,-189.00,-88.00,-147.00,-216.00,-198.00,-140.00,-121.00,-229.00,-285.00,-247.00,-175.00,48.00,344.00,485.00,457.00,305.00,97.00,47.00,54.00,-61.00,-89.00,-24.00,-69.00,-61.00,-2.00,-32.00,-40.00,-12.00,-2.00,-56.00,-89.00,-36.00,-4.00,8.00,-10.00,-101.00,-145.00,-125.00,-97.00,-29.00,-15.00,-62.00,-48.00,25.00,143.00,264.00,224.00,47.00,-45.00,-54.00,-120.00,-270.00,-410.00,-464.00,-467.00,-371.00,-101.00,254.00,491.00,551.00,589.00,593.00,499.00,365.00,184.00,54.00,30.00,25.00,-37.00,-143.00,-150.00,-76.00,-55.00,-75.00,-115.00,-178.00,-236.00,-277.00,-291.00,-354.00,-432.00,-356.00,-189.00,-41.00,105.00,238.00,381.00,457.00,447.00,394.00,287.00,183.00,44.00,-21.00,65.00,77.00,7.00,-17.00,-2.00,11.00,5.00,-37.00,-89.00,-57.00,-22.00,-10.00,-15.00,-126.00,-168.00,-109.00,-148.00,-230.00,-267.00,-283.00,-261.00,-214.00,-199.00,-184.00,-125.00,-55.00,-24.00,-26.00,-28.00
-128.00,-111.00,-130.00,-207.00,-169.00,-30.00,-22.00,-90.00,-71.00,-66.00,-104.00,-25.00,121.00,170.00,156.00,108.00,7.00,-70.00,-111.00,-140.00,-123.00,-62.00,-3.00,15.00,5.00,-2.00,-8.00,-24.00,-82.00,-170.00,-166.00,-89.00,-57.00,-29.00,-4.00,-5.00,-4.00,-5.00,-5.00,-3.00,9.00,35.00,165.00,266.00,139.00,24.00,13.00,4.00,0.00,-2.00,-4.00,-52.00,-126.00,-100.00,-44.00,-24.00,23.00,-23.00,-69.00,85.00,290.00,388.00,342.00,274.00,252.00,97.00,-97.00,-128.00,-105.00,-182.00,-274.00,-296.00,-234.00,-138.00,-158.00,-241.00,-281.00,-194.00,-89.00,-115.00,18.00,332.00,355.00,230.00,380.00,496.00,329.00,107.00,-30.00,-122.00,-164.00,-159.00,-123.00,-68.00,-69.00,-120.00,-116.00,-1.00,82.00,73.00,23.00,-34.00,-8.00,48.00,35.00,-24.00,-41.00,-30.00,-53.00,-61.00,-10.00,52.00,-13.00,-151.00,-198.00,-192.00,-186.00,-139.00,-22.00,57.00,-54.00,-165.00,-79.00,9.00,29.00,47.00,48.00,36.00,-9.00,-116.00,-243.00,-329.00,-401.00,-444.00,-421.00,-300.00,-71.00,231.00,510.00,586.00,518.00,502.00,416.00,189.00,22.00,-78.00,-156.00,-158.00,-143.00,-161.00,-175.00,-138.00,-51.00,-8.00,-37.00,-85.00,-164.00,-298.00,-404.00,-464.00,-493.00,-402.00,-279.00,-118.00,75.00,151.00,259.00,388.00,348.00,206.00,194.00,304.00,254.00,96.00,42.00,25.00,-8.00,3.00,-1.00,-93.00,-117.00,-34.00,-5.00,-11.00,-11.00,-28.00,-61.00,-123.00,-170.00,-128.00,-80.00,-123.00,-180.00,-236.00,-284.00,-240.00,-191.00,-197.00,-187.00,-172.00
-8.00,-47.00,-83.00,-8.00,58.00,5.00,-43.00,-76.00,-100.00,-41.00,8.00,-25.00,-66.00,-28.00,41.00,-10.00,-76.00,-17.00,2.00,-64.00,-112.00,-121.00,-79.00,-20.00,9.00,1.00,-8.00,-18.00,-13.00,-21.00,-73.00,14.00,135.00,81.00,5.00,-1.00,27.00,39.00,6.00,-13.00,-3.00,-44.00,-103.00,-56.00,3.00,-13.00,-11.00,8.00,10.00,6.00,-2.00,-49.00,-92.00,-59.00,-12.00,5.00,-6.00,48.00,143.00,38.00,-153.00,-178.00,-170.00,-235.00,-265.00,-219.00,-204.00,-183.00,-137.00,-192.00,-226.00,-179.00,-117.00,77.00,382.00,542.00,540.00,375.00,122.00,44.00,4.00,-113.00,-145.00,-120.00,-173.00,-240.00,-212.00,-111.00,-78.00,-173.00,-245.00,-233.00,-156.00,-10.00,134.00,250.00,298.00,155.00,-30.00,-53.00,-31.00,-18.00,18.00,9.00,-53.00,-82.00,-33.00,33.00,38.00,-13.00,34.00,153.00,185.00,98.00,-49.00,-133.00,-189.00,-231.00,-204.00,-131.00,-84.00,-130.00,-233.00,-172.00,34.00,82.00,26.00,16.00,16.00,-29.00,-60.00,1.00,-13.00,-212.00,-402.00,-454.00,-444.00,-370.00,-214.00,-28.00,192.00,386.00,371.00,241.00,159.00,104.00,111.00,60.00,-72.00,-115.00,-80.00,-118.00,-198.00,-170.00,-87.00,-65.00,-34.00,32.00,-59.00,-288.00,-401.00,-414.00,-462.00,-491.00,-402.00,-266.00,-128.00,67.00,219.00,234.00,155.00,140.00,149.00,82.00,25.00,-26.00,-73.00,-67.00,-34.00,-61.00,-105.00,-68.00,-10.00,-2.00,-24.00,-58.00,-60.00,-28.00,-18.00,-5.00,9.00,-4.00,-24.00,-62.00,-100.00,-113.00,-167.00,-214.00,-219.00,-226.00
0.00,2.00,47.00,122.00,94.00,-41.00,-90.00,-58.00,-70.00,-59.00,7.00,50.00,40.00,-16.00,-49.00,-65.00,-115.00,-120.00,-84.00,-46.00,-34.00,-43.00,-10.00,16.00,3.00,-5.00,-10.00,-31.00,-40.00,-8.00,-6.00,-33.00,-46.00,-142.00,-189.00,-68.00,47.00,74.00,22.00,-21.00,-12.00,4.00,14.00,6.00,-11.00,-24.00,-13.00,6.00,13.00,6.00,-5.00,17.00,156.00,250.00,125.00,5.00,-39.00,-63.00,-71.00,-77.00,-110.00,-191.00,-246.00,-241.00,-81.00,223.00,440.00,375.00,256.00,394.00,519.00,380.00,136.00,-38.00,-158.00,-226.00,-235.00,-192.00,-128.00,-137.00,-188.00,-249.00,-209.00,-126.00,-183.00,-176.00,73.00,249.00,241.00,354.00,463.00,341.00,109.00,-19.00,-37.00,-42.00,-66.00,-100.00,-77.00,-59.00,-64.00,-46.00,-39.00,-37.00,6.00,27.00,-27.00,-57.00,-28.00,-7.00,43.00,183.00,252.00,222.00,250.00,291.00,308.00,284.00,149.00,7.00,16.00,105.00,153.00,229.00,351.00,405.00,306.00,112.00,21.00,39.00,71.00,76.00,37.00,21.00,-1.00,-107.00,-262.00,-375.00,-415.00,-419.00,-379.00,-224.00,-27.00,121.00,223.00,310.00,406.00,387.00,251.00,138.00,97.00,31.00,-88.00,-163.00,-171.00,-133.00,-119.00,-137.00,-108.00,-51.00,-15.00,-45.00,-174.00,-311.00,-418.00,-468.00,-444.00,-394.00,-214.00,-20.00,-78.00,-237.00,-239.00,-106.00,-35.00,-41.00,-61.00,-61.00,-33.00,-46.00,-57.00,-27.00,-4.00,-33.00,-65.00,-48.00,10.00,79.00,103.00,86.00,61.00,37.00,-4.00,-27.00,-6.00,-3.00,-30.00,-68.00,-125.00,-160.00
-52.00,-12.00,19.00,-89.00,-133.00,-10.00,46.00,52.00,55.00,-17.00,-47.00,-8.00,-22.00,-29.00,14.00,36.00,-32.00,-130.00,-107.00,40.00,130.00,79.00,56.00,79.00,46.00,-15.00,-48.00,-40.00,-55.00,-32.00,35.00,23.00,42.00,54.00,-53.00,-137.00,-112.00,-27.00,-5.00,-40.00,-38.00,-18.00,-94.00,-186.00,-126.00,-43.00,-15.00,0.00,-5.00,-11.00,-3.00,-42.00,-215.00,-285.00,-119.00,-2.00,-10.00,-90.00,-126.00,39.00,265.00,378.00,406.00,354.00,163.00,-51.00,-160.00,-150.00,-115.00,-197.00,-306.00,-299.00,-167.00,-105.00,-224.00,-264.00,-199.00,-145.00,-5.00,221.00,411.00,481.00,359.00,217.00,213.00,108.00,-69.00,-116.00,-92.00,-119.00,-174.00,-174.00,-115.00,-86.00,-159.00,-238.00,-177.00,0.00,97.00,65.00,16.00,-21.00,-51.00,-31.00,7.00,21.00,31.00,7.00,-34.00,-7.00,44.00,110.00,162.00,219.00,331.00,375.00,386.00,346.00,183.00,72.00,88.00,105.00,101.00,106.00,185.00,348.00,434.00,401.00,298.00,186.00,100.00,15.00,-27.00,0.00,50.00,59.00,23.00,-61.00,-187.00,-296.00,-394.00,-433.00,-309.00,-151.00,-36.00,172.00,377.00,490.00,568.00,553.00,425.00,267.00,152.00,59.00,-50.00,-111.00,-147.00,-162.00,-102.00,-28.00,14.00,18.00,8.00,1.00,-80.00,-205.00,-296.00,-388.00,-386.00,-266.00,-213.00,-253.00,-199.00,-78.00,-52.00,-74.00,-68.00,-33.00,-10.00,-5.00,-11.00,-40.00,-43.00,-4.00,13.00,-17.00,-33.00,-13.00,10.00,28.00,28.00,5.00,2.00,21.00,14.00,10.00,12.00,-29.00,-66.00,-70.00
-82.00,-95.00,-87.00,-83.00,-107.00,-59.00,39.00,112.00,97.00,4.00,-45.00,-70.00,-119.00,-103.00,-76.00,-69.00,9.00,57.00,63.00,67.00,54.00,91.00,133.00,90.00,76.00,129.00,159.00,137.00,45.00,35.00,39.00,-42.00,-35.00,74.00,123.00,-28.00,-248.00,-265.00,-111.00,-31.00,-14.00,36.00,60.00,58.00,66.00,35.00,-1.00,-11.00,-17.00,2.00,18.00,62.00,98.00,36.00,-2.00,12.00,-18.00,23.00,44.00,-152.00,-291.00,-257.00,-227.00,-222.00,-202.00,-195.00,-252.00,-223.00,-139.00,-184.00,-205.00,-12.00,181.00,249.00,410.00,538.00,533.00,382.00,90.00,-91.00,-116.00,-118.00,-139.00,-156.00,-184.00,-181.00,-189.00,-181.00,-138.00,-186.00,-219.00,-45.00,166.00,195.00,239.00,297.00,135.00,-60.00,-4.00,98.00,61.00,10.00,-33.00,-107.00,-114.00,-37.00,8.00,53.00,80.00,42.00,11.00,2.00,79.00,172.00,127.00,78.00,57.00,-30.00,-75.00,-30.00,0.00,-36.00,-78.00,-132.00,-232.00,-253.00,-80.00,209.00,377.00,406.00,401.00,284.00,120.00,65.00,76.00,71.00,41.00,17.00,4.00,-16.00,-77.00,-208.00,-237.00,-195.00,-301.00,-357.00,-225.00,-25.00,218.00,407.00,481.00,539.00,517.00,457.00,353.00,94.00,-41.00,-12.00,-25.00,1.00,74.00,40.00,-15.00,-12.00,-12.00,-9.00,-13.00,-47.00,-118.00,-139.00,-92.00,-2.00,73.00,72.00,91.00,74.00,29.00,8.00,-25.00,-18.00,-14.00,-18.00,15.00,28.00,10.00,-24.00,-52.00,-65.00,-111.00,-78.00,23.00,17.00,-19.00,7.00,38.00,36.00,35.00,38.00,17.00,2.00
-42.00,-43.00,4.00,109.00,67.00,-101.00,-114.00,-52.00,-54.00,-58.00,-97.00,-127.00,-69.00,-19.00,-23.00,-5.00,50.00,64.00,70.00,61.00,30.00,35.00,-16.00,-87.00,-69.00,-16.00,7.00,16.00,14.00,-42.00,-120.00,-172.00,-224.00,-189.00,-93.00,-83.00,-143.00,-169.00,-91.00,-15.00,11.00,-41.00,-1.00,79.00,-14.00,-5.00,31.00,-13.00,-3.00,16.00,9.00,-31.00,73.00,236.00,143.00,3.00,-30.00,-23.00,6.00,-18.00,-90.00,-185.00,-243.00,-150.00,115.00,350.00,452.00,371.00,256.00,372.00,360.00,70.00,-93.00,-102.00,-168.00,-281.00,-341.00,-253.00,-139.00,-188.00,-286.00,-307.00,-226.00,-118.00,33.00,314.00,506.00,403.00,257.00,279.00,190.00,-6.00,-63.00,-54.00,-83.00,-89.00,-61.00,-30.00,47.00,94.00,71.00,88.00,108.00,35.00,-37.00,-49.00,-3.00,55.00,30.00,-4.00,-98.00,-284.00,-267.00,-72.00,38.00,70.00,67.00,110.00,189.00,129.00,7.00,-40.00,-48.00,-80.00,-151.00,-256.00,-354.00,-299.00,-55.00,232.00,402.00,431.00,385.00,281.00,151.00,53.00,20.00,11.00,-10.00,-22.00,-20.00,-21.00,-27.00,-68.00,-215.00,-373.00,-415.00,-399.00,-339.00,-162.00,72.00,295.00,459.00,513.00,492.00,414.00,344.00,228.00,19.00,-64.00,-33.00,-49.00,-44.00,-16.00,-15.00,-16.00,-12.00,-6.00,-11.00,5.00,70.00,126.00,75.00,15.00,99.00,246.00,339.00,240.00,42.00,-16.00,0.00,0.00,-1.00,-11.00,-32.00,-39.00,0.00,22.00,-45.00,-88.00,-40.00,42.00,91.00,72.00,43.00,17.00,1.00,18.00,29.00,26.00
-4.00,27.00,37.00,33.00,65.00,41.00,7.00,-42.00,-74.00,8.00,31.00,-24.00,-25.00,38.00,148.00,165.00,63.00,4.00,-26.00,-65.00,-103.00,-178.00,-218.00,-127.00,-68.00,-114.00,-144.00,-130.00,-60.00,-69.00,-97.00,-54.00,-33.00,-26.00,-53.00,-25.00,112.00,177.00,68.00,-19.00,-5.00,10.00,-57.00,-153.00,-108.00,-15.00,2.00,1.00,13.00,13.00,0.00,-53.00,-185.00,-206.00,-56.00,20.00,4.00,-29.00,32.00,234.00,381.00,438.00,429.00,272.00,22.00,-112.00,-129.00,-129.00,-129.00,-214.00,-267.00,-211.00,-140.00,-124.00,-196.00,-229.00,-200.00,-136.00,74.00,362.00,467.00,446.00,358.00,136.00,-33.00,-129.00,-208.00,-175.00,-120.00,-170.00,-192.00,-184.00,-183.00,-150.00,-173.00,-174.00,0.00,153.00,43.00,-76.00,24.00,186.00,241.00,187.00,69.00,-24.00,-57.00,-89.00,-70.00,-14.00,-90.00,-319.00,-485.00,-507.00,-370.00,-126.00,24.00,143.00,256.00,237.00,144.00,41.00,-41.00,-47.00,21.00,35.00,-107.00,-281.00,-341.00,-314.00,-252.00,-44.00,237.00,346.00,323.00,238.00,112.00,26.00,-4.00,-21.00,-29.00,-42.00,-58.00,-40.00,-36.00,-100.00,-180.00,-247.00,-337.00,-323.00,-270.00,-308.00,-170.00,69.00,186.00,340.00,490.00,544.00,480.00,291.00,66.00,-78.00,-54.00,-9.00,-29.00,-46.00,-43.00,-31.00,-34.00,50.00,178.00,107.00,-30.00,-7.00,134.00,290.00,334.00,183.00,108.00,287.00,318.00,96.00,-52.00,-34.00,18.00,11.00,6.00,40.00,47.00,-19.00,-75.00,-46.00,-18.00,10.00,32.00,-10.00,-40.00,-11.00,20.00,24.00
80.00,83.00,46.00,0.00,23.00,47.00,-17.00,-69.00,-56.00,-30.00,27.00,52.00,4.00,-31.00,-10.00,-3.00,-6.00,-8.00,-56.00,-128.00,-187.00,-193.00,-125.00,-28.00,17.00,12.00,5.00,-10.00,-36.00,16.00,98.00,50.00,5.00,-31.00,-55.00,106.00,211.00,100.00,-10.00,-27.00,-8.00,116.00,249.00,184.00,52.00,-15.00,-16.00,7.00,7.00,1.00,-1.00,123.00,242.00,107.00,-16.00,-6.00,-9.00,-30.00,-54.00,-116.00,-208.00,-235.00,-227.00,-200.00,-172.00,-211.00,-270.00,-229.00,-149.00,-146.00,-2.00,315.00,380.00,291.00,430.00,554.00,406.00,139.00,-31.00,-125.00,-182.00,-194.00,-164.00,-103.00,-140.00,-245.00,-297.00,-228.00,-139.00,-107.00,87.00,349.00,330.00,219.00,233.00,125.00,-97.00,-146.00,-70.00,18.00,128.00,119.00,47.00,57.00,50.00,-10.00,-96.00,-150.00,-74.00,0.00,-4.00,-59.00,-218.00,-374.00,-426.00,-432.00,-322.00,-88.00,89.00,195.00,243.00,232.00,217.00,164.00,83.00,72.00,82.00,17.00,-125.00,-268.00,-323.00,-332.00,-268.00,-48.00,186.00,320.00,387.00,392.00,318.00,170.00,48.00,0.00,-19.00,-11.00,0.00,-2.00,-16.00,-50.00,-121.00,-169.00,-202.00,-328.00,-409.00,-349.00,-252.00,-85.00,147.00,329.00,483.00,565.00,528.00,418.00,309.00,209.00,67.00,-14.00,-22.00,-26.00,-27.00,42.00,96.00,-53.00,-226.00,-151.00,84.00,133.00,39.00,89.00,242.00,370.00,358.00,315.00,274.00,140.00,69.00,37.00,-18.00,-14.00,34.00,61.00,52.00,-17.00,-82.00,-15.00,70.00,52.00,25.00,29.00,30.00,30.00
-32.00,-73.00,-140.00,-207.00,-219.00,-125.00,-70.00,-36.00,51.00,80.00,63.00,60.00,36.00,-88.00,-220.00,-156.00,-31.00,-10.00,-21.00,-24.00,-18.00,15.00,111.00,152.00,53.00,53.00,160.00,126.00,37.00,85.00,179.00,137.00,-53.00,-227.00,-205.00,-23.00,46.00,-104.00,-182.00,-85.00,-11.00,2.00,109.00,193.00,94.00,37.00,33.00,8.00,1.00,-9.00,-15.00,49.00,244.00,297.00,95.00,-21.00,-10.00,-7.00,-7.00,-25.00,-89.00,-192.00,-208.00,-32.00,254.00,422.00,442.00,357.00,263.00,253.00,89.00,-143.00,-168.00,-124.00,-190.00,-276.00,-258.00,-144.00,-121.00,-241.00,-291.00,-257.00,-175.00,73.00,380.00,507.00,514.00,378.00,104.00,-51.00,-117.00,-176.00,-137.00,-84.00,-108.00,-120.00,-73.00,-17.00,11.00,10.00,-39.00,-67.00,-35.00,25.00,80.00,90.00,89.00,49.00,-13.00,-9.00,25.00,11.00,-41.00,-66.00,-147.00,-342.00,-483.00,-471.00,-293.00,-52.00,81.00,145.00,209.00,192.00,79.00,2.00,-8.00,11.00,42.00,28.00,-53.00,-175.00,-277.00,-345.00,-326.00,-92.00,212.00,357.00,394.00,374.00,282.00,165.00,57.00,7.00,-5.00,-18.00,-21.00,-28.00,-45.00,-45.00,-20.00,-65.00,-223.00,-375.00,-423.00,-411.00,-356.00,-270.00,-117.00,136.00,352.00,477.00,514.00,470.00,398.00,333.00,212.00,54.00,-8.00,-58.00,-128.00,-146.00,-188.00,-173.00,-61.00,-10.00,33.00,138.00,158.00,67.00,113.00,324.00,383.00,239.00,191.00,320.00,308.00,112.00,36.00,55.00,27.00,2.00,20.00,60.00,91.00,78.00,44.00,13.00,29.00,64.00
-150.00,-154.00,-78.00,24.00,-5.00,-21.00,40.00,24.00,-18.00,-10.00,-3.00,-9.00,10.00,42.00,-38.00,-144.00,-48.00,83.00,36.00,35.00,120.00,88.00,15.00,-12.00,-10.00,-6.00,-18.00,-24.00,-13.00,-49.00,-95.00,-20.00,16.00,-3.00,63.00,54.00,7.00,-58.00,-224.00,-238.00,-141.00,-109.00,-50.00,108.00,167.00,5.00,-51.00,1.00,-3.00,-8.00,-12.00,-19.00,-31.00,12.00,63.00,23.00,-7.00,64.00,138.00,181.00,299.00,421.00,359.00,100.00,-121.00,-157.00,-149.00,-143.00,-135.00,-198.00,-226.00,-222.00,-196.00,-153.00,-220.00,-255.00,-48.00,175.00,238.00,390.00,511.00,383.00,160.00,-1.00,-111.00,-185.00,-218.00,-179.00,-80.00,-60.00,-130.00,-216.00,-201.00,-126.00,-40.00,166.00,319.00,173.00,-77.00,-185.00,-180.00,-56.00,53.00,64.00,116.00,182.00,197.00,187.00,132.00,57.00,59.00,87.00,22.00,-94.00,-120.00,-31.00,-59.00,-292.00,-440.00,-420.00,-294.00,-105.00,-7.00,88.00,156.00,24.00,-85.00,-48.00,-6.00,7.00,14.00,31.00,17.00,-104.00,-255.00,-314.00,-295.00,-192.00,18.00,257.00,407.00,459.00,358.00,135.00,15.00,-32.00,-56.00,-31.00,-21.00,-32.00,-36.00,-24.00,-25.00,-85.00,-188.00,-297.00,-410.00,-418.00,-356.00,-348.00,-277.00,-66.00,149.00,298.00,439.00,511.00,429.00,266.00,131.00,-46.00,-154.00,-69.00,-1.00,22.00,-11.00,-122.00,-173.00,-135.00,-59.00,-4.00,70.00,116.00,87.00,151.00,304.00,401.00,317.00,141.00,87.00,61.00,-30.00,-97.00,-133.00,-96.00,8.00,28.00,-22.00,-60.00,-75.00,-74.00
-68.00,-79.00,-54.00,85.00,197.00,130.00,27.00,-21.00,-85.00,-135.00,-117.00,-53.00,33.00,136.00,170.00,83.00,26.00,28.00,-14.00,-37.00,5.00,7.00,-100.00,-167.00,-77.00,-60.00,-119.00,-60.00,-32.00,-78.00,-125.00,-136.00,-52.00,72.00,137.00,73.00,18.00,102.00,80.00,-106.00,-164.00,-115.00,-74.00,27.00,120.00,88.00,19.00,2.00,-1.00,-10.00,-15.00,14.00,16.00,-46.00,-47.00,-8.00,-6.00,-1.00,-11.00,-100.00,-228.00,-258.00,-211.00,-179.00,-206.00,-285.00,-310.00,-239.00,-158.00,-26.00,251.00,476.00,407.00,283.00,391.00,376.00,84.00,-93.00,-93.00,-139.00,-219.00,-223.00,-137.00,-120.00,-230.00,-262.00,-211.00,-127.00,105.00,391.00,506.00,495.00,327.00,25.00,-90.00,-65.00,-64.00,0.00,67.00,31.00,13.00,17.00,-12.00,38.00,108.00,108.00,98.00,131.00,131.00,56.00,29.00,89.00,155.00,171.00,120.00,47.00,8.00,-52.00,-209.00,-374.00,-395.00,-282.00,-120.00,56.00,174.00,221.00,276.00,197.00,-12.00,-83.00,-39.00,-14.00,-1.00,41.00,41.00,-100.00,-255.00,-302.00,-312.00,-250.00,-30.00,235.00,290.00,231.00,299.00,345.00,254.00,65.00,-44.00,-39.00,-43.00,-22.00,-11.00,-27.00,-29.00,-34.00,-93.00,-125.00,-167.00,-357.00,-483.00,-420.00,-294.00,-127.00,68.00,195.00,316.00,457.00,449.00,289.00,137.00,122.00,148.00,81.00,-71.00,-258.00,-339.00,-292.00,-232.00,-209.00,-154.00,-64.00,-28.00,45.00,122.00,57.00,62.00,221.00,322.00,254.00,104.00,47.00,35.00,14.00,7.00,-9.00,-35.00,-57.00,-60.00,-58.00
14.00,-18.00,-115.00,-189.00,-127.00,-33.00,-7.00,-16.00,-29.00,-14.00,-13.00,-13.00,15.00,47.00,148.00,232.00,97.00,-61.00,-31.00,-47.00,-96.00,-11.00,47.00,77.00,104.00,53.00,48.00,70.00,15.00,-62.00,-96.00,-74.00,-23.00,-39.00,-99.00,-52.00,21.00,59.00,135.00,73.00,-101.00,-107.00,-89.00,-107.00,61.00,204.00,94.00,-6.00,-3.00,-6.00,4.00,-11.00,-82.00,-90.00,-22.00,-4.00,-9.00,-18.00,-42.00,-46.00,-88.00,-184.00,-135.00,136.00,388.00,451.00,442.00,368.00,168.00,7.00,-105.00,-206.00,-182.00,-127.00,-203.00,-245.00,-198.00,-158.00,-148.00,-212.00,-230.00,-44.00,157.00,225.00,381.00,516.00,415.00,183.00,-5.00,-96.00,-127.00,-121.00,-131.00,-169.00,-265.00,-374.00,-261.00,1.00,168.00,276.00,223.00,-37.00,-213.00,-179.00,-41.00,74.00,78.00,60.00,64.00,26.00,0.00,48.00,152.00,228.00,206.00,101.00,9.00,8.00,48.00,59.00,1.00,-77.00,-99.00,-161.00,-181.00,60.00,333.00,377.00,321.00,173.00,-31.00,-80.00,-45.00,-16.00,17.00,11.00,-30.00,-116.00,-230.00,-320.00,-355.00,-275.00,-121.00,68.00,319.00,483.00,472.00,418.00,313.00,108.00,-12.00,-10.00,-21.00,-37.00,-23.00,-13.00,-9.00,14.00,4.00,-91.00,-250.00,-384.00,-406.00,-408.00,-405.00,-320.00,-121.00,162.00,303.00,268.00,215.00,209.00,167.00,61.00,-14.00,-49.00,-52.00,-104.00,-224.00,-303.00,-295.00,-242.00,-216.00,-164.00,-75.00,-36.00,43.00,180.00,236.00,250.00,309.00,386.00,354.00,137.00,-63.00,-88.00,-24.00,8.00,-13.00,-28.00
18.00,49.00,118.00,89.00,-25.00,-64.00,-81.00,-86.00,-7.00,81.00,85.00,26.00,-6.00,14.00,24.00,32.00,39.00,14.00,22.00,33.00,-7.00,-27.00,-15.00,-4.00,-3.00,-14.00,-56.00,-113.00,-119.00,-191.00,-243.00,-110.00,-31.00,-77.00,-72.00,22.00,82.00,-13.00,-34.00,54.00,-52.00,-139.00,-87.00,-51.00,-27.00,-36.00,-41.00,-18.00,0.00,10.00,23.00,19.00,-72.00,-84.00,79.00,72.00,-55.00,-9.00,77.00,149.00,315.00,396.00,219.00,-37.00,-169.00,-198.00,-214.00,-205.00,-160.00,-135.00,-163.00,-225.00,-196.00,-127.00,-157.00,-35.00,292.00,362.00,267.00,387.00,388.00,105.00,-75.00,-93.00,-164.00,-258.00,-231.00,-97.00,-134.00,-353.00,-420.00,-372.00,-289.00,-58.00,191.00,292.00,197.00,-8.00,-68.00,48.00,76.00,-37.00,-94.00,-154.00,-232.00,-164.00,-3.00,61.00,18.00,-10.00,-15.00,5.00,60.00,103.00,110.00,116.00,163.00,217.00,218.00,195.00,156.00,71.00,-52.00,-219.00,-322.00,-322.00,-257.00,8.00,324.00,405.00,356.00,223.00,1.00,-110.00,-99.00,-62.00,-32.00,-19.00,3.00,2.00,-106.00,-285.00,-300.00,-185.00,-129.00,-35.00,155.00,386.00,514.00,382.00,158.00,63.00,19.00,-13.00,-19.00,-21.00,-4.00,6.00,-7.00,-35.00,-65.00,-126.00,-232.00,-389.00,-525.00,-549.00,-539.00,-461.00,-298.00,-215.00,-99.00,31.00,-19.00,-48.00,19.00,60.00,51.00,-35.00,-125.00,-131.00,-171.00,-284.00,-332.00,-294.00,-245.00,-220.00,-161.00,-76.00,-42.00,33.00,173.00,240.00,252.00,214.00,160.00,174.00,156.00,102.00,81.00,76.00
-10.00,23.00,44.00,40.00,37.00,-9.00,-43.00,-46.00,-40.00,10.00,36.00,-5.00,-29.00,-44.00,-45.00,-6.00,16.00,61.00,109.00,52.00,-41.00,-67.00,-33.00,-51.00,-106.00,-71.00,-39.00,7.00,83.00,53.00,11.00,-9.00,-38.00,-14.00,-29.00,-69.00,-1.00,14.00,-28.00,134.00,302.00,189.00,34.00,-12.00,-86.00,-116.00,-48.00,-37.00,-72.00,-51.00,-19.00,11.00,118.00,184.00,136.00,128.00,98.00,34.00,22.00,-67.00,-208.00,-205.00,-121.00,-125.00,-203.00,-252.00,-247.00,-225.00,-90.00,206.00,451.00,530.00,400.00,254.00,252.00,85.00,-135.00,-131.00,-83.00,-146.00,-125.00,21.00,51.00,6.00,-6.00,-5.00,99.00,200.00,205.00,313.00,404.00,378.00,322.00,237.00,263.00,376.00,209.00,-82.00,-91.00,-59.00,-72.00,20.00,91.00,22.00,-151.00,-266.00,-238.00,-146.00,-59.00,-27.00,-27.00,-19.00,-34.00,-32.00,14.00,61.00,89.00,110.00,146.00,164.00,77.00,-81.00,-150.00,-123.00,-113.00,-215.00,-399.00,-470.00,-339.00,-7.00,322.00,385.00,331.00,192.00,-55.00,-147.00,-94.00,-46.00,-28.00,-33.00,-54.00,-160.00,-225.00,-206.00,-311.00,-403.00,-337.00,-170.00,97.00,304.00,353.00,356.00,363.00,283.00,86.00,-18.00,-10.00,-10.00,14.00,36.00,19.00,-19.00,-87.00,-135.00,-178.00,-256.00,-346.00,-457.00,-414.00,-247.00,-156.00,-133.00,-129.00,-74.00,-30.00,-33.00,-33.00,-58.00,-77.00,-37.00,-26.00,-96.00,-147.00,-219.00,-319.00,-326.00,-269.00,-235.00,-216.00,-152.00,-63.00,-24.00,40.00,165.00,231.00,249.00,259.00,297.00,357.00,376.00
44.00,1.00,-85.00,-119.00,-117.00,-100.00,-41.00,-15.00,-32.00,-35.00,-12.00,16.00,13.00,-27.00,-51.00,-41.00,-23.00,55.00,164.00,148.00,51.00,-4.00,-28.00,-30.00,-22.00,-12.00,-7.00,27.00,84.00,124.00,125.00,58.00,12.00,5.00,-72.00,-141.00,-84.00,27.00,95.00,152.00,264.00,264.00,138.00,49.00,-2.00,-7.00,27.00,-11.00,-114.00,-106.00,-37.00,-26.00,77.00,192.00,108.00,103.00,174.00,24.00,-107.00,-48.00,-46.00,-88.00,55.00,312.00,479.00,516.00,513.00,351.00,15.00,-176.00,-223.00,-258.00,-201.00,-121.00,-55.00,59.00,70.00,5.00,-7.00,1.00,130.00,381.00,384.00,253.00,384.00,519.00,443.00,239.00,183.00,356.00,422.00,356.00,212.00,30.00,-79.00,-169.00,-191.00,-75.00,78.00,90.00,14.00,52.00,89.00,35.00,8.00,-55.00,-182.00,-231.00,-156.00,-54.00,36.00,164.00,168.00,15.00,-46.00,12.00,76.00,102.00,103.00,94.00,54.00,-21.00,-78.00,-41.00,31.00,42.00,-42.00,-210.00,-355.00,-406.00,-358.00,-110.00,265.00,442.00,378.00,196.00,5.00,-82.00,-123.00,-168.00,-154.00,-85.00,-42.00,-77.00,-155.00,-256.00,-363.00,-415.00,-370.00,-131.00,167.00,342.00,451.00,494.00,422.00,276.00,136.00,29.00,16.00,51.00,31.00,9.00,14.00,15.00,2.00,-13.00,-25.00,-94.00,-136.00,-55.00,-89.00,-198.00,-123.00,-13.00,-10.00,-40.00,-35.00,-1.00,13.00,-1.00,-33.00,-53.00,-44.00,-78.00,-150.00,-159.00,-138.00,-167.00,-219.00,-245.00,-245.00,-238.00,-167.00,-60.00,-26.00,-3.00,92.00,204.00,257.00,264.00
64.00,53.00,32.00,-1.00,-12.00,17.00,37.00,108.00,170.00,80.00,-7.00,15.00,60.00,60.00,51.00,45.00,-11.00,-41.00,-49.00,44.00,253.00,255.00,75.00,-11.00,-10.00,-7.00,-15.00,-61.00,-31.00,93.00,78.00,3.00,3.00,5.00,2.00,-68.00,-154.00,-48.00,58.00,-46.00,-81.00,6.00,16.00,-14.00,-3.00,-8.00,-27.00,-26.00,-84.00,-129.00,-88.00,-83.00,-102.00,-53.00,-11.00,11.00,33.00,23.00,31.00,123.00,287.00,279.00,39.00,-153.00,-223.00,-252.00,-250.00,-193.00,-34.00,92.00,40.00,-23.00,-14.00,7.00,154.00,404.00,511.00,374.00,248.00,356.00,354.00,14.00,-230.00,-125.00,2.00,-2.00,-140.00,-256.00,-229.00,-319.00,-419.00,-407.00,-359.00,-223.00,-124.00,-177.00,-162.00,-16.00,2.00,-96.00,-147.00,-87.00,19.00,57.00,75.00,72.00,17.00,-71.00,-106.00,-37.00,55.00,126.00,178.00,226.00,226.00,216.00,249.00,232.00,80.00,-69.00,-28.00,58.00,60.00,64.00,63.00,62.00,89.00,54.00,-77.00,-245.00,-373.00,-407.00,-350.00,-87.00,304.00,467.00,357.00,156.00,30.00,13.00,0.00,-35.00,-49.00,-45.00,-15.00,-3.00,-59.00,-180.00,-351.00,-442.00,-367.00,-199.00,-57.00,130.00,378.00,490.00,418.00,209.00,6.00,-51.00,-19.00,12.00,21.00,5.00,3.00,4.00,-45.00,-63.00,-55.00,-37.00,-50.00,-80.00,4.00,52.00,-2.00,-48.00,-67.00,-32.00,35.00,24.00,-50.00,-62.00,-25.00,-7.00,-10.00,-35.00,-44.00,-35.00,-86.00,-162.00,-199.00,-209.00,-215.00,-214.00,-202.00,-145.00,-50.00,-17.00,-22.00,-16.00
198.00,155.00,118.00,143.00,167.00,201.00,282.00,314.00,269.00,212.00,141.00,115.00,72.00,26.00,51.00,22.00,-3.00,-49.00,-90.00,34.00,200.00,236.00,117.00,20.00,8.00,72.00,147.00,80.00,9.00,14.00,6.00,-7.00,-7.00,-3.00,-1.00,-64.00,-195.00,-230.00,-184.00,-172.00,-199.00,-246.00,-264.00,-260.00,-249.00,-246.00,-227.00,-89.00,73.00,74.00,-1.00,-52.00,-98.00,-104.00,-66.00,-26.00,-4.00,-72.00,-270.00,-437.00,-399.00,-202.00,7.00,88.00,25.00,-10.00,3.00,91.00,309.00,472.00,515.00,516.00,382.00,235.00,211.00,-17.00,-363.00,-369.00,-257.00,-392.00,-484.00,-404.00,-261.00,-175.00,-295.00,-393.00,-389.00,-297.00,-205.00,-276.00,-257.00,-90.00,71.00,137.00,51.00,-37.00,-52.00,-21.00,-21.00,-76.00,-69.00,-13.00,67.00,153.00,149.00,152.00,225.00,222.00,124.00,40.00,30.00,57.00,141.00,270.00,302.00,255.00,207.00,166.00,81.00,-73.00,-94.00,52.00,124.00,105.00,47.00,-49.00,-127.00,-148.00,-80.00,-11.00,-52.00,-196.00,-355.00,-430.00,-356.00,-67.00,277.00,424.00,402.00,351.00,256.00,99.00,5.00,-23.00,-30.00,-19.00,-21.00,-25.00,-92.00,-266.00,-404.00,-445.00,-440.00,-373.00,-151.00,155.00,347.00,380.00,345.00,334.00,289.00,193.00,83.00,27.00,28.00,-4.00,-46.00,-48.00,-73.00,-19.00,130.00,164.00,135.00,69.00,-16.00,-48.00,-57.00,-54.00,-52.00,-75.00,-73.00,-39.00,-39.00,-36.00,-11.00,-32.00,-59.00,-54.00,-75.00,-69.00,-24.00,0.00,-63.00,-206.00,-267.00,-245.00,-245.00,-244.00,-174.00,-114.00
142.00,105.00,121.00,226.00,282.00,276.00,260.00,182.00,87.00,40.00,16.00,69.00,61.00,-40.00,-94.00,-63.00,18.00,-1.00,-34.00,11.00,-131.00,-293.00,-146.00,5.00,11.00,2.00,-3.00,6.00,-34.00,-10.00,103.00,69.00,-14.00,-16.00,-11.00,-6.00,-49.00,-89.00,-28.00,16.00,18.00,-12.00,-109.00,-159.00,-154.00,-146.00,-147.00,-88.00,38.00,76.00,24.00,-33.00,-104.00,-193.00,-169.00,-58.00,-23.00,-31.00,-17.00,-2.00,0.00,95.00,305.00,457.00,506.00,514.00,487.00,410.00,238.00,-72.00,-379.00,-488.00,-351.00,-189.00,-230.00,-332.00,-304.00,-194.00,-142.00,-85.00,-13.00,128.00,252.00,49.00,-153.00,-68.00,140.00,255.00,197.00,208.00,275.00,283.00,188.00,20.00,-27.00,-18.00,-71.00,-88.00,-22.00,22.00,22.00,-1.00,-11.00,39.00,107.00,178.00,231.00,226.00,145.00,46.00,20.00,100.00,181.00,140.00,73.00,28.00,-6.00,-19.00,-12.00,23.00,22.00,27.00,59.00,125.00,188.00,103.00,4.00,-7.00,-18.00,-29.00,-22.00,-19.00,-62.00,-197.00,-353.00,-406.00,-303.00,-26.00,257.00,380.00,368.00,353.00,281.00,67.00,-55.00,-44.00,-35.00,-58.00,-62.00,-9.00,-50.00,-187.00,-292.00,-393.00,-461.00,-384.00,-109.00,175.00,326.00,455.00,540.00,463.00,349.00,289.00,149.00,24.00,15.00,32.00,-8.00,16.00,119.00,127.00,91.00,35.00,-1.00,16.00,26.00,-3.00,-69.00,-82.00,-18.00,5.00,-31.00,-37.00,-20.00,-24.00,-50.00,-48.00,-28.00,-40.00,-44.00,-64.00,-101.00,-74.00,-39.00,-82.00,-197.00,-285.00,-278.00,-254.00
186.00,283.00,361.00,316.00,290.00,190.00,-61.00,-199.00,-136.00,-64.00,-2.00,34.00,73.00,75.00,12.00,27.00,20.00,-6.00,-41.00,-129.00,-174.00,-102.00,98.00,150.00,31.00,-103.00,-190.00,-109.00,-6.00,86.00,154.00,67.00,-12.00,-13.00,-16.00,-2.00,19.00,-20.00,-64.00,-29.00,44.00,129.00,126.00,25.00,-23.00,-28.00,-58.00,-111.00,-149.00,-126.00,-53.00,-4.00,-34.00,-110.00,-183.00,-232.00,-209.00,-1.00,297.00,433.00,423.00,331.00,160.00,-89.00,-361.00,-497.00,-515.00,-514.00,-487.00,-434.00,-344.00,-262.00,-240.00,-217.00,-184.00,-7.00,267.00,187.00,29.00,258.00,427.00,367.00,252.00,186.00,289.00,364.00,367.00,278.00,131.00,84.00,-26.00,-180.00,-210.00,-147.00,-46.00,55.00,64.00,-58.00,-110.00,-10.00,25.00,-63.00,-150.00,-163.00,-57.00,39.00,-1.00,-19.00,23.00,11.00,-28.00,-39.00,-8.00,31.00,53.00,35.00,-87.00,-231.00,-183.00,6.00,52.00,-40.00,-56.00,52.00,212.00,344.00,397.00,273.00,52.00,-41.00,-43.00,-44.00,-32.00,-13.00,-33.00,-162.00,-332.00,-408.00,-322.00,-93.00,161.00,351.00,296.00,180.00,231.00,157.00,23.00,-5.00,-3.00,3.00,-12.00,-17.00,-21.00,-88.00,-235.00,-348.00,-333.00,-258.00,-225.00,-117.00,143.00,327.00,419.00,497.00,501.00,413.00,260.00,113.00,19.00,-60.00,-112.00,-54.00,24.00,23.00,20.00,44.00,41.00,22.00,32.00,44.00,20.00,-4.00,-8.00,-7.00,-5.00,-5.00,-31.00,-41.00,-13.00,-14.00,-22.00,-62.00,-113.00,-67.00,-32.00,-45.00,-46.00,-59.00,-103.00,-138.00
220.00,277.00,286.00,144.00,17.00,-44.00,-110.00,-74.00,30.00,98.00,149.00,112.00,109.00,194.00,190.00,109.00,56.00,37.00,50.00,48.00,56.00,89.00,24.00,-45.00,-24.00,-5.00,-28.00,-51.00,-34.00,-75.00,-137.00,-77.00,-5.00,0.00,-10.00,-18.00,-18.00,-47.00,-80.00,-42.00,-48.00,-28.00,53.00,-3.00,-48.00,-10.00,13.00,-5.00,0.00,39.00,15.00,25.00,67.00,38.00,-75.00,-235.00,-255.00,-230.00,-375.00,-489.00,-497.00,-378.00,-233.00,-312.00,-292.00,-80.00,0.00,-11.00,-13.00,119.00,370.00,469.00,313.00,126.00,89.00,68.00,24.00,-51.00,-149.00,-232.00,-329.00,-417.00,-350.00,-169.00,-171.00,-319.00,-362.00,-293.00,-222.00,-129.00,-111.00,-152.00,-83.00,-38.00,-70.00,-41.00,-3.00,-12.00,-20.00,-37.00,-36.00,-33.00,-76.00,-97.00,-79.00,-106.00,-154.00,-116.00,-31.00,1.00,-89.00,-276.00,-390.00,-293.00,-63.00,57.00,32.00,10.00,27.00,23.00,-9.00,-62.00,-103.00,-177.00,-235.00,-29.00,273.00,418.00,391.00,198.00,21.00,-21.00,-21.00,-31.00,-19.00,13.00,-11.00,-164.00,-362.00,-444.00,-331.00,-111.00,11.00,139.00,344.00,433.00,342.00,155.00,44.00,-9.00,-51.00,-47.00,-31.00,5.00,38.00,-31.00,-182.00,-233.00,-286.00,-441.00,-433.00,-166.00,82.00,223.00,415.00,547.00,501.00,331.00,140.00,-86.00,-204.00,-122.00,-13.00,76.00,86.00,63.00,19.00,-27.00,-12.00,9.00,5.00,-14.00,-11.00,1.00,2.00,0.00,-13.00,-11.00,37.00,50.00,-16.00,-47.00,-43.00,-63.00,-76.00,-69.00,-13.00,42.00,23.00,-4.00
46.00,41.00,31.00,30.00,16.00,21.00,106.00,167.00,108.00,7.00,-35.00,-25.00,13.00,65.00,60.00,26.00,28.00,31.00,57.00,127.00,132.00,-22.00,-200.00,-164.00,-3.00,60.00,50.00,21.00,-1.00,-59.00,-137.00,-89.00,-11.00,-2.00,-4.00,-23.00,-43.00,-20.00,-12.00,14.00,75.00,30.00,2.00,57.00,43.00,28.00,42.00,24.00,21.00,15.00,-17.00,-6.00,27.00,22.00,33.00,54.00,1.00,-153.00,-236.00,-138.00,-72.00,-79.00,-73.00,51.00,315.00,477.00,500.00,495.00,466.00,420.00,324.00,213.00,146.00,58.00,-63.00,-183.00,-219.00,-125.00,-107.00,-255.00,-341.00,-308.00,-198.00,-43.00,-24.00,-126.00,-193.00,-216.00,-182.00,-71.00,-4.00,-16.00,-14.00,12.00,-7.00,-60.00,-36.00,38.00,20.00,-89.00,-103.00,-7.00,39.00,15.00,-25.00,-83.00,-142.00,-136.00,-67.00,0.00,-40.00,-206.00,-327.00,-332.00,-245.00,-69.00,134.00,279.00,272.00,165.00,76.00,12.00,-46.00,-151.00,-290.00,-370.00,-279.00,57.00,371.00,457.00,392.00,211.00,37.00,-27.00,-37.00,-37.00,-28.00,-6.00,-29.00,-173.00,-348.00,-418.00,-340.00,-174.00,43.00,288.00,421.00,374.00,182.00,-11.00,-58.00,-17.00,-2.00,-10.00,-3.00,-23.00,-70.00,-74.00,-88.00,-235.00,-396.00,-422.00,-368.00,-237.00,-66.00,115.00,313.00,438.00,422.00,259.00,156.00,154.00,115.00,96.00,133.00,185.00,154.00,120.00,94.00,37.00,37.00,25.00,0.00,-3.00,-7.00,-5.00,-1.00,-12.00,-33.00,-37.00,-32.00,-18.00,-11.00,-12.00,3.00,0.00,-5.00,-15.00,-32.00,-32.00
-10.00,-26.00,-40.00,24.00,107.00,142.00,125.00,58.00,15.00,-8.00,-2.00,7.00,-34.00,-77.00,-83.00,-62.00,-29.00,-16.00,-28.00,-44.00,-25.00,30.00,106.00,152.00,65.00,-8.00,7.00,4.00,-15.00,-10.00,13.00,16.00,0.00,-8.00,2.00,9.00,-1.00,-14.00,-54.00,-51.00,36.00,10.00,-73.00,-17.00,83.00,79.00,2.00,-22.00,-45.00,-107.00,-85.00,-42.00,-41.00,-13.00,15.00,62.00,71.00,88.00,252.00,379.00,401.00,286.00,150.00,245.00,227.00,13.00,-52.00,-94.00,-247.00,-388.00,-374.00,-219.00,-121.00,-126.00,-161.00,-139.00,-108.00,-96.00,-25.00,50.00,107.00,149.00,87.00,42.00,115.00,156.00,142.00,71.00,16.00,-14.00,-45.00,-21.00,-22.00,-2.00,60.00,60.00,33.00,-11.00,-44.00,33.00,131.00,149.00,149.00,155.00,118.00,124.00,209.00,205.00,97.00,28.00,41.00,121.00,225.00,132.00,-163.00,-293.00,-167.00,19.00,140.00,185.00,174.00,110.00,19.00,-14.00,-20.00,-161.00,-355.00,-432.00,-339.00,-17.00,330.00,446.00,369.00,190.00,32.00,-29.00,-35.00,-20.00,-4.00,6.00,-45.00,-217.00,-324.00,-306.00,-308.00,-221.00,28.00,296.00,433.00,388.00,195.00,41.00,-3.00,-45.00,-39.00,-10.00,-51.00,-109.00,-81.00,-17.00,-41.00,-192.00,-384.00,-470.00,-429.00,-320.00,-131.00,128.00,313.00,353.00,232.00,69.00,29.00,37.00,77.00,188.00,300.00,350.00,298.00,253.00,255.00,164.00,41.00,-3.00,-20.00,-31.00,12.00,20.00,-69.00,-119.00,-60.00,29.00,45.00,5.00,-29.00,-47.00,-54.00,-69.00,-72.00,-64.00
56.00,32.00,5.00,-26.00,-37.00,35.00,54.00,11.00,43.00,69.00,60.00,44.00,-15.00,-41.00,-33.00,-62.00,-47.00,12.00,-2.00,-76.00,-145.00,-131.00,-42.00,-23.00,-50.00,-33.00,-15.00,-12.00,-19.00,-33.00,-12.00,93.00,157.00,72.00,2.00,2.00,3.00,0.00,-8.00,-82.00,-117.00,16.00,132.00,191.00,189.00,85.00,24.00,14.00,-21.00,-52.00,-47.00,-44.00,-47.00,-15.00,0.00,-7.00,33.00,115.00,148.00,77.00,14.00,-16.00,-133.00,-304.00,-349.00,-323.00,-390.00,-376.00,-237.00,-243.00,-301.00,-171.00,-39.00,-71.00,-106.00,-61.00,-2.00,51.00,122.00,179.00,156.00,57.00,-96.00,-218.00,-201.00,-120.00,-82.00,-56.00,-33.00,-42.00,-47.00,-27.00,-64.00,-179.00,-150.00,4.00,-11.00,-86.00,-4.00,122.00,151.00,120.00,118.00,145.00,142.00,163.00,239.00,276.00,207.00,79.00,48.00,126.00,188.00,152.00,4.00,-157.00,-239.00,-227.00,-114.00,39.00,148.00,184.00,188.00,157.00,56.00,5.00,-35.00,-207.00,-354.00,-392.00,-276.00,71.00,368.00,453.00,387.00,188.00,27.00,-13.00,-7.00,-6.00,-31.00,-46.00,-33.00,-109.00,-306.00,-407.00,-353.00,-140.00,209.00,448.00,502.00,444.00,297.00,114.00,-7.00,-31.00,-25.00,-53.00,-73.00,-28.00,34.00,49.00,-27.00,-207.00,-392.00,-468.00,-442.00,-358.00,-183.00,-14.00,5.00,-57.00,-132.00,-128.00,-44.00,49.00,168.00,237.00,279.00,342.00,318.00,269.00,264.00,174.00,46.00,4.00,15.00,19.00,10.00,-25.00,-84.00,-42.00,40.00,7.00,-31.00,-18.00,-12.00,-30.00,-49.00,-50.00
-86.00,-88.00,-128.00,-178.00,-150.00,-61.00,5.00,22.00,15.00,-21.00,-26.00,20.00,28.00,42.00,54.00,13.00,8.00,30.00,20.00,-17.00,12.00,124.00,63.00,-78.00,-35.00,20.00,19.00,27.00,8.00,-28.00,-35.00,10.00,47.00,29.00,-1.00,41.00,100.00,55.00,1.00,-78.00,-163.00,-86.00,-28.00,-61.00,-3.00,72.00,51.00,15.00,6.00,-10.00,-55.00,-94.00,-76.00,-25.00,18.00,21.00,20.00,44.00,2.00,-44.00,-106.00,-198.00,-223.00,-330.00,-400.00,-297.00,-225.00,-188.00,-59.00,136.00,230.00,155.00,43.00,-34.00,9.00,112.00,121.00,131.00,89.00,-53.00,-134.00,-110.00,-66.00,-94.00,-114.00,-112.00,-158.00,-134.00,-108.00,-103.00,-42.00,-103.00,-185.00,-175.00,-149.00,-53.00,20.00,46.00,97.00,131.00,136.00,115.00,100.00,118.00,130.00,56.00,-41.00,-32.00,1.00,5.00,26.00,31.00,-29.00,-63.00,23.00,74.00,-40.00,-192.00,-242.00,-150.00,6.00,126.00,211.00,187.00,68.00,29.00,64.00,77.00,51.00,-70.00,-253.00,-322.00,-147.00,186.00,380.00,368.00,273.00,128.00,26.00,10.00,-15.00,-52.00,-43.00,-27.00,-68.00,-192.00,-324.00,-393.00,-384.00,-172.00,189.00,414.00,477.00,431.00,258.00,86.00,6.00,-32.00,-44.00,4.00,54.00,71.00,63.00,42.00,-29.00,-154.00,-247.00,-347.00,-419.00,-356.00,-120.00,76.00,-19.00,-128.00,-109.00,-88.00,-32.00,19.00,88.00,127.00,119.00,239.00,380.00,351.00,272.00,245.00,134.00,25.00,41.00,33.00,-44.00,-86.00,12.00,125.00,143.00,122.00,44.00,-37.00,-62.00,-64.00
-160.00,-178.00,-239.00,-254.00,-264.00,-280.00,-150.00,-19.00,-2.00,4.00,3.00,-2.00,2.00,-4.00,15.00,57.00,81.00,37.00,-26.00,-15.00,87.00,152.00,70.00,-5.00,31.00,63.00,20.00,-16.00,39.00,98.00,51.00,-72.00,-71.00,75.00,72.00,-6.00,-11.00,-15.00,-15.00,-13.00,-79.00,-139.00,-199.00,-298.00,-136.00,47.00,-19.00,-21.00,42.00,33.00,-28.00,-44.00,-2.00,-39.00,-73.00,-34.00,-12.00,26.00,17.00,-84.00,-93.00,6.00,138.00,278.00,240.00,89.00,117.00,109.00,-80.00,-76.00,28.00,-78.00,-179.00,-89.00,59.00,123.00,97.00,22.00,-28.00,-29.00,-51.00,-68.00,-81.00,-113.00,-110.00,-79.00,-61.00,-44.00,-19.00,-47.00,-65.00,23.00,107.00,172.00,158.00,-16.00,-111.00,-28.00,75.00,117.00,124.00,120.00,94.00,80.00,98.00,46.00,-47.00,-110.00,-140.00,-72.00,-17.00,-43.00,-80.00,-104.00,-63.00,-37.00,-111.00,-173.00,-211.00,-268.00,-272.00,-163.00,-19.00,51.00,77.00,66.00,14.00,-8.00,-4.00,4.00,-41.00,-210.00,-350.00,-290.00,-47.00,225.00,380.00,353.00,214.00,109.00,19.00,-59.00,-56.00,-23.00,-26.00,-38.00,-73.00,-220.00,-389.00,-428.00,-370.00,-203.00,83.00,338.00,456.00,385.00,198.00,66.00,15.00,19.00,43.00,35.00,-12.00,10.00,85.00,64.00,32.00,-12.00,-177.00,-276.00,-180.00,-67.00,-24.00,4.00,-79.00,-220.00,-232.00,-176.00,-97.00,-30.00,44.00,127.00,155.00,243.00,359.00,339.00,255.00,227.00,168.00,76.00,36.00,-7.00,-16.00,45.00,59.00,34.00,57.00,93.00,46.00,-10.00
-240.00,-241.00,-137.00,-6.00,-63.00,-186.00,-148.00,-32.00,9.00,50.00,51.00,7.00,35.00,22.00,-8.00,26.00,0.00,-18.00,10.00,1.00,-40.00,-53.00,-6.00,-9.00,-54.00,-39.00,-7.00,-6.00,-12.00,-13.00,-11.00,-27.00,32.00,136.00,85.00,-49.00,-25.00,111.00,81.00,-5.00,-47.00,-161.00,-80.00,156.00,83.00,-26.00,45.00,-8.00,-50.00,29.00,50.00,9.00,-3.00,-8.00,-27.00,-26.00,3.00,43.00,91.00,67.00,44.00,75.00,75.00,193.00,270.00,90.00,-81.00,-63.00,-39.00,-136.00,-242.00,-272.00,-226.00,-124.00,-30.00,28.00,51.00,54.00,118.00,111.00,5.00,0.00,2.00,3.00,68.00,81.00,39.00,-45.00,-66.00,27.00,100.00,142.00,214.00,326.00,344.00,240.00,195.00,211.00,172.00,76.00,-6.00,-19.00,-17.00,-72.00,-118.00,-103.00,-127.00,-144.00,-53.00,4.00,-11.00,-53.00,-93.00,-90.00,-106.00,-104.00,-67.00,-50.00,-28.00,-101.00,-223.00,-232.00,-169.00,24.00,274.00,361.00,248.00,50.00,-72.00,-126.00,-120.00,-78.00,-156.00,-315.00,-383.00,-281.00,-19.00,254.00,402.00,361.00,243.00,171.00,76.00,7.00,-14.00,-33.00,-41.00,-39.00,-79.00,-215.00,-349.00,-395.00,-356.00,-152.00,142.00,326.00,399.00,330.00,263.00,259.00,129.00,22.00,-10.00,3.00,57.00,29.00,26.00,75.00,36.00,-15.00,-100.00,-180.00,-88.00,4.00,-23.00,-138.00,-258.00,-272.00,-223.00,-175.00,-103.00,-26.00,7.00,72.00,140.00,164.00,227.00,282.00,267.00,213.00,168.00,114.00,3.00,-75.00,-85.00,-67.00,16.00,111.00,114.00,86.00
-248.00,-198.00,-132.00,-130.00,-64.00,29.00,25.00,-3.00,-31.00,-23.00,11.00,12.00,22.00,19.00,2.00,9.00,-8.00,-21.00,-12.00,-7.00,-17.00,58.00,216.00,225.00,47.00,-92.00,-57.00,7.00,-45.00,-111.00,-63.00,-3.00,-68.00,-141.00,-59.00,25.00,15.00,12.00,15.00,6.00,2.00,-76.00,-54.00,120.00,54.00,-35.00,96.00,132.00,39.00,-12.00,-16.00,-55.00,-86.00,-38.00,-2.00,-6.00,3.00,44.00,120.00,167.00,94.00,-32.00,-150.00,-247.00,-213.00,-142.00,-182.00,-216.00,-147.00,-123.00,-150.00,-88.00,-17.00,-5.00,-37.00,-46.00,56.00,113.00,39.00,-50.00,-139.00,-156.00,-62.00,-1.00,-15.00,5.00,48.00,61.00,118.00,242.00,305.00,212.00,134.00,147.00,146.00,174.00,256.00,264.00,150.00,78.00,91.00,82.00,12.00,-43.00,-80.00,-115.00,-19.00,138.00,160.00,51.00,-21.00,-22.00,-31.00,-18.00,-11.00,13.00,115.00,146.00,92.00,43.00,-36.00,-181.00,-366.00,-353.00,-40.00,244.00,344.00,371.00,272.00,65.00,-40.00,-13.00,34.00,-29.00,-220.00,-332.00,-358.00,-279.00,3.00,274.00,437.00,463.00,277.00,61.00,-21.00,-27.00,-24.00,-18.00,-40.00,-64.00,-85.00,-206.00,-382.00,-448.00,-380.00,-149.00,153.00,298.00,354.00,352.00,219.00,70.00,-3.00,9.00,40.00,26.00,39.00,70.00,25.00,69.00,93.00,-51.00,-58.00,5.00,11.00,-17.00,-86.00,-120.00,-207.00,-293.00,-256.00,-192.00,-130.00,-42.00,20.00,95.00,138.00,108.00,183.00,311.00,299.00,174.00,81.00,37.00,-10.00,-24.00,-22.00,-21.00,28.00,70.00
32.00,73.00,37.00,-70.00,-58.00,19.00,29.00,-25.00,-24.00,2.00,-15.00,-34.00,-37.00,-15.00,-29.00,-86.00,-68.00,6.00,7.00,-36.00,-38.00,5.00,38.00,62.00,155.00,237.00,194.00,72.00,12.00,18.00,10.00,2.00,-76.00,-151.00,-52.00,42.00,-59.00,-72.00,95.00,88.00,7.00,32.00,-58.00,-166.00,-25.00,74.00,79.00,148.00,79.00,-46.00,-60.00,-16.00,-33.00,-56.00,-22.00,-2.00,8.00,13.00,19.00,57.00,122.00,122.00,69.00,-31.00,-196.00,-216.00,-121.00,-124.00,-149.00,-124.00,-89.00,-38.00,6.00,10.00,-17.00,-64.00,-47.00,-31.00,-76.00,-49.00,-7.00,-11.00,-53.00,-103.00,-57.00,60.00,131.00,208.00,297.00,249.00,166.00,183.00,153.00,38.00,-38.00,-71.00,-64.00,-33.00,-4.00,30.00,63.00,83.00,93.00,116.00,136.00,175.00,250.00,247.00,118.00,-7.00,-24.00,52.00,108.00,68.00,22.00,-6.00,-65.00,-114.00,-96.00,-24.00,-25.00,-85.00,-170.00,-320.00,-401.00,-351.00,-112.00,243.00,356.00,219.00,85.00,25.00,20.00,42.00,91.00,75.00,-134.00,-377.00,-464.00,-342.00,-34.00,264.00,342.00,237.00,137.00,43.00,-23.00,-23.00,-24.00,-31.00,-34.00,-40.00,-115.00,-267.00,-378.00,-419.00,-378.00,-131.00,105.00,187.00,269.00,283.00,293.00,254.00,103.00,28.00,51.00,74.00,41.00,82.00,172.00,125.00,48.00,23.00,10.00,-5.00,-40.00,-87.00,-144.00,-182.00,-227.00,-302.00,-317.00,-235.00,-159.00,-111.00,-32.00,19.00,68.00,167.00,228.00,264.00,314.00,290.00,208.00,114.00,-22.00,-88.00,-22.00,32.00
186.00,187.00,219.00,263.00,235.00,166.00,67.00,-21.00,-19.00,5.00,32.00,59.00,40.00,4.00,-26.00,-54.00,-44.00,15.00,40.00,-14.00,-42.00,-56.00,-130.00,-162.00,-15.00,165.00,130.00,17.00,54.00,118.00,51.00,-13.00,-6.00,-7.00,-4.00,35.00,51.00,13.00,-8.00,0.00,-1.00,-5.00,-66.00,-106.00,-13.00,47.00,-6.00,9.00,98.00,25.00,-63.00,-7.00,5.00,-13.00,-15.00,-35.00,-18.00,-7.00,-47.00,-61.00,-43.00,2.00,100.00,187.00,175.00,110.00,108.00,130.00,99.00,82.00,94.00,16.00,-74.00,-73.00,-56.00,-36.00,-54.00,-77.00,-10.00,45.00,38.00,23.00,32.00,85.00,125.00,136.00,153.00,143.00,98.00,60.00,39.00,21.00,-2.00,-20.00,-17.00,1.00,8.00,4.00,-5.00,-25.00,-42.00,-34.00,36.00,94.00,115.00,182.00,139.00,9.00,-16.00,-12.00,27.00,74.00,74.00,161.00,186.00,-1.00,-150.00,-157.00,-122.00,-90.00,-80.00,-30.00,75.00,74.00,-129.00,-312.00,-314.00,-187.00,71.00,330.00,415.00,297.00,81.00,-28.00,-23.00,-30.00,-55.00,-129.00,-289.00,-425.00,-445.00,-287.00,-27.00,199.00,397.00,404.00,184.00,-3.00,-33.00,-6.00,-10.00,-13.00,-25.00,-49.00,-102.00,-249.00,-393.00,-427.00,-370.00,-155.00,108.00,263.00,395.00,419.00,366.00,294.00,129.00,32.00,25.00,-30.00,-73.00,42.00,143.00,70.00,24.00,41.00,6.00,-50.00,-53.00,-49.00,-122.00,-204.00,-264.00,-346.00,-390.00,-299.00,-168.00,-109.00,-39.00,18.00,81.00,193.00,245.00,255.00,294.00,236.00,98.00,70.00,46.00,-2.00
276.00,201.00,134.00,130.00,126.00,151.00,131.00,58.00,13.00,19.00,53.00,74.00,29.00,-1.00,70.00,103.00,42.00,-25.00,-15.00,40.00,36.00,-34.00,-85.00,-101.00,-136.00,-112.00,-51.00,-23.00,-16.00,-25.00,-30.00,-29.00,-17.00,-17.00,44.00,132.00,83.00,-80.00,-84.00,96.00,86.00,-9.00,36.00,1.00,-137.00,-136.00,-100.00,-74.00,34.00,17.00,-63.00,-22.00,54.00,40.00,-18.00,-51.00,-78.00,-75.00,-62.00,-46.00,-32.00,6.00,49.00,84.00,234.00,341.00,260.00,205.00,226.00,223.00,181.00,93.00,6.00,-12.00,3.00,31.00,1.00,-122.00,-135.00,-11.00,84.00,131.00,223.00,296.00,231.00,110.00,97.00,119.00,48.00,3.00,11.00,-5.00,-17.00,-13.00,-12.00,-7.00,-4.00,-3.00,5.00,5.00,-12.00,-25.00,-22.00,-13.00,-12.00,-26.00,-29.00,-20.00,-12.00,3.00,40.00,92.00,68.00,58.00,154.00,222.00,260.00,284.00,197.00,105.00,140.00,205.00,217.00,110.00,-12.00,-51.00,-132.00,-262.00,-251.00,18.00,300.00,379.00,357.00,246.00,31.00,-123.00,-112.00,-22.00,-5.00,-65.00,-196.00,-366.00,-366.00,-120.00,193.00,397.00,466.00,414.00,239.00,46.00,-35.00,-30.00,-8.00,-4.00,-18.00,-16.00,-65.00,-231.00,-387.00,-432.00,-367.00,-180.00,31.00,169.00,288.00,404.00,318.00,86.00,20.00,-62.00,-198.00,-42.00,150.00,82.00,29.00,65.00,62.00,57.00,40.00,0.00,-25.00,-21.00,-31.00,-104.00,-160.00,-222.00,-315.00,-288.00,-215.00,-169.00,-72.00,-5.00,-7.00,11.00,79.00,154.00,249.00,329.00,258.00,170.00
30.00,6.00,-10.00,1.00,3.00,23.00,56.00,53.00,39.00,32.00,-4.00,-45.00,-35.00,17.00,48.00,49.00,18.00,-31.00,-31.00,-5.00,13.00,27.00,94.00,154.00,57.00,-15.00,99.00,171.00,8.00,-127.00,-42.00,22.00,-10.00,-10.00,74.00,119.00,39.00,-9.00,-6.00,-14.00,-10.00,-4.00,-2.00,-85.00,-165.00,-55.00,89.00,80.00,65.00,95.00,30.00,-4.00,24.00,17.00,11.00,26.00,-9.00,-75.00,-60.00,-6.00,54.00,53.00,53.00,92.00,74.00,140.00,205.00,121.00,67.00,57.00,26.00,31.00,55.00,61.00,50.00,2.00,-49.00,-24.00,-6.00,-2.00,97.00,199.00,190.00,125.00,132.00,137.00,74.00,20.00,-37.00,-91.00,-98.00,-55.00,-21.00,-6.00,0.00,-8.00,-2.00,6.00,13.00,24.00,21.00,11.00,7.00,9.00,15.00,11.00,10.00,6.00,-8.00,1.00,22.00,101.00,182.00,52.00,-44.00,151.00,322.00,343.00,260.00,150.00,164.00,177.00,148.00,69.00,-56.00,-72.00,-47.00,-133.00,-293.00,-373.00,-310.00,-61.00,250.00,300.00,147.00,57.00,59.00,73.00,73.00,63.00,17.00,-91.00,-177.00,-229.00,-304.00,-162.00,205.00,462.00,531.00,443.00,225.00,37.00,-8.00,4.00,20.00,40.00,28.00,2.00,-59.00,-212.00,-336.00,-337.00,-299.00,-233.00,-127.00,77.00,256.00,283.00,281.00,155.00,28.00,77.00,86.00,24.00,20.00,67.00,88.00,70.00,63.00,74.00,84.00,93.00,97.00,99.00,102.00,9.00,-132.00,-187.00,-225.00,-256.00,-250.00,-191.00,-84.00,-10.00,9.00,75.00,185.00,227.00,256.00,286.00
-116.00,-74.00,-19.00,-4.00,-16.00,-27.00,-22.00,-17.00,37.00,96.00,51.00,-35.00,-37.00,1.00,7.00,43.00,56.00,14.00,1.00,1.00,-4.00,0.00,84.00,170.00,70.00,-40.00,18.00,75.00,40.00,13.00,18.00,15.00,3.00,0.00,-85.00,-159.00,-56.00,12.00,-100.00,-110.00,61.00,71.00,-3.00,6.00,-56.00,-107.00,-3.00,80.00,52.00,38.00,55.00,50.00,-1.00,-42.00,-38.00,-8.00,66.00,64.00,-68.00,-120.00,-43.00,30.00,78.00,98.00,34.00,-12.00,59.00,88.00,19.00,-23.00,-31.00,-16.00,27.00,34.00,18.00,9.00,-18.00,4.00,-1.00,-58.00,-11.00,21.00,-37.00,-79.00,-68.00,-1.00,12.00,-43.00,-58.00,-80.00,-109.00,-68.00,-4.00,17.00,12.00,8.00,9.00,14.00,18.00,27.00,35.00,29.00,15.00,0.00,-7.00,0.00,4.00,4.00,9.00,7.00,7.00,25.00,100.00,162.00,119.00,16.00,-58.00,-51.00,-13.00,8.00,-19.00,-58.00,-20.00,52.00,8.00,-77.00,-64.00,-27.00,-60.00,-183.00,-328.00,-353.00,-203.00,43.00,266.00,359.00,280.00,131.00,71.00,44.00,-1.00,-4.00,3.00,-102.00,-303.00,-413.00,-343.00,-92.00,217.00,430.00,477.00,352.00,159.00,29.00,-1.00,12.00,27.00,40.00,40.00,27.00,-16.00,-140.00,-297.00,-330.00,-251.00,-225.00,-129.00,142.00,351.00,389.00,328.00,152.00,-28.00,-33.00,22.00,36.00,37.00,44.00,54.00,56.00,83.00,118.00,131.00,124.00,119.00,149.00,156.00,53.00,-38.00,-76.00,-181.00,-305.00,-329.00,-256.00,-166.00,-56.00,12.00,7.00,64.00,126.00
-44.00,-72.00,-68.00,-18.00,-9.00,-26.00,-44.00,-41.00,-11.00,3.00,-8.00,-19.00,-27.00,-35.00,-9.00,27.00,-5.00,-50.00,-22.00,17.00,-7.00,-48.00,-72.00,-68.00,-24.00,-4.00,-101.00,-184.00,-84.00,6.00,-17.00,-30.00,-11.00,0.00,-88.00,-140.00,-20.00,48.00,33.00,22.00,6.00,4.00,4.00,5.00,-55.00,-203.00,-255.00,-147.00,-95.00,-63.00,-5.00,-46.00,-51.00,1.00,4.00,-47.00,-60.00,-19.00,-23.00,-64.00,-92.00,-22.00,23.00,3.00,76.00,71.00,-24.00,-14.00,5.00,-6.00,-7.00,0.00,2.00,-7.00,30.00,65.00,30.00,-11.00,-60.00,-102.00,-44.00,15.00,6.00,-29.00,-86.00,-117.00,-116.00,-121.00,-130.00,-103.00,-71.00,-86.00,-68.00,-25.00,-6.00,5.00,1.00,-2.00,-6.00,-12.00,-5.00,0.00,-15.00,-33.00,-35.00,-30.00,-20.00,2.00,10.00,-6.00,-95.00,-206.00,-156.00,30.00,140.00,69.00,-41.00,-132.00,-149.00,-32.00,16.00,-2.00,19.00,161.00,340.00,205.00,-19.00,-53.00,-81.00,-95.00,-88.00,-187.00,-328.00,-295.00,-15.00,264.00,366.00,385.00,279.00,93.00,25.00,29.00,25.00,8.00,-45.00,-191.00,-367.00,-428.00,-371.00,-158.00,176.00,412.00,420.00,286.00,148.00,48.00,18.00,33.00,39.00,39.00,5.00,-41.00,-76.00,-113.00,-180.00,-305.00,-338.00,-265.00,-105.00,122.00,132.00,-26.00,-75.00,-30.00,0.00,-15.00,-56.00,-56.00,-30.00,-21.00,24.00,57.00,29.00,18.00,32.00,47.00,59.00,2.00,-64.00,-41.00,-35.00,-121.00,-244.00,-287.00,-261.00,-219.00,-165.00,-129.00,-53.00,6.00
-108.00,-118.00,-133.00,-98.00,-47.00,-104.00,-143.00,-61.00,-30.00,-70.00,-76.00,-30.00,6.00,20.00,-11.00,-63.00,-29.00,6.00,-41.00,-92.00,-93.00,-63.00,-48.00,26.00,192.00,146.00,-89.00,-71.00,98.00,76.00,5.00,9.00,3.00,-9.00,-7.00,-31.00,-69.00,-45.00,-3.00,-78.00,-126.00,-10.00,35.00,-2.00,2.00,41.00,104.00,155.00,180.00,115.00,68.00,92.00,41.00,10.00,27.00,3.00,-86.00,-133.00,-8.00,70.00,1.00,-28.00,-24.00,-2.00,48.00,36.00,-24.00,-26.00,43.00,9.00,-63.00,-51.00,-40.00,1.00,35.00,-22.00,-75.00,-67.00,-75.00,-93.00,-80.00,-63.00,-46.00,-36.00,-74.00,-134.00,-137.00,-113.00,-99.00,-65.00,-47.00,-39.00,-13.00,-2.00,-1.00,-21.00,-46.00,-22.00,9.00,14.00,12.00,2.00,-15.00,-13.00,3.00,3.00,-9.00,-3.00,14.00,8.00,-87.00,-209.00,-206.00,-116.00,-21.00,68.00,130.00,69.00,-48.00,-71.00,-35.00,-17.00,-25.00,100.00,357.00,431.00,248.00,56.00,-31.00,-69.00,-49.00,-49.00,-191.00,-363.00,-395.00,-273.00,-2.00,290.00,345.00,249.00,176.00,84.00,14.00,36.00,81.00,65.00,-82.00,-315.00,-424.00,-416.00,-352.00,-105.00,251.00,449.00,391.00,220.00,98.00,27.00,4.00,17.00,1.00,-21.00,-12.00,-22.00,-84.00,-141.00,-193.00,-282.00,-327.00,-277.00,-144.00,-29.00,-3.00,24.00,7.00,-34.00,-41.00,-59.00,-57.00,-38.00,-54.00,-104.00,-147.00,-166.00,-180.00,-160.00,-105.00,-84.00,-61.00,-50.00,-60.00,-8.00,-16.00,-88.00,-139.00,-219.00,-245.00,-182.00,-107.00,-74.00
-280.00,-230.00,-216.00,-226.00,-154.00,-166.00,-127.00,13.00,8.00,-39.00,-41.00,-18.00,5.00,27.00,68.00,79.00,50.00,5.00,-22.00,-29.00,-24.00,-6.00,5.00,87.00,122.00,-72.00,-160.00,-60.00,-27.00,-23.00,-4.00,-1.00,-8.00,-10.00,-7.00,-50.00,-27.00,76.00,49.00,-6.00,-2.00,-8.00,-8.00,-5.00,-4.00,94.00,246.00,252.00,207.00,223.00,220.00,202.00,163.00,65.00,7.00,18.00,-2.00,-45.00,1.00,89.00,68.00,-30.00,-50.00,-5.00,-6.00,17.00,70.00,82.00,117.00,147.00,92.00,43.00,50.00,48.00,19.00,-20.00,-61.00,-118.00,-154.00,-90.00,3.00,18.00,-3.00,-17.00,-19.00,-19.00,-22.00,7.00,37.00,27.00,13.00,26.00,46.00,60.00,52.00,20.00,15.00,32.00,37.00,30.00,16.00,2.00,3.00,7.00,3.00,3.00,-7.00,-19.00,-10.00,13.00,30.00,10.00,-75.00,-161.00,-130.00,-16.00,82.00,172.00,203.00,94.00,-10.00,-25.00,-47.00,-153.00,-208.00,58.00,345.00,380.00,289.00,106.00,-29.00,-73.00,-71.00,-88.00,-200.00,-309.00,-307.00,-173.00,81.00,310.00,325.00,165.00,23.00,34.00,88.00,44.00,-11.00,-21.00,-89.00,-261.00,-399.00,-402.00,-259.00,-3.00,239.00,389.00,363.00,199.00,92.00,57.00,30.00,7.00,9.00,-9.00,-53.00,-43.00,-53.00,-111.00,-191.00,-277.00,-153.00,17.00,4.00,30.00,41.00,8.00,17.00,-18.00,-51.00,-55.00,-66.00,-45.00,-8.00,-14.00,-60.00,-118.00,-114.00,-42.00,-3.00,-35.00,-92.00,-46.00,33.00,-16.00,-62.00,-82.00,-98.00,-126.00,-231.00,-294.00
-198.00,-111.00,68.00,95.00,-65.00,-119.00,27.00,105.00,21.00,-14.00,1.00,-3.00,10.00,-12.00,-10.00,25.00,1.00,-5.00,40.00,73.00,54.00,20.00,-3.00,-22.00,-123.00,-237.00,-146.00,-59.00,-91.00,-50.00,-1.00,-10.00,-11.00,-8.00,-9.00,-1.00,72.00,134.00,62.00,-5.00,-38.00,-73.00,-37.00,4.00,6.00,-131.00,-265.00,-129.00,30.00,30.00,-71.00,-40.00,101.00,57.00,10.00,45.00,53.00,52.00,23.00,11.00,-13.00,-90.00,-75.00,1.00,-28.00,-38.00,46.00,16.00,-51.00,97.00,221.00,145.00,113.00,97.00,53.00,120.00,240.00,289.00,298.00,285.00,204.00,113.00,55.00,20.00,-7.00,-36.00,-45.00,-35.00,-28.00,-24.00,-15.00,-31.00,-83.00,-70.00,12.00,109.00,140.00,45.00,-37.00,-70.00,-66.00,9.00,57.00,12.00,-30.00,-21.00,3.00,11.00,-5.00,-1.00,30.00,27.00,-12.00,-52.00,-107.00,-128.00,-76.00,71.00,219.00,208.00,69.00,-57.00,-74.00,-161.00,-369.00,-313.00,33.00,286.00,370.00,271.00,29.00,-81.00,-63.00,-91.00,-127.00,-140.00,-233.00,-343.00,-278.00,-45.00,183.00,328.00,288.00,58.00,-70.00,-39.00,3.00,31.00,24.00,-22.00,-82.00,-202.00,-310.00,-265.00,-74.00,169.00,316.00,375.00,330.00,158.00,22.00,-32.00,-33.00,-31.00,-41.00,-12.00,-11.00,-44.00,-58.00,-44.00,-42.00,-95.00,-100.00,-41.00,39.00,163.00,251.00,204.00,97.00,18.00,-25.00,-16.00,23.00,44.00,53.00,75.00,94.00,94.00,58.00,16.00,-25.00,-53.00,-13.00,25.00,17.00,4.00,-4.00,-65.00,-187.00,-250.00
180.00,153.00,225.00,313.00,261.00,264.00,238.00,97.00,22.00,28.00,23.00,29.00,63.00,-38.00,-257.00,-307.00,-139.00,3.00,8.00,-3.00,-7.00,-43.00,-55.00,-83.00,-108.00,42.00,282.00,396.00,414.00,308.00,99.00,6.00,9.00,-3.00,-8.00,1.00,-61.00,-52.00,89.00,75.00,1.00,4.00,-2.00,-2.00,5.00,-115.00,-249.00,-136.00,-3.00,52.00,62.00,-95.00,-112.00,61.00,66.00,15.00,38.00,50.00,-7.00,-63.00,-6.00,43.00,0.00,-129.00,-250.00,-252.00,-159.00,-27.00,-45.00,-132.00,5.00,137.00,68.00,12.00,42.00,67.00,43.00,34.00,92.00,91.00,-5.00,-54.00,-41.00,-20.00,-36.00,-77.00,-55.00,-4.00,30.00,55.00,42.00,16.00,-4.00,-10.00,32.00,76.00,84.00,82.00,63.00,21.00,-2.00,8.00,29.00,45.00,32.00,17.00,25.00,15.00,3.00,1.00,7.00,26.00,35.00,42.00,9.00,-71.00,-110.00,-62.00,33.00,128.00,191.00,188.00,118.00,-8.00,-131.00,-249.00,-327.00,-243.00,42.00,344.00,422.00,292.00,50.00,-130.00,-149.00,-99.00,-93.00,-198.00,-336.00,-374.00,-191.00,148.00,294.00,163.00,48.00,50.00,60.00,53.00,53.00,23.00,-20.00,-48.00,-59.00,-118.00,-286.00,-348.00,-134.00,171.00,326.00,361.00,313.00,153.00,15.00,-28.00,-23.00,-1.00,-2.00,-15.00,-3.00,97.00,93.00,-114.00,-177.00,-109.00,-10.00,135.00,257.00,347.00,343.00,254.00,143.00,73.00,85.00,112.00,132.00,179.00,161.00,89.00,59.00,52.00,71.00,5.00,-106.00,-110.00,-47.00,33.00,27.00,-2.00,6.00,0.00
160.00,82.00,-65.00,-86.00,82.00,229.00,176.00,56.00,-7.00,-29.00,-28.00,-95.00,-151.00,-106.00,-119.00,-168.00,-201.00,-217.00,-122.00,-23.00,5.00,-14.00,-44.00,-67.00,23.00,223.00,288.00,290.00,321.00,256.00,95.00,7.00,6.00,2.00,4.00,6.00,-61.00,-43.00,108.00,88.00,1.00,3.00,0.00,-11.00,-8.00,26.00,7.00,-61.00,-44.00,157.00,297.00,22.00,-127.00,90.00,115.00,8.00,-8.00,-10.00,-22.00,-47.00,3.00,56.00,-38.00,-95.00,-34.00,-55.00,-134.00,-34.00,119.00,84.00,-2.00,79.00,110.00,-29.00,-105.00,-173.00,-295.00,-388.00,-405.00,-349.00,-285.00,-226.00,-163.00,-116.00,-128.00,-91.00,60.00,77.00,-5.00,17.00,-8.00,-95.00,-87.00,-62.00,-87.00,-139.00,-173.00,-131.00,-84.00,-59.00,-55.00,-109.00,-138.00,-87.00,-53.00,-66.00,-83.00,-101.00,-85.00,-31.00,13.00,52.00,26.00,-75.00,-121.00,-123.00,-172.00,-241.00,-192.00,-37.00,118.00,215.00,211.00,133.00,12.00,-148.00,-277.00,-326.00,-259.00,62.00,411.00,470.00,311.00,125.00,4.00,-60.00,-71.00,-63.00,-85.00,-169.00,-233.00,-219.00,-127.00,111.00,340.00,372.00,244.00,87.00,34.00,44.00,23.00,-15.00,-28.00,-76.00,-216.00,-341.00,-373.00,-309.00,-94.00,200.00,379.00,432.00,354.00,132.00,-25.00,-29.00,-18.00,-20.00,2.00,54.00,41.00,-56.00,-78.00,-52.00,-27.00,-9.00,19.00,120.00,240.00,321.00,302.00,196.00,122.00,98.00,114.00,130.00,101.00,67.00,25.00,28.00,93.00,90.00,19.00,-55.00,-95.00,-56.00,-15.00,-13.00,-3.00,6.00
-38.00,-50.00,-154.00,-266.00,-280.00,-225.00,-96.00,-23.00,-48.00,-60.00,-93.00,-195.00,-231.00,-137.00,35.00,104.00,22.00,4.00,27.00,3.00,7.00,43.00,35.00,13.00,78.00,39.00,-146.00,-129.00,-28.00,-11.00,2.00,2.00,7.00,11.00,1.00,-17.00,-27.00,-105.00,-192.00,-114.00,-13.00,4.00,6.00,-3.00,-13.00,33.00,-35.00,-199.00,-121.00,10.00,70.00,108.00,-64.00,-133.00,30.00,26.00,-23.00,17.00,9.00,-37.00,-72.00,-5.00,17.00,-39.00,37.00,76.00,2.00,-8.00,86.00,161.00,94.00,39.00,65.00,57.00,-6.00,-100.00,-110.00,-50.00,-24.00,-11.00,-23.00,42.00,224.00,317.00,196.00,-20.00,-151.00,-192.00,-171.00,-139.00,-117.00,-107.00,-136.00,-176.00,-204.00,-199.00,-200.00,-219.00,-204.00,-159.00,-133.00,-131.00,-137.00,-142.00,-126.00,-115.00,-125.00,-121.00,-88.00,-33.00,1.00,-67.00,-202.00,-251.00,-219.00,-183.00,-166.00,-203.00,-264.00,-285.00,-190.00,-29.00,84.00,109.00,40.00,-10.00,-3.00,-124.00,-391.00,-527.00,-403.00,-43.00,366.00,497.00,283.00,0.00,-108.00,-91.00,-71.00,-78.00,-106.00,-174.00,-211.00,-130.00,54.00,266.00,385.00,371.00,227.00,78.00,41.00,27.00,13.00,8.00,-1.00,-56.00,-211.00,-355.00,-386.00,-324.00,-118.00,186.00,369.00,412.00,337.00,139.00,-1.00,-14.00,4.00,-71.00,-151.00,-70.00,6.00,0.00,-41.00,-116.00,-113.00,-40.00,23.00,98.00,175.00,219.00,166.00,38.00,-40.00,-44.00,25.00,92.00,71.00,33.00,37.00,53.00,53.00,34.00,-30.00,-79.00,-40.00,16.00,20.00,6.00
-2.00,-11.00,-53.00,-106.00,-153.00,-152.00,-120.00,-104.00,-41.00,1.00,-9.00,10.00,6.00,-55.00,-113.00,-72.00,133.00,226.00,75.00,-1.00,29.00,41.00,46.00,29.00,-3.00,-94.00,-147.00,-73.00,-12.00,96.00,186.00,84.00,4.00,10.00,-9.00,-18.00,-8.00,-88.00,-172.00,-83.00,2.00,-3.00,-1.00,7.00,4.00,-25.00,-48.00,-45.00,-65.00,-86.00,-1.00,98.00,-33.00,-240.00,-148.00,60.00,57.00,17.00,27.00,-3.00,-57.00,-38.00,64.00,69.00,33.00,68.00,104.00,83.00,0.00,-60.00,-39.00,-71.00,-56.00,71.00,99.00,150.00,233.00,227.00,165.00,203.00,317.00,204.00,1.00,15.00,159.00,123.00,-97.00,-157.00,-91.00,-113.00,-85.00,7.00,7.00,-53.00,-102.00,-102.00,-54.00,-27.00,-27.00,-27.00,-35.00,-38.00,-32.00,-28.00,-18.00,-4.00,-34.00,-97.00,-89.00,-31.00,-20.00,-74.00,-89.00,-17.00,16.00,6.00,9.00,7.00,-50.00,-160.00,-220.00,-157.00,-31.00,85.00,155.00,93.00,8.00,-23.00,-185.00,-427.00,-504.00,-332.00,30.00,382.00,514.00,377.00,109.00,-91.00,-157.00,-148.00,-74.00,-22.00,-72.00,-185.00,-299.00,-198.00,113.00,338.00,354.00,315.00,256.00,114.00,34.00,26.00,-5.00,-27.00,-22.00,-73.00,-225.00,-359.00,-385.00,-343.00,-148.00,213.00,429.00,405.00,289.00,136.00,23.00,-85.00,-141.00,-27.00,44.00,6.00,-48.00,-112.00,-148.00,-171.00,-129.00,-39.00,37.00,138.00,219.00,253.00,171.00,-24.00,-126.00,-86.00,-11.00,-10.00,-42.00,-34.00,-44.00,-48.00,-30.00,-28.00,-10.00,11.00,8.00,4.00
72.00,79.00,77.00,48.00,23.00,-2.00,-60.00,-88.00,-46.00,-7.00,11.00,81.00,120.00,115.00,146.00,100.00,20.00,-3.00,24.00,67.00,72.00,60.00,39.00,14.00,-35.00,30.00,157.00,72.00,-18.00,97.00,191.00,83.00,-24.00,-22.00,-16.00,9.00,50.00,51.00,50.00,64.00,31.00,-1.00,2.00,50.00,95.00,36.00,43.00,49.00,-153.00,-345.00,-349.00,-174.00,6.00,-32.00,-59.00,68.00,44.00,-8.00,39.00,49.00,38.00,-40.00,-47.00,82.00,143.00,160.00,132.00,28.00,-40.00,-51.00,-59.00,-78.00,-33.00,84.00,117.00,36.00,-3.00,5.00,-9.00,-46.00,-19.00,-63.00,-327.00,-484.00,-341.00,-93.00,57.00,81.00,24.00,-34.00,-42.00,-54.00,-18.00,55.00,13.00,-54.00,-39.00,-54.00,-88.00,-55.00,-13.00,-5.00,-6.00,-9.00,-6.00,1.00,-47.00,-158.00,-177.00,-83.00,3.00,69.00,107.00,112.00,93.00,56.00,14.00,29.00,160.00,211.00,30.00,-165.00,-159.00,100.00,319.00,181.00,-1.00,73.00,156.00,94.00,-33.00,-261.00,-436.00,-287.00,141.00,461.00,448.00,194.00,-61.00,-117.00,-56.00,-24.00,-32.00,-51.00,-168.00,-333.00,-370.00,-220.00,96.00,370.00,390.00,207.00,29.00,-38.00,-52.00,-37.00,-9.00,10.00,3.00,-72.00,-216.00,-346.00,-355.00,-241.00,-22.00,241.00,404.00,354.00,232.00,176.00,68.00,70.00,154.00,75.00,-9.00,3.00,6.00,-58.00,-94.00,-94.00,-97.00,-56.00,30.00,142.00,215.00,220.00,99.00,-48.00,-43.00,-39.00,-92.00,-39.00,41.00,16.00,-24.00,-34.00,-22.00,-37.00,-60.00,-50.00
0.00,0.00,0.00,0.00,0.00,0.00,0.00,0.00,0.00,0.00,0.00,0.00,0.00,0.00,0.00,0.00,0.00,0.00,0.00,0.00,0.00,0.00,0.00,0.00,0.00,0.00,0.00,0.00,0.00,0.00,0.00,0.00,0.00,0.00,0.00,0.00,0.00,0.00,0.00,0.00,0.00,0.00,0.00,0.00,0.00,0.00,0.00,0.00,0.00,0.00,0.00,0.00,0.00,0.00,0.00,0.00,0.00,0.00,0.00,0.00,0.00,0.00,0.00,0.00,0.00,0.00,0.00,0.00,0.00,0.00,0.00,0.00,0.00,0.00,0.00,0.00,0.00,0.00,0.00,0.00,0.00,0.00,0.00,0.00,0.00,0.00,0.00,0.00,0.00,0.00,0.00,0.00,0.00,0.00,0.00,0.00,0.00,0.00,0.00,0.00,0.00,0.00,0.00,0.00,0.00,0.00,0.00,0.00,0.00,0.00,0.00,0.00,0.00,0.00,0.00,0.00,0.00,0.00,0.00,0.00,0.00,0.00,0.00,0.00,0.00,0.00,0.00,0.00,0.00,0.00,0.00,0.00,0.00,0.00,0.00,0.00,0.00,0.00,0.00,0.00,0.00,0.00,0.00,0.00,0.00,0.00,0.00,0.00,0.00,0.00,0.00,0.00,0.00,0.00,0.00,0.00,0.00,0.00,0.00,0.00,0.00,0.00,0.00,0.00,0.00,0.00,0.00,0.00,0.00,0.00,0.00,0.00,0.00,0.00,0.00,0.00,0.00,0.00,0.00,0.00,0.00,0.00,0.00,0.00,0.00,0.00,0.00,0.00,0.00,0.00,0.00,0.00,0.00,0.00,0.00,0.00,0.00,0.00,0.00,0.00
