0.00,2.00,-2.00,2.00,0.00,-2.00,-2.00,-2.00,0.00,0.00,-2.00,0.00,0.00,-2.00,4.00,8.00,6.00,4.00,2.00,0.00,0.00,0.00,0.00,2.00,0.00,-2.00,-2.00,-4.00,-2.00,-4.00,0.00,2.00,-6.00,-6.00,-4.00,-2.00,-2.00,0.00,-2.00,-4.00,2.00,4.00,2.00,2.00,2.00,0.00,-2.00,-2.00,2.00,0.00,0.00,4.00,4.00,0.00,-2.00,2.00,4.00,0.00,0.00,2.00,-2.00,0.00,0.00,-2.00,0.00,0.00,2.00,4.00,2.00,2.00,4.00,0.00,-2.00,0.00,0.00,-2.00,-2.00,0.00,-4.00,-4.00,4.00,4.00,-4.00,-2.00,2.00,0.00,2.00,6.00,2.00,0.00,4.00,-4.00,-8.00,0.00,6.00,0.00,-2.00,-2.00,-8.00,-6.00,-2.00,-4.00,-2.00,-2.00,-8.00,-6.00,-4.00,-6.00,-4.00,0.00,0.00,-2.00,0.00,2.00,2.00,0.00,-2.00,2.00,2.00,0.00,2.00,-2.00,0.00,4.00,-2.00,-2.00,0.00,0.00,-2.00,2.00,8.00,4.00,-2.00,2.00,6.00,0.00,-4.00,2.00,4.00,6.00,8.00,4.00,2.00,6.00,8.00,2.00,0.00,0.00,4.00,4.00,0.00,-2.00,-2.00,0.00,2.00,6.00,0.00,0.00,0.00,0.00,4.00,-6.00,-70.00,-132.00,-70.00,14.00,-48.00,-42.00,-70.00,-42.00,104.00,142.00,30.00,-88.00,24.00,24.00,-12.00,32.00,24.00,-48.00,0.00,62.00,4.00,0.00,42.00,46.00,4.00,-110.00,-104.00,-4.00,-18.00,106.00,110.00,0.00,-36.00,-86.00,-92.00,-20.00,76.00,0.00
0.00,2.00,-2.00,1.00,-1.00,-1.00,0.00,-1.00,-1.00,-2.00,-2.00,1.00,0.00,-2.00,5.00,8.00,4.00,3.00,2.00,1.00,1.00,-1.00,0.00,1.00,-1.00,-1.00,-3.00,-4.00,-1.00,-3.00,1.00,1.00,-6.00,-5.00,-4.00,-1.00,-2.00,-3.00,-3.00,-3.00,3.00,5.00,1.00,2.00,2.00,-1.00,-2.00,-3.00,2.00,1.00,0.00,4.00,4.00,0.00,-2.00,2.00,3.00,1.00,1.00,1.00,-1.00,0.00,0.00,-1.00,0.00,0.00,1.00,3.00,3.00,2.00,4.00,0.00,-3.00,1.00,0.00,-2.00,-1.00,0.00,-3.00,-3.00,3.00,3.00,-3.00,-2.00,1.00,0.00,2.00,5.00,2.00,2.00,5.00,-4.00,-8.00,0.00,3.00,-1.00,-2.00,-4.00,-8.00,-7.00,-3.00,-2.00,-1.00,-3.00,-7.00,-5.00,-5.00,-7.00,-3.00,1.00,-1.00,-2.00,0.00,1.00,2.00,1.00,-2.00,2.00,4.00,0.00,0.00,-2.00,0.00,4.00,-3.00,-4.00,1.00,1.00,-1.00,2.00,7.00,4.00,-1.00,3.00,5.00,0.00,-1.00,3.00,4.00,6.00,8.00,4.00,1.00,7.00,8.00,1.00,0.00,1.00,5.00,6.00,2.00,-4.00,-3.00,0.00,1.00,4.00,0.00,2.00,2.00,1.00,-37.00,-37.00,-58.00,-97.00,-35.00,18.00,-43.00,-58.00,-114.00,-7.00,99.00,91.00,65.00,-46.00,17.00,6.00,-2.00,35.00,29.00,-69.00,-2.00,82.00,1.00,1.00,53.00,38.00,-29.00,-149.00,-88.00,73.00,35.00,71.00,66.00,-76.00,-115.00,-29.00,21.00,27.00,41.00,0.00
0.00,1.00,-1.00,0.00,-2.00,0.00,2.00,0.00,-2.00,-3.00,-1.00,1.00,0.00,-2.00,5.00,7.00,2.00,2.00,1.00,2.00,2.00,-3.00,0.00,1.00,-3.00,-1.00,-3.00,-2.00,0.00,-2.00,3.00,0.00,-5.00,-3.00,-4.00,-1.00,-3.00,-7.00,-3.00,-1.00,3.00,6.00,0.00,1.00,1.00,-2.00,-1.00,-3.00,1.00,2.00,0.00,3.00,4.00,0.00,-1.00,3.00,1.00,1.00,2.00,0.00,1.00,0.00,0.00,1.00,0.00,0.00,0.00,2.00,4.00,2.00,3.00,-1.00,-3.00,1.00,0.00,-1.00,0.00,1.00,-1.00,-1.00,1.00,1.00,-1.00,-1.00,0.00,0.00,2.00,3.00,2.00,4.00,4.00,-4.00,-6.00,-1.00,-2.00,-2.00,-2.00,-7.00,-8.00,-7.00,-4.00,0.00,-1.00,-4.00,-5.00,-4.00,-6.00,-8.00,-2.00,1.00,-3.00,-2.00,0.00,1.00,2.00,2.00,-1.00,1.00,5.00,1.00,-2.00,-1.00,1.00,2.00,-4.00,-5.00,2.00,2.00,1.00,2.00,4.00,3.00,1.00,5.00,3.00,0.00,5.00,6.00,4.00,5.00,7.00,4.00,1.00,9.00,7.00,2.00,5.00,3.00,5.00,7.00,2.00,-7.00,-4.00,0.00,-2.00,0.00,1.00,5.00,4.00,-31.00,-114.00,-67.00,-2.00,-17.00,-4.00,14.00,-27.00,-89.00,-183.00,-3.00,81.00,77.00,128.00,1.00,3.00,-13.00,10.00,41.00,38.00,-86.00,-6.00,96.00,-6.00,0.00,57.00,-26.00,-51.00,-82.00,-22.00,99.00,40.00,-14.00,-36.00,-115.00,-137.00,60.00,128.00,61.00,7.00,0.00
0.00,1.00,0.00,0.00,-1.00,1.00,1.00,-1.00,-2.00,-2.00,0.00,-1.00,0.00,-1.00,2.00,6.00,4.00,2.00,0.00,0.00,1.00,-2.00,0.00,1.00,-4.00,-1.00,-1.00,0.00,0.00,-2.00,3.00,0.00,-3.00,-1.00,-4.00,-3.00,-3.00,-6.00,-2.00,-2.00,1.00,5.00,0.00,1.00,1.00,-2.00,-1.00,-1.00,0.00,0.00,-1.00,1.00,4.00,1.00,1.00,5.00,0.00,-1.00,1.00,0.00,2.00,1.00,1.00,2.00,0.00,0.00,0.00,2.00,3.00,1.00,2.00,-2.00,-1.00,0.00,-1.00,0.00,1.00,3.00,0.00,0.00,0.00,0.00,1.00,0.00,-1.00,0.00,2.00,2.00,1.00,1.00,1.00,-2.00,-3.00,-3.00,-5.00,-2.00,-2.00,-7.00,-7.00,-5.00,-2.00,0.00,-4.00,-5.00,-5.00,-4.00,-5.00,-8.00,-3.00,-2.00,-3.00,-1.00,-2.00,2.00,3.00,2.00,2.00,1.00,1.00,1.00,-1.00,1.00,2.00,-1.00,-2.00,-1.00,2.00,-1.00,2.00,3.00,2.00,2.00,2.00,6.00,1.00,2.00,10.00,7.00,4.00,4.00,5.00,7.00,4.00,9.00,7.00,6.00,12.00,2.00,0.00,3.00,-2.00,-7.00,-4.00,-1.00,-4.00,-1.00,3.00,-30.00,-31.00,-57.00,-104.00,-32.00,36.00,33.00,-10.00,17.00,-51.00,-107.00,-165.00,-82.00,51.00,152.00,168.00,2.00,-5.00,-16.00,12.00,44.00,38.00,-85.00,-7.00,90.00,4.00,-47.00,23.00,-26.00,-5.00,59.00,5.00,-27.00,-60.00,-47.00,-56.00,-4.00,-15.00,61.00,67.00,20.00,9.00,0.00
0.00,2.00,0.00,0.00,0.00,2.00,0.00,-2.00,-2.00,-2.00,-1.00,-2.00,1.00,1.00,-1.00,5.00,7.00,1.00,0.00,-2.00,-1.00,2.00,1.00,-2.00,-4.00,2.00,0.00,-2.00,1.00,-1.00,0.00,0.00,-1.00,0.00,-4.00,-4.00,-1.00,-3.00,-2.00,-4.00,-1.00,3.00,1.00,2.00,1.00,-2.00,-2.00,-1.00,-1.00,-2.00,-2.00,1.00,3.00,2.00,3.00,5.00,1.00,-1.00,-1.00,0.00,2.00,3.00,2.00,1.00,1.00,0.00,0.00,2.00,1.00,-1.00,2.00,0.00,1.00,0.00,-2.00,0.00,2.00,2.00,0.00,1.00,0.00,1.00,1.00,-2.00,-2.00,0.00,1.00,1.00,0.00,-2.00,0.00,0.00,-3.00,-3.00,-5.00,-4.00,-3.00,-3.00,-3.00,-3.00,0.00,-1.00,-7.00,-8.00,-5.00,-4.00,-6.00,-8.00,-4.00,-4.00,-2.00,0.00,-4.00,1.00,3.00,3.00,5.00,3.00,-1.00,0.00,0.00,2.00,2.00,-1.00,1.00,2.00,2.00,-3.00,1.00,3.00,3.00,2.00,1.00,5.00,1.00,6.00,12.00,5.00,4.00,5.00,6.00,12.00,6.00,7.00,9.00,5.00,8.00,-2.00,-5.00,1.00,-2.00,-4.00,-4.00,-3.00,-2.00,1.00,-29.00,-99.00,-66.00,-7.00,-6.00,-1.00,17.00,37.00,-45.00,7.00,-68.00,-56.00,-83.00,-162.00,8.00,186.00,178.00,-2.00,-3.00,-18.00,13.00,43.00,30.00,-109.00,-7.00,115.00,35.00,-87.00,-30.00,75.00,35.00,15.00,-62.00,-81.00,-73.00,15.00,29.00,24.00,9.00,60.00,16.00,-39.00,6.00,0.00
0.00,2.00,0.00,1.00,0.00,-1.00,0.00,0.00,-2.00,-2.00,-1.00,-2.00,1.00,2.00,-1.00,2.00,6.00,1.00,1.00,0.00,-2.00,3.00,2.00,-4.00,-4.00,4.00,1.00,-4.00,1.00,0.00,-2.00,0.00,0.00,-1.00,-4.00,-3.00,0.00,-2.00,-1.00,-2.00,-2.00,1.00,2.00,1.00,-2.00,-2.00,-2.00,-3.00,-2.00,-1.00,-1.00,2.00,1.00,2.00,3.00,3.00,3.00,1.00,-2.00,0.00,3.00,3.00,1.00,1.00,2.00,-1.00,1.00,3.00,1.00,-2.00,0.00,3.00,3.00,0.00,-1.00,0.00,2.00,-1.00,-1.00,0.00,-1.00,3.00,-2.00,-5.00,-1.00,0.00,0.00,0.00,-1.00,-2.00,1.00,-1.00,-4.00,-1.00,-4.00,-6.00,-4.00,1.00,2.00,-2.00,-2.00,-2.00,-7.00,-10.00,-3.00,-5.00,-10.00,-7.00,-4.00,-4.00,-3.00,-1.00,-2.00,1.00,2.00,4.00,5.00,4.00,1.00,2.00,1.00,0.00,3.00,1.00,1.00,2.00,1.00,0.00,0.00,1.00,4.00,1.00,0.00,4.00,4.00,7.00,10.00,4.00,4.00,8.00,9.00,12.00,8.00,6.00,5.00,-1.00,2.00,-2.00,-6.00,2.00,2.00,-1.00,-3.00,-3.00,-19.00,-34.00,-79.00,-86.00,-17.00,28.00,47.00,0.00,5.00,-13.00,-96.00,4.00,8.00,13.00,-95.00,-199.00,-16.00,199.00,172.00,-2.00,1.00,-14.00,16.00,44.00,26.00,-183.00,-79.00,195.00,116.00,-39.00,-52.00,54.00,-8.00,-61.00,-68.00,-18.00,13.00,35.00,37.00,-26.00,-30.00,92.00,15.00,-81.00,4.00,0.00
0.00,3.00,1.00,2.00,0.00,-4.00,0.00,1.00,-2.00,-2.00,0.00,0.00,-1.00,1.00,2.00,-1.00,1.00,3.00,3.00,2.00,0.00,1.00,0.00,-3.00,-3.00,4.00,2.00,-4.00,-1.00,0.00,-1.00,-1.00,-1.00,-2.00,-3.00,-1.00,0.00,-1.00,1.00,1.00,-2.00,-1.00,1.00,0.00,-4.00,-3.00,-3.00,-4.00,-1.00,-1.00,0.00,1.00,0.00,3.00,1.00,1.00,4.00,3.00,-1.00,1.00,4.00,2.00,1.00,1.00,0.00,-1.00,3.00,3.00,2.00,-1.00,-2.00,3.00,3.00,1.00,1.00,1.00,3.00,-2.00,-4.00,-5.00,-3.00,3.00,-3.00,-4.00,0.00,0.00,-1.00,-1.00,-2.00,-2.00,1.00,-2.00,-3.00,-1.00,-4.00,-4.00,-3.00,0.00,3.00,-2.00,-3.00,-2.00,-6.00,-8.00,-4.00,-7.00,-11.00,-6.00,-5.00,-4.00,-3.00,-1.00,0.00,1.00,3.00,4.00,3.00,5.00,3.00,3.00,2.00,-2.00,3.00,3.00,2.00,3.00,0.00,2.00,1.00,0.00,3.00,0.00,1.00,4.00,6.00,6.00,6.00,3.00,5.00,11.00,9.00,9.00,10.00,3.00,-3.00,-1.00,5.00,0.00,-6.00,2.00,3.00,0.00,-1.00,-35.00,-67.00,-71.00,-58.00,9.00,36.00,10.00,35.00,-40.00,-6.00,-39.00,-77.00,39.00,37.00,-45.00,-116.00,-152.00,-37.00,239.00,170.00,-1.00,0.00,-3.00,24.00,-19.00,-57.00,-171.00,-84.00,243.00,187.00,-6.00,-102.00,-85.00,-14.00,42.00,17.00,-3.00,28.00,20.00,8.00,-23.00,-34.00,58.00,4.00,-67.00,13.00,0.00
0.00,3.00,3.00,2.00,0.00,-2.00,-1.00,-1.00,-1.00,-2.00,-1.00,2.00,-1.00,1.00,3.00,-3.00,-1.00,4.00,3.00,1.00,2.00,0.00,-2.00,-1.00,-1.00,3.00,1.00,-3.00,-1.00,0.00,0.00,-3.00,-3.00,-1.00,-1.00,1.00,0.00,0.00,3.00,1.00,-2.00,-2.00,-1.00,0.00,-3.00,-4.00,-5.00,-4.00,0.00,-3.00,-1.00,1.00,1.00,3.00,0.00,0.00,3.00,3.00,1.00,3.00,3.00,3.00,3.00,-1.00,-2.00,1.00,3.00,1.00,2.00,0.00,-1.00,1.00,1.00,3.00,2.00,3.00,4.00,-4.00,-7.00,-6.00,-3.00,1.00,-1.00,-2.00,-1.00,0.00,-2.00,-3.00,-2.00,-2.00,-2.00,-2.00,-2.00,-3.00,-3.00,-1.00,-1.00,-2.00,1.00,-2.00,-2.00,-3.00,-6.00,-5.00,-7.00,-9.00,-9.00,-4.00,-6.00,-5.00,-1.00,1.00,0.00,-2.00,3.00,4.00,2.00,7.00,6.00,2.00,1.00,-1.00,1.00,4.00,5.00,3.00,1.00,3.00,2.00,0.00,1.00,1.00,4.00,4.00,4.00,6.00,4.00,2.00,7.00,13.00,10.00,5.00,4.00,0.00,-3.00,4.00,6.00,-2.00,-3.00,3.00,1.00,1.00,-29.00,-101.00,-73.00,-23.00,1.00,48.00,33.00,4.00,-15.00,-110.00,-11.00,29.00,-20.00,26.00,-64.00,-164.00,30.00,-64.00,-106.00,272.00,180.00,3.00,-4.00,-40.00,-24.00,-61.00,-118.00,-52.00,69.00,197.00,97.00,-62.00,-94.00,-119.00,40.00,155.00,30.00,-36.00,-7.00,33.00,32.00,-7.00,-49.00,-15.00,-1.00,-6.00,24.00,0.00
0.00,1.00,4.00,3.00,0.00,-1.00,-2.00,-1.00,0.00,-1.00,-2.00,0.00,0.00,3.00,1.00,-3.00,2.00,3.00,1.00,0.00,1.00,0.00,-2.00,0.00,1.00,0.00,0.00,0.00,-1.00,-1.00,0.00,-2.00,-2.00,-1.00,-1.00,2.00,0.00,1.00,3.00,-2.00,-1.00,-1.00,-2.00,0.00,-1.00,-4.00,-7.00,-4.00,-1.00,-3.00,-1.00,1.00,1.00,2.00,0.00,0.00,1.00,0.00,3.00,4.00,2.00,4.00,4.00,0.00,-1.00,1.00,1.00,1.00,3.00,0.00,-1.00,-1.00,0.00,3.00,1.00,4.00,3.00,-6.00,-6.00,-2.00,-1.00,-2.00,-1.00,-1.00,-3.00,-1.00,-1.00,-4.00,-3.00,-3.00,-4.00,-2.00,-3.00,-3.00,-1.00,0.00,1.00,0.00,-2.00,-3.00,-2.00,-5.00,-5.00,-4.00,-8.00,-10.00,-8.00,0.00,-4.00,-6.00,0.00,1.00,-1.00,-5.00,1.00,5.00,3.00,7.00,7.00,2.00,1.00,1.00,1.00,4.00,4.00,2.00,3.00,4.00,2.00,0.00,1.00,4.00,7.00,4.00,1.00,3.00,3.00,4.00,9.00,16.00,12.00,-2.00,-4.00,2.00,2.00,5.00,3.00,-4.00,0.00,4.00,-27.00,-31.00,-56.00,-98.00,-3.00,40.00,10.00,22.00,36.00,-11.00,-90.00,-86.00,15.00,43.00,-1.00,-5.00,-168.00,-176.00,129.00,-51.00,-105.00,275.00,192.00,-3.00,12.00,-149.00,-120.00,67.00,-28.00,-38.00,82.00,111.00,10.00,-60.00,71.00,-12.00,-28.00,105.00,-8.00,-35.00,-11.00,34.00,50.00,-5.00,-62.00,-57.00,2.00,42.00,30.00,0.00
0.00,0.00,3.00,3.00,1.00,-1.00,-1.00,0.00,-2.00,0.00,-1.00,-2.00,0.00,3.00,1.00,0.00,3.00,1.00,-1.00,-1.00,1.00,1.00,-3.00,0.00,2.00,-3.00,1.00,3.00,-2.00,-2.00,0.00,1.00,0.00,-2.00,-1.00,0.00,-1.00,3.00,1.00,-4.00,0.00,0.00,-1.00,0.00,0.00,-4.00,-8.00,-4.00,-1.00,-1.00,0.00,-1.00,-1.00,2.00,-1.00,-1.00,1.00,-2.00,2.00,3.00,4.00,5.00,3.00,2.00,0.00,1.00,2.00,3.00,2.00,-1.00,-3.00,-3.00,0.00,1.00,0.00,3.00,2.00,-3.00,-3.00,0.00,0.00,-5.00,-2.00,0.00,-4.00,-3.00,-1.00,-4.00,-5.00,-4.00,-3.00,-3.00,-5.00,-1.00,1.00,0.00,2.00,3.00,-4.00,-5.00,-3.00,-6.00,-4.00,-4.00,-7.00,-9.00,-7.00,0.00,-2.00,-3.00,-1.00,-2.00,-2.00,-4.00,0.00,5.00,4.00,4.00,5.00,2.00,3.00,3.00,4.00,4.00,0.00,3.00,5.00,4.00,3.00,1.00,3.00,7.00,8.00,4.00,0.00,0.00,2.00,5.00,10.00,17.00,8.00,-5.00,-3.00,3.00,3.00,4.00,3.00,-3.00,-1.00,-35.00,-80.00,-50.00,-7.00,-25.00,32.00,49.00,-24.00,-18.00,35.00,-35.00,-94.00,-14.00,25.00,10.00,-1.00,-3.00,-182.00,-114.00,39.00,-86.00,-7.00,256.00,221.00,-57.00,14.00,-144.00,-142.00,130.00,-12.00,-42.00,32.00,25.00,47.00,44.00,152.00,18.00,-112.00,38.00,-9.00,-20.00,-7.00,30.00,44.00,-21.00,-59.00,-55.00,8.00,54.00,-20.00,0.00
0.00,1.00,2.00,1.00,2.00,2.00,0.00,-1.00,-3.00,-1.00,0.00,-1.00,0.00,1.00,3.00,3.00,0.00,0.00,-2.00,-3.00,2.00,3.00,-3.00,0.00,2.00,-4.00,2.00,4.00,-1.00,-1.00,-1.00,1.00,0.00,-1.00,0.00,-3.00,-2.00,3.00,0.00,-3.00,1.00,-1.00,-1.00,1.00,0.00,-3.00,-7.00,-4.00,1.00,0.00,-2.00,-2.00,-1.00,1.00,-2.00,-2.00,2.00,-1.00,-1.00,1.00,6.00,6.00,1.00,2.00,1.00,2.00,5.00,3.00,-3.00,-3.00,-3.00,-4.00,0.00,0.00,-1.00,2.00,3.00,1.00,-3.00,0.00,0.00,-5.00,-1.00,-2.00,-4.00,-4.00,-3.00,-5.00,-7.00,-3.00,-2.00,-4.00,-5.00,-1.00,2.00,0.00,1.00,4.00,-3.00,-6.00,-5.00,-5.00,-3.00,-4.00,-6.00,-7.00,-5.00,-3.00,-2.00,0.00,-3.00,-5.00,-2.00,1.00,0.00,2.00,4.00,2.00,4.00,3.00,3.00,3.00,7.00,5.00,-1.00,3.00,6.00,5.00,4.00,3.00,5.00,8.00,8.00,4.00,1.00,2.00,3.00,2.00,7.00,12.00,2.00,-2.00,1.00,2.00,2.00,4.00,4.00,-28.00,-32.00,-71.00,-66.00,7.00,42.00,6.00,0.00,4.00,-58.00,-34.00,6.00,-21.00,-20.00,7.00,16.00,9.00,2.00,4.00,-155.00,-95.00,-18.00,-81.00,27.00,199.00,252.00,-53.00,-52.00,-42.00,-101.00,-12.00,-34.00,71.00,66.00,1.00,47.00,56.00,132.00,-14.00,-117.00,32.00,-5.00,-12.00,2.00,23.00,20.00,-24.00,-40.00,-44.00,-31.00,29.00,-115.00,0.00
0.00,3.00,3.00,0.00,1.00,3.00,0.00,-2.00,0.00,-1.00,-1.00,0.00,0.00,1.00,3.00,2.00,-1.00,0.00,-1.00,-2.00,1.00,3.00,-1.00,0.00,1.00,-3.00,2.00,3.00,-1.00,-1.00,-2.00,1.00,1.00,-1.00,-1.00,-3.00,-1.00,2.00,0.00,-1.00,2.00,-3.00,-3.00,1.00,1.00,-1.00,-5.00,-3.00,1.00,-1.00,-4.00,-2.00,-1.00,0.00,0.00,-1.00,2.00,2.00,-1.00,-1.00,4.00,3.00,0.00,3.00,3.00,2.00,4.00,0.00,-7.00,-4.00,-1.00,-3.00,1.00,0.00,-4.00,2.00,4.00,0.00,-4.00,-1.00,0.00,-1.00,0.00,-5.00,-3.00,-4.00,-6.00,-7.00,-7.00,-1.00,-3.00,-4.00,-2.00,-2.00,1.00,0.00,-1.00,4.00,-1.00,-6.00,-6.00,-3.00,-1.00,-5.00,-7.00,-5.00,-3.00,-4.00,-3.00,-1.00,-3.00,-5.00,-3.00,3.00,1.00,0.00,4.00,3.00,4.00,4.00,2.00,2.00,5.00,6.00,4.00,1.00,5.00,7.00,4.00,4.00,6.00,8.00,8.00,5.00,3.00,4.00,3.00,-1.00,2.00,5.00,1.00,1.00,2.00,3.00,3.00,6.00,-25.00,-77.00,-41.00,-34.00,-9.00,43.00,31.00,-26.00,-35.00,-45.00,-50.00,4.00,-14.00,-3.00,20.00,9.00,17.00,11.00,0.00,19.00,-114.00,-96.00,11.00,-81.00,-2.00,157.00,211.00,22.00,-121.00,-113.00,-90.00,-21.00,96.00,135.00,25.00,12.00,16.00,-1.00,134.00,0.00,-117.00,30.00,-3.00,-13.00,3.00,11.00,6.00,-9.00,-41.00,-53.00,-135.00,-8.00,-68.00,0.00
0.00,4.00,3.00,0.00,1.00,1.00,0.00,-1.00,2.00,0.00,-2.00,0.00,0.00,2.00,1.00,-1.00,1.00,0.00,1.00,1.00,-1.00,1.00,1.00,1.00,-2.00,-2.00,2.00,1.00,-2.00,-2.00,-1.00,2.00,1.00,-2.00,-1.00,-1.00,0.00,2.00,0.00,0.00,1.00,-4.00,-4.00,-1.00,3.00,0.00,-4.00,-2.00,0.00,-1.00,-4.00,-1.00,-2.00,-1.00,2.00,0.00,3.00,5.00,0.00,-2.00,2.00,-1.00,0.00,4.00,2.00,1.00,0.00,-2.00,-6.00,-5.00,-1.00,0.00,2.00,-1.00,-5.00,1.00,3.00,-3.00,-3.00,-1.00,0.00,3.00,1.00,-6.00,-4.00,-5.00,-9.00,-8.00,-5.00,0.00,-4.00,-5.00,-1.00,1.00,1.00,-1.00,-2.00,4.00,1.00,-7.00,-6.00,-3.00,-2.00,-5.00,-7.00,-4.00,-2.00,-4.00,-4.00,-2.00,-1.00,-3.00,-4.00,0.00,2.00,2.00,4.00,4.00,4.00,4.00,3.00,3.00,0.00,4.00,9.00,1.00,4.00,7.00,3.00,4.00,6.00,8.00,7.00,6.00,4.00,3.00,2.00,-1.00,0.00,1.00,3.00,4.00,3.00,4.00,-26.00,-20.00,-42.00,-57.00,16.00,-12.00,-4.00,36.00,-38.00,-74.00,-16.00,-33.00,-12.00,35.00,-19.00,-9.00,22.00,18.00,22.00,33.00,0.00,17.00,-69.00,-66.00,8.00,-124.00,7.00,191.00,114.00,-48.00,-132.00,-142.00,-61.00,134.00,186.00,49.00,-37.00,-2.00,7.00,-14.00,132.00,9.00,-112.00,32.00,1.00,-17.00,-4.00,2.00,1.00,-17.00,-122.00,-69.00,-104.00,-4.00,53.00,0.00
0.00,3.00,1.00,1.00,3.00,0.00,0.00,0.00,1.00,0.00,-1.00,0.00,0.00,1.00,0.00,-1.00,1.00,0.00,2.00,1.00,-2.00,0.00,3.00,2.00,-4.00,-2.00,1.00,0.00,-1.00,-1.00,0.00,1.00,0.00,-1.00,0.00,0.00,0.00,1.00,1.00,0.00,-1.00,-4.00,-3.00,-1.00,1.00,0.00,-2.00,-2.00,-1.00,1.00,-2.00,0.00,-1.00,-2.00,0.00,0.00,4.00,4.00,0.00,-1.00,3.00,0.00,-1.00,2.00,-2.00,-2.00,-2.00,-1.00,-3.00,-6.00,-2.00,2.00,1.00,-3.00,-3.00,0.00,1.00,-4.00,-2.00,2.00,0.00,2.00,4.00,-4.00,-8.00,-8.00,-10.00,-8.00,-4.00,0.00,-4.00,-6.00,-2.00,4.00,3.00,-1.00,-1.00,4.00,0.00,-9.00,-5.00,-5.00,-6.00,-3.00,-4.00,-4.00,-3.00,-4.00,-3.00,-3.00,-1.00,-1.00,-3.00,-2.00,1.00,5.00,5.00,4.00,4.00,4.00,4.00,3.00,-1.00,3.00,8.00,2.00,4.00,6.00,2.00,3.00,6.00,7.00,5.00,5.00,3.00,1.00,3.00,2.00,1.00,2.00,4.00,6.00,6.00,-24.00,-86.00,-38.00,6.00,10.00,43.00,-14.00,-57.00,-1.00,-78.00,-70.00,47.00,-21.00,5.00,39.00,-23.00,-14.00,2.00,2.00,64.00,99.00,6.00,-48.00,-104.00,-39.00,32.00,-86.00,26.00,143.00,36.00,-100.00,-76.00,16.00,28.00,122.00,102.00,-29.00,-53.00,-20.00,1.00,-11.00,120.00,14.00,-89.00,29.00,-3.00,-29.00,-9.00,-5.00,-78.00,-41.00,-116.00,-66.00,42.00,19.00,37.00,0.00
0.00,2.00,1.00,2.00,3.00,0.00,0.00,1.00,0.00,-1.00,1.00,0.00,0.00,1.00,0.00,0.00,-1.00,0.00,2.00,0.00,-1.00,0.00,3.00,1.00,-4.00,-1.00,1.00,0.00,0.00,0.00,-1.00,0.00,1.00,0.00,0.00,0.00,0.00,0.00,2.00,0.00,-2.00,-4.00,-2.00,0.00,-3.00,-1.00,1.00,0.00,-2.00,1.00,0.00,0.00,0.00,-2.00,-2.00,0.00,3.00,1.00,0.00,1.00,3.00,1.00,-2.00,-2.00,-4.00,-3.00,-1.00,-1.00,-3.00,-4.00,-1.00,0.00,-1.00,-3.00,-3.00,-1.00,0.00,-3.00,-2.00,3.00,0.00,0.00,6.00,0.00,-8.00,-9.00,-10.00,-9.00,-4.00,-1.00,-4.00,-5.00,-2.00,2.00,4.00,2.00,0.00,3.00,-3.00,-10.00,-5.00,-4.00,-6.00,-4.00,-3.00,-4.00,-3.00,-4.00,-3.00,-3.00,-2.00,0.00,-1.00,-1.00,1.00,5.00,5.00,3.00,3.00,4.00,5.00,1.00,0.00,6.00,5.00,1.00,4.00,6.00,3.00,2.00,5.00,6.00,3.00,3.00,2.00,0.00,4.00,5.00,4.00,5.00,4.00,-23.00,-23.00,-49.00,-70.00,18.00,29.00,14.00,32.00,-54.00,-126.00,-16.00,-7.00,-14.00,48.00,-40.00,5.00,48.00,-24.00,-7.00,7.00,-32.00,87.00,85.00,-7.00,-38.00,-158.00,-52.00,72.00,31.00,-6.00,23.00,55.00,6.00,-3.00,57.00,57.00,40.00,18.00,-36.00,-55.00,-24.00,-1.00,-6.00,88.00,19.00,-50.00,14.00,-16.00,-57.00,-82.00,-12.00,-96.00,-33.00,31.00,-57.00,39.00,22.00,-52.00,0.00
0.00,3.00,4.00,2.00,1.00,1.00,0.00,1.00,0.00,-2.00,2.00,0.00,0.00,2.00,1.00,1.00,-2.00,-1.00,2.00,0.00,0.00,1.00,1.00,0.00,-3.00,0.00,2.00,0.00,-1.00,-1.00,-1.00,1.00,2.00,0.00,0.00,0.00,0.00,0.00,1.00,-1.00,-1.00,-3.00,-4.00,0.00,-1.00,-3.00,1.00,3.00,-2.00,-1.00,-1.00,1.00,0.00,-3.00,0.00,0.00,0.00,0.00,-1.00,0.00,1.00,0.00,-1.00,-4.00,-5.00,-2.00,0.00,-2.00,-3.00,-1.00,0.00,-3.00,-3.00,-2.00,-5.00,-3.00,0.00,0.00,0.00,1.00,0.00,0.00,4.00,2.00,-4.00,-5.00,-8.00,-10.00,-5.00,-3.00,-4.00,-4.00,-3.00,-1.00,3.00,3.00,0.00,1.00,-4.00,-7.00,-5.00,-3.00,-3.00,-5.00,-5.00,-4.00,-2.00,-5.00,-4.00,-1.00,0.00,1.00,2.00,0.00,0.00,4.00,2.00,0.00,2.00,4.00,5.00,0.00,1.00,8.00,4.00,0.00,4.00,5.00,4.00,3.00,4.00,6.00,1.00,2.00,4.00,2.00,5.00,6.00,6.00,6.00,-20.00,-79.00,-51.00,-2.00,14.00,56.00,5.00,-68.00,-10.00,-81.00,-99.00,37.00,28.00,14.00,18.00,-61.00,1.00,80.00,15.00,12.00,51.00,-60.00,-20.00,-2.00,15.00,68.00,-134.00,-82.00,30.00,37.00,-66.00,47.00,166.00,42.00,14.00,10.00,30.00,32.00,6.00,-40.00,-50.00,-14.00,0.00,-3.00,44.00,15.00,-20.00,-15.00,-93.00,-73.00,-104.00,-11.00,30.00,-11.00,62.00,-89.00,-64.00,59.00,-23.00,0.00
0.00,4.00,6.00,3.00,1.00,2.00,0.00,-1.00,0.00,-1.00,1.00,0.00,0.00,1.00,2.00,2.00,-1.00,-2.00,0.00,0.00,1.00,2.00,0.00,0.00,-1.00,1.00,1.00,-1.00,-3.00,-2.00,2.00,2.00,1.00,0.00,0.00,1.00,0.00,0.00,1.00,-3.00,0.00,-1.00,-6.00,-1.00,2.00,-2.00,-1.00,3.00,-2.00,-3.00,-1.00,3.00,0.00,-3.00,2.00,-1.00,-3.00,-1.00,-2.00,-3.00,-1.00,0.00,-1.00,-4.00,-6.00,-3.00,-1.00,-2.00,-1.00,0.00,-1.00,-4.00,-3.00,-2.00,-6.00,-4.00,0.00,2.00,3.00,1.00,0.00,0.00,1.00,1.00,-1.00,-1.00,-5.00,-8.00,-6.00,-5.00,-4.00,-4.00,-3.00,-2.00,1.00,1.00,-1.00,-1.00,-4.00,-3.00,-3.00,-4.00,-2.00,-3.00,-6.00,-4.00,-3.00,-6.00,-3.00,1.00,3.00,2.00,4.00,0.00,-4.00,2.00,0.00,-2.00,3.00,4.00,3.00,1.00,2.00,6.00,3.00,1.00,5.00,5.00,4.00,4.00,4.00,3.00,0.00,4.00,8.00,6.00,5.00,6.00,-12.00,-16.00,-42.00,-72.00,-12.00,44.00,36.00,30.00,-52.00,-158.00,-33.00,6.00,-14.00,37.00,3.00,9.00,16.00,-89.00,8.00,129.00,76.00,40.00,-1.00,-94.00,-97.00,18.00,74.00,63.00,-65.00,-94.00,-56.00,-58.00,-105.00,167.00,245.00,13.00,9.00,4.00,21.00,26.00,2.00,-40.00,-49.00,-8.00,6.00,-5.00,1.00,5.00,-65.00,-49.00,-120.00,-53.00,22.00,-6.00,53.00,-43.00,-1.00,-91.00,-62.00,150.00,97.00,0.00
0.00,4.00,4.00,4.00,4.00,1.00,0.00,-1.00,-1.00,-1.00,0.00,1.00,0.00,-1.00,1.00,1.00,0.00,-1.00,-2.00,1.00,2.00,1.00,0.00,0.00,0.00,2.00,1.00,-2.00,-3.00,-1.00,2.00,1.00,1.00,-1.00,0.00,3.00,0.00,-1.00,2.00,-2.00,0.00,-1.00,-4.00,-1.00,1.00,0.00,-2.00,1.00,-2.00,-2.00,0.00,2.00,0.00,-1.00,1.00,-3.00,-3.00,-3.00,-2.00,-2.00,-3.00,-2.00,-3.00,-4.00,-5.00,-4.00,-4.00,-3.00,0.00,0.00,-3.00,-4.00,-1.00,-2.00,-5.00,-3.00,0.00,1.00,3.00,2.00,1.00,1.00,0.00,0.00,0.00,0.00,-2.00,-4.00,-6.00,-6.00,-4.00,-5.00,-2.00,-1.00,0.00,0.00,-2.00,-3.00,-4.00,-3.00,-3.00,-3.00,-2.00,-3.00,-6.00,-4.00,-4.00,-4.00,-1.00,3.00,4.00,0.00,0.00,0.00,-3.00,-1.00,0.00,-2.00,4.00,5.00,2.00,2.00,1.00,2.00,2.00,3.00,6.00,6.00,3.00,4.00,5.00,0.00,1.00,7.00,10.00,8.00,3.00,-12.00,-53.00,-38.00,-10.00,-10.00,25.00,43.00,-19.00,-46.00,-94.00,-110.00,16.00,46.00,14.00,6.00,-3.00,4.00,1.00,-74.00,65.00,128.00,16.00,24.00,-48.00,-78.00,-29.00,60.00,73.00,12.00,-1.00,-54.00,-144.00,-170.00,-97.00,250.00,265.00,11.00,11.00,-3.00,16.00,22.00,-3.00,-38.00,-45.00,-10.00,6.00,14.00,-67.00,-35.00,-98.00,-57.00,4.00,-30.00,49.00,-40.00,2.00,-21.00,-6.00,-6.00,36.00,152.00,75.00,0.00
0.00,3.00,2.00,3.00,5.00,1.00,0.00,0.00,-2.00,-3.00,0.00,3.00,-1.00,-2.00,1.00,0.00,0.00,0.00,-1.00,2.00,1.00,0.00,1.00,0.00,0.00,1.00,1.00,0.00,0.00,-1.00,-2.00,1.00,3.00,-2.00,0.00,2.00,-1.00,-1.00,2.00,0.00,-1.00,-1.00,0.00,1.00,-1.00,-2.00,0.00,0.00,-3.00,1.00,0.00,-1.00,0.00,0.00,0.00,-4.00,-2.00,-3.00,-3.00,-1.00,-3.00,-4.00,-4.00,-4.00,-5.00,-4.00,-6.00,-4.00,0.00,-1.00,-4.00,-4.00,-1.00,-3.00,-3.00,0.00,-1.00,-1.00,1.00,2.00,2.00,2.00,1.00,0.00,1.00,0.00,1.00,0.00,-7.00,-5.00,-3.00,-7.00,-3.00,0.00,0.00,0.00,-3.00,-5.00,-3.00,-3.00,-4.00,-4.00,-4.00,-3.00,-3.00,-4.00,-4.00,-1.00,0.00,4.00,4.00,-2.00,-5.00,-1.00,0.00,-1.00,0.00,-2.00,4.00,6.00,1.00,1.00,1.00,0.00,3.00,5.00,4.00,4.00,2.00,4.00,7.00,2.00,2.00,8.00,9.00,-4.00,-18.00,-31.00,-43.00,-7.00,10.00,9.00,26.00,-5.00,-90.00,-105.00,-41.00,4.00,29.00,20.00,12.00,7.00,-21.00,31.00,28.00,-22.00,85.00,48.00,-92.00,-21.00,9.00,-24.00,19.00,56.00,47.00,7.00,-42.00,-1.00,-139.00,-268.00,-66.00,303.00,273.00,10.00,10.00,-10.00,12.00,21.00,-10.00,-39.00,-39.00,5.00,-35.00,28.00,-86.00,-95.00,-12.00,-31.00,33.00,-61.00,-20.00,-15.00,45.00,86.00,27.00,20.00,42.00,54.00,2.00,0.00
0.00,2.00,2.00,1.00,1.00,3.00,1.00,-1.00,-2.00,-3.00,0.00,3.00,-2.00,-1.00,2.00,1.00,0.00,0.00,1.00,1.00,0.00,0.00,2.00,0.00,0.00,0.00,-1.00,2.00,2.00,-2.00,-3.00,3.00,4.00,-2.00,-1.00,-2.00,-2.00,2.00,2.00,-1.00,-2.00,2.00,2.00,1.00,-2.00,-4.00,2.00,0.00,-4.00,1.00,1.00,-1.00,0.00,-1.00,0.00,-2.00,-3.00,-2.00,-4.00,-4.00,-2.00,-3.00,-3.00,-4.00,-7.00,-4.00,-5.00,-4.00,1.00,-3.00,-5.00,-4.00,-3.00,-3.00,-1.00,1.00,-3.00,-2.00,0.00,2.00,1.00,1.00,2.00,1.00,2.00,-1.00,1.00,3.00,-5.00,-3.00,-2.00,-7.00,-4.00,-1.00,0.00,-1.00,-5.00,-7.00,-3.00,-1.00,-3.00,-6.00,-7.00,-2.00,0.00,-3.00,-2.00,0.00,0.00,4.00,3.00,-2.00,-4.00,-1.00,-1.00,-1.00,0.00,-1.00,4.00,5.00,1.00,2.00,3.00,0.00,4.00,5.00,0.00,2.00,3.00,3.00,7.00,5.00,2.00,7.00,-7.00,-32.00,-39.00,-12.00,17.00,27.00,-7.00,7.00,-3.00,-105.00,-96.00,-23.00,11.00,1.00,8.00,17.00,-4.00,-12.00,3.00,100.00,82.00,-12.00,-7.00,-36.00,-63.00,-9.00,19.00,-10.00,17.00,61.00,39.00,-1.00,-171.00,-58.00,-24.00,-243.00,-61.00,341.00,283.00,7.00,8.00,-12.00,11.00,17.00,-19.00,-70.00,-95.00,67.00,-2.00,-28.00,-46.00,-94.00,33.00,-22.00,-68.00,-45.00,35.00,79.00,96.00,66.00,16.00,-5.00,-6.00,3.00,5.00,0.00
0.00,3.00,1.00,0.00,-2.00,4.00,2.00,-3.00,-1.00,-1.00,-1.00,2.00,-1.00,-1.00,1.00,3.00,0.00,0.00,2.00,-1.00,1.00,1.00,1.00,0.00,0.00,1.00,-1.00,0.00,1.00,-1.00,-1.00,3.00,3.00,-2.00,-2.00,-3.00,-1.00,3.00,1.00,-1.00,-1.00,3.00,0.00,0.00,0.00,-3.00,1.00,0.00,-3.00,0.00,2.00,0.00,0.00,-3.00,-1.00,2.00,-3.00,-3.00,-3.00,-6.00,-4.00,-2.00,-1.00,-3.00,-6.00,-3.00,-4.00,-4.00,1.00,-4.00,-6.00,-5.00,-4.00,-2.00,0.00,-1.00,-5.00,-2.00,0.00,1.00,-1.00,0.00,1.00,2.00,1.00,-3.00,0.00,3.00,0.00,-1.00,-2.00,-4.00,-3.00,-3.00,-1.00,-3.00,-5.00,-7.00,-6.00,-1.00,-1.00,-4.00,-7.00,-3.00,-1.00,-1.00,1.00,0.00,1.00,4.00,1.00,-2.00,-1.00,0.00,-1.00,-1.00,0.00,0.00,4.00,6.00,5.00,7.00,4.00,-1.00,3.00,1.00,-4.00,1.00,3.00,2.00,5.00,6.00,3.00,-11.00,-41.00,-27.00,-9.00,5.00,34.00,0.00,-45.00,12.00,-30.00,-126.00,-43.00,75.00,14.00,-59.00,6.00,21.00,8.00,3.00,64.00,55.00,15.00,35.00,-55.00,-69.00,6.00,13.00,-8.00,-15.00,26.00,61.00,3.00,-37.00,-181.00,-138.00,47.00,-149.00,-103.00,358.00,291.00,5.00,2.00,-10.00,11.00,-5.00,-94.00,-104.00,-79.00,120.00,102.00,-88.00,-78.00,-64.00,-30.00,17.00,-34.00,47.00,131.00,51.00,49.00,-5.00,-17.00,-5.00,-8.00,3.00,17.00,0.00
0.00,4.00,0.00,-1.00,0.00,3.00,0.00,-3.00,1.00,0.00,-2.00,3.00,1.00,-2.00,0.00,3.00,0.00,0.00,1.00,-2.00,2.00,2.00,0.00,1.00,1.00,2.00,0.00,-2.00,0.00,0.00,0.00,1.00,1.00,-1.00,-2.00,-1.00,2.00,1.00,-1.00,0.00,0.00,0.00,-2.00,1.00,2.00,-1.00,-1.00,0.00,0.00,0.00,0.00,-1.00,1.00,-2.00,-2.00,3.00,-2.00,-3.00,0.00,-5.00,-6.00,-2.00,0.00,-1.00,-3.00,-2.00,-2.00,-3.00,-3.00,-5.00,-5.00,-6.00,-5.00,-3.00,0.00,-2.00,-6.00,-3.00,-2.00,-2.00,-2.00,0.00,-1.00,1.00,-1.00,-4.00,0.00,1.00,1.00,0.00,0.00,-1.00,-2.00,-3.00,-3.00,-4.00,-4.00,-6.00,-7.00,-4.00,-2.00,-1.00,-3.00,-2.00,-1.00,0.00,2.00,0.00,2.00,4.00,0.00,-1.00,0.00,-1.00,0.00,1.00,1.00,2.00,5.00,10.00,10.00,10.00,6.00,-2.00,-2.00,-4.00,-7.00,-2.00,1.00,2.00,2.00,-11.00,-11.00,-22.00,-33.00,7.00,18.00,7.00,-30.00,-69.00,-60.00,8.00,4.00,-56.00,-16.00,81.00,13.00,-81.00,34.00,66.00,53.00,17.00,11.00,-65.00,-68.00,132.00,-1.00,-86.00,17.00,9.00,-7.00,-9.00,36.00,26.00,-17.00,-27.00,-109.00,-148.00,47.00,-125.00,-159.00,357.00,283.00,1.00,-3.00,-18.00,-70.00,-41.00,-107.00,-78.00,71.00,104.00,45.00,-112.00,-108.00,0.00,-28.00,87.00,103.00,33.00,78.00,-2.00,-4.00,-12.00,-25.00,-7.00,-3.00,3.00,21.00,0.00
0.00,3.00,0.00,-2.00,3.00,1.00,-3.00,-1.00,1.00,1.00,0.00,3.00,1.00,-2.00,0.00,2.00,1.00,0.00,0.00,-1.00,1.00,1.00,0.00,3.00,2.00,0.00,1.00,-1.00,0.00,0.00,-1.00,0.00,1.00,1.00,-2.00,0.00,4.00,0.00,-3.00,0.00,1.00,-2.00,-1.00,2.00,1.00,0.00,-2.00,0.00,2.00,0.00,-3.00,-2.00,2.00,1.00,0.00,0.00,-2.00,0.00,2.00,-3.00,-4.00,0.00,1.00,0.00,-3.00,-3.00,1.00,-1.00,-5.00,-5.00,-5.00,-7.00,-8.00,-5.00,0.00,-3.00,-6.00,-4.00,-5.00,-6.00,-2.00,0.00,-4.00,-2.00,-2.00,-4.00,-1.00,0.00,0.00,0.00,1.00,0.00,-2.00,-2.00,-3.00,-4.00,-5.00,-6.00,-4.00,-5.00,-4.00,0.00,0.00,2.00,2.00,1.00,2.00,0.00,2.00,3.00,0.00,-1.00,0.00,-1.00,0.00,3.00,3.00,5.00,8.00,13.00,14.00,10.00,9.00,-1.00,-10.00,-10.00,-9.00,-4.00,0.00,4.00,-20.00,-48.00,-12.00,10.00,12.00,16.00,-29.00,-26.00,-95.00,-86.00,-6.00,17.00,38.00,-20.00,-16.00,69.00,13.00,-40.00,96.00,100.00,-23.00,-77.00,-34.00,-51.00,-42.00,160.00,36.00,-96.00,13.00,6.00,-3.00,-22.00,62.00,29.00,8.00,38.00,-149.00,-176.00,35.00,-141.00,-136.00,344.00,253.00,-9.00,-79.00,-46.00,-103.00,-44.00,29.00,-41.00,77.00,26.00,-70.00,-56.00,-14.00,93.00,53.00,60.00,91.00,-18.00,-1.00,8.00,-5.00,-14.00,-28.00,-8.00,0.00,1.00,14.00,0.00
0.00,2.00,1.00,-1.00,3.00,0.00,-3.00,0.00,0.00,2.00,3.00,2.00,-2.00,-3.00,0.00,3.00,2.00,0.00,1.00,0.00,0.00,0.00,0.00,3.00,1.00,-2.00,3.00,0.00,-1.00,0.00,-2.00,1.00,2.00,1.00,-1.00,1.00,3.00,-1.00,-4.00,1.00,3.00,-1.00,0.00,1.00,0.00,0.00,-1.00,-1.00,1.00,1.00,-3.00,-1.00,1.00,1.00,2.00,-2.00,-1.00,2.00,2.00,-1.00,-2.00,3.00,3.00,-1.00,-4.00,-2.00,2.00,0.00,-2.00,-2.00,-6.00,-9.00,-10.00,-7.00,-2.00,-4.00,-6.00,-5.00,-6.00,-8.00,-3.00,-1.00,-8.00,-6.00,-1.00,-4.00,-4.00,-1.00,0.00,0.00,-1.00,-1.00,-2.00,-2.00,-2.00,-5.00,-6.00,-4.00,-1.00,-2.00,-2.00,1.00,0.00,3.00,6.00,5.00,2.00,-1.00,1.00,1.00,1.00,-2.00,0.00,1.00,0.00,6.00,6.00,5.00,10.00,15.00,18.00,11.00,6.00,-4.00,-16.00,-15.00,-9.00,-3.00,-16.00,-13.00,-32.00,-44.00,16.00,41.00,28.00,-25.00,-111.00,-73.00,-56.00,-32.00,15.00,30.00,40.00,-21.00,-7.00,61.00,39.00,54.00,62.00,17.00,-126.00,-108.00,40.00,-9.00,-2.00,128.00,28.00,-76.00,10.00,37.00,30.00,-49.00,71.00,78.00,-48.00,8.00,-179.00,-194.00,15.00,-148.00,-30.00,335.00,131.00,-29.00,-103.00,-55.00,21.00,-17.00,46.00,-76.00,-35.00,14.00,-21.00,55.00,100.00,81.00,33.00,13.00,25.00,-15.00,-7.00,8.00,-2.00,-12.00,-30.00,-8.00,2.00,0.00,10.00,0.00
0.00,3.00,3.00,0.00,1.00,0.00,-2.00,0.00,1.00,1.00,3.00,2.00,-3.00,-3.00,0.00,3.00,2.00,0.00,2.00,1.00,0.00,0.00,0.00,1.00,0.00,-1.00,3.00,0.00,-2.00,0.00,-1.00,2.00,1.00,0.00,0.00,1.00,3.00,-1.00,-3.00,1.00,3.00,1.00,0.00,0.00,0.00,0.00,0.00,-2.00,-1.00,2.00,0.00,-1.00,-1.00,0.00,1.00,0.00,1.00,2.00,2.00,-1.00,-2.00,4.00,4.00,-3.00,-3.00,1.00,2.00,0.00,-1.00,0.00,-4.00,-7.00,-8.00,-8.00,-6.00,-6.00,-6.00,-7.00,-8.00,-8.00,-5.00,-3.00,-9.00,-7.00,-1.00,-4.00,-6.00,-4.00,-1.00,-1.00,-2.00,-2.00,-2.00,-2.00,-2.00,-6.00,-5.00,-1.00,0.00,1.00,1.00,4.00,2.00,1.00,7.00,9.00,2.00,-3.00,-1.00,-1.00,3.00,2.00,2.00,3.00,-1.00,7.00,11.00,6.00,8.00,14.00,17.00,9.00,-1.00,-10.00,-16.00,-13.00,-5.00,-13.00,-51.00,-25.00,9.00,-2.00,21.00,-9.00,-20.00,-63.00,-116.00,-41.00,0.00,-2.00,-2.00,35.00,74.00,22.00,5.00,27.00,26.00,54.00,-48.00,-67.00,-82.00,-29.00,74.00,-12.00,12.00,92.00,12.00,-32.00,-16.00,86.00,117.00,-38.00,-45.00,25.00,-57.00,-37.00,-133.00,-173.00,5.00,-157.00,46.00,311.00,-18.00,-33.00,25.00,-27.00,42.00,-59.00,-64.00,-43.00,-8.00,85.00,79.00,52.00,91.00,33.00,-24.00,12.00,25.00,-7.00,-12.00,2.00,4.00,-8.00,-30.00,-10.00,3.00,1.00,8.00,0.00
0.00,3.00,4.00,-1.00,-1.00,1.00,-2.00,-1.00,3.00,1.00,1.00,1.00,-1.00,-2.00,0.00,2.00,2.00,0.00,1.00,3.00,0.00,-1.00,1.00,1.00,0.00,0.00,1.00,0.00,-1.00,0.00,0.00,1.00,0.00,1.00,0.00,-1.00,4.00,2.00,-2.00,-2.00,1.00,3.00,1.00,0.00,-1.00,-1.00,1.00,0.00,-2.00,1.00,2.00,-2.00,-3.00,0.00,0.00,1.00,3.00,4.00,1.00,-3.00,-1.00,3.00,3.00,-2.00,-1.00,0.00,1.00,0.00,-3.00,-1.00,-1.00,-2.00,-4.00,-7.00,-9.00,-10.00,-6.00,-8.00,-11.00,-8.00,-7.00,-4.00,-6.00,-6.00,-3.00,-4.00,-6.00,-6.00,-3.00,-3.00,-3.00,-3.00,-2.00,-2.00,-1.00,-4.00,-3.00,0.00,1.00,3.00,2.00,6.00,5.00,2.00,6.00,9.00,2.00,-4.00,-2.00,-3.00,5.00,10.00,6.00,3.00,-1.00,6.00,13.00,10.00,6.00,7.00,6.00,1.00,-3.00,-9.00,-11.00,-21.00,-20.00,-17.00,-43.00,-3.00,48.00,14.00,-50.00,-110.00,-62.00,-29.00,-39.00,3.00,5.00,-3.00,0.00,25.00,128.00,125.00,24.00,-54.00,-75.00,-16.00,-63.00,-46.00,-36.00,9.00,69.00,-9.00,12.00,62.00,9.00,31.00,-11.00,67.00,104.00,-25.00,-126.00,-38.00,56.00,-12.00,-148.00,-155.00,22.00,-160.00,65.00,252.00,-40.00,-6.00,46.00,-80.00,-71.00,-19.00,-15.00,80.00,82.00,49.00,53.00,2.00,43.00,27.00,-22.00,10.00,24.00,1.00,-28.00,-1.00,23.00,-2.00,-23.00,-14.00,-3.00,0.00,-37.00,0.00
0.00,1.00,3.00,-2.00,-2.00,3.00,-1.00,-2.00,3.00,2.00,1.00,-1.00,-1.00,-1.00,1.00,2.00,0.00,0.00,1.00,3.00,0.00,-1.00,2.00,2.00,1.00,0.00,0.00,0.00,0.00,1.00,-1.00,-1.00,0.00,0.00,0.00,1.00,4.00,2.00,-1.00,-2.00,0.00,3.00,2.00,0.00,-2.00,-2.00,1.00,2.00,0.00,0.00,0.00,-2.00,-4.00,0.00,1.00,-1.00,4.00,6.00,1.00,-4.00,-2.00,1.00,1.00,1.00,2.00,-2.00,-2.00,0.00,-3.00,-2.00,-1.00,-1.00,-1.00,-6.00,-10.00,-11.00,-7.00,-8.00,-11.00,-7.00,-7.00,-5.00,-5.00,-6.00,-4.00,-4.00,-6.00,-5.00,-4.00,-5.00,-4.00,-5.00,-3.00,-1.00,0.00,-1.00,-1.00,0.00,2.00,4.00,2.00,6.00,8.00,6.00,7.00,8.00,3.00,-4.00,-3.00,-3.00,7.00,14.00,10.00,5.00,2.00,5.00,10.00,10.00,3.00,-3.00,-5.00,-6.00,-2.00,-2.00,-26.00,-44.00,-31.00,6.00,5.00,13.00,2.00,-33.00,-111.00,-107.00,-13.00,-1.00,2.00,4.00,-2.00,34.00,46.00,12.00,102.00,158.00,12.00,-127.00,-97.00,-23.00,-40.00,-21.00,-51.00,19.00,80.00,-19.00,19.00,72.00,33.00,60.00,11.00,-17.00,-5.00,-14.00,-32.00,-18.00,52.00,6.00,-169.00,-144.00,37.00,-109.00,66.00,163.00,-24.00,-48.00,-58.00,-71.00,-49.00,134.00,122.00,55.00,39.00,-23.00,-6.00,1.00,33.00,21.00,-12.00,7.00,14.00,1.00,-53.00,3.00,57.00,2.00,-15.00,-30.00,-32.00,-45.00,-129.00,0.00
0.00,1.00,0.00,-1.00,-1.00,3.00,1.00,-1.00,0.00,1.00,3.00,-2.00,-3.00,2.00,3.00,1.00,-2.00,0.00,2.00,1.00,0.00,1.00,1.00,1.00,3.00,1.00,0.00,0.00,-1.00,2.00,-1.00,-2.00,0.00,-2.00,0.00,3.00,3.00,0.00,2.00,2.00,0.00,1.00,1.00,1.00,-1.00,-2.00,-1.00,0.00,1.00,0.00,-2.00,-2.00,-3.00,0.00,2.00,-2.00,3.00,6.00,3.00,-4.00,-6.00,0.00,0.00,0.00,4.00,0.00,-5.00,-1.00,0.00,-2.00,-4.00,-2.00,1.00,-6.00,-9.00,-8.00,-10.00,-9.00,-8.00,-5.00,-5.00,-7.00,-7.00,-5.00,-3.00,-4.00,-6.00,-4.00,-4.00,-7.00,-5.00,-4.00,-2.00,-1.00,-2.00,0.00,1.00,0.00,1.00,4.00,4.00,8.00,11.00,9.00,9.00,8.00,4.00,-2.00,-2.00,-2.00,6.00,12.00,12.00,11.00,5.00,3.00,8.00,5.00,-6.00,-11.00,-7.00,-7.00,-17.00,-4.00,-37.00,-52.00,-7.00,26.00,23.00,-24.00,-94.00,-78.00,-57.00,-23.00,17.00,-6.00,2.00,1.00,46.00,112.00,73.00,-31.00,-10.00,96.00,-30.00,-107.00,-16.00,-13.00,-40.00,-26.00,-64.00,43.00,105.00,-5.00,45.00,83.00,23.00,-34.00,-22.00,-22.00,1.00,24.00,21.00,-8.00,-8.00,10.00,-137.00,-132.00,26.00,-35.00,56.00,46.00,-36.00,-50.00,-71.00,79.00,85.00,104.00,75.00,-25.00,-14.00,-29.00,-24.00,2.00,25.00,18.00,-7.00,2.00,6.00,1.00,-95.00,8.00,108.00,-60.00,-8.00,-53.00,-104.00,-29.00,-110.00,0.00
0.00,3.00,-2.00,0.00,0.00,1.00,2.00,0.00,-2.00,0.00,4.00,-1.00,-4.00,3.00,4.00,0.00,-2.00,0.00,2.00,0.00,0.00,2.00,0.00,0.00,3.00,2.00,0.00,0.00,-1.00,1.00,1.00,0.00,-1.00,-1.00,1.00,0.00,1.00,1.00,3.00,3.00,1.00,1.00,0.00,3.00,0.00,-3.00,-1.00,-3.00,-2.00,0.00,-1.00,-1.00,-1.00,0.00,1.00,-2.00,1.00,5.00,3.00,-3.00,-6.00,0.00,-1.00,-4.00,1.00,1.00,-5.00,-2.00,1.00,-3.00,-5.00,-2.00,2.00,-3.00,-7.00,-6.00,-11.00,-10.00,-6.00,-4.00,-3.00,-6.00,-8.00,-5.00,-2.00,-4.00,-6.00,-4.00,-4.00,-7.00,-5.00,-2.00,0.00,-3.00,-5.00,0.00,2.00,0.00,0.00,4.00,8.00,13.00,13.00,12.00,12.00,9.00,6.00,3.00,1.00,-4.00,1.00,8.00,10.00,12.00,7.00,2.00,6.00,1.00,-14.00,-16.00,-7.00,-9.00,-30.00,-3.00,-20.00,-41.00,8.00,-9.00,-22.00,-74.00,-92.00,-35.00,-19.00,7.00,8.00,-4.00,-3.00,48.00,152.00,91.00,-28.00,-101.00,-76.00,58.00,-9.00,-22.00,22.00,-15.00,-32.00,-29.00,-44.00,89.00,138.00,29.00,34.00,-4.00,-46.00,-106.00,-19.00,60.00,41.00,26.00,3.00,-14.00,-11.00,10.00,-65.00,-115.00,-34.00,-49.00,43.00,39.00,-9.00,76.00,10.00,56.00,66.00,25.00,-8.00,-38.00,8.00,-28.00,-49.00,-3.00,19.00,19.00,-9.00,1.00,9.00,0.00,-166.00,-31.00,178.00,-154.00,-16.00,7.00,-135.00,72.00,4.00,0.00
0.00,3.00,0.00,0.00,0.00,1.00,1.00,0.00,-1.00,0.00,3.00,0.00,-3.00,1.00,3.00,2.00,-2.00,-2.00,2.00,1.00,1.00,2.00,-1.00,-1.00,2.00,2.00,0.00,0.00,1.00,0.00,1.00,3.00,-1.00,-1.00,2.00,0.00,0.00,1.00,1.00,1.00,2.00,3.00,2.00,5.00,0.00,-5.00,-1.00,-4.00,-4.00,0.00,1.00,0.00,0.00,0.00,-1.00,-1.00,0.00,2.00,1.00,-1.00,-3.00,-1.00,-3.00,-6.00,-3.00,-3.00,-4.00,-2.00,-2.00,-3.00,-3.00,-3.00,2.00,1.00,-5.00,-6.00,-10.00,-8.00,-5.00,-5.00,-2.00,-2.00,-7.00,-6.00,-3.00,-5.00,-5.00,-3.00,-3.00,-5.00,-4.00,-4.00,-2.00,-3.00,-5.00,0.00,2.00,0.00,1.00,5.00,11.00,18.00,16.00,14.00,15.00,13.00,10.00,5.00,0.00,-5.00,-1.00,5.00,5.00,8.00,7.00,1.00,3.00,-2.00,-15.00,-29.00,-15.00,0.00,-13.00,0.00,-14.00,-13.00,-33.00,-102.00,-69.00,-40.00,-10.00,-2.00,-30.00,8.00,54.00,31.00,-6.00,94.00,107.00,-47.00,-91.00,-82.00,-39.00,48.00,20.00,19.00,20.00,-14.00,12.00,13.00,-7.00,98.00,111.00,-26.00,-37.00,-45.00,-44.00,-35.00,0.00,59.00,34.00,2.00,6.00,-11.00,-9.00,-18.00,-32.00,-53.00,-66.00,-152.00,44.00,189.00,50.00,87.00,23.00,-35.00,-6.00,37.00,-7.00,-49.00,22.00,-31.00,-68.00,-5.00,15.00,20.00,-8.00,0.00,8.00,-69.00,-230.00,-78.00,222.00,-68.00,-33.00,85.00,-74.00,47.00,17.00,0.00
0.00,1.00,2.00,1.00,0.00,1.00,1.00,1.00,0.00,0.00,1.00,1.00,-1.00,-1.00,1.00,4.00,-1.00,-4.00,1.00,3.00,2.00,0.00,-2.00,-2.00,2.00,3.00,1.00,0.00,1.00,1.00,1.00,3.00,0.00,-2.00,1.00,2.00,1.00,0.00,0.00,0.00,1.00,4.00,7.00,6.00,-1.00,-6.00,-4.00,-3.00,-3.00,-1.00,2.00,0.00,0.00,0.00,-2.00,0.00,1.00,0.00,-1.00,0.00,-2.00,-3.00,-4.00,-5.00,-5.00,-7.00,-5.00,-3.00,-3.00,-2.00,-4.00,-4.00,2.00,1.00,-3.00,-5.00,-10.00,-6.00,-3.00,-5.00,-2.00,-1.00,-5.00,-4.00,-4.00,-6.00,-4.00,-3.00,-2.00,-3.00,-5.00,-6.00,-3.00,-2.00,-4.00,0.00,2.00,0.00,3.00,8.00,13.00,20.00,21.00,16.00,15.00,14.00,10.00,4.00,-2.00,-2.00,0.00,1.00,2.00,4.00,3.00,2.00,2.00,-6.00,-21.00,-36.00,-8.00,8.00,-8.00,-8.00,-4.00,-2.00,-121.00,-147.00,-34.00,11.00,21.00,-12.00,-12.00,57.00,128.00,69.00,-35.00,0.00,-48.00,-85.00,-18.00,-24.00,-3.00,36.00,10.00,10.00,40.00,-17.00,73.00,110.00,-17.00,-1.00,7.00,-92.00,-56.00,29.00,19.00,17.00,-12.00,19.00,39.00,-2.00,4.00,-20.00,-28.00,-9.00,-84.00,13.00,1.00,-238.00,50.00,274.00,85.00,24.00,-13.00,-31.00,-1.00,39.00,-18.00,-58.00,31.00,-34.00,-77.00,-4.00,12.00,19.00,-72.00,-65.00,2.00,-88.00,-145.00,-42.00,173.00,54.00,-31.00,57.00,-16.00,-66.00,-53.00,0.00
0.00,1.00,1.00,2.00,0.00,0.00,2.00,1.00,1.00,1.00,0.00,2.00,0.00,-2.00,0.00,2.00,0.00,-2.00,0.00,3.00,1.00,-2.00,-1.00,-1.00,1.00,3.00,3.00,1.00,0.00,2.00,2.00,1.00,-1.00,0.00,0.00,1.00,3.00,0.00,1.00,1.00,-1.00,3.00,10.00,6.00,-1.00,-5.00,-6.00,-2.00,-2.00,-2.00,0.00,-1.00,0.00,0.00,-1.00,0.00,2.00,0.00,-2.00,0.00,-2.00,-4.00,-3.00,-4.00,-7.00,-8.00,-6.00,-3.00,-2.00,-3.00,-5.00,-5.00,-1.00,-1.00,-2.00,-3.00,-8.00,-7.00,-3.00,-3.00,-2.00,-1.00,-3.00,-2.00,-4.00,-6.00,-4.00,-5.00,-3.00,-1.00,-4.00,-6.00,-3.00,-2.00,-3.00,0.00,1.00,1.00,5.00,11.00,16.00,22.00,27.00,20.00,12.00,7.00,5.00,5.00,-1.00,0.00,0.00,-2.00,1.00,-2.00,-2.00,4.00,-5.00,-17.00,-24.00,-15.00,11.00,-2.00,-20.00,-40.00,-26.00,-4.00,-131.00,-118.00,4.00,14.00,13.00,-2.00,50.00,127.00,76.00,7.00,-64.00,-102.00,-74.00,-5.00,41.00,-16.00,-7.00,31.00,19.00,-6.00,83.00,27.00,58.00,82.00,-99.00,-72.00,-29.00,-38.00,8.00,43.00,38.00,27.00,-1.00,16.00,33.00,-5.00,0.00,-2.00,-39.00,37.00,-86.00,-41.00,37.00,-198.00,13.00,236.00,99.00,16.00,-16.00,-28.00,4.00,39.00,-21.00,-65.00,25.00,-33.00,-78.00,-2.00,-20.00,-43.00,-176.00,-76.00,55.00,17.00,13.00,3.00,77.00,-44.00,-74.00,47.00,6.00,-61.00,-12.00,0.00
0.00,2.00,0.00,1.00,0.00,1.00,1.00,-1.00,2.00,2.00,0.00,1.00,1.00,0.00,0.00,0.00,0.00,0.00,0.00,1.00,0.00,-1.00,0.00,0.00,-1.00,1.00,4.00,2.00,1.00,2.00,1.00,0.00,0.00,3.00,0.00,0.00,3.00,1.00,3.00,2.00,-2.00,1.00,7.00,7.00,0.00,-5.00,-3.00,-3.00,-2.00,-1.00,-3.00,-2.00,0.00,0.00,0.00,0.00,1.00,-1.00,-2.00,0.00,-2.00,-3.00,-2.00,-4.00,-6.00,-7.00,-6.00,-2.00,-3.00,-3.00,-2.00,-7.00,-5.00,-3.00,-3.00,-2.00,-6.00,-7.00,-3.00,-3.00,-3.00,0.00,-2.00,-1.00,-3.00,-7.00,-5.00,-6.00,-4.00,0.00,-2.00,-6.00,-4.00,-2.00,-2.00,0.00,1.00,4.00,7.00,12.00,18.00,24.00,29.00,23.00,11.00,1.00,1.00,4.00,0.00,1.00,2.00,0.00,-3.00,-8.00,-4.00,-12.00,-20.00,-10.00,-7.00,-3.00,9.00,16.00,-56.00,-125.00,-70.00,35.00,-49.00,-90.00,2.00,18.00,57.00,48.00,87.00,46.00,-96.00,-33.00,-7.00,-76.00,-44.00,36.00,48.00,-19.00,-12.00,44.00,68.00,1.00,90.00,22.00,-39.00,-18.00,-181.00,-29.00,67.00,20.00,45.00,7.00,33.00,49.00,20.00,-20.00,13.00,38.00,12.00,43.00,-16.00,14.00,-82.00,-152.00,25.00,-62.00,-25.00,179.00,103.00,14.00,-12.00,-23.00,8.00,36.00,-18.00,-67.00,1.00,-45.00,-99.00,-50.00,-67.00,-49.00,-98.00,34.00,102.00,19.00,10.00,-9.00,-13.00,-91.00,-72.00,47.00,32.00,60.00,104.00,0.00
0.00,2.00,0.00,0.00,1.00,0.00,0.00,0.00,0.00,1.00,1.00,0.00,3.00,2.00,0.00,1.00,0.00,0.00,0.00,0.00,0.00,0.00,0.00,0.00,-2.00,0.00,3.00,1.00,3.00,3.00,0.00,0.00,3.00,4.00,1.00,1.00,1.00,2.00,3.00,1.00,-1.00,0.00,2.00,6.00,-2.00,-6.00,1.00,-3.00,-1.00,1.00,-4.00,-2.00,1.00,0.00,-1.00,-1.00,0.00,-2.00,-1.00,0.00,-3.00,-2.00,-2.00,-3.00,-2.00,-4.00,-6.00,-2.00,-3.00,-3.00,-1.00,-6.00,-4.00,-4.00,-5.00,-3.00,-7.00,-6.00,-2.00,-4.00,-4.00,-2.00,-2.00,1.00,-1.00,-6.00,-7.00,-8.00,-5.00,0.00,-2.00,-6.00,-3.00,-2.00,-2.00,0.00,3.00,7.00,8.00,12.00,17.00,21.00,25.00,26.00,13.00,0.00,1.00,1.00,0.00,3.00,4.00,1.00,-4.00,-7.00,-14.00,-35.00,-30.00,9.00,15.00,0.00,-31.00,-9.00,-88.00,-139.00,-47.00,56.00,-5.00,-77.00,16.00,74.00,130.00,36.00,-1.00,-102.00,-147.00,36.00,49.00,-38.00,-47.00,33.00,45.00,-25.00,29.00,99.00,89.00,-26.00,4.00,-62.00,-97.00,15.00,-153.00,6.00,128.00,19.00,42.00,-4.00,33.00,22.00,30.00,-2.00,11.00,92.00,24.00,-20.00,-32.00,16.00,-133.00,-174.00,60.00,5.00,-12.00,146.00,86.00,14.00,-1.00,-9.00,13.00,29.00,-30.00,-133.00,-35.00,-52.00,-97.00,-46.00,-66.00,53.00,59.00,42.00,27.00,-69.00,-66.00,-35.00,-32.00,57.00,35.00,-1.00,70.00,112.00,72.00,0.00
0.00,3.00,0.00,-1.00,2.00,-1.00,1.00,2.00,-3.00,0.00,3.00,0.00,3.00,1.00,1.00,2.00,0.00,1.00,0.00,0.00,0.00,-1.00,0.00,1.00,-1.00,0.00,0.00,0.00,4.00,3.00,0.00,1.00,4.00,5.00,4.00,2.00,0.00,0.00,1.00,1.00,0.00,0.00,0.00,1.00,-5.00,-5.00,2.00,0.00,0.00,2.00,-2.00,-2.00,0.00,0.00,-2.00,-3.00,-1.00,-1.00,2.00,-1.00,-5.00,-2.00,-1.00,-1.00,0.00,-1.00,-4.00,-1.00,-1.00,-5.00,-3.00,-3.00,-2.00,-4.00,-7.00,-4.00,-6.00,-5.00,-3.00,-5.00,-4.00,-4.00,-1.00,2.00,-1.00,-3.00,-8.00,-11.00,-7.00,-1.00,-2.00,-6.00,-2.00,-1.00,-1.00,0.00,5.00,9.00,9.00,12.00,15.00,18.00,20.00,24.00,12.00,2.00,3.00,-1.00,0.00,3.00,2.00,-1.00,-16.00,-8.00,-8.00,-37.00,-34.00,5.00,-15.00,-21.00,-61.00,-75.00,-48.00,-42.00,-18.00,39.00,11.00,-16.00,67.00,63.00,55.00,-43.00,-61.00,-89.00,-77.00,66.00,50.00,-34.00,-48.00,69.00,80.00,-26.00,77.00,94.00,-8.00,-108.00,-71.00,-28.00,-47.00,40.00,-94.00,4.00,111.00,12.00,37.00,-30.00,46.00,35.00,22.00,80.00,28.00,4.00,-4.00,-71.00,-56.00,43.00,-148.00,-121.00,132.00,-15.00,-32.00,144.00,66.00,10.00,7.00,9.00,22.00,-55.00,-85.00,-189.00,-30.00,30.00,-27.00,53.00,-41.00,39.00,34.00,-48.00,-56.00,-34.00,-75.00,-58.00,71.00,126.00,47.00,-11.00,85.00,98.00,9.00,0.00
0.00,3.00,0.00,-1.00,1.00,0.00,3.00,2.00,-3.00,0.00,3.00,-1.00,1.00,1.00,2.00,1.00,0.00,3.00,1.00,-1.00,-1.00,-2.00,0.00,3.00,0.00,0.00,-2.00,0.00,4.00,1.00,0.00,2.00,5.00,8.00,6.00,1.00,0.00,-2.00,0.00,2.00,0.00,0.00,-2.00,-4.00,-5.00,-2.00,3.00,2.00,0.00,1.00,1.00,-1.00,-3.00,-1.00,-2.00,-3.00,-2.00,0.00,3.00,-2.00,-4.00,-1.00,-1.00,-1.00,0.00,0.00,-1.00,0.00,0.00,-4.00,-4.00,-3.00,-3.00,-4.00,-7.00,-3.00,-2.00,-3.00,-4.00,-6.00,-4.00,-5.00,-1.00,1.00,-2.00,-2.00,-8.00,-11.00,-7.00,-2.00,-3.00,-4.00,0.00,-1.00,-1.00,2.00,9.00,10.00,9.00,13.00,15.00,16.00,14.00,15.00,9.00,4.00,4.00,-1.00,-1.00,2.00,0.00,-14.00,-34.00,-23.00,11.00,-7.00,-26.00,-30.00,-98.00,-65.00,-19.00,-49.00,-15.00,5.00,13.00,75.00,42.00,43.00,49.00,-86.00,-78.00,-16.00,-2.00,-43.00,-44.00,51.00,46.00,11.00,4.00,102.00,102.00,-47.00,-34.00,-8.00,-51.00,-88.00,-32.00,27.00,-1.00,12.00,-69.00,3.00,85.00,0.00,41.00,-9.00,69.00,103.00,-20.00,11.00,37.00,-61.00,-32.00,6.00,-35.00,3.00,-145.00,-94.00,191.00,-22.00,-78.00,143.00,58.00,3.00,1.00,-49.00,-50.00,-166.00,-65.00,-31.00,-5.00,103.00,34.00,35.00,-63.00,-66.00,-49.00,-6.00,4.00,69.00,-72.00,-84.00,125.00,58.00,6.00,-2.00,81.00,103.00,16.00,0.00
0.00,1.00,0.00,2.00,0.00,0.00,2.00,1.00,0.00,0.00,2.00,-1.00,0.00,2.00,1.00,0.00,0.00,3.00,2.00,-2.00,-2.00,-1.00,0.00,3.00,0.00,0.00,-1.00,0.00,3.00,0.00,0.00,2.00,6.00,11.00,7.00,0.00,0.00,-1.00,0.00,1.00,0.00,0.00,-5.00,-7.00,-3.00,1.00,3.00,2.00,0.00,-1.00,2.00,1.00,-3.00,-2.00,-2.00,-2.00,-1.00,0.00,1.00,-2.00,-2.00,0.00,-2.00,-2.00,0.00,0.00,0.00,0.00,0.00,-2.00,-4.00,-4.00,-4.00,-3.00,-4.00,-1.00,-1.00,-3.00,-3.00,-5.00,-4.00,-6.00,-4.00,-2.00,-2.00,-2.00,-6.00,-7.00,-5.00,-1.00,-3.00,-1.00,4.00,0.00,-1.00,6.00,12.00,7.00,6.00,15.00,17.00,11.00,7.00,7.00,6.00,1.00,3.00,2.00,-1.00,-12.00,-7.00,-12.00,-19.00,-34.00,-5.00,-13.00,-44.00,-56.00,-104.00,-53.00,17.00,-4.00,-28.00,-11.00,101.00,149.00,8.00,-15.00,-45.00,-132.00,-64.00,35.00,35.00,-50.00,-45.00,53.00,25.00,96.00,114.00,52.00,1.00,-147.00,-178.00,-11.00,64.00,-7.00,10.00,13.00,-1.00,11.00,-30.00,-4.00,28.00,35.00,94.00,53.00,56.00,68.00,-83.00,-118.00,41.00,22.00,-9.00,31.00,-28.00,-24.00,-142.00,-110.00,161.00,0.00,-45.00,136.00,-3.00,-7.00,-13.00,-140.00,-84.00,-120.00,43.00,107.00,-34.00,39.00,12.00,-41.00,-41.00,-47.00,-22.00,118.00,103.00,43.00,-139.00,-86.00,90.00,-10.00,6.00,-5.00,90.00,104.00,7.00,0.00
0.00,1.00,1.00,3.00,0.00,1.00,-1.00,0.00,2.00,-1.00,2.00,1.00,1.00,2.00,-1.00,0.00,1.00,1.00,1.00,-1.00,-1.00,0.00,0.00,1.00,0.00,0.00,0.00,0.00,1.00,1.00,1.00,2.00,4.00,10.00,10.00,2.00,0.00,0.00,-1.00,-1.00,0.00,0.00,-3.00,-8.00,-4.00,2.00,1.00,3.00,0.00,-2.00,3.00,1.00,-3.00,-1.00,-1.00,-1.00,0.00,-1.00,0.00,-3.00,-3.00,0.00,-1.00,-1.00,0.00,-1.00,-1.00,0.00,-1.00,-3.00,-2.00,-2.00,-3.00,-2.00,-3.00,-1.00,-2.00,-3.00,-1.00,-2.00,-4.00,-8.00,-7.00,-3.00,-1.00,-2.00,-3.00,-3.00,-4.00,1.00,0.00,2.00,8.00,5.00,4.00,7.00,7.00,3.00,4.00,14.00,16.00,7.00,3.00,2.00,2.00,-2.00,1.00,3.00,-11.00,-31.00,-29.00,11.00,22.00,-45.00,-68.00,-82.00,-59.00,-9.00,-29.00,-23.00,14.00,7.00,9.00,12.00,78.00,95.00,-54.00,-61.00,-39.00,-63.00,-21.00,29.00,30.00,-54.00,-23.00,105.00,29.00,95.00,83.00,-40.00,-82.00,-206.00,-141.00,74.00,122.00,16.00,5.00,10.00,2.00,2.00,-21.00,34.00,33.00,92.00,104.00,-28.00,4.00,39.00,-114.00,-107.00,72.00,56.00,18.00,8.00,-33.00,-19.00,-117.00,-124.00,34.00,21.00,55.00,74.00,-137.00,16.00,39.00,-98.00,26.00,-30.00,24.00,3.00,-72.00,-31.00,7.00,-9.00,44.00,109.00,56.00,79.00,66.00,-8.00,-198.00,-77.00,80.00,-51.00,-23.00,10.00,108.00,88.00,10.00,0.00
0.00,3.00,2.00,1.00,0.00,1.00,-1.00,1.00,1.00,-2.00,1.00,1.00,2.00,2.00,-2.00,0.00,2.00,1.00,0.00,0.00,1.00,0.00,0.00,0.00,0.00,0.00,0.00,0.00,0.00,2.00,2.00,1.00,1.00,5.00,10.00,5.00,1.00,2.00,-1.00,-2.00,0.00,0.00,1.00,-7.00,-6.00,2.00,0.00,3.00,0.00,-1.00,2.00,-1.00,-2.00,0.00,0.00,2.00,0.00,-3.00,0.00,-4.00,-4.00,0.00,0.00,0.00,-1.00,-3.00,-2.00,-1.00,-3.00,-3.00,0.00,1.00,-1.00,-3.00,-4.00,-3.00,-1.00,-1.00,-1.00,2.00,-2.00,-11.00,-9.00,-1.00,2.00,-1.00,-2.00,-2.00,-3.00,4.00,4.00,5.00,10.00,7.00,8.00,5.00,0.00,2.00,4.00,9.00,11.00,6.00,2.00,0.00,0.00,-1.00,-1.00,0.00,-23.00,-23.00,-39.00,6.00,15.00,-94.00,-133.00,-82.00,-1.00,40.00,9.00,-19.00,59.00,53.00,55.00,-2.00,-89.00,-5.00,-28.00,-26.00,13.00,-36.00,-28.00,24.00,73.00,-4.00,8.00,136.00,67.00,-30.00,-109.00,-84.00,-47.00,-148.00,-58.00,108.00,89.00,16.00,1.00,-6.00,-14.00,46.00,-7.00,86.00,79.00,3.00,36.00,-82.00,-24.00,51.00,-108.00,-39.00,115.00,34.00,22.00,10.00,-29.00,-21.00,-83.00,-121.00,-82.00,32.00,115.00,-15.00,-151.00,50.00,100.00,-14.00,35.00,-61.00,-45.00,-14.00,-60.00,-55.00,74.00,53.00,37.00,166.00,90.00,7.00,6.00,3.00,-203.00,-85.00,109.00,-73.00,-54.00,35.00,113.00,73.00,19.00,0.00
0.00,4.00,1.00,0.00,-1.00,-1.00,1.00,2.00,0.00,-1.00,0.00,0.00,1.00,1.00,-1.00,0.00,1.00,2.00,0.00,0.00,2.00,0.00,1.00,1.00,-1.00,0.00,1.00,0.00,0.00,0.00,0.00,1.00,0.00,1.00,5.00,4.00,3.00,4.00,3.00,1.00,1.00,0.00,0.00,-4.00,-4.00,1.00,0.00,1.00,0.00,-1.00,-1.00,1.00,1.00,-1.00,-1.00,2.00,0.00,-3.00,0.00,-3.00,-4.00,-1.00,0.00,-1.00,-2.00,-3.00,-2.00,-2.00,-4.00,-2.00,-1.00,1.00,0.00,-3.00,-3.00,-4.00,0.00,1.00,-1.00,4.00,0.00,-11.00,-9.00,0.00,3.00,1.00,0.00,0.00,1.00,7.00,7.00,5.00,7.00,5.00,6.00,2.00,-1.00,2.00,3.00,4.00,6.00,7.00,2.00,0.00,0.00,0.00,-2.00,-3.00,-20.00,-14.00,-59.00,-42.00,-30.00,-110.00,-113.00,-26.00,38.00,42.00,7.00,22.00,134.00,66.00,-6.00,-99.00,-137.00,14.00,8.00,-3.00,20.00,-38.00,-36.00,64.00,156.00,61.00,22.00,17.00,-7.00,-108.00,-167.00,-38.00,-10.00,-103.00,-53.00,109.00,83.00,13.00,-14.00,21.00,31.00,107.00,-18.00,17.00,45.00,-96.00,32.00,30.00,-21.00,-3.00,-118.00,-14.00,141.00,33.00,21.00,7.00,-45.00,1.00,-11.00,-148.00,-162.00,35.00,124.00,-4.00,-36.00,18.00,22.00,-18.00,-45.00,-45.00,32.00,89.00,-29.00,-82.00,54.00,37.00,4.00,115.00,98.00,23.00,2.00,2.00,-216.00,-80.00,131.00,-75.00,-38.00,17.00,115.00,90.00,-13.00,0.00
0.00,4.00,1.00,-1.00,-3.00,-2.00,3.00,3.00,0.00,0.00,0.00,0.00,0.00,0.00,0.00,0.00,0.00,1.00,0.00,1.00,2.00,-1.00,1.00,2.00,-2.00,1.00,2.00,0.00,0.00,-2.00,-1.00,2.00,-1.00,-1.00,1.00,2.00,3.00,2.00,6.00,5.00,3.00,1.00,-2.00,-2.00,1.00,1.00,-1.00,0.00,0.00,-2.00,-1.00,4.00,1.00,-2.00,-3.00,-2.00,0.00,-1.00,0.00,-1.00,-4.00,-3.00,0.00,-2.00,-1.00,-2.00,-4.00,-2.00,-3.00,-2.00,0.00,1.00,-1.00,-1.00,-2.00,-4.00,0.00,2.00,1.00,3.00,-1.00,-8.00,-5.00,-1.00,0.00,3.00,5.00,6.00,7.00,6.00,5.00,2.00,1.00,4.00,4.00,-1.00,0.00,3.00,2.00,2.00,4.00,6.00,1.00,-1.00,-1.00,0.00,-1.00,-3.00,-26.00,-77.00,-128.00,-60.00,-10.00,-49.00,-57.00,8.00,33.00,61.00,44.00,28.00,69.00,3.00,-43.00,-92.00,-62.00,24.00,4.00,7.00,64.00,13.00,-39.00,91.00,105.00,-17.00,20.00,-77.00,-96.00,-62.00,-71.00,5.00,-5.00,-100.00,-70.00,116.00,97.00,49.00,14.00,74.00,57.00,14.00,-69.00,-49.00,36.00,-38.00,42.00,74.00,-18.00,-44.00,-152.00,-16.00,162.00,36.00,-12.00,-32.00,1.00,84.00,0.00,-169.00,-196.00,11.00,145.00,22.00,-24.00,-2.00,15.00,-44.00,-74.00,74.00,127.00,43.00,-75.00,-98.00,6.00,8.00,20.00,101.00,106.00,41.00,3.00,-17.00,-239.00,-75.00,118.00,-56.00,-13.00,-9.00,131.00,98.00,-42.00,0.00
0.00,5.00,3.00,-3.00,-4.00,0.00,3.00,2.00,0.00,0.00,0.00,0.00,0.00,1.00,1.00,0.00,-1.00,0.00,1.00,2.00,2.00,-2.00,-1.00,1.00,-1.00,3.00,2.00,-1.00,-1.00,-1.00,1.00,1.00,-2.00,-2.00,0.00,2.00,1.00,1.00,4.00,3.00,4.00,3.00,-1.00,-1.00,5.00,3.00,-1.00,-1.00,0.00,0.00,1.00,2.00,-2.00,-2.00,-3.00,-2.00,1.00,-1.00,-1.00,0.00,-3.00,-4.00,-2.00,-1.00,0.00,-2.00,-5.00,-3.00,-1.00,-1.00,2.00,2.00,-2.00,0.00,-1.00,-4.00,0.00,3.00,2.00,1.00,-1.00,-3.00,0.00,-1.00,-2.00,4.00,9.00,10.00,7.00,1.00,0.00,-1.00,-3.00,2.00,4.00,0.00,0.00,5.00,3.00,1.00,3.00,2.00,0.00,-2.00,-2.00,0.00,0.00,-1.00,-74.00,-177.00,-146.00,-4.00,36.00,-13.00,-43.00,57.00,81.00,65.00,22.00,-61.00,-39.00,-22.00,13.00,-5.00,-28.00,1.00,-10.00,5.00,160.00,128.00,-79.00,-58.00,-57.00,-72.00,24.00,-25.00,-36.00,-20.00,-20.00,3.00,-4.00,-63.00,-32.00,136.00,108.00,86.00,7.00,-1.00,-23.00,-81.00,-2.00,3.00,32.00,13.00,17.00,50.00,-17.00,-48.00,-175.00,-12.00,144.00,-3.00,12.00,-6.00,89.00,119.00,-132.00,-118.00,-138.00,-29.00,142.00,-65.00,-23.00,107.00,109.00,-82.00,-57.00,114.00,53.00,-20.00,-121.00,-103.00,12.00,12.00,35.00,104.00,95.00,49.00,11.00,-43.00,-259.00,-75.00,110.00,-47.00,-6.00,7.00,91.00,68.00,19.00,0.00
0.00,6.00,3.00,-3.00,-3.00,3.00,1.00,-2.00,-1.00,0.00,1.00,0.00,1.00,3.00,1.00,-1.00,-1.00,1.00,1.00,1.00,1.00,-2.00,0.00,0.00,0.00,4.00,2.00,-2.00,-2.00,0.00,1.00,0.00,-1.00,-1.00,0.00,1.00,0.00,2.00,2.00,-1.00,2.00,3.00,0.00,1.00,5.00,6.00,2.00,-2.00,1.00,1.00,2.00,2.00,-4.00,-4.00,-2.00,2.00,2.00,-3.00,-2.00,0.00,-1.00,-4.00,-5.00,0.00,-1.00,-2.00,-2.00,-3.00,1.00,0.00,0.00,2.00,-1.00,-1.00,1.00,-2.00,0.00,5.00,3.00,1.00,2.00,1.00,2.00,1.00,-1.00,3.00,7.00,6.00,1.00,-3.00,-2.00,-1.00,-4.00,-1.00,4.00,2.00,1.00,6.00,3.00,-1.00,1.00,0.00,-1.00,-1.00,-1.00,0.00,0.00,-1.00,-147.00,-208.00,-83.00,25.00,42.00,-9.00,17.00,118.00,79.00,-32.00,-89.00,-72.00,-12.00,-7.00,43.00,26.00,-31.00,18.00,31.00,26.00,150.00,87.00,-145.00,-203.00,-122.00,27.00,64.00,21.00,23.00,-22.00,-3.00,68.00,23.00,-14.00,38.00,93.00,87.00,18.00,-127.00,-85.00,-8.00,-27.00,67.00,38.00,-1.00,9.00,7.00,47.00,-17.00,-59.00,-161.00,38.00,127.00,-55.00,95.00,84.00,-4.00,39.00,-122.00,-45.00,-95.00,-96.00,99.00,-83.00,79.00,187.00,55.00,-189.00,-29.00,143.00,-26.00,-4.00,-110.00,-108.00,6.00,13.00,40.00,108.00,80.00,33.00,21.00,-39.00,-275.00,-74.00,123.00,-50.00,-30.00,-22.00,2.00,20.00,132.00,0.00
0.00,6.00,2.00,-2.00,-1.00,3.00,0.00,-3.00,-2.00,0.00,2.00,0.00,2.00,3.00,-1.00,-1.00,1.00,1.00,-1.00,0.00,0.00,-2.00,2.00,0.00,0.00,4.00,2.00,-2.00,-1.00,1.00,0.00,-1.00,0.00,1.00,-1.00,0.00,1.00,1.00,1.00,-1.00,-1.00,0.00,1.00,2.00,4.00,8.00,2.00,-1.00,5.00,0.00,-19.00,-37.00,17.00,37.00,-1.00,2.00,1.00,-2.00,-1.00,-1.00,-1.00,-3.00,-5.00,-2.00,-3.00,-2.00,-1.00,-1.00,3.00,0.00,-1.00,3.00,0.00,-2.00,2.00,1.00,0.00,6.00,5.00,2.00,4.00,2.00,2.00,2.00,-1.00,1.00,3.00,1.00,-2.00,-3.00,-2.00,-2.00,-4.00,-1.00,3.00,2.00,3.00,4.00,1.00,0.00,1.00,-1.00,-2.00,0.00,-1.00,0.00,-1.00,-2.00,-179.00,-198.00,-44.00,15.00,85.00,47.00,29.00,67.00,-13.00,-105.00,-76.00,-6.00,5.00,-6.00,45.00,32.00,15.00,69.00,95.00,6.00,-17.00,-52.00,-116.00,-159.00,-126.00,82.00,93.00,23.00,33.00,-24.00,45.00,187.00,62.00,-26.00,46.00,-38.00,-13.00,-18.00,-152.00,-63.00,33.00,22.00,54.00,32.00,-5.00,11.00,6.00,0.00,-25.00,8.00,-68.00,83.00,134.00,-77.00,15.00,68.00,-91.00,-3.00,12.00,-12.00,-120.00,-169.00,95.00,82.00,109.00,84.00,-15.00,-286.00,-23.00,226.00,-22.00,4.00,-103.00,-114.00,-6.00,11.00,38.00,114.00,76.00,13.00,29.00,-14.00,-286.00,-120.00,154.00,-22.00,-109.00,-43.00,4.00,-19.00,147.00,0.00
0.00,6.00,3.00,-2.00,0.00,0.00,-1.00,0.00,-1.00,0.00,2.00,-1.00,1.00,2.00,-1.00,1.00,1.00,-1.00,-1.00,0.00,0.00,-1.00,1.00,0.00,0.00,4.00,3.00,-2.00,0.00,1.00,0.00,-2.00,-1.00,2.00,-2.00,0.00,2.00,0.00,-1.00,0.00,0.00,-1.00,2.00,2.00,4.00,4.00,-2.00,1.00,7.00,2.00,-61.00,-124.00,61.00,127.00,1.00,-1.00,0.00,1.00,0.00,-2.00,-2.00,-2.00,-5.00,-6.00,-4.00,-2.00,-2.00,1.00,3.00,1.00,2.00,3.00,0.00,-1.00,1.00,2.00,2.00,7.00,6.00,1.00,2.00,2.00,3.00,1.00,-2.00,1.00,2.00,0.00,-2.00,-2.00,-3.00,-5.00,-3.00,0.00,1.00,2.00,3.00,1.00,0.00,2.00,2.00,-2.00,-1.00,0.00,-1.00,0.00,-2.00,0.00,-173.00,-195.00,-59.00,60.00,197.00,26.00,-114.00,-33.00,-19.00,-55.00,-7.00,17.00,-13.00,49.00,91.00,25.00,62.00,67.00,5.00,-103.00,-103.00,-28.00,-29.00,-111.00,-133.00,71.00,105.00,83.00,63.00,-28.00,77.00,170.00,6.00,-73.00,21.00,-116.00,-83.00,81.00,-58.00,-73.00,19.00,22.00,52.00,32.00,-7.00,-16.00,-17.00,-1.00,19.00,111.00,30.00,0.00,26.00,-74.00,-60.00,34.00,4.00,26.00,-22.00,-82.00,-114.00,-136.00,121.00,206.00,77.00,-8.00,-5.00,-321.00,-22.00,281.00,-30.00,-1.00,-98.00,-114.00,-14.00,5.00,35.00,117.00,76.00,5.00,10.00,7.00,-267.00,-213.00,189.00,53.00,-141.00,15.00,46.00,-29.00,70.00,0.00
0.00,4.00,4.00,-1.00,-1.00,-2.00,-2.00,2.00,0.00,0.00,2.00,-2.00,0.00,3.00,1.00,0.00,0.00,-1.00,0.00,0.00,-1.00,0.00,1.00,1.00,0.00,3.00,3.00,-1.00,1.00,-1.00,-2.00,-1.00,-1.00,1.00,-1.00,1.00,1.00,-1.00,0.00,0.00,2.00,1.00,0.00,2.00,3.00,-1.00,-2.00,1.00,3.00,4.00,-94.00,-165.00,99.00,170.00,1.00,-1.00,-1.00,1.00,0.00,-3.00,-2.00,-2.00,-6.00,-7.00,-3.00,-2.00,-1.00,2.00,2.00,2.00,2.00,1.00,0.00,0.00,0.00,3.00,5.00,7.00,7.00,2.00,0.00,2.00,3.00,-1.00,-1.00,3.00,1.00,-1.00,-1.00,-2.00,-4.00,-6.00,-3.00,0.00,0.00,2.00,1.00,-1.00,0.00,2.00,2.00,-2.00,0.00,1.00,1.00,0.00,0.00,3.00,-126.00,-145.00,-69.00,56.00,159.00,-89.00,-138.00,-7.00,-3.00,-18.00,0.00,30.00,50.00,148.00,113.00,-26.00,-25.00,20.00,-97.00,-149.00,-32.00,17.00,3.00,-115.00,-128.00,128.00,157.00,133.00,81.00,-29.00,4.00,6.00,-67.00,-75.00,22.00,-96.00,-43.00,161.00,-29.00,-118.00,23.00,23.00,46.00,18.00,24.00,8.00,-37.00,64.00,67.00,45.00,33.00,-80.00,-107.00,-9.00,25.00,29.00,33.00,39.00,-112.00,-163.00,-40.00,-79.00,104.00,231.00,76.00,-13.00,-11.00,-328.00,-21.00,295.00,-31.00,-8.00,-95.00,-108.00,-17.00,-4.00,21.00,87.00,96.00,38.00,-89.00,-7.00,-142.00,-219.00,159.00,98.00,-69.00,22.00,1.00,-22.00,35.00,0.00
0.00,1.00,3.00,1.00,-2.00,-2.00,-1.00,1.00,0.00,0.00,2.00,-1.00,-1.00,3.00,3.00,-1.00,0.00,0.00,0.00,0.00,-3.00,-1.00,2.00,2.00,1.00,1.00,1.00,1.00,2.00,-1.00,-4.00,0.00,1.00,0.00,-1.00,2.00,1.00,-2.00,2.00,0.00,1.00,2.00,-1.00,1.00,0.00,-1.00,1.00,-1.00,1.00,5.00,-141.00,-187.00,149.00,192.00,-1.00,0.00,-2.00,-1.00,-1.00,-5.00,-2.00,0.00,-4.00,-5.00,-2.00,-1.00,0.00,1.00,1.00,0.00,0.00,1.00,-1.00,0.00,1.00,2.00,4.00,7.00,9.00,5.00,2.00,2.00,0.00,-2.00,0.00,3.00,1.00,-2.00,0.00,0.00,-3.00,-7.00,-5.00,0.00,-1.00,1.00,1.00,-1.00,0.00,2.00,3.00,-2.00,-1.00,3.00,1.00,0.00,3.00,4.00,-40.00,-107.00,-80.00,-24.00,-14.00,-71.00,-21.00,18.00,-27.00,-34.00,-8.00,100.00,163.00,79.00,-11.00,-54.00,-97.00,83.00,-51.00,-155.00,20.00,1.00,2.00,-33.00,-53.00,162.00,165.00,62.00,28.00,-68.00,-108.00,-75.00,-19.00,-21.00,22.00,-75.00,-4.00,165.00,-35.00,-125.00,9.00,41.00,75.00,26.00,64.00,80.00,-63.00,-31.00,36.00,-21.00,54.00,-35.00,-121.00,36.00,51.00,11.00,-7.00,37.00,-137.00,-149.00,21.00,-103.00,76.00,239.00,82.00,-16.00,-27.00,-310.00,-23.00,273.00,-23.00,-7.00,-92.00,-105.00,-18.00,-41.00,-17.00,28.00,133.00,114.00,-167.00,-38.00,13.00,-97.00,71.00,46.00,-18.00,-2.00,-45.00,-38.00,6.00,0.00
0.00,0.00,2.00,1.00,-1.00,-2.00,-1.00,1.00,1.00,0.00,2.00,0.00,-2.00,2.00,4.00,0.00,-1.00,1.00,1.00,-1.00,-4.00,-2.00,1.00,1.00,2.00,0.00,0.00,3.00,2.00,0.00,-2.00,-1.00,1.00,1.00,-2.00,0.00,1.00,-1.00,1.00,0.00,0.00,3.00,2.00,-1.00,-2.00,0.00,1.00,-1.00,3.00,-46.00,-200.00,-193.00,151.00,247.00,53.00,0.00,-1.00,-3.00,-2.00,-3.00,-2.00,1.00,-1.00,-2.00,-2.00,-2.00,-1.00,0.00,0.00,-2.00,1.00,2.00,-3.00,0.00,2.00,-1.00,3.00,9.00,8.00,5.00,5.00,3.00,-2.00,-2.00,0.00,1.00,2.00,0.00,0.00,2.00,-2.00,-8.00,-5.00,-1.00,-3.00,-1.00,2.00,2.00,1.00,0.00,2.00,1.00,-1.00,2.00,0.00,1.00,3.00,2.00,-54.00,-159.00,-82.00,-6.00,-39.00,-12.00,18.00,-9.00,-32.00,18.00,40.00,83.00,110.00,-70.00,-102.00,-11.00,-38.00,181.00,-4.00,-180.00,21.00,-10.00,35.00,130.00,64.00,60.00,9.00,-46.00,-29.00,-106.00,-98.00,-14.00,40.00,14.00,13.00,-73.00,1.00,125.00,-53.00,-101.00,54.00,119.00,99.00,49.00,-20.00,7.00,-76.00,-142.00,22.00,46.00,129.00,10.00,-108.00,25.00,21.00,10.00,-11.00,27.00,-143.00,-131.00,76.00,-125.00,17.00,246.00,91.00,-17.00,-30.00,-294.00,-26.00,251.00,-21.00,-1.00,-125.00,-110.00,-13.00,-49.00,-1.00,-14.00,111.00,128.00,-90.00,-29.00,20.00,-21.00,22.00,-20.00,-59.00,-7.00,-35.00,6.00,21.00,0.00
0.00,0.00,2.00,-2.00,0.00,0.00,-2.00,2.00,2.00,-1.00,1.00,1.00,-2.00,2.00,5.00,0.00,-3.00,2.00,3.00,-3.00,-4.00,-1.00,0.00,0.00,2.00,1.00,-1.00,2.00,2.00,0.00,1.00,-2.00,0.00,2.00,-2.00,-2.00,-1.00,0.00,0.00,0.00,0.00,4.00,3.00,-2.00,0.00,1.00,0.00,0.00,4.00,-151.00,-217.00,-86.00,49.00,242.00,169.00,0.00,0.00,-3.00,-2.00,1.00,-2.00,-2.00,0.00,1.00,-2.00,-4.00,-1.00,0.00,1.00,-1.00,0.00,0.00,-2.00,0.00,0.00,-1.00,5.00,9.00,5.00,4.00,5.00,4.00,-1.00,-2.00,0.00,0.00,2.00,3.00,1.00,1.00,-2.00,-7.00,-5.00,-2.00,-3.00,-1.00,1.00,2.00,2.00,-2.00,-1.00,4.00,1.00,-1.00,0.00,2.00,2.00,0.00,-154.00,-191.00,-13.00,34.00,-3.00,-17.00,27.00,46.00,5.00,50.00,51.00,-69.00,-57.00,-48.00,-40.00,11.00,8.00,207.00,-6.00,-138.00,66.00,-24.00,65.00,150.00,4.00,-46.00,-103.00,-99.00,-8.00,-48.00,-28.00,35.00,49.00,13.00,8.00,-71.00,47.00,95.00,-64.00,-34.00,122.00,146.00,35.00,-17.00,-156.00,-75.00,3.00,-73.00,18.00,63.00,170.00,10.00,-123.00,12.00,18.00,19.00,-7.00,10.00,-129.00,-146.00,153.00,-128.00,-93.00,279.00,95.00,-23.00,-24.00,-278.00,-25.00,186.00,-9.00,-10.00,-191.00,-39.00,28.00,7.00,63.00,-27.00,30.00,54.00,-15.00,-4.00,-41.00,-66.00,15.00,12.00,-52.00,-15.00,-64.00,93.00,152.00,0.00
0.00,-1.00,1.00,-2.00,0.00,2.00,-2.00,1.00,1.00,-3.00,0.00,3.00,-1.00,1.00,4.00,1.00,-2.00,2.00,4.00,-4.00,-3.00,1.00,-1.00,-1.00,2.00,2.00,-2.00,-1.00,1.00,0.00,2.00,-1.00,0.00,1.00,-1.00,-1.00,-2.00,0.00,0.00,0.00,-1.00,3.00,2.00,-2.00,3.00,3.00,0.00,0.00,3.00,-190.00,-208.00,-7.00,9.00,202.00,200.00,-2.00,0.00,-1.00,-2.00,2.00,-1.00,-5.00,-1.00,2.00,-2.00,-3.00,0.00,0.00,1.00,0.00,-1.00,-2.00,0.00,0.00,-2.00,1.00,4.00,6.00,4.00,5.00,5.00,3.00,0.00,-2.00,1.00,1.00,2.00,3.00,2.00,1.00,-2.00,-7.00,-7.00,-2.00,-1.00,1.00,0.00,-2.00,0.00,-1.00,-1.00,3.00,1.00,-1.00,1.00,1.00,2.00,1.00,-186.00,-178.00,26.00,20.00,48.00,33.00,37.00,114.00,-10.00,-63.00,-38.00,-110.00,-66.00,3.00,9.00,-4.00,8.00,205.00,48.00,-36.00,96.00,-53.00,-33.00,19.00,-96.00,-71.00,-28.00,-62.00,7.00,3.00,-10.00,38.00,53.00,8.00,35.00,-12.00,98.00,86.00,-35.00,-20.00,4.00,53.00,59.00,-79.00,-189.00,-21.00,43.00,-8.00,-1.00,38.00,184.00,9.00,-143.00,-6.00,19.00,-2.00,-21.00,62.00,-30.00,-157.00,69.00,-168.00,-101.00,309.00,86.00,-25.00,-45.00,-252.00,-52.00,71.00,51.00,15.00,-163.00,59.00,63.00,28.00,38.00,-24.00,-14.00,-36.00,-50.00,48.00,4.00,-88.00,4.00,87.00,42.00,-5.00,-155.00,56.00,224.00,0.00
0.00,-2.00,-1.00,1.00,0.00,2.00,-1.00,-1.00,0.00,-2.00,-1.00,2.00,2.00,1.00,0.00,1.00,1.00,2.00,3.00,-3.00,-1.00,2.00,-2.00,-2.00,1.00,1.00,-1.00,-2.00,0.00,1.00,1.00,-1.00,0.00,1.00,0.00,0.00,-2.00,-1.00,1.00,1.00,-2.00,1.00,2.00,-1.00,3.00,3.00,0.00,0.00,-49.00,-162.00,-159.00,-53.00,33.00,179.00,179.00,38.00,0.00,0.00,-1.00,3.00,-1.00,-7.00,-1.00,2.00,-2.00,-2.00,-1.00,0.00,0.00,0.00,1.00,-1.00,-1.00,0.00,-1.00,1.00,0.00,3.00,4.00,7.00,7.00,3.00,1.00,-1.00,3.00,1.00,1.00,2.00,2.00,2.00,-2.00,-10.00,-8.00,-1.00,0.00,2.00,-1.00,-4.00,-2.00,0.00,0.00,2.00,0.00,0.00,2.00,0.00,1.00,1.00,-172.00,-174.00,58.00,65.00,114.00,84.00,-41.00,17.00,-94.00,-85.00,-33.00,-80.00,-17.00,-4.00,9.00,14.00,58.00,172.00,104.00,-34.00,-21.00,-70.00,-120.00,-28.00,-25.00,-34.00,12.00,-19.00,-5.00,-2.00,-11.00,38.00,35.00,49.00,118.00,64.00,63.00,-31.00,-55.00,-61.00,-121.00,8.00,184.00,-38.00,-177.00,23.00,21.00,-6.00,-3.00,32.00,189.00,11.00,-154.00,-33.00,-13.00,7.00,16.00,114.00,79.00,-151.00,-114.00,-210.00,-45.00,266.00,91.00,-29.00,-131.00,-165.00,-32.00,22.00,95.00,65.00,-59.00,29.00,32.00,-3.00,-50.00,-32.00,44.00,-28.00,-76.00,87.00,90.00,-23.00,-4.00,61.00,43.00,-4.00,-203.00,-4.00,206.00,0.00
0.00,0.00,-3.00,0.00,-1.00,2.00,2.00,-2.00,0.00,1.00,-1.00,-1.00,2.00,3.00,-1.00,0.00,2.00,1.00,1.00,-2.00,0.00,2.00,-1.00,-1.00,1.00,0.00,-1.00,-2.00,0.00,2.00,0.00,-2.00,0.00,1.00,-2.00,0.00,0.00,-1.00,2.00,2.00,-1.00,0.00,1.00,0.00,1.00,1.00,0.00,0.00,-138.00,-164.00,-71.00,-65.00,34.00,109.00,179.00,123.00,-1.00,0.00,1.00,4.00,-3.00,-8.00,1.00,1.00,-2.00,0.00,-1.00,-1.00,0.00,0.00,1.00,0.00,-1.00,0.00,-1.00,-2.00,-2.00,3.00,4.00,6.00,8.00,6.00,3.00,1.00,4.00,-1.00,0.00,3.00,2.00,1.00,-3.00,-11.00,-6.00,1.00,-2.00,0.00,-2.00,-3.00,-1.00,0.00,0.00,0.00,-1.00,1.00,2.00,0.00,0.00,0.00,-172.00,-159.00,157.00,148.00,19.00,-8.00,-97.00,-94.00,-72.00,20.00,0.00,-79.00,-17.00,46.00,67.00,43.00,101.00,28.00,-5.00,-75.00,-108.00,-27.00,-55.00,9.00,28.00,-2.00,-10.00,-21.00,-8.00,-12.00,-7.00,83.00,44.00,91.00,121.00,-18.00,-6.00,-122.00,-93.00,-13.00,-58.00,18.00,211.00,-4.00,-171.00,25.00,17.00,-8.00,-3.00,28.00,184.00,25.00,-127.00,-31.00,-53.00,69.00,81.00,7.00,45.00,-130.00,-129.00,-150.00,-78.00,115.00,101.00,10.00,-155.00,-29.00,49.00,22.00,47.00,36.00,-51.00,-59.00,-3.00,30.00,-35.00,-102.00,110.00,123.00,-40.00,39.00,63.00,10.00,-7.00,10.00,-1.00,-14.00,-195.00,-2.00,191.00,0.00
0.00,1.00,-3.00,-1.00,-1.00,1.00,3.00,-2.00,0.00,2.00,2.00,-1.00,-2.00,3.00,0.00,0.00,2.00,0.00,0.00,-2.00,1.00,3.00,0.00,0.00,2.00,0.00,-3.00,-2.00,0.00,1.00,0.00,-1.00,0.00,-1.00,-3.00,0.00,2.00,1.00,2.00,1.00,-1.00,0.00,0.00,1.00,1.00,0.00,0.00,-48.00,-140.00,-144.00,-64.00,-12.00,48.00,38.00,98.00,170.00,59.00,-1.00,2.00,5.00,-3.00,-8.00,1.00,0.00,-1.00,2.00,0.00,-2.00,0.00,0.00,-1.00,0.00,1.00,0.00,-3.00,-4.00,-1.00,3.00,4.00,3.00,6.00,7.00,5.00,2.00,2.00,0.00,2.00,5.00,1.00,-1.00,-3.00,-7.00,-3.00,0.00,-5.00,-3.00,-1.00,-1.00,-1.00,-1.00,0.00,-2.00,-2.00,2.00,3.00,0.00,-1.00,0.00,-127.00,-99.00,112.00,85.00,-82.00,-95.00,-13.00,-56.00,-38.00,57.00,-17.00,-57.00,46.00,145.00,118.00,-44.00,-10.00,-98.00,-108.00,-8.00,-38.00,2.00,-8.00,25.00,12.00,-4.00,-11.00,31.00,47.00,-24.00,-9.00,119.00,16.00,-8.00,25.00,-116.00,-27.00,-35.00,-41.00,27.00,5.00,14.00,175.00,-5.00,-151.00,22.00,11.00,-28.00,-5.00,85.00,154.00,26.00,-44.00,-1.00,-63.00,65.00,56.00,-103.00,-42.00,-121.00,-39.00,-61.00,-122.00,3.00,83.00,77.00,-55.00,15.00,47.00,-1.00,-65.00,-42.00,-47.00,-33.00,25.00,100.00,66.00,-206.00,56.00,228.00,-14.00,-4.00,13.00,1.00,-11.00,8.00,2.00,-12.00,-189.00,-1.00,184.00,0.00
0.00,-1.00,0.00,2.00,0.00,0.00,2.00,-3.00,0.00,2.00,2.00,1.00,-2.00,1.00,0.00,1.00,1.00,0.00,1.00,-1.00,2.00,3.00,0.00,0.00,1.00,0.00,-3.00,-3.00,-1.00,0.00,1.00,2.00,1.00,-3.00,-3.00,0.00,1.00,1.00,2.00,0.00,-3.00,0.00,2.00,2.00,2.00,1.00,-1.00,-91.00,-119.00,-115.00,-74.00,67.00,59.00,-36.00,-54.00,179.00,189.00,-3.00,1.00,7.00,-1.00,-8.00,0.00,0.00,0.00,1.00,-1.00,-1.00,1.00,0.00,-2.00,0.00,1.00,0.00,-2.00,-4.00,-1.00,1.00,3.00,3.00,3.00,4.00,6.00,1.00,-2.00,4.00,7.00,6.00,1.00,-2.00,-3.00,-4.00,-3.00,-2.00,-4.00,-4.00,0.00,1.00,-2.00,-2.00,-1.00,-2.00,0.00,1.00,2.00,0.00,-2.00,0.00,-82.00,-67.00,-37.00,-41.00,-34.00,-48.00,67.00,-12.00,-64.00,54.00,40.00,8.00,104.00,87.00,6.00,-129.00,-109.00,-53.00,-45.00,41.00,9.00,-4.00,-16.00,23.00,0.00,8.00,44.00,122.00,106.00,-23.00,-48.00,5.00,-93.00,-97.00,3.00,-72.00,-4.00,30.00,5.00,21.00,5.00,12.00,165.00,2.00,-139.00,15.00,-24.00,-7.00,49.00,135.00,77.00,0.00,-13.00,-68.00,-39.00,71.00,33.00,-68.00,-84.00,-89.00,16.00,-86.00,-115.00,16.00,60.00,57.00,-1.00,-53.00,-26.00,50.00,-73.00,-78.00,-16.00,69.00,109.00,60.00,57.00,-242.00,-10.00,224.00,-12.00,-2.00,16.00,-5.00,-12.00,14.00,3.00,-7.00,-188.00,-2.00,184.00,0.00
0.00,0.00,3.00,2.00,-2.00,0.00,3.00,-3.00,0.00,2.00,-1.00,1.00,0.00,0.00,1.00,3.00,0.00,0.00,2.00,0.00,1.00,1.00,1.00,1.00,0.00,0.00,-1.00,-4.00,-4.00,5.00,9.00,1.00,-2.00,-4.00,-5.00,0.00,-1.00,-2.00,1.00,0.00,-3.00,1.00,4.00,0.00,2.00,3.00,-33.00,-81.00,-127.00,-128.00,-30.00,111.00,59.00,-97.00,-98.00,152.00,229.00,42.00,0.00,7.00,0.00,-6.00,0.00,0.00,0.00,0.00,-2.00,0.00,2.00,0.00,-1.00,-1.00,-1.00,0.00,1.00,-2.00,-3.00,-1.00,1.00,4.00,2.00,0.00,5.00,0.00,-3.00,7.00,9.00,7.00,4.00,-2.00,-5.00,-6.00,-3.00,-1.00,-3.00,-4.00,1.00,3.00,-1.00,0.00,-2.00,-4.00,1.00,0.00,-1.00,0.00,-1.00,0.00,-128.00,-128.00,-53.00,-26.00,23.00,-8.00,80.00,11.00,-22.00,76.00,98.00,10.00,25.00,-55.00,-132.00,-61.00,-50.00,-13.00,13.00,35.00,1.00,0.00,15.00,2.00,5.00,81.00,108.00,49.00,-9.00,4.00,-66.00,-97.00,-84.00,-40.00,25.00,-31.00,3.00,16.00,2.00,30.00,2.00,10.00,167.00,28.00,-105.00,32.00,-53.00,48.00,89.00,21.00,-11.00,10.00,-41.00,-167.00,22.00,122.00,26.00,6.00,-86.00,0.00,17.00,-147.00,-98.00,-32.00,63.00,4.00,-2.00,-96.00,-69.00,181.00,47.00,-44.00,-120.00,53.00,183.00,1.00,5.00,-197.00,-16.00,179.00,-10.00,0.00,19.00,-16.00,-11.00,25.00,2.00,-7.00,-195.00,-1.00,189.00,0.00
0.00,1.00,4.00,0.00,-4.00,-1.00,4.00,-1.00,0.00,3.00,-2.00,-2.00,0.00,1.00,1.00,3.00,1.00,-1.00,1.00,1.00,0.00,0.00,2.00,2.00,1.00,1.00,0.00,-3.00,-5.00,17.00,25.00,-7.00,-16.00,-5.00,-4.00,1.00,-3.00,-8.00,-1.00,1.00,-1.00,2.00,2.00,-2.00,2.00,-19.00,-94.00,-121.00,-82.00,-66.00,-43.00,35.00,67.00,-61.00,-21.00,81.00,175.00,153.00,-1.00,4.00,0.00,-2.00,0.00,0.00,0.00,0.00,-1.00,0.00,0.00,-1.00,0.00,-1.00,0.00,-1.00,1.00,2.00,-4.00,-3.00,0.00,4.00,1.00,-3.00,4.00,1.00,0.00,10.00,7.00,6.00,5.00,-2.00,-5.00,-7.00,-1.00,0.00,-6.00,-5.00,3.00,5.00,0.00,1.00,-2.00,-5.00,-1.00,-1.00,-1.00,-1.00,0.00,1.00,-164.00,-171.00,-38.00,13.00,40.00,26.00,119.00,55.00,46.00,44.00,-13.00,-95.00,-3.00,-23.00,-156.00,-15.00,6.00,-31.00,15.00,37.00,42.00,43.00,50.00,-16.00,24.00,65.00,16.00,-70.00,-123.00,29.00,-9.00,-52.00,-10.00,9.00,33.00,-34.00,-21.00,8.00,-2.00,19.00,-15.00,65.00,169.00,44.00,-27.00,42.00,-23.00,-16.00,-12.00,-69.00,-41.00,35.00,-3.00,-170.00,31.00,148.00,-10.00,36.00,-49.00,18.00,-24.00,-106.00,-108.00,-107.00,126.00,-8.00,5.00,-91.00,-36.00,230.00,54.00,-6.00,-230.00,-7.00,221.00,0.00,4.00,-131.00,-16.00,112.00,-12.00,-1.00,17.00,-13.00,-7.00,26.00,3.00,-9.00,-205.00,-1.00,197.00,0.00
0.00,-1.00,3.00,1.00,-3.00,-2.00,3.00,0.00,1.00,3.00,-2.00,-3.00,0.00,2.00,0.00,2.00,1.00,-2.00,1.00,2.00,0.00,0.00,1.00,1.00,2.00,3.00,1.00,-1.00,-2.00,25.00,32.00,-15.00,-26.00,-5.00,-1.00,2.00,-3.00,-13.00,-5.00,2.00,1.00,2.00,0.00,-1.00,1.00,-57.00,-72.00,-101.00,-47.00,-58.00,-101.00,-24.00,59.00,-24.00,42.00,62.00,63.00,205.00,58.00,1.00,2.00,0.00,-1.00,0.00,-1.00,0.00,1.00,-1.00,-2.00,-2.00,-1.00,1.00,2.00,-2.00,0.00,4.00,-3.00,-4.00,0.00,3.00,0.00,-3.00,3.00,3.00,5.00,13.00,6.00,1.00,2.00,-1.00,-4.00,-6.00,0.00,0.00,-7.00,-6.00,2.00,5.00,1.00,0.00,-3.00,-3.00,-1.00,-2.00,0.00,-3.00,0.00,2.00,-155.00,-171.00,-69.00,19.00,113.00,110.00,124.00,22.00,-18.00,-62.00,-118.00,-91.00,97.00,37.00,-149.00,-30.00,7.00,-35.00,54.00,93.00,83.00,75.00,38.00,-37.00,-34.00,-78.00,-84.00,-13.00,-59.00,14.00,16.00,-8.00,2.00,7.00,48.00,-30.00,-49.00,57.00,-6.00,-3.00,28.00,116.00,123.00,-8.00,-20.00,-5.00,6.00,-87.00,-78.00,-6.00,-18.00,22.00,37.00,-176.00,2.00,177.00,-38.00,38.00,0.00,-79.00,-76.00,10.00,-147.00,-55.00,225.00,0.00,-8.00,-151.00,17.00,218.00,-10.00,-7.00,-249.00,-10.00,241.00,-1.00,-1.00,-89.00,-16.00,70.00,-11.00,-1.00,14.00,-3.00,-3.00,19.00,4.00,-9.00,-209.00,-4.00,202.00,0.00
0.00,0.00,1.00,0.00,-1.00,-1.00,2.00,1.00,1.00,1.00,0.00,-2.00,-1.00,2.00,1.00,2.00,-1.00,0.00,2.00,1.00,1.00,0.00,0.00,0.00,1.00,4.00,3.00,0.00,0.00,28.00,21.00,-24.00,-18.00,0.00,0.00,1.00,0.00,-10.00,-8.00,1.00,1.00,-1.00,0.00,1.00,-20.00,-83.00,-6.00,12.00,-60.00,-137.00,-97.00,-34.00,-28.00,-14.00,110.00,59.00,-80.00,201.00,183.00,0.00,4.00,0.00,-2.00,-1.00,-2.00,0.00,1.00,-1.00,-1.00,-1.00,-2.00,1.00,1.00,-2.00,1.00,3.00,-1.00,-3.00,-2.00,2.00,1.00,-1.00,1.00,2.00,10.00,13.00,5.00,0.00,0.00,-1.00,-4.00,-5.00,-1.00,-1.00,-4.00,-4.00,-2.00,1.00,2.00,1.00,-4.00,-2.00,1.00,-1.00,-1.00,-5.00,0.00,2.00,-149.00,-116.00,-15.00,24.00,163.00,82.00,16.00,-64.00,-133.00,-82.00,-56.00,-9.00,144.00,27.00,-145.00,-33.00,9.00,15.00,135.00,146.00,-4.00,-33.00,12.00,-49.00,-92.00,-75.00,-38.00,29.00,1.00,-6.00,3.00,-6.00,1.00,16.00,40.00,-34.00,-13.00,154.00,-3.00,-4.00,104.00,8.00,-24.00,-50.00,-53.00,-35.00,16.00,-31.00,-34.00,25.00,2.00,4.00,21.00,-199.00,-1.00,194.00,-63.00,38.00,43.00,-125.00,-114.00,43.00,-167.00,4.00,276.00,18.00,-20.00,-209.00,44.00,223.00,-30.00,-12.00,-244.00,-9.00,238.00,-4.00,-3.00,-53.00,-16.00,34.00,-9.00,4.00,14.00,-1.00,-2.00,15.00,3.00,-8.00,-213.00,-34.00,184.00,0.00
0.00,3.00,1.00,-1.00,0.00,0.00,2.00,1.00,-1.00,1.00,2.00,-2.00,0.00,2.00,0.00,1.00,-1.00,2.00,2.00,1.00,2.00,-1.00,0.00,1.00,1.00,3.00,4.00,1.00,0.00,25.00,7.00,-25.00,-6.00,3.00,1.00,1.00,1.00,-3.00,-4.00,0.00,-1.00,-5.00,0.00,1.00,-45.00,-66.00,-120.00,-13.00,34.00,-134.00,-67.00,-1.00,-89.00,-43.00,101.00,45.00,-32.00,168.00,219.00,47.00,2.00,0.00,-2.00,-3.00,-1.00,1.00,-1.00,0.00,0.00,0.00,-1.00,1.00,1.00,-2.00,1.00,1.00,0.00,-2.00,-4.00,2.00,3.00,0.00,-1.00,-1.00,10.00,12.00,5.00,2.00,-1.00,-2.00,-3.00,-3.00,-2.00,-3.00,-1.00,-1.00,-4.00,-2.00,1.00,1.00,-4.00,-2.00,2.00,0.00,-2.00,-6.00,0.00,2.00,-95.00,-7.00,61.00,8.00,30.00,-91.00,-14.00,-63.00,-153.00,-37.00,-1.00,27.00,130.00,16.00,-125.00,21.00,59.00,76.00,87.00,34.00,-91.00,-128.00,0.00,2.00,-43.00,1.00,4.00,6.00,2.00,-8.00,5.00,-13.00,32.00,81.00,21.00,-39.00,64.00,138.00,-52.00,-42.00,75.00,-79.00,-110.00,-16.00,-16.00,-15.00,24.00,17.00,-6.00,8.00,4.00,0.00,3.00,-180.00,-1.00,170.00,-86.00,32.00,64.00,-79.00,-96.00,-32.00,-190.00,19.00,287.00,39.00,-21.00,-202.00,55.00,222.00,-38.00,-13.00,-240.00,-5.00,233.00,-7.00,1.00,-9.00,-18.00,-12.00,-6.00,8.00,11.00,-1.00,-5.00,-38.00,-39.00,2.00,-171.00,-56.00,166.00,0.00
0.00,4.00,2.00,0.00,-1.00,1.00,2.00,-1.00,-1.00,1.00,1.00,0.00,2.00,2.00,-1.00,0.00,1.00,1.00,1.00,2.00,1.00,-2.00,0.00,3.00,3.00,1.00,3.00,3.00,0.00,11.00,2.00,-11.00,-2.00,1.00,3.00,2.00,-1.00,1.00,2.00,0.00,-1.00,-4.00,0.00,-47.00,-85.00,-48.00,-219.00,-46.00,149.00,-108.00,-73.00,46.00,-93.00,-64.00,65.00,92.00,95.00,52.00,159.00,122.00,-1.00,0.00,-2.00,-3.00,1.00,2.00,-1.00,-1.00,-1.00,0.00,0.00,2.00,2.00,-1.00,-1.00,0.00,0.00,-3.00,-2.00,2.00,3.00,0.00,-3.00,-1.00,8.00,12.00,6.00,1.00,-3.00,-2.00,-1.00,-2.00,-3.00,-3.00,1.00,-1.00,-3.00,-1.00,0.00,0.00,-3.00,-3.00,0.00,0.00,-2.00,-5.00,0.00,1.00,-5.00,-23.00,-47.00,11.00,-66.00,-147.00,95.00,-16.00,-146.00,-50.00,-4.00,63.00,146.00,58.00,-80.00,78.00,54.00,44.00,-55.00,-133.00,-46.00,-57.00,3.00,27.00,0.00,5.00,-2.00,6.00,5.00,-14.00,-8.00,31.00,115.00,123.00,19.00,-67.00,11.00,26.00,-110.00,-87.00,29.00,-9.00,-47.00,5.00,9.00,-2.00,27.00,22.00,-6.00,1.00,-4.00,0.00,0.00,-128.00,-4.00,112.00,-28.00,60.00,43.00,-49.00,-62.00,-55.00,-257.00,-39.00,285.00,60.00,-18.00,-175.00,55.00,204.00,-37.00,-20.00,-245.00,2.00,238.00,-9.00,2.00,10.00,-18.00,-31.00,0.00,-39.00,-11.00,4.00,-41.00,-98.00,-32.00,62.00,-77.00,-15.00,151.00,0.00
0.00,3.00,1.00,-2.00,-1.00,2.00,2.00,-1.00,0.00,-1.00,0.00,3.00,1.00,2.00,1.00,0.00,2.00,0.00,0.00,2.00,1.00,-1.00,-1.00,4.00,3.00,-1.00,2.00,4.00,0.00,2.00,2.00,-1.00,-1.00,0.00,3.00,1.00,-1.00,3.00,3.00,0.00,1.00,-2.00,0.00,-161.00,-163.00,-61.00,-67.00,35.00,69.00,-51.00,-121.00,-44.00,-44.00,21.00,114.00,130.00,38.00,-43.00,116.00,169.00,52.00,1.00,-2.00,-2.00,2.00,1.00,0.00,0.00,-2.00,-1.00,0.00,1.00,1.00,0.00,-1.00,0.00,0.00,-3.00,0.00,2.00,3.00,0.00,-5.00,1.00,9.00,10.00,4.00,0.00,-3.00,-2.00,-1.00,-3.00,-4.00,0.00,2.00,-2.00,-1.00,0.00,0.00,-1.00,-2.00,-3.00,-3.00,-1.00,-2.00,-4.00,0.00,0.00,-12.00,-137.00,-186.00,20.00,23.00,-52.00,172.00,-3.00,-167.00,-54.00,58.00,117.00,130.00,51.00,-83.00,33.00,-39.00,54.00,-59.00,-191.00,6.00,9.00,8.00,11.00,-2.00,2.00,-9.00,2.00,52.00,30.00,-16.00,89.00,106.00,14.00,-7.00,-96.00,-70.00,-21.00,-63.00,-37.00,23.00,36.00,8.00,-3.00,-1.00,2.00,28.00,20.00,-12.00,-5.00,-11.00,38.00,33.00,-51.00,14.00,40.00,52.00,89.00,5.00,-41.00,-47.00,-7.00,-348.00,-194.00,269.00,87.00,-11.00,-135.00,52.00,163.00,-36.00,-22.00,-230.00,5.00,224.00,-11.00,1.00,2.00,7.00,-51.00,-61.00,-102.00,16.00,67.00,-75.00,-61.00,61.00,94.00,-22.00,25.00,87.00,0.00
0.00,1.00,0.00,-2.00,1.00,0.00,1.00,0.00,1.00,-1.00,0.00,3.00,0.00,2.00,0.00,0.00,2.00,0.00,1.00,2.00,3.00,1.00,-2.00,4.00,2.00,-3.00,1.00,4.00,1.00,2.00,1.00,1.00,2.00,0.00,1.00,0.00,0.00,4.00,1.00,-1.00,2.00,-1.00,1.00,-245.00,-198.00,-19.00,27.00,20.00,23.00,26.00,-191.00,-132.00,43.00,64.00,73.00,111.00,-50.00,-45.00,89.00,214.00,178.00,2.00,-2.00,-2.00,1.00,0.00,0.00,2.00,-1.00,-2.00,0.00,0.00,1.00,0.00,-1.00,0.00,0.00,-2.00,0.00,3.00,6.00,0.00,-6.00,3.00,8.00,5.00,1.00,0.00,-2.00,-2.00,-2.00,-5.00,-2.00,3.00,0.00,-2.00,1.00,0.00,-1.00,-2.00,-3.00,-2.00,-4.00,-3.00,-1.00,-3.00,0.00,0.00,-102.00,-172.00,-162.00,5.00,91.00,6.00,176.00,-14.00,-122.00,31.00,127.00,122.00,42.00,-93.00,-177.00,-1.00,-35.00,142.00,-9.00,-188.00,15.00,10.00,2.00,8.00,-5.00,49.00,45.00,-2.00,93.00,90.00,3.00,-6.00,-51.00,-86.00,-37.00,-42.00,-30.00,-22.00,-18.00,11.00,16.00,31.00,12.00,-4.00,1.00,6.00,18.00,-7.00,-32.00,-3.00,59.00,139.00,66.00,-7.00,26.00,-4.00,-29.00,2.00,-37.00,-41.00,65.00,57.00,-412.00,-303.00,253.00,136.00,-8.00,-86.00,39.00,104.00,-27.00,-14.00,-207.00,-23.00,171.00,5.00,-2.00,-56.00,75.00,6.00,-127.00,-87.00,66.00,126.00,-38.00,-11.00,63.00,36.00,-24.00,22.00,-7.00,0.00
0.00,0.00,0.00,0.00,1.00,-1.00,0.00,0.00,2.00,0.00,0.00,1.00,1.00,2.00,-3.00,1.00,2.00,0.00,2.00,1.00,3.00,2.00,-1.00,3.00,3.00,-1.00,-1.00,2.00,3.00,2.00,0.00,2.00,3.00,0.00,0.00,0.00,0.00,4.00,1.00,-2.00,1.00,0.00,1.00,-262.00,-187.00,28.00,-29.00,-32.00,85.00,44.00,-200.00,-126.00,72.00,37.00,-56.00,54.00,-30.00,20.00,82.00,232.00,258.00,1.00,-1.00,-1.00,0.00,0.00,0.00,1.00,0.00,-1.00,0.00,-1.00,2.00,1.00,-2.00,0.00,0.00,-2.00,0.00,6.00,8.00,0.00,-5.00,3.00,4.00,0.00,0.00,0.00,-2.00,-3.00,-2.00,-4.00,0.00,3.00,-2.00,-3.00,2.00,1.00,-2.00,-2.00,-3.00,-2.00,-5.00,-4.00,0.00,-1.00,0.00,0.00,-146.00,-160.00,-114.00,-5.00,155.00,67.00,100.00,-32.00,-14.00,70.00,25.00,13.00,71.00,-115.00,-248.00,11.00,2.00,169.00,-5.00,-182.00,15.00,25.00,-9.00,40.00,56.00,102.00,103.00,-53.00,-13.00,52.00,20.00,-102.00,-124.00,-52.00,-19.00,15.00,13.00,-28.00,-24.00,10.00,20.00,34.00,13.00,-5.00,-22.00,17.00,11.00,8.00,12.00,6.00,139.00,155.00,38.00,-81.00,-59.00,-11.00,-127.00,-80.00,-69.00,-49.00,217.00,101.00,-409.00,-278.00,242.00,184.00,-8.00,-40.00,24.00,48.00,-49.00,10.00,-161.00,-112.00,133.00,81.00,-3.00,-106.00,103.00,122.00,-61.00,-46.00,17.00,63.00,5.00,3.00,-36.00,-55.00,-30.00,5.00,-16.00,0.00
0.00,1.00,-1.00,-2.00,1.00,1.00,0.00,-1.00,1.00,1.00,0.00,0.00,3.00,1.00,-4.00,2.00,1.00,0.00,3.00,0.00,1.00,3.00,0.00,0.00,4.00,3.00,-1.00,1.00,3.00,1.00,1.00,1.00,1.00,0.00,-1.00,1.00,1.00,3.00,2.00,-1.00,0.00,1.00,-3.00,-262.00,-180.00,44.00,-58.00,-27.00,88.00,16.00,-200.00,-107.00,117.00,19.00,-76.00,17.00,-43.00,67.00,96.00,228.00,256.00,1.00,0.00,0.00,-1.00,0.00,1.00,-1.00,0.00,1.00,0.00,-3.00,1.00,3.00,-1.00,1.00,0.00,-2.00,0.00,7.00,6.00,0.00,-2.00,1.00,1.00,-3.00,-1.00,1.00,-1.00,-4.00,-2.00,-1.00,0.00,1.00,-1.00,-4.00,1.00,3.00,-1.00,-2.00,-2.00,-3.00,-6.00,-3.00,0.00,0.00,-1.00,-1.00,-148.00,-167.00,-47.00,61.00,212.00,111.00,-53.00,-75.00,13.00,5.00,-84.00,-74.00,202.00,-17.00,-257.00,14.00,-6.00,153.00,-11.00,-175.00,68.00,87.00,-18.00,74.00,67.00,2.00,61.00,-94.00,-115.00,4.00,25.00,-53.00,-56.00,-11.00,0.00,17.00,16.00,-26.00,-25.00,8.00,26.00,21.00,7.00,0.00,-3.00,85.00,22.00,54.00,80.00,1.00,35.00,-25.00,-17.00,-84.00,-122.00,-63.00,-84.00,-45.00,-52.00,-26.00,200.00,52.00,-324.00,-177.00,231.00,208.00,6.00,6.00,-29.00,-53.00,-57.00,83.00,-57.00,-148.00,119.00,133.00,11.00,-73.00,44.00,101.00,-2.00,-31.00,-75.00,-60.00,8.00,26.00,-58.00,-80.00,-15.00,-1.00,57.00,0.00
0.00,2.00,-2.00,-3.00,2.00,1.00,1.00,-2.00,-1.00,2.00,0.00,0.00,3.00,1.00,-2.00,1.00,0.00,0.00,3.00,0.00,0.00,4.00,1.00,-1.00,3.00,2.00,0.00,3.00,2.00,-1.00,2.00,1.00,-1.00,0.00,-1.00,2.00,2.00,1.00,1.00,0.00,0.00,3.00,-7.00,-254.00,-173.00,57.00,-74.00,-26.00,68.00,-15.00,-174.00,-97.00,122.00,10.00,-7.00,20.00,-93.00,70.00,91.00,230.00,247.00,2.00,0.00,-1.00,-2.00,0.00,2.00,-1.00,1.00,4.00,1.00,-6.00,-2.00,3.00,0.00,4.00,1.00,-2.00,0.00,4.00,2.00,0.00,1.00,0.00,0.00,-3.00,-3.00,1.00,0.00,-3.00,-2.00,-1.00,0.00,0.00,1.00,-2.00,-1.00,2.00,-1.00,-1.00,-1.00,-5.00,-6.00,-1.00,1.00,-1.00,-3.00,-2.00,-156.00,-124.00,97.00,132.00,115.00,-16.00,-104.00,-102.00,-66.00,2.00,-44.00,-61.00,255.00,14.00,-256.00,12.00,30.00,137.00,2.00,-100.00,115.00,114.00,-17.00,-14.00,-90.00,-107.00,25.00,-31.00,-62.00,4.00,19.00,-7.00,-11.00,-9.00,-2.00,14.00,19.00,-21.00,-9.00,20.00,44.00,45.00,7.00,3.00,65.00,123.00,-28.00,-3.00,14.00,-54.00,-80.00,-150.00,-48.00,106.00,-42.00,-161.00,-8.00,-13.00,-48.00,16.00,80.00,-20.00,-199.00,-101.00,231.00,158.00,-18.00,90.00,-41.00,-139.00,0.00,124.00,20.00,-56.00,63.00,65.00,11.00,-54.00,-50.00,0.00,-6.00,-22.00,-78.00,-76.00,8.00,34.00,29.00,5.00,-2.00,3.00,46.00,0.00
0.00,1.00,-1.00,-1.00,1.00,0.00,2.00,-1.00,-2.00,1.00,0.00,-1.00,1.00,3.00,2.00,1.00,-1.00,0.00,1.00,0.00,1.00,2.00,2.00,1.00,2.00,1.00,0.00,2.00,2.00,0.00,1.00,2.00,-1.00,0.00,1.00,1.00,1.00,0.00,0.00,0.00,0.00,4.00,-7.00,-229.00,-169.00,38.00,-90.00,-27.00,50.00,-26.00,-32.00,-71.00,-6.00,-1.00,31.00,14.00,-111.00,74.00,90.00,226.00,247.00,1.00,0.00,-3.00,1.00,14.00,9.00,-6.00,-8.00,0.00,3.00,-7.00,-6.00,1.00,2.00,5.00,2.00,-1.00,0.00,1.00,0.00,-1.00,0.00,1.00,1.00,-1.00,-3.00,-2.00,0.00,-2.00,-4.00,-1.00,1.00,0.00,2.00,0.00,-3.00,-1.00,-3.00,0.00,1.00,-6.00,-6.00,1.00,2.00,-3.00,-3.00,-1.00,-118.00,-66.00,67.00,71.00,31.00,-119.00,44.00,-47.00,-177.00,28.00,-3.00,-34.00,253.00,28.00,-270.00,39.00,137.00,93.00,26.00,-45.00,-7.00,55.00,0.00,-112.00,-146.00,-49.00,11.00,11.00,-3.00,2.00,15.00,-4.00,-9.00,-14.00,-7.00,14.00,20.00,45.00,64.00,28.00,59.00,90.00,7.00,-53.00,-7.00,14.00,-115.00,-65.00,-51.00,-86.00,-35.00,-76.00,-35.00,219.00,21.00,-206.00,42.00,-16.00,-84.00,118.00,32.00,-125.00,-127.00,-11.00,237.00,53.00,-72.00,115.00,35.00,-76.00,24.00,62.00,2.00,2.00,-20.00,-61.00,-9.00,-43.00,-77.00,-23.00,12.00,-3.00,9.00,25.00,9.00,16.00,45.00,31.00,-5.00,0.00,1.00,0.00
0.00,0.00,-1.00,-1.00,1.00,0.00,0.00,1.00,0.00,-1.00,0.00,-2.00,0.00,3.00,3.00,3.00,-2.00,0.00,1.00,1.00,2.00,0.00,2.00,2.00,2.00,1.00,-1.00,0.00,2.00,3.00,0.00,1.00,1.00,0.00,1.00,0.00,0.00,0.00,0.00,0.00,1.00,4.00,-27.00,-205.00,-145.00,15.00,-92.00,-41.00,26.00,-23.00,117.00,-15.00,-173.00,-26.00,78.00,-16.00,-143.00,91.00,119.00,221.00,244.00,0.00,0.00,4.00,14.00,33.00,17.00,-21.00,-30.00,-12.00,4.00,-3.00,-8.00,0.00,6.00,3.00,1.00,0.00,-1.00,0.00,0.00,-1.00,-1.00,1.00,2.00,0.00,-3.00,-4.00,1.00,-2.00,-6.00,1.00,3.00,0.00,1.00,-2.00,-5.00,-2.00,-2.00,0.00,0.00,-5.00,-5.00,2.00,2.00,-4.00,-2.00,1.00,-65.00,-110.00,-119.00,-2.00,62.00,-52.00,198.00,4.00,-228.00,7.00,-8.00,-5.00,239.00,77.00,-211.00,77.00,115.00,3.00,11.00,-109.00,-110.00,28.00,27.00,-77.00,-66.00,7.00,4.00,2.00,-10.00,-1.00,17.00,-4.00,14.00,33.00,24.00,17.00,12.00,112.00,107.00,14.00,-9.00,-20.00,-22.00,-80.00,-87.00,-102.00,-119.00,-27.00,-23.00,-35.00,7.00,-11.00,-14.00,213.00,16.00,-202.00,76.00,-16.00,-109.00,256.00,31.00,-279.00,-68.00,95.00,195.00,29.00,-49.00,24.00,27.00,9.00,-13.00,-44.00,-42.00,5.00,-31.00,-99.00,-13.00,-1.00,-4.00,29.00,25.00,14.00,25.00,47.00,11.00,5.00,9.00,-2.00,-9.00,-8.00,1.00,0.00
0.00,1.00,-1.00,-3.00,2.00,1.00,-3.00,1.00,2.00,-2.00,0.00,0.00,0.00,0.00,2.00,4.00,-1.00,0.00,3.00,2.00,0.00,1.00,3.00,2.00,1.00,-1.00,-2.00,0.00,2.00,3.00,0.00,0.00,1.00,0.00,0.00,0.00,0.00,0.00,1.00,1.00,2.00,4.00,-99.00,-200.00,-70.00,17.00,-97.00,-64.00,11.00,-11.00,158.00,2.00,-262.00,-27.00,130.00,-51.00,-144.00,125.00,138.00,132.00,239.00,81.00,9.00,21.00,23.00,26.00,9.00,-35.00,-41.00,-13.00,6.00,2.00,-8.00,0.00,6.00,1.00,1.00,1.00,-2.00,-1.00,7.00,8.00,-4.00,-2.00,2.00,-6.00,-8.00,-4.00,2.00,-1.00,-5.00,1.00,4.00,1.00,-1.00,-4.00,-4.00,-2.00,-1.00,0.00,-2.00,-4.00,-3.00,1.00,2.00,-3.00,-1.00,4.00,-109.00,-165.00,-134.00,-4.00,78.00,3.00,239.00,7.00,-175.00,32.00,-16.00,26.00,158.00,45.00,-118.00,49.00,-32.00,-21.00,-10.00,-142.00,-46.00,39.00,41.00,-28.00,-33.00,-2.00,27.00,3.00,-38.00,60.00,16.00,-9.00,88.00,84.00,62.00,18.00,-22.00,2.00,18.00,11.00,-83.00,-139.00,-38.00,-5.00,-11.00,-128.00,-109.00,11.00,-3.00,1.00,-13.00,-9.00,4.00,205.00,15.00,-193.00,91.00,-17.00,-121.00,277.00,22.00,-270.00,10.00,85.00,117.00,52.00,-36.00,-62.00,-31.00,34.00,-8.00,-92.00,-78.00,21.00,66.00,-15.00,-5.00,11.00,17.00,28.00,22.00,12.00,-16.00,9.00,17.00,7.00,11.00,-4.00,-12.00,-11.00,0.00,0.00
0.00,3.00,1.00,-3.00,0.00,3.00,-2.00,-2.00,1.00,-1.00,0.00,2.00,0.00,-2.00,2.00,3.00,1.00,0.00,3.00,2.00,-2.00,2.00,3.00,1.00,0.00,0.00,-1.00,0.00,2.00,0.00,-1.00,0.00,0.00,1.00,1.00,-1.00,0.00,1.00,2.00,2.00,2.00,4.00,-171.00,-203.00,6.00,32.00,-114.00,-71.00,14.00,-10.00,141.00,-16.00,-248.00,-25.00,156.00,-56.00,-152.00,150.00,139.00,-32.00,235.00,246.00,28.00,24.00,9.00,9.00,-1.00,-40.00,-39.00,-5.00,10.00,4.00,-5.00,2.00,2.00,-3.00,0.00,2.00,3.00,5.00,21.00,17.00,-13.00,-4.00,0.00,-19.00,-15.00,-3.00,0.00,-2.00,-2.00,0.00,3.00,2.00,-4.00,-4.00,0.00,-1.00,-3.00,1.00,-1.00,-6.00,-2.00,1.00,2.00,0.00,4.00,6.00,-161.00,-168.00,-72.00,3.00,69.00,-10.00,175.00,59.00,-10.00,77.00,-24.00,-20.00,6.00,-54.00,-122.00,-4.00,-27.00,72.00,-16.00,-130.00,8.00,36.00,44.00,-22.00,-32.00,-9.00,78.00,30.00,-35.00,150.00,4.00,-14.00,117.00,-20.00,44.00,7.00,-102.00,-105.00,-56.00,12.00,-49.00,-64.00,-23.00,26.00,49.00,-129.00,-120.00,20.00,-2.00,-2.00,-32.00,-2.00,23.00,180.00,20.00,-181.00,82.00,14.00,-78.00,128.00,4.00,-19.00,5.00,-77.00,48.00,62.00,-39.00,-80.00,-26.00,44.00,48.00,-34.00,-109.00,11.00,123.00,19.00,-2.00,13.00,-9.00,-8.00,21.00,7.00,-22.00,0.00,18.00,9.00,12.00,-6.00,-16.00,-10.00,1.00,0.00
0.00,3.00,1.00,-1.00,-2.00,3.00,2.00,-3.00,-1.00,0.00,1.00,1.00,0.00,0.00,1.00,0.00,2.00,1.00,1.00,2.00,-1.00,2.00,2.00,0.00,0.00,2.00,-1.00,0.00,3.00,-2.00,-2.00,0.00,-1.00,1.00,3.00,-1.00,0.00,2.00,1.00,2.00,3.00,3.00,-193.00,-209.00,32.00,44.00,-138.00,-57.00,24.00,-23.00,141.00,-18.00,-225.00,-45.00,222.00,-43.00,-225.00,154.00,136.00,-98.00,240.00,330.00,38.00,11.00,-9.00,-1.00,-2.00,-32.00,-35.00,-2.00,10.00,0.00,1.00,7.00,1.00,-8.00,-3.00,1.00,12.00,22.00,23.00,11.00,-15.00,-4.00,-4.00,-22.00,-17.00,-6.00,-6.00,-5.00,0.00,-2.00,0.00,0.00,-6.00,-4.00,0.00,1.00,-1.00,3.00,1.00,-8.00,-3.00,4.00,5.00,2.00,7.00,4.00,-163.00,-169.00,-75.00,15.00,119.00,13.00,44.00,124.00,87.00,-36.00,-38.00,-57.00,-53.00,-34.00,-110.00,-32.00,17.00,123.00,-19.00,-122.00,8.00,31.00,40.00,34.00,-33.00,-6.00,174.00,56.00,-3.00,120.00,-62.00,-83.00,41.00,-110.00,18.00,-4.00,-139.00,-51.00,-27.00,11.00,-5.00,14.00,-11.00,9.00,48.00,-128.00,-117.00,19.00,0.00,7.00,-32.00,-9.00,70.00,158.00,-6.00,-82.00,91.00,50.00,14.00,-102.00,-20.00,202.00,-150.00,-205.00,49.00,53.00,12.00,-35.00,5.00,34.00,40.00,2.00,-103.00,-1.00,96.00,-5.00,-3.00,22.00,-8.00,-13.00,21.00,4.00,-20.00,0.00,15.00,3.00,10.00,-5.00,-16.00,-9.00,0.00,0.00
0.00,1.00,1.00,0.00,-1.00,1.00,3.00,-1.00,-2.00,0.00,2.00,1.00,0.00,1.00,0.00,-2.00,1.00,2.00,1.00,2.00,0.00,2.00,2.00,0.00,0.00,1.00,-2.00,0.00,3.00,-1.00,0.00,1.00,-3.00,-2.00,3.00,1.00,1.00,2.00,0.00,3.00,4.00,2.00,-209.00,-205.00,52.00,33.00,-159.00,-43.00,27.00,-24.00,149.00,-7.00,-237.00,-64.00,296.00,-34.00,-268.00,143.00,127.00,-78.00,250.00,329.00,31.00,1.00,-14.00,-8.00,-2.00,-18.00,-24.00,-2.00,2.00,-6.00,4.00,13.00,5.00,-10.00,-2.00,2.00,14.00,29.00,14.00,2.00,-9.00,-4.00,-4.00,-13.00,-16.00,-15.00,-13.00,-6.00,-2.00,-6.00,-1.00,-1.00,-7.00,-3.00,0.00,4.00,3.00,1.00,-1.00,-5.00,-1.00,5.00,7.00,0.00,2.00,-1.00,-104.00,-120.00,-80.00,26.00,163.00,6.00,-40.00,84.00,-19.00,-176.00,-40.00,20.00,17.00,26.00,-72.00,-46.00,0.00,112.00,-20.00,-113.00,67.00,61.00,25.00,121.00,-25.00,-5.00,166.00,14.00,-46.00,-6.00,-102.00,-142.00,-6.00,-44.00,-2.00,-10.00,-68.00,0.00,3.00,11.00,0.00,17.00,-10.00,9.00,49.00,-122.00,-121.00,4.00,23.00,66.00,-23.00,19.00,182.00,118.00,-51.00,48.00,91.00,27.00,48.00,-227.00,-21.00,155.00,-356.00,-154.00,142.00,14.00,18.00,4.00,25.00,28.00,6.00,-17.00,-80.00,4.00,66.00,-8.00,-3.00,25.00,-8.00,-18.00,19.00,3.00,-16.00,7.00,11.00,-7.00,8.00,-5.00,-12.00,-5.00,-3.00,0.00
0.00,0.00,1.00,0.00,1.00,0.00,1.00,1.00,-2.00,0.00,1.00,2.00,1.00,-1.00,-1.00,-1.00,1.00,1.00,3.00,3.00,-2.00,0.00,1.00,1.00,1.00,0.00,0.00,-1.00,1.00,1.00,2.00,2.00,-3.00,-3.00,1.00,1.00,2.00,3.00,1.00,3.00,3.00,3.00,-197.00,-181.00,47.00,6.00,-174.00,-44.00,28.00,-15.00,144.00,6.00,-236.00,-75.00,294.00,-26.00,-244.00,125.00,122.00,-69.00,258.00,326.00,16.00,-4.00,-12.00,-8.00,-2.00,-9.00,-11.00,-3.00,-7.00,-5.00,7.00,16.00,8.00,-10.00,-1.00,7.00,10.00,21.00,10.00,0.00,-4.00,-4.00,-3.00,-10.00,-16.00,-17.00,-14.00,-6.00,-4.00,-7.00,1.00,1.00,-7.00,-3.00,2.00,9.00,2.00,-5.00,-4.00,-1.00,1.00,0.00,3.00,-3.00,-3.00,-5.00,0.00,-20.00,-98.00,-33.00,87.00,-69.00,-15.00,24.00,-117.00,-139.00,-19.00,75.00,44.00,32.00,-53.00,-54.00,10.00,114.00,32.00,-61.00,116.00,85.00,17.00,50.00,-50.00,-6.00,27.00,-30.00,-108.00,-76.00,-38.00,-60.00,8.00,-6.00,-21.00,-16.00,-10.00,5.00,6.00,9.00,-1.00,14.00,-11.00,12.00,36.00,-45.00,-95.00,6.00,108.00,108.00,-10.00,73.00,196.00,30.00,-58.00,-13.00,24.00,-4.00,-15.00,-172.00,5.00,9.00,-406.00,-49.00,206.00,7.00,-1.00,2.00,24.00,28.00,4.00,-20.00,-57.00,3.00,37.00,-9.00,-2.00,23.00,-8.00,-17.00,18.00,2.00,-13.00,3.00,5.00,-5.00,9.00,-5.00,-10.00,-4.00,-5.00,0.00
0.00,1.00,-1.00,-1.00,2.00,1.00,0.00,2.00,-2.00,0.00,1.00,1.00,1.00,-1.00,-2.00,0.00,3.00,1.00,2.00,3.00,-3.00,-3.00,0.00,3.00,1.00,0.00,2.00,-3.00,1.00,3.00,1.00,1.00,0.00,0.00,-1.00,0.00,2.00,3.00,2.00,2.00,2.00,3.00,-137.00,-149.00,-10.00,-13.00,-172.00,-49.00,21.00,-24.00,130.00,23.00,-217.00,-75.00,239.00,-33.00,-185.00,119.00,117.00,-65.00,264.00,316.00,3.00,-5.00,-7.00,-3.00,-2.00,-3.00,1.00,-6.00,-12.00,5.00,12.00,7.00,2.00,-7.00,-1.00,9.00,9.00,16.00,9.00,0.00,-1.00,-5.00,-8.00,-13.00,-13.00,-11.00,-10.00,-5.00,-3.00,-4.00,2.00,2.00,-4.00,-6.00,-1.00,11.00,-3.00,-8.00,-1.00,-2.00,-3.00,-7.00,-3.00,-4.00,-4.00,-4.00,-21.00,-15.00,-105.00,-98.00,23.00,-54.00,78.00,18.00,-125.00,-86.00,-6.00,78.00,14.00,12.00,-18.00,23.00,75.00,78.00,86.00,25.00,-10.00,-24.00,12.00,-67.00,-76.00,10.00,-37.00,-30.00,-69.00,-34.00,8.00,14.00,19.00,-22.00,-21.00,-18.00,-4.00,6.00,3.00,17.00,-15.00,27.00,18.00,57.00,59.00,55.00,-34.00,20.00,149.00,46.00,-45.00,-12.00,52.00,7.00,-34.00,-133.00,31.00,-12.00,-124.00,-69.00,79.00,-58.00,-364.00,16.00,206.00,31.00,0.00,-5.00,19.00,27.00,3.00,-13.00,-30.00,-7.00,10.00,-5.00,-1.00,18.00,-8.00,-13.00,17.00,-2.00,-14.00,-8.00,0.00,8.00,13.00,-5.00,-9.00,-4.00,-4.00,0.00
0.00,3.00,-1.00,-3.00,0.00,2.00,1.00,1.00,-1.00,0.00,2.00,1.00,-1.00,0.00,-1.00,0.00,4.00,2.00,-1.00,1.00,0.00,-3.00,0.00,3.00,-1.00,0.00,1.00,-2.00,3.00,3.00,0.00,0.00,3.00,2.00,-2.00,1.00,2.00,1.00,1.00,3.00,3.00,1.00,-101.00,-121.00,-50.00,-20.00,-156.00,-49.00,11.00,-55.00,105.00,42.00,-170.00,-69.00,166.00,-48.00,-122.00,124.00,105.00,-56.00,263.00,299.00,-4.00,-3.00,-2.00,4.00,3.00,1.00,6.00,-10.00,-16.00,14.00,14.00,-8.00,-3.00,0.00,-1.00,6.00,11.00,16.00,9.00,1.00,-3.00,-9.00,-13.00,-13.00,-9.00,-7.00,-7.00,-4.00,0.00,0.00,3.00,2.00,-4.00,-8.00,-4.00,4.00,-7.00,-6.00,1.00,-4.00,-4.00,-9.00,-8.00,-3.00,-7.00,-6.00,-124.00,-103.00,-70.00,-50.00,48.00,-10.00,131.00,19.00,-129.00,-89.00,33.00,78.00,13.00,40.00,3.00,119.00,115.00,-45.00,-44.00,0.00,-113.00,-99.00,23.00,-22.00,-22.00,21.00,-14.00,-29.00,-22.00,13.00,8.00,16.00,23.00,-26.00,-16.00,-18.00,-16.00,4.00,20.00,87.00,31.00,41.00,35.00,91.00,104.00,37.00,-46.00,-50.00,33.00,-2.00,-77.00,-116.00,-35.00,56.00,-1.00,-109.00,126.00,-16.00,-185.00,-28.00,181.00,-96.00,-400.00,46.00,196.00,51.00,-2.00,-6.00,18.00,28.00,7.00,-7.00,-14.00,-13.00,-7.00,-2.00,2.00,13.00,-10.00,-12.00,14.00,-4.00,-17.00,-35.00,0.00,37.00,12.00,-46.00,-42.00,11.00,9.00,0.00
0.00,3.00,1.00,-5.00,-4.00,2.00,2.00,1.00,1.00,-1.00,0.00,2.00,0.00,0.00,0.00,0.00,3.00,1.00,-1.00,0.00,0.00,0.00,1.00,1.00,0.00,0.00,0.00,1.00,3.00,2.00,0.00,0.00,5.00,2.00,-1.00,1.00,1.00,1.00,0.00,3.00,3.00,1.00,-153.00,-98.00,-3.00,-19.00,-139.00,-45.00,9.00,-86.00,67.00,38.00,-83.00,-89.00,87.00,-21.00,-77.00,127.00,84.00,-44.00,256.00,281.00,-4.00,0.00,1.00,14.00,14.00,-3.00,-4.00,-10.00,-15.00,9.00,10.00,-6.00,5.00,-1.00,-8.00,6.00,14.00,13.00,9.00,3.00,-7.00,-13.00,-14.00,-12.00,-7.00,-4.00,-5.00,-5.00,3.00,4.00,4.00,2.00,-7.00,-9.00,-5.00,-5.00,-7.00,-2.00,-1.00,-7.00,-2.00,-3.00,-7.00,-2.00,-11.00,-12.00,-154.00,-146.00,-51.00,2.00,66.00,-11.00,124.00,19.00,-138.00,-21.00,132.00,54.00,15.00,40.00,-25.00,44.00,32.00,-102.00,-196.00,-68.00,-43.00,11.00,66.00,22.00,21.00,22.00,-2.00,-34.00,-17.00,15.00,12.00,20.00,14.00,34.00,-7.00,-21.00,32.00,6.00,34.00,149.00,101.00,13.00,-60.00,35.00,63.00,-83.00,-107.00,-124.00,-31.00,39.00,-21.00,-63.00,-11.00,70.00,4.00,-59.00,165.00,-15.00,-184.00,-20.00,164.00,-115.00,-384.00,29.00,194.00,69.00,-1.00,-2.00,17.00,26.00,8.00,-6.00,-5.00,-9.00,-14.00,-5.00,3.00,8.00,-13.00,-12.00,12.00,-30.00,-52.00,-60.00,8.00,58.00,-4.00,-90.00,-57.00,82.00,62.00,0.00
0.00,0.00,3.00,-4.00,-5.00,2.00,1.00,1.00,2.00,-1.00,-3.00,1.00,2.00,0.00,1.00,1.00,1.00,0.00,1.00,0.00,-2.00,1.00,2.00,0.00,0.00,1.00,2.00,1.00,1.00,1.00,1.00,1.00,5.00,4.00,1.00,-1.00,0.00,1.00,0.00,2.00,1.00,2.00,-266.00,-72.00,108.00,-19.00,-129.00,-47.00,1.00,-98.00,46.00,10.00,-16.00,-140.00,75.00,39.00,-85.00,135.00,62.00,-31.00,249.00,266.00,-1.00,1.00,5.00,22.00,19.00,-8.00,-10.00,-6.00,-8.00,-2.00,3.00,10.00,6.00,-17.00,-15.00,13.00,18.00,8.00,6.00,2.00,-6.00,-13.00,-14.00,-11.00,-6.00,-3.00,-3.00,-4.00,5.00,0.00,-6.00,4.00,2.00,-7.00,-10.00,-8.00,-4.00,0.00,-7.00,-12.00,1.00,4.00,-3.00,-3.00,-7.00,-9.00,-149.00,-150.00,-58.00,-4.00,96.00,39.00,96.00,32.00,-100.00,57.00,104.00,-33.00,-3.00,-78.00,-83.00,-47.00,-14.00,-23.00,-167.00,-55.00,11.00,96.00,90.00,7.00,20.00,22.00,-5.00,-31.00,-16.00,28.00,8.00,60.00,68.00,100.00,-3.00,-24.00,110.00,-1.00,-61.00,33.00,63.00,-3.00,-130.00,-17.00,13.00,-186.00,-116.00,-69.00,58.00,102.00,13.00,-8.00,6.00,91.00,-7.00,-81.00,157.00,-14.00,-169.00,-20.00,34.00,-81.00,-263.00,-30.00,200.00,94.00,-1.00,0.00,17.00,23.00,4.00,-5.00,0.00,-7.00,-15.00,-8.00,-42.00,-29.00,18.00,41.00,-7.00,-106.00,-98.00,10.00,81.00,41.00,-19.00,-55.00,-3.00,131.00,102.00,0.00
0.00,-1.00,3.00,-1.00,-2.00,2.00,0.00,-2.00,1.00,1.00,-3.00,0.00,1.00,0.00,3.00,3.00,0.00,0.00,2.00,0.00,-1.00,-1.00,1.00,0.00,-3.00,2.00,4.00,0.00,0.00,-1.00,3.00,3.00,2.00,6.00,2.00,-1.00,1.00,-1.00,0.00,2.00,1.00,2.00,-307.00,-57.00,146.00,-12.00,-138.00,-58.00,2.00,-95.00,44.00,-12.00,-1.00,-167.00,137.00,63.00,-128.00,149.00,45.00,-21.00,244.00,255.00,1.00,-1.00,7.00,20.00,15.00,-4.00,-4.00,-1.00,2.00,-4.00,-4.00,12.00,-7.00,-28.00,-16.00,13.00,24.00,13.00,3.00,-2.00,-5.00,-11.00,-12.00,-9.00,-7.00,-5.00,0.00,0.00,0.00,-14.00,-20.00,7.00,21.00,2.00,-16.00,-12.00,-5.00,-1.00,-11.00,-7.00,10.00,4.00,-4.00,-4.00,-2.00,-3.00,-159.00,-116.00,14.00,2.00,115.00,82.00,32.00,40.00,-63.00,-54.00,-63.00,-76.00,30.00,-115.00,-118.00,-22.00,54.00,11.00,-118.00,-14.00,8.00,94.00,86.00,8.00,17.00,10.00,-1.00,11.00,42.00,73.00,3.00,93.00,139.00,45.00,-80.00,-6.00,68.00,-78.00,-137.00,-88.00,8.00,12.00,-67.00,-21.00,16.00,-167.00,-116.00,-9.00,128.00,133.00,0.00,-13.00,4.00,121.00,-7.00,-110.00,152.00,-17.00,-162.00,23.00,-47.00,-75.00,-178.00,-97.00,198.00,120.00,-2.00,-3.00,18.00,26.00,-1.00,-44.00,-36.00,0.00,-7.00,-9.00,-89.00,-37.00,112.00,125.00,-27.00,-125.00,-74.00,78.00,141.00,22.00,-21.00,-7.00,14.00,61.00,64.00,0.00
0.00,1.00,0.00,-2.00,1.00,3.00,-1.00,-3.00,0.00,0.00,-2.00,1.00,1.00,0.00,3.00,3.00,0.00,0.00,1.00,0.00,0.00,0.00,2.00,0.00,-3.00,1.00,1.00,0.00,1.00,0.00,4.00,3.00,0.00,4.00,2.00,1.00,2.00,-1.00,-1.00,1.00,3.00,2.00,-278.00,-57.00,113.00,5.00,-155.00,-66.00,9.00,-89.00,45.00,-25.00,-3.00,-161.00,187.00,48.00,-136.00,158.00,21.00,-4.00,241.00,237.00,3.00,-1.00,2.00,16.00,15.00,2.00,1.00,0.00,9.00,0.00,-10.00,-1.00,-15.00,-22.00,-16.00,-1.00,26.00,22.00,2.00,-1.00,-7.00,-7.00,-6.00,-9.00,-7.00,-4.00,1.00,-6.00,-14.00,-18.00,-15.00,11.00,28.00,3.00,-20.00,-16.00,-9.00,-1.00,0.00,5.00,11.00,2.00,-5.00,-4.00,-4.00,-4.00,-119.00,-32.00,106.00,-31.00,-3.00,19.00,8.00,42.00,-105.00,-192.00,-111.00,28.00,95.00,-93.00,-125.00,9.00,103.00,-16.00,-120.00,9.00,6.00,80.00,106.00,44.00,54.00,32.00,4.00,55.00,109.00,84.00,-55.00,0.00,70.00,-27.00,-143.00,12.00,9.00,-134.00,-55.00,-46.00,-2.00,14.00,-30.00,-28.00,17.00,-117.00,-123.00,3.00,142.00,130.00,-6.00,-9.00,12.00,94.00,-10.00,-89.00,150.00,-23.00,-172.00,123.00,-59.00,-135.00,-150.00,-142.00,194.00,113.00,17.00,47.00,-33.00,-35.00,-13.00,-94.00,-8.00,75.00,0.00,-7.00,-48.00,21.00,145.00,106.00,-14.00,-43.00,-23.00,11.00,63.00,17.00,-18.00,-3.00,5.00,-9.00,-39.00,0.00
0.00,0.00,-2.00,-2.00,2.00,2.00,-2.00,-1.00,-1.00,-2.00,-1.00,3.00,3.00,-1.00,0.00,2.00,1.00,-1.00,0.00,2.00,1.00,1.00,3.00,2.00,-1.00,-10.00,-3.00,11.00,4.00,0.00,2.00,1.00,1.00,2.00,2.00,2.00,1.00,0.00,-2.00,1.00,4.00,0.00,-259.00,-55.00,93.00,20.00,-162.00,-63.00,2.00,-57.00,46.00,-69.00,-17.00,-86.00,203.00,-42.00,-107.00,163.00,7.00,29.00,237.00,209.00,6.00,-1.00,-4.00,16.00,23.00,8.00,-1.00,-7.00,5.00,2.00,-8.00,-9.00,-16.00,-15.00,-15.00,-10.00,15.00,16.00,2.00,8.00,-2.00,-3.00,-1.00,-9.00,-4.00,-1.00,-5.00,-22.00,-21.00,-7.00,-1.00,17.00,21.00,-12.00,-23.00,-9.00,-6.00,3.00,15.00,7.00,-2.00,1.00,-2.00,-4.00,-5.00,-6.00,-29.00,-51.00,20.00,-57.00,-106.00,-65.00,75.00,73.00,-132.00,-165.00,-81.00,110.00,112.00,-103.00,-115.00,13.00,105.00,-6.00,-76.00,33.00,54.00,91.00,107.00,80.00,92.00,68.00,-66.00,-25.00,57.00,27.00,-111.00,-89.00,-9.00,-25.00,-62.00,-13.00,8.00,-50.00,6.00,0.00,-9.00,8.00,-44.00,-37.00,15.00,-110.00,-102.00,29.00,135.00,112.00,-14.00,-2.00,16.00,45.00,-9.00,-9.00,95.00,-3.00,-61.00,81.00,-108.00,-123.00,-157.00,-166.00,166.00,53.00,62.00,164.00,-63.00,-116.00,-20.00,-59.00,89.00,138.00,-2.00,-1.00,4.00,19.00,52.00,29.00,-5.00,-5.00,-4.00,-65.00,-65.00,-6.00,-16.00,-4.00,30.00,-38.00,-109.00,0.00
0.00,-2.00,-1.00,-1.00,1.00,1.00,-2.00,-1.00,-1.00,-1.00,1.00,3.00,3.00,-1.00,-1.00,3.00,1.00,-3.00,1.00,4.00,1.00,0.00,0.00,-4.00,-9.00,-26.00,-1.00,30.00,3.00,-7.00,0.00,3.00,4.00,1.00,1.00,-3.00,0.00,14.00,9.00,2.00,3.00,-22.00,-251.00,-34.00,87.00,33.00,-157.00,-50.00,-4.00,-7.00,38.00,-149.00,-51.00,5.00,172.00,-129.00,-34.00,159.00,13.00,64.00,226.00,180.00,12.00,-1.00,-7.00,12.00,26.00,14.00,-1.00,-10.00,-1.00,1.00,-5.00,-11.00,-14.00,-14.00,-14.00,-7.00,-1.00,0.00,4.00,16.00,5.00,-1.00,-2.00,-12.00,-4.00,0.00,-9.00,-23.00,-13.00,3.00,5.00,18.00,11.00,-22.00,-19.00,1.00,0.00,4.00,15.00,3.00,-9.00,-3.00,-1.00,-3.00,-4.00,-5.00,-33.00,-184.00,-87.00,40.00,-48.00,-106.00,123.00,102.00,-129.00,-135.00,-69.00,129.00,95.00,-92.00,-77.00,42.00,132.00,56.00,-2.00,54.00,102.00,95.00,-19.00,-11.00,13.00,36.00,-105.00,-116.00,1.00,-7.00,-55.00,-48.00,-3.00,8.00,3.00,-37.00,8.00,22.00,-2.00,-5.00,-11.00,5.00,-41.00,-27.00,20.00,-111.00,-78.00,44.00,104.00,89.00,0.00,7.00,61.00,67.00,-8.00,69.00,12.00,26.00,101.00,-57.00,-213.00,-50.00,-165.00,-178.00,135.00,9.00,74.00,176.00,6.00,-77.00,-12.00,3.00,58.00,66.00,-3.00,-2.00,18.00,-37.00,-77.00,-34.00,-4.00,-7.00,5.00,-104.00,-112.00,13.00,-16.00,2.00,36.00,-49.00,-51.00,0.00
0.00,0.00,1.00,-3.00,-1.00,2.00,-3.00,-2.00,2.00,0.00,1.00,2.00,1.00,1.00,2.00,2.00,-1.00,-3.00,2.00,3.00,-2.00,2.00,-1.00,-23.00,-27.00,-18.00,5.00,12.00,-11.00,5.00,16.00,7.00,2.00,-3.00,0.00,-28.00,-10.00,55.00,36.00,2.00,2.00,-59.00,-261.00,-8.00,103.00,50.00,-154.00,-40.00,7.00,15.00,15.00,-200.00,-65.00,-20.00,107.00,-75.00,53.00,134.00,19.00,49.00,206.00,198.00,22.00,7.00,-6.00,7.00,18.00,12.00,4.00,-4.00,3.00,1.00,-11.00,-14.00,-18.00,-20.00,-11.00,-2.00,-7.00,-2.00,11.00,12.00,2.00,-3.00,-9.00,-15.00,-6.00,-1.00,-4.00,-7.00,-2.00,5.00,7.00,13.00,5.00,-14.00,-9.00,3.00,3.00,-1.00,3.00,1.00,-7.00,-6.00,-3.00,-2.00,-3.00,-4.00,-115.00,-247.00,-56.00,113.00,10.00,-121.00,128.00,99.00,-144.00,-130.00,7.00,132.00,82.00,1.00,-15.00,76.00,134.00,35.00,-29.00,15.00,25.00,38.00,-123.00,-135.00,-85.00,29.00,14.00,-64.00,5.00,1.00,-1.00,-6.00,10.00,14.00,-5.00,-26.00,7.00,27.00,1.00,-8.00,-13.00,1.00,-34.00,-12.00,85.00,-86.00,-117.00,89.00,111.00,52.00,35.00,23.00,110.00,101.00,-13.00,55.00,-13.00,-41.00,25.00,-56.00,-242.00,-11.00,-107.00,-154.00,154.00,35.00,39.00,60.00,28.00,-24.00,0.00,-17.00,-72.00,-37.00,27.00,31.00,8.00,-72.00,-142.00,-63.00,6.00,12.00,7.00,-140.00,-43.00,109.00,-14.00,-5.00,11.00,-18.00,6.00,0.00
0.00,2.00,2.00,-3.00,-3.00,1.00,-3.00,-1.00,3.00,-1.00,0.00,2.00,1.00,2.00,3.00,0.00,-1.00,-2.00,1.00,3.00,-3.00,3.00,0.00,-32.00,-32.00,4.00,9.00,-22.00,-19.00,25.00,30.00,5.00,-4.00,-4.00,1.00,-66.00,-33.00,96.00,59.00,2.00,3.00,-75.00,-277.00,-7.00,123.00,65.00,-153.00,-32.00,17.00,15.00,7.00,-196.00,-64.00,-78.00,76.00,-2.00,84.00,99.00,21.00,-35.00,186.00,276.00,33.00,23.00,0.00,6.00,8.00,5.00,3.00,3.00,12.00,-9.00,-30.00,-17.00,-22.00,-22.00,-5.00,1.00,1.00,13.00,16.00,0.00,-6.00,-11.00,-13.00,-3.00,0.00,-5.00,0.00,5.00,2.00,0.00,7.00,9.00,3.00,-2.00,-4.00,1.00,4.00,-3.00,-4.00,-2.00,-7.00,-6.00,-4.00,-3.00,-2.00,-3.00,-142.00,-239.00,-31.00,106.00,19.00,-118.00,109.00,90.00,-66.00,-17.00,75.00,88.00,59.00,29.00,-28.00,47.00,32.00,-89.00,-86.00,-12.00,-49.00,8.00,-60.00,-140.00,-107.00,89.00,105.00,-7.00,5.00,5.00,0.00,-3.00,14.00,-2.00,-9.00,-16.00,7.00,36.00,-3.00,42.00,50.00,-52.00,-22.00,46.00,145.00,-16.00,-142.00,128.00,110.00,8.00,46.00,14.00,10.00,-14.00,-27.00,4.00,-11.00,-113.00,-96.00,-17.00,-156.00,90.00,-42.00,-146.00,173.00,22.00,-28.00,-42.00,-12.00,10.00,5.00,-49.00,-124.00,-70.00,58.00,69.00,-13.00,-56.00,-81.00,-25.00,7.00,8.00,-1.00,-151.00,8.00,156.00,-13.00,-12.00,-2.00,4.00,-1.00,0.00
0.00,1.00,1.00,-3.00,-3.00,2.00,0.00,0.00,1.00,-3.00,0.00,2.00,2.00,2.00,0.00,1.00,0.00,-2.00,1.00,3.00,-1.00,2.00,0.00,-28.00,-25.00,9.00,-10.00,-75.00,-51.00,13.00,18.00,4.00,-19.00,-19.00,29.00,-5.00,3.00,107.00,64.00,2.00,3.00,-76.00,-289.00,-18.00,137.00,68.00,-151.00,-11.00,14.00,7.00,29.00,-167.00,-86.00,-70.00,77.00,-15.00,88.00,61.00,20.00,-85.00,177.00,324.00,29.00,29.00,7.00,12.00,1.00,-6.00,-2.00,5.00,14.00,-25.00,-41.00,-13.00,-10.00,-9.00,-2.00,5.00,11.00,18.00,13.00,-7.00,-15.00,-13.00,-2.00,13.00,8.00,-6.00,-1.00,6.00,3.00,-5.00,3.00,5.00,-1.00,1.00,-5.00,-1.00,2.00,-1.00,-2.00,-5.00,-8.00,-5.00,-2.00,-4.00,-4.00,-2.00,-127.00,-240.00,-35.00,104.00,77.00,-26.00,47.00,67.00,63.00,30.00,-15.00,6.00,9.00,-57.00,-87.00,11.00,-38.00,-120.00,-42.00,49.00,-27.00,8.00,4.00,-115.00,-108.00,121.00,108.00,-1.00,9.00,6.00,-2.00,-6.00,8.00,-18.00,62.00,49.00,-57.00,47.00,45.00,89.00,122.00,-97.00,-5.00,112.00,75.00,10.00,-102.00,4.00,13.00,-15.00,18.00,-4.00,-97.00,-119.00,-33.00,-15.00,-3.00,-56.00,-55.00,-37.00,-63.00,231.00,-66.00,-238.00,144.00,1.00,-50.00,-76.00,-50.00,29.00,-4.00,-13.00,-41.00,-33.00,31.00,36.00,-7.00,-13.00,-18.00,-6.00,4.00,-6.00,-8.00,-134.00,3.00,133.00,-12.00,-9.00,-2.00,4.00,-6.00,0.00
0.00,0.00,0.00,-4.00,-2.00,3.00,3.00,1.00,0.00,-3.00,-1.00,1.00,3.00,3.00,-2.00,1.00,0.00,-1.00,2.00,1.00,0.00,2.00,-1.00,-23.00,-17.00,5.00,-41.00,-154.00,-146.00,-29.00,15.00,9.00,-30.00,-57.00,36.00,154.00,131.00,101.00,61.00,2.00,1.00,-79.00,-302.00,-31.00,154.00,64.00,-163.00,14.00,21.00,1.00,51.00,-132.00,-120.00,-24.00,81.00,-75.00,103.00,18.00,16.00,-67.00,175.00,329.00,16.00,20.00,2.00,10.00,1.00,-16.00,-7.00,1.00,7.00,-19.00,-22.00,-4.00,5.00,2.00,-4.00,14.00,14.00,5.00,7.00,-7.00,-17.00,-5.00,11.00,16.00,8.00,-1.00,-2.00,0.00,2.00,-4.00,-1.00,-1.00,-4.00,0.00,-5.00,-3.00,-2.00,-1.00,-1.00,-6.00,-6.00,-3.00,0.00,-4.00,-6.00,-3.00,-77.00,-169.00,-11.00,88.00,122.00,41.00,-46.00,8.00,39.00,-106.00,-134.00,-45.00,15.00,4.00,-62.00,10.00,-18.00,-94.00,2.00,91.00,-5.00,2.00,6.00,-96.00,-97.00,104.00,99.00,4.00,24.00,10.00,-14.00,-15.00,63.00,41.00,133.00,111.00,-125.00,49.00,104.00,32.00,70.00,-91.00,-65.00,57.00,9.00,-21.00,-94.00,-110.00,-43.00,-20.00,-12.00,-2.00,-55.00,-54.00,-8.00,-13.00,5.00,-1.00,-8.00,-50.00,-11.00,248.00,-143.00,-304.00,116.00,79.00,16.00,-35.00,-87.00,-45.00,-9.00,5.00,12.00,6.00,7.00,4.00,1.00,0.00,-16.00,-20.00,0.00,-8.00,-9.00,-100.00,9.00,102.00,-11.00,-5.00,-2.00,5.00,-6.00,0.00
0.00,0.00,-1.00,-3.00,-1.00,0.00,4.00,3.00,-1.00,-1.00,-2.00,-1.00,4.00,4.00,-1.00,1.00,2.00,1.00,0.00,-1.00,0.00,2.00,-2.00,-14.00,-7.00,3.00,-37.00,-138.00,-197.00,-110.00,-12.00,10.00,-5.00,-62.00,-25.00,219.00,234.00,99.00,60.00,1.00,0.00,-81.00,-309.00,-59.00,166.00,66.00,-182.00,32.00,32.00,11.00,67.00,-105.00,-144.00,-12.00,86.00,-94.00,115.00,-24.00,9.00,-38.00,180.00,334.00,17.00,12.00,-10.00,-15.00,-3.00,-10.00,-8.00,-2.00,0.00,-2.00,3.00,8.00,15.00,12.00,-3.00,11.00,3.00,-12.00,-2.00,-5.00,-8.00,2.00,11.00,8.00,4.00,1.00,-2.00,-4.00,-1.00,-1.00,-2.00,-3.00,-2.00,0.00,-4.00,-3.00,-4.00,-4.00,-3.00,-5.00,-3.00,-2.00,-2.00,-4.00,-5.00,-3.00,10.00,-65.00,-52.00,43.00,73.00,-44.00,-92.00,-32.00,-39.00,-161.00,-130.00,-10.00,89.00,90.00,-28.00,10.00,-3.00,-94.00,2.00,89.00,-2.00,7.00,6.00,-62.00,-52.00,90.00,52.00,50.00,98.00,3.00,-18.00,-9.00,124.00,124.00,62.00,-7.00,-125.00,75.00,43.00,-75.00,12.00,-96.00,-135.00,-8.00,20.00,-36.00,-71.00,-53.00,-16.00,-11.00,-10.00,-3.00,-3.00,10.00,11.00,-5.00,-1.00,-7.00,-5.00,-50.00,88.00,174.00,-260.00,-255.00,142.00,138.00,28.00,-2.00,-101.00,-101.00,-4.00,-8.00,-7.00,8.00,11.00,1.00,-5.00,0.00,-13.00,-18.00,-3.00,-5.00,-6.00,-73.00,10.00,70.00,-10.00,0.00,0.00,9.00,-1.00,0.00
0.00,0.00,-2.00,0.00,-1.00,-3.00,5.00,4.00,-2.00,0.00,-1.00,-1.00,2.00,3.00,0.00,1.00,4.00,3.00,-1.00,-2.00,1.00,2.00,-2.00,-2.00,-1.00,-2.00,-17.00,-59.00,-142.00,-180.00,-98.00,-12.00,17.00,-17.00,-65.00,181.00,264.00,100.00,54.00,0.00,0.00,-81.00,-299.00,-95.00,162.00,65.00,-185.00,49.00,33.00,33.00,73.00,-82.00,-157.00,-54.00,96.00,-57.00,114.00,-74.00,2.00,21.00,185.00,308.00,15.00,6.00,-7.00,-24.00,-14.00,-2.00,-4.00,-1.00,0.00,4.00,14.00,27.00,27.00,20.00,0.00,-7.00,-10.00,-20.00,-15.00,-5.00,-1.00,3.00,5.00,0.00,1.00,0.00,-2.00,-4.00,-1.00,0.00,-1.00,-2.00,0.00,1.00,-3.00,-3.00,-4.00,-4.00,-5.00,-6.00,-3.00,-1.00,-3.00,-4.00,-4.00,-1.00,1.00,-88.00,-132.00,2.00,45.00,-54.00,-41.00,-22.00,-35.00,-129.00,-102.00,27.00,135.00,86.00,-37.00,6.00,-5.00,-90.00,-5.00,152.00,35.00,-40.00,48.00,17.00,-8.00,76.00,0.00,102.00,150.00,-10.00,-74.00,-41.00,61.00,45.00,-8.00,-136.00,-119.00,123.00,-9.00,-116.00,8.00,-57.00,-83.00,-2.00,30.00,-26.00,-32.00,-4.00,-2.00,-3.00,-3.00,-7.00,6.00,10.00,5.00,1.00,-4.00,-13.00,-7.00,-55.00,214.00,116.00,-386.00,-188.00,174.00,140.00,-2.00,-7.00,-100.00,-101.00,-6.00,-8.00,-7.00,2.00,2.00,-6.00,-6.00,3.00,-7.00,-9.00,2.00,-1.00,-5.00,-65.00,5.00,58.00,-5.00,1.00,1.00,5.00,0.00,0.00
0.00,1.00,-1.00,1.00,-2.00,-3.00,5.00,4.00,-1.00,0.00,0.00,0.00,0.00,2.00,1.00,0.00,2.00,3.00,1.00,-1.00,2.00,2.00,-2.00,7.00,5.00,-8.00,-15.00,-22.00,-64.00,-161.00,-161.00,-77.00,-10.00,14.00,-67.00,156.00,283.00,101.00,41.00,0.00,0.00,-77.00,-282.00,-123.00,150.00,50.00,-159.00,64.00,20.00,56.00,63.00,-52.00,-173.00,-150.00,117.00,26.00,109.00,-134.00,-3.00,98.00,177.00,261.00,1.00,1.00,2.00,-6.00,-9.00,0.00,-3.00,-3.00,3.00,4.00,12.00,40.00,40.00,12.00,-4.00,-9.00,-7.00,-20.00,-24.00,-7.00,0.00,2.00,0.00,-2.00,0.00,-1.00,-2.00,-3.00,0.00,0.00,0.00,-2.00,0.00,2.00,-1.00,-5.00,-4.00,-1.00,-6.00,-7.00,-3.00,-1.00,-3.00,-4.00,-3.00,0.00,-107.00,-144.00,-104.00,-9.00,67.00,2.00,-3.00,-12.00,-16.00,-128.00,-102.00,26.00,147.00,85.00,22.00,6.00,-19.00,7.00,3.00,186.00,66.00,-95.00,89.00,102.00,-20.00,-20.00,-48.00,30.00,59.00,1.00,-126.00,-82.00,-3.00,-46.00,-7.00,-125.00,-55.00,118.00,17.00,-41.00,-7.00,-9.00,-27.00,4.00,38.00,-18.00,-36.00,-18.00,1.00,-3.00,-12.00,-4.00,8.00,6.00,-2.00,1.00,-1.00,-11.00,-9.00,-46.00,189.00,76.00,-363.00,-155.00,180.00,138.00,-1.00,-7.00,-97.00,-98.00,-6.00,-6.00,-10.00,-11.00,-9.00,-5.00,1.00,4.00,-5.00,-5.00,5.00,0.00,-5.00,-61.00,5.00,60.00,-4.00,0.00,3.00,-34.00,-5.00,0.00
0.00,1.00,0.00,0.00,1.00,-2.00,2.00,3.00,1.00,1.00,-1.00,0.00,1.00,1.00,2.00,2.00,0.00,1.00,1.00,0.00,1.00,2.00,0.00,9.00,13.00,-6.00,-17.00,-14.00,-22.00,-86.00,-138.00,-146.00,-87.00,-12.00,-72.00,164.00,303.00,101.00,31.00,0.00,0.00,-73.00,-270.00,-151.00,148.00,42.00,-133.00,74.00,-4.00,71.00,61.00,-21.00,-190.00,-268.00,136.00,134.00,103.00,-174.00,-7.00,130.00,168.00,244.00,-5.00,2.00,4.00,3.00,1.00,4.00,-2.00,-6.00,7.00,10.00,11.00,38.00,38.00,3.00,-7.00,-6.00,-8.00,-21.00,-23.00,-7.00,1.00,2.00,-1.00,-1.00,-1.00,-3.00,-2.00,-1.00,0.00,-1.00,-1.00,-1.00,0.00,1.00,0.00,-5.00,-4.00,-1.00,-5.00,-4.00,-2.00,-2.00,-4.00,-4.00,-1.00,0.00,-164.00,-152.00,-62.00,-8.00,80.00,3.00,-8.00,-12.00,-15.00,-93.00,-18.00,81.00,130.00,69.00,101.00,6.00,-34.00,119.00,23.00,6.00,-32.00,-50.00,35.00,71.00,-41.00,-97.00,-80.00,-55.00,-17.00,27.00,-46.00,-41.00,0.00,-23.00,1.00,-105.00,-2.00,100.00,23.00,23.00,-15.00,-4.00,-23.00,6.00,39.00,-21.00,-45.00,-29.00,2.00,4.00,-13.00,-5.00,-2.00,-2.00,-3.00,-5.00,3.00,-5.00,-7.00,53.00,60.00,-37.00,-238.00,-130.00,186.00,126.00,-1.00,-4.00,-98.00,-88.00,7.00,-6.00,-24.00,-23.00,-12.00,-4.00,10.00,6.00,-5.00,-3.00,4.00,0.00,-6.00,-54.00,9.00,58.00,-4.00,-2.00,2.00,-95.00,-8.00,0.00
0.00,0.00,0.00,0.00,4.00,-1.00,-1.00,1.00,2.00,2.00,-1.00,1.00,2.00,-1.00,2.00,4.00,0.00,0.00,0.00,0.00,1.00,3.00,3.00,5.00,13.00,1.00,-10.00,-14.00,-16.00,-31.00,-66.00,-136.00,-151.00,-88.00,-103.00,174.00,316.00,98.00,24.00,-1.00,-1.00,-77.00,-263.00,-173.00,156.00,42.00,-135.00,73.00,-13.00,82.00,76.00,12.00,-200.00,-307.00,141.00,164.00,84.00,-172.00,-1.00,110.00,175.00,255.00,-4.00,11.00,6.00,-1.00,-2.00,10.00,8.00,-4.00,5.00,12.00,13.00,27.00,20.00,6.00,-6.00,-20.00,-15.00,-20.00,-19.00,-4.00,2.00,1.00,0.00,1.00,-1.00,-3.00,-1.00,-1.00,-1.00,-1.00,-2.00,-1.00,0.00,0.00,-1.00,-4.00,-3.00,-1.00,-4.00,-3.00,-3.00,-2.00,-2.00,-4.00,-1.00,0.00,-165.00,-155.00,-69.00,-8.00,93.00,-5.00,53.00,66.00,-17.00,-36.00,93.00,136.00,65.00,-14.00,13.00,-6.00,-38.00,65.00,11.00,-151.00,-123.00,-1.00,-21.00,16.00,-16.00,-55.00,-41.00,-33.00,-3.00,36.00,23.00,-5.00,9.00,0.00,9.00,-106.00,-12.00,104.00,15.00,25.00,-15.00,1.00,-17.00,4.00,25.00,-26.00,-46.00,-30.00,-1.00,7.00,-4.00,65.00,37.00,-66.00,-45.00,-3.00,78.00,57.00,-4.00,112.00,-10.00,-118.00,-245.00,-182.00,184.00,124.00,0.00,-3.00,-99.00,-82.00,14.00,-6.00,-31.00,-19.00,-7.00,-10.00,12.00,9.00,-3.00,-1.00,3.00,0.00,-7.00,-39.00,6.00,40.00,-2.00,-7.00,-2.00,-132.00,-4.00,0.00
0.00,1.00,-1.00,-1.00,4.00,0.00,-3.00,2.00,1.00,0.00,1.00,2.00,2.00,-1.00,1.00,4.00,2.00,1.00,1.00,1.00,3.00,3.00,9.00,2.00,4.00,3.00,-3.00,-11.00,-21.00,-12.00,-17.00,-64.00,-122.00,-157.00,-166.00,150.00,306.00,97.00,15.00,-3.00,0.00,-85.00,-277.00,-185.00,175.00,29.00,-148.00,68.00,-8.00,100.00,106.00,40.00,-226.00,-241.00,132.00,97.00,76.00,-155.00,12.00,70.00,197.00,284.00,-5.00,15.00,5.00,-5.00,-2.00,20.00,15.00,-5.00,-4.00,2.00,7.00,12.00,9.00,12.00,-3.00,-34.00,-21.00,-13.00,-15.00,-1.00,1.00,0.00,-1.00,2.00,1.00,-2.00,0.00,-2.00,-2.00,1.00,-2.00,-2.00,0.00,-2.00,-3.00,-2.00,-1.00,-1.00,-3.00,-3.00,-4.00,-4.00,-1.00,-3.00,-2.00,0.00,-162.00,-89.00,15.00,-6.00,75.00,-15.00,114.00,153.00,-63.00,-70.00,51.00,59.00,18.00,-94.00,-91.00,-17.00,-50.00,16.00,-6.00,-104.00,-58.00,-5.00,-19.00,11.00,8.00,-16.00,-2.00,0.00,8.00,31.00,18.00,-10.00,8.00,-4.00,10.00,-104.00,-10.00,110.00,14.00,28.00,-12.00,6.00,-25.00,-9.00,25.00,9.00,-34.00,-53.00,60.00,71.00,-1.00,136.00,90.00,-118.00,-88.00,4.00,147.00,107.00,-9.00,-66.00,-24.00,42.00,-359.00,-324.00,166.00,140.00,1.00,-6.00,-96.00,-81.00,11.00,-2.00,-28.00,-9.00,8.00,-16.00,2.00,9.00,-6.00,-3.00,4.00,1.00,-5.00,18.00,-2.00,-38.00,-12.00,-4.00,-1.00,-104.00,-1.00,0.00
0.00,1.00,-1.00,-2.00,3.00,0.00,-2.00,6.00,0.00,-2.00,1.00,-1.00,2.00,2.00,-1.00,2.00,4.00,4.00,4.00,4.00,6.00,0.00,22.00,4.00,-11.00,-4.00,-4.00,-1.00,-16.00,-7.00,-7.00,-18.00,-48.00,-134.00,-176.00,70.00,235.00,102.00,10.00,-2.00,3.00,-92.00,-307.00,-205.00,201.00,7.00,-160.00,76.00,-19.00,111.00,148.00,65.00,-260.00,-142.00,112.00,4.00,94.00,-154.00,19.00,37.00,209.00,324.00,0.00,7.00,-5.00,-6.00,12.00,24.00,4.00,-9.00,-5.00,-4.00,1.00,3.00,7.00,2.00,-7.00,-30.00,-23.00,-2.00,-5.00,0.00,-1.00,0.00,-1.00,2.00,0.00,-2.00,1.00,-1.00,0.00,0.00,-3.00,-2.00,-1.00,-3.00,-4.00,1.00,0.00,-3.00,-2.00,-2.00,-3.00,-6.00,-3.00,-1.00,-2.00,0.00,-100.00,39.00,72.00,-47.00,3.00,-40.00,67.00,93.00,-108.00,-124.00,-27.00,-20.00,29.00,-49.00,-28.00,4.00,-69.00,45.00,-8.00,-67.00,9.00,-6.00,-18.00,10.00,11.00,-18.00,-4.00,5.00,5.00,24.00,17.00,-9.00,-1.00,-5.00,15.00,-97.00,13.00,165.00,17.00,6.00,-13.00,30.00,14.00,-17.00,26.00,47.00,-11.00,-67.00,128.00,142.00,0.00,60.00,40.00,-54.00,-44.00,-62.00,0.00,37.00,-4.00,-203.00,-8.00,167.00,-370.00,-316.00,162.00,147.00,1.00,-6.00,-97.00,-81.00,17.00,-1.00,-28.00,-10.00,15.00,-26.00,-13.00,14.00,-8.00,-10.00,2.00,9.00,-1.00,47.00,-9.00,-93.00,-14.00,43.00,63.00,-7.00,-10.00,0.00
0.00,5.00,4.00,-4.00,1.00,1.00,-1.00,6.00,1.00,-1.00,1.00,-4.00,0.00,5.00,2.00,-1.00,2.00,4.00,3.00,6.00,10.00,1.00,34.00,4.00,-21.00,-30.00,-14.00,27.00,-2.00,-4.00,-7.00,-8.00,-11.00,-53.00,-101.00,-27.00,123.00,105.00,10.00,4.00,3.00,-105.00,-323.00,-210.00,219.00,-12.00,-154.00,70.00,-54.00,106.00,175.00,93.00,-280.00,-90.00,103.00,-37.00,97.00,-162.00,28.00,17.00,208.00,353.00,7.00,1.00,-11.00,-4.00,21.00,19.00,-12.00,-17.00,-5.00,-2.00,1.00,2.00,4.00,-14.00,-16.00,-12.00,-11.00,5.00,5.00,1.00,-2.00,0.00,1.00,1.00,-1.00,0.00,1.00,-1.00,2.00,-2.00,-3.00,-2.00,-3.00,-1.00,-3.00,1.00,0.00,-4.00,-3.00,-2.00,-1.00,-5.00,-4.00,-1.00,-3.00,0.00,-37.00,38.00,-36.00,-93.00,-28.00,-52.00,26.00,13.00,-51.00,-43.00,-35.00,-35.00,42.00,9.00,48.00,46.00,-87.00,29.00,-10.00,-77.00,15.00,-7.00,-23.00,12.00,11.00,-17.00,-5.00,1.00,29.00,88.00,49.00,-75.00,-58.00,67.00,72.00,-70.00,28.00,194.00,22.00,-30.00,-18.00,55.00,85.00,-16.00,-4.00,12.00,6.00,-71.00,2.00,87.00,21.00,-32.00,-29.00,9.00,-7.00,-137.00,-139.00,-15.00,10.00,-111.00,21.00,65.00,-283.00,-170.00,176.00,109.00,-30.00,38.00,-76.00,-102.00,23.00,2.00,-24.00,-10.00,0.00,-34.00,-13.00,58.00,55.00,7.00,8.00,12.00,-1.00,1.00,-11.00,-36.00,1.00,81.00,120.00,47.00,-13.00,0.00
0.00,13.00,6.00,-8.00,-1.00,1.00,-2.00,2.00,2.00,1.00,3.00,-3.00,0.00,9.00,6.00,-3.00,0.00,0.00,-4.00,4.00,11.00,6.00,30.00,1.00,-7.00,-96.00,-52.00,90.00,33.00,7.00,-4.00,-6.00,-7.00,-13.00,-29.00,-75.00,41.00,102.00,12.00,8.00,-1.00,-117.00,-312.00,-182.00,223.00,-20.00,-114.00,35.00,-89.00,89.00,158.00,108.00,-295.00,-122.00,117.00,25.00,54.00,-166.00,62.00,5.00,208.00,358.00,4.00,-1.00,-4.00,0.00,13.00,7.00,-22.00,-22.00,-7.00,1.00,2.00,1.00,0.00,-11.00,-7.00,0.00,-2.00,5.00,6.00,2.00,0.00,1.00,2.00,0.00,1.00,2.00,-1.00,-2.00,1.00,-1.00,-2.00,-1.00,-3.00,-2.00,-1.00,0.00,0.00,-4.00,-4.00,-2.00,-1.00,-4.00,-4.00,-1.00,-3.00,-1.00,-90.00,-88.00,-91.00,-55.00,29.00,-17.00,27.00,5.00,-1.00,38.00,-33.00,-56.00,37.00,12.00,47.00,66.00,-83.00,-3.00,-9.00,-63.00,13.00,-10.00,45.00,12.00,-47.00,26.00,60.00,26.00,58.00,145.00,67.00,-142.00,-115.00,132.00,125.00,-36.00,-7.00,94.00,26.00,-81.00,-59.00,103.00,110.00,-84.00,-81.00,-15.00,11.00,-93.00,-139.00,25.00,38.00,-34.00,-32.00,4.00,-14.00,-83.00,-70.00,-2.00,6.00,-23.00,34.00,-25.00,-234.00,-106.00,203.00,46.00,-111.00,106.00,29.00,-76.00,16.00,13.00,-11.00,-1.00,-14.00,-25.00,0.00,83.00,113.00,42.00,25.00,-1.00,-11.00,-22.00,-4.00,18.00,3.00,41.00,53.00,0.00,-7.00,0.00
0.00,12.00,2.00,-8.00,-1.00,1.00,-1.00,0.00,4.00,3.00,3.00,0.00,7.00,10.00,1.00,-4.00,0.00,-4.00,-9.00,1.00,7.00,6.00,8.00,6.00,29.00,-197.00,-135.00,165.00,105.00,35.00,2.00,-3.00,-5.00,-10.00,-7.00,-85.00,14.00,110.00,18.00,3.00,-9.00,-129.00,-290.00,-146.00,223.00,-7.00,-71.00,-3.00,-98.00,53.00,110.00,118.00,-295.00,-200.00,127.00,133.00,-8.00,-149.00,111.00,-13.00,201.00,348.00,0.00,3.00,5.00,0.00,-3.00,-14.00,-21.00,-11.00,-3.00,0.00,0.00,2.00,-2.00,-3.00,5.00,4.00,0.00,2.00,2.00,1.00,4.00,3.00,-1.00,-1.00,2.00,1.00,-1.00,0.00,1.00,-1.00,-3.00,1.00,-1.00,-4.00,0.00,-1.00,-2.00,-4.00,-3.00,-3.00,-3.00,-3.00,-3.00,1.00,-2.00,-3.00,-146.00,-149.00,-69.00,-12.00,76.00,9.00,24.00,8.00,-17.00,17.00,-25.00,-45.00,40.00,8.00,16.00,109.00,-44.00,-68.00,50.00,31.00,6.00,-7.00,119.00,10.00,-107.00,68.00,122.00,63.00,31.00,53.00,-20.00,-137.00,-73.00,75.00,53.00,-61.00,-64.00,13.00,61.00,-80.00,-94.00,146.00,106.00,-152.00,-137.00,-8.00,-1.00,-51.00,-77.00,9.00,13.00,20.00,-5.00,-22.00,-8.00,-18.00,-3.00,0.00,2.00,-5.00,27.00,-32.00,-183.00,-59.00,202.00,17.00,-116.00,95.00,111.00,9.00,7.00,21.00,-7.00,3.00,-19.00,-17.00,7.00,27.00,47.00,35.00,25.00,-11.00,-18.00,-29.00,5.00,26.00,8.00,6.00,-27.00,-65.00,-61.00,0.00
0.00,7.00,1.00,-5.00,-1.00,3.00,1.00,0.00,5.00,1.00,2.00,7.00,13.00,4.00,-3.00,-1.00,-1.00,-8.00,-9.00,0.00,1.00,4.00,-10.00,15.00,60.00,-276.00,-240.00,168.00,172.00,99.00,30.00,8.00,4.00,-7.00,-8.00,-90.00,13.00,122.00,20.00,-7.00,-14.00,-132.00,-284.00,-129.00,229.00,5.00,-51.00,-23.00,-85.00,13.00,72.00,138.00,-284.00,-224.00,116.00,167.00,-40.00,-112.00,146.00,-28.00,193.00,335.00,1.00,3.00,5.00,-1.00,-11.00,-23.00,-13.00,-6.00,-6.00,-1.00,2.00,2.00,-1.00,-1.00,1.00,4.00,2.00,-1.00,1.00,0.00,4.00,2.00,-4.00,-2.00,1.00,0.00,0.00,3.00,2.00,-3.00,-2.00,2.00,-1.00,-3.00,0.00,-2.00,-5.00,-4.00,-2.00,-4.00,-3.00,-2.00,-2.00,1.00,-3.00,-3.00,-141.00,-150.00,-77.00,-7.00,82.00,2.00,22.00,11.00,-14.00,-15.00,41.00,55.00,37.00,5.00,0.00,139.00,-13.00,-132.00,111.00,138.00,5.00,-3.00,-4.00,-61.00,-47.00,40.00,46.00,36.00,8.00,-21.00,-86.00,-132.00,-30.00,29.00,-21.00,-151.00,-108.00,28.00,115.00,53.00,-36.00,77.00,44.00,-87.00,-80.00,-16.00,-7.00,0.00,-7.00,-1.00,-9.00,57.00,15.00,-37.00,-2.00,-12.00,-7.00,-7.00,7.00,-4.00,5.00,30.00,-84.00,-14.00,131.00,7.00,-14.00,41.00,62.00,25.00,-2.00,10.00,-14.00,-5.00,-13.00,-6.00,2.00,-29.00,-78.00,-23.00,25.00,-21.00,-34.00,-36.00,76.00,68.00,22.00,13.00,-59.00,-119.00,-123.00,0.00
0.00,5.00,0.00,-5.00,-3.00,4.00,4.00,1.00,2.00,-2.00,0.00,10.00,13.00,1.00,0.00,1.00,-2.00,-6.00,-4.00,3.00,-3.00,3.00,-8.00,16.00,65.00,-297.00,-293.00,78.00,154.00,160.00,79.00,50.00,26.00,5.00,-8.00,-92.00,14.00,116.00,9.00,-13.00,-10.00,-113.00,-302.00,-141.00,242.00,3.00,-31.00,-20.00,-66.00,-6.00,43.00,145.00,-280.00,-152.00,96.00,104.00,-48.00,-72.00,171.00,-44.00,198.00,326.00,0.00,-4.00,1.00,2.00,-6.00,-15.00,-11.00,-14.00,-14.00,-1.00,7.00,0.00,-1.00,-2.00,-6.00,0.00,1.00,-1.00,2.00,-1.00,0.00,0.00,-2.00,-2.00,-1.00,0.00,0.00,3.00,1.00,-3.00,1.00,0.00,-3.00,-1.00,1.00,-1.00,-5.00,-4.00,-3.00,-3.00,-1.00,-3.00,-4.00,0.00,-3.00,-2.00,-65.00,-146.00,-106.00,53.00,90.00,-10.00,4.00,17.00,20.00,-28.00,101.00,149.00,17.00,-66.00,-48.00,80.00,43.00,-85.00,-6.00,86.00,7.00,2.00,-124.00,-141.00,11.00,23.00,-23.00,-1.00,17.00,-7.00,-36.00,-72.00,-27.00,28.00,3.00,-169.00,-129.00,25.00,128.00,139.00,10.00,6.00,-9.00,-13.00,-16.00,-27.00,3.00,8.00,-10.00,3.00,-9.00,44.00,19.00,-23.00,-2.00,-13.00,-10.00,-14.00,1.00,-14.00,-1.00,112.00,-55.00,-35.00,104.00,-44.00,-28.00,4.00,0.00,-12.00,37.00,72.00,13.00,-14.00,-30.00,-27.00,-17.00,-40.00,-125.00,-58.00,36.00,-21.00,-43.00,-25.00,139.00,112.00,20.00,14.00,-56.00,-149.00,-77.00,0.00
0.00,4.00,-2.00,-3.00,0.00,3.00,4.00,3.00,1.00,0.00,-3.00,5.00,10.00,2.00,1.00,0.00,0.00,0.00,2.00,7.00,-3.00,0.00,12.00,17.00,44.00,-289.00,-255.00,-15.00,59.00,134.00,95.00,133.00,62.00,31.00,1.00,-89.00,15.00,103.00,-8.00,-12.00,-2.00,-99.00,-324.00,-161.00,251.00,1.00,3.00,-14.00,-54.00,-3.00,13.00,134.00,-287.00,-37.00,86.00,5.00,-55.00,-33.00,197.00,-80.00,203.00,324.00,-5.00,0.00,6.00,0.00,-7.00,-8.00,-11.00,-17.00,-12.00,-3.00,3.00,2.00,-3.00,-7.00,-5.00,0.00,0.00,-1.00,1.00,-1.00,-3.00,0.00,0.00,-2.00,0.00,0.00,-1.00,0.00,-1.00,-1.00,1.00,-2.00,-3.00,-1.00,2.00,0.00,-4.00,-3.00,-4.00,-2.00,0.00,-4.00,-6.00,-1.00,-1.00,-1.00,60.00,-80.00,-116.00,112.00,83.00,-110.00,-111.00,14.00,33.00,-22.00,47.00,122.00,99.00,-86.00,-158.00,-20.00,109.00,19.00,-128.00,-32.00,3.00,10.00,-45.00,-87.00,-11.00,31.00,-2.00,1.00,14.00,0.00,6.00,-12.00,-20.00,15.00,30.00,-118.00,-134.00,-3.00,122.00,126.00,1.00,-1.00,-10.00,0.00,-4.00,-40.00,7.00,20.00,-14.00,1.00,-11.00,37.00,16.00,-12.00,-1.00,-17.00,2.00,-15.00,-12.00,13.00,71.00,87.00,-185.00,-36.00,151.00,-105.00,-109.00,-26.00,-13.00,-26.00,82.00,150.00,50.00,-9.00,-64.00,-69.00,-23.00,-20.00,-53.00,-17.00,37.00,-1.00,-16.00,-20.00,66.00,68.00,8.00,3.00,-17.00,-139.00,-10.00,0.00
0.00,2.00,-23.00,7.00,27.00,1.00,1.00,3.00,2.00,2.00,-2.00,1.00,5.00,2.00,1.00,2.00,2.00,1.00,3.00,5.00,0.00,1.00,43.00,20.00,8.00,-286.00,-180.00,-50.00,-11.00,51.00,65.00,162.00,78.00,89.00,13.00,-61.00,14.00,93.00,-14.00,-6.00,2.00,-122.00,-333.00,-141.00,236.00,-9.00,50.00,-11.00,-56.00,0.00,-7.00,129.00,-296.00,25.00,88.00,-48.00,-55.00,-1.00,208.00,-110.00,201.00,323.00,-8.00,2.00,11.00,-6.00,-13.00,-4.00,-9.00,-13.00,-6.00,-4.00,-2.00,4.00,-4.00,-9.00,-2.00,2.00,0.00,-3.00,0.00,2.00,-3.00,-2.00,0.00,-1.00,2.00,0.00,-2.00,-3.00,-3.00,0.00,-1.00,-2.00,-1.00,-2.00,1.00,0.00,-3.00,-2.00,-4.00,-2.00,-1.00,-4.00,-4.00,-2.00,0.00,0.00,103.00,-43.00,-102.00,130.00,28.00,-337.00,-294.00,15.00,6.00,-22.00,-6.00,68.00,186.00,45.00,-77.00,1.00,77.00,105.00,-66.00,-111.00,1.00,16.00,22.00,-27.00,-29.00,26.00,15.00,7.00,6.00,0.00,5.00,-10.00,-16.00,3.00,30.00,-96.00,-134.00,-11.00,125.00,121.00,-3.00,-1.00,-13.00,0.00,7.00,-52.00,4.00,36.00,-15.00,-5.00,-10.00,53.00,7.00,-45.00,17.00,45.00,33.00,-31.00,-52.00,89.00,183.00,-38.00,-386.00,-7.00,200.00,-112.00,-60.00,-16.00,7.00,-15.00,25.00,75.00,30.00,-2.00,-39.00,-40.00,-8.00,-1.00,-24.00,14.00,44.00,5.00,5.00,2.00,-2.00,0.00,5.00,-1.00,5.00,-130.00,8.00,0.00
0.00,-7.00,-52.00,-2.00,61.00,22.00,1.00,0.00,2.00,3.00,0.00,-2.00,1.00,3.00,2.00,5.00,1.00,-1.00,3.00,1.00,1.00,5.00,66.00,20.00,-21.00,-290.00,-115.00,-42.00,-22.00,-2.00,32.00,78.00,59.00,127.00,14.00,37.00,8.00,82.00,-7.00,1.00,2.00,-180.00,-325.00,-66.00,191.00,-21.00,99.00,-9.00,-53.00,-5.00,-24.00,115.00,-278.00,16.00,85.00,-28.00,-48.00,12.00,190.00,-123.00,197.00,324.00,-7.00,-5.00,4.00,-6.00,-11.00,-2.00,-4.00,-6.00,-3.00,-5.00,-2.00,2.00,-4.00,-4.00,-2.00,0.00,0.00,-3.00,0.00,3.00,-1.00,-4.00,0.00,0.00,0.00,1.00,-1.00,-5.00,-3.00,0.00,-3.00,-3.00,0.00,0.00,-1.00,-2.00,-1.00,-1.00,-4.00,-2.00,-2.00,-3.00,-1.00,-2.00,-1.00,-2.00,95.00,-62.00,-219.00,125.00,82.00,-379.00,-278.00,28.00,-16.00,-41.00,-2.00,29.00,87.00,67.00,82.00,101.00,27.00,146.00,2.00,-157.00,1.00,17.00,15.00,-28.00,-28.00,19.00,13.00,7.00,4.00,0.00,5.00,-8.00,-14.00,-6.00,27.00,-74.00,-130.00,-29.00,123.00,119.00,-12.00,49.00,50.00,-66.00,-59.00,-25.00,56.00,66.00,-29.00,-39.00,29.00,117.00,11.00,-68.00,29.00,109.00,52.00,-43.00,-80.00,96.00,89.00,-168.00,-412.00,40.00,238.00,-107.00,-7.00,5.00,30.00,-3.00,-35.00,-8.00,4.00,-1.00,-4.00,0.00,-1.00,-2.00,-79.00,8.00,81.00,3.00,10.00,25.00,-7.00,-22.00,12.00,2.00,5.00,-128.00,12.00,0.00
0.00,-8.00,-48.00,-44.00,56.00,58.00,2.00,-2.00,1.00,4.00,2.00,-3.00,-2.00,3.00,2.00,6.00,0.00,-2.00,5.00,0.00,0.00,4.00,55.00,21.00,-22.00,-290.00,-63.00,-22.00,-13.00,-15.00,16.00,-10.00,35.00,67.00,5.00,182.00,2.00,74.00,-2.00,3.00,0.00,-218.00,-305.00,1.00,137.00,-27.00,120.00,-9.00,-23.00,-10.00,-44.00,85.00,-241.00,-37.00,70.00,43.00,-17.00,7.00,143.00,-137.00,189.00,329.00,-5.00,-4.00,-2.00,-4.00,-6.00,-1.00,1.00,1.00,-2.00,-6.00,-2.00,0.00,-2.00,0.00,-2.00,-2.00,0.00,-1.00,0.00,1.00,-1.00,-4.00,0.00,1.00,-1.00,1.00,-1.00,-6.00,-3.00,-1.00,-2.00,-2.00,0.00,2.00,-3.00,-5.00,-1.00,0.00,-3.00,-2.00,-2.00,-2.00,-1.00,-2.00,-3.00,-4.00,104.00,-10.00,-322.00,38.00,187.00,-149.00,-91.00,15.00,-10.00,-26.00,-1.00,3.00,-4.00,2.00,-26.00,7.00,24.00,148.00,6.00,-165.00,0.00,16.00,12.00,-26.00,-30.00,16.00,7.00,-3.00,7.00,64.00,66.00,-24.00,-65.00,-60.00,9.00,-33.00,-31.00,35.00,90.00,82.00,-13.00,101.00,114.00,-133.00,-128.00,13.00,103.00,83.00,-39.00,-68.00,69.00,157.00,23.00,-33.00,3.00,45.00,16.00,-18.00,-32.00,-11.00,-164.00,-198.00,-281.00,87.00,247.00,-110.00,-12.00,-1.00,25.00,4.00,-31.00,-15.00,10.00,5.00,-5.00,5.00,-3.00,-8.00,-137.00,9.00,140.00,8.00,13.00,25.00,-7.00,-25.00,12.00,-1.00,5.00,-118.00,9.00,0.00
0.00,-1.00,-32.00,-63.00,18.00,56.00,9.00,0.00,1.00,3.00,4.00,-1.00,-4.00,1.00,3.00,6.00,0.00,-2.00,5.00,1.00,1.00,1.00,16.00,21.00,-2.00,-292.00,-20.00,-5.00,-7.00,-17.00,11.00,-26.00,20.00,-4.00,-1.00,259.00,-1.00,75.00,-4.00,2.00,-2.00,-210.00,-291.00,7.00,85.00,-30.00,108.00,-3.00,37.00,-2.00,-61.00,55.00,-211.00,-87.00,55.00,97.00,37.00,1.00,79.00,-147.00,184.00,332.00,-4.00,2.00,0.00,-3.00,-5.00,0.00,3.00,5.00,1.00,-4.00,-3.00,0.00,0.00,-2.00,-2.00,-1.00,0.00,0.00,-1.00,0.00,-1.00,-4.00,-1.00,1.00,1.00,0.00,-3.00,-5.00,-5.00,-3.00,1.00,2.00,0.00,0.00,-4.00,-4.00,-2.00,-2.00,-1.00,-2.00,-3.00,-2.00,-3.00,-2.00,-4.00,-3.00,109.00,6.00,-206.00,-3.00,98.00,-6.00,-2.00,-1.00,-2.00,-4.00,-3.00,4.00,-1.00,-5.00,-154.00,-117.00,88.00,119.00,4.00,-127.00,-58.00,9.00,56.00,46.00,-13.00,11.00,0.00,-19.00,3.00,137.00,127.00,-50.00,-117.00,-99.00,-14.00,-13.00,101.00,144.00,30.00,19.00,8.00,63.00,56.00,-80.00,-61.00,-18.00,40.00,74.00,-42.00,-76.00,34.00,50.00,-20.00,-7.00,-4.00,-13.00,-26.00,7.00,8.00,-88.00,-193.00,-103.00,-239.00,91.00,248.00,-102.00,-12.00,-10.00,2.00,10.00,-9.00,-18.00,18.00,13.00,-9.00,11.00,1.00,-14.00,-219.00,9.00,226.00,13.00,7.00,18.00,0.00,-21.00,4.00,-4.00,7.00,-116.00,5.00,0.00
0.00,63.00,-34.00,-33.00,7.00,33.00,19.00,1.00,2.00,2.00,3.00,0.00,-2.00,0.00,3.00,6.00,1.00,-2.00,3.00,4.00,-2.00,0.00,-10.00,17.00,15.00,-297.00,9.00,0.00,-5.00,-18.00,5.00,-9.00,13.00,-13.00,-2.00,255.00,-4.00,78.00,-5.00,3.00,0.00,-164.00,-289.00,-37.00,41.00,-33.00,74.00,3.00,114.00,5.00,-76.00,38.00,-181.00,-62.00,39.00,70.00,77.00,-7.00,34.00,-141.00,181.00,332.00,-3.00,4.00,2.00,-1.00,25.00,-14.00,-62.00,-14.00,8.00,-1.00,-4.00,-1.00,0.00,-1.00,-1.00,-1.00,-1.00,0.00,0.00,1.00,-26.00,2.00,11.00,-28.00,76.00,2.00,-24.00,17.00,-48.00,26.00,32.00,2.00,-1.00,-2.00,-3.00,-1.00,-2.00,-4.00,0.00,-3.00,-3.00,-2.00,-4.00,-2.00,-3.00,-1.00,100.00,-28.00,-98.00,25.00,-3.00,-3.00,-2.00,-1.00,-2.00,-3.00,-4.00,3.00,1.00,-4.00,-89.00,-66.00,145.00,57.00,9.00,-44.00,-116.00,-3.00,86.00,123.00,26.00,-5.00,-4.00,-22.00,-14.00,85.00,73.00,-44.00,-126.00,-94.00,-17.00,-26.00,76.00,104.00,1.00,-2.00,18.00,15.00,0.00,-17.00,0.00,-61.00,-7.00,71.00,-54.00,-84.00,-5.00,-47.00,-70.00,-15.00,11.00,9.00,-22.00,4.00,0.00,-79.00,-52.00,9.00,-266.00,86.00,262.00,-98.00,-14.00,-7.00,-44.00,6.00,35.00,-14.00,18.00,13.00,-10.00,9.00,7.00,-11.00,-285.00,9.00,301.00,16.00,1.00,14.00,-1.00,-17.00,1.00,-1.00,5.00,-135.00,7.00,0.00
0.00,212.00,-52.00,-14.00,54.00,31.00,25.00,-1.00,2.00,3.00,2.00,0.00,0.00,0.00,2.00,5.00,2.00,-1.00,2.00,-27.00,-34.00,9.00,20.00,38.00,12.00,-298.00,22.00,-10.00,-5.00,-13.00,2.00,0.00,11.00,-9.00,-4.00,251.00,-8.00,75.00,-3.00,3.00,1.00,-100.00,-292.00,-89.00,18.00,-37.00,36.00,-9.00,182.00,-8.00,-100.00,51.00,-140.00,10.00,2.00,4.00,107.00,-31.00,22.00,-117.00,175.00,332.00,-1.00,2.00,0.00,-1.00,61.00,-23.00,-162.00,-69.00,11.00,1.00,-2.00,-1.00,2.00,3.00,1.00,-5.00,-2.00,4.00,3.00,3.00,-4.00,-21.00,14.00,-39.00,169.00,4.00,-108.00,51.00,-82.00,82.00,87.00,-2.00,-2.00,-1.00,-1.00,-1.00,-4.00,-4.00,0.00,-3.00,-2.00,-3.00,-3.00,-1.00,-1.00,-1.00,91.00,-26.00,-92.00,24.00,-5.00,-3.00,-1.00,-2.00,-3.00,-2.00,-3.00,2.00,2.00,-5.00,41.00,-1.00,13.00,-7.00,12.00,27.00,-38.00,-6.00,7.00,53.00,32.00,-2.00,3.00,-12.00,-19.00,14.00,14.00,-17.00,-129.00,-115.00,-13.00,-1.00,11.00,5.00,4.00,8.00,7.00,5.00,1.00,-8.00,-2.00,-58.00,3.00,65.00,-27.00,-36.00,-2.00,-31.00,-41.00,-20.00,3.00,22.00,-7.00,-16.00,-7.00,-50.00,7.00,53.00,-259.00,82.00,254.00,-96.00,-14.00,1.00,-111.00,-1.00,103.00,-7.00,15.00,11.00,-9.00,-4.00,6.00,1.00,-251.00,10.00,270.00,8.00,3.00,19.00,-5.00,-17.00,5.00,-26.00,-31.00,-123.00,10.00,0.00
0.00,234.00,-47.00,-50.00,53.00,42.00,31.00,-1.00,3.00,4.00,1.00,1.00,1.00,-1.00,1.00,3.00,2.00,1.00,4.00,-92.00,-81.00,6.00,79.00,107.00,-3.00,-303.00,26.00,-25.00,-6.00,-6.00,3.00,8.00,10.00,-7.00,-6.00,253.00,-10.00,72.00,-2.00,1.00,0.00,-64.00,-300.00,-101.00,11.00,-38.00,13.00,-40.00,222.00,-23.00,-147.00,76.00,-66.00,59.00,-42.00,-43.00,129.00,-74.00,17.00,-60.00,173.00,320.00,-2.00,-4.00,-2.00,-2.00,44.00,8.00,-166.00,-131.00,1.00,11.00,10.00,2.00,2.00,2.00,1.00,-9.00,1.00,12.00,5.00,5.00,71.00,-54.00,-10.00,4.00,114.00,4.00,-155.00,40.00,-31.00,101.00,105.00,-3.00,-2.00,-1.00,0.00,-3.00,-5.00,-2.00,-2.00,-3.00,-1.00,-3.00,-2.00,-1.00,-1.00,-2.00,94.00,-14.00,-96.00,10.00,-5.00,0.00,-2.00,-2.00,-2.00,-2.00,-1.00,0.00,0.00,-3.00,43.00,-53.00,-111.00,29.00,2.00,-26.00,35.00,-4.00,-48.00,-14.00,17.00,12.00,11.00,-3.00,-9.00,2.00,7.00,-7.00,-66.00,-66.00,2.00,70.00,0.00,-59.00,4.00,8.00,-5.00,-3.00,4.00,-1.00,0.00,-47.00,2.00,49.00,7.00,15.00,1.00,-14.00,-9.00,-15.00,-2.00,17.00,-7.00,-24.00,-10.00,-40.00,8.00,55.00,-213.00,76.00,204.00,-93.00,-6.00,5.00,-185.00,-6.00,182.00,-1.00,10.00,11.00,-7.00,-11.00,3.00,9.00,-144.00,9.00,159.00,-3.00,-21.00,-8.00,-9.00,-16.00,8.00,-55.00,-66.00,-50.00,5.00,0.00
0.00,174.00,33.00,-111.00,-15.00,64.00,27.00,0.00,4.00,3.00,1.00,3.00,2.00,-1.00,-1.00,1.00,2.00,1.00,8.00,-112.00,-89.00,-34.00,94.00,167.00,-6.00,-293.00,18.00,-42.00,-4.00,-11.00,1.00,15.00,7.00,-4.00,-5.00,254.00,-8.00,73.00,-1.00,1.00,1.00,-62.00,-300.00,-71.00,10.00,-38.00,3.00,-66.00,228.00,-30.00,-204.00,82.00,33.00,67.00,-79.00,-55.00,141.00,-127.00,6.00,13.00,170.00,296.00,32.00,32.00,-10.00,-16.00,14.00,27.00,-129.00,-122.00,-23.00,-37.00,29.00,19.00,13.00,18.00,-4.00,3.00,10.00,10.00,2.00,-4.00,37.00,-37.00,-23.00,0.00,3.00,0.00,-62.00,23.00,22.00,86.00,97.00,6.00,-2.00,-22.00,-21.00,-3.00,-2.00,0.00,-5.00,-4.00,0.00,-2.00,-2.00,-1.00,-2.00,-3.00,99.00,0.00,-101.00,-6.00,-5.00,2.00,-4.00,-3.00,1.00,-1.00,0.00,-2.00,-2.00,2.00,-77.00,-125.00,-49.00,167.00,0.00,-176.00,6.00,-1.00,-22.00,7.00,16.00,7.00,10.00,0.00,-3.00,4.00,7.00,-10.00,-12.00,-5.00,19.00,97.00,-7.00,-83.00,1.00,5.00,-9.00,-3.00,9.00,1.00,-1.00,-33.00,1.00,30.00,12.00,21.00,-2.00,-14.00,-8.00,-13.00,-1.00,13.00,-11.00,-18.00,-12.00,-43.00,4.00,49.00,-143.00,76.00,138.00,-88.00,0.00,7.00,-241.00,-8.00,242.00,2.00,9.00,1.00,-8.00,-3.00,0.00,9.00,-47.00,11.00,64.00,-7.00,-84.00,-82.00,-10.00,-16.00,0.00,-29.00,-30.00,8.00,4.00,0.00
0.00,298.00,155.00,-151.00,-48.00,96.00,40.00,0.00,3.00,1.00,2.00,3.00,2.00,2.00,0.00,1.00,1.00,0.00,-12.00,-90.00,-58.00,-72.00,88.00,180.00,-2.00,-221.00,8.00,-67.00,-4.00,-27.00,2.00,-12.00,2.00,-15.00,-5.00,264.00,-3.00,73.00,-10.00,2.00,11.00,-72.00,-286.00,-28.00,20.00,-31.00,-3.00,-76.00,210.00,-36.00,-236.00,62.00,100.00,41.00,-109.00,-31.00,151.00,-166.00,-1.00,54.00,123.00,264.00,96.00,78.00,21.00,-23.00,-9.00,40.00,-144.00,-55.00,-7.00,-146.00,47.00,-8.00,33.00,75.00,-80.00,-9.00,41.00,29.00,-9.00,-34.00,-63.00,-19.00,-28.00,-41.00,60.00,8.00,4.00,51.00,-4.00,71.00,71.00,45.00,-3.00,-52.00,-5.00,-1.00,0.00,-1.00,-5.00,-3.00,-2.00,-3.00,-2.00,0.00,-1.00,-5.00,100.00,9.00,-101.00,-14.00,-8.00,1.00,-2.00,-3.00,2.00,0.00,-1.00,-2.00,-1.00,4.00,-139.00,-134.00,15.00,241.00,5.00,-252.00,-19.00,2.00,-6.00,20.00,17.00,0.00,9.00,1.00,-1.00,8.00,10.00,-10.00,-17.00,-11.00,20.00,87.00,-6.00,-73.00,-1.00,4.00,-7.00,1.00,8.00,-2.00,-1.00,-4.00,2.00,3.00,15.00,21.00,-5.00,-13.00,-4.00,-12.00,-6.00,11.00,-11.00,-15.00,-12.00,-39.00,-4.00,34.00,-71.00,77.00,66.00,-104.00,-25.00,-5.00,-224.00,51.00,284.00,-27.00,4.00,-16.00,-4.00,43.00,2.00,10.00,-24.00,4.00,18.00,-24.00,-90.00,-113.00,12.00,20.00,-12.00,-3.00,8.00,3.00,13.00,0.00
0.00,450.00,217.00,-161.00,-59.00,120.00,84.00,-2.00,1.00,1.00,2.00,1.00,2.00,3.00,2.00,2.00,0.00,2.00,-42.00,-79.00,-34.00,-85.00,95.00,180.00,0.00,-114.00,6.00,-75.00,-6.00,-46.00,1.00,-53.00,2.00,-34.00,-7.00,247.00,7.00,35.00,0.00,-3.00,-51.00,-39.00,-243.00,5.00,57.00,-8.00,-17.00,-81.00,192.00,-53.00,-237.00,33.00,111.00,2.00,-117.00,11.00,146.00,-175.00,5.00,61.00,45.00,198.00,160.00,124.00,62.00,-27.00,-29.00,74.00,-188.00,-41.00,32.00,-198.00,60.00,-53.00,56.00,116.00,-173.00,-33.00,78.00,70.00,-2.00,-34.00,-87.00,-12.00,-21.00,-37.00,174.00,24.00,-20.00,53.00,-57.00,47.00,23.00,48.00,-18.00,-45.00,43.00,0.00,0.00,-1.00,-4.00,-3.00,-4.00,-4.00,-3.00,-1.00,0.00,-5.00,102.00,5.00,-102.00,-9.00,-9.00,-1.00,0.00,-2.00,2.00,-48.00,-74.00,-33.00,42.00,68.00,-114.00,-114.00,19.00,237.00,9.00,-249.00,-23.00,1.00,-5.00,21.00,17.00,0.00,10.00,0.00,-2.00,8.00,10.00,-4.00,-14.00,-21.00,12.00,79.00,0.00,-65.00,-4.00,5.00,-11.00,2.00,12.00,-3.00,0.00,31.00,3.00,-29.00,10.00,18.00,-2.00,-13.00,-2.00,-10.00,-8.00,8.00,-10.00,-15.00,-12.00,-28.00,19.00,45.00,-57.00,48.00,-13.00,-155.00,-53.00,-24.00,-126.00,112.00,245.00,-52.00,-5.00,-18.00,14.00,103.00,33.00,31.00,-37.00,2.00,27.00,-34.00,-30.00,-70.00,26.00,66.00,-6.00,-5.00,-3.00,-28.00,16.00,0.00
0.00,370.00,165.00,-152.00,-81.00,97.00,113.00,29.00,0.00,2.00,2.00,1.00,1.00,2.00,2.00,1.00,0.00,3.00,-29.00,-70.00,-49.00,-91.00,95.00,181.00,6.00,-48.00,5.00,-49.00,-5.00,-45.00,-2.00,-55.00,4.00,-31.00,-12.00,153.00,-49.00,21.00,58.00,-53.00,-111.00,13.00,-200.00,24.00,95.00,19.00,-23.00,-84.00,178.00,-73.00,-227.00,16.00,93.00,-21.00,-113.00,39.00,123.00,-166.00,30.00,49.00,20.00,139.00,198.00,164.00,56.00,2.00,-38.00,65.00,-199.00,-79.00,-20.00,-196.00,87.00,-26.00,102.00,85.00,-214.00,19.00,124.00,55.00,-7.00,5.00,-17.00,5.00,-50.00,-40.00,187.00,30.00,-47.00,11.00,-74.00,69.00,18.00,-7.00,-38.00,-27.00,52.00,0.00,-2.00,0.00,-2.00,-3.00,-5.00,-5.00,-3.00,-1.00,0.00,-3.00,101.00,15.00,-91.00,-18.00,-19.00,-5.00,0.00,-1.00,2.00,-150.00,-194.00,-48.00,134.00,193.00,-87.00,-129.00,13.00,233.00,11.00,-245.00,-22.00,8.00,0.00,19.00,16.00,-2.00,6.00,10.00,1.00,10.00,6.00,34.00,6.00,-23.00,59.00,30.00,-57.00,-54.00,6.00,4.00,-40.00,-7.00,19.00,-5.00,-2.00,65.00,13.00,-55.00,35.00,43.00,-8.00,-35.00,-15.00,-17.00,-17.00,16.00,24.00,-25.00,-35.00,-3.00,112.00,118.00,-129.00,-50.00,-49.00,-146.00,-29.00,-13.00,-42.00,57.00,104.00,-21.00,0.00,-6.00,23.00,89.00,58.00,47.00,-26.00,7.00,53.00,-7.00,-4.00,-22.00,2.00,37.00,7.00,-8.00,-12.00,-35.00,11.00,0.00
0.00,201.00,135.00,-144.00,-142.00,45.00,144.00,104.00,0.00,1.00,4.00,2.00,-3.00,3.00,3.00,0.00,0.00,2.00,-4.00,-52.00,-65.00,-85.00,85.00,165.00,12.00,-24.00,2.00,-23.00,-3.00,-18.00,-1.00,-26.00,1.00,-13.00,-21.00,23.00,-144.00,101.00,79.00,-125.00,-11.00,-35.00,-234.00,63.00,98.00,31.00,-18.00,-76.00,183.00,-85.00,-221.00,15.00,77.00,-2.00,-119.00,16.00,95.00,-157.00,74.00,23.00,11.00,133.00,193.00,121.00,73.00,83.00,-54.00,22.00,-196.00,-107.00,-30.00,-175.00,56.00,5.00,138.00,32.00,-247.00,70.00,178.00,18.00,-67.00,15.00,73.00,16.00,-113.00,-45.00,196.00,41.00,-56.00,-5.00,-72.00,114.00,40.00,-22.00,-31.00,-28.00,50.00,-1.00,-4.00,0.00,0.00,-1.00,-6.00,-6.00,-2.00,-1.00,0.00,-1.00,95.00,58.00,-60.00,-44.00,-23.00,-6.00,-1.00,-4.00,-4.00,-149.00,-173.00,0.00,145.00,194.00,-67.00,-139.00,0.00,182.00,13.00,-186.00,-7.00,15.00,5.00,10.00,2.00,-13.00,1.00,27.00,2.00,10.00,6.00,70.00,29.00,-17.00,109.00,-21.00,-118.00,-35.00,18.00,0.00,-70.00,-14.00,29.00,-10.00,-7.00,55.00,18.00,-37.00,73.00,68.00,-24.00,-58.00,-24.00,-20.00,-22.00,22.00,60.00,-27.00,-57.00,11.00,141.00,141.00,-182.00,-154.00,-31.00,-53.00,8.00,13.00,-26.00,-7.00,27.00,3.00,4.00,-4.00,7.00,34.00,30.00,24.00,-37.00,-14.00,55.00,13.00,-8.00,-2.00,-12.00,-4.00,3.00,-7.00,-5.00,-24.00,4.00,0.00
0.00,118.00,239.00,-139.00,-205.00,34.00,147.00,136.00,41.00,23.00,13.00,0.00,-47.00,9.00,37.00,0.00,-1.00,2.00,-7.00,-37.00,-72.00,-78.00,94.00,148.00,17.00,-16.00,-1.00,-11.00,-2.00,-1.00,0.00,-6.00,-1.00,-1.00,-34.00,-50.00,-144.00,146.00,31.00,-136.00,105.00,-139.00,-296.00,132.00,75.00,20.00,-29.00,-47.00,216.00,-84.00,-216.00,6.00,55.00,48.00,-118.00,-45.00,70.00,-137.00,123.00,-14.00,-35.00,123.00,198.00,77.00,113.00,144.00,-79.00,-14.00,-233.00,-139.00,100.00,-106.00,-93.00,22.00,181.00,5.00,-197.00,48.00,175.00,-19.00,-171.00,36.00,184.00,21.00,-184.00,-63.00,203.00,69.00,-82.00,44.00,20.00,102.00,-12.00,-38.00,3.00,-6.00,49.00,-2.00,-3.00,-1.00,-1.00,0.00,-5.00,-5.00,-2.00,-2.00,-1.00,-1.00,97.00,90.00,-39.00,-36.00,1.00,0.00,-1.00,-14.00,-15.00,-38.00,-52.00,18.00,58.00,74.00,-1.00,-42.00,-10.00,63.00,22.00,-58.00,7.00,7.00,4.00,5.00,-12.00,-29.00,0.00,22.00,-15.00,4.00,17.00,40.00,30.00,-12.00,43.00,-10.00,-58.00,-5.00,-3.00,6.00,-43.00,-5.00,45.00,-8.00,-10.00,-12.00,-4.00,18.00,54.00,35.00,-19.00,-29.00,-7.00,-9.00,-6.00,7.00,30.00,-11.00,-34.00,-25.00,24.00,29.00,-174.00,-137.00,-27.00,-24.00,23.00,19.00,-31.00,-6.00,36.00,1.00,2.00,-20.00,-6.00,22.00,3.00,5.00,-48.00,-20.00,52.00,13.00,-4.00,-4.00,-15.00,-4.00,2.00,1.00,1.00,-25.00,-5.00,0.00
0.00,-19.00,312.00,-98.00,-196.00,34.00,90.00,79.00,66.00,47.00,66.00,23.00,-124.00,40.00,100.00,0.00,-2.00,4.00,-16.00,-26.00,-97.00,-80.00,137.00,145.00,18.00,-16.00,-2.00,-3.00,-2.00,0.00,1.00,0.00,1.00,4.00,-53.00,-66.00,-97.00,104.00,3.00,-101.00,119.00,-189.00,-295.00,189.00,36.00,-20.00,-41.00,6.00,239.00,-59.00,-200.00,-30.00,12.00,72.00,-82.00,-74.00,33.00,-92.00,163.00,-61.00,-33.00,99.00,158.00,58.00,152.00,182.00,-112.00,-18.00,-252.00,-171.00,142.00,-42.00,-168.00,25.00,254.00,-1.00,-143.00,5.00,162.00,-53.00,-262.00,75.00,284.00,14.00,-281.00,-121.00,226.00,89.00,-148.00,81.00,136.00,125.00,-102.00,-81.00,32.00,40.00,90.00,-2.00,-2.00,-2.00,-1.00,0.00,-5.00,-4.00,1.00,-1.00,-4.00,-3.00,106.00,94.00,-104.00,-92.00,60.00,62.00,0.00,-16.00,-14.00,9.00,0.00,1.00,7.00,39.00,-1.00,-35.00,-12.00,-14.00,29.00,14.00,4.00,5.00,-6.00,-2.00,-9.00,-20.00,1.00,8.00,-26.00,-2.00,24.00,2.00,10.00,-10.00,-16.00,9.00,9.00,12.00,-22.00,16.00,-17.00,-1.00,54.00,-1.00,-5.00,-47.00,-14.00,45.00,15.00,-1.00,-3.00,1.00,3.00,-3.00,5.00,0.00,-1.00,-6.00,-13.00,-52.00,-47.00,-49.00,-123.00,-11.00,-41.00,-83.00,27.00,2.00,-44.00,10.00,51.00,0.00,-5.00,-61.00,17.00,71.00,-11.00,-7.00,-56.00,-18.00,51.00,12.00,-8.00,-19.00,-23.00,-1.00,14.00,8.00,5.00,-28.00,-2.00,0.00
0.00,-147.00,240.00,-57.00,-156.00,23.00,85.00,41.00,39.00,55.00,105.00,56.00,-122.00,72.00,81.00,-22.00,19.00,9.00,-27.00,-37.00,-92.00,-48.00,145.00,122.00,17.00,-12.00,-3.00,-2.00,-3.00,1.00,3.00,2.00,3.00,2.00,-80.00,-66.00,-49.00,-19.00,13.00,-65.00,29.00,-114.00,-186.00,200.00,-26.00,-74.00,-42.00,63.00,234.00,-21.00,-175.00,-107.00,-44.00,61.00,-21.00,-24.00,-20.00,-48.00,201.00,-100.00,17.00,87.00,53.00,66.00,209.00,152.00,-149.00,14.00,-201.00,-143.00,49.00,-37.00,-134.00,-27.00,309.00,18.00,-159.00,-23.00,176.00,-27.00,-258.00,56.00,270.00,-9.00,-285.00,-117.00,225.00,75.00,-163.00,45.00,132.00,195.00,-130.00,-96.00,41.00,60.00,125.00,-3.00,-2.00,-1.00,1.00,-1.00,-6.00,-3.00,3.00,0.00,-4.00,-3.00,109.00,-8.00,-187.00,-91.00,95.00,118.00,-1.00,-7.00,-5.00,-2.00,-4.00,-4.00,3.00,63.00,-95.00,-146.00,-4.00,-17.00,29.00,-5.00,-6.00,23.00,-16.00,-14.00,-3.00,6.00,0.00,1.00,-11.00,-2.00,16.00,-10.00,-10.00,-14.00,-3.00,17.00,16.00,13.00,-11.00,10.00,-14.00,5.00,24.00,-3.00,11.00,-31.00,-7.00,28.00,-17.00,-4.00,17.00,9.00,8.00,1.00,-8.00,-13.00,3.00,6.00,-4.00,-35.00,-23.00,-2.00,-43.00,80.00,-40.00,-133.00,18.00,-27.00,-61.00,17.00,57.00,-2.00,-12.00,-93.00,43.00,123.00,-24.00,-23.00,-98.00,-40.00,58.00,5.00,-26.00,-25.00,-16.00,4.00,26.00,-1.00,-2.00,-17.00,14.00,0.00
0.00,-169.00,136.00,-14.00,-132.00,-17.00,84.00,71.00,58.00,113.00,63.00,-5.00,-46.00,77.00,-12.00,-86.00,89.00,6.00,-41.00,-27.00,-81.00,-11.00,118.00,102.00,20.00,-8.00,-3.00,-4.00,-4.00,4.00,4.00,0.00,5.00,1.00,-112.00,-64.00,3.00,-165.00,18.00,32.00,-27.00,-44.00,-84.00,171.00,-82.00,-122.00,-72.00,102.00,230.00,18.00,-159.00,-211.00,-95.00,69.00,41.00,52.00,-46.00,-23.00,206.00,-122.00,18.00,78.00,14.00,125.00,259.00,59.00,-189.00,50.00,-132.00,-104.00,-28.00,-26.00,-103.00,-91.00,327.00,42.00,-149.00,-36.00,161.00,12.00,-234.00,7.00,239.00,-17.00,-238.00,-85.00,192.00,56.00,-136.00,30.00,93.00,214.00,-115.00,-97.00,51.00,44.00,72.00,-9.00,10.00,9.00,3.00,-24.00,-17.00,0.00,1.00,15.00,-6.00,-13.00,139.00,-103.00,-178.00,43.00,42.00,62.00,7.00,-1.00,-1.00,4.00,-9.00,-16.00,-2.00,31.00,-143.00,-150.00,-1.00,-14.00,22.00,-44.00,-10.00,45.00,-7.00,-14.00,-1.00,13.00,-10.00,-2.00,12.00,2.00,3.00,-17.00,-11.00,-15.00,14.00,18.00,7.00,21.00,-3.00,0.00,58.00,12.00,-72.00,-7.00,23.00,-25.00,-16.00,10.00,-37.00,4.00,41.00,18.00,17.00,7.00,-29.00,-43.00,4.00,33.00,14.00,-9.00,9.00,40.00,-18.00,104.00,-38.00,-175.00,5.00,-30.00,-36.00,21.00,39.00,0.00,-2.00,-67.00,22.00,92.00,-12.00,-16.00,-118.00,-40.00,69.00,-6.00,-25.00,-16.00,0.00,14.00,19.00,-8.00,-9.00,-2.00,15.00,0.00
0.00,-205.00,84.00,45.00,-91.00,-66.00,12.00,81.00,104.00,191.00,15.00,-155.00,-28.00,79.00,-28.00,-71.00,106.00,-32.00,15.00,24.00,-131.00,-3.00,142.00,118.00,23.00,-11.00,-3.00,0.00,-3.00,5.00,4.00,0.00,4.00,0.00,-136.00,-69.00,28.00,-132.00,37.00,113.00,19.00,-128.00,-87.00,135.00,-86.00,-166.00,-127.00,111.00,216.00,69.00,-157.00,-259.00,-112.00,119.00,92.00,42.00,-30.00,-10.00,130.00,-142.00,-19.00,102.00,110.00,188.00,236.00,-42.00,-253.00,72.00,-50.00,-98.00,-83.00,4.00,-44.00,-145.00,302.00,53.00,-102.00,-60.00,106.00,21.00,-221.00,18.00,231.00,22.00,-184.00,-41.00,139.00,49.00,-86.00,47.00,68.00,127.00,-85.00,-96.00,35.00,9.00,2.00,-67.00,-10.00,85.00,5.00,-37.00,-23.00,-45.00,-21.00,43.00,11.00,-19.00,204.00,3.00,-187.00,6.00,-5.00,2.00,17.00,6.00,7.00,12.00,-16.00,-30.00,-9.00,-2.00,-128.00,-91.00,-5.00,-39.00,14.00,-40.00,-12.00,49.00,12.00,-3.00,-3.00,2.00,-22.00,0.00,25.00,4.00,0.00,-18.00,-11.00,-16.00,28.00,17.00,-1.00,28.00,-1.00,3.00,165.00,0.00,-178.00,1.00,17.00,-30.00,-14.00,12.00,-42.00,3.00,47.00,15.00,12.00,7.00,-21.00,-44.00,-13.00,39.00,24.00,25.00,45.00,25.00,-45.00,105.00,-44.00,-209.00,2.00,-8.00,7.00,28.00,8.00,9.00,13.00,-22.00,-2.00,20.00,-7.00,-1.00,-85.00,-19.00,52.00,-16.00,-6.00,-8.00,3.00,20.00,-1.00,1.00,12.00,10.00,-5.00,0.00
0.00,-270.00,35.00,50.00,5.00,-37.00,-29.00,88.00,152.00,216.00,-34.00,-227.00,-31.00,75.00,0.00,29.00,51.00,-87.00,76.00,13.00,-178.00,24.00,184.00,126.00,24.00,-11.00,-2.00,4.00,-4.00,1.00,4.00,2.00,1.00,-1.00,-146.00,-77.00,36.00,27.00,88.00,45.00,17.00,-186.00,-84.00,103.00,-65.00,-208.00,-136.00,96.00,150.00,121.00,-167.00,-202.00,-88.00,141.00,111.00,-26.00,11.00,-15.00,15.00,-159.00,-49.00,176.00,260.00,212.00,166.00,-123.00,-330.00,70.00,61.00,-83.00,-140.00,20.00,9.00,-193.00,267.00,58.00,-41.00,-68.00,38.00,9.00,-176.00,72.00,196.00,65.00,-81.00,25.00,34.00,40.00,-17.00,18.00,27.00,30.00,-91.00,-89.00,35.00,-15.00,1.00,-149.00,-129.00,150.00,53.00,3.00,-24.00,-100.00,-12.00,65.00,8.00,-15.00,257.00,106.00,-224.00,-99.00,-11.00,1.00,8.00,8.00,15.00,-1.00,-16.00,-19.00,-11.00,-5.00,-116.00,-68.00,-5.00,-60.00,15.00,-27.00,3.00,47.00,0.00,6.00,-9.00,-15.00,-23.00,9.00,31.00,8.00,0.00,-24.00,-18.00,-23.00,43.00,27.00,-5.00,29.00,-2.00,6.00,241.00,-9.00,-251.00,4.00,10.00,-15.00,-6.00,9.00,-47.00,-8.00,46.00,8.00,7.00,3.00,-1.00,-21.00,-23.00,26.00,28.00,62.00,70.00,-1.00,-75.00,80.00,-42.00,-182.00,0.00,-18.00,31.00,33.00,-16.00,16.00,17.00,10.00,1.00,-22.00,-15.00,3.00,-43.00,-10.00,42.00,-2.00,-5.00,-7.00,-25.00,13.00,23.00,10.00,18.00,15.00,-28.00,0.00
0.00,-311.00,-26.00,54.00,105.00,-2.00,-18.00,94.00,164.00,239.00,-57.00,-191.00,-25.00,52.00,-19.00,14.00,56.00,-47.00,39.00,-34.00,-143.00,49.00,179.00,105.00,23.00,-3.00,0.00,1.00,-7.00,-3.00,2.00,-1.00,-2.00,-1.00,-143.00,-74.00,35.00,61.00,118.00,13.00,5.00,-161.00,-71.00,69.00,-48.00,-237.00,-99.00,78.00,61.00,149.00,-189.00,-98.00,-45.00,113.00,88.00,-68.00,73.00,-41.00,-78.00,-150.00,-47.00,250.00,369.00,194.00,99.00,-168.00,-391.00,68.00,148.00,-83.00,-174.00,54.00,-1.00,-234.00,283.00,78.00,13.00,-45.00,-20.00,52.00,-116.00,65.00,134.00,44.00,-16.00,6.00,-17.00,-12.00,-39.00,-11.00,6.00,78.00,-123.00,-84.00,103.00,6.00,32.00,-154.00,-203.00,66.00,59.00,26.00,-31.00,-56.00,55.00,100.00,-48.00,-48.00,293.00,108.00,-216.00,-113.00,-24.00,9.00,-7.00,2.00,16.00,-27.00,-10.00,12.00,-6.00,-3.00,-23.00,14.00,-5.00,-69.00,-60.00,-73.00,32.00,45.00,-20.00,10.00,-12.00,-21.00,-13.00,14.00,29.00,5.00,-24.00,-72.00,-51.00,-13.00,73.00,24.00,-14.00,37.00,-15.00,-8.00,295.00,-7.00,-306.00,5.00,17.00,4.00,-9.00,8.00,-51.00,-20.00,44.00,2.00,15.00,9.00,-9.00,-9.00,-5.00,8.00,29.00,88.00,75.00,-21.00,-100.00,50.00,-30.00,-135.00,-11.00,-39.00,44.00,38.00,-16.00,16.00,15.00,56.00,1.00,-57.00,-13.00,-4.00,-27.00,-14.00,55.00,27.00,-3.00,-2.00,-55.00,-22.00,48.00,19.00,-6.00,32.00,-32.00,0.00
0.00,-218.00,-120.00,-12.00,115.00,-11.00,25.00,58.00,138.00,218.00,-69.00,-125.00,-30.00,14.00,-5.00,-35.00,39.00,67.00,-6.00,-53.00,-18.00,86.00,111.00,49.00,21.00,1.00,-4.00,-6.00,-8.00,-7.00,-6.00,-10.00,-16.00,-19.00,-114.00,-38.00,22.00,-43.00,80.00,76.00,63.00,-98.00,-89.00,31.00,-13.00,-244.00,-55.00,58.00,-18.00,148.00,-192.00,-28.00,-12.00,102.00,56.00,-79.00,111.00,-94.00,-141.00,-100.00,-10.00,318.00,418.00,152.00,50.00,-189.00,-403.00,67.00,189.00,-94.00,-205.00,92.00,-17.00,-270.00,304.00,90.00,47.00,-19.00,-59.00,133.00,-48.00,32.00,50.00,-20.00,-6.00,-80.00,-9.00,-29.00,-117.00,-45.00,19.00,201.00,-97.00,-86.00,152.00,-25.00,-33.00,-53.00,-107.00,7.00,-13.00,11.00,17.00,2.00,-7.00,44.00,43.00,-36.00,246.00,105.00,-206.00,-124.00,-25.00,20.00,-5.00,-3.00,19.00,-34.00,-25.00,13.00,-1.00,8.00,169.00,176.00,4.00,-66.00,-144.00,-106.00,31.00,39.00,-4.00,15.00,-14.00,-18.00,0.00,8.00,8.00,-9.00,-36.00,-102.00,-85.00,-11.00,77.00,20.00,-18.00,1.00,-58.00,-5.00,227.00,5.00,-193.00,17.00,13.00,-11.00,-62.00,-33.00,-44.00,-26.00,23.00,-11.00,0.00,0.00,-30.00,-13.00,10.00,1.00,28.00,102.00,60.00,-40.00,-104.00,46.00,-10.00,-138.00,-26.00,-26.00,52.00,42.00,-4.00,19.00,13.00,78.00,4.00,-74.00,-12.00,-16.00,-31.00,-13.00,49.00,51.00,13.00,-14.00,-51.00,-28.00,36.00,5.00,-21.00,60.00,-17.00,0.00
0.00,-1.00,-163.00,-133.00,53.00,-81.00,-11.00,73.00,178.00,70.00,-144.00,-30.00,7.00,-20.00,49.00,34.00,0.00,82.00,-19.00,-31.00,73.00,102.00,26.00,1.00,17.00,-4.00,-10.00,-14.00,-16.00,-19.00,-25.00,-42.00,-60.00,-68.00,-32.00,64.00,24.00,-83.00,22.00,86.00,107.00,-41.00,-117.00,-9.00,34.00,-238.00,-11.00,39.00,-73.00,116.00,-171.00,-23.00,5.00,158.00,37.00,-77.00,105.00,-173.00,-170.00,-19.00,23.00,393.00,416.00,82.00,36.00,-162.00,-385.00,34.00,222.00,-95.00,-244.00,105.00,-16.00,-292.00,295.00,98.00,52.00,40.00,-71.00,102.00,-25.00,-30.00,15.00,-40.00,1.00,-84.00,-1.00,21.00,-177.00,-86.00,43.00,247.00,-40.00,-87.00,141.00,-133.00,-159.00,30.00,-36.00,121.00,47.00,8.00,83.00,1.00,-165.00,-118.00,242.00,45.00,123.00,109.00,-217.00,-129.00,-15.00,13.00,19.00,5.00,1.00,-16.00,-47.00,-10.00,80.00,28.00,96.00,159.00,28.00,-11.00,-35.00,-38.00,9.00,13.00,4.00,19.00,-21.00,20.00,74.00,30.00,-20.00,-10.00,2.00,-42.00,-53.00,-38.00,34.00,36.00,-16.00,-57.00,-91.00,18.00,41.00,19.00,42.00,18.00,-3.00,-35.00,-111.00,-83.00,-29.00,-9.00,9.00,-22.00,-28.00,-26.00,-34.00,-24.00,-38.00,-61.00,18.00,100.00,22.00,-51.00,-139.00,17.00,14.00,-143.00,-28.00,-14.00,56.00,49.00,-4.00,11.00,12.00,48.00,4.00,-45.00,-7.00,-20.00,-32.00,-2.00,30.00,60.00,10.00,-41.00,-36.00,11.00,39.00,-21.00,-27.00,51.00,6.00,0.00
0.00,178.00,-63.00,-102.00,-9.00,-192.00,-152.00,120.00,256.00,-65.00,-207.00,42.00,38.00,-15.00,67.00,89.00,26.00,18.00,-9.00,18.00,34.00,24.00,12.00,26.00,10.00,-11.00,-18.00,-31.00,-46.00,-50.00,-52.00,-82.00,-106.00,-101.00,82.00,189.00,30.00,-43.00,33.00,94.00,28.00,-75.00,-107.00,-29.00,66.00,-236.00,43.00,12.00,-98.00,83.00,-168.00,-45.00,34.00,252.00,15.00,-76.00,91.00,-222.00,-142.00,55.00,6.00,413.00,410.00,31.00,28.00,-106.00,-387.00,-22.00,262.00,-95.00,-264.00,104.00,-25.00,-295.00,294.00,127.00,31.00,106.00,-60.00,16.00,-33.00,-112.00,16.00,-20.00,41.00,-8.00,-19.00,5.00,-267.00,-88.00,98.00,239.00,-3.00,-78.00,126.00,-199.00,-203.00,24.00,-89.00,231.00,131.00,14.00,139.00,-10.00,-173.00,-152.00,267.00,17.00,66.00,140.00,-239.00,-117.00,-19.00,-25.00,47.00,16.00,-25.00,-3.00,36.00,74.00,160.00,5.00,-225.00,-81.00,20.00,14.00,81.00,33.00,-1.00,-14.00,-12.00,26.00,-13.00,67.00,150.00,62.00,-28.00,2.00,31.00,-15.00,-9.00,-3.00,45.00,79.00,-23.00,-88.00,-65.00,13.00,-7.00,77.00,104.00,5.00,3.00,-27.00,-49.00,-35.00,-31.00,7.00,27.00,-12.00,-16.00,-12.00,-4.00,-27.00,-97.00,-129.00,-6.00,71.00,-32.00,-86.00,-234.00,-113.00,22.00,-60.00,-15.00,-25.00,47.00,51.00,-1.00,-11.00,-4.00,22.00,-7.00,-27.00,4.00,-13.00,-25.00,2.00,18.00,31.00,4.00,-14.00,-21.00,8.00,28.00,-18.00,-16.00,28.00,21.00,0.00
0.00,247.00,-30.00,-31.00,4.00,-157.00,-232.00,11.00,217.00,-63.00,-158.00,67.00,29.00,32.00,105.00,52.00,23.00,-10.00,1.00,21.00,-11.00,-28.00,34.00,62.00,-4.00,-25.00,-35.00,-61.00,-89.00,-100.00,-77.00,-76.00,-86.00,-75.00,158.00,251.00,3.00,-45.00,40.00,127.00,-44.00,-111.00,-82.00,-26.00,85.00,-213.00,101.00,-27.00,-100.00,57.00,-181.00,-6.00,79.00,261.00,-34.00,-73.00,88.00,-217.00,-74.00,104.00,2.00,370.00,366.00,16.00,17.00,-55.00,-415.00,-79.00,307.00,-52.00,-238.00,60.00,-20.00,-228.00,262.00,111.00,9.00,83.00,-48.00,-29.00,-33.00,-107.00,12.00,-1.00,76.00,5.00,-43.00,-11.00,-287.00,-52.00,135.00,197.00,2.00,-70.00,97.00,-201.00,-158.00,16.00,-162.00,237.00,110.00,16.00,188.00,-19.00,-92.00,-71.00,183.00,-83.00,66.00,185.00,-224.00,-157.00,-62.00,4.00,54.00,-4.00,-17.00,-53.00,131.00,293.00,168.00,-185.00,-380.00,-138.00,-7.00,-50.00,27.00,8.00,7.00,28.00,-21.00,39.00,21.00,37.00,84.00,49.00,-15.00,10.00,40.00,-39.00,-9.00,78.00,86.00,74.00,-35.00,-101.00,-47.00,3.00,125.00,129.00,-14.00,-2.00,31.00,-12.00,-8.00,35.00,3.00,19.00,34.00,-8.00,-9.00,16.00,31.00,8.00,-41.00,-40.00,26.00,25.00,-59.00,-92.00,-287.00,-307.00,-39.00,66.00,-6.00,-49.00,34.00,44.00,16.00,-18.00,-27.00,9.00,-10.00,-27.00,3.00,-12.00,-27.00,0.00,22.00,5.00,5.00,34.00,-32.00,-16.00,42.00,-12.00,-2.00,42.00,22.00,0.00
0.00,140.00,-78.00,4.00,98.00,-19.00,-271.00,-208.00,70.00,8.00,-30.00,30.00,3.00,106.00,94.00,-49.00,-2.00,-21.00,3.00,13.00,-20.00,-11.00,119.00,129.00,-25.00,-65.00,-70.00,-98.00,-130.00,-119.00,-61.00,-35.00,-25.00,-35.00,181.00,262.00,-46.00,-66.00,7.00,118.00,27.00,-95.00,-148.00,-14.00,102.00,-170.00,132.00,-53.00,-73.00,38.00,-191.00,84.00,140.00,177.00,-53.00,-74.00,16.00,-195.00,8.00,133.00,3.00,324.00,336.00,-2.00,-10.00,-13.00,-419.00,-113.00,317.00,-14.00,-190.00,19.00,-19.00,-165.00,230.00,103.00,0.00,36.00,-55.00,-93.00,-24.00,-82.00,16.00,43.00,76.00,-72.00,-45.00,54.00,-192.00,39.00,49.00,113.00,6.00,-73.00,86.00,-133.00,-82.00,-34.00,-232.00,219.00,96.00,18.00,193.00,-25.00,-116.00,-33.00,196.00,-68.00,70.00,170.00,-128.00,-197.00,-98.00,18.00,-36.00,-12.00,4.00,-106.00,47.00,423.00,273.00,-388.00,-417.00,-5.00,21.00,-107.00,-37.00,-26.00,36.00,95.00,-11.00,58.00,26.00,-39.00,-4.00,32.00,1.00,11.00,40.00,-37.00,-28.00,111.00,62.00,-41.00,-33.00,-52.00,-47.00,5.00,251.00,58.00,-191.00,5.00,38.00,-23.00,-25.00,62.00,87.00,35.00,-18.00,-34.00,-24.00,25.00,35.00,48.00,32.00,47.00,80.00,59.00,58.00,30.00,-230.00,-438.00,-177.00,103.00,8.00,-61.00,27.00,34.00,16.00,-11.00,-27.00,2.00,-10.00,-18.00,5.00,-11.00,-26.00,-3.00,23.00,6.00,0.00,33.00,-91.00,-20.00,101.00,-14.00,14.00,69.00,-4.00,0.00
0.00,-59.00,-53.00,45.00,131.00,21.00,-295.00,-292.00,-20.00,16.00,40.00,-18.00,-9.00,165.00,27.00,-119.00,-42.00,-67.00,8.00,21.00,-26.00,0.00,250.00,245.00,-57.00,-131.00,-125.00,-38.00,-107.00,-168.00,-33.00,-5.00,8.00,-11.00,184.00,255.00,-73.00,-109.00,2.00,135.00,91.00,-105.00,-247.00,24.00,104.00,-150.00,140.00,-69.00,-22.00,37.00,-194.00,178.00,184.00,54.00,-15.00,-63.00,-118.00,-110.00,90.00,74.00,-61.00,317.00,392.00,-17.00,-42.00,9.00,-382.00,-121.00,286.00,-62.00,-188.00,53.00,9.00,-163.00,220.00,128.00,-25.00,14.00,-42.00,-127.00,-2.00,-67.00,11.00,60.00,67.00,-85.00,-41.00,106.00,-124.00,62.00,-47.00,74.00,17.00,-82.00,108.00,-74.00,-103.00,-59.00,-191.00,179.00,28.00,19.00,225.00,-26.00,-147.00,-18.00,240.00,33.00,67.00,74.00,-46.00,-103.00,-50.00,-66.00,-146.00,2.00,14.00,-56.00,-40.00,250.00,256.00,-254.00,-405.00,-67.00,74.00,-78.00,-28.00,-38.00,46.00,104.00,-5.00,67.00,6.00,-75.00,-18.00,27.00,12.00,14.00,22.00,-39.00,-28.00,147.00,38.00,-130.00,-23.00,-13.00,-45.00,1.00,275.00,-29.00,-281.00,10.00,5.00,-32.00,-6.00,50.00,152.00,38.00,-114.00,-62.00,-23.00,26.00,10.00,36.00,28.00,10.00,57.00,174.00,194.00,163.00,-75.00,-402.00,-213.00,69.00,21.00,-36.00,18.00,22.00,4.00,-14.00,-15.00,7.00,-10.00,-12.00,-14.00,-59.00,-60.00,-16.00,14.00,7.00,2.00,16.00,-94.00,-27.00,73.00,-5.00,38.00,57.00,-47.00,0.00
0.00,-115.00,-34.00,14.00,85.00,42.00,-235.00,-294.00,-80.00,-24.00,40.00,-19.00,-5.00,156.00,84.00,-11.00,-59.00,-126.00,-48.00,7.00,-10.00,-8.00,270.00,282.00,-117.00,-208.00,-166.00,151.00,59.00,-230.00,-47.00,-2.00,10.00,42.00,173.00,162.00,-93.00,-121.00,-16.00,161.00,46.00,-167.00,-187.00,61.00,32.00,-104.00,117.00,-92.00,46.00,1.00,-147.00,279.00,113.00,-45.00,23.00,-78.00,-71.00,23.00,52.00,-29.00,-64.00,317.00,378.00,-33.00,-68.00,31.00,-340.00,-125.00,259.00,-135.00,-206.00,109.00,44.00,-150.00,214.00,127.00,-61.00,-15.00,-7.00,-106.00,26.00,-29.00,-8.00,25.00,46.00,14.00,-23.00,65.00,-111.00,23.00,-66.00,71.00,50.00,-88.00,82.00,-87.00,-185.00,-12.00,-40.00,162.00,-18.00,-11.00,197.00,-18.00,-54.00,2.00,152.00,70.00,71.00,26.00,-40.00,-2.00,3.00,-70.00,-104.00,-6.00,5.00,-11.00,-22.00,-6.00,44.00,17.00,-291.00,-217.00,99.00,-3.00,-10.00,-73.00,-34.00,24.00,-15.00,58.00,16.00,-36.00,-22.00,7.00,20.00,36.00,27.00,-49.00,-14.00,198.00,32.00,-146.00,-2.00,-20.00,-62.00,-22.00,220.00,-49.00,-253.00,0.00,-9.00,-11.00,10.00,19.00,201.00,38.00,-192.00,-82.00,-14.00,36.00,-15.00,13.00,19.00,-14.00,35.00,211.00,140.00,174.00,94.00,-242.00,-110.00,49.00,15.00,-7.00,10.00,23.00,7.00,-19.00,-2.00,5.00,-4.00,-1.00,-45.00,-114.00,-100.00,-22.00,16.00,10.00,7.00,8.00,-35.00,-17.00,11.00,-5.00,20.00,20.00,-46.00,0.00
0.00,-52.00,-35.00,-28.00,29.00,94.00,-153.00,-345.00,-144.00,-15.00,22.00,-2.00,7.00,66.00,102.00,96.00,-3.00,-133.00,-104.00,-5.00,-1.00,-8.00,271.00,266.00,-153.00,-205.00,-114.00,231.00,219.00,-132.00,-74.00,-6.00,9.00,82.00,48.00,-34.00,-92.00,-77.00,-51.00,106.00,25.00,-138.00,-88.00,47.00,-13.00,23.00,99.00,-127.00,81.00,-34.00,-92.00,256.00,-19.00,-13.00,43.00,-160.00,63.00,88.00,2.00,-83.00,-96.00,324.00,344.00,-49.00,-97.00,51.00,-298.00,-126.00,233.00,-149.00,-185.00,115.00,-2.00,-136.00,246.00,106.00,-86.00,-31.00,27.00,-76.00,43.00,-18.00,-26.00,47.00,31.00,52.00,-9.00,-2.00,-105.00,28.00,-72.00,53.00,47.00,-85.00,87.00,-53.00,-137.00,27.00,59.00,135.00,-6.00,-41.00,85.00,3.00,6.00,-33.00,4.00,35.00,112.00,69.00,-133.00,-12.00,119.00,5.00,-53.00,-13.00,-5.00,-22.00,5.00,-31.00,-29.00,67.00,-147.00,-178.00,77.00,30.00,-8.00,-97.00,-107.00,-32.00,-15.00,-28.00,-44.00,12.00,-13.00,7.00,-12.00,4.00,40.00,-70.00,-19.00,240.00,15.00,-178.00,10.00,-8.00,-61.00,-52.00,115.00,-35.00,-167.00,-9.00,3.00,17.00,6.00,-3.00,240.00,40.00,-188.00,-105.00,-40.00,78.00,4.00,20.00,18.00,-6.00,33.00,158.00,49.00,77.00,135.00,-116.00,-34.00,86.00,20.00,-2.00,0.00,25.00,8.00,-10.00,6.00,-9.00,3.00,17.00,-23.00,-61.00,-55.00,-8.00,12.00,11.00,5.00,-2.00,-15.00,9.00,22.00,-11.00,-12.00,0.00,-25.00,0.00
0.00,-7.00,-12.00,-23.00,-14.00,66.00,-173.00,-323.00,-107.00,-18.00,4.00,60.00,24.00,-47.00,9.00,59.00,22.00,-75.00,-60.00,-1.00,47.00,67.00,260.00,206.00,-97.00,-114.00,-14.00,147.00,193.00,-22.00,-114.00,6.00,-6.00,19.00,-126.00,-160.00,-23.00,-57.00,-20.00,69.00,77.00,-17.00,-171.00,20.00,121.00,138.00,101.00,-112.00,37.00,-53.00,-57.00,128.00,-56.00,38.00,20.00,-173.00,-22.00,39.00,50.00,-112.00,-146.00,379.00,348.00,-101.00,-81.00,102.00,-265.00,-120.00,215.00,-150.00,-158.00,112.00,-50.00,-136.00,269.00,94.00,-126.00,-79.00,87.00,-3.00,39.00,-52.00,-28.00,79.00,16.00,30.00,3.00,1.00,-109.00,-12.00,-63.00,91.00,11.00,-81.00,114.00,17.00,-106.00,9.00,158.00,98.00,-78.00,-65.00,35.00,14.00,-2.00,-13.00,1.00,-15.00,113.00,83.00,-208.00,-28.00,213.00,-12.00,-42.00,73.00,12.00,-21.00,-22.00,-3.00,-1.00,24.00,-78.00,-86.00,50.00,14.00,62.00,-31.00,-65.00,28.00,-6.00,-130.00,-126.00,23.00,7.00,25.00,-56.00,-71.00,24.00,-100.00,-94.00,189.00,72.00,-112.00,-68.00,-66.00,-76.00,-84.00,16.00,-8.00,-43.00,-18.00,21.00,55.00,3.00,-5.00,217.00,8.00,-146.00,-123.00,-67.00,116.00,35.00,31.00,8.00,-17.00,21.00,116.00,27.00,-4.00,48.00,-101.00,-19.00,133.00,54.00,2.00,-14.00,3.00,1.00,16.00,15.00,-31.00,-10.00,59.00,52.00,-3.00,-2.00,-1.00,-5.00,6.00,0.00,-7.00,-17.00,20.00,40.00,-7.00,-23.00,-11.00,-12.00,0.00
0.00,3.00,-2.00,-19.00,-16.00,20.00,-265.00,-245.00,-14.00,-88.00,-5.00,91.00,26.00,-59.00,-28.00,32.00,11.00,30.00,68.00,-8.00,111.00,159.00,129.00,79.00,-18.00,-63.00,5.00,46.00,49.00,-2.00,-85.00,6.00,-50.00,-54.00,-104.00,-118.00,-7.00,-18.00,74.00,84.00,52.00,-4.00,-195.00,-7.00,224.00,149.00,35.00,-36.00,6.00,-100.00,-69.00,45.00,-20.00,8.00,2.00,-53.00,-116.00,-32.00,40.00,-88.00,-93.00,370.00,308.00,-152.00,-62.00,154.00,-232.00,-119.00,197.00,-185.00,-193.00,149.00,-14.00,-123.00,263.00,71.00,-182.00,-116.00,167.00,43.00,22.00,-42.00,-19.00,54.00,-10.00,17.00,30.00,24.00,-118.00,-79.00,-113.00,155.00,36.00,-76.00,134.00,26.00,-201.00,-118.00,213.00,184.00,-109.00,-128.00,11.00,5.00,-4.00,103.00,123.00,-37.00,98.00,53.00,-105.00,32.00,83.00,-63.00,14.00,154.00,35.00,-93.00,-105.00,-58.00,-31.00,76.00,-126.00,-134.00,48.00,-16.00,125.00,111.00,-2.00,5.00,22.00,-29.00,-54.00,3.00,63.00,79.00,-39.00,-51.00,9.00,-85.00,-152.00,41.00,133.00,40.00,-138.00,-136.00,-100.00,-100.00,-45.00,-35.00,27.00,-56.00,-4.00,73.00,7.00,-32.00,116.00,-19.00,-127.00,-102.00,-50.00,120.00,43.00,-6.00,-17.00,-34.00,23.00,107.00,28.00,1.00,-39.00,-128.00,-29.00,104.00,32.00,-19.00,-1.00,-6.00,-1.00,31.00,22.00,-21.00,-9.00,81.00,96.00,10.00,10.00,-7.00,-12.00,5.00,-6.00,3.00,2.00,20.00,24.00,-6.00,21.00,-2.00,-2.00,0.00
0.00,-9.00,7.00,-3.00,-1.00,13.00,-307.00,-229.00,31.00,-99.00,-24.00,35.00,44.00,2.00,10.00,15.00,-57.00,187.00,178.00,-76.00,99.00,140.00,29.00,16.00,6.00,-37.00,-7.00,-24.00,-45.00,32.00,6.00,2.00,-58.00,-61.00,-28.00,-69.00,-23.00,-50.00,11.00,154.00,99.00,-31.00,-89.00,-32.00,182.00,123.00,-19.00,-62.00,-36.00,-6.00,-146.00,-95.00,18.00,16.00,7.00,12.00,-42.00,16.00,12.00,-80.00,-45.00,313.00,231.00,-124.00,-63.00,130.00,-225.00,-123.00,195.00,-212.00,-239.00,183.00,33.00,-115.00,254.00,57.00,-229.00,-130.00,237.00,37.00,-6.00,24.00,-3.00,40.00,-26.00,-16.00,52.00,44.00,-148.00,-99.00,-155.00,155.00,71.00,-75.00,162.00,27.00,-226.00,-202.00,99.00,232.00,-18.00,-160.00,-6.00,1.00,-11.00,110.00,150.00,-6.00,155.00,65.00,-15.00,86.00,-61.00,-18.00,76.00,94.00,22.00,-174.00,-149.00,-94.00,-62.00,122.00,-169.00,-216.00,16.00,-32.00,59.00,198.00,23.00,-161.00,38.00,126.00,49.00,-22.00,95.00,119.00,-4.00,-4.00,37.00,29.00,-69.00,-21.00,124.00,107.00,-73.00,-62.00,-52.00,-46.00,-67.00,-88.00,19.00,-73.00,-54.00,35.00,1.00,-80.00,27.00,-40.00,-120.00,-63.00,-62.00,87.00,47.00,-46.00,-54.00,-61.00,13.00,88.00,41.00,21.00,-60.00,-133.00,8.00,61.00,-77.00,-66.00,4.00,11.00,5.00,16.00,19.00,25.00,20.00,30.00,36.00,-9.00,-2.00,-4.00,25.00,20.00,-25.00,13.00,34.00,9.00,2.00,10.00,78.00,30.00,-2.00,0.00
0.00,-25.00,23.00,27.00,5.00,11.00,-307.00,-268.00,24.00,15.00,3.00,-33.00,39.00,24.00,57.00,-34.00,-105.00,303.00,184.00,-125.00,60.00,50.00,-75.00,-45.00,89.00,-21.00,-89.00,57.00,-13.00,-28.00,100.00,6.00,-18.00,32.00,-123.00,-134.00,22.00,-108.00,-100.00,203.00,187.00,35.00,-25.00,-50.00,105.00,82.00,19.00,-81.00,-39.00,167.00,-111.00,-258.00,-43.00,50.00,-14.00,-35.00,6.00,66.00,-5.00,-96.00,23.00,326.00,168.00,-93.00,-53.00,104.00,-221.00,-126.00,185.00,-219.00,-196.00,197.00,-26.00,-123.00,271.00,82.00,-263.00,-151.00,277.00,21.00,-20.00,82.00,11.00,16.00,-45.00,-33.00,74.00,53.00,-235.00,-155.00,-93.00,202.00,99.00,-76.00,154.00,38.00,-186.00,-182.00,-14.00,137.00,56.00,-107.00,-26.00,0.00,16.00,68.00,89.00,3.00,211.00,117.00,-20.00,86.00,-89.00,24.00,113.00,37.00,-6.00,-161.00,-150.00,-102.00,-63.00,96.00,-156.00,-240.00,-29.00,-23.00,0.00,204.00,23.00,-276.00,7.00,134.00,56.00,-14.00,21.00,45.00,33.00,-21.00,30.00,122.00,25.00,-1.00,119.00,112.00,-11.00,20.00,36.00,53.00,-23.00,-66.00,52.00,23.00,-23.00,5.00,-17.00,-46.00,9.00,-83.00,-106.00,-44.00,-67.00,24.00,17.00,-24.00,-53.00,-70.00,-32.00,-22.00,0.00,32.00,-49.00,-156.00,90.00,36.00,-173.00,-54.00,-52.00,16.00,25.00,11.00,21.00,16.00,13.00,-4.00,-17.00,-44.00,-23.00,12.00,75.00,27.00,-43.00,10.00,50.00,-21.00,-30.00,65.00,61.00,2.00,-36.00,0.00
0.00,-14.00,22.00,27.00,-1.00,18.00,-304.00,-329.00,20.00,140.00,61.00,-76.00,-3.00,6.00,1.00,-34.00,-19.00,300.00,202.00,-62.00,21.00,-28.00,-173.00,-110.00,162.00,-68.00,-244.00,206.00,24.00,-170.00,233.00,-8.00,15.00,199.00,-263.00,-208.00,65.00,53.00,50.00,-2.00,57.00,131.00,-3.00,-62.00,16.00,18.00,37.00,27.00,73.00,159.00,-19.00,-288.00,-181.00,47.00,0.00,-60.00,49.00,42.00,-83.00,-72.00,48.00,347.00,182.00,-80.00,-43.00,38.00,-228.00,-97.00,184.00,-190.00,-143.00,198.00,-83.00,-109.00,276.00,85.00,-285.00,-159.00,308.00,9.00,-53.00,105.00,44.00,-12.00,-90.00,-20.00,119.00,56.00,-274.00,-224.00,-55.00,263.00,149.00,-79.00,99.00,23.00,-184.00,-169.00,-1.00,46.00,58.00,-33.00,-84.00,4.00,68.00,72.00,113.00,40.00,173.00,104.00,-22.00,79.00,-67.00,-20.00,101.00,74.00,-9.00,-142.00,-160.00,-106.00,-67.00,81.00,-126.00,-244.00,-68.00,-17.00,9.00,191.00,22.00,-292.00,-20.00,112.00,26.00,-5.00,-22.00,-17.00,65.00,-47.00,-64.00,77.00,52.00,16.00,71.00,60.00,-3.00,19.00,69.00,96.00,-5.00,-11.00,128.00,110.00,4.00,21.00,21.00,7.00,11.00,-34.00,18.00,29.00,-15.00,2.00,-18.00,0.00,-12.00,-44.00,-70.00,-118.00,-104.00,39.00,-21.00,-263.00,90.00,12.00,-237.00,-31.00,-64.00,14.00,26.00,38.00,16.00,-35.00,1.00,9.00,-15.00,-29.00,-28.00,11.00,84.00,9.00,-44.00,17.00,57.00,-44.00,-70.00,79.00,27.00,-57.00,-88.00,0.00
0.00,1.00,11.00,9.00,1.00,26.00,-295.00,-296.00,40.00,122.00,78.00,-108.00,-45.00,-21.00,-57.00,6.00,9.00,305.00,274.00,-27.00,2.00,-62.00,-93.00,-25.00,62.00,-95.00,-210.00,151.00,6.00,-155.00,208.00,-17.00,38.00,204.00,-241.00,-192.00,-6.00,239.00,174.00,-202.00,29.00,114.00,-32.00,-24.00,-15.00,-5.00,18.00,45.00,66.00,74.00,-9.00,-195.00,-130.00,75.00,53.00,-132.00,78.00,54.00,-207.00,-83.00,-15.00,349.00,243.00,-85.00,-33.00,-49.00,-205.00,-32.00,169.00,-128.00,-154.00,171.00,-61.00,-92.00,243.00,86.00,-268.00,-190.00,316.00,40.00,-95.00,77.00,78.00,-6.00,-122.00,-13.00,153.00,47.00,-252.00,-219.00,-65.00,265.00,195.00,-86.00,30.00,-30.00,-194.00,-159.00,-8.00,44.00,68.00,-30.00,-110.00,19.00,67.00,62.00,181.00,121.00,142.00,64.00,-20.00,79.00,-52.00,-60.00,87.00,108.00,-8.00,-140.00,-165.00,-115.00,-67.00,85.00,-44.00,-136.00,-158.00,-123.00,14.00,172.00,30.00,-253.00,-31.00,82.00,18.00,2.00,-3.00,-20.00,58.00,-44.00,-110.00,49.00,48.00,-5.00,31.00,21.00,4.00,-8.00,-2.00,32.00,-19.00,35.00,118.00,57.00,-34.00,40.00,81.00,10.00,-5.00,32.00,143.00,140.00,6.00,1.00,23.00,4.00,9.00,-31.00,14.00,-3.00,-120.00,35.00,-56.00,-398.00,30.00,12.00,-255.00,-39.00,-29.00,9.00,2.00,38.00,-2.00,-31.00,12.00,11.00,-13.00,-6.00,-17.00,-3.00,53.00,-8.00,-33.00,29.00,71.00,-31.00,-89.00,-4.00,1.00,-21.00,-78.00,0.00
0.00,3.00,16.00,13.00,18.00,19.00,-249.00,-202.00,-11.00,19.00,77.00,-86.00,-89.00,-62.00,-16.00,12.00,-39.00,339.00,306.00,-41.00,11.00,-116.00,-71.00,96.00,36.00,-84.00,-113.00,73.00,38.00,-48.00,68.00,11.00,52.00,73.00,-86.00,-98.00,-108.00,199.00,97.00,-158.00,124.00,22.00,-62.00,13.00,-3.00,-2.00,11.00,-5.00,0.00,52.00,-16.00,-62.00,17.00,75.00,60.00,-184.00,-12.00,63.00,-184.00,-100.00,-68.00,300.00,283.00,-74.00,-80.00,-76.00,-76.00,2.00,71.00,-86.00,-190.00,124.00,-49.00,-69.00,226.00,75.00,-207.00,-185.00,279.00,49.00,-111.00,51.00,88.00,0.00,-112.00,-54.00,141.00,67.00,-229.00,-169.00,3.00,227.00,77.00,-84.00,50.00,-44.00,-214.00,-184.00,-54.00,54.00,92.00,-49.00,-101.00,44.00,69.00,-4.00,122.00,144.00,236.00,114.00,-50.00,86.00,-77.00,-41.00,141.00,85.00,-9.00,-141.00,-164.00,-120.00,-66.00,90.00,95.00,64.00,-184.00,-214.00,-21.00,42.00,55.00,-145.00,-146.00,-30.00,32.00,19.00,-2.00,-23.00,39.00,-34.00,-88.00,110.00,29.00,-74.00,49.00,42.00,-3.00,-23.00,-71.00,-29.00,8.00,70.00,77.00,-10.00,-68.00,12.00,72.00,13.00,-24.00,11.00,98.00,189.00,-16.00,-77.00,108.00,11.00,-28.00,55.00,187.00,90.00,-5.00,25.00,-221.00,-403.00,39.00,13.00,-208.00,-13.00,-62.00,-18.00,0.00,-1.00,11.00,20.00,6.00,0.00,-11.00,-14.00,17.00,16.00,-3.00,-22.00,-7.00,21.00,75.00,7.00,-105.00,-70.00,11.00,31.00,-38.00,0.00
0.00,4.00,25.00,19.00,19.00,7.00,-179.00,-185.00,-69.00,-6.00,60.00,-20.00,-70.00,-124.00,-56.00,6.00,-27.00,326.00,305.00,-18.00,11.00,-209.00,-214.00,161.00,166.00,-149.00,-161.00,169.00,71.00,-105.00,98.00,38.00,48.00,100.00,-38.00,-4.00,-7.00,84.00,48.00,-116.00,47.00,19.00,-67.00,46.00,-3.00,-39.00,15.00,-5.00,-15.00,33.00,-12.00,1.00,25.00,-6.00,27.00,-21.00,-24.00,28.00,-14.00,-77.00,-70.00,180.00,189.00,-55.00,-120.00,-78.00,8.00,-1.00,6.00,-79.00,-246.00,109.00,-41.00,-29.00,251.00,37.00,-168.00,-156.00,249.00,27.00,-120.00,47.00,96.00,-4.00,-109.00,-97.00,128.00,135.00,-156.00,-86.00,83.00,124.00,-80.00,-94.00,58.00,-28.00,-255.00,-217.00,-33.00,17.00,69.00,21.00,-51.00,62.00,59.00,-77.00,53.00,124.00,306.00,157.00,-153.00,96.00,-24.00,-22.00,190.00,64.00,-4.00,-136.00,-169.00,-110.00,-75.00,74.00,169.00,126.00,-29.00,-65.00,-51.00,-116.00,68.00,-21.00,-242.00,-109.00,-32.00,-23.00,57.00,2.00,-83.00,-126.00,-64.00,182.00,15.00,-144.00,68.00,55.00,-20.00,-22.00,-80.00,-34.00,35.00,80.00,76.00,-20.00,-79.00,-28.00,56.00,45.00,-29.00,-32.00,18.00,212.00,-26.00,-191.00,167.00,22.00,-112.00,219.00,238.00,-52.00,87.00,92.00,-310.00,-363.00,74.00,10.00,-152.00,8.00,-88.00,-50.00,5.00,-5.00,36.00,46.00,3.00,-3.00,-19.00,-29.00,26.00,23.00,-34.00,-12.00,15.00,4.00,86.00,29.00,-123.00,-46.00,37.00,2.00,-3.00,0.00
0.00,-6.00,21.00,20.00,6.00,3.00,-148.00,-177.00,-44.00,6.00,55.00,-2.00,-48.00,-174.00,-131.00,52.00,-5.00,252.00,252.00,-36.00,-20.00,-176.00,-183.00,180.00,183.00,-166.00,-139.00,187.00,-1.00,-216.00,148.00,47.00,68.00,192.00,-89.00,19.00,123.00,50.00,44.00,-68.00,-33.00,15.00,-54.00,71.00,-11.00,-63.00,30.00,6.00,-33.00,-3.00,-22.00,-10.00,-3.00,-63.00,14.00,136.00,50.00,-4.00,56.00,-37.00,-57.00,51.00,61.00,-41.00,-90.00,-46.00,10.00,-4.00,2.00,-63.00,-224.00,98.00,-33.00,16.00,243.00,-6.00,-133.00,-132.00,182.00,-19.00,-124.00,46.00,113.00,44.00,-111.00,-75.00,122.00,119.00,-89.00,-53.00,47.00,78.00,-47.00,-93.00,22.00,-41.00,-297.00,-248.00,-15.00,0.00,22.00,102.00,48.00,46.00,-33.00,-43.00,96.00,73.00,297.00,153.00,-246.00,87.00,64.00,-70.00,196.00,109.00,1.00,-127.00,-219.00,-122.00,-55.00,81.00,179.00,24.00,-1.00,43.00,8.00,-43.00,27.00,63.00,-45.00,-48.00,-124.00,-72.00,132.00,26.00,-203.00,-210.00,-101.00,113.00,46.00,-148.00,-16.00,8.00,-40.00,-27.00,-69.00,-29.00,39.00,81.00,87.00,-37.00,-83.00,-20.00,52.00,73.00,-14.00,-51.00,-3.00,229.00,-23.00,-243.00,209.00,34.00,-181.00,297.00,146.00,-210.00,85.00,249.00,-172.00,-420.00,-11.00,29.00,-76.00,-4.00,-64.00,-52.00,4.00,2.00,13.00,28.00,16.00,-3.00,-21.00,-8.00,-21.00,-15.00,-18.00,-4.00,19.00,-6.00,120.00,24.00,-147.00,-14.00,23.00,-20.00,61.00,0.00
0.00,-10.00,20.00,22.00,1.00,1.00,-148.00,-163.00,16.00,19.00,0.00,-25.00,-52.00,-148.00,-59.00,120.00,16.00,101.00,52.00,-83.00,-46.00,-74.00,91.00,205.00,6.00,-108.00,-15.00,131.00,-19.00,-178.00,69.00,50.00,74.00,149.00,-71.00,-23.00,63.00,3.00,11.00,31.00,20.00,8.00,-3.00,16.00,-37.00,-20.00,38.00,22.00,-12.00,-8.00,-29.00,-25.00,-2.00,-53.00,-3.00,100.00,58.00,-24.00,35.00,16.00,-44.00,-30.00,26.00,-26.00,-42.00,8.00,-95.00,-116.00,9.00,54.00,-49.00,102.00,-4.00,10.00,95.00,-94.00,-70.00,-75.00,134.00,9.00,-141.00,21.00,133.00,130.00,-43.00,-92.00,55.00,102.00,-46.00,-114.00,-43.00,98.00,12.00,-36.00,77.00,-7.00,-304.00,-321.00,-60.00,-4.00,46.00,99.00,34.00,21.00,-52.00,41.00,108.00,5.00,284.00,193.00,-206.00,-19.00,-19.00,-79.00,223.00,176.00,24.00,-143.00,-302.00,-166.00,-3.00,172.00,209.00,-60.00,-188.00,-87.00,49.00,49.00,-7.00,131.00,147.00,25.00,-34.00,-12.00,126.00,73.00,-97.00,-104.00,-143.00,-46.00,92.00,-76.00,-134.00,-83.00,-109.00,2.00,2.00,-96.00,-71.00,34.00,95.00,-56.00,-82.00,4.00,23.00,75.00,25.00,-26.00,0.00,203.00,-23.00,-226.00,235.00,36.00,-200.00,287.00,63.00,-258.00,44.00,292.00,79.00,-421.00,-230.00,40.00,8.00,-21.00,-47.00,-28.00,7.00,-6.00,-20.00,17.00,16.00,-10.00,-21.00,16.00,-38.00,-30.00,0.00,-27.00,7.00,4.00,145.00,14.00,-156.00,-28.00,2.00,5.00,116.00,0.00
0.00,-2.00,17.00,19.00,5.00,-2.00,-194.00,-161.00,111.00,-13.00,-80.00,-10.00,-23.00,-74.00,10.00,135.00,69.00,26.00,-170.00,-108.00,-21.00,-90.00,213.00,268.00,-112.00,-153.00,42.00,235.00,151.00,-109.00,-79.00,-8.00,62.00,149.00,21.00,-95.00,-52.00,-55.00,-30.00,52.00,82.00,56.00,22.00,-69.00,-63.00,15.00,31.00,36.00,-27.00,-20.00,14.00,-26.00,-64.00,-7.00,29.00,48.00,55.00,-31.00,19.00,33.00,-12.00,4.00,38.00,-37.00,4.00,18.00,-232.00,-310.00,-37.00,255.00,159.00,129.00,13.00,-139.00,-145.00,-132.00,-16.00,-13.00,208.00,138.00,-99.00,6.00,81.00,116.00,83.00,-84.00,-98.00,80.00,63.00,-113.00,-115.00,41.00,-36.00,-81.00,163.00,118.00,-224.00,-310.00,-134.00,-32.00,128.00,89.00,-42.00,-3.00,-38.00,57.00,72.00,-34.00,279.00,258.00,-95.00,-123.00,-85.00,25.00,142.00,109.00,35.00,-201.00,-312.00,-132.00,-6.00,213.00,251.00,-10.00,-280.00,-227.00,-7.00,-33.00,-7.00,177.00,82.00,-8.00,78.00,26.00,99.00,139.00,25.00,31.00,-34.00,-44.00,123.00,51.00,-78.00,-87.00,-152.00,42.00,74.00,-166.00,-190.00,-95.00,9.00,-42.00,-63.00,-19.00,-42.00,39.00,60.00,5.00,-17.00,144.00,-21.00,-168.00,251.00,37.00,-203.00,269.00,33.00,-262.00,33.00,183.00,261.00,-256.00,-403.00,16.00,61.00,-38.00,-49.00,-19.00,-13.00,-31.00,-47.00,31.00,12.00,-20.00,-24.00,11.00,-13.00,-20.00,9.00,-33.00,-8.00,13.00,145.00,16.00,-140.00,-32.00,10.00,25.00,114.00,0.00
0.00,8.00,14.00,17.00,2.00,-4.00,-269.00,-137.00,121.00,-115.00,-23.00,61.00,3.00,-27.00,11.00,97.00,116.00,62.00,-226.00,-141.00,-37.00,-122.00,89.00,205.00,-41.00,-132.00,66.00,363.00,253.00,-77.00,-156.00,-89.00,94.00,198.00,108.00,-153.00,-110.00,-5.00,-24.00,18.00,48.00,23.00,14.00,-142.00,-199.00,40.00,8.00,-71.00,-61.00,-38.00,60.00,-11.00,-98.00,55.00,187.00,124.00,17.00,-10.00,41.00,41.00,10.00,28.00,37.00,-11.00,48.00,-9.00,-140.00,-311.00,-145.00,278.00,210.00,73.00,-44.00,-279.00,-282.00,-39.00,40.00,79.00,267.00,154.00,-18.00,22.00,20.00,-65.00,11.00,100.00,-78.00,-97.00,49.00,78.00,-63.00,-70.00,-134.00,-164.00,184.00,224.00,-53.00,-266.00,-215.00,-24.00,145.00,81.00,-45.00,-32.00,-41.00,41.00,50.00,-26.00,285.00,277.00,-38.00,-66.00,-33.00,32.00,12.00,-5.00,5.00,-166.00,-217.00,-88.00,-64.00,80.00,246.00,86.00,-274.00,-249.00,-46.00,-75.00,9.00,222.00,-5.00,-142.00,35.00,-22.00,36.00,111.00,41.00,90.00,56.00,26.00,145.00,114.00,115.00,72.00,-136.00,29.00,109.00,-87.00,-97.00,-151.00,-100.00,-23.00,-28.00,-37.00,-101.00,-69.00,16.00,67.00,-36.00,-16.00,-87.00,-121.00,260.00,44.00,-209.00,269.00,26.00,-264.00,57.00,92.00,291.00,-57.00,-359.00,21.00,82.00,-32.00,-50.00,-95.00,-101.00,-45.00,-46.00,22.00,3.00,-17.00,-3.00,2.00,-53.00,-52.00,32.00,-6.00,-11.00,2.00,131.00,22.00,-134.00,16.00,36.00,-2.00,98.00,0.00
0.00,8.00,22.00,17.00,-8.00,-5.00,-291.00,-119.00,21.00,-178.00,65.00,114.00,40.00,6.00,32.00,63.00,123.00,46.00,-136.00,-130.00,-161.00,-95.00,52.00,63.00,7.00,-14.00,60.00,347.00,233.00,-42.00,-60.00,-85.00,33.00,182.00,139.00,-177.00,-126.00,54.00,8.00,6.00,5.00,-55.00,23.00,-132.00,-377.00,24.00,33.00,-151.00,-26.00,-2.00,73.00,1.00,-34.00,63.00,229.00,169.00,-33.00,4.00,52.00,54.00,21.00,-7.00,-10.00,20.00,63.00,-8.00,20.00,-166.00,-147.00,90.00,54.00,-28.00,-131.00,-216.00,-175.00,96.00,138.00,139.00,232.00,4.00,-49.00,107.00,60.00,-270.00,-181.00,288.00,107.00,-286.00,-98.00,297.00,22.00,-159.00,-187.00,-135.00,148.00,229.00,74.00,-276.00,-232.00,54.00,114.00,23.00,-46.00,-59.00,-15.00,68.00,33.00,-23.00,296.00,272.00,-119.00,9.00,67.00,-30.00,-2.00,-22.00,-11.00,-51.00,-87.00,-98.00,-102.00,-25.00,139.00,71.00,-266.00,-253.00,-50.00,-44.00,29.00,287.00,0.00,-287.00,-31.00,-52.00,-17.00,47.00,46.00,137.00,7.00,34.00,91.00,17.00,231.00,190.00,-128.00,16.00,149.00,19.00,33.00,-62.00,-21.00,43.00,-5.00,4.00,-68.00,-121.00,-46.00,112.00,-18.00,-162.00,-162.00,-133.00,122.00,26.00,-160.00,227.00,40.00,-274.00,24.00,84.00,220.00,31.00,-170.00,62.00,57.00,2.00,-23.00,-156.00,-144.00,-1.00,-2.00,-3.00,-11.00,-10.00,-52.00,-61.00,-85.00,-72.00,40.00,10.00,-14.00,0.00,95.00,3.00,-110.00,43.00,26.00,-57.00,96.00,0.00
0.00,-1.00,33.00,21.00,-16.00,-10.00,-229.00,-116.00,-83.00,-163.00,131.00,136.00,21.00,-10.00,32.00,16.00,81.00,51.00,3.00,-105.00,-242.00,-38.00,109.00,20.00,-36.00,-7.00,42.00,302.00,213.00,-33.00,36.00,-18.00,-78.00,132.00,151.00,-182.00,-120.00,56.00,-10.00,-49.00,-31.00,-56.00,107.00,17.00,-303.00,-45.00,85.00,-25.00,-7.00,44.00,75.00,-2.00,-17.00,15.00,81.00,63.00,-13.00,-14.00,10.00,16.00,29.00,-13.00,-50.00,16.00,41.00,13.00,20.00,-93.00,-58.00,33.00,-63.00,-130.00,-144.00,-114.00,-97.00,242.00,317.00,81.00,94.00,-143.00,-157.00,182.00,153.00,-269.00,-220.00,271.00,184.00,-268.00,-179.00,289.00,29.00,-203.00,-183.00,-174.00,117.00,276.00,75.00,-256.00,-145.00,93.00,43.00,-43.00,-11.00,-24.00,-33.00,32.00,9.00,-15.00,317.00,269.00,-322.00,45.00,268.00,-21.00,-1.00,-12.00,-17.00,-26.00,3.00,-44.00,-45.00,-7.00,1.00,1.00,-238.00,-281.00,-45.00,-73.00,-12.00,343.00,26.00,-384.00,-62.00,-45.00,-3.00,33.00,42.00,209.00,-30.00,-55.00,36.00,-31.00,145.00,113.00,-60.00,9.00,147.00,43.00,-2.00,2.00,92.00,179.00,20.00,4.00,-6.00,-19.00,46.00,80.00,-2.00,-92.00,-93.00,-123.00,-69.00,-11.00,-68.00,108.00,46.00,-264.00,-96.00,45.00,144.00,9.00,-62.00,102.00,26.00,24.00,0.00,-76.00,-59.00,21.00,14.00,-2.00,-9.00,-27.00,-127.00,-107.00,-26.00,-13.00,26.00,-1.00,-38.00,-70.00,-1.00,-5.00,-60.00,5.00,3.00,-59.00,72.00,0.00
0.00,0.00,31.00,12.00,-16.00,-1.00,-160.00,-139.00,-152.00,-131.00,177.00,88.00,1.00,42.00,-41.00,-37.00,45.00,105.00,69.00,-140.00,-188.00,21.00,85.00,-17.00,-75.00,-2.00,149.00,285.00,132.00,-24.00,52.00,6.00,-63.00,112.00,109.00,-179.00,-100.00,1.00,-23.00,-74.00,-97.00,-13.00,171.00,86.00,-128.00,-43.00,59.00,43.00,-37.00,49.00,96.00,23.00,-32.00,14.00,3.00,-29.00,9.00,-4.00,-16.00,-12.00,34.00,-23.00,-54.00,-36.00,-22.00,25.00,-15.00,-60.00,-15.00,87.00,-43.00,-148.00,-47.00,-128.00,-177.00,323.00,429.00,-10.00,-56.00,-55.00,-206.00,70.00,213.00,-165.00,-242.00,179.00,239.00,-198.00,-241.00,216.00,45.00,-221.00,-73.00,-174.00,41.00,308.00,38.00,-239.00,-52.00,29.00,-36.00,-41.00,25.00,36.00,-15.00,-42.00,-21.00,8.00,304.00,243.00,-415.00,94.00,350.00,-66.00,-1.00,62.00,-7.00,-45.00,-14.00,-15.00,51.00,24.00,-38.00,4.00,-151.00,-207.00,-8.00,-102.00,-128.00,225.00,31.00,-377.00,-115.00,-54.00,6.00,48.00,37.00,271.00,-28.00,-228.00,30.00,24.00,62.00,81.00,-23.00,-39.00,165.00,7.00,-142.00,14.00,69.00,255.00,60.00,-86.00,-8.00,51.00,161.00,96.00,18.00,10.00,10.00,13.00,-25.00,-22.00,-16.00,13.00,21.00,-159.00,-151.00,-58.00,106.00,-127.00,-129.00,133.00,-10.00,14.00,-2.00,47.00,44.00,-1.00,2.00,6.00,-9.00,-38.00,-62.00,-42.00,12.00,25.00,11.00,5.00,-47.00,-153.00,-83.00,18.00,-9.00,-11.00,3.00,-65.00,-33.00,0.00
0.00,2.00,20.00,2.00,-4.00,16.00,-147.00,-176.00,-139.00,-145.00,106.00,40.00,77.00,145.00,-111.00,40.00,49.00,17.00,39.00,-138.00,-125.00,50.00,53.00,-87.00,-34.00,57.00,231.00,252.00,52.00,-14.00,22.00,-8.00,-15.00,130.00,64.00,-173.00,-76.00,-74.00,31.00,37.00,-106.00,8.00,72.00,3.00,-56.00,4.00,25.00,3.00,-43.00,31.00,98.00,10.00,-57.00,25.00,18.00,-39.00,4.00,28.00,-8.00,-4.00,31.00,-14.00,-62.00,-125.00,-87.00,42.00,13.00,30.00,-13.00,-13.00,-6.00,-48.00,31.00,-129.00,-113.00,301.00,291.00,-37.00,-55.00,69.00,-155.00,-33.00,121.00,-168.00,-245.00,142.00,258.00,-193.00,-200.00,199.00,54.00,-180.00,38.00,-78.00,-59.00,212.00,2.00,-215.00,-28.00,-39.00,-24.00,32.00,21.00,36.00,11.00,-20.00,-39.00,-37.00,287.00,232.00,-344.00,112.00,259.00,-127.00,12.00,136.00,54.00,-30.00,-126.00,-148.00,47.00,106.00,54.00,-39.00,-68.00,-26.00,63.00,25.00,-152.00,-24.00,29.00,-217.00,-160.00,-100.00,-46.00,-13.00,-34.00,281.00,-30.00,-359.00,33.00,66.00,53.00,133.00,-35.00,-91.00,205.00,-15.00,-219.00,24.00,21.00,241.00,79.00,-168.00,-51.00,4.00,99.00,112.00,66.00,8.00,9.00,125.00,79.00,37.00,67.00,-7.00,27.00,31.00,-77.00,-94.00,60.00,-313.00,-196.00,90.00,-118.00,-9.00,-9.00,116.00,122.00,8.00,31.00,-7.00,-58.00,38.00,64.00,-8.00,0.00,16.00,-4.00,18.00,-7.00,-85.00,-65.00,12.00,20.00,11.00,6.00,-92.00,-132.00,0.00
0.00,34.00,19.00,-38.00,21.00,27.00,-87.00,-132.00,-117.00,-120.00,17.00,63.00,93.00,69.00,-72.00,33.00,34.00,-20.00,54.00,-65.00,-151.00,85.00,52.00,-91.00,39.00,49.00,217.00,221.00,3.00,1.00,-14.00,-16.00,-6.00,124.00,66.00,-168.00,-55.00,-53.00,72.00,71.00,-92.00,7.00,3.00,-60.00,-51.00,21.00,13.00,0.00,-36.00,-30.00,14.00,-45.00,-67.00,25.00,52.00,-16.00,-14.00,21.00,-14.00,-2.00,26.00,1.00,-86.00,-125.00,-56.00,45.00,25.00,136.00,19.00,-127.00,38.00,31.00,24.00,-53.00,46.00,200.00,66.00,-63.00,-65.00,-10.00,36.00,97.00,-101.00,-203.00,-148.00,76.00,168.00,-103.00,-68.00,92.00,82.00,-63.00,-44.00,-60.00,-52.00,80.00,-19.00,-110.00,-42.00,-49.00,8.00,52.00,37.00,37.00,7.00,41.00,-19.00,-101.00,281.00,238.00,-296.00,107.00,234.00,-128.00,-26.00,133.00,104.00,-6.00,-184.00,-320.00,-2.00,201.00,121.00,-155.00,-111.00,49.00,78.00,142.00,0.00,-44.00,68.00,-2.00,-99.00,-73.00,-84.00,-107.00,-120.00,123.00,-33.00,-313.00,-77.00,39.00,85.00,129.00,-53.00,-111.00,186.00,-3.00,-209.00,36.00,-1.00,172.00,85.00,-154.00,-61.00,-34.00,-1.00,54.00,83.00,-26.00,-61.00,66.00,15.00,97.00,160.00,-4.00,60.00,149.00,106.00,-40.00,-100.00,-330.00,-57.00,-9.00,-256.00,-8.00,-13.00,65.00,104.00,51.00,85.00,-10.00,-89.00,123.00,137.00,-29.00,-20.00,26.00,-11.00,72.00,68.00,-24.00,-30.00,0.00,17.00,18.00,12.00,-43.00,-100.00,0.00
0.00,68.00,-2.00,-90.00,29.00,31.00,34.00,-20.00,-100.00,-38.00,-32.00,46.00,73.00,-36.00,-31.00,-114.00,28.00,106.00,115.00,-28.00,-199.00,88.00,52.00,-61.00,9.00,-24.00,264.00,261.00,-29.00,18.00,-15.00,-23.00,-1.00,117.00,45.00,-169.00,-41.00,-89.00,84.00,111.00,-111.00,10.00,31.00,-147.00,-118.00,31.00,-18.00,5.00,-34.00,-88.00,-47.00,-7.00,-6.00,16.00,102.00,37.00,-38.00,-6.00,-52.00,-8.00,19.00,-10.00,-46.00,-46.00,-15.00,-1.00,-8.00,136.00,69.00,-36.00,63.00,-64.00,-85.00,-8.00,53.00,63.00,-11.00,-33.00,-105.00,-101.00,218.00,305.00,-115.00,-168.00,-42.00,-28.00,-18.00,-11.00,9.00,0.00,69.00,-19.00,-133.00,-25.00,21.00,12.00,17.00,-71.00,-55.00,23.00,-24.00,-32.00,44.00,30.00,27.00,63.00,11.00,-95.00,288.00,259.00,-290.00,111.00,261.00,-134.00,-93.00,123.00,133.00,2.00,-172.00,-358.00,-24.00,206.00,47.00,-202.00,-153.00,-9.00,15.00,87.00,118.00,63.00,67.00,122.00,41.00,-2.00,20.00,-5.00,-69.00,-86.00,-23.00,-108.00,-204.00,-108.00,57.00,86.00,-125.00,-126.00,134.00,17.00,-169.00,34.00,-14.00,77.00,70.00,-83.00,-43.00,-42.00,-2.00,19.00,45.00,-34.00,-80.00,-13.00,-64.00,49.00,115.00,-18.00,53.00,113.00,300.00,37.00,-289.00,-182.00,175.00,-72.00,-334.00,3.00,-18.00,-14.00,19.00,62.00,71.00,4.00,-18.00,78.00,92.00,-9.00,-30.00,42.00,13.00,130.00,127.00,-31.00,-30.00,43.00,13.00,39.00,62.00,-8.00,-47.00,0.00
0.00,68.00,1.00,-64.00,-14.00,-1.00,78.00,39.00,-57.00,-67.00,-31.00,55.00,83.00,32.00,-39.00,-119.00,32.00,98.00,144.00,-36.00,-185.00,37.00,-3.00,-45.00,-11.00,-31.00,320.00,300.00,-35.00,23.00,-10.00,-13.00,-3.00,94.00,34.00,-174.00,-37.00,-166.00,95.00,200.00,-119.00,15.00,19.00,-256.00,-183.00,46.00,-24.00,-1.00,-22.00,-50.00,-28.00,36.00,28.00,-15.00,115.00,94.00,15.00,-8.00,-134.00,-50.00,20.00,10.00,3.00,-22.00,-12.00,-37.00,-34.00,50.00,48.00,75.00,101.00,-191.00,-295.00,-76.00,38.00,59.00,29.00,91.00,-1.00,-59.00,195.00,317.00,62.00,-72.00,21.00,-101.00,-135.00,20.00,-21.00,-96.00,-33.00,-35.00,-128.00,63.00,102.00,-2.00,32.00,-105.00,-24.00,113.00,-88.00,-125.00,34.00,2.00,-5.00,28.00,70.00,10.00,312.00,258.00,-291.00,67.00,212.00,-94.00,-56.00,127.00,148.00,7.00,-173.00,-325.00,-96.00,183.00,55.00,-260.00,-180.00,-4.00,4.00,11.00,70.00,72.00,-7.00,126.00,105.00,-26.00,116.00,129.00,50.00,-62.00,49.00,83.00,-109.00,-176.00,-74.00,32.00,-119.00,-175.00,60.00,21.00,-177.00,-34.00,-21.00,16.00,44.00,-17.00,-54.00,-50.00,8.00,13.00,21.00,-7.00,-41.00,-33.00,-70.00,-3.00,46.00,-25.00,17.00,41.00,285.00,143.00,-253.00,-154.00,267.00,-89.00,-376.00,-15.00,-21.00,-11.00,10.00,46.00,15.00,-6.00,33.00,20.00,16.00,17.00,-16.00,56.00,48.00,74.00,112.00,23.00,-3.00,71.00,3.00,31.00,77.00,-12.00,-24.00,0.00
0.00,76.00,43.00,-38.00,-48.00,-28.00,33.00,47.00,-46.00,-50.00,105.00,50.00,-62.00,88.00,20.00,-85.00,10.00,33.00,150.00,-21.00,-153.00,-33.00,-58.00,-14.00,31.00,33.00,328.00,263.00,-19.00,26.00,-25.00,-5.00,35.00,69.00,-12.00,-169.00,-40.00,-153.00,95.00,192.00,-112.00,9.00,11.00,-231.00,-214.00,15.00,-26.00,-35.00,54.00,73.00,-16.00,15.00,-18.00,-64.00,69.00,89.00,87.00,17.00,-140.00,-75.00,-18.00,12.00,6.00,-25.00,16.00,-29.00,-47.00,5.00,11.00,39.00,136.00,-86.00,-267.00,-105.00,26.00,85.00,47.00,87.00,59.00,15.00,90.00,155.00,80.00,-1.00,22.00,-39.00,8.00,38.00,-92.00,-154.00,-112.00,-94.00,-112.00,84.00,85.00,-27.00,5.00,-68.00,7.00,86.00,-89.00,-161.00,-20.00,22.00,-39.00,28.00,171.00,116.00,295.00,187.00,-325.00,-72.00,138.00,39.00,92.00,145.00,124.00,8.00,-167.00,-327.00,-184.00,203.00,143.00,-323.00,-228.00,19.00,6.00,-18.00,7.00,61.00,-11.00,133.00,27.00,-76.00,85.00,89.00,113.00,0.00,81.00,115.00,52.00,-20.00,-15.00,61.00,-23.00,-161.00,-2.00,-6.00,-189.00,-141.00,-77.00,-11.00,0.00,-24.00,-98.00,-45.00,-4.00,11.00,30.00,1.00,-31.00,-36.00,-32.00,18.00,34.00,-41.00,-4.00,21.00,129.00,316.00,-92.00,-324.00,253.00,-102.00,-407.00,-16.00,-30.00,2.00,34.00,38.00,-1.00,-25.00,24.00,27.00,17.00,13.00,-4.00,97.00,51.00,-7.00,85.00,100.00,69.00,-19.00,-58.00,43.00,18.00,-34.00,-4.00,0.00
0.00,32.00,39.00,-39.00,-55.00,-22.00,-5.00,40.00,-3.00,149.00,247.00,-49.00,-265.00,-11.00,93.00,-63.00,-3.00,21.00,78.00,24.00,-105.00,-78.00,-24.00,-10.00,-18.00,63.00,370.00,246.00,5.00,50.00,-43.00,4.00,55.00,37.00,-41.00,-157.00,-41.00,-147.00,94.00,175.00,-119.00,-11.00,27.00,-102.00,-135.00,-60.00,-81.00,-30.00,128.00,150.00,-8.00,9.00,-91.00,-124.00,-2.00,10.00,48.00,21.00,10.00,35.00,-66.00,-64.00,-23.00,-27.00,11.00,-9.00,-27.00,-8.00,1.00,-4.00,64.00,17.00,-1.00,49.00,5.00,-31.00,-27.00,21.00,32.00,0.00,-4.00,40.00,26.00,8.00,0.00,53.00,113.00,32.00,-37.00,-4.00,-90.00,-173.00,-54.00,48.00,-18.00,4.00,-28.00,-111.00,-54.00,-25.00,-30.00,-144.00,-83.00,87.00,-2.00,80.00,186.00,106.00,290.00,139.00,-350.00,-195.00,97.00,202.00,219.00,116.00,73.00,4.00,-129.00,-342.00,-227.00,217.00,149.00,-271.00,-202.00,-27.00,-42.00,-32.00,12.00,40.00,-10.00,174.00,-33.00,-62.00,60.00,28.00,66.00,-73.00,-6.00,-19.00,113.00,170.00,119.00,61.00,68.00,3.00,31.00,45.00,-71.00,-152.00,-119.00,-16.00,-58.00,-92.00,-170.00,-29.00,5.00,-78.00,-4.00,-3.00,-24.00,-40.00,-14.00,47.00,16.00,-63.00,-7.00,14.00,49.00,445.00,-22.00,-459.00,248.00,-124.00,-406.00,12.00,-49.00,0.00,30.00,51.00,-2.00,-57.00,39.00,41.00,12.00,1.00,-3.00,149.00,60.00,-49.00,70.00,143.00,128.00,-111.00,-115.00,111.00,2.00,-83.00,-9.00,0.00
0.00,21.00,-7.00,-33.00,-57.00,-3.00,-6.00,5.00,51.00,193.00,289.00,-55.00,-224.00,-42.00,-28.00,-52.00,114.00,21.00,-78.00,34.00,-51.00,-70.00,27.00,-66.00,-122.00,99.00,424.00,257.00,-53.00,72.00,55.00,-1.00,7.00,34.00,-22.00,-176.00,-69.00,-80.00,123.00,116.00,-132.00,-17.00,-4.00,-41.00,51.00,-69.00,-105.00,55.00,61.00,77.00,22.00,39.00,-104.00,-175.00,-72.00,-44.00,-8.00,12.00,88.00,115.00,-27.00,-34.00,-29.00,-87.00,-63.00,-8.00,30.00,-13.00,-8.00,7.00,4.00,7.00,57.00,122.00,58.00,-57.00,-42.00,15.00,16.00,-56.00,-33.00,-16.00,-40.00,5.00,-6.00,34.00,51.00,11.00,17.00,140.00,48.00,-105.00,4.00,20.00,-24.00,67.00,-60.00,-293.00,-196.00,-58.00,13.00,-62.00,-60.00,47.00,36.00,120.00,124.00,83.00,289.00,147.00,-290.00,-201.00,-25.00,196.00,281.00,71.00,67.00,59.00,-80.00,-282.00,-234.00,96.00,88.00,-84.00,-38.00,-29.00,-120.00,-93.00,-28.00,-39.00,-44.00,203.00,-24.00,-17.00,52.00,8.00,-1.00,-181.00,-53.00,-82.00,66.00,251.00,118.00,-98.00,80.00,136.00,108.00,109.00,47.00,-33.00,12.00,56.00,-47.00,-76.00,-177.00,-14.00,8.00,-174.00,-127.00,2.00,23.00,-150.00,-118.00,33.00,20.00,-40.00,-14.00,0.00,48.00,403.00,44.00,-425.00,199.00,-129.00,-413.00,11.00,-41.00,0.00,24.00,127.00,-16.00,-135.00,64.00,47.00,-17.00,25.00,38.00,152.00,83.00,-42.00,66.00,119.00,99.00,-77.00,-106.00,41.00,-3.00,-45.00,-12.00,0.00
0.00,105.00,-45.00,-50.00,-15.00,10.00,-11.00,-16.00,36.00,40.00,266.00,88.00,-4.00,-3.00,-236.00,-76.00,306.00,44.00,-241.00,-1.00,-54.00,-59.00,124.00,-94.00,-194.00,129.00,421.00,312.00,-130.00,23.00,152.00,-15.00,-76.00,60.00,38.00,-206.00,-88.00,20.00,141.00,36.00,-131.00,-10.00,-57.00,-44.00,129.00,-52.00,-67.00,110.00,-6.00,16.00,37.00,83.00,-78.00,-203.00,-74.00,-34.00,-46.00,-25.00,29.00,49.00,15.00,69.00,37.00,-74.00,-75.00,-14.00,54.00,14.00,-20.00,-8.00,23.00,23.00,8.00,22.00,-25.00,26.00,62.00,-6.00,-25.00,-39.00,56.00,-49.00,-112.00,14.00,2.00,-3.00,17.00,0.00,-19.00,117.00,121.00,-1.00,20.00,7.00,4.00,19.00,-122.00,-341.00,-199.00,-29.00,-13.00,48.00,9.00,-93.00,42.00,149.00,96.00,68.00,264.00,196.00,-150.00,-163.00,-143.00,112.00,205.00,10.00,58.00,56.00,-51.00,-143.00,-212.00,-33.00,3.00,93.00,230.00,81.00,-136.00,-132.00,-77.00,-171.00,-50.00,156.00,-108.00,54.00,17.00,-34.00,12.00,-245.00,-61.00,-25.00,15.00,242.00,116.00,-193.00,-43.00,96.00,92.00,60.00,76.00,37.00,136.00,159.00,31.00,7.00,-6.00,55.00,-1.00,-84.00,-172.00,-4.00,50.00,-231.00,-256.00,-74.00,31.00,-12.00,-56.00,-41.00,41.00,252.00,202.00,-306.00,41.00,-117.00,-437.00,-1.00,-12.00,12.00,24.00,208.00,-24.00,-220.00,54.00,33.00,-8.00,89.00,108.00,125.00,69.00,20.00,96.00,1.00,11.00,-41.00,-96.00,-49.00,-4.00,47.00,-5.00,0.00
0.00,105.00,-49.00,-45.00,20.00,-15.00,-27.00,-9.00,19.00,-4.00,190.00,168.00,125.00,2.00,-218.00,-59.00,246.00,66.00,-228.00,-63.00,-88.00,-66.00,188.00,-58.00,-170.00,116.00,382.00,351.00,-136.00,-22.00,155.00,-55.00,-149.00,105.00,98.00,-183.00,-50.00,76.00,103.00,-45.00,-124.00,-33.00,-78.00,-26.00,93.00,-60.00,-27.00,125.00,13.00,19.00,16.00,60.00,-140.00,-88.00,44.00,-56.00,-75.00,-89.00,-11.00,-2.00,11.00,31.00,39.00,21.00,6.00,65.00,20.00,31.00,-43.00,-82.00,86.00,46.00,14.00,-19.00,-119.00,19.00,84.00,-26.00,-43.00,14.00,103.00,-9.00,-56.00,21.00,14.00,-43.00,-119.00,46.00,-5.00,-103.00,60.00,80.00,121.00,-4.00,-82.00,-47.00,-139.00,-191.00,-104.00,-105.00,-13.00,111.00,-17.00,-91.00,39.00,152.00,141.00,-10.00,250.00,259.00,-57.00,-119.00,-96.00,105.00,59.00,-49.00,-40.00,-104.00,-70.00,-95.00,-167.00,85.00,75.00,54.00,199.00,110.00,-3.00,43.00,29.00,-184.00,-35.00,34.00,-214.00,35.00,-60.00,-55.00,-16.00,-269.00,-69.00,31.00,7.00,208.00,162.00,-176.00,-154.00,5.00,23.00,16.00,61.00,15.00,67.00,120.00,87.00,57.00,124.00,123.00,43.00,35.00,1.00,67.00,29.00,-100.00,-238.00,-155.00,27.00,0.00,-135.00,-130.00,-16.00,86.00,307.00,-256.00,-104.00,-71.00,-444.00,-14.00,0.00,37.00,24.00,181.00,-24.00,-218.00,19.00,10.00,31.00,149.00,132.00,124.00,31.00,9.00,79.00,-81.00,20.00,-38.00,-105.00,-10.00,23.00,62.00,-4.00,0.00
0.00,30.00,-53.00,-6.00,16.00,-3.00,29.00,13.00,11.00,27.00,119.00,144.00,58.00,7.00,-63.00,-49.00,35.00,111.00,-23.00,-166.00,-133.00,-61.00,186.00,-12.00,-93.00,109.00,273.00,322.00,-96.00,-25.00,150.00,-98.00,-152.00,152.00,87.00,-156.00,-26.00,112.00,86.00,-111.00,-128.00,-82.00,-25.00,21.00,6.00,2.00,14.00,72.00,19.00,6.00,-5.00,-38.00,-237.00,112.00,153.00,-80.00,-49.00,-157.00,-22.00,13.00,43.00,-3.00,-18.00,31.00,27.00,128.00,-8.00,37.00,-28.00,-113.00,108.00,44.00,17.00,-1.00,-48.00,-1.00,-41.00,-98.00,-83.00,-27.00,67.00,4.00,117.00,12.00,-117.00,-67.00,-219.00,217.00,23.00,-339.00,32.00,135.00,293.00,1.00,-205.00,31.00,27.00,-129.00,-250.00,-161.00,140.00,121.00,-134.00,-18.00,54.00,152.00,191.00,-79.00,247.00,283.00,-44.00,-31.00,-13.00,36.00,-24.00,-40.00,-76.00,-211.00,-127.00,-108.00,-75.00,196.00,176.00,-57.00,-140.00,-15.00,118.00,191.00,122.00,-8.00,57.00,33.00,-89.00,-67.00,-114.00,-22.00,-141.00,-233.00,-96.00,-58.00,-7.00,185.00,215.00,-147.00,-192.00,-28.00,6.00,12.00,24.00,-3.00,2.00,27.00,57.00,48.00,45.00,63.00,108.00,67.00,143.00,155.00,64.00,34.00,-56.00,-7.00,22.00,15.00,-137.00,-147.00,-131.00,-54.00,230.00,-258.00,-112.00,2.00,-356.00,-85.00,-72.00,29.00,13.00,63.00,-18.00,-135.00,2.00,0.00,50.00,150.00,138.00,154.00,8.00,-72.00,15.00,-48.00,66.00,-13.00,-81.00,29.00,36.00,15.00,-3.00,0.00
0.00,26.00,-32.00,10.00,42.00,75.00,89.00,28.00,-30.00,-19.00,56.00,109.00,11.00,25.00,4.00,-57.00,-30.00,102.00,153.00,-164.00,-233.00,-58.00,189.00,48.00,-20.00,51.00,127.00,275.00,-6.00,14.00,113.00,-112.00,-143.00,160.00,68.00,-159.00,-25.00,129.00,104.00,-130.00,-139.00,-130.00,-3.00,120.00,-27.00,47.00,45.00,-18.00,9.00,0.00,-5.00,-84.00,-196.00,189.00,118.00,-27.00,21.00,-214.00,-60.00,35.00,73.00,29.00,-12.00,11.00,0.00,55.00,-26.00,30.00,-35.00,-106.00,18.00,7.00,118.00,-5.00,-87.00,19.00,-135.00,-150.00,-152.00,-111.00,58.00,-29.00,329.00,11.00,-327.00,-7.00,2.00,351.00,8.00,-272.00,33.00,73.00,249.00,-56.00,-218.00,115.00,105.00,-148.00,-333.00,-135.00,159.00,56.00,-161.00,13.00,54.00,162.00,211.00,-107.00,267.00,323.00,-148.00,12.00,125.00,-16.00,-49.00,-22.00,-38.00,-173.00,-142.00,-102.00,-25.00,112.00,119.00,-86.00,-339.00,-62.00,133.00,84.00,70.00,100.00,137.00,124.00,107.00,-28.00,-1.00,59.00,-169.00,-104.00,-125.00,-264.00,-80.00,123.00,198.00,-128.00,-244.00,-11.00,40.00,-13.00,-15.00,-16.00,18.00,16.00,18.00,19.00,-38.00,17.00,112.00,36.00,71.00,85.00,111.00,57.00,69.00,143.00,54.00,52.00,-3.00,7.00,-152.00,-104.00,50.00,-182.00,-54.00,6.00,-160.00,-177.00,-200.00,31.00,38.00,-64.00,-96.00,-102.00,-9.00,21.00,49.00,77.00,148.00,212.00,-41.00,-102.00,33.00,-19.00,37.00,-18.00,-40.00,32.00,41.00,-13.00,-10.00,0.00
0.00,71.00,-24.00,-22.00,47.00,101.00,41.00,25.00,-81.00,-64.00,74.00,34.00,56.00,93.00,6.00,-41.00,-26.00,17.00,183.00,-26.00,-272.00,-78.00,108.00,87.00,106.00,24.00,30.00,200.00,76.00,51.00,63.00,-119.00,-115.00,167.00,36.00,-160.00,-5.00,139.00,111.00,-141.00,-141.00,-116.00,-90.00,142.00,71.00,49.00,38.00,-56.00,6.00,1.00,-4.00,-65.00,-180.00,180.00,119.00,-44.00,105.00,-146.00,-113.00,-53.00,-55.00,-8.00,119.00,2.00,-136.00,12.00,-7.00,111.00,-25.00,-192.00,-56.00,-17.00,290.00,-9.00,-261.00,51.00,-37.00,2.00,-83.00,-111.00,42.00,-9.00,320.00,-89.00,-402.00,24.00,142.00,345.00,14.00,-174.00,18.00,6.00,169.00,-99.00,-217.00,81.00,102.00,-68.00,-258.00,-116.00,58.00,11.00,-63.00,52.00,10.00,89.00,169.00,-117.00,288.00,355.00,-291.00,-31.00,212.00,1.00,41.00,48.00,-24.00,-63.00,-81.00,-131.00,-55.00,11.00,50.00,-127.00,-408.00,-74.00,125.00,49.00,48.00,46.00,82.00,116.00,115.00,39.00,110.00,143.00,-10.00,47.00,-7.00,-248.00,-147.00,37.00,80.00,-131.00,-238.00,-71.00,-19.00,-29.00,-35.00,-46.00,10.00,25.00,46.00,16.00,-61.00,41.00,91.00,-6.00,-34.00,-5.00,54.00,41.00,57.00,72.00,73.00,63.00,112.00,154.00,66.00,-52.00,-130.00,-33.00,2.00,-52.00,-34.00,-153.00,-183.00,56.00,81.00,-151.00,-240.00,-28.00,-21.00,-28.00,28.00,-29.00,106.00,266.00,-98.00,-155.00,106.00,33.00,18.00,-45.00,-32.00,27.00,30.00,-14.00,-26.00,0.00
0.00,34.00,-34.00,-37.00,-40.00,85.00,39.00,16.00,-69.00,-41.00,116.00,-53.00,6.00,124.00,44.00,-18.00,-46.00,-6.00,136.00,69.00,-191.00,-114.00,12.00,23.00,156.00,107.00,6.00,198.00,144.00,16.00,14.00,-119.00,-86.00,169.00,8.00,-160.00,17.00,140.00,111.00,-141.00,-142.00,-76.00,-204.00,53.00,203.00,126.00,21.00,-85.00,5.00,-4.00,-13.00,-54.00,-223.00,177.00,180.00,-146.00,119.00,-20.00,-133.00,-218.00,-218.00,-46.00,280.00,-18.00,-334.00,52.00,62.00,261.00,90.00,-208.00,-39.00,-3.00,286.00,2.00,-317.00,-78.00,-11.00,232.00,34.00,-155.00,32.00,10.00,239.00,-181.00,-437.00,14.00,50.00,364.00,27.00,-272.00,48.00,9.00,260.00,52.00,-194.00,36.00,162.00,-77.00,-314.00,-26.00,83.00,16.00,0.00,17.00,-2.00,18.00,75.00,-65.00,268.00,268.00,-337.00,-123.00,112.00,40.00,169.00,120.00,4.00,46.00,8.00,-93.00,-53.00,-34.00,44.00,-226.00,-514.00,-138.00,116.00,119.00,50.00,26.00,47.00,52.00,27.00,11.00,67.00,113.00,89.00,107.00,141.00,-10.00,-12.00,55.00,-9.00,-89.00,-119.00,-154.00,-197.00,-20.00,-55.00,-178.00,-15.00,42.00,64.00,5.00,-46.00,16.00,40.00,0.00,-67.00,-5.00,14.00,17.00,24.00,-4.00,11.00,18.00,100.00,120.00,270.00,14.00,-189.00,60.00,70.00,-5.00,-27.00,-42.00,-55.00,13.00,45.00,-129.00,-206.00,109.00,-10.00,-153.00,-64.00,-102.00,31.00,249.00,-69.00,-261.00,76.00,140.00,32.00,-73.00,-31.00,30.00,2.00,-5.00,-16.00,0.00
0.00,-39.00,11.00,-29.00,-72.00,121.00,81.00,-30.00,-18.00,11.00,30.00,-124.00,-71.00,95.00,113.00,26.00,-52.00,63.00,147.00,60.00,-161.00,-145.00,-14.00,-37.00,68.00,152.00,120.00,229.00,136.00,-12.00,-42.00,-122.00,16.00,175.00,-69.00,-165.00,24.00,146.00,114.00,-142.00,-155.00,-49.00,-235.00,-21.00,229.00,197.00,36.00,-109.00,1.00,-18.00,-15.00,-42.00,-82.00,158.00,48.00,-125.00,113.00,-19.00,-162.00,-225.00,-141.00,1.00,231.00,-14.00,-264.00,1.00,-68.00,270.00,117.00,-206.00,11.00,6.00,254.00,17.00,-349.00,-212.00,-75.00,380.00,26.00,-324.00,61.00,18.00,366.00,-70.00,-375.00,117.00,14.00,272.00,8.00,-239.00,-48.00,-64.00,315.00,147.00,-117.00,73.00,100.00,-183.00,-274.00,36.00,41.00,-42.00,-7.00,8.00,62.00,40.00,22.00,22.00,261.00,174.00,-324.00,-180.00,31.00,69.00,158.00,66.00,32.00,70.00,10.00,37.00,51.00,-11.00,50.00,-226.00,-496.00,-135.00,5.00,-40.00,34.00,46.00,59.00,40.00,-30.00,-4.00,53.00,24.00,30.00,41.00,130.00,126.00,123.00,121.00,37.00,64.00,37.00,-75.00,-215.00,-6.00,-69.00,-336.00,-17.00,57.00,-79.00,-68.00,28.00,-14.00,-27.00,8.00,-90.00,-7.00,30.00,5.00,4.00,-13.00,-25.00,24.00,58.00,37.00,224.00,38.00,-78.00,32.00,106.00,51.00,-74.00,82.00,42.00,-30.00,-3.00,-33.00,-48.00,88.00,0.00,-138.00,-124.00,-80.00,-9.00,134.00,-73.00,-286.00,56.00,147.00,-20.00,-88.00,-7.00,35.00,-37.00,8.00,24.00,0.00
0.00,66.00,108.00,-77.00,-27.00,113.00,9.00,-52.00,-15.00,28.00,-46.00,-141.00,-31.00,63.00,109.00,80.00,9.00,143.00,172.00,14.00,-171.00,-167.00,-33.00,-15.00,-5.00,202.00,253.00,127.00,83.00,-56.00,-98.00,-51.00,108.00,170.00,-125.00,-163.00,20.00,146.00,117.00,-147.00,-162.00,-23.00,-75.00,-49.00,43.00,211.00,64.00,-121.00,-10.00,-20.00,6.00,-43.00,-79.00,134.00,39.00,-59.00,143.00,-63.00,-213.00,-159.00,-54.00,11.00,163.00,-18.00,-194.00,-50.00,-210.00,260.00,50.00,-339.00,25.00,11.00,394.00,39.00,-414.00,-45.00,58.00,356.00,-9.00,-309.00,51.00,-74.00,332.00,-24.00,-302.00,181.00,22.00,196.00,16.00,-194.00,-169.00,-118.00,351.00,81.00,-165.00,114.00,110.00,-176.00,-232.00,0.00,-22.00,-42.00,11.00,66.00,104.00,3.00,-46.00,74.00,332.00,195.00,-201.00,-156.00,-56.00,35.00,-11.00,9.00,92.00,-30.00,-74.00,164.00,186.00,21.00,69.00,-39.00,-254.00,-74.00,-128.00,-282.00,-43.00,-42.00,-31.00,24.00,-53.00,20.00,91.00,21.00,6.00,11.00,47.00,61.00,67.00,65.00,147.00,180.00,65.00,59.00,-12.00,56.00,4.00,-252.00,2.00,35.00,-216.00,-183.00,-2.00,-50.00,-77.00,9.00,-101.00,-37.00,18.00,10.00,0.00,-38.00,-1.00,53.00,36.00,37.00,105.00,124.00,45.00,-69.00,107.00,-58.00,-181.00,175.00,124.00,-31.00,-2.00,60.00,28.00,6.00,1.00,-33.00,-51.00,-10.00,-7.00,12.00,-124.00,-185.00,105.00,65.00,-173.00,-113.00,73.00,81.00,-66.00,-61.00,-16.00,0.00
0.00,194.00,128.00,-139.00,-41.00,37.00,-71.00,-23.00,-8.00,-27.00,-40.00,-52.00,46.00,-14.00,9.00,145.00,152.00,137.00,116.00,49.00,-116.00,-211.00,-77.00,53.00,-13.00,150.00,269.00,83.00,70.00,-129.00,-118.00,47.00,105.00,163.00,-115.00,-134.00,-2.00,119.00,136.00,-149.00,-157.00,-80.00,-43.00,40.00,-11.00,186.00,74.00,-135.00,-12.00,-3.00,20.00,-9.00,-252.00,62.00,213.00,-92.00,158.00,-19.00,-281.00,-163.00,-113.00,-78.00,262.00,-27.00,-307.00,44.00,-29.00,282.00,52.00,-281.00,24.00,30.00,330.00,-53.00,-408.00,30.00,135.00,324.00,-1.00,-256.00,38.00,-174.00,230.00,-41.00,-404.00,87.00,20.00,318.00,54.00,-278.00,2.00,50.00,282.00,32.00,-185.00,-14.00,86.00,-129.00,-252.00,17.00,2.00,8.00,48.00,39.00,44.00,-38.00,-75.00,64.00,415.00,278.00,-134.00,-168.00,-98.00,35.00,-156.00,73.00,135.00,-160.00,-80.00,148.00,181.00,38.00,152.00,18.00,-86.00,98.00,-37.00,-250.00,-123.00,-129.00,-125.00,-171.00,-172.00,39.00,83.00,70.00,14.00,38.00,13.00,-8.00,24.00,0.00,223.00,115.00,-76.00,89.00,87.00,99.00,138.00,-11.00,57.00,74.00,-121.00,-189.00,-104.00,-85.00,-148.00,-7.00,-44.00,-120.00,-68.00,7.00,14.00,-35.00,13.00,7.00,4.00,60.00,62.00,298.00,89.00,-229.00,117.00,-147.00,-266.00,144.00,125.00,-22.00,5.00,127.00,61.00,-21.00,1.00,43.00,29.00,20.00,4.00,-33.00,-60.00,-37.00,60.00,11.00,-213.00,-127.00,137.00,134.00,-65.00,-203.00,-149.00,0.00
0.00,91.00,-53.00,-156.00,-23.00,43.00,-48.00,-7.00,23.00,-100.00,-28.00,43.00,11.00,-98.00,27.00,252.00,203.00,46.00,32.00,109.00,-42.00,-239.00,-128.00,85.00,-6.00,-14.00,248.00,186.00,51.00,-109.00,-99.00,92.00,57.00,104.00,-60.00,-137.00,-21.00,119.00,155.00,-143.00,-155.00,-86.00,-166.00,66.00,129.00,165.00,42.00,-143.00,6.00,9.00,10.00,18.00,-259.00,-13.00,222.00,-42.00,165.00,-37.00,-377.00,-78.00,8.00,-105.00,225.00,-4.00,-259.00,-55.00,9.00,306.00,53.00,-203.00,15.00,30.00,229.00,-156.00,-410.00,3.00,32.00,400.00,9.00,-388.00,85.00,-23.00,316.00,41.00,-357.00,19.00,25.00,265.00,-82.00,-327.00,151.00,174.00,206.00,36.00,-164.00,-137.00,-16.00,-144.00,-193.00,92.00,-32.00,2.00,76.00,-2.00,-13.00,-24.00,-25.00,-21.00,452.00,383.00,-263.00,-206.00,32.00,65.00,-106.00,118.00,25.00,-144.00,-7.00,-16.00,40.00,47.00,194.00,-102.00,-114.00,236.00,106.00,-21.00,41.00,-23.00,-85.00,-306.00,-302.00,-37.00,-69.00,2.00,-7.00,-11.00,-1.00,2.00,33.00,60.00,315.00,66.00,-153.00,19.00,-28.00,17.00,158.00,82.00,101.00,219.00,25.00,-45.00,-22.00,-40.00,-150.00,-27.00,38.00,-186.00,-205.00,-23.00,-31.00,-87.00,2.00,-41.00,-8.00,52.00,55.00,377.00,97.00,-317.00,126.00,-168.00,-285.00,88.00,48.00,37.00,26.00,64.00,35.00,-42.00,8.00,105.00,94.00,27.00,-18.00,2.00,38.00,29.00,3.00,-12.00,-80.00,-48.00,66.00,79.00,-34.00,-199.00,-155.00,0.00
0.00,-3.00,-137.00,-96.00,12.00,62.00,14.00,-14.00,-6.00,-86.00,-22.00,-24.00,-102.00,-63.00,153.00,287.00,140.00,24.00,26.00,81.00,-15.00,-202.00,-172.00,8.00,3.00,-24.00,192.00,217.00,84.00,0.00,-36.00,48.00,-42.00,60.00,3.00,-166.00,-13.00,142.00,143.00,-136.00,-159.00,-25.00,-208.00,-23.00,198.00,192.00,11.00,-142.00,13.00,7.00,10.00,-62.00,-291.00,14.00,258.00,77.00,165.00,-110.00,-361.00,-46.00,62.00,-54.00,131.00,0.00,-221.00,-221.00,-89.00,398.00,4.00,-321.00,20.00,12.00,345.00,-33.00,-309.00,127.00,-12.00,286.00,8.00,-348.00,-30.00,0.00,382.00,72.00,-273.00,1.00,17.00,195.00,-197.00,-370.00,95.00,119.00,297.00,67.00,-233.00,-26.00,132.00,-241.00,-289.00,115.00,-50.00,-19.00,56.00,27.00,-20.00,-17.00,31.00,-71.00,466.00,443.00,-390.00,-231.00,155.00,76.00,-13.00,28.00,-73.00,-38.00,10.00,-62.00,31.00,29.00,16.00,-153.00,-137.00,117.00,104.00,110.00,204.00,157.00,48.00,-92.00,-161.00,-121.00,-211.00,-123.00,-55.00,-198.00,-121.00,46.00,53.00,65.00,400.00,127.00,-102.00,-3.00,-162.00,-64.00,55.00,18.00,42.00,233.00,79.00,66.00,167.00,37.00,-41.00,52.00,76.00,-103.00,-207.00,-42.00,-94.00,-231.00,-9.00,-31.00,-106.00,0.00,55.00,296.00,70.00,-231.00,148.00,-212.00,-319.00,72.00,19.00,125.00,61.00,-37.00,-75.00,-83.00,82.00,97.00,73.00,52.00,-46.00,70.00,88.00,-16.00,16.00,39.00,37.00,18.00,-5.00,7.00,8.00,-61.00,-46.00,0.00
0.00,34.00,-34.00,-25.00,-10.00,32.00,27.00,-7.00,-42.00,-24.00,-10.00,-115.00,-119.00,-40.00,84.00,249.00,155.00,66.00,58.00,34.00,22.00,-110.00,-208.00,-84.00,4.00,47.00,86.00,141.00,141.00,77.00,25.00,-64.00,-48.00,144.00,6.00,-161.00,-19.00,138.00,141.00,-137.00,-156.00,-6.00,-231.00,-61.00,212.00,212.00,22.00,-141.00,1.00,5.00,22.00,-57.00,-275.00,-19.00,245.00,86.00,160.00,-140.00,-269.00,-62.00,-125.00,-91.00,156.00,-6.00,-243.00,-69.00,66.00,357.00,-10.00,-246.00,46.00,-8.00,268.00,-55.00,-250.00,135.00,13.00,227.00,20.00,-305.00,-176.00,-108.00,436.00,29.00,-397.00,13.00,17.00,313.00,2.00,-260.00,61.00,41.00,243.00,-9.00,-231.00,48.00,193.00,-263.00,-400.00,47.00,43.00,-38.00,-2.00,70.00,-12.00,-12.00,8.00,-43.00,506.00,444.00,-410.00,-284.00,125.00,103.00,7.00,-23.00,-29.00,-29.00,-26.00,14.00,147.00,93.00,-96.00,-238.00,-215.00,-1.00,72.00,62.00,108.00,178.00,120.00,95.00,93.00,49.00,-38.00,-101.00,-95.00,-297.00,-261.00,19.00,5.00,-94.00,396.00,164.00,-69.00,-33.00,-255.00,-36.00,32.00,-41.00,-25.00,129.00,56.00,56.00,233.00,69.00,-36.00,116.00,176.00,55.00,-71.00,31.00,-42.00,-221.00,-17.00,-19.00,-260.00,-97.00,9.00,134.00,71.00,-95.00,121.00,-257.00,-351.00,76.00,25.00,163.00,37.00,-69.00,-93.00,-128.00,168.00,41.00,-78.00,112.00,-31.00,44.00,82.00,-69.00,23.00,125.00,94.00,15.00,14.00,35.00,57.00,4.00,-2.00,0.00
0.00,75.00,-18.00,-53.00,57.00,82.00,-40.00,-8.00,-5.00,-34.00,-10.00,-27.00,-23.00,-86.00,-32.00,192.00,139.00,58.00,41.00,14.00,85.00,-16.00,-199.00,-119.00,-7.00,68.00,26.00,78.00,110.00,50.00,82.00,-87.00,-11.00,239.00,4.00,-151.00,-34.00,131.00,153.00,-139.00,-139.00,21.00,-121.00,-86.00,91.00,210.00,25.00,-142.00,-10.00,8.00,22.00,-34.00,-218.00,-32.00,156.00,80.00,187.00,-233.00,-213.00,107.00,-140.00,-128.00,108.00,0.00,-228.00,-57.00,139.00,290.00,-3.00,-182.00,32.00,-22.00,190.00,-164.00,-358.00,37.00,15.00,410.00,43.00,-413.00,-4.00,52.00,357.00,2.00,-328.00,4.00,-103.00,283.00,118.00,-172.00,72.00,7.00,161.00,-80.00,-211.00,-16.00,146.00,-129.00,-386.00,-21.00,69.00,-62.00,18.00,98.00,-25.00,-48.00,-27.00,-30.00,523.00,451.00,-354.00,-296.00,-19.00,65.00,18.00,0.00,22.00,-19.00,34.00,47.00,76.00,171.00,33.00,-319.00,-291.00,1.00,62.00,-6.00,-19.00,58.00,59.00,67.00,145.00,224.00,165.00,54.00,39.00,-91.00,-184.00,-76.00,-102.00,-184.00,270.00,39.00,-116.00,-148.00,-324.00,24.00,61.00,-67.00,-33.00,134.00,75.00,22.00,197.00,43.00,-152.00,20.00,242.00,96.00,7.00,190.00,55.00,-14.00,45.00,-15.00,-209.00,-126.00,-106.00,-32.00,160.00,12.00,-24.00,-340.00,-346.00,69.00,12.00,181.00,-27.00,-149.00,-5.00,-98.00,179.00,19.00,-167.00,142.00,-35.00,-53.00,50.00,-32.00,18.00,109.00,100.00,-32.00,28.00,124.00,87.00,-1.00,11.00,0.00
0.00,53.00,-51.00,-22.00,130.00,95.00,-93.00,-56.00,38.00,-13.00,-20.00,29.00,26.00,-48.00,-15.00,76.00,88.00,91.00,-14.00,-26.00,94.00,27.00,-141.00,-100.00,-7.00,53.00,26.00,52.00,83.00,-19.00,103.00,56.00,-1.00,203.00,-11.00,-143.00,-13.00,121.00,130.00,-133.00,-123.00,-10.00,-19.00,-40.00,-23.00,193.00,33.00,-140.00,-14.00,6.00,14.00,-121.00,-248.00,57.00,170.00,103.00,200.00,-238.00,-159.00,102.00,-121.00,-74.00,16.00,-41.00,-239.00,-155.00,58.00,361.00,-5.00,-312.00,36.00,-1.00,293.00,23.00,-260.00,16.00,-6.00,353.00,-48.00,-426.00,102.00,143.00,257.00,2.00,-231.00,-44.00,-194.00,253.00,44.00,-285.00,71.00,25.00,256.00,26.00,-174.00,12.00,170.00,-181.00,-436.00,-3.00,23.00,-60.00,78.00,85.00,-87.00,-74.00,31.00,-11.00,486.00,429.00,-234.00,-235.00,-113.00,-66.00,-45.00,-15.00,-13.00,21.00,138.00,95.00,-36.00,126.00,61.00,-198.00,-186.00,-38.00,46.00,-12.00,-58.00,-55.00,14.00,87.00,39.00,88.00,134.00,154.00,178.00,146.00,14.00,-12.00,-14.00,-94.00,79.00,-127.00,-199.00,-220.00,-323.00,-30.00,-2.00,-65.00,-14.00,114.00,102.00,66.00,207.00,7.00,-164.00,-36.00,101.00,-52.00,13.00,262.00,58.00,115.00,198.00,44.00,-22.00,11.00,-131.00,-134.00,171.00,96.00,-149.00,-440.00,-357.00,12.00,-11.00,221.00,-38.00,-257.00,35.00,-18.00,186.00,14.00,-184.00,108.00,-36.00,-82.00,42.00,31.00,17.00,54.00,78.00,-104.00,14.00,169.00,37.00,-4.00,19.00,0.00
0.00,16.00,-5.00,82.00,64.00,-27.00,-68.00,-82.00,28.00,67.00,15.00,4.00,0.00,-40.00,13.00,-19.00,67.00,166.00,-34.00,-34.00,66.00,37.00,-76.00,-80.00,-11.00,41.00,24.00,23.00,108.00,-20.00,54.00,165.00,-2.00,54.00,15.00,-54.00,41.00,106.00,60.00,-125.00,-112.00,-46.00,-32.00,12.00,-33.00,174.00,65.00,-134.00,-11.00,-8.00,9.00,-141.00,-132.00,68.00,81.00,89.00,159.00,-167.00,-143.00,-25.00,-218.00,-83.00,-22.00,-63.00,-87.00,43.00,92.00,283.00,0.00,-234.00,49.00,-106.00,216.00,120.00,-172.00,20.00,-21.00,246.00,-130.00,-431.00,16.00,51.00,357.00,10.00,-349.00,14.00,25.00,311.00,11.00,-234.00,57.00,-71.00,197.00,103.00,-125.00,74.00,132.00,-320.00,-459.00,15.00,22.00,-28.00,89.00,67.00,-88.00,-81.00,33.00,23.00,486.00,399.00,-107.00,-103.00,-144.00,-152.00,-78.00,-25.00,-42.00,-16.00,67.00,97.00,18.00,115.00,17.00,-17.00,-39.00,-83.00,-64.00,-106.00,-55.00,-85.00,45.00,122.00,-49.00,-39.00,49.00,81.00,106.00,179.00,97.00,87.00,147.00,94.00,73.00,-103.00,-203.00,-184.00,-256.00,-167.00,-133.00,-90.00,5.00,-9.00,26.00,95.00,253.00,21.00,-133.00,-19.00,22.00,-145.00,29.00,203.00,-60.00,67.00,228.00,100.00,84.00,150.00,62.00,-118.00,18.00,75.00,-121.00,-402.00,-381.00,-21.00,-45.00,261.00,-17.00,-318.00,41.00,43.00,206.00,-27.00,-197.00,104.00,24.00,-41.00,35.00,34.00,3.00,31.00,40.00,-127.00,20.00,153.00,-28.00,-24.00,-23.00,0.00
0.00,58.00,29.00,15.00,59.00,-34.00,-54.00,-58.00,-5.00,39.00,79.00,22.00,-42.00,-61.00,44.00,-44.00,-26.00,156.00,35.00,82.00,52.00,-9.00,-20.00,-87.00,-50.00,11.00,16.00,18.00,89.00,54.00,49.00,131.00,38.00,-70.00,-15.00,13.00,114.00,145.00,-9.00,-134.00,-92.00,-30.00,-114.00,-6.00,28.00,183.00,95.00,-130.00,-13.00,-19.00,17.00,-166.00,-141.00,101.00,89.00,78.00,118.00,-230.00,-124.00,115.00,-165.00,-104.00,-28.00,-104.00,-77.00,123.00,120.00,200.00,-1.00,-177.00,8.00,-197.00,195.00,29.00,-320.00,60.00,-5.00,327.00,-7.00,-337.00,61.00,15.00,311.00,-3.00,-397.00,-36.00,147.00,318.00,20.00,-157.00,34.00,-170.00,123.00,78.00,-191.00,56.00,187.00,-232.00,-427.00,-31.00,14.00,-39.00,77.00,101.00,-41.00,-93.00,1.00,1.00,496.00,437.00,-44.00,40.00,-166.00,-103.00,13.00,-31.00,-8.00,-114.00,-133.00,44.00,96.00,143.00,33.00,48.00,97.00,-2.00,-158.00,-239.00,-116.00,-118.00,24.00,63.00,-71.00,-6.00,44.00,-11.00,7.00,81.00,29.00,42.00,134.00,223.00,265.00,11.00,-100.00,8.00,-147.00,-182.00,-176.00,-175.00,-79.00,-149.00,-68.00,21.00,210.00,41.00,-175.00,-10.00,102.00,-94.00,56.00,150.00,-146.00,9.00,98.00,55.00,62.00,130.00,264.00,-6.00,-99.00,-7.00,13.00,-282.00,-404.00,-26.00,-54.00,305.00,-10.00,-333.00,39.00,46.00,223.00,-34.00,-205.00,99.00,71.00,1.00,40.00,30.00,-18.00,5.00,22.00,-113.00,20.00,152.00,-52.00,-79.00,-62.00,0.00
0.00,85.00,41.00,-101.00,107.00,89.00,-23.00,-10.00,-65.00,-66.00,105.00,10.00,-93.00,-1.00,54.00,-25.00,-35.00,115.00,105.00,163.00,48.00,-19.00,9.00,-136.00,-48.00,1.00,23.00,-3.00,3.00,153.00,21.00,66.00,129.00,-40.00,-103.00,-134.00,66.00,261.00,51.00,-149.00,-58.00,6.00,-202.00,-12.00,102.00,161.00,109.00,-139.00,-15.00,-4.00,26.00,-170.00,-274.00,102.00,216.00,82.00,76.00,-227.00,-142.00,102.00,-65.00,-57.00,-17.00,-162.00,-190.00,29.00,48.00,311.00,7.00,-312.00,13.00,-2.00,325.00,29.00,-278.00,106.00,9.00,216.00,-48.00,-251.00,140.00,4.00,179.00,-30.00,-402.00,-133.00,59.00,367.00,38.00,-250.00,39.00,-1.00,224.00,35.00,-177.00,21.00,121.00,-184.00,-322.00,-66.00,-37.00,-76.00,41.00,83.00,8.00,-51.00,14.00,9.00,474.00,448.00,-35.00,88.00,-85.00,-34.00,11.00,-34.00,-15.00,-234.00,-221.00,66.00,120.00,100.00,30.00,2.00,122.00,115.00,-16.00,-125.00,-165.00,-152.00,-33.00,-82.00,-132.00,27.00,72.00,-35.00,-35.00,15.00,-44.00,-14.00,31.00,156.00,427.00,49.00,-129.00,189.00,9.00,-25.00,-12.00,-165.00,-143.00,-185.00,-169.00,-31.00,49.00,-118.00,-187.00,16.00,123.00,-15.00,92.00,84.00,-145.00,4.00,22.00,9.00,13.00,53.00,272.00,85.00,-90.00,34.00,101.00,-250.00,-391.00,-78.00,-41.00,306.00,-21.00,-310.00,14.00,38.00,261.00,-20.00,-220.00,50.00,76.00,3.00,15.00,106.00,7.00,-49.00,37.00,-83.00,14.00,152.00,-51.00,-118.00,-81.00,0.00
0.00,71.00,110.00,-61.00,1.00,75.00,76.00,26.00,-118.00,-110.00,61.00,-1.00,-73.00,45.00,31.00,23.00,50.00,92.00,140.00,123.00,44.00,27.00,-46.00,-195.00,15.00,44.00,33.00,-26.00,-68.00,158.00,-58.00,12.00,138.00,95.00,-93.00,-285.00,-63.00,347.00,197.00,-139.00,-25.00,-29.00,-103.00,-33.00,38.00,203.00,67.00,-151.00,1.00,18.00,13.00,-153.00,-151.00,80.00,107.00,65.00,30.00,-133.00,-186.00,-74.00,-100.00,-83.00,-19.00,-62.00,-5.00,86.00,36.00,271.00,16.00,-250.00,-82.00,-4.00,357.00,56.00,-210.00,53.00,-3.00,165.00,-175.00,-354.00,120.00,1.00,242.00,-2.00,-307.00,56.00,54.00,277.00,25.00,-263.00,-70.00,86.00,291.00,6.00,-133.00,29.00,-21.00,-206.00,-167.00,-72.00,-91.00,-56.00,-2.00,-21.00,33.00,-11.00,65.00,61.00,424.00,426.00,-138.00,-4.00,101.00,68.00,-26.00,-14.00,-59.00,-234.00,-187.00,17.00,77.00,60.00,20.00,-74.00,27.00,84.00,90.00,113.00,9.00,-10.00,-10.00,-193.00,-231.00,-33.00,13.00,-79.00,-54.00,1.00,-64.00,-26.00,-16.00,71.00,477.00,0.00,-333.00,179.00,109.00,91.00,175.00,14.00,-14.00,-33.00,-179.00,-27.00,-80.00,-326.00,-184.00,-74.00,-9.00,60.00,121.00,5.00,-116.00,6.00,21.00,12.00,10.00,28.00,221.00,131.00,-24.00,114.00,45.00,-255.00,-283.00,-56.00,-15.00,160.00,-106.00,-276.00,0.00,48.00,283.00,-39.00,-240.00,29.00,108.00,-20.00,-75.00,186.00,76.00,-42.00,43.00,-82.00,15.00,123.00,-39.00,-110.00,-99.00,0.00
0.00,101.00,137.00,13.00,-83.00,-33.00,137.00,-22.00,-104.00,-46.00,-19.00,-6.00,-11.00,96.00,86.00,3.00,23.00,74.00,134.00,81.00,17.00,-16.00,-94.00,-127.00,24.00,42.00,28.00,2.00,-28.00,53.00,-59.00,4.00,115.00,160.00,-89.00,-251.00,-20.00,343.00,170.00,-123.00,-1.00,-90.00,-69.00,-83.00,40.00,303.00,20.00,-149.00,21.00,17.00,-6.00,-227.00,-105.00,176.00,68.00,40.00,6.00,-135.00,-94.00,12.00,-111.00,-110.00,-59.00,-86.00,34.00,148.00,59.00,167.00,5.00,-208.00,-189.00,-131.00,392.00,28.00,-320.00,17.00,2.00,312.00,2.00,-292.00,65.00,14.00,222.00,-96.00,-231.00,165.00,58.00,203.00,8.00,-274.00,-170.00,-2.00,323.00,16.00,-195.00,84.00,126.00,-169.00,-237.00,-74.00,-12.00,44.00,-27.00,-123.00,-55.00,-28.00,95.00,57.00,422.00,450.00,-332.00,-225.00,173.00,169.00,120.00,116.00,-42.00,-89.00,-140.00,-109.00,-12.00,-1.00,-9.00,-83.00,33.00,-13.00,-53.00,137.00,169.00,144.00,68.00,-34.00,-155.00,-104.00,-69.00,-180.00,-112.00,-36.00,-78.00,-41.00,-7.00,48.00,478.00,-24.00,-452.00,76.00,90.00,59.00,177.00,203.00,84.00,54.00,36.00,51.00,-62.00,-268.00,-162.00,-158.00,-198.00,-23.00,10.00,-44.00,-38.00,1.00,7.00,8.00,21.00,35.00,206.00,246.00,54.00,21.00,-50.00,-197.00,-116.00,80.00,-14.00,-91.00,-128.00,-133.00,-96.00,-78.00,260.00,-8.00,-240.00,15.00,156.00,-12.00,-143.00,145.00,109.00,36.00,42.00,-72.00,-2.00,72.00,-34.00,-69.00,-98.00,0.00
0.00,135.00,76.00,24.00,-39.00,-77.00,83.00,-69.00,-76.00,34.00,-19.00,-36.00,-30.00,143.00,170.00,-57.00,-22.00,58.00,72.00,32.00,-31.00,-49.00,-33.00,0.00,1.00,14.00,19.00,10.00,8.00,60.00,-12.00,-48.00,143.00,103.00,-83.00,-68.00,39.00,238.00,56.00,-113.00,22.00,26.00,-119.00,-194.00,64.00,305.00,34.00,-141.00,25.00,7.00,-11.00,-151.00,-194.00,109.00,162.00,32.00,-5.00,-178.00,-14.00,72.00,-116.00,-75.00,-95.00,-180.00,-94.00,103.00,28.00,239.00,13.00,-298.00,-8.00,61.00,336.00,11.00,-236.00,24.00,-124.00,235.00,119.00,-215.00,36.00,10.00,168.00,-203.00,-330.00,63.00,29.00,334.00,21.00,-305.00,33.00,65.00,238.00,23.00,-211.00,-9.00,171.00,-110.00,-330.00,-12.00,136.00,49.00,-49.00,-145.00,-158.00,-78.00,26.00,40.00,534.00,468.00,-430.00,-411.00,34.00,130.00,244.00,230.00,104.00,118.00,-57.00,-105.00,-61.00,-66.00,-41.00,-110.00,47.00,-24.00,-174.00,19.00,85.00,112.00,107.00,126.00,30.00,40.00,-2.00,-198.00,-153.00,-76.00,-142.00,-142.00,-36.00,16.00,475.00,5.00,-466.00,24.00,48.00,0.00,75.00,271.00,36.00,-62.00,209.00,177.00,26.00,-35.00,-13.00,-71.00,-195.00,-133.00,-142.00,-146.00,-21.00,-71.00,-83.00,0.00,24.00,40.00,197.00,408.00,74.00,-219.00,-120.00,-29.00,92.00,77.00,-61.00,-145.00,4.00,42.00,-252.00,-187.00,180.00,-44.00,-223.00,-41.00,152.00,30.00,-130.00,93.00,96.00,9.00,32.00,33.00,0.00,10.00,-29.00,-41.00,-94.00,0.00
0.00,97.00,10.00,-23.00,19.00,-17.00,14.00,-18.00,-27.00,40.00,15.00,-48.00,-90.00,44.00,158.00,26.00,17.00,38.00,33.00,-4.00,-48.00,-5.00,87.00,18.00,-71.00,81.00,52.00,-72.00,-25.00,193.00,31.00,-181.00,41.00,-5.00,23.00,169.00,-24.00,40.00,66.00,-43.00,45.00,140.00,7.00,-301.00,-60.00,305.00,29.00,-138.00,15.00,1.00,-13.00,39.00,-70.00,-97.00,43.00,45.00,-10.00,-191.00,-25.00,3.00,-203.00,-118.00,-60.00,-12.00,52.00,86.00,6.00,217.00,21.00,-313.00,-13.00,151.00,286.00,16.00,-168.00,-6.00,-224.00,182.00,25.00,-335.00,49.00,19.00,271.00,3.00,-266.00,21.00,26.00,270.00,-100.00,-307.00,163.00,138.00,185.00,18.00,-216.00,-124.00,111.00,-43.00,-293.00,38.00,147.00,1.00,-41.00,-83.00,-172.00,-114.00,-25.00,-3.00,591.00,489.00,-421.00,-489.00,-99.00,82.00,159.00,114.00,189.00,279.00,137.00,48.00,-33.00,-41.00,-17.00,-204.00,-53.00,-12.00,-186.00,-15.00,8.00,32.00,51.00,51.00,67.00,155.00,136.00,32.00,-12.00,-67.00,-188.00,-264.00,-128.00,-57.00,421.00,17.00,-479.00,22.00,33.00,-26.00,13.00,285.00,14.00,-211.00,119.00,175.00,77.00,93.00,146.00,38.00,3.00,4.00,-100.00,-173.00,-66.00,-170.00,-198.00,-31.00,-74.00,-24.00,198.00,426.00,40.00,-352.00,-202.00,143.00,267.00,2.00,-37.00,-14.00,46.00,37.00,-213.00,-58.00,69.00,-211.00,-175.00,8.00,36.00,-46.00,-82.00,91.00,61.00,-50.00,44.00,128.00,21.00,-42.00,-38.00,-59.00,-59.00,0.00
0.00,52.00,64.00,-42.00,-3.00,83.00,30.00,-16.00,16.00,34.00,11.00,-53.00,-90.00,-48.00,38.00,104.00,160.00,47.00,-34.00,59.00,-20.00,-32.00,137.00,-18.00,-132.00,146.00,82.00,-142.00,-33.00,213.00,59.00,-176.00,-118.00,-39.00,145.00,220.00,-53.00,-146.00,8.00,98.00,75.00,155.00,158.00,-210.00,-191.00,217.00,57.00,-139.00,5.00,-4.00,-18.00,101.00,51.00,-122.00,-83.00,15.00,1.00,-128.00,-14.00,17.00,-163.00,-139.00,-117.00,-38.00,143.00,127.00,-7.00,151.00,1.00,-366.00,-152.00,62.00,376.00,13.00,-298.00,3.00,-8.00,303.00,-10.00,-268.00,53.00,-79.00,228.00,133.00,-199.00,7.00,14.00,185.00,-190.00,-352.00,72.00,84.00,293.00,38.00,-174.00,28.00,159.00,-181.00,-377.00,13.00,128.00,116.00,-15.00,-38.00,-110.00,-100.00,-25.00,-53.00,524.00,485.00,-381.00,-515.00,-190.00,32.00,102.00,65.00,69.00,178.00,268.00,178.00,96.00,83.00,21.00,-164.00,-138.00,-136.00,-181.00,36.00,30.00,9.00,0.00,-3.00,5.00,28.00,131.00,212.00,131.00,38.00,-46.00,-187.00,-147.00,-103.00,258.00,-93.00,-501.00,-16.00,44.00,-19.00,-1.00,288.00,32.00,-262.00,11.00,71.00,30.00,43.00,138.00,124.00,132.00,136.00,55.00,8.00,5.00,-136.00,-163.00,-59.00,-249.00,-170.00,147.00,250.00,38.00,-283.00,-245.00,224.00,265.00,-56.00,13.00,79.00,49.00,-2.00,-54.00,40.00,1.00,-223.00,-58.00,117.00,-169.00,-213.00,-45.00,47.00,-14.00,-67.00,43.00,206.00,78.00,-92.00,-72.00,-94.00,-23.00,0.00
0.00,37.00,180.00,83.00,-45.00,42.00,29.00,-79.00,-27.00,35.00,35.00,-19.00,-19.00,16.00,-72.00,21.00,282.00,58.00,-134.00,135.00,31.00,-113.00,38.00,-13.00,-45.00,80.00,77.00,-84.00,-52.00,150.00,29.00,-82.00,-92.00,40.00,197.00,95.00,-30.00,-150.00,-176.00,82.00,130.00,181.00,232.00,-25.00,-224.00,56.00,93.00,-140.00,-1.00,-12.00,-19.00,124.00,18.00,-108.00,-47.00,-22.00,10.00,-61.00,-17.00,-26.00,-130.00,-80.00,-191.00,-191.00,48.00,107.00,-4.00,225.00,16.00,-312.00,43.00,96.00,299.00,9.00,-253.00,-92.00,2.00,339.00,17.00,-189.00,15.00,-173.00,185.00,32.00,-318.00,20.00,19.00,303.00,23.00,-259.00,24.00,35.00,189.00,-85.00,-80.00,165.00,176.00,-280.00,-461.00,-47.00,175.00,197.00,-16.00,24.00,-50.00,-94.00,-26.00,-29.00,445.00,414.00,-335.00,-473.00,-231.00,-27.00,84.00,99.00,-32.00,-14.00,155.00,146.00,233.00,248.00,116.00,12.00,-128.00,-231.00,-140.00,-47.00,-54.00,35.00,25.00,14.00,-13.00,-33.00,41.00,102.00,105.00,120.00,72.00,-4.00,40.00,27.00,82.00,-199.00,-447.00,-71.00,-16.00,-123.00,4.00,277.00,35.00,-232.00,-9.00,15.00,-19.00,-22.00,31.00,191.00,85.00,1.00,135.00,202.00,152.00,33.00,4.00,-27.00,-242.00,-199.00,33.00,27.00,1.00,-176.00,-258.00,193.00,111.00,-200.00,25.00,152.00,112.00,13.00,60.00,62.00,-14.00,-71.00,20.00,71.00,-202.00,-197.00,-14.00,-78.00,-130.00,-75.00,3.00,262.00,119.00,-129.00,-111.00,-115.00,-20.00,0.00
0.00,-6.00,151.00,177.00,35.00,-11.00,5.00,-112.00,-71.00,44.00,45.00,35.00,41.00,91.00,-12.00,-42.00,153.00,31.00,-119.00,81.00,78.00,-73.00,-51.00,39.00,20.00,-19.00,112.00,-38.00,-125.00,100.00,-2.00,-40.00,1.00,55.00,187.00,88.00,-5.00,-53.00,-219.00,-123.00,103.00,251.00,221.00,69.00,-57.00,0.00,-30.00,-134.00,-7.00,-18.00,-8.00,127.00,-54.00,-106.00,18.00,-30.00,15.00,-70.00,-42.00,-94.00,-232.00,-104.00,-71.00,-8.00,90.00,49.00,20.00,198.00,-76.00,-249.00,145.00,118.00,232.00,7.00,-219.00,-183.00,-152.00,356.00,10.00,-292.00,20.00,4.00,295.00,7.00,-247.00,52.00,-63.00,237.00,133.00,-174.00,23.00,31.00,15.00,-251.00,-125.00,126.00,329.00,-107.00,-400.00,-36.00,93.00,23.00,-47.00,139.00,43.00,-72.00,-54.00,14.00,406.00,340.00,-314.00,-386.00,-148.00,-18.00,2.00,3.00,-67.00,-40.00,64.00,83.00,217.00,299.00,205.00,37.00,-55.00,-16.00,-27.00,-195.00,-171.00,-67.00,-33.00,48.00,1.00,24.00,17.00,-21.00,32.00,60.00,8.00,32.00,189.00,223.00,95.00,-82.00,-245.00,-63.00,-126.00,-256.00,-77.00,158.00,30.00,-204.00,-37.00,11.00,-3.00,-33.00,-13.00,226.00,-2.00,-197.00,48.00,218.00,240.00,110.00,125.00,64.00,-13.00,-4.00,-29.00,-106.00,-71.00,-125.00,-325.00,87.00,-10.00,-301.00,42.00,130.00,74.00,-5.00,141.00,124.00,-14.00,54.00,61.00,4.00,-51.00,-52.00,-2.00,-144.00,-155.00,-30.00,-86.00,113.00,61.00,-112.00,-90.00,-126.00,-33.00,0.00
0.00,-7.00,124.00,101.00,59.00,20.00,-17.00,-104.00,-13.00,89.00,5.00,16.00,56.00,128.00,62.00,-24.00,7.00,-6.00,-44.00,1.00,69.00,1.00,-55.00,84.00,3.00,-64.00,110.00,-71.00,-153.00,-21.00,33.00,80.00,11.00,-17.00,204.00,212.00,4.00,-119.00,-98.00,-218.00,-82.00,343.00,199.00,109.00,95.00,-18.00,-127.00,-114.00,-6.00,-12.00,9.00,91.00,-180.00,0.00,143.00,-144.00,-3.00,-15.00,-35.00,-33.00,-169.00,-182.00,-121.00,57.00,145.00,28.00,16.00,137.00,-170.00,-291.00,47.00,53.00,350.00,13.00,-331.00,9.00,30.00,284.00,-3.00,-223.00,-66.00,-7.00,327.00,25.00,-180.00,26.00,-111.00,187.00,-42.00,-309.00,60.00,48.00,71.00,-114.00,-109.00,102.00,371.00,-92.00,-308.00,96.00,-64.00,-193.00,-64.00,130.00,112.00,42.00,-3.00,9.00,372.00,308.00,-313.00,-319.00,-56.00,9.00,-40.00,-54.00,-55.00,1.00,64.00,71.00,132.00,221.00,138.00,-125.00,-16.00,186.00,109.00,-22.00,-84.00,-221.00,-132.00,-35.00,-103.00,46.00,39.00,-12.00,12.00,7.00,-31.00,-20.00,98.00,215.00,242.00,75.00,-95.00,45.00,-55.00,-150.00,-160.00,-96.00,-60.00,-207.00,-89.00,15.00,1.00,-29.00,4.00,242.00,-41.00,-281.00,-57.00,128.00,202.00,-11.00,113.00,137.00,123.00,221.00,50.00,-137.00,23.00,-95.00,-447.00,74.00,-5.00,-300.00,29.00,5.00,-11.00,-5.00,109.00,96.00,-8.00,138.00,115.00,14.00,77.00,42.00,-6.00,-51.00,-49.00,8.00,-144.00,-84.00,4.00,-66.00,-90.00,-148.00,-53.00,0.00
0.00,57.00,150.00,42.00,1.00,-7.00,-41.00,-88.00,56.00,158.00,-34.00,-45.00,61.00,128.00,71.00,14.00,-2.00,23.00,-17.00,-72.00,9.00,15.00,-23.00,45.00,-12.00,-25.00,61.00,-33.00,-121.00,-155.00,73.00,153.00,-12.00,-16.00,193.00,277.00,67.00,-262.00,-18.00,-48.00,-190.00,251.00,188.00,110.00,44.00,-6.00,-76.00,-131.00,-6.00,19.00,23.00,103.00,-176.00,50.00,208.00,-224.00,-80.00,44.00,-20.00,-65.00,-112.00,-155.00,-241.00,-83.00,75.00,20.00,13.00,171.00,-24.00,-116.00,89.00,28.00,274.00,12.00,-362.00,-5.00,151.00,237.00,-3.00,-166.00,-101.00,-109.00,279.00,10.00,-248.00,1.00,45.00,266.00,-153.00,-309.00,84.00,46.00,100.00,3.00,49.00,158.00,53.00,-270.00,-199.00,135.00,-88.00,-190.00,-53.00,-10.00,1.00,106.00,122.00,40.00,385.00,299.00,-309.00,-295.00,-40.00,38.00,-16.00,-25.00,-9.00,30.00,72.00,58.00,19.00,91.00,76.00,-203.00,-31.00,99.00,77.00,204.00,137.00,-29.00,-44.00,-193.00,-221.00,-86.00,-65.00,37.00,46.00,34.00,-18.00,-39.00,-12.00,40.00,337.00,114.00,-183.00,135.00,111.00,82.00,3.00,-184.00,-147.00,-212.00,-121.00,-65.00,-122.00,-12.00,12.00,244.00,-32.00,-296.00,-89.00,61.00,95.00,-109.00,32.00,116.00,64.00,247.00,230.00,-67.00,160.00,-79.00,-509.00,162.00,18.00,-285.00,5.00,-82.00,-33.00,51.00,24.00,-2.00,-9.00,105.00,97.00,50.00,157.00,81.00,8.00,74.00,55.00,10.00,-70.00,-71.00,3.00,-33.00,-131.00,-123.00,-39.00,0.00
0.00,47.00,95.00,59.00,-17.00,-18.00,-5.00,-101.00,58.00,203.00,-30.00,-62.00,51.00,83.00,91.00,43.00,9.00,135.00,28.00,-190.00,-63.00,6.00,-4.00,6.00,-20.00,28.00,45.00,63.00,-84.00,-182.00,59.00,80.00,-14.00,3.00,82.00,279.00,190.00,-259.00,5.00,148.00,-106.00,54.00,104.00,59.00,-30.00,33.00,-13.00,-221.00,-54.00,96.00,47.00,120.00,17.00,38.00,88.00,-117.00,-146.00,-104.00,-15.00,-100.00,-216.00,-90.00,-79.00,8.00,73.00,10.00,25.00,19.00,-73.00,38.00,133.00,28.00,201.00,19.00,-305.00,-115.00,52.00,275.00,-5.00,-219.00,102.00,85.00,118.00,-5.00,-114.00,3.00,71.00,137.00,-75.00,-106.00,38.00,0.00,-54.00,-110.00,79.00,151.00,-129.00,-263.00,-62.00,42.00,-84.00,-64.00,-71.00,-115.00,-94.00,23.00,106.00,99.00,488.00,330.00,-250.00,-218.00,-128.00,-25.00,32.00,32.00,26.00,42.00,97.00,42.00,-92.00,-31.00,72.00,-135.00,-17.00,-6.00,-86.00,128.00,199.00,190.00,114.00,-40.00,-53.00,-216.00,-246.00,-56.00,1.00,40.00,-47.00,-60.00,2.00,-11.00,366.00,69.00,-321.00,80.00,125.00,183.00,214.00,51.00,-35.00,-146.00,-71.00,-152.00,-304.00,-80.00,-52.00,201.00,22.00,-293.00,-129.00,41.00,52.00,-113.00,-20.00,75.00,3.00,128.00,350.00,61.00,89.00,-94.00,-415.00,233.00,-6.00,-294.00,19.00,-87.00,-33.00,77.00,-23.00,-45.00,-8.00,-2.00,32.00,99.00,186.00,57.00,-1.00,121.00,97.00,14.00,61.00,30.00,2.00,9.00,-68.00,-36.00,-13.00,0.00
0.00,-7.00,42.00,45.00,-12.00,23.00,33.00,-42.00,44.00,124.00,-15.00,-27.00,58.00,36.00,105.00,33.00,-19.00,211.00,53.00,-138.00,-3.00,-107.00,-95.00,9.00,-14.00,35.00,35.00,61.00,5.00,-107.00,-30.00,27.00,-7.00,-9.00,14.00,208.00,232.00,-84.00,4.00,102.00,17.00,18.00,24.00,20.00,-31.00,24.00,11.00,-282.00,-154.00,159.00,94.00,89.00,132.00,87.00,-3.00,-9.00,-161.00,-249.00,7.00,29.00,-179.00,-177.00,-89.00,83.00,95.00,-4.00,38.00,-99.00,-132.00,32.00,40.00,23.00,272.00,49.00,-122.00,66.00,-11.00,136.00,-4.00,-104.00,114.00,-16.00,-22.00,109.00,30.00,-10.00,-130.00,18.00,15.00,-113.00,11.00,-27.00,-123.00,-87.00,46.00,41.00,-26.00,-104.00,-50.00,-56.00,-113.00,63.00,-55.00,-147.00,-71.00,-66.00,13.00,55.00,572.00,417.00,-155.00,-114.00,-176.00,-82.00,28.00,84.00,71.00,6.00,-18.00,-1.00,-48.00,-64.00,50.00,-72.00,-9.00,-4.00,-145.00,-16.00,67.00,103.00,121.00,167.00,172.00,-1.00,-134.00,-187.00,-169.00,-78.00,-96.00,-73.00,16.00,9.00,375.00,29.00,-329.00,-1.00,43.00,92.00,179.00,234.00,155.00,7.00,27.00,-20.00,-260.00,-158.00,-186.00,19.00,-12.00,-281.00,-129.00,50.00,57.00,-133.00,-15.00,56.00,-39.00,83.00,361.00,149.00,-46.00,-98.00,-252.00,228.00,-52.00,-324.00,35.00,-34.00,-5.00,24.00,-76.00,-24.00,17.00,-43.00,-2.00,99.00,198.00,25.00,-72.00,90.00,91.00,17.00,123.00,76.00,2.00,89.00,42.00,-1.00,0.00,0.00
0.00,-61.00,38.00,41.00,5.00,69.00,88.00,6.00,13.00,8.00,-57.00,11.00,22.00,26.00,131.00,-28.00,-39.00,155.00,60.00,72.00,162.00,-234.00,-267.00,-2.00,-14.00,102.00,35.00,-52.00,77.00,-50.00,-110.00,19.00,1.00,-11.00,15.00,74.00,149.00,70.00,2.00,12.00,45.00,30.00,4.00,14.00,-3.00,-6.00,41.00,-173.00,-159.00,120.00,99.00,38.00,118.00,144.00,20.00,30.00,-156.00,-332.00,-100.00,61.00,-9.00,-158.00,-139.00,22.00,23.00,4.00,45.00,39.00,107.00,82.00,-19.00,20.00,150.00,45.00,5.00,-39.00,-145.00,127.00,-9.00,-126.00,42.00,-204.00,65.00,213.00,-67.00,-15.00,-259.00,123.00,29.00,-288.00,105.00,58.00,1.00,-9.00,-19.00,-35.00,50.00,-3.00,-133.00,-126.00,-87.00,153.00,41.00,-119.00,-85.00,-52.00,17.00,-40.00,534.00,440.00,-96.00,-75.00,-79.00,-2.00,-20.00,75.00,65.00,-46.00,-203.00,-119.00,90.00,30.00,30.00,-67.00,-73.00,-37.00,-163.00,-54.00,42.00,29.00,26.00,84.00,153.00,206.00,124.00,7.00,-129.00,-172.00,-150.00,-87.00,-78.00,-89.00,365.00,15.00,-292.00,-15.00,-1.00,11.00,22.00,126.00,200.00,89.00,92.00,169.00,21.00,-21.00,-203.00,-140.00,-91.00,-270.00,-153.00,9.00,-3.00,-145.00,-4.00,14.00,-88.00,112.00,315.00,267.00,-28.00,-112.00,-183.00,141.00,-104.00,-350.00,33.00,6.00,24.00,-39.00,-85.00,7.00,23.00,-28.00,5.00,46.00,215.00,22.00,-141.00,89.00,100.00,22.00,49.00,8.00,21.00,149.00,77.00,-2.00,66.00,0.00
0.00,-141.00,97.00,112.00,14.00,88.00,134.00,-86.00,-35.00,-48.00,-96.00,77.00,-95.00,-4.00,132.00,-27.00,16.00,35.00,106.00,195.00,63.00,-261.00,-212.00,-3.00,-19.00,162.00,45.00,-120.00,34.00,22.00,-77.00,-61.00,-2.00,-6.00,17.00,14.00,35.00,109.00,70.00,0.00,32.00,-34.00,-47.00,19.00,8.00,-6.00,59.00,6.00,-50.00,50.00,42.00,-13.00,52.00,115.00,111.00,90.00,-159.00,-405.00,-211.00,20.00,72.00,53.00,69.00,47.00,-16.00,16.00,19.00,76.00,116.00,-74.00,-127.00,20.00,153.00,57.00,-72.00,-292.00,-210.00,296.00,-14.00,-199.00,95.00,-36.00,164.00,-3.00,-173.00,78.00,-140.00,211.00,-25.00,-294.00,197.00,141.00,-16.00,-94.00,-67.00,-66.00,13.00,48.00,-118.00,-152.00,-54.00,153.00,111.00,-53.00,-87.00,24.00,67.00,-98.00,413.00,378.00,-70.00,6.00,5.00,2.00,-59.00,22.00,36.00,-71.00,-256.00,-185.00,134.00,137.00,27.00,-17.00,-118.00,-173.00,-204.00,-45.00,90.00,39.00,-18.00,-13.00,48.00,101.00,147.00,220.00,105.00,18.00,-79.00,-86.00,-186.00,-153.00,263.00,-125.00,-281.00,-4.00,-5.00,-12.00,-26.00,53.00,94.00,17.00,64.00,163.00,181.00,202.00,41.00,-67.00,-48.00,-195.00,-188.00,-129.00,-89.00,-175.00,-113.00,-34.00,-91.00,130.00,232.00,428.00,63.00,-161.00,-199.00,35.00,-119.00,-350.00,34.00,-21.00,-13.00,-38.00,-20.00,-1.00,-5.00,-3.00,22.00,4.00,204.00,40.00,-160.00,102.00,128.00,-2.00,-27.00,-32.00,35.00,114.00,-3.00,-9.00,150.00,0.00
0.00,-81.00,131.00,138.00,18.00,-22.00,-23.00,-145.00,-8.00,-50.00,-56.00,126.00,-113.00,-85.00,96.00,55.00,8.00,-2.00,75.00,183.00,-112.00,-176.00,50.00,-62.00,-73.00,73.00,42.00,-27.00,4.00,168.00,-42.00,-217.00,-8.00,-3.00,16.00,34.00,-7.00,72.00,124.00,25.00,82.00,-29.00,-152.00,-27.00,11.00,-6.00,28.00,43.00,1.00,60.00,53.00,-32.00,-30.00,32.00,145.00,118.00,-129.00,-235.00,-69.00,29.00,55.00,73.00,88.00,-69.00,-123.00,-5.00,-5.00,24.00,23.00,-238.00,-180.00,46.00,286.00,109.00,-132.00,-157.00,-43.00,159.00,17.00,56.00,81.00,59.00,78.00,-186.00,-89.00,154.00,-5.00,102.00,-121.00,-234.00,94.00,98.00,-98.00,-117.00,10.00,-33.00,-64.00,-14.00,-42.00,-84.00,-87.00,75.00,92.00,3.00,31.00,73.00,31.00,-85.00,361.00,319.00,-76.00,81.00,42.00,-37.00,-65.00,-35.00,-63.00,-129.00,-143.00,-74.00,68.00,116.00,64.00,120.00,-32.00,-212.00,-211.00,-173.00,-14.00,39.00,-13.00,-16.00,20.00,13.00,59.00,126.00,132.00,192.00,116.00,71.00,-101.00,-63.00,46.00,-238.00,-239.00,-109.00,-25.00,-43.00,3.00,83.00,8.00,-39.00,11.00,48.00,81.00,266.00,267.00,66.00,3.00,-9.00,-29.00,-181.00,-59.00,-187.00,-237.00,-123.00,-164.00,73.00,155.00,450.00,92.00,-124.00,-194.00,-27.00,-96.00,-332.00,23.00,-58.00,-32.00,-20.00,2.00,-24.00,-22.00,9.00,29.00,-7.00,163.00,73.00,-145.00,74.00,144.00,-78.00,-39.00,53.00,20.00,73.00,-78.00,-35.00,139.00,0.00
0.00,73.00,64.00,18.00,-15.00,-150.00,-212.00,-58.00,72.00,10.00,-3.00,72.00,-23.00,-88.00,32.00,53.00,-50.00,11.00,40.00,128.00,-94.00,-89.00,98.00,-127.00,-106.00,-9.00,14.00,59.00,38.00,185.00,-53.00,-233.00,1.00,-8.00,8.00,48.00,0.00,-3.00,122.00,100.00,74.00,84.00,-187.00,-149.00,40.00,-2.00,17.00,-17.00,28.00,95.00,67.00,13.00,-63.00,-40.00,31.00,23.00,-31.00,-100.00,-51.00,33.00,33.00,122.00,13.00,-322.00,-122.00,70.00,-18.00,27.00,45.00,-75.00,-2.00,49.00,149.00,82.00,-109.00,-24.00,54.00,-93.00,13.00,206.00,3.00,-11.00,100.00,-93.00,-81.00,73.00,36.00,41.00,-136.00,-173.00,-59.00,56.00,-17.00,-90.00,52.00,55.00,-105.00,-104.00,-12.00,-31.00,-104.00,7.00,30.00,31.00,127.00,46.00,-30.00,-4.00,407.00,293.00,-179.00,-14.00,54.00,87.00,63.00,-61.00,-184.00,-174.00,-33.00,1.00,7.00,32.00,91.00,127.00,63.00,31.00,-99.00,-264.00,-171.00,-90.00,-63.00,-9.00,25.00,17.00,47.00,41.00,23.00,72.00,124.00,210.00,127.00,119.00,-69.00,-111.00,-110.00,-223.00,-136.00,-147.00,-2.00,41.00,-7.00,-25.00,9.00,19.00,-4.00,169.00,228.00,129.00,-80.00,27.00,203.00,38.00,62.00,-89.00,-139.00,-177.00,-309.00,-99.00,42.00,258.00,114.00,-6.00,-125.00,-8.00,-108.00,-319.00,-37.00,-63.00,-2.00,-17.00,-29.00,-36.00,-11.00,11.00,30.00,-10.00,127.00,101.00,-97.00,38.00,106.00,-111.00,-53.00,93.00,2.00,85.00,-35.00,-36.00,77.00,0.00
0.00,125.00,11.00,-72.00,-66.00,-155.00,-188.00,15.00,44.00,5.00,11.00,31.00,53.00,-27.00,-38.00,8.00,-56.00,1.00,89.00,147.00,-100.00,-204.00,-30.00,-32.00,-19.00,-14.00,-14.00,35.00,57.00,67.00,-75.00,-103.00,21.00,-14.00,2.00,27.00,1.00,-10.00,104.00,182.00,47.00,86.00,-136.00,-201.00,33.00,28.00,24.00,-60.00,73.00,83.00,23.00,78.00,-53.00,-84.00,-27.00,-58.00,-23.00,-237.00,-142.00,108.00,16.00,251.00,35.00,-299.00,139.00,183.00,-28.00,21.00,20.00,36.00,42.00,-7.00,-18.00,-26.00,-159.00,-115.00,65.00,-85.00,-75.00,63.00,-37.00,-26.00,292.00,51.00,-208.00,-50.00,49.00,74.00,-64.00,-41.00,-106.00,50.00,60.00,-96.00,7.00,76.00,-64.00,-80.00,-62.00,-107.00,-41.00,43.00,-3.00,19.00,117.00,-29.00,-62.00,72.00,485.00,314.00,-330.00,-216.00,21.00,212.00,255.00,43.00,-110.00,-125.00,-72.00,-71.00,-42.00,-36.00,60.00,-21.00,14.00,206.00,119.00,-1.00,-147.00,-221.00,-174.00,-121.00,-37.00,5.00,61.00,59.00,-10.00,-26.00,1.00,107.00,168.00,228.00,22.00,92.00,109.00,-108.00,-209.00,-308.00,-144.00,-63.00,8.00,5.00,10.00,46.00,9.00,67.00,132.00,170.00,-188.00,-167.00,244.00,238.00,164.00,81.00,54.00,-57.00,-277.00,-176.00,-88.00,-1.00,152.00,36.00,-97.00,34.00,-103.00,-295.00,-136.00,-44.00,-32.00,-23.00,-27.00,-69.00,0.00,9.00,29.00,-9.00,117.00,102.00,-71.00,21.00,62.00,-84.00,-69.00,88.00,9.00,82.00,19.00,-45.00,50.00,0.00
0.00,104.00,8.00,-6.00,-63.00,-118.00,-157.00,-22.00,-21.00,-54.00,34.00,27.00,54.00,-19.00,-57.00,14.00,-27.00,-12.00,116.00,174.00,-103.00,-300.00,-36.00,56.00,-33.00,-10.00,-13.00,2.00,49.00,22.00,-85.00,-42.00,22.00,-14.00,10.00,7.00,-9.00,10.00,52.00,263.00,114.00,-52.00,-109.00,-117.00,35.00,7.00,-18.00,-60.00,47.00,41.00,55.00,100.00,-41.00,-73.00,1.00,-18.00,-107.00,-290.00,-8.00,199.00,13.00,132.00,24.00,-69.00,155.00,115.00,-2.00,-52.00,-89.00,-42.00,38.00,41.00,-35.00,-102.00,-239.00,-133.00,78.00,8.00,-79.00,-6.00,3.00,9.00,305.00,148.00,-213.00,-106.00,24.00,5.00,-16.00,-8.00,-103.00,59.00,52.00,-42.00,-4.00,34.00,-25.00,-89.00,-104.00,-97.00,33.00,83.00,3.00,-5.00,64.00,-28.00,-37.00,49.00,469.00,328.00,-371.00,-261.00,49.00,86.00,173.00,171.00,91.00,5.00,-88.00,-117.00,-96.00,-110.00,-15.00,-84.00,-68.00,67.00,155.00,222.00,37.00,3.00,-116.00,-244.00,-165.00,-110.00,8.00,51.00,1.00,0.00,-32.00,6.00,43.00,111.00,110.00,188.00,228.00,105.00,-40.00,-256.00,-251.00,-194.00,-101.00,1.00,-15.00,21.00,47.00,38.00,73.00,167.00,-171.00,-267.00,159.00,146.00,118.00,172.00,175.00,112.00,-59.00,-10.00,-85.00,-127.00,54.00,-31.00,-109.00,35.00,-27.00,-208.00,-142.00,-22.00,-132.00,-25.00,-23.00,-176.00,-41.00,3.00,14.00,-3.00,158.00,58.00,-137.00,33.00,114.00,-33.00,-97.00,75.00,3.00,67.00,22.00,-73.00,58.00,0.00
0.00,64.00,7.00,28.00,-25.00,-49.00,-224.00,-65.00,11.00,-83.00,60.00,-6.00,-13.00,-21.00,-53.00,2.00,33.00,0.00,78.00,122.00,-101.00,-233.00,62.00,23.00,-114.00,15.00,-5.00,-6.00,31.00,31.00,-50.00,31.00,-3.00,-82.00,18.00,6.00,-17.00,2.00,12.00,232.00,197.00,-28.00,-100.00,-11.00,27.00,-93.00,-56.00,-56.00,-15.00,10.00,113.00,88.00,-31.00,-23.00,-6.00,29.00,-105.00,-193.00,92.00,155.00,16.00,-16.00,-81.00,-40.00,63.00,19.00,-38.00,-44.00,-111.00,-167.00,119.00,245.00,-9.00,-165.00,-246.00,-59.00,94.00,57.00,14.00,33.00,-2.00,-43.00,142.00,144.00,-119.00,-78.00,20.00,-36.00,-7.00,-56.00,-91.00,91.00,-18.00,-67.00,112.00,72.00,-105.00,-128.00,-16.00,18.00,45.00,58.00,26.00,5.00,14.00,49.00,47.00,-2.00,343.00,257.00,-318.00,-156.00,110.00,-104.00,-80.00,133.00,173.00,121.00,30.00,-37.00,-78.00,-156.00,-56.00,-107.00,-152.00,-41.00,29.00,99.00,106.00,218.00,132.00,-29.00,-160.00,-209.00,-117.00,-84.00,-31.00,7.00,-17.00,2.00,-29.00,-4.00,131.00,109.00,108.00,211.00,157.00,28.00,-49.00,-202.00,-232.00,-80.00,-125.00,-94.00,47.00,43.00,33.00,121.00,-117.00,-212.00,142.00,27.00,-31.00,55.00,148.00,172.00,96.00,178.00,87.00,-90.00,-85.00,-117.00,-138.00,76.00,56.00,-87.00,-32.00,-13.00,-151.00,12.00,-82.00,-257.00,-88.00,-84.00,-44.00,2.00,207.00,21.00,-198.00,9.00,138.00,74.00,-106.00,11.00,-5.00,70.00,18.00,-102.00,65.00,0.00
0.00,38.00,-34.00,-12.00,32.00,55.00,-243.00,-72.00,43.00,-125.00,88.00,-4.00,-66.00,20.00,-74.00,-47.00,92.00,22.00,32.00,57.00,-76.00,-132.00,-11.00,-26.00,-49.00,22.00,5.00,-5.00,4.00,8.00,-13.00,144.00,-15.00,-173.00,9.00,57.00,-8.00,-55.00,7.00,84.00,225.00,154.00,-108.00,23.00,49.00,-144.00,-87.00,-71.00,-44.00,-8.00,91.00,74.00,-2.00,31.00,-2.00,21.00,-58.00,-134.00,24.00,106.00,-60.00,-62.00,-177.00,-222.00,130.00,81.00,-95.00,64.00,49.00,-138.00,126.00,293.00,-37.00,-246.00,-157.00,0.00,103.00,111.00,-11.00,-27.00,-46.00,-74.00,64.00,72.00,-50.00,-64.00,-2.00,36.00,-30.00,-37.00,-54.00,13.00,-59.00,-131.00,231.00,203.00,-178.00,-104.00,93.00,69.00,28.00,23.00,44.00,32.00,-4.00,14.00,61.00,30.00,275.00,201.00,-272.00,-119.00,75.00,-139.00,-107.00,50.00,60.00,94.00,120.00,118.00,32.00,-110.00,-13.00,-205.00,-274.00,-9.00,-8.00,-23.00,55.00,110.00,173.00,208.00,75.00,-26.00,-172.00,-240.00,-131.00,-78.00,-28.00,-2.00,-75.00,-10.00,159.00,21.00,-42.00,136.00,154.00,175.00,162.00,38.00,-57.00,-88.00,-201.00,-247.00,-94.00,-12.00,14.00,74.00,-102.00,-134.00,176.00,25.00,-113.00,-64.00,11.00,108.00,93.00,165.00,203.00,26.00,54.00,-122.00,-303.00,136.00,99.00,-16.00,72.00,3.00,-56.00,19.00,-121.00,-147.00,-62.00,-229.00,-106.00,-5.00,114.00,9.00,-179.00,-53.00,64.00,148.00,0.00,-15.00,1.00,56.00,-40.00,-143.00,62.00,0.00
0.00,18.00,-115.00,4.00,34.00,126.00,-118.00,-49.00,30.00,-142.00,99.00,26.00,-84.00,46.00,-69.00,-51.00,115.00,-23.00,4.00,59.00,53.00,-84.00,-202.00,-51.00,55.00,5.00,-22.00,-6.00,41.00,-6.00,-53.00,106.00,61.00,-121.00,-76.00,106.00,-3.00,-109.00,7.00,7.00,151.00,245.00,-201.00,-16.00,308.00,-145.00,-173.00,-23.00,-38.00,-39.00,16.00,94.00,38.00,5.00,33.00,28.00,-44.00,-86.00,-75.00,58.00,-83.00,-32.00,-100.00,-266.00,66.00,97.00,-11.00,9.00,44.00,66.00,120.00,118.00,-75.00,-195.00,-17.00,27.00,59.00,90.00,-82.00,-99.00,-77.00,-36.00,57.00,19.00,-14.00,-67.00,-27.00,102.00,-45.00,-45.00,-3.00,-11.00,-33.00,-82.00,194.00,162.00,-159.00,-14.00,157.00,81.00,28.00,-2.00,28.00,52.00,6.00,-122.00,7.00,30.00,278.00,270.00,-265.00,-147.00,6.00,-128.00,9.00,11.00,-89.00,29.00,97.00,176.00,126.00,25.00,81.00,-253.00,-319.00,-14.00,-20.00,-20.00,30.00,22.00,33.00,110.00,208.00,234.00,5.00,-157.00,-154.00,-227.00,-120.00,-31.00,-161.00,-39.00,200.00,29.00,-94.00,52.00,71.00,42.00,135.00,238.00,162.00,85.00,-25.00,-214.00,-182.00,-167.00,-98.00,16.00,-107.00,-77.00,193.00,17.00,-160.00,-16.00,-33.00,6.00,70.00,44.00,87.00,106.00,306.00,-65.00,-412.00,164.00,7.00,-44.00,144.00,38.00,57.00,12.00,-48.00,-17.00,-23.00,-209.00,-89.00,-69.00,-17.00,3.00,-216.00,-116.00,10.00,117.00,120.00,39.00,-21.00,32.00,-71.00,-157.00,4.00,0.00
0.00,-1.00,-53.00,58.00,-87.00,108.00,68.00,12.00,27.00,-92.00,49.00,27.00,-53.00,-4.00,-30.00,-14.00,76.00,-46.00,-8.00,73.00,100.00,-79.00,-242.00,-89.00,84.00,23.00,-51.00,-12.00,96.00,-3.00,-101.00,15.00,212.00,-22.00,-229.00,47.00,75.00,-55.00,-77.00,7.00,43.00,179.00,-114.00,34.00,347.00,-110.00,-203.00,-48.00,8.00,-15.00,-48.00,101.00,61.00,-60.00,45.00,56.00,-21.00,-31.00,-91.00,-51.00,-6.00,21.00,-21.00,-87.00,-74.00,-94.00,37.00,-29.00,-83.00,100.00,84.00,18.00,-30.00,-48.00,78.00,54.00,29.00,48.00,-26.00,-163.00,-141.00,6.00,4.00,41.00,32.00,-69.00,-49.00,57.00,4.00,-29.00,36.00,80.00,32.00,30.00,86.00,-8.00,-129.00,55.00,152.00,32.00,2.00,7.00,-5.00,16.00,14.00,-167.00,-65.00,22.00,347.00,326.00,-281.00,-199.00,-19.00,-124.00,30.00,18.00,-133.00,28.00,82.00,61.00,115.00,136.00,177.00,-86.00,-210.00,-47.00,-152.00,-108.00,0.00,6.00,10.00,6.00,94.00,249.00,165.00,57.00,49.00,-184.00,-154.00,-143.00,-257.00,-93.00,162.00,31.00,-120.00,47.00,33.00,-65.00,33.00,165.00,159.00,209.00,176.00,44.00,-28.00,-208.00,-171.00,-112.00,-97.00,-87.00,97.00,-2.00,-220.00,79.00,1.00,-77.00,118.00,1.00,-74.00,117.00,306.00,-32.00,-310.00,182.00,-121.00,-172.00,140.00,84.00,139.00,45.00,65.00,30.00,-9.00,-70.00,-44.00,-110.00,3.00,10.00,-297.00,-181.00,-10.00,40.00,77.00,65.00,-43.00,47.00,20.00,-117.00,-80.00,0.00
0.00,48.00,68.00,70.00,-90.00,81.00,129.00,39.00,13.00,-29.00,21.00,12.00,0.00,-73.00,-8.00,5.00,14.00,-15.00,-2.00,63.00,59.00,24.00,-140.00,-185.00,-43.00,26.00,13.00,-11.00,37.00,-11.00,-43.00,1.00,220.00,1.00,-221.00,-11.00,147.00,6.00,-165.00,0.00,4.00,26.00,142.00,188.00,54.00,-15.00,-96.00,-172.00,-3.00,24.00,-70.00,43.00,76.00,-32.00,34.00,64.00,9.00,20.00,-18.00,-101.00,-52.00,-28.00,-90.00,3.00,-53.00,-224.00,-44.00,36.00,-55.00,-1.00,52.00,82.00,23.00,13.00,79.00,102.00,106.00,31.00,-19.00,-266.00,-233.00,76.00,30.00,77.00,47.00,-51.00,-66.00,3.00,94.00,98.00,45.00,20.00,86.00,101.00,32.00,-30.00,-70.00,20.00,34.00,-18.00,-17.00,4.00,-70.00,-29.00,-24.00,-149.00,-11.00,108.00,374.00,247.00,-289.00,-234.00,-33.00,-94.00,-9.00,83.00,-59.00,2.00,76.00,-55.00,30.00,67.00,124.00,173.00,94.00,20.00,-232.00,-199.00,-130.00,-125.00,42.00,43.00,26.00,95.00,60.00,152.00,190.00,27.00,65.00,-132.00,-223.00,-173.00,-39.00,-53.00,-139.00,41.00,34.00,-58.00,-36.00,74.00,95.00,106.00,142.00,216.00,162.00,17.00,-21.00,-186.00,-34.00,-156.00,-97.00,-64.00,-263.00,147.00,18.00,-136.00,187.00,12.00,-169.00,205.00,157.00,-107.00,-150.00,177.00,-137.00,-299.00,78.00,98.00,87.00,59.00,160.00,76.00,40.00,34.00,-18.00,-37.00,36.00,2.00,-229.00,-175.00,-73.00,-76.00,-11.00,31.00,-66.00,74.00,78.00,-79.00,-66.00,0.00
0.00,139.00,7.00,26.00,32.00,129.00,87.00,-1.00,26.00,-8.00,17.00,-2.00,21.00,-75.00,-37.00,-16.00,36.00,24.00,-31.00,54.00,56.00,145.00,-70.00,-222.00,-91.00,17.00,14.00,-70.00,-16.00,-18.00,4.00,6.00,72.00,1.00,-40.00,-14.00,39.00,98.00,-87.00,-94.00,13.00,-36.00,136.00,260.00,57.00,-8.00,33.00,-196.00,-141.00,-14.00,-50.00,28.00,43.00,26.00,46.00,68.00,24.00,51.00,33.00,-67.00,-94.00,-112.00,-177.00,-107.00,-74.00,-152.00,-61.00,16.00,9.00,-16.00,75.00,172.00,48.00,4.00,29.00,96.00,231.00,-21.00,-86.00,-261.00,-285.00,107.00,51.00,67.00,89.00,44.00,-47.00,74.00,169.00,99.00,24.00,-35.00,33.00,52.00,4.00,-7.00,-4.00,-7.00,-24.00,2.00,9.00,-11.00,-115.00,-16.00,-54.00,-115.00,126.00,125.00,250.00,137.00,-268.00,-180.00,-40.00,-114.00,-28.00,98.00,-31.00,-44.00,86.00,-42.00,-63.00,-45.00,-34.00,194.00,305.00,143.00,-16.00,-33.00,-282.00,-317.00,-5.00,57.00,54.00,26.00,-13.00,97.00,10.00,43.00,244.00,82.00,34.00,-106.00,-214.00,-199.00,-175.00,-23.00,35.00,-53.00,-64.00,71.00,74.00,0.00,-3.00,143.00,192.00,177.00,162.00,23.00,49.00,-159.00,-145.00,-151.00,-239.00,96.00,-51.00,-156.00,243.00,10.00,-245.00,366.00,110.00,-251.00,-90.00,155.00,-122.00,-357.00,32.00,63.00,-22.00,44.00,167.00,58.00,105.00,139.00,15.00,53.00,68.00,-9.00,-94.00,-83.00,-116.00,-122.00,-8.00,-40.00,-124.00,24.00,-6.00,-60.00,30.00,0.00
0.00,181.00,-39.00,9.00,33.00,136.00,-9.00,-47.00,75.00,-7.00,26.00,-3.00,0.00,-68.00,-88.00,-50.00,98.00,95.00,-76.00,2.00,78.00,152.00,-118.00,-182.00,109.00,79.00,-126.00,-165.00,56.00,-20.00,-69.00,7.00,0.00,-3.00,66.00,13.00,-73.00,159.00,-2.00,-178.00,15.00,-17.00,-34.00,282.00,269.00,-61.00,38.00,-117.00,-200.00,-153.00,-13.00,91.00,-25.00,53.00,51.00,63.00,56.00,35.00,15.00,-25.00,-53.00,-108.00,-136.00,-161.00,-197.00,-114.00,-6.00,-20.00,-11.00,12.00,94.00,126.00,48.00,9.00,14.00,84.00,242.00,-39.00,-46.00,-219.00,-292.00,95.00,30.00,91.00,151.00,110.00,-25.00,119.00,168.00,14.00,5.00,-17.00,-38.00,-10.00,-7.00,-11.00,14.00,2.00,-13.00,5.00,22.00,4.00,-50.00,0.00,-29.00,-34.00,77.00,41.00,180.00,86.00,-195.00,-130.00,-34.00,-73.00,-90.00,-55.00,-86.00,-45.00,140.00,8.00,-104.00,-14.00,-45.00,54.00,161.00,154.00,210.00,223.00,-167.00,-310.00,-61.00,-65.00,-45.00,38.00,29.00,32.00,-159.00,-105.00,145.00,167.00,237.00,147.00,-129.00,-163.00,-113.00,-172.00,-102.00,-103.00,-45.00,72.00,66.00,-1.00,-89.00,53.00,118.00,63.00,173.00,225.00,140.00,47.00,-6.00,-121.00,-127.00,-31.00,-128.00,-226.00,171.00,8.00,-283.00,390.00,133.00,-206.00,-111.00,78.00,-104.00,-373.00,-22.00,14.00,-33.00,21.00,72.00,-4.00,92.00,152.00,34.00,173.00,158.00,11.00,5.00,-26.00,-49.00,-41.00,13.00,-75.00,-132.00,-120.00,-136.00,-24.00,36.00,0.00
0.00,107.00,0.00,10.00,0.00,125.00,-117.00,-100.00,85.00,13.00,67.00,4.00,-71.00,-63.00,-52.00,-81.00,78.00,107.00,-53.00,-20.00,68.00,78.00,-169.00,-179.00,218.00,174.00,-195.00,-181.00,116.00,-25.00,-136.00,11.00,15.00,-19.00,146.00,60.00,-153.00,38.00,94.00,-86.00,-88.00,-13.00,-54.00,227.00,279.00,-10.00,-30.00,-8.00,-112.00,-331.00,-3.00,178.00,-24.00,20.00,24.00,37.00,72.00,33.00,-10.00,2.00,-48.00,-30.00,-73.00,-102.00,-118.00,-151.00,-52.00,-7.00,-34.00,15.00,61.00,-7.00,4.00,36.00,19.00,127.00,151.00,-94.00,63.00,-149.00,-274.00,109.00,117.00,130.00,87.00,64.00,25.00,81.00,90.00,9.00,-3.00,-43.00,-47.00,-15.00,2.00,3.00,10.00,3.00,-15.00,-13.00,6.00,15.00,12.00,5.00,-12.00,2.00,-5.00,2.00,202.00,83.00,-116.00,-110.00,-78.00,48.00,-90.00,-174.00,-78.00,-36.00,79.00,9.00,-60.00,57.00,1.00,-100.00,-10.00,103.00,178.00,252.00,73.00,-22.00,18.00,-183.00,-165.00,-62.00,-81.00,-19.00,-122.00,-126.00,23.00,93.00,160.00,212.00,66.00,114.00,121.00,-195.00,-230.00,-214.00,-139.00,0.00,53.00,14.00,-94.00,38.00,66.00,-30.00,73.00,125.00,141.00,216.00,153.00,62.00,33.00,-29.00,-64.00,-246.00,-60.00,-90.00,-258.00,228.00,116.00,82.00,-106.00,-68.00,-57.00,-367.00,-66.00,-3.00,-36.00,-12.00,7.00,-17.00,35.00,54.00,32.00,204.00,165.00,90.00,69.00,13.00,72.00,17.00,5.00,-39.00,-61.00,-174.00,-125.00,17.00,-100.00,0.00
0.00,8.00,16.00,1.00,7.00,163.00,-142.00,-151.00,77.00,20.00,58.00,-7.00,-95.00,-17.00,4.00,-103.00,8.00,61.00,3.00,5.00,57.00,33.00,-108.00,-196.00,103.00,241.00,-87.00,-189.00,-32.00,-21.00,-60.00,0.00,6.00,-10.00,282.00,57.00,-279.00,-47.00,178.00,2.00,-182.00,-8.00,-12.00,67.00,221.00,159.00,-19.00,-2.00,-25.00,-405.00,-74.00,256.00,2.00,-27.00,7.00,36.00,11.00,31.00,20.00,42.00,-14.00,-27.00,-33.00,-68.00,-20.00,-76.00,-143.00,-55.00,-19.00,-13.00,16.00,-45.00,-21.00,49.00,10.00,116.00,81.00,-122.00,96.00,-54.00,-175.00,159.00,150.00,105.00,54.00,-19.00,32.00,42.00,1.00,-1.00,8.00,-27.00,-41.00,-2.00,-4.00,6.00,16.00,6.00,-3.00,-14.00,-13.00,11.00,15.00,13.00,-13.00,-15.00,8.00,-6.00,204.00,105.00,-80.00,-15.00,-116.00,-54.00,12.00,-13.00,-30.00,-39.00,-88.00,-26.00,24.00,51.00,-10.00,-275.00,-82.00,120.00,105.00,109.00,67.00,173.00,168.00,-5.00,-54.00,-234.00,-277.00,-67.00,-61.00,-83.00,-3.00,49.00,27.00,67.00,125.00,249.00,224.00,48.00,-37.00,-202.00,-257.00,-163.00,-83.00,-33.00,-70.00,30.00,76.00,-18.00,0.00,6.00,43.00,116.00,194.00,207.00,137.00,71.00,61.00,-51.00,-162.00,-193.00,-223.00,-15.00,96.00,307.00,-130.00,-174.00,-8.00,-333.00,-82.00,-10.00,-53.00,-24.00,4.00,-1.00,13.00,5.00,28.00,53.00,82.00,145.00,49.00,48.00,140.00,75.00,52.00,6.00,-19.00,-75.00,-19.00,33.00,-158.00,0.00
0.00,26.00,37.00,6.00,-8.00,187.00,-128.00,-163.00,129.00,20.00,-23.00,-53.00,-41.00,19.00,5.00,-67.00,-46.00,24.00,27.00,7.00,68.00,40.00,36.00,-194.00,-96.00,258.00,68.00,-215.00,-204.00,-11.00,20.00,-19.00,-19.00,12.00,259.00,51.00,-250.00,-56.00,78.00,84.00,-89.00,-85.00,-7.00,-12.00,158.00,281.00,107.00,-54.00,-16.00,-398.00,-129.00,272.00,-37.00,-36.00,14.00,74.00,12.00,-38.00,-28.00,92.00,73.00,-42.00,30.00,-72.00,-98.00,22.00,-105.00,-148.00,-49.00,-35.00,-1.00,-8.00,9.00,32.00,0.00,69.00,50.00,-44.00,31.00,-42.00,-41.00,159.00,83.00,65.00,112.00,-5.00,-32.00,-3.00,-26.00,-50.00,21.00,44.00,-14.00,7.00,-12.00,2.00,27.00,8.00,6.00,-3.00,-19.00,1.00,7.00,8.00,-9.00,-16.00,12.00,-14.00,203.00,113.00,-67.00,69.00,-44.00,-194.00,13.00,78.00,-24.00,-17.00,-155.00,-48.00,33.00,16.00,34.00,-326.00,-200.00,137.00,126.00,39.00,-56.00,93.00,166.00,221.00,181.00,-173.00,-268.00,-73.00,-132.00,-147.00,1.00,8.00,-23.00,6.00,107.00,110.00,87.00,217.00,231.00,38.00,-119.00,-176.00,-241.00,-188.00,-153.00,-5.00,97.00,-6.00,-9.00,2.00,-14.00,7.00,136.00,140.00,85.00,156.00,161.00,79.00,-17.00,-40.00,-169.00,-157.00,50.00,226.00,-220.00,-151.00,20.00,-300.00,-93.00,-10.00,-50.00,-14.00,31.00,16.00,13.00,0.00,31.00,-13.00,14.00,55.00,10.00,18.00,71.00,79.00,131.00,74.00,22.00,60.00,24.00,27.00,-66.00,0.00
0.00,40.00,82.00,26.00,-31.00,182.00,-136.00,-147.00,197.00,25.00,-84.00,-89.00,-15.00,23.00,33.00,-23.00,-109.00,0.00,66.00,7.00,39.00,32.00,104.00,-172.00,-174.00,246.00,41.00,-214.00,-140.00,-12.00,3.00,-18.00,-13.00,14.00,84.00,100.00,-76.00,-94.00,-11.00,152.00,-2.00,-164.00,-2.00,-7.00,31.00,209.00,231.00,13.00,-59.00,-337.00,-115.00,212.00,-33.00,-29.00,14.00,53.00,94.00,-81.00,-121.00,92.00,122.00,52.00,29.00,-71.00,-90.00,-37.00,-70.00,-144.00,-103.00,-34.00,-11.00,24.00,22.00,17.00,36.00,59.00,-2.00,-11.00,-56.00,-54.00,76.00,133.00,42.00,29.00,102.00,41.00,-64.00,-31.00,-22.00,-49.00,23.00,68.00,44.00,13.00,-4.00,1.00,25.00,12.00,2.00,4.00,-11.00,-8.00,-13.00,-5.00,-5.00,-8.00,18.00,2.00,200.00,98.00,-141.00,50.00,100.00,-90.00,-24.00,-59.00,-71.00,-54.00,-97.00,32.00,-26.00,18.00,91.00,-169.00,-222.00,-61.00,113.00,55.00,-133.00,33.00,88.00,175.00,236.00,51.00,11.00,20.00,-202.00,-207.00,-105.00,-99.00,-29.00,13.00,103.00,-8.00,-49.00,97.00,245.00,214.00,71.00,60.00,-96.00,-222.00,-304.00,-118.00,42.00,-38.00,8.00,13.00,-19.00,-1.00,67.00,39.00,-6.00,177.00,152.00,-11.00,136.00,151.00,9.00,-70.00,-88.00,30.00,-253.00,-78.00,32.00,-313.00,-120.00,24.00,-48.00,-5.00,94.00,21.00,-7.00,2.00,38.00,25.00,-5.00,-86.00,-6.00,19.00,-29.00,-31.00,94.00,141.00,71.00,163.00,43.00,39.00,55.00,0.00
0.00,2.00,109.00,84.00,-29.00,106.00,-117.00,-81.00,192.00,4.00,-80.00,-58.00,-18.00,32.00,19.00,-25.00,-105.00,-14.00,61.00,0.00,21.00,39.00,88.00,-78.00,-58.00,104.00,-149.00,-89.00,4.00,-88.00,-15.00,-9.00,-9.00,9.00,3.00,105.00,1.00,-79.00,1.00,54.00,32.00,-84.00,-37.00,-8.00,-24.00,155.00,296.00,107.00,-76.00,-353.00,-88.00,168.00,-45.00,4.00,1.00,-9.00,54.00,-47.00,-34.00,42.00,75.00,140.00,-10.00,-30.00,-8.00,-136.00,-126.00,-80.00,-79.00,-103.00,-15.00,47.00,12.00,59.00,65.00,8.00,-39.00,-7.00,-117.00,-53.00,146.00,139.00,44.00,2.00,34.00,18.00,-43.00,-33.00,-15.00,5.00,19.00,65.00,91.00,20.00,9.00,-21.00,18.00,40.00,1.00,4.00,-6.00,-18.00,-35.00,1.00,3.00,-11.00,19.00,29.00,198.00,78.00,-305.00,-19.00,222.00,64.00,27.00,-92.00,-86.00,-191.00,-94.00,123.00,-33.00,25.00,97.00,92.00,-47.00,-297.00,-58.00,0.00,-193.00,41.00,107.00,57.00,71.00,77.00,233.00,199.00,-8.00,-90.00,-273.00,-213.00,-56.00,-48.00,90.00,10.00,-75.00,-39.00,58.00,107.00,126.00,226.00,136.00,29.00,-191.00,-167.00,-105.00,-162.00,-20.00,-15.00,-8.00,1.00,15.00,23.00,-16.00,140.00,60.00,-101.00,141.00,130.00,145.00,71.00,-86.00,-15.00,-231.00,-28.00,-5.00,-332.00,-149.00,35.00,-31.00,6.00,112.00,-14.00,-43.00,8.00,32.00,66.00,21.00,-148.00,13.00,34.00,-48.00,-46.00,-22.00,142.00,45.00,151.00,83.00,98.00,147.00,0.00
0.00,42.00,68.00,150.00,28.00,-20.00,9.00,15.00,122.00,-13.00,-71.00,2.00,-19.00,69.00,-8.00,-39.00,-86.00,-43.00,16.00,-13.00,38.00,70.00,83.00,83.00,-18.00,-176.00,-192.00,72.00,45.00,-147.00,-8.00,-9.00,-22.00,8.00,9.00,32.00,59.00,-10.00,-53.00,-22.00,64.00,-6.00,-70.00,-9.00,-18.00,286.00,380.00,80.00,-69.00,-409.00,-82.00,168.00,-135.00,-35.00,-1.00,-20.00,-44.00,-39.00,129.00,45.00,-18.00,106.00,8.00,19.00,-8.00,-125.00,-144.00,-52.00,-3.00,-183.00,-62.00,57.00,20.00,90.00,39.00,-62.00,-63.00,-32.00,-136.00,12.00,187.00,130.00,49.00,-7.00,3.00,-11.00,-20.00,-3.00,-1.00,15.00,13.00,92.00,110.00,26.00,-4.00,-60.00,27.00,72.00,5.00,-2.00,-16.00,-32.00,-37.00,9.00,7.00,-15.00,1.00,41.00,212.00,81.00,-386.00,-80.00,201.00,89.00,128.00,10.00,-28.00,-220.00,-151.00,48.00,-26.00,21.00,71.00,137.00,110.00,-114.00,-137.00,-78.00,-293.00,-80.00,113.00,7.00,-19.00,-22.00,188.00,257.00,207.00,121.00,-175.00,-178.00,-149.00,-207.00,37.00,96.00,-62.00,-112.00,-71.00,-7.00,63.00,125.00,163.00,246.00,91.00,5.00,-93.00,-195.00,-135.00,-135.00,-18.00,-11.00,-16.00,9.00,9.00,87.00,7.00,-95.00,73.00,51.00,99.00,81.00,161.00,23.00,-256.00,50.00,-89.00,-322.00,-157.00,-10.00,-17.00,7.00,84.00,-15.00,-48.00,-12.00,-8.00,68.00,78.00,-112.00,39.00,-13.00,-68.00,72.00,-69.00,68.00,22.00,74.00,118.00,98.00,117.00,0.00
0.00,179.00,124.00,111.00,-21.00,-37.00,211.00,31.00,17.00,10.00,-81.00,31.00,-12.00,62.00,42.00,-43.00,-135.00,-45.00,36.00,-7.00,18.00,74.00,67.00,162.00,-163.00,-339.00,-26.00,93.00,25.00,-82.00,-5.00,-18.00,-21.00,8.00,11.00,-5.00,192.00,22.00,-184.00,-13.00,26.00,-9.00,-31.00,-4.00,-20.00,249.00,435.00,167.00,-42.00,-420.00,-175.00,274.00,-139.00,-173.00,32.00,-7.00,-69.00,-58.00,165.00,85.00,-103.00,16.00,93.00,55.00,-74.00,-46.00,-86.00,-128.00,41.00,-49.00,-127.00,-3.00,55.00,37.00,19.00,-14.00,-32.00,-71.00,-124.00,51.00,160.00,81.00,19.00,-26.00,-7.00,-30.00,-13.00,29.00,4.00,4.00,19.00,83.00,87.00,76.00,20.00,-19.00,12.00,9.00,-9.00,-28.00,0.00,13.00,-33.00,-36.00,6.00,-5.00,5.00,33.00,213.00,107.00,-364.00,-125.00,122.00,42.00,151.00,80.00,52.00,-63.00,-129.00,-94.00,-127.00,-19.00,72.00,-57.00,41.00,277.00,105.00,-32.00,-346.00,-309.00,-35.00,1.00,7.00,-93.00,111.00,212.00,161.00,191.00,74.00,35.00,-119.00,-252.00,-100.00,14.00,-54.00,-133.00,-63.00,3.00,-22.00,-8.00,98.00,188.00,184.00,213.00,132.00,-27.00,-182.00,-193.00,-112.00,-124.00,-66.00,-18.00,37.00,43.00,-3.00,-46.00,15.00,18.00,38.00,70.00,298.00,3.00,-254.00,133.00,-81.00,-239.00,-143.00,-106.00,-61.00,-32.00,69.00,30.00,-17.00,-28.00,-29.00,53.00,116.00,-78.00,8.00,-56.00,-123.00,145.00,-23.00,11.00,25.00,38.00,130.00,-3.00,-9.00,0.00
0.00,239.00,315.00,35.00,-157.00,48.00,246.00,-67.00,-44.00,42.00,-103.00,55.00,11.00,-84.00,-29.00,13.00,-47.00,3.00,38.00,13.00,-25.00,47.00,59.00,123.00,-250.00,-216.00,182.00,86.00,18.00,-140.00,-107.00,-18.00,-19.00,-3.00,16.00,7.00,191.00,94.00,-187.00,-91.00,-3.00,-12.00,2.00,4.00,-19.00,-9.00,425.00,426.00,-9.00,-398.00,-288.00,261.00,-2.00,-181.00,-2.00,11.00,-56.00,-60.00,81.00,101.00,-86.00,-29.00,110.00,-15.00,-154.00,22.00,23.00,-135.00,-37.00,90.00,-5.00,-69.00,20.00,0.00,42.00,55.00,-5.00,-58.00,-70.00,-17.00,51.00,50.00,5.00,-26.00,-50.00,-57.00,27.00,50.00,24.00,13.00,6.00,54.00,44.00,126.00,94.00,48.00,-16.00,-60.00,-41.00,-71.00,24.00,74.00,-25.00,-73.00,-12.00,7.00,25.00,11.00,207.00,115.00,-335.00,-138.00,105.00,26.00,79.00,51.00,94.00,90.00,-39.00,-100.00,-197.00,-78.00,44.00,-242.00,-105.00,361.00,289.00,121.00,-130.00,-322.00,-186.00,-88.00,-128.00,-166.00,129.00,231.00,55.00,82.00,110.00,194.00,133.00,-20.00,-226.00,-221.00,-62.00,-92.00,-52.00,13.00,-39.00,-67.00,54.00,84.00,169.00,214.00,154.00,132.00,20.00,-31.00,-164.00,-209.00,-165.00,-133.00,13.00,26.00,9.00,-7.00,-24.00,11.00,43.00,179.00,187.00,-146.00,-173.00,179.00,52.00,-103.00,-69.00,-137.00,-141.00,-120.00,3.00,35.00,29.00,-26.00,-2.00,95.00,75.00,-109.00,-27.00,-70.00,-131.00,59.00,-8.00,30.00,61.00,69.00,85.00,-48.00,-78.00,0.00
0.00,134.00,345.00,72.00,-78.00,119.00,96.00,-178.00,-71.00,53.00,-118.00,9.00,35.00,-164.00,-181.00,66.00,35.00,47.00,94.00,45.00,-33.00,0.00,64.00,67.00,-129.00,13.00,258.00,126.00,27.00,-320.00,-297.00,-9.00,-26.00,-12.00,22.00,12.00,57.00,255.00,-56.00,-256.00,1.00,-11.00,-8.00,3.00,-8.00,-106.00,369.00,527.00,40.00,-191.00,-345.00,-114.00,207.00,0.00,-153.00,4.00,-42.00,-64.00,16.00,85.00,37.00,-50.00,-6.00,-85.00,-144.00,-11.00,70.00,50.00,-87.00,18.00,118.00,21.00,-108.00,-67.00,63.00,-9.00,-87.00,-78.00,-9.00,-23.00,25.00,86.00,45.00,2.00,-106.00,-5.00,148.00,-3.00,29.00,55.00,-74.00,21.00,65.00,124.00,113.00,21.00,-15.00,-21.00,-52.00,-77.00,11.00,43.00,-2.00,-29.00,-35.00,2.00,21.00,-13.00,235.00,139.00,-309.00,-106.00,56.00,-19.00,45.00,3.00,54.00,109.00,86.00,25.00,-104.00,-77.00,-31.00,-371.00,-220.00,198.00,245.00,200.00,143.00,28.00,-109.00,-236.00,-381.00,-279.00,102.00,244.00,37.00,3.00,29.00,153.00,293.00,173.00,-181.00,-159.00,-10.00,-110.00,-152.00,-51.00,-28.00,-98.00,21.00,51.00,178.00,98.00,-38.00,137.00,197.00,161.00,14.00,-58.00,-185.00,-220.00,-116.00,-110.00,-7.00,27.00,-48.00,20.00,68.00,306.00,43.00,-306.00,-98.00,198.00,157.00,-45.00,23.00,-38.00,-124.00,-145.00,-102.00,-36.00,38.00,-32.00,40.00,116.00,7.00,-147.00,-61.00,-40.00,-77.00,-64.00,-67.00,11.00,103.00,146.00,43.00,-33.00,-75.00,0.00
0.00,44.00,184.00,100.00,48.00,195.00,96.00,-225.00,-112.00,60.00,-157.00,-121.00,73.00,-63.00,-123.00,28.00,-42.00,90.00,169.00,45.00,-1.00,-15.00,41.00,45.00,48.00,-3.00,154.00,249.00,36.00,-377.00,-388.00,-6.00,-25.00,-13.00,15.00,3.00,-11.00,263.00,0.00,-254.00,13.00,-4.00,-16.00,-9.00,-3.00,-31.00,207.00,457.00,205.00,-24.00,-312.00,-384.00,156.00,199.00,-164.00,-96.00,-7.00,-61.00,-7.00,37.00,100.00,7.00,-135.00,-69.00,-23.00,-114.00,20.00,190.00,20.00,-49.00,32.00,133.00,-163.00,-159.00,16.00,-124.00,-104.00,-94.00,16.00,21.00,33.00,202.00,174.00,13.00,-250.00,-40.00,203.00,-82.00,47.00,91.00,-113.00,-17.00,82.00,92.00,92.00,-5.00,-24.00,11.00,-22.00,-37.00,1.00,1.00,5.00,10.00,-24.00,-11.00,7.00,-13.00,284.00,199.00,-291.00,-153.00,-58.00,-55.00,67.00,15.00,10.00,47.00,136.00,109.00,62.00,15.00,-14.00,-441.00,-340.00,108.00,213.00,62.00,81.00,275.00,117.00,-43.00,-324.00,-391.00,-121.00,120.00,42.00,23.00,7.00,84.00,270.00,142.00,-95.00,74.00,170.00,-46.00,-225.00,-149.00,-127.00,-138.00,3.00,17.00,185.00,38.00,-127.00,46.00,101.00,177.00,182.00,130.00,12.00,-60.00,-171.00,-234.00,-115.00,-67.00,-83.00,40.00,88.00,263.00,-7.00,-272.00,-78.00,198.00,141.00,-86.00,95.00,64.00,-43.00,-70.00,-119.00,-81.00,-44.00,-102.00,48.00,120.00,43.00,-150.00,-121.00,-15.00,-33.00,-95.00,-107.00,-42.00,52.00,187.00,82.00,-14.00,-80.00,0.00
0.00,23.00,59.00,60.00,27.00,272.00,180.00,-220.00,-79.00,57.00,-197.00,-164.00,76.00,-33.00,-39.00,54.00,55.00,68.00,63.00,51.00,27.00,5.00,18.00,29.00,97.00,-182.00,95.00,399.00,48.00,-264.00,-398.00,-98.00,-8.00,-20.00,-7.00,-2.00,-6.00,100.00,-8.00,-79.00,24.00,-3.00,-13.00,-13.00,-12.00,-5.00,90.00,413.00,307.00,-16.00,-175.00,-384.00,-147.00,226.00,64.00,-120.00,-35.00,-33.00,-33.00,-13.00,61.00,132.00,-136.00,-119.00,67.00,-130.00,-2.00,181.00,40.00,-54.00,-9.00,87.00,-76.00,-127.00,-51.00,-100.00,-55.00,-89.00,-25.00,113.00,43.00,144.00,211.00,83.00,-297.00,-245.00,57.00,-37.00,89.00,59.00,-31.00,3.00,33.00,41.00,66.00,26.00,-8.00,3.00,1.00,-15.00,-3.00,4.00,2.00,12.00,0.00,-10.00,-34.00,-31.00,343.00,253.00,-300.00,-266.00,-95.00,5.00,72.00,36.00,9.00,9.00,56.00,58.00,148.00,153.00,87.00,-401.00,-379.00,35.00,208.00,-85.00,-201.00,179.00,260.00,346.00,58.00,-290.00,-304.00,-117.00,-97.00,-21.00,5.00,88.00,312.00,84.00,-124.00,71.00,243.00,194.00,-35.00,-128.00,-276.00,-177.00,-54.00,-82.00,190.00,20.00,-149.00,-9.00,6.00,77.00,99.00,141.00,181.00,117.00,30.00,-31.00,-177.00,-227.00,-179.00,-30.00,63.00,105.00,15.00,-99.00,-104.00,180.00,64.00,-148.00,124.00,85.00,41.00,11.00,-47.00,-8.00,-89.00,-151.00,-63.00,32.00,98.00,-98.00,-119.00,-54.00,-22.00,-82.00,-130.00,-42.00,6.00,186.00,140.00,5.00,-98.00,0.00
0.00,21.00,17.00,20.00,-5.00,280.00,146.00,-198.00,4.00,55.00,-187.00,-85.00,32.00,-55.00,-44.00,54.00,180.00,13.00,-6.00,87.00,26.00,6.00,1.00,4.00,41.00,-152.00,139.00,344.00,74.00,-67.00,-411.00,-295.00,2.00,-22.00,-18.00,25.00,18.00,-3.00,10.00,6.00,-9.00,-7.00,-4.00,34.00,-17.00,-88.00,157.00,355.00,143.00,-65.00,-45.00,-240.00,-242.00,76.00,279.00,0.00,-182.00,22.00,-31.00,-35.00,18.00,116.00,-25.00,-96.00,69.00,-80.00,-44.00,98.00,-28.00,-57.00,7.00,20.00,51.00,-10.00,-107.00,-74.00,-37.00,-105.00,-85.00,174.00,123.00,-93.00,-19.00,170.00,-97.00,-233.00,-25.00,9.00,52.00,16.00,32.00,20.00,52.00,35.00,-19.00,44.00,37.00,-30.00,0.00,19.00,-3.00,9.00,2.00,13.00,12.00,-1.00,-121.00,-118.00,419.00,329.00,-279.00,-275.00,-63.00,50.00,41.00,20.00,-14.00,45.00,94.00,-39.00,4.00,165.00,207.00,-146.00,-345.00,-199.00,175.00,-9.00,-356.00,30.00,205.00,345.00,246.00,23.00,-57.00,-181.00,-314.00,-258.00,-79.00,125.00,410.00,70.00,-168.00,-17.00,100.00,273.00,160.00,52.00,-124.00,-94.00,-176.00,-285.00,135.00,0.00,-174.00,9.00,21.00,30.00,-13.00,44.00,108.00,102.00,231.00,243.00,-16.00,-149.00,-210.00,-202.00,0.00,4.00,-48.00,80.00,-128.00,87.00,19.00,-155.00,98.00,24.00,108.00,34.00,3.00,84.00,-14.00,-80.00,-143.00,-78.00,-15.00,-92.00,-45.00,-123.00,-38.00,-5.00,-137.00,-64.00,6.00,178.00,178.00,-27.00,-92.00,0.00
0.00,28.00,8.00,0.00,-10.00,260.00,108.00,-188.00,36.00,62.00,-176.00,-26.00,12.00,-40.00,-28.00,-8.00,162.00,8.00,26.00,98.00,20.00,0.00,-14.00,-6.00,2.00,-48.00,162.00,236.00,92.00,30.00,-414.00,-400.00,0.00,-18.00,-16.00,48.00,36.00,-20.00,26.00,4.00,-40.00,-8.00,0.00,78.00,-16.00,-148.00,224.00,294.00,2.00,-116.00,2.00,-112.00,-190.00,-14.00,342.00,64.00,-270.00,58.00,-20.00,-36.00,8.00,48.00,36.00,-28.00,62.00,-56.00,-96.00,46.00,-44.00,-52.00,-6.00,14.00,102.00,56.00,-140.00,-122.00,-28.00,-106.00,-98.00,150.00,174.00,-188.00,-188.00,182.00,34.00,-116.00,8.00,0.00,4.00,6.00,34.00,6.00,102.00,58.00,-84.00,42.00,54.00,-62.00,-2.00,54.00,4.00,10.00,0.00,12.00,16.00,2.00,-172.00,-178.00,460.00,382.00,-246.00,-242.00,-58.00,50.00,22.00,2.00,-38.00,84.00,186.00,-80.00,-136.00,110.00,268.00,52.00,-324.00,-358.00,152.00,88.00,-370.00,-18.00,126.00,196.00,220.00,198.00,196.00,-114.00,-394.00,-432.00,-160.00,150.00,446.00,66.00,-172.00,-32.00,-2.00,210.00,186.00,176.00,68.00,-12.00,-238.00,-406.00,78.00,-10.00,-178.00,28.00,30.00,40.00,-30.00,-14.00,22.00,58.00,266.00,322.00,124.00,-26.00,-170.00,-292.00,-32.00,-20.00,-132.00,166.00,-130.00,10.00,12.00,-136.00,82.00,-24.00,120.00,22.00,12.00,116.00,40.00,-22.00,-128.00,-88.00,-126.00,-128.00,-4.00,-160.00,-54.00,64.00,-126.00,-100.00,2.00,172.00,196.00,-60.00,-82.00,0.00
